"시각","장치","EDID"
"2026-09-08 11:56:21.831","DISPLAY\SAM79DF\7&16b8ddb4&0&UID260","SAM79DF"
"2026-09-08 11:58:37.937","DISPLAY\SAM79DF\7&16b8ddb4&0&UID260","SAM79DF"
"2026-09-08 12:13:38.262","DISPLAY\SAM79DF\7&16b8ddb4&0&UID260","SAM79DF"
"2026-09-08 13:32:05.147","DISPLAY\SAM79DF\7&16b8ddb4&0&UID260","SAM79DF"
"2026-09-08 14:59:32.622","DISPLAY\SAM79DF\7&16b8ddb4&0&UID260","SAM79DF"
"2026-09-08 19:19:46.999","DISPLAY\LHC2701\7&16b8ddb4&0&UID256","LHC2701"
"2026-09-08 19:21:04.263","DISPLAY\SAM79DF\7&16b8ddb4&0&UID260","SAM79DF"
"2026-09-08 19:43:17.406","DISPLAY\SAM79DF\7&16b8ddb4&0&UID260","SAM79DF"
"2026-09-08 20:05:24.541","DISPLAY\SAM79DF\7&16b8ddb4&0&UID260","SAM79DF"
"2026-09-08 21:59:49.350","DISPLAY\SAM7B0C\7&16b8ddb4&0&UID256","SAM7B0C"
"2026-09-08 22:02:11.232","DISPLAY\SAM7B0C\7&16b8ddb4&0&UID256","SAM7B0C"
"2026-09-08 22:05:58.901","DISPLAY\SAM7B0C\7&16b8ddb4&0&UID256","SAM7B0C"
"2026-09-08 22:06:49.513","DISPLAY\SAM7B0C\7&16b8ddb4&0&UID260","SAM7B0C"
"2026-09-08 22:07:44.158","DISPLAY\SAM7B0C\7&16b8ddb4&0&UID260","SAM7B0C"
"2026-09-08 22:10:36.763","DISPLAY\SAM79DF\7&16b8ddb4&0&UID256","SAM79DF"
"2026-09-08 22:11:42.386","DISPLAY\SAM79DF\7&16b8ddb4&0&UID256","SAM79DF"
"2026-09-08 23:24:26.546","DISPLAY\SAM79DF\7&16b8ddb4&0&UID256","SAM79DF"
"2026-09-08 23:25:06.816","DISPLAY\SAM79DF\7&16b8ddb4&0&UID256","SAM79DF"
"2026-09-09 12:41:32.009","DISPLAY\SAM79DF\7&16b8ddb4&0&UID256","SAM79DF"
"2026-09-09 12:41:32.418","DISPLAY\SAM7B0C\7&16b8ddb4&0&UID260","SAM7B0C"
"2026-09-09 12:42:15.702","DISPLAY\SAM7B0C\7&16b8ddb4&0&UID260","SAM7B0C"
"2026-09-09 12:42:15.942","DISPLAY\Default_Monitor\7&16b8ddb4&0&UID260","Default_Monitor"
"2026-09-09 12:42:54.721","DISPLAY\SAM7B0C\7&16b8ddb4&0&UID260","SAM7B0C"
"2026-09-09 12:42:55.147","DISPLAY\Default_Monitor\7&16b8ddb4&0&UID260","Default_Monitor"
"2026-09-09 12:43:53.254","DISPLAY\SAM7B0C\7&16b8ddb4&0&UID260","SAM7B0C"
"2026-09-09 12:43:53.524","DISPLAY\Default_Monitor\7&16b8ddb4&0&UID260","Default_Monitor"
"2026-09-09 12:44:23.638","DISPLAY\SAM79DF\7&16b8ddb4&0&UID256","SAM79DF"
"2026-09-09 14:01:10.511","DISPLAY\SAM79DF\7&16b8ddb4&0&UID256","SAM79DF"
"2026-09-09 14:01:10.920","DISPLAY\SAM7B0C\7&16b8ddb4&0&UID260","SAM7B0C"
"2026-09-09 14:01:54.270","DISPLAY\SAM7B0C\7&16b8ddb4&0&UID260","SAM7B0C"
"2026-09-09 14:01:54.711","DISPLAY\Default_Monitor\7&16b8ddb4&0&UID260","Default_Monitor"
"2026-09-09 14:02:38.354","DISPLAY\SAM7B0C\7&16b8ddb4&0&UID260","SAM7B0C"
"2026-09-09 14:02:38.762","DISPLAY\Default_Monitor\7&16b8ddb4&0&UID260","Default_Monitor"
"2026-09-09 14:03:24.359","DISPLAY\SAM7B0C\7&16b8ddb4&0&UID260","SAM7B0C"
"2026-09-09 14:03:24.764","DISPLAY\Default_Monitor\7&16b8ddb4&0&UID260","Default_Monitor"
"2026-09-09 14:04:18.380","DISPLAY\SAM7B0C\7&16b8ddb4&0&UID260","SAM7B0C"
"2026-09-09 14:04:18.821","DISPLAY\Default_Monitor\7&16b8ddb4&0&UID260","Default_Monitor"
"2026-09-09 14:05:16.348","DISPLAY\SAM7B0C\7&16b8ddb4&0&UID260","SAM7B0C"
"2026-09-09 14:05:16.635","DISPLAY\Default_Monitor\7&16b8ddb4&0&UID260","Default_Monitor"
"2026-09-09 14:06:01.910","DISPLAY\SAM7B0C\7&16b8ddb4&0&UID260","SAM7B0C"
"2026-09-09 14:06:02.148","DISPLAY\Default_Monitor\7&16b8ddb4&0&UID260","Default_Monitor"
"2026-09-09 14:06:46.436","DISPLAY\SAM7B0C\7&16b8ddb4&0&UID260","SAM7B0C"
"2026-09-09 14:06:46.824","DISPLAY\Default_Monitor\7&16b8ddb4&0&UID260","Default_Monitor"
"2026-09-09 14:07:31.974","DISPLAY\SAM7B0C\7&16b8ddb4&0&UID260","SAM7B0C"
"2026-09-09 14:07:32.417","DISPLAY\Default_Monitor\7&16b8ddb4&0&UID260","Default_Monitor"
"2026-09-09 14:08:42.433","DISPLAY\SAM7B0C\7&16b8ddb4&0&UID260","SAM7B0C"
"2026-09-09 14:08:42.704","DISPLAY\Default_Monitor\7&16b8ddb4&0&UID260","Default_Monitor"
"2026-09-09 14:09:25.989","DISPLAY\SAM7B0C\7&16b8ddb4&0&UID260","SAM7B0C"
"2026-09-09 14:09:26.380","DISPLAY\Default_Monitor\7&16b8ddb4&0&UID260","Default_Monitor"
"2026-09-09 14:10:08.436","DISPLAY\SAM7B0C\7&16b8ddb4&0&UID260","SAM7B0C"
"2026-09-09 14:10:08.756","DISPLAY\Default_Monitor\7&16b8ddb4&0&UID260","Default_Monitor"
"2026-09-09 14:11:26.870","DISPLAY\SAM7B0C\7&16b8ddb4&0&UID260","SAM7B0C"
"2026-09-09 14:11:27.144","DISPLAY\Default_Monitor\7&16b8ddb4&0&UID260","Default_Monitor"
"2026-09-09 14:12:46.397","DISPLAY\SAM7B0C\7&16b8ddb4&0&UID260","SAM7B0C"
"2026-09-09 14:12:46.718","DISPLAY\Default_Monitor\7&16b8ddb4&0&UID260","Default_Monitor"
"2026-09-09 14:13:40.482","DISPLAY\SAM7B0C\7&16b8ddb4&0&UID260","SAM7B0C"
"2026-09-09 14:13:40.737","DISPLAY\Default_Monitor\7&16b8ddb4&0&UID260","Default_Monitor"
"2026-09-09 14:14:30.001","DISPLAY\SAM7B0C\7&16b8ddb4&0&UID260","SAM7B0C"
"2026-09-09 14:14:30.389","DISPLAY\Default_Monitor\7&16b8ddb4&0&UID260","Default_Monitor"
"2026-09-09 14:15:11.218","DISPLAY\SAM7B0C\7&16b8ddb4&0&UID260","SAM7B0C"
"2026-09-09 14:15:11.623","DISPLAY\Default_Monitor\7&16b8ddb4&0&UID260","Default_Monitor"
"2026-09-09 14:16:07.003","DISPLAY\SAM7B0C\7&16b8ddb4&0&UID260","SAM7B0C"
"2026-09-09 14:16:07.391","DISPLAY\Default_Monitor\7&16b8ddb4&0&UID260","Default_Monitor"
"2026-09-09 14:16:50.579","DISPLAY\SAM7B0C\7&16b8ddb4&0&UID260","SAM7B0C"
"2026-09-09 14:16:50.816","DISPLAY\Default_Monitor\7&16b8ddb4&0&UID260","Default_Monitor"
"2026-09-09 14:17:37.809","DISPLAY\SAM79DF\7&16b8ddb4&0&UID256","SAM79DF"
"2026-09-09 14:17:37.810","DISPLAY\SAM7B0C\7&16b8ddb4&0&UID260","SAM7B0C"
"2026-09-09 14:34:54.725","DISPLAY\SAM79DF\7&16b8ddb4&0&UID256","SAM79DF"
"2026-09-09 14:35:27.839","DISPLAY\SAM7B0C\7&16b8ddb4&0&UID260","SAM7B0C"
"2026-09-09 14:36:08.573","DISPLAY\SAM7B0C\7&16b8ddb4&0&UID260","SAM7B0C"
"2026-09-09 14:36:08.961","DISPLAY\Default_Monitor\7&16b8ddb4&0&UID260","Default_Monitor"
"2026-09-09 14:36:46.532","DISPLAY\SAM7B0C\7&16b8ddb4&0&UID260","SAM7B0C"
"2026-09-09 14:36:46.869","DISPLAY\Default_Monitor\7&16b8ddb4&0&UID260","Default_Monitor"
"2026-09-09 14:37:26.143","DISPLAY\SAM7B0C\7&16b8ddb4&0&UID260","SAM7B0C"
"2026-09-09 14:37:26.582","DISPLAY\Default_Monitor\7&16b8ddb4&0&UID260","Default_Monitor"
"2026-09-09 14:38:16.634","DISPLAY\SAM7B0C\7&16b8ddb4&0&UID260","SAM7B0C"
"2026-09-09 14:38:17.071","DISPLAY\Default_Monitor\7&16b8ddb4&0&UID260","Default_Monitor"
"2026-09-09 14:38:55.656","DISPLAY\SAM7B0C\7&16b8ddb4&0&UID260","SAM7B0C"
"2026-09-09 14:38:55.910","DISPLAY\Default_Monitor\7&16b8ddb4&0&UID260","Default_Monitor"
"2026-09-09 14:39:56.656","DISPLAY\SAM7B0C\7&16b8ddb4&0&UID260","SAM7B0C"
"2026-09-09 14:39:57.045","DISPLAY\Default_Monitor\7&16b8ddb4&0&UID260","Default_Monitor"
"2026-09-09 14:40:50.637","DISPLAY\SAM7B0C\7&16b8ddb4&0&UID260","SAM7B0C"
"2026-09-09 14:40:51.041","DISPLAY\Default_Monitor\7&16b8ddb4&0&UID260","Default_Monitor"
"2026-09-09 14:41:50.731","DISPLAY\SAM7B0C\7&16b8ddb4&0&UID260","SAM7B0C"
"2026-09-09 14:41:51.134","DISPLAY\Default_Monitor\7&16b8ddb4&0&UID260","Default_Monitor"
"2026-09-09 14:42:44.721","DISPLAY\SAM7B0C\7&16b8ddb4&0&UID260","SAM7B0C"
"2026-09-09 14:42:45.028","DISPLAY\Default_Monitor\7&16b8ddb4&0&UID260","Default_Monitor"
"2026-09-09 14:43:34.456","DISPLAY\SAM7B0C\7&16b8ddb4&0&UID260","SAM7B0C"
"2026-09-09 14:43:34.860","DISPLAY\Default_Monitor\7&16b8ddb4&0&UID260","Default_Monitor"
"2026-09-09 14:44:18.073","DISPLAY\SAM7B0C\7&16b8ddb4&0&UID260","SAM7B0C"
"2026-09-09 14:44:18.314","DISPLAY\Default_Monitor\7&16b8ddb4&0&UID260","Default_Monitor"
"2026-09-09 14:44:59.726","DISPLAY\SAM7B0C\7&16b8ddb4&0&UID260","SAM7B0C"
"2026-09-09 14:45:00.116","DISPLAY\Default_Monitor\7&16b8ddb4&0&UID260","Default_Monitor"
"2026-09-09 14:45:58.331","DISPLAY\SAM7B0C\7&16b8ddb4&0&UID260","SAM7B0C"
"2026-09-09 14:45:58.569","DISPLAY\Default_Monitor\7&16b8ddb4&0&UID260","Default_Monitor"
"2026-09-09 14:46:42.230","DISPLAY\SAM7B0C\7&16b8ddb4&0&UID260","SAM7B0C"
"2026-09-09 14:46:42.484","DISPLAY\Default_Monitor\7&16b8ddb4&0&UID260","Default_Monitor"
"2026-09-09 14:47:42.186","DISPLAY\SAM7B0C\7&16b8ddb4&0&UID260","SAM7B0C"
"2026-09-09 14:47:42.459","DISPLAY\Default_Monitor\7&16b8ddb4&0&UID260","Default_Monitor"
"2026-09-09 14:48:26.173","DISPLAY\SAM7B0C\7&16b8ddb4&0&UID260","SAM7B0C"
"2026-09-09 14:48:26.611","DISPLAY\Default_Monitor\7&16b8ddb4&0&UID260","Default_Monitor"
"2026-09-09 14:49:04.198","DISPLAY\SAM7B0C\7&16b8ddb4&0&UID260","SAM7B0C"
"2026-09-09 14:49:04.453","DISPLAY\Default_Monitor\7&16b8ddb4&0&UID260","Default_Monitor"
"2026-09-09 14:49:44.729","DISPLAY\SAM7B0C\7&16b8ddb4&0&UID260","SAM7B0C"
"2026-09-09 14:49:44.968","DISPLAY\Default_Monitor\7&16b8ddb4&0&UID260","Default_Monitor"
"2026-09-09 14:50:38.773","DISPLAY\SAM7B0C\7&16b8ddb4&0&UID260","SAM7B0C"
"2026-09-09 14:50:39.030","DISPLAY\Default_Monitor\7&16b8ddb4&0&UID260","Default_Monitor"
"2026-09-09 14:51:28.581","DISPLAY\SAM7B0C\7&16b8ddb4&0&UID260","SAM7B0C"
"2026-09-09 14:51:28.837","DISPLAY\Default_Monitor\7&16b8ddb4&0&UID260","Default_Monitor"
"2026-09-09 14:52:43.231","DISPLAY\SAM7B0C\7&16b8ddb4&0&UID260","SAM7B0C"
"2026-09-09 14:52:43.623","DISPLAY\Default_Monitor\7&16b8ddb4&0&UID260","Default_Monitor"
"2026-09-09 14:53:37.225","DISPLAY\SAM7B0C\7&16b8ddb4&0&UID260","SAM7B0C"
"2026-09-09 14:53:37.531","DISPLAY\Default_Monitor\7&16b8ddb4&0&UID260","Default_Monitor"
"2026-09-09 14:54:46.705","DISPLAY\SAM7B0C\7&16b8ddb4&0&UID260","SAM7B0C"
"2026-09-09 14:54:47.129","DISPLAY\Default_Monitor\7&16b8ddb4&0&UID260","Default_Monitor"
"2026-09-09 14:55:30.240","DISPLAY\SAM7B0C\7&16b8ddb4&0&UID260","SAM7B0C"
"2026-09-09 14:55:30.645","DISPLAY\Default_Monitor\7&16b8ddb4&0&UID260","Default_Monitor"
"2026-09-09 14:56:16.845","DISPLAY\SAM7B0C\7&16b8ddb4&0&UID260","SAM7B0C"
"2026-09-09 14:56:17.249","DISPLAY\Default_Monitor\7&16b8ddb4&0&UID260","Default_Monitor"
"2026-09-09 14:57:00.275","DISPLAY\SAM7B0C\7&16b8ddb4&0&UID260","SAM7B0C"
"2026-09-09 14:57:00.713","DISPLAY\Default_Monitor\7&16b8ddb4&0&UID260","Default_Monitor"
"2026-09-09 14:58:10.792","DISPLAY\SAM7B0C\7&16b8ddb4&0&UID260","SAM7B0C"
"2026-09-09 14:58:11.028","DISPLAY\Default_Monitor\7&16b8ddb4&0&UID260","Default_Monitor"
"2026-09-09 14:59:04.820","DISPLAY\SAM7B0C\7&16b8ddb4&0&UID260","SAM7B0C"
"2026-09-09 14:59:05.226","DISPLAY\Default_Monitor\7&16b8ddb4&0&UID260","Default_Monitor"
"2026-09-09 14:59:54.868","DISPLAY\SAM7B0C\7&16b8ddb4&0&UID260","SAM7B0C"
"2026-09-09 14:59:55.272","DISPLAY\Default_Monitor\7&16b8ddb4&0&UID260","Default_Monitor"
"2026-09-09 15:00:46.800","DISPLAY\SAM7B0C\7&16b8ddb4&0&UID260","SAM7B0C"
"2026-09-09 15:00:47.039","DISPLAY\Default_Monitor\7&16b8ddb4&0&UID260","Default_Monitor"
"2026-09-09 15:01:27.820","DISPLAY\SAM7B0C\7&16b8ddb4&0&UID260","SAM7B0C"
"2026-09-09 15:01:28.077","DISPLAY\Default_Monitor\7&16b8ddb4&0&UID260","Default_Monitor"
"2026-09-09 15:02:16.750","DISPLAY\SAM7B0C\7&16b8ddb4&0&UID260","SAM7B0C"
"2026-09-09 15:02:17.191","DISPLAY\Default_Monitor\7&16b8ddb4&0&UID260","Default_Monitor"
"2026-09-09 15:02:59.279","DISPLAY\SAM7B0C\7&16b8ddb4&0&UID260","SAM7B0C"
"2026-09-09 15:02:59.718","DISPLAY\Default_Monitor\7&16b8ddb4&0&UID260","Default_Monitor"
"2026-09-09 15:03:46.765","DISPLAY\SAM7B0C\7&16b8ddb4&0&UID260","SAM7B0C"
"2026-09-09 15:03:47.038","DISPLAY\Default_Monitor\7&16b8ddb4&0&UID260","Default_Monitor"
"2026-09-09 15:04:28.224","DISPLAY\SAM7B0C\7&16b8ddb4&0&UID260","SAM7B0C"
"2026-09-09 15:04:28.462","DISPLAY\Default_Monitor\7&16b8ddb4&0&UID260","Default_Monitor"
"2026-09-09 15:05:16.784","DISPLAY\SAM7B0C\7&16b8ddb4&0&UID260","SAM7B0C"
"2026-09-09 15:05:17.040","DISPLAY\Default_Monitor\7&16b8ddb4&0&UID260","Default_Monitor"
"2026-09-09 15:05:58.872","DISPLAY\SAM7B0C\7&16b8ddb4&0&UID260","SAM7B0C"
"2026-09-09 15:05:59.210","DISPLAY\Default_Monitor\7&16b8ddb4&0&UID260","Default_Monitor"
"2026-09-09 15:06:46.580","DISPLAY\SAM7B0C\7&16b8ddb4&0&UID260","SAM7B0C"
"2026-09-09 15:06:46.868","DISPLAY\Default_Monitor\7&16b8ddb4&0&UID260","Default_Monitor"
"2026-09-09 15:07:25.680","DISPLAY\SAM7B0C\7&16b8ddb4&0&UID260","SAM7B0C"
"2026-09-09 15:07:26.084","DISPLAY\Default_Monitor\7&16b8ddb4&0&UID260","Default_Monitor"
"2026-09-09 15:08:16.837","DISPLAY\SAM7B0C\7&16b8ddb4&0&UID260","SAM7B0C"
"2026-09-09 15:08:17.078","DISPLAY\Default_Monitor\7&16b8ddb4&0&UID260","Default_Monitor"
"2026-09-09 15:08:59.049","DISPLAY\SAM79DF\7&16b8ddb4&0&UID256","SAM79DF"
"2026-09-09 15:08:59.139","DISPLAY\SAM7B0C\7&16b8ddb4&0&UID260","SAM7B0C"
"2026-09-09 15:24:23.926","DISPLAY\SAM79DF\7&16b8ddb4&0&UID256","SAM79DF"
"2026-09-09 15:24:50.683","DISPLAY\SAM7B0C\7&16b8ddb4&0&UID260","SAM7B0C"
"2026-09-09 15:25:47.883","DISPLAY\SAM7B0C\7&16b8ddb4&0&UID260","SAM7B0C"
"2026-09-09 15:25:48.154","DISPLAY\Default_Monitor\7&16b8ddb4&0&UID260","Default_Monitor"
"2026-09-09 15:26:55.048","DISPLAY\SAM7B0C\7&16b8ddb4&0&UID260","SAM7B0C"
"2026-09-09 15:26:55.352","DISPLAY\Default_Monitor\7&16b8ddb4&0&UID260","Default_Monitor"
"2026-09-09 15:27:39.026","DISPLAY\SAM7B0C\7&16b8ddb4&0&UID260","SAM7B0C"
"2026-09-09 15:27:39.450","DISPLAY\Default_Monitor\7&16b8ddb4&0&UID260","Default_Monitor"
"2026-09-09 15:28:25.397","DISPLAY\SAM7B0C\7&16b8ddb4&0&UID260","SAM7B0C"
"2026-09-09 15:28:25.785","DISPLAY\Default_Monitor\7&16b8ddb4&0&UID260","Default_Monitor"
"2026-09-09 15:29:09.001","DISPLAY\SAM7B0C\7&16b8ddb4&0&UID260","SAM7B0C"
"2026-09-09 15:29:09.271","DISPLAY\Default_Monitor\7&16b8ddb4&0&UID260","Default_Monitor"
"2026-09-09 15:29:55.399","DISPLAY\SAM7B0C\7&16b8ddb4&0&UID260","SAM7B0C"
"2026-09-09 15:29:55.673","DISPLAY\Default_Monitor\7&16b8ddb4&0&UID260","Default_Monitor"
"2026-09-09 15:30:39.028","DISPLAY\SAM7B0C\7&16b8ddb4&0&UID260","SAM7B0C"
"2026-09-09 15:30:39.284","DISPLAY\Default_Monitor\7&16b8ddb4&0&UID260","Default_Monitor"
"2026-09-09 15:31:24.710","DISPLAY\SAM7B0C\7&16b8ddb4&0&UID260","SAM7B0C"
"2026-09-09 15:31:24.951","DISPLAY\Default_Monitor\7&16b8ddb4&0&UID260","Default_Monitor"
"2026-09-09 15:32:09.009","DISPLAY\SAM7B0C\7&16b8ddb4&0&UID260","SAM7B0C"
"2026-09-09 15:32:09.398","DISPLAY\Default_Monitor\7&16b8ddb4&0&UID260","Default_Monitor"
"2026-09-09 15:32:54.903","DISPLAY\SAM7B0C\7&16b8ddb4&0&UID260","SAM7B0C"
"2026-09-09 15:32:55.308","DISPLAY\Default_Monitor\7&16b8ddb4&0&UID260","Default_Monitor"
"2026-09-09 15:33:39.041","DISPLAY\SAM7B0C\7&16b8ddb4&0&UID260","SAM7B0C"
"2026-09-09 15:33:39.281","DISPLAY\Default_Monitor\7&16b8ddb4&0&UID260","Default_Monitor"
"2026-09-09 15:34:25.445","DISPLAY\SAM7B0C\7&16b8ddb4&0&UID260","SAM7B0C"
"2026-09-09 15:34:25.854","DISPLAY\Default_Monitor\7&16b8ddb4&0&UID260","Default_Monitor"
"2026-09-09 15:35:19.452","DISPLAY\SAM7B0C\7&16b8ddb4&0&UID260","SAM7B0C"
"2026-09-09 15:35:19.693","DISPLAY\Default_Monitor\7&16b8ddb4&0&UID260","Default_Monitor"
"2026-09-09 15:36:19.444","DISPLAY\SAM7B0C\7&16b8ddb4&0&UID260","SAM7B0C"
"2026-09-09 15:36:19.882","DISPLAY\Default_Monitor\7&16b8ddb4&0&UID260","Default_Monitor"
"2026-09-09 15:37:14.468","DISPLAY\SAM7B0C\7&16b8ddb4&0&UID260","SAM7B0C"
"2026-09-09 15:37:14.904","DISPLAY\Default_Monitor\7&16b8ddb4&0&UID260","Default_Monitor"
"2026-09-09 15:38:13.461","DISPLAY\SAM7B0C\7&16b8ddb4&0&UID260","SAM7B0C"
"2026-09-09 15:38:13.734","DISPLAY\Default_Monitor\7&16b8ddb4&0&UID260","Default_Monitor"
"2026-09-09 15:38:57.249","DISPLAY\SAM7B0C\7&16b8ddb4&0&UID260","SAM7B0C"
"2026-09-09 15:38:57.571","DISPLAY\Default_Monitor\7&16b8ddb4&0&UID260","Default_Monitor"
"2026-09-09 15:39:37.457","DISPLAY\SAM7B0C\7&16b8ddb4&0&UID260","SAM7B0C"
"2026-09-09 15:39:37.863","DISPLAY\Default_Monitor\7&16b8ddb4&0&UID260","Default_Monitor"
"2026-09-09 15:40:35.464","DISPLAY\SAM7B0C\7&16b8ddb4&0&UID260","SAM7B0C"
"2026-09-09 15:40:35.737","DISPLAY\Default_Monitor\7&16b8ddb4&0&UID260","Default_Monitor"
"2026-09-09 15:41:19.459","DISPLAY\SAM7B0C\7&16b8ddb4&0&UID260","SAM7B0C"
"2026-09-09 15:41:19.698","DISPLAY\Default_Monitor\7&16b8ddb4&0&UID260","Default_Monitor"
"2026-09-09 15:42:02.000","DISPLAY\SAM7B0C\7&16b8ddb4&0&UID260","SAM7B0C"
"2026-09-09 15:42:02.256","DISPLAY\Default_Monitor\7&16b8ddb4&0&UID260","Default_Monitor"
"2026-09-09 15:42:49.480","DISPLAY\SAM7B0C\7&16b8ddb4&0&UID260","SAM7B0C"
"2026-09-09 15:42:49.802","DISPLAY\Default_Monitor\7&16b8ddb4&0&UID260","Default_Monitor"
"2026-09-09 15:43:31.475","DISPLAY\SAM7B0C\7&16b8ddb4&0&UID260","SAM7B0C"
"2026-09-09 15:43:31.880","DISPLAY\Default_Monitor\7&16b8ddb4&0&UID260","Default_Monitor"
"2026-09-09 15:44:10.493","DISPLAY\SAM7B0C\7&16b8ddb4&0&UID260","SAM7B0C"
"2026-09-09 15:44:10.732","DISPLAY\Default_Monitor\7&16b8ddb4&0&UID260","Default_Monitor"
"2026-09-09 15:44:54.226","DISPLAY\SAM7B0C\7&16b8ddb4&0&UID260","SAM7B0C"
"2026-09-09 15:44:54.468","DISPLAY\Default_Monitor\7&16b8ddb4&0&UID260","Default_Monitor"
"2026-09-09 15:45:37.010","DISPLAY\SAM7B0C\7&16b8ddb4&0&UID260","SAM7B0C"
"2026-09-09 15:45:37.264","DISPLAY\Default_Monitor\7&16b8ddb4&0&UID260","Default_Monitor"
"2026-09-09 15:46:24.559","DISPLAY\SAM7B0C\7&16b8ddb4&0&UID260","SAM7B0C"
"2026-09-09 15:46:24.849","DISPLAY\Default_Monitor\7&16b8ddb4&0&UID260","Default_Monitor"
"2026-09-09 15:47:06.013","DISPLAY\SAM7B0C\7&16b8ddb4&0&UID260","SAM7B0C"
"2026-09-09 15:47:06.437","DISPLAY\Default_Monitor\7&16b8ddb4&0&UID260","Default_Monitor"
"2026-09-09 15:47:54.472","DISPLAY\SAM7B0C\7&16b8ddb4&0&UID260","SAM7B0C"
"2026-09-09 15:47:54.797","DISPLAY\Default_Monitor\7&16b8ddb4&0&UID260","Default_Monitor"
"2026-09-09 15:48:38.003","DISPLAY\SAM7B0C\7&16b8ddb4&0&UID260","SAM7B0C"
"2026-09-09 15:48:38.393","DISPLAY\Default_Monitor\7&16b8ddb4&0&UID260","Default_Monitor"
"2026-09-09 15:49:25.018","DISPLAY\SAM7B0C\7&16b8ddb4&0&UID260","SAM7B0C"
"2026-09-09 15:49:25.438","DISPLAY\Default_Monitor\7&16b8ddb4&0&UID260","Default_Monitor"
"2026-09-09 15:50:08.677","DISPLAY\SAM7B0C\7&16b8ddb4&0&UID260","SAM7B0C"
"2026-09-09 15:50:09.066","DISPLAY\Default_Monitor\7&16b8ddb4&0&UID260","Default_Monitor"
"2026-09-09 15:50:55.434","DISPLAY\SAM7B0C\7&16b8ddb4&0&UID260","SAM7B0C"
"2026-09-09 15:50:55.674","DISPLAY\Default_Monitor\7&16b8ddb4&0&UID260","Default_Monitor"
"2026-09-09 15:51:39.676","DISPLAY\SAM7B0C\7&16b8ddb4&0&UID260","SAM7B0C"
"2026-09-09 15:51:40.081","DISPLAY\Default_Monitor\7&16b8ddb4&0&UID260","Default_Monitor"
"2026-09-09 15:52:25.673","DISPLAY\SAM7B0C\7&16b8ddb4&0&UID260","SAM7B0C"
"2026-09-09 15:52:26.081","DISPLAY\Default_Monitor\7&16b8ddb4&0&UID260","Default_Monitor"
"2026-09-09 15:53:09.438","DISPLAY\SAM7B0C\7&16b8ddb4&0&UID260","SAM7B0C"
"2026-09-09 15:53:09.880","DISPLAY\Default_Monitor\7&16b8ddb4&0&UID260","Default_Monitor"
"2026-09-09 15:53:55.668","DISPLAY\SAM7B0C\7&16b8ddb4&0&UID260","SAM7B0C"
"2026-09-09 15:53:56.026","DISPLAY\Default_Monitor\7&16b8ddb4&0&UID260","Default_Monitor"
"2026-09-09 15:54:39.664","DISPLAY\SAM7B0C\7&16b8ddb4&0&UID260","SAM7B0C"
"2026-09-09 15:54:39.921","DISPLAY\Default_Monitor\7&16b8ddb4&0&UID260","Default_Monitor"
"2026-09-09 15:55:25.074","DISPLAY\SAM7B0C\7&16b8ddb4&0&UID260","SAM7B0C"
"2026-09-09 15:55:25.331","DISPLAY\Default_Monitor\7&16b8ddb4&0&UID260","Default_Monitor"
"2026-09-09 15:56:09.665","DISPLAY\SAM7B0C\7&16b8ddb4&0&UID260","SAM7B0C"
"2026-09-09 15:56:09.921","DISPLAY\Default_Monitor\7&16b8ddb4&0&UID260","Default_Monitor"
"2026-09-09 15:56:51.066","DISPLAY\SAM7B0C\7&16b8ddb4&0&UID260","SAM7B0C"
"2026-09-09 15:56:51.503","DISPLAY\Default_Monitor\7&16b8ddb4&0&UID260","Default_Monitor"
"2026-09-09 15:57:39.461","DISPLAY\SAM7B0C\7&16b8ddb4&0&UID260","SAM7B0C"
"2026-09-09 15:57:39.733","DISPLAY\Default_Monitor\7&16b8ddb4&0&UID260","Default_Monitor"
"2026-09-09 15:58:33.689","DISPLAY\SAM7B0C\7&16b8ddb4&0&UID260","SAM7B0C"
"2026-09-09 15:58:34.094","DISPLAY\Default_Monitor\7&16b8ddb4&0&UID260","Default_Monitor"
"2026-09-09 15:59:25.155","DISPLAY\SAM7B0C\7&16b8ddb4&0&UID260","SAM7B0C"
"2026-09-09 15:59:25.392","DISPLAY\Default_Monitor\7&16b8ddb4&0&UID260","Default_Monitor"
"2026-09-09 16:00:09.169","DISPLAY\SAM7B0C\7&16b8ddb4&0&UID260","SAM7B0C"
"2026-09-09 16:00:09.576","DISPLAY\Default_Monitor\7&16b8ddb4&0&UID260","Default_Monitor"
"2026-09-09 16:01:04.157","DISPLAY\SAM7B0C\7&16b8ddb4&0&UID260","SAM7B0C"
"2026-09-09 16:01:04.396","DISPLAY\Default_Monitor\7&16b8ddb4&0&UID260","Default_Monitor"
"2026-09-09 16:01:48.142","DISPLAY\SAM7B0C\7&16b8ddb4&0&UID260","SAM7B0C"
"2026-09-09 16:01:48.546","DISPLAY\Default_Monitor\7&16b8ddb4&0&UID260","Default_Monitor"
"2026-09-09 16:02:32.268","DISPLAY\SAM7B0C\7&16b8ddb4&0&UID260","SAM7B0C"
"2026-09-09 16:02:32.639","DISPLAY\Default_Monitor\7&16b8ddb4&0&UID260","Default_Monitor"
"2026-09-09 16:03:28.127","DISPLAY\SAM7B0C\7&16b8ddb4&0&UID260","SAM7B0C"
"2026-09-09 16:03:28.564","DISPLAY\Default_Monitor\7&16b8ddb4&0&UID260","Default_Monitor"
"2026-09-09 16:04:15.223","DISPLAY\SAM7B0C\7&16b8ddb4&0&UID260","SAM7B0C"
"2026-09-09 16:04:15.464","DISPLAY\Default_Monitor\7&16b8ddb4&0&UID260","Default_Monitor"
"2026-09-09 16:04:59.213","DISPLAY\SAM7B0C\7&16b8ddb4&0&UID260","SAM7B0C"
"2026-09-09 16:04:59.452","DISPLAY\Default_Monitor\7&16b8ddb4&0&UID260","Default_Monitor"
"2026-09-09 16:05:45.168","DISPLAY\SAM7B0C\7&16b8ddb4&0&UID260","SAM7B0C"
"2026-09-09 16:05:45.558","DISPLAY\Default_Monitor\7&16b8ddb4&0&UID260","Default_Monitor"
"2026-09-09 16:06:49.715","DISPLAY\SAM7B0C\7&16b8ddb4&0&UID260","SAM7B0C"
"2026-09-09 16:06:50.153","DISPLAY\Default_Monitor\7&16b8ddb4&0&UID260","Default_Monitor"
"2026-09-09 16:07:33.301","DISPLAY\SAM7B0C\7&16b8ddb4&0&UID260","SAM7B0C"
"2026-09-09 16:07:33.691","DISPLAY\Default_Monitor\7&16b8ddb4&0&UID260","Default_Monitor"
"2026-09-09 16:08:13.715","DISPLAY\SAM7B0C\7&16b8ddb4&0&UID260","SAM7B0C"
"2026-09-09 16:08:14.054","DISPLAY\Default_Monitor\7&16b8ddb4&0&UID260","Default_Monitor"
"2026-09-09 16:09:13.724","DISPLAY\SAM7B0C\7&16b8ddb4&0&UID260","SAM7B0C"
"2026-09-09 16:09:13.963","DISPLAY\Default_Monitor\7&16b8ddb4&0&UID260","Default_Monitor"
"2026-09-09 16:09:57.737","DISPLAY\SAM7B0C\7&16b8ddb4&0&UID260","SAM7B0C"
"2026-09-09 16:09:58.028","DISPLAY\Default_Monitor\7&16b8ddb4&0&UID260","Default_Monitor"
"2026-09-09 16:10:38.737","DISPLAY\SAM7B0C\7&16b8ddb4&0&UID260","SAM7B0C"
"2026-09-09 16:10:39.059","DISPLAY\Default_Monitor\7&16b8ddb4&0&UID260","Default_Monitor"
"2026-09-09 16:11:18.740","DISPLAY\SAM7B0C\7&16b8ddb4&0&UID260","SAM7B0C"
"2026-09-09 16:11:19.045","DISPLAY\Default_Monitor\7&16b8ddb4&0&UID260","Default_Monitor"
"2026-09-09 16:12:02.306","DISPLAY\SAM7B0C\7&16b8ddb4&0&UID260","SAM7B0C"
"2026-09-09 16:12:02.593","DISPLAY\Default_Monitor\7&16b8ddb4&0&UID260","Default_Monitor"
"2026-09-09 16:12:44.306","DISPLAY\SAM7B0C\7&16b8ddb4&0&UID260","SAM7B0C"
"2026-09-09 16:12:44.563","DISPLAY\Default_Monitor\7&16b8ddb4&0&UID260","Default_Monitor"
"2026-09-09 16:13:42.810","DISPLAY\SAM7B0C\7&16b8ddb4&0&UID260","SAM7B0C"
"2026-09-09 16:13:43.248","DISPLAY\Default_Monitor\7&16b8ddb4&0&UID260","Default_Monitor"
"2026-09-09 16:14:26.413","DISPLAY\SAM7B0C\7&16b8ddb4&0&UID260","SAM7B0C"
"2026-09-09 16:14:26.856","DISPLAY\Default_Monitor\7&16b8ddb4&0&UID260","Default_Monitor"
"2026-09-09 16:15:06.817","DISPLAY\SAM7B0C\7&16b8ddb4&0&UID260","SAM7B0C"
"2026-09-09 16:15:07.223","DISPLAY\Default_Monitor\7&16b8ddb4&0&UID260","Default_Monitor"
"2026-09-09 16:15:56.300","DISPLAY\SAM7B0C\7&16b8ddb4&0&UID260","SAM7B0C"
"2026-09-09 16:15:56.707","DISPLAY\Default_Monitor\7&16b8ddb4&0&UID260","Default_Monitor"
"2026-09-09 16:16:40.328","DISPLAY\SAM7B0C\7&16b8ddb4&0&UID260","SAM7B0C"
"2026-09-09 16:16:40.750","DISPLAY\Default_Monitor\7&16b8ddb4&0&UID260","Default_Monitor"
"2026-09-09 16:17:23.287","DISPLAY\SAM7B0C\7&16b8ddb4&0&UID260","SAM7B0C"
"2026-09-09 16:17:23.726","DISPLAY\Default_Monitor\7&16b8ddb4&0&UID260","Default_Monitor"
"2026-09-09 16:18:20.371","DISPLAY\SAM7B0C\7&16b8ddb4&0&UID260","SAM7B0C"
"2026-09-09 16:18:20.645","DISPLAY\Default_Monitor\7&16b8ddb4&0&UID260","Default_Monitor"
"2026-09-09 16:19:25.351","DISPLAY\SAM7B0C\7&16b8ddb4&0&UID260","SAM7B0C"
"2026-09-09 16:19:25.625","DISPLAY\Default_Monitor\7&16b8ddb4&0&UID260","Default_Monitor"
"2026-09-09 16:20:09.878","DISPLAY\SAM7B0C\7&16b8ddb4&0&UID260","SAM7B0C"
"2026-09-09 16:20:10.135","DISPLAY\Default_Monitor\7&16b8ddb4&0&UID260","Default_Monitor"
"2026-09-09 16:20:56.508","DISPLAY\SAM7B0C\7&16b8ddb4&0&UID260","SAM7B0C"
"2026-09-09 16:20:56.913","DISPLAY\Default_Monitor\7&16b8ddb4&0&UID260","Default_Monitor"
"2026-09-09 16:21:40.221","DISPLAY\SAM7B0C\7&16b8ddb4&0&UID260","SAM7B0C"
"2026-09-09 16:21:40.477","DISPLAY\Default_Monitor\7&16b8ddb4&0&UID260","Default_Monitor"
"2026-09-09 16:22:26.474","DISPLAY\SAM7B0C\7&16b8ddb4&0&UID260","SAM7B0C"
"2026-09-09 16:22:26.745","DISPLAY\Default_Monitor\7&16b8ddb4&0&UID260","Default_Monitor"
"2026-09-09 16:23:45.485","DISPLAY\SAM7B0C\7&16b8ddb4&0&UID260","SAM7B0C"
"2026-09-09 16:23:45.807","DISPLAY\Default_Monitor\7&16b8ddb4&0&UID260","Default_Monitor"
"2026-09-09 16:24:29.481","DISPLAY\SAM7B0C\7&16b8ddb4&0&UID260","SAM7B0C"
"2026-09-09 16:24:29.923","DISPLAY\Default_Monitor\7&16b8ddb4&0&UID260","Default_Monitor"
"2026-09-09 16:25:15.293","DISPLAY\SAM7B0C\7&16b8ddb4&0&UID260","SAM7B0C"
"2026-09-09 16:25:15.713","DISPLAY\Default_Monitor\7&16b8ddb4&0&UID260","Default_Monitor"
"2026-09-09 16:25:59.061","DISPLAY\SAM7B0C\7&16b8ddb4&0&UID260","SAM7B0C"
"2026-09-09 16:25:59.383","DISPLAY\Default_Monitor\7&16b8ddb4&0&UID260","Default_Monitor"
"2026-09-09 16:26:45.262","DISPLAY\SAM7B0C\7&16b8ddb4&0&UID260","SAM7B0C"
"2026-09-09 16:26:45.665","DISPLAY\Default_Monitor\7&16b8ddb4&0&UID260","Default_Monitor"
"2026-09-09 16:27:29.213","DISPLAY\SAM7B0C\7&16b8ddb4&0&UID260","SAM7B0C"
"2026-09-09 16:27:29.484","DISPLAY\Default_Monitor\7&16b8ddb4&0&UID260","Default_Monitor"
"2026-09-09 16:28:15.479","DISPLAY\SAM7B0C\7&16b8ddb4&0&UID260","SAM7B0C"
"2026-09-09 16:28:15.752","DISPLAY\Default_Monitor\7&16b8ddb4&0&UID260","Default_Monitor"
"2026-09-09 16:28:59.478","DISPLAY\SAM7B0C\7&16b8ddb4&0&UID260","SAM7B0C"
"2026-09-09 16:28:59.915","DISPLAY\Default_Monitor\7&16b8ddb4&0&UID260","Default_Monitor"
"2026-09-09 16:29:55.480","DISPLAY\SAM7B0C\7&16b8ddb4&0&UID260","SAM7B0C"
"2026-09-09 16:29:55.754","DISPLAY\Default_Monitor\7&16b8ddb4&0&UID260","Default_Monitor"
"2026-09-09 16:30:50.016","DISPLAY\SAM7B0C\7&16b8ddb4&0&UID260","SAM7B0C"
"2026-09-09 16:30:50.338","DISPLAY\Default_Monitor\7&16b8ddb4&0&UID260","Default_Monitor"
"2026-09-09 16:31:31.119","DISPLAY\SAM7B0C\7&16b8ddb4&0&UID260","SAM7B0C"
"2026-09-09 16:31:31.543","DISPLAY\Default_Monitor\7&16b8ddb4&0&UID260","Default_Monitor"
"2026-09-09 16:32:14.786","DISPLAY\SAM7B0C\7&16b8ddb4&0&UID260","SAM7B0C"
"2026-09-09 16:32:15.193","DISPLAY\Default_Monitor\7&16b8ddb4&0&UID260","Default_Monitor"
"2026-09-09 16:32:56.476","DISPLAY\SAM7B0C\7&16b8ddb4&0&UID260","SAM7B0C"
"2026-09-09 16:32:56.931","DISPLAY\Default_Monitor\7&16b8ddb4&0&UID260","Default_Monitor"
"2026-09-09 16:33:55.024","DISPLAY\SAM7B0C\7&16b8ddb4&0&UID260","SAM7B0C"
"2026-09-09 16:33:55.280","DISPLAY\Default_Monitor\7&16b8ddb4&0&UID260","Default_Monitor"
"2026-09-09 16:34:38.996","DISPLAY\SAM7B0C\7&16b8ddb4&0&UID260","SAM7B0C"
"2026-09-09 16:34:39.401","DISPLAY\Default_Monitor\7&16b8ddb4&0&UID260","Default_Monitor"
"2026-09-09 16:35:28.481","DISPLAY\SAM7B0C\7&16b8ddb4&0&UID260","SAM7B0C"
"2026-09-09 16:35:28.735","DISPLAY\Default_Monitor\7&16b8ddb4&0&UID260","Default_Monitor"
"2026-09-09 16:36:12.477","DISPLAY\SAM7B0C\7&16b8ddb4&0&UID260","SAM7B0C"
"2026-09-09 16:36:12.735","DISPLAY\Default_Monitor\7&16b8ddb4&0&UID260","Default_Monitor"
"2026-09-09 16:36:54.480","DISPLAY\SAM7B0C\7&16b8ddb4&0&UID260","SAM7B0C"
"2026-09-09 16:36:54.722","DISPLAY\Default_Monitor\7&16b8ddb4&0&UID260","Default_Monitor"
"2026-09-09 16:37:42.485","DISPLAY\SAM7B0C\7&16b8ddb4&0&UID260","SAM7B0C"
"2026-09-09 16:37:42.739","DISPLAY\Default_Monitor\7&16b8ddb4&0&UID260","Default_Monitor"
"2026-09-09 16:38:45.477","DISPLAY\SAM7B0C\7&16b8ddb4&0&UID260","SAM7B0C"
"2026-09-09 16:38:45.717","DISPLAY\Default_Monitor\7&16b8ddb4&0&UID260","Default_Monitor"
"2026-09-09 16:39:39.491","DISPLAY\SAM7B0C\7&16b8ddb4&0&UID260","SAM7B0C"
"2026-09-09 16:39:39.729","DISPLAY\Default_Monitor\7&16b8ddb4&0&UID260","Default_Monitor"
"2026-09-09 16:40:29.484","DISPLAY\SAM7B0C\7&16b8ddb4&0&UID260","SAM7B0C"
"2026-09-09 16:40:29.721","DISPLAY\Default_Monitor\7&16b8ddb4&0&UID260","Default_Monitor"
"2026-09-09 16:41:23.507","DISPLAY\SAM7B0C\7&16b8ddb4&0&UID260","SAM7B0C"
"2026-09-09 16:41:23.947","DISPLAY\Default_Monitor\7&16b8ddb4&0&UID260","Default_Monitor"
"2026-09-09 16:42:13.455","DISPLAY\SAM7B0C\7&16b8ddb4&0&UID260","SAM7B0C"
"2026-09-09 16:42:13.709","DISPLAY\Default_Monitor\7&16b8ddb4&0&UID260","Default_Monitor"
"2026-09-09 16:42:57.548","DISPLAY\SAM7B0C\7&16b8ddb4&0&UID260","SAM7B0C"
"2026-09-09 16:42:57.969","DISPLAY\Default_Monitor\7&16b8ddb4&0&UID260","Default_Monitor"
"2026-09-09 16:43:40.567","DISPLAY\SAM7B0C\7&16b8ddb4&0&UID260","SAM7B0C"
"2026-09-09 16:43:40.990","DISPLAY\Default_Monitor\7&16b8ddb4&0&UID260","Default_Monitor"
"2026-09-09 16:44:27.574","DISPLAY\SAM7B0C\7&16b8ddb4&0&UID260","SAM7B0C"
"2026-09-09 16:44:28.012","DISPLAY\Default_Monitor\7&16b8ddb4&0&UID260","Default_Monitor"
"2026-09-09 16:45:06.288","DISPLAY\SAM7B0C\7&16b8ddb4&0&UID260","SAM7B0C"
"2026-09-09 16:45:06.560","DISPLAY\Default_Monitor\7&16b8ddb4&0&UID260","Default_Monitor"
"2026-09-09 16:45:47.082","DISPLAY\SAM7B0C\7&16b8ddb4&0&UID260","SAM7B0C"
"2026-09-09 16:45:47.353","DISPLAY\Default_Monitor\7&16b8ddb4&0&UID260","Default_Monitor"
"2026-09-09 16:46:51.334","DISPLAY\SAM7B0C\7&16b8ddb4&0&UID260","SAM7B0C"
"2026-09-09 16:46:51.589","DISPLAY\Default_Monitor\7&16b8ddb4&0&UID260","Default_Monitor"
"2026-09-09 16:47:45.527","DISPLAY\SAM7B0C\7&16b8ddb4&0&UID260","SAM7B0C"
"2026-09-09 16:47:45.914","DISPLAY\Default_Monitor\7&16b8ddb4&0&UID260","Default_Monitor"
"2026-09-09 16:48:35.182","DISPLAY\SAM7B0C\7&16b8ddb4&0&UID260","SAM7B0C"
"2026-09-09 16:48:35.423","DISPLAY\Default_Monitor\7&16b8ddb4&0&UID260","Default_Monitor"
"2026-09-09 16:49:29.606","DISPLAY\SAM7B0C\7&16b8ddb4&0&UID260","SAM7B0C"
"2026-09-09 16:49:29.893","DISPLAY\Default_Monitor\7&16b8ddb4&0&UID260","Default_Monitor"
"2026-09-09 16:50:10.142","DISPLAY\SAM7B0C\7&16b8ddb4&0&UID260","SAM7B0C"
"2026-09-09 16:50:10.432","DISPLAY\Default_Monitor\7&16b8ddb4&0&UID260","Default_Monitor"
"2026-09-09 16:50:54.154","DISPLAY\SAM7B0C\7&16b8ddb4&0&UID260","SAM7B0C"
"2026-09-09 16:50:54.576","DISPLAY\Default_Monitor\7&16b8ddb4&0&UID260","Default_Monitor"
"2026-09-09 16:51:35.138","DISPLAY\SAM7B0C\7&16b8ddb4&0&UID260","SAM7B0C"
"2026-09-09 16:51:35.409","DISPLAY\Default_Monitor\7&16b8ddb4&0&UID260","Default_Monitor"
"2026-09-09 16:52:15.603","DISPLAY\SAM7B0C\7&16b8ddb4&0&UID260","SAM7B0C"
"2026-09-09 16:52:15.910","DISPLAY\Default_Monitor\7&16b8ddb4&0&UID260","Default_Monitor"
"2026-09-09 16:52:59.605","DISPLAY\SAM7B0C\7&16b8ddb4&0&UID260","SAM7B0C"
"2026-09-09 16:53:00.042","DISPLAY\Default_Monitor\7&16b8ddb4&0&UID260","Default_Monitor"
"2026-09-09 16:53:45.603","DISPLAY\SAM7B0C\7&16b8ddb4&0&UID260","SAM7B0C"
"2026-09-09 16:53:45.991","DISPLAY\Default_Monitor\7&16b8ddb4&0&UID260","Default_Monitor"
"2026-09-09 16:54:29.460","DISPLAY\SAM7B0C\7&16b8ddb4&0&UID260","SAM7B0C"
"2026-09-09 16:54:29.850","DISPLAY\Default_Monitor\7&16b8ddb4&0&UID260","Default_Monitor"
"2026-09-09 16:55:15.430","DISPLAY\SAM7B0C\7&16b8ddb4&0&UID260","SAM7B0C"
"2026-09-09 16:55:15.686","DISPLAY\Default_Monitor\7&16b8ddb4&0&UID260","Default_Monitor"
"2026-09-09 16:56:10.158","DISPLAY\SAM7B0C\7&16b8ddb4&0&UID260","SAM7B0C"
"2026-09-09 16:56:10.413","DISPLAY\Default_Monitor\7&16b8ddb4&0&UID260","Default_Monitor"
"2026-09-09 16:56:59.635","DISPLAY\SAM7B0C\7&16b8ddb4&0&UID260","SAM7B0C"
"2026-09-09 16:56:59.924","DISPLAY\Default_Monitor\7&16b8ddb4&0&UID260","Default_Monitor"
"2026-09-09 16:57:53.649","DISPLAY\SAM7B0C\7&16b8ddb4&0&UID260","SAM7B0C"
"2026-09-09 16:57:53.920","DISPLAY\Default_Monitor\7&16b8ddb4&0&UID260","Default_Monitor"
"2026-09-09 16:58:35.639","DISPLAY\SAM7B0C\7&16b8ddb4&0&UID260","SAM7B0C"
"2026-09-09 16:58:35.943","DISPLAY\Default_Monitor\7&16b8ddb4&0&UID260","Default_Monitor"
"2026-09-09 16:59:29.647","DISPLAY\SAM7B0C\7&16b8ddb4&0&UID260","SAM7B0C"
"2026-09-09 16:59:29.935","DISPLAY\Default_Monitor\7&16b8ddb4&0&UID260","Default_Monitor"
"2026-09-09 17:00:19.631","DISPLAY\SAM7B0C\7&16b8ddb4&0&UID260","SAM7B0C"
"2026-09-09 17:00:20.068","DISPLAY\Default_Monitor\7&16b8ddb4&0&UID260","Default_Monitor"
"2026-09-09 17:01:00.174","DISPLAY\SAM7B0C\7&16b8ddb4&0&UID260","SAM7B0C"
"2026-09-09 17:01:00.446","DISPLAY\Default_Monitor\7&16b8ddb4&0&UID260","Default_Monitor"
"2026-09-09 17:01:49.655","DISPLAY\SAM7B0C\7&16b8ddb4&0&UID260","SAM7B0C"
"2026-09-09 17:01:50.095","DISPLAY\Default_Monitor\7&16b8ddb4&0&UID260","Default_Monitor"
"2026-09-09 17:02:33.223","DISPLAY\SAM7B0C\7&16b8ddb4&0&UID260","SAM7B0C"
"2026-09-09 17:02:33.648","DISPLAY\Default_Monitor\7&16b8ddb4&0&UID260","Default_Monitor"
"2026-09-09 17:03:14.991","DISPLAY\SAM7B0C\7&16b8ddb4&0&UID260","SAM7B0C"
"2026-09-09 17:03:15.415","DISPLAY\Default_Monitor\7&16b8ddb4&0&UID260","Default_Monitor"
"2026-09-09 17:04:03.188","DISPLAY\SAM7B0C\7&16b8ddb4&0&UID260","SAM7B0C"
"2026-09-09 17:04:03.592","DISPLAY\Default_Monitor\7&16b8ddb4&0&UID260","Default_Monitor"
"2026-09-09 17:04:43.709","DISPLAY\SAM7B0C\7&16b8ddb4&0&UID260","SAM7B0C"
"2026-09-09 17:04:44.114","DISPLAY\Default_Monitor\7&16b8ddb4&0&UID260","Default_Monitor"
"2026-09-09 17:05:45.674","DISPLAY\SAM7B0C\7&16b8ddb4&0&UID260","SAM7B0C"
"2026-09-09 17:05:46.113","DISPLAY\Default_Monitor\7&16b8ddb4&0&UID260","Default_Monitor"
"2026-09-09 17:06:29.272","DISPLAY\SAM7B0C\7&16b8ddb4&0&UID260","SAM7B0C"
"2026-09-09 17:06:29.678","DISPLAY\Default_Monitor\7&16b8ddb4&0&UID260","Default_Monitor"
"2026-09-09 17:07:15.757","DISPLAY\SAM7B0C\7&16b8ddb4&0&UID260","SAM7B0C"
"2026-09-09 17:07:16.147","DISPLAY\Default_Monitor\7&16b8ddb4&0&UID260","Default_Monitor"
"2026-09-09 17:08:09.762","DISPLAY\SAM7B0C\7&16b8ddb4&0&UID260","SAM7B0C"
"2026-09-09 17:08:10.165","DISPLAY\Default_Monitor\7&16b8ddb4&0&UID260","Default_Monitor"
"2026-09-09 17:09:09.596","DISPLAY\SAM7B0C\7&16b8ddb4&0&UID260","SAM7B0C"
"2026-09-09 17:09:09.900","DISPLAY\Default_Monitor\7&16b8ddb4&0&UID260","Default_Monitor"
"2026-09-09 17:10:03.763","DISPLAY\SAM7B0C\7&16b8ddb4&0&UID260","SAM7B0C"
"2026-09-09 17:10:04.037","DISPLAY\Default_Monitor\7&16b8ddb4&0&UID260","Default_Monitor"
"2026-09-09 17:10:55.022","DISPLAY\SAM7B0C\7&16b8ddb4&0&UID260","SAM7B0C"
"2026-09-09 17:10:55.429","DISPLAY\Default_Monitor\7&16b8ddb4&0&UID260","Default_Monitor"
"2026-09-09 17:11:55.756","DISPLAY\SAM7B0C\7&16b8ddb4&0&UID260","SAM7B0C"
"2026-09-09 17:11:55.996","DISPLAY\Default_Monitor\7&16b8ddb4&0&UID260","Default_Monitor"
"2026-09-09 17:12:39.774","DISPLAY\SAM7B0C\7&16b8ddb4&0&UID260","SAM7B0C"
"2026-09-09 17:12:40.049","DISPLAY\Default_Monitor\7&16b8ddb4&0&UID260","Default_Monitor"
"2026-09-09 17:13:26.292","DISPLAY\SAM7B0C\7&16b8ddb4&0&UID260","SAM7B0C"
"2026-09-09 17:13:26.549","DISPLAY\Default_Monitor\7&16b8ddb4&0&UID260","Default_Monitor"
"2026-09-09 17:14:10.185","DISPLAY\SAM7B0C\7&16b8ddb4&0&UID260","SAM7B0C"
"2026-09-09 17:14:10.457","DISPLAY\Default_Monitor\7&16b8ddb4&0&UID260","Default_Monitor"
"2026-09-09 17:14:56.318","DISPLAY\SAM7B0C\7&16b8ddb4&0&UID260","SAM7B0C"
"2026-09-09 17:14:56.559","DISPLAY\Default_Monitor\7&16b8ddb4&0&UID260","Default_Monitor"
"2026-09-09 17:15:40.340","DISPLAY\SAM7B0C\7&16b8ddb4&0&UID260","SAM7B0C"
"2026-09-09 17:15:40.745","DISPLAY\Default_Monitor\7&16b8ddb4&0&UID260","Default_Monitor"
"2026-09-09 17:16:40.338","DISPLAY\SAM7B0C\7&16b8ddb4&0&UID260","SAM7B0C"
"2026-09-09 17:16:40.592","DISPLAY\Default_Monitor\7&16b8ddb4&0&UID260","Default_Monitor"
"2026-09-09 17:17:24.382","DISPLAY\SAM7B0C\7&16b8ddb4&0&UID260","SAM7B0C"
"2026-09-09 17:17:24.775","DISPLAY\Default_Monitor\7&16b8ddb4&0&UID260","Default_Monitor"
"2026-09-09 17:18:04.382","DISPLAY\SAM7B0C\7&16b8ddb4&0&UID260","SAM7B0C"
"2026-09-09 17:18:04.786","DISPLAY\Default_Monitor\7&16b8ddb4&0&UID260","Default_Monitor"
"2026-09-09 17:18:43.821","DISPLAY\SAM7B0C\7&16b8ddb4&0&UID260","SAM7B0C"
"2026-09-09 17:18:44.225","DISPLAY\Default_Monitor\7&16b8ddb4&0&UID260","Default_Monitor"
"2026-09-09 17:19:37.821","DISPLAY\SAM7B0C\7&16b8ddb4&0&UID260","SAM7B0C"
"2026-09-09 17:19:38.208","DISPLAY\Default_Monitor\7&16b8ddb4&0&UID260","Default_Monitor"
"2026-09-09 17:20:27.376","DISPLAY\SAM7B0C\7&16b8ddb4&0&UID260","SAM7B0C"
"2026-09-09 17:20:27.815","DISPLAY\Default_Monitor\7&16b8ddb4&0&UID260","Default_Monitor"
"2026-09-09 17:21:21.385","DISPLAY\SAM7B0C\7&16b8ddb4&0&UID260","SAM7B0C"
"2026-09-09 17:21:21.656","DISPLAY\Default_Monitor\7&16b8ddb4&0&UID260","Default_Monitor"
"2026-09-09 17:22:25.892","DISPLAY\SAM7B0C\7&16b8ddb4&0&UID260","SAM7B0C"
"2026-09-09 17:22:26.146","DISPLAY\Default_Monitor\7&16b8ddb4&0&UID260","Default_Monitor"
"2026-09-09 17:23:09.689","DISPLAY\SAM7B0C\7&16b8ddb4&0&UID260","SAM7B0C"
"2026-09-09 17:23:10.079","DISPLAY\Default_Monitor\7&16b8ddb4&0&UID260","Default_Monitor"
"2026-09-09 17:23:56.238","DISPLAY\SAM7B0C\7&16b8ddb4&0&UID260","SAM7B0C"
"2026-09-09 17:23:56.680","DISPLAY\Default_Monitor\7&16b8ddb4&0&UID260","Default_Monitor"
"2026-09-09 17:24:39.907","DISPLAY\SAM7B0C\7&16b8ddb4&0&UID260","SAM7B0C"
"2026-09-09 17:24:40.179","DISPLAY\Default_Monitor\7&16b8ddb4&0&UID260","Default_Monitor"
"2026-09-09 17:25:26.401","DISPLAY\SAM7B0C\7&16b8ddb4&0&UID260","SAM7B0C"
"2026-09-09 17:25:26.655","DISPLAY\Default_Monitor\7&16b8ddb4&0&UID260","Default_Monitor"
"2026-09-09 17:26:10.477","DISPLAY\SAM7B0C\7&16b8ddb4&0&UID260","SAM7B0C"
"2026-09-09 17:26:10.868","DISPLAY\Default_Monitor\7&16b8ddb4&0&UID260","Default_Monitor"
"2026-09-09 17:26:56.467","DISPLAY\SAM7B0C\7&16b8ddb4&0&UID260","SAM7B0C"
"2026-09-09 17:26:56.859","DISPLAY\Default_Monitor\7&16b8ddb4&0&UID260","Default_Monitor"
"2026-09-09 17:27:40.469","DISPLAY\SAM7B0C\7&16b8ddb4&0&UID260","SAM7B0C"
"2026-09-09 17:27:40.741","DISPLAY\Default_Monitor\7&16b8ddb4&0&UID260","Default_Monitor"
"2026-09-09 17:28:26.469","DISPLAY\SAM7B0C\7&16b8ddb4&0&UID260","SAM7B0C"
"2026-09-09 17:28:26.740","DISPLAY\Default_Monitor\7&16b8ddb4&0&UID260","Default_Monitor"
"2026-09-09 17:29:10.466","DISPLAY\SAM7B0C\7&16b8ddb4&0&UID260","SAM7B0C"
"2026-09-09 17:29:10.721","DISPLAY\Default_Monitor\7&16b8ddb4&0&UID260","Default_Monitor"
"2026-09-09 17:29:56.497","DISPLAY\SAM7B0C\7&16b8ddb4&0&UID260","SAM7B0C"
"2026-09-09 17:29:56.801","DISPLAY\Default_Monitor\7&16b8ddb4&0&UID260","Default_Monitor"
"2026-09-09 17:30:40.504","DISPLAY\SAM7B0C\7&16b8ddb4&0&UID260","SAM7B0C"
"2026-09-09 17:30:40.746","DISPLAY\Default_Monitor\7&16b8ddb4&0&UID260","Default_Monitor"
"2026-09-09 17:31:25.928","DISPLAY\SAM7B0C\7&16b8ddb4&0&UID260","SAM7B0C"
"2026-09-09 17:31:26.218","DISPLAY\Default_Monitor\7&16b8ddb4&0&UID260","Default_Monitor"
"2026-09-09 17:32:10.500","DISPLAY\SAM7B0C\7&16b8ddb4&0&UID260","SAM7B0C"
"2026-09-09 17:32:10.791","DISPLAY\Default_Monitor\7&16b8ddb4&0&UID260","Default_Monitor"
"2026-09-09 17:32:56.511","DISPLAY\SAM7B0C\7&16b8ddb4&0&UID260","SAM7B0C"
"2026-09-09 17:32:56.816","DISPLAY\Default_Monitor\7&16b8ddb4&0&UID260","Default_Monitor"
"2026-09-09 17:33:40.504","DISPLAY\SAM7B0C\7&16b8ddb4&0&UID260","SAM7B0C"
"2026-09-09 17:33:40.759","DISPLAY\Default_Monitor\7&16b8ddb4&0&UID260","Default_Monitor"
"2026-09-09 17:34:25.933","DISPLAY\SAM7B0C\7&16b8ddb4&0&UID260","SAM7B0C"
"2026-09-09 17:34:26.321","DISPLAY\Default_Monitor\7&16b8ddb4&0&UID260","Default_Monitor"
"2026-09-09 17:35:10.504","DISPLAY\SAM7B0C\7&16b8ddb4&0&UID260","SAM7B0C"
"2026-09-09 17:35:10.792","DISPLAY\Default_Monitor\7&16b8ddb4&0&UID260","Default_Monitor"
"2026-09-09 17:36:10.507","DISPLAY\SAM7B0C\7&16b8ddb4&0&UID260","SAM7B0C"
"2026-09-09 17:36:10.778","DISPLAY\Default_Monitor\7&16b8ddb4&0&UID260","Default_Monitor"
"2026-09-09 17:36:54.242","DISPLAY\SAM7B0C\7&16b8ddb4&0&UID260","SAM7B0C"
"2026-09-09 17:36:54.479","DISPLAY\Default_Monitor\7&16b8ddb4&0&UID260","Default_Monitor"
"2026-09-09 17:37:36.305","DISPLAY\SAM7B0C\7&16b8ddb4&0&UID260","SAM7B0C"
"2026-09-09 17:37:36.726","DISPLAY\Default_Monitor\7&16b8ddb4&0&UID260","Default_Monitor"
"2026-09-09 17:38:34.625","DISPLAY\SAM7B0C\7&16b8ddb4&0&UID260","SAM7B0C"
"2026-09-09 17:38:35.065","DISPLAY\Default_Monitor\7&16b8ddb4&0&UID260","Default_Monitor"
"2026-09-09 17:39:18.638","DISPLAY\SAM7B0C\7&16b8ddb4&0&UID260","SAM7B0C"
"2026-09-09 17:39:18.892","DISPLAY\Default_Monitor\7&16b8ddb4&0&UID260","Default_Monitor"
"2026-09-09 17:40:01.621","DISPLAY\SAM7B0C\7&16b8ddb4&0&UID260","SAM7B0C"
"2026-09-09 17:40:02.059","DISPLAY\Default_Monitor\7&16b8ddb4&0&UID260","Default_Monitor"
"2026-09-09 17:40:48.637","DISPLAY\SAM7B0C\7&16b8ddb4&0&UID260","SAM7B0C"
"2026-09-09 17:40:49.077","DISPLAY\Default_Monitor\7&16b8ddb4&0&UID260","Default_Monitor"
"2026-09-09 17:41:27.976","DISPLAY\SAM7B0C\7&16b8ddb4&0&UID260","SAM7B0C"
"2026-09-09 17:41:28.216","DISPLAY\Default_Monitor\7&16b8ddb4&0&UID260","Default_Monitor"
"2026-09-09 17:42:18.665","DISPLAY\SAM7B0C\7&16b8ddb4&0&UID260","SAM7B0C"
"2026-09-09 17:42:19.102","DISPLAY\Default_Monitor\7&16b8ddb4&0&UID260","Default_Monitor"
"2026-09-09 17:43:02.408","DISPLAY\SAM7B0C\7&16b8ddb4&0&UID260","SAM7B0C"
"2026-09-09 17:43:02.849","DISPLAY\Default_Monitor\7&16b8ddb4&0&UID260","Default_Monitor"
"2026-09-09 17:44:12.682","DISPLAY\SAM7B0C\7&16b8ddb4&0&UID260","SAM7B0C"
"2026-09-09 17:44:12.955","DISPLAY\Default_Monitor\7&16b8ddb4&0&UID260","Default_Monitor"
"2026-09-09 17:44:56.681","DISPLAY\SAM7B0C\7&16b8ddb4&0&UID260","SAM7B0C"
"2026-09-09 17:44:57.069","DISPLAY\Default_Monitor\7&16b8ddb4&0&UID260","Default_Monitor"
"2026-09-09 17:45:37.012","DISPLAY\SAM7B0C\7&16b8ddb4&0&UID260","SAM7B0C"
"2026-09-09 17:45:37.450","DISPLAY\Default_Monitor\7&16b8ddb4&0&UID260","Default_Monitor"
"2026-09-09 17:46:26.511","DISPLAY\SAM7B0C\7&16b8ddb4&0&UID260","SAM7B0C"
"2026-09-09 17:46:26.784","DISPLAY\Default_Monitor\7&16b8ddb4&0&UID260","Default_Monitor"
"2026-09-09 17:47:10.696","DISPLAY\SAM7B0C\7&16b8ddb4&0&UID260","SAM7B0C"
"2026-09-09 17:47:11.101","DISPLAY\Default_Monitor\7&16b8ddb4&0&UID260","Default_Monitor"
"2026-09-09 17:47:56.692","DISPLAY\SAM7B0C\7&16b8ddb4&0&UID260","SAM7B0C"
"2026-09-09 17:47:57.098","DISPLAY\Default_Monitor\7&16b8ddb4&0&UID260","Default_Monitor"
"2026-09-09 17:48:40.689","DISPLAY\SAM7B0C\7&16b8ddb4&0&UID260","SAM7B0C"
"2026-09-09 17:48:41.096","DISPLAY\Default_Monitor\7&16b8ddb4&0&UID260","Default_Monitor"
"2026-09-09 17:49:26.702","DISPLAY\SAM7B0C\7&16b8ddb4&0&UID260","SAM7B0C"
"2026-09-09 17:49:27.140","DISPLAY\Default_Monitor\7&16b8ddb4&0&UID260","Default_Monitor"
"2026-09-09 17:50:10.579","DISPLAY\SAM7B0C\7&16b8ddb4&0&UID260","SAM7B0C"
"2026-09-09 17:50:11.017","DISPLAY\Default_Monitor\7&16b8ddb4&0&UID260","Default_Monitor"
"2026-09-09 17:50:56.694","DISPLAY\SAM7B0C\7&16b8ddb4&0&UID260","SAM7B0C"
"2026-09-09 17:50:56.984","DISPLAY\Default_Monitor\7&16b8ddb4&0&UID260","Default_Monitor"
"2026-09-09 17:51:51.257","DISPLAY\SAM7B0C\7&16b8ddb4&0&UID260","SAM7B0C"
"2026-09-09 17:51:51.645","DISPLAY\Default_Monitor\7&16b8ddb4&0&UID260","Default_Monitor"
"2026-09-09 17:52:33.377","DISPLAY\SAM7B0C\7&16b8ddb4&0&UID260","SAM7B0C"
"2026-09-09 17:52:33.647","DISPLAY\Default_Monitor\7&16b8ddb4&0&UID260","Default_Monitor"
"2026-09-09 17:53:17.206","DISPLAY\SAM7B0C\7&16b8ddb4&0&UID260","SAM7B0C"
"2026-09-09 17:53:17.511","DISPLAY\Default_Monitor\7&16b8ddb4&0&UID260","Default_Monitor"
"2026-09-09 17:53:59.132","DISPLAY\SAM7B0C\7&16b8ddb4&0&UID260","SAM7B0C"
"2026-09-09 17:53:59.537","DISPLAY\Default_Monitor\7&16b8ddb4&0&UID260","Default_Monitor"
"2026-09-09 17:54:39.502","DISPLAY\SAM7B0C\7&16b8ddb4&0&UID260","SAM7B0C"
"2026-09-09 17:54:39.773","DISPLAY\Default_Monitor\7&16b8ddb4&0&UID260","Default_Monitor"
"2026-09-09 17:55:23.528","DISPLAY\SAM7B0C\7&16b8ddb4&0&UID260","SAM7B0C"
"2026-09-09 17:55:23.782","DISPLAY\Default_Monitor\7&16b8ddb4&0&UID260","Default_Monitor"
"2026-09-09 17:56:07.225","DISPLAY\SAM7B0C\7&16b8ddb4&0&UID260","SAM7B0C"
"2026-09-09 17:56:07.479","DISPLAY\Default_Monitor\7&16b8ddb4&0&UID260","Default_Monitor"
"2026-09-09 17:57:24.230","DISPLAY\SAM7B0C\7&16b8ddb4&0&UID260","SAM7B0C"
"2026-09-09 17:57:24.485","DISPLAY\Default_Monitor\7&16b8ddb4&0&UID260","Default_Monitor"
"2026-09-09 17:58:15.715","DISPLAY\SAM7B0C\7&16b8ddb4&0&UID260","SAM7B0C"
"2026-09-09 17:58:16.120","DISPLAY\Default_Monitor\7&16b8ddb4&0&UID260","Default_Monitor"
"2026-09-09 17:58:57.219","DISPLAY\SAM7B0C\7&16b8ddb4&0&UID260","SAM7B0C"
"2026-09-09 17:58:57.658","DISPLAY\Default_Monitor\7&16b8ddb4&0&UID260","Default_Monitor"
"2026-09-09 17:59:45.897","DISPLAY\SAM7B0C\7&16b8ddb4&0&UID260","SAM7B0C"
"2026-09-09 17:59:46.334","DISPLAY\Default_Monitor\7&16b8ddb4&0&UID260","Default_Monitor"
"2026-09-09 18:00:40.895","DISPLAY\SAM7B0C\7&16b8ddb4&0&UID260","SAM7B0C"
"2026-09-09 18:00:41.152","DISPLAY\Default_Monitor\7&16b8ddb4&0&UID260","Default_Monitor"
"2026-09-09 18:01:24.801","DISPLAY\SAM7B0C\7&16b8ddb4&0&UID260","SAM7B0C"
"2026-09-09 18:01:25.076","DISPLAY\Default_Monitor\7&16b8ddb4&0&UID260","Default_Monitor"
"2026-09-09 18:02:06.337","DISPLAY\SAM7B0C\7&16b8ddb4&0&UID260","SAM7B0C"
"2026-09-09 18:02:06.611","DISPLAY\Default_Monitor\7&16b8ddb4&0&UID260","Default_Monitor"
"2026-09-09 18:02:54.888","DISPLAY\SAM7B0C\7&16b8ddb4&0&UID260","SAM7B0C"
"2026-09-09 18:02:55.329","DISPLAY\Default_Monitor\7&16b8ddb4&0&UID260","Default_Monitor"
"2026-09-09 18:03:38.583","DISPLAY\SAM7B0C\7&16b8ddb4&0&UID260","SAM7B0C"
"2026-09-09 18:03:38.838","DISPLAY\Default_Monitor\7&16b8ddb4&0&UID260","Default_Monitor"
"2026-09-09 18:04:15.970","DISPLAY\SAM7B0C\7&16b8ddb4&0&UID260","SAM7B0C"
"2026-09-09 18:04:16.393","DISPLAY\Default_Monitor\7&16b8ddb4&0&UID260","Default_Monitor"
"2026-09-09 18:04:56.333","DISPLAY\SAM7B0C\7&16b8ddb4&0&UID260","SAM7B0C"
"2026-09-09 18:04:56.721","DISPLAY\Default_Monitor\7&16b8ddb4&0&UID260","Default_Monitor"
"2026-09-09 18:05:45.734","DISPLAY\SAM7B0C\7&16b8ddb4&0&UID260","SAM7B0C"
"2026-09-09 18:05:46.142","DISPLAY\Default_Monitor\7&16b8ddb4&0&UID260","Default_Monitor"
"2026-09-09 18:06:25.980","DISPLAY\SAM7B0C\7&16b8ddb4&0&UID260","SAM7B0C"
"2026-09-09 18:06:26.253","DISPLAY\Default_Monitor\7&16b8ddb4&0&UID260","Default_Monitor"
"2026-09-09 18:07:25.982","DISPLAY\SAM7B0C\7&16b8ddb4&0&UID260","SAM7B0C"
"2026-09-09 18:07:26.423","DISPLAY\Default_Monitor\7&16b8ddb4&0&UID260","Default_Monitor"
"2026-09-09 18:08:20.265","DISPLAY\SAM7B0C\7&16b8ddb4&0&UID260","SAM7B0C"
"2026-09-09 18:08:20.689","DISPLAY\Default_Monitor\7&16b8ddb4&0&UID260","Default_Monitor"
"2026-09-09 18:09:10.015","DISPLAY\SAM7B0C\7&16b8ddb4&0&UID260","SAM7B0C"
"2026-09-09 18:09:10.303","DISPLAY\Default_Monitor\7&16b8ddb4&0&UID260","Default_Monitor"
"2026-09-09 18:09:53.862","DISPLAY\SAM7B0C\7&16b8ddb4&0&UID260","SAM7B0C"
"2026-09-09 18:09:54.267","DISPLAY\Default_Monitor\7&16b8ddb4&0&UID260","Default_Monitor"
"2026-09-09 18:10:34.348","DISPLAY\SAM7B0C\7&16b8ddb4&0&UID260","SAM7B0C"
"2026-09-09 18:10:34.621","DISPLAY\Default_Monitor\7&16b8ddb4&0&UID260","Default_Monitor"
"2026-09-09 18:11:15.650","DISPLAY\SAM7B0C\7&16b8ddb4&0&UID260","SAM7B0C"
"2026-09-09 18:11:16.072","DISPLAY\Default_Monitor\7&16b8ddb4&0&UID260","Default_Monitor"
"2026-09-09 18:11:59.352","DISPLAY\SAM7B0C\7&16b8ddb4&0&UID260","SAM7B0C"
"2026-09-09 18:11:59.627","DISPLAY\Default_Monitor\7&16b8ddb4&0&UID260","Default_Monitor"
"2026-09-09 18:12:42.370","DISPLAY\SAM7B0C\7&16b8ddb4&0&UID260","SAM7B0C"
"2026-09-09 18:12:42.774","DISPLAY\Default_Monitor\7&16b8ddb4&0&UID260","Default_Monitor"
"2026-09-09 18:13:29.360","DISPLAY\SAM7B0C\7&16b8ddb4&0&UID260","SAM7B0C"
"2026-09-09 18:13:29.616","DISPLAY\Default_Monitor\7&16b8ddb4&0&UID260","Default_Monitor"
"2026-09-09 18:14:10.380","DISPLAY\SAM7B0C\7&16b8ddb4&0&UID260","SAM7B0C"
"2026-09-09 18:14:10.788","DISPLAY\Default_Monitor\7&16b8ddb4&0&UID260","Default_Monitor"
"2026-09-09 18:14:59.385","DISPLAY\SAM7B0C\7&16b8ddb4&0&UID260","SAM7B0C"
"2026-09-09 18:14:59.790","DISPLAY\Default_Monitor\7&16b8ddb4&0&UID260","Default_Monitor"
"2026-09-09 18:15:43.023","DISPLAY\SAM7B0C\7&16b8ddb4&0&UID260","SAM7B0C"
"2026-09-09 18:15:43.430","DISPLAY\Default_Monitor\7&16b8ddb4&0&UID260","Default_Monitor"
"2026-09-09 18:16:27.009","DISPLAY\SAM7B0C\7&16b8ddb4&0&UID260","SAM7B0C"
"2026-09-09 18:16:27.280","DISPLAY\Default_Monitor\7&16b8ddb4&0&UID260","Default_Monitor"
"2026-09-09 18:17:13.111","DISPLAY\SAM7B0C\7&16b8ddb4&0&UID260","SAM7B0C"
"2026-09-09 18:17:13.366","DISPLAY\Default_Monitor\7&16b8ddb4&0&UID260","Default_Monitor"
"2026-09-09 18:17:57.012","DISPLAY\SAM7B0C\7&16b8ddb4&0&UID260","SAM7B0C"
"2026-09-09 18:17:57.418","DISPLAY\Default_Monitor\7&16b8ddb4&0&UID260","Default_Monitor"
"2026-09-09 18:18:53.424","DISPLAY\SAM7B0C\7&16b8ddb4&0&UID260","SAM7B0C"
"2026-09-09 18:18:53.695","DISPLAY\Default_Monitor\7&16b8ddb4&0&UID260","Default_Monitor"
"2026-09-09 18:19:43.009","DISPLAY\SAM7B0C\7&16b8ddb4&0&UID260","SAM7B0C"
"2026-09-09 18:19:43.447","DISPLAY\Default_Monitor\7&16b8ddb4&0&UID260","Default_Monitor"
"2026-09-09 18:20:27.006","DISPLAY\SAM7B0C\7&16b8ddb4&0&UID260","SAM7B0C"
"2026-09-09 18:20:27.429","DISPLAY\Default_Monitor\7&16b8ddb4&0&UID260","Default_Monitor"
"2026-09-09 18:21:08.439","DISPLAY\SAM7B0C\7&16b8ddb4&0&UID260","SAM7B0C"
"2026-09-09 18:21:08.862","DISPLAY\Default_Monitor\7&16b8ddb4&0&UID260","Default_Monitor"
"2026-09-09 18:22:15.717","DISPLAY\SAM7B0C\7&16b8ddb4&0&UID260","SAM7B0C"
"2026-09-09 18:22:15.988","DISPLAY\Default_Monitor\7&16b8ddb4&0&UID260","Default_Monitor"
"2026-09-09 18:23:09.935","DISPLAY\SAM7B0C\7&16b8ddb4&0&UID260","SAM7B0C"
"2026-09-09 18:23:10.375","DISPLAY\Default_Monitor\7&16b8ddb4&0&UID260","Default_Monitor"
"2026-09-09 18:23:57.147","DISPLAY\SAM7B0C\7&16b8ddb4&0&UID260","SAM7B0C"
"2026-09-09 18:23:57.417","DISPLAY\Default_Monitor\7&16b8ddb4&0&UID260","Default_Monitor"
"2026-09-09 18:24:41.150","DISPLAY\SAM7B0C\7&16b8ddb4&0&UID260","SAM7B0C"
"2026-09-09 18:24:41.556","DISPLAY\Default_Monitor\7&16b8ddb4&0&UID260","Default_Monitor"
"2026-09-09 18:25:27.138","DISPLAY\SAM7B0C\7&16b8ddb4&0&UID260","SAM7B0C"
"2026-09-09 18:25:27.592","DISPLAY\Default_Monitor\7&16b8ddb4&0&UID260","Default_Monitor"
"2026-09-09 18:26:11.051","DISPLAY\SAM7B0C\7&16b8ddb4&0&UID260","SAM7B0C"
"2026-09-09 18:26:11.490","DISPLAY\Default_Monitor\7&16b8ddb4&0&UID260","Default_Monitor"
"2026-09-09 18:26:57.124","DISPLAY\SAM7B0C\7&16b8ddb4&0&UID260","SAM7B0C"
"2026-09-09 18:26:57.395","DISPLAY\Default_Monitor\7&16b8ddb4&0&UID260","Default_Monitor"
"2026-09-09 18:27:41.161","DISPLAY\SAM7B0C\7&16b8ddb4&0&UID260","SAM7B0C"
"2026-09-09 18:27:41.598","DISPLAY\Default_Monitor\7&16b8ddb4&0&UID260","Default_Monitor"
"2026-09-09 18:28:26.421","DISPLAY\SAM7B0C\7&16b8ddb4&0&UID260","SAM7B0C"
"2026-09-09 18:28:26.696","DISPLAY\Default_Monitor\7&16b8ddb4&0&UID260","Default_Monitor"
"2026-09-09 18:29:11.179","DISPLAY\SAM7B0C\7&16b8ddb4&0&UID260","SAM7B0C"
"2026-09-09 18:29:11.601","DISPLAY\Default_Monitor\7&16b8ddb4&0&UID260","Default_Monitor"
"2026-09-09 18:30:11.182","DISPLAY\SAM7B0C\7&16b8ddb4&0&UID260","SAM7B0C"
"2026-09-09 18:30:11.437","DISPLAY\Default_Monitor\7&16b8ddb4&0&UID260","Default_Monitor"
"2026-09-09 18:30:55.185","DISPLAY\SAM7B0C\7&16b8ddb4&0&UID260","SAM7B0C"
"2026-09-09 18:30:55.456","DISPLAY\Default_Monitor\7&16b8ddb4&0&UID260","Default_Monitor"
"2026-09-09 18:31:38.199","DISPLAY\SAM7B0C\7&16b8ddb4&0&UID260","SAM7B0C"
"2026-09-09 18:31:38.639","DISPLAY\Default_Monitor\7&16b8ddb4&0&UID260","Default_Monitor"
"2026-09-09 18:32:25.136","DISPLAY\SAM7B0C\7&16b8ddb4&0&UID260","SAM7B0C"
"2026-09-09 18:32:25.574","DISPLAY\Default_Monitor\7&16b8ddb4&0&UID260","Default_Monitor"
"2026-09-09 18:33:27.201","DISPLAY\SAM7B0C\7&16b8ddb4&0&UID260","SAM7B0C"
"2026-09-09 18:33:27.455","DISPLAY\Default_Monitor\7&16b8ddb4&0&UID260","Default_Monitor"
"2026-09-09 18:34:25.947","DISPLAY\SAM7B0C\7&16b8ddb4&0&UID260","SAM7B0C"
"2026-09-09 18:34:26.385","DISPLAY\Default_Monitor\7&16b8ddb4&0&UID260","Default_Monitor"
"2026-09-09 18:35:11.270","DISPLAY\SAM7B0C\7&16b8ddb4&0&UID260","SAM7B0C"
"2026-09-09 18:35:11.508","DISPLAY\Default_Monitor\7&16b8ddb4&0&UID260","Default_Monitor"
"2026-09-09 18:35:57.265","DISPLAY\SAM7B0C\7&16b8ddb4&0&UID260","SAM7B0C"
"2026-09-09 18:35:57.522","DISPLAY\Default_Monitor\7&16b8ddb4&0&UID260","Default_Monitor"
"2026-09-09 18:36:41.290","DISPLAY\SAM7B0C\7&16b8ddb4&0&UID260","SAM7B0C"
"2026-09-09 18:36:41.577","DISPLAY\Default_Monitor\7&16b8ddb4&0&UID260","Default_Monitor"
"2026-09-09 18:37:27.285","DISPLAY\SAM7B0C\7&16b8ddb4&0&UID260","SAM7B0C"
"2026-09-09 18:37:27.726","DISPLAY\Default_Monitor\7&16b8ddb4&0&UID260","Default_Monitor"
"2026-09-09 18:38:11.161","DISPLAY\SAM7B0C\7&16b8ddb4&0&UID260","SAM7B0C"
"2026-09-09 18:38:11.465","DISPLAY\Default_Monitor\7&16b8ddb4&0&UID260","Default_Monitor"
"2026-09-09 18:38:56.276","DISPLAY\SAM7B0C\7&16b8ddb4&0&UID260","SAM7B0C"
"2026-09-09 18:38:56.713","DISPLAY\Default_Monitor\7&16b8ddb4&0&UID260","Default_Monitor"
"2026-09-09 18:39:41.204","DISPLAY\SAM7B0C\7&16b8ddb4&0&UID260","SAM7B0C"
"2026-09-09 18:39:41.642","DISPLAY\Default_Monitor\7&16b8ddb4&0&UID260","Default_Monitor"
"2026-09-09 18:40:27.288","DISPLAY\SAM7B0C\7&16b8ddb4&0&UID260","SAM7B0C"
"2026-09-09 18:40:27.725","DISPLAY\Default_Monitor\7&16b8ddb4&0&UID260","Default_Monitor"
"2026-09-09 18:41:11.337","DISPLAY\SAM7B0C\7&16b8ddb4&0&UID260","SAM7B0C"
"2026-09-09 18:41:11.628","DISPLAY\Default_Monitor\7&16b8ddb4&0&UID260","Default_Monitor"
"2026-09-09 18:42:11.295","DISPLAY\SAM7B0C\7&16b8ddb4&0&UID260","SAM7B0C"
"2026-09-09 18:42:11.698","DISPLAY\Default_Monitor\7&16b8ddb4&0&UID260","Default_Monitor"
"2026-09-09 18:43:05.006","DISPLAY\SAM7B0C\7&16b8ddb4&0&UID260","SAM7B0C"
"2026-09-09 18:43:05.427","DISPLAY\Default_Monitor\7&16b8ddb4&0&UID260","Default_Monitor"
"2026-09-09 18:43:44.584","DISPLAY\SAM7B0C\7&16b8ddb4&0&UID260","SAM7B0C"
"2026-09-09 18:43:44.840","DISPLAY\Default_Monitor\7&16b8ddb4&0&UID260","Default_Monitor"
"2026-09-09 18:44:28.582","DISPLAY\SAM7B0C\7&16b8ddb4&0&UID260","SAM7B0C"
"2026-09-09 18:44:28.837","DISPLAY\Default_Monitor\7&16b8ddb4&0&UID260","Default_Monitor"
"2026-09-09 18:45:09.909","DISPLAY\SAM7B0C\7&16b8ddb4&0&UID260","SAM7B0C"
"2026-09-09 18:45:10.197","DISPLAY\Default_Monitor\7&16b8ddb4&0&UID260","Default_Monitor"
"2026-09-09 18:45:51.305","DISPLAY\SAM7B0C\7&16b8ddb4&0&UID260","SAM7B0C"
"2026-09-09 18:45:51.593","DISPLAY\Default_Monitor\7&16b8ddb4&0&UID260","Default_Monitor"
"2026-09-09 18:46:35.372","DISPLAY\SAM7B0C\7&16b8ddb4&0&UID260","SAM7B0C"
"2026-09-09 18:46:35.659","DISPLAY\Default_Monitor\7&16b8ddb4&0&UID260","Default_Monitor"
"2026-09-09 18:47:17.140","DISPLAY\SAM7B0C\7&16b8ddb4&0&UID260","SAM7B0C"
"2026-09-09 18:47:17.414","DISPLAY\Default_Monitor\7&16b8ddb4&0&UID260","Default_Monitor"
"2026-09-09 18:48:00.361","DISPLAY\SAM7B0C\7&16b8ddb4&0&UID260","SAM7B0C"
"2026-09-09 18:48:00.602","DISPLAY\Default_Monitor\7&16b8ddb4&0&UID260","Default_Monitor"
"2026-09-09 18:48:44.259","DISPLAY\SAM7B0C\7&16b8ddb4&0&UID260","SAM7B0C"
"2026-09-09 18:48:44.517","DISPLAY\Default_Monitor\7&16b8ddb4&0&UID260","Default_Monitor"
"2026-09-09 18:49:26.069","DISPLAY\SAM7B0C\7&16b8ddb4&0&UID260","SAM7B0C"
"2026-09-09 18:49:26.359","DISPLAY\Default_Monitor\7&16b8ddb4&0&UID260","Default_Monitor"
"2026-09-09 18:50:09.395","DISPLAY\SAM7B0C\7&16b8ddb4&0&UID260","SAM7B0C"
"2026-09-09 18:50:09.833","DISPLAY\Default_Monitor\7&16b8ddb4&0&UID260","Default_Monitor"
"2026-09-09 18:51:04.397","DISPLAY\SAM7B0C\7&16b8ddb4&0&UID260","SAM7B0C"
"2026-09-09 18:51:04.653","DISPLAY\Default_Monitor\7&16b8ddb4&0&UID260","Default_Monitor"
"2026-09-09 18:51:53.228","DISPLAY\SAM7B0C\7&16b8ddb4&0&UID260","SAM7B0C"
"2026-09-09 18:51:53.485","DISPLAY\Default_Monitor\7&16b8ddb4&0&UID260","Default_Monitor"
"2026-09-09 18:52:37.402","DISPLAY\SAM7B0C\7&16b8ddb4&0&UID260","SAM7B0C"
"2026-09-09 18:52:37.693","DISPLAY\Default_Monitor\7&16b8ddb4&0&UID260","Default_Monitor"
"2026-09-09 18:53:19.406","DISPLAY\SAM7B0C\7&16b8ddb4&0&UID260","SAM7B0C"
"2026-09-09 18:53:19.811","DISPLAY\Default_Monitor\7&16b8ddb4&0&UID260","Default_Monitor"
"2026-09-09 18:53:59.319","DISPLAY\SAM7B0C\7&16b8ddb4&0&UID260","SAM7B0C"
"2026-09-09 18:53:59.607","DISPLAY\Default_Monitor\7&16b8ddb4&0&UID260","Default_Monitor"
"2026-09-09 18:54:53.743","DISPLAY\SAM7B0C\7&16b8ddb4&0&UID260","SAM7B0C"
"2026-09-09 18:54:54.034","DISPLAY\Default_Monitor\7&16b8ddb4&0&UID260","Default_Monitor"
"2026-09-09 18:55:35.682","DISPLAY\SAM7B0C\7&16b8ddb4&0&UID260","SAM7B0C"
"2026-09-09 18:55:35.968","DISPLAY\Default_Monitor\7&16b8ddb4&0&UID260","Default_Monitor"
"2026-09-09 18:56:29.676","DISPLAY\SAM7B0C\7&16b8ddb4&0&UID260","SAM7B0C"
"2026-09-09 18:56:29.967","DISPLAY\Default_Monitor\7&16b8ddb4&0&UID260","Default_Monitor"
"2026-09-09 18:57:21.413","DISPLAY\SAM7B0C\7&16b8ddb4&0&UID260","SAM7B0C"
"2026-09-09 18:57:21.684","DISPLAY\Default_Monitor\7&16b8ddb4&0&UID260","Default_Monitor"
"2026-09-09 18:58:05.389","DISPLAY\SAM7B0C\7&16b8ddb4&0&UID260","SAM7B0C"
"2026-09-09 18:58:05.796","DISPLAY\Default_Monitor\7&16b8ddb4&0&UID260","Default_Monitor"
"2026-09-09 18:58:46.212","DISPLAY\SAM7B0C\7&16b8ddb4&0&UID260","SAM7B0C"
"2026-09-09 18:58:46.668","DISPLAY\Default_Monitor\7&16b8ddb4&0&UID260","Default_Monitor"
"2026-09-09 18:59:29.349","DISPLAY\SAM7B0C\7&16b8ddb4&0&UID260","SAM7B0C"
"2026-09-09 18:59:29.822","DISPLAY\Default_Monitor\7&16b8ddb4&0&UID260","Default_Monitor"
"2026-09-09 19:00:13.366","DISPLAY\SAM7B0C\7&16b8ddb4&0&UID260","SAM7B0C"
"2026-09-09 19:00:13.787","DISPLAY\Default_Monitor\7&16b8ddb4&0&UID260","Default_Monitor"
"2026-09-09 19:00:52.951","DISPLAY\SAM7B0C\7&16b8ddb4&0&UID260","SAM7B0C"
"2026-09-09 19:00:53.222","DISPLAY\Default_Monitor\7&16b8ddb4&0&UID260","Default_Monitor"
"2026-09-09 19:01:42.976","DISPLAY\SAM7B0C\7&16b8ddb4&0&UID260","SAM7B0C"
"2026-09-09 19:01:43.232","DISPLAY\Default_Monitor\7&16b8ddb4&0&UID260","Default_Monitor"
"2026-09-09 19:02:26.764","DISPLAY\SAM7B0C\7&16b8ddb4&0&UID260","SAM7B0C"
"2026-09-09 19:02:27.019","DISPLAY\Default_Monitor\7&16b8ddb4&0&UID260","Default_Monitor"
"2026-09-09 19:03:37.501","DISPLAY\SAM7B0C\7&16b8ddb4&0&UID260","SAM7B0C"
"2026-09-09 19:03:37.911","DISPLAY\Default_Monitor\7&16b8ddb4&0&UID260","Default_Monitor"
"2026-09-09 19:04:21.484","DISPLAY\SAM7B0C\7&16b8ddb4&0&UID260","SAM7B0C"
"2026-09-09 19:04:21.757","DISPLAY\Default_Monitor\7&16b8ddb4&0&UID260","Default_Monitor"
"2026-09-09 19:05:04.472","DISPLAY\SAM7B0C\7&16b8ddb4&0&UID260","SAM7B0C"
"2026-09-09 19:05:04.746","DISPLAY\Default_Monitor\7&16b8ddb4&0&UID260","Default_Monitor"
"2026-09-09 19:05:51.466","DISPLAY\SAM7B0C\7&16b8ddb4&0&UID260","SAM7B0C"
"2026-09-09 19:05:51.738","DISPLAY\Default_Monitor\7&16b8ddb4&0&UID260","Default_Monitor"
"2026-09-09 19:06:32.541","DISPLAY\SAM7B0C\7&16b8ddb4&0&UID260","SAM7B0C"
"2026-09-09 19:06:32.811","DISPLAY\Default_Monitor\7&16b8ddb4&0&UID260","Default_Monitor"
"2026-09-09 19:07:21.546","DISPLAY\SAM7B0C\7&16b8ddb4&0&UID260","SAM7B0C"
"2026-09-09 19:07:21.937","DISPLAY\Default_Monitor\7&16b8ddb4&0&UID260","Default_Monitor"
"2026-09-09 19:08:05.351","DISPLAY\SAM7B0C\7&16b8ddb4&0&UID260","SAM7B0C"
"2026-09-09 19:08:05.772","DISPLAY\Default_Monitor\7&16b8ddb4&0&UID260","Default_Monitor"
"2026-09-09 19:08:46.315","DISPLAY\SAM7B0C\7&16b8ddb4&0&UID260","SAM7B0C"
"2026-09-09 19:08:46.619","DISPLAY\Default_Monitor\7&16b8ddb4&0&UID260","Default_Monitor"
"2026-09-09 19:09:35.198","DISPLAY\SAM7B0C\7&16b8ddb4&0&UID260","SAM7B0C"
"2026-09-09 19:09:35.640","DISPLAY\Default_Monitor\7&16b8ddb4&0&UID260","Default_Monitor"
"2026-09-09 19:10:29.514","DISPLAY\SAM7B0C\7&16b8ddb4&0&UID260","SAM7B0C"
"2026-09-09 19:10:29.954","DISPLAY\Default_Monitor\7&16b8ddb4&0&UID260","Default_Monitor"
"2026-09-09 19:11:29.238","DISPLAY\SAM7B0C\7&16b8ddb4&0&UID260","SAM7B0C"
"2026-09-09 19:11:29.512","DISPLAY\Default_Monitor\7&16b8ddb4&0&UID260","Default_Monitor"
"2026-09-09 19:12:23.579","DISPLAY\SAM7B0C\7&16b8ddb4&0&UID260","SAM7B0C"
"2026-09-09 19:12:23.884","DISPLAY\Default_Monitor\7&16b8ddb4&0&UID260","Default_Monitor"
"2026-09-09 19:13:16.597","DISPLAY\SAM7B0C\7&16b8ddb4&0&UID260","SAM7B0C"
"2026-09-09 19:13:16.984","DISPLAY\Default_Monitor\7&16b8ddb4&0&UID260","Default_Monitor"
"2026-09-09 19:14:00.613","DISPLAY\SAM7B0C\7&16b8ddb4&0&UID260","SAM7B0C"
"2026-09-09 19:14:01.017","DISPLAY\Default_Monitor\7&16b8ddb4&0&UID260","Default_Monitor"
"2026-09-09 19:14:46.601","DISPLAY\SAM7B0C\7&16b8ddb4&0&UID260","SAM7B0C"
"2026-09-09 19:14:47.026","DISPLAY\Default_Monitor\7&16b8ddb4&0&UID260","Default_Monitor"
"2026-09-09 19:15:40.651","DISPLAY\SAM7B0C\7&16b8ddb4&0&UID260","SAM7B0C"
"2026-09-09 19:15:41.041","DISPLAY\Default_Monitor\7&16b8ddb4&0&UID260","Default_Monitor"
"2026-09-09 19:16:30.592","DISPLAY\SAM7B0C\7&16b8ddb4&0&UID260","SAM7B0C"
"2026-09-09 19:16:30.897","DISPLAY\Default_Monitor\7&16b8ddb4&0&UID260","Default_Monitor"
"2026-09-09 19:17:14.598","DISPLAY\SAM7B0C\7&16b8ddb4&0&UID260","SAM7B0C"
"2026-09-09 19:17:14.888","DISPLAY\Default_Monitor\7&16b8ddb4&0&UID260","Default_Monitor"
"2026-09-09 19:17:57.180","DISPLAY\SAM7B0C\7&16b8ddb4&0&UID260","SAM7B0C"
"2026-09-09 19:17:57.452","DISPLAY\Default_Monitor\7&16b8ddb4&0&UID260","Default_Monitor"
"2026-09-09 19:18:39.616","DISPLAY\SAM7B0C\7&16b8ddb4&0&UID260","SAM7B0C"
"2026-09-09 19:18:40.004","DISPLAY\Default_Monitor\7&16b8ddb4&0&UID260","Default_Monitor"
"2026-09-09 19:19:34.637","DISPLAY\SAM7B0C\7&16b8ddb4&0&UID260","SAM7B0C"
"2026-09-09 19:19:35.094","DISPLAY\Default_Monitor\7&16b8ddb4&0&UID260","Default_Monitor"
"2026-09-09 19:20:14.440","DISPLAY\SAM7B0C\7&16b8ddb4&0&UID260","SAM7B0C"
"2026-09-09 19:20:14.728","DISPLAY\Default_Monitor\7&16b8ddb4&0&UID260","Default_Monitor"
"2026-09-09 19:20:58.580","DISPLAY\SAM7B0C\7&16b8ddb4&0&UID260","SAM7B0C"
"2026-09-09 19:20:58.854","DISPLAY\Default_Monitor\7&16b8ddb4&0&UID260","Default_Monitor"
"2026-09-09 19:21:40.335","DISPLAY\SAM7B0C\7&16b8ddb4&0&UID260","SAM7B0C"
"2026-09-09 19:21:40.777","DISPLAY\Default_Monitor\7&16b8ddb4&0&UID260","Default_Monitor"
"2026-09-09 19:22:38.677","DISPLAY\SAM7B0C\7&16b8ddb4&0&UID260","SAM7B0C"
"2026-09-09 19:22:39.084","DISPLAY\Default_Monitor\7&16b8ddb4&0&UID260","Default_Monitor"
"2026-09-09 19:23:22.474","DISPLAY\SAM7B0C\7&16b8ddb4&0&UID260","SAM7B0C"
"2026-09-09 19:23:22.729","DISPLAY\Default_Monitor\7&16b8ddb4&0&UID260","Default_Monitor"
"2026-09-09 19:24:03.964","DISPLAY\SAM7B0C\7&16b8ddb4&0&UID260","SAM7B0C"
"2026-09-09 19:24:04.221","DISPLAY\Default_Monitor\7&16b8ddb4&0&UID260","Default_Monitor"
"2026-09-09 19:24:52.572","DISPLAY\SAM7B0C\7&16b8ddb4&0&UID260","SAM7B0C"
"2026-09-09 19:24:52.879","DISPLAY\Default_Monitor\7&16b8ddb4&0&UID260","Default_Monitor"
"2026-09-09 19:25:36.478","DISPLAY\SAM7B0C\7&16b8ddb4&0&UID260","SAM7B0C"
"2026-09-09 19:25:36.768","DISPLAY\Default_Monitor\7&16b8ddb4&0&UID260","Default_Monitor"
"2026-09-09 19:26:18.952","DISPLAY\SAM7B0C\7&16b8ddb4&0&UID260","SAM7B0C"
"2026-09-09 19:26:19.224","DISPLAY\Default_Monitor\7&16b8ddb4&0&UID260","Default_Monitor"
"2026-09-09 19:26:59.941","DISPLAY\SAM7B0C\7&16b8ddb4&0&UID260","SAM7B0C"
"2026-09-09 19:27:00.198","DISPLAY\Default_Monitor\7&16b8ddb4&0&UID260","Default_Monitor"
"2026-09-09 19:27:53.984","DISPLAY\SAM7B0C\7&16b8ddb4&0&UID260","SAM7B0C"
"2026-09-09 19:27:54.393","DISPLAY\Default_Monitor\7&16b8ddb4&0&UID260","Default_Monitor"
"2026-09-09 19:28:43.771","DISPLAY\SAM7B0C\7&16b8ddb4&0&UID260","SAM7B0C"
"2026-09-09 19:28:44.045","DISPLAY\Default_Monitor\7&16b8ddb4&0&UID260","Default_Monitor"
"2026-09-09 19:29:27.676","DISPLAY\SAM7B0C\7&16b8ddb4&0&UID260","SAM7B0C"
"2026-09-09 19:29:28.114","DISPLAY\Default_Monitor\7&16b8ddb4&0&UID260","Default_Monitor"
"2026-09-09 19:30:07.111","DISPLAY\SAM7B0C\7&16b8ddb4&0&UID260","SAM7B0C"
"2026-09-09 19:30:07.402","DISPLAY\Default_Monitor\7&16b8ddb4&0&UID260","Default_Monitor"
"2026-09-09 19:30:49.109","DISPLAY\SAM7B0C\7&16b8ddb4&0&UID260","SAM7B0C"
"2026-09-09 19:30:49.529","DISPLAY\Default_Monitor\7&16b8ddb4&0&UID260","Default_Monitor"
"2026-09-09 19:31:32.740","DISPLAY\SAM7B0C\7&16b8ddb4&0&UID260","SAM7B0C"
"2026-09-09 19:31:33.198","DISPLAY\Default_Monitor\7&16b8ddb4&0&UID260","Default_Monitor"
"2026-09-09 19:32:32.749","DISPLAY\SAM7B0C\7&16b8ddb4&0&UID260","SAM7B0C"
"2026-09-09 19:32:33.020","DISPLAY\Default_Monitor\7&16b8ddb4&0&UID260","Default_Monitor"
"2026-09-09 19:33:16.750","DISPLAY\SAM7B0C\7&16b8ddb4&0&UID260","SAM7B0C"
"2026-09-09 19:33:17.139","DISPLAY\Default_Monitor\7&16b8ddb4&0&UID260","Default_Monitor"
"2026-09-09 19:33:56.140","DISPLAY\SAM7B0C\7&16b8ddb4&0&UID260","SAM7B0C"
"2026-09-09 19:33:56.395","DISPLAY\Default_Monitor\7&16b8ddb4&0&UID260","Default_Monitor"
"2026-09-09 19:34:46.725","DISPLAY\SAM7B0C\7&16b8ddb4&0&UID260","SAM7B0C"
"2026-09-09 19:34:46.996","DISPLAY\Default_Monitor\7&16b8ddb4&0&UID260","Default_Monitor"
"2026-09-09 19:35:30.757","DISPLAY\SAM7B0C\7&16b8ddb4&0&UID260","SAM7B0C"
"2026-09-09 19:35:31.180","DISPLAY\Default_Monitor\7&16b8ddb4&0&UID260","Default_Monitor"
"2026-09-09 19:36:12.250","DISPLAY\SAM7B0C\7&16b8ddb4&0&UID260","SAM7B0C"
"2026-09-09 19:36:12.523","DISPLAY\Default_Monitor\7&16b8ddb4&0&UID260","Default_Monitor"
"2026-09-09 19:37:00.722","DISPLAY\SAM7B0C\7&16b8ddb4&0&UID260","SAM7B0C"
"2026-09-09 19:37:01.127","DISPLAY\Default_Monitor\7&16b8ddb4&0&UID260","Default_Monitor"
"2026-09-09 19:37:54.693","DISPLAY\SAM7B0C\7&16b8ddb4&0&UID260","SAM7B0C"
"2026-09-09 19:37:54.964","DISPLAY\Default_Monitor\7&16b8ddb4&0&UID260","Default_Monitor"
"2026-09-09 19:38:46.626","DISPLAY\SAM7B0C\7&16b8ddb4&0&UID260","SAM7B0C"
"2026-09-09 19:38:47.047","DISPLAY\Default_Monitor\7&16b8ddb4&0&UID260","Default_Monitor"
"2026-09-09 19:39:32.696","DISPLAY\SAM7B0C\7&16b8ddb4&0&UID260","SAM7B0C"
"2026-09-09 19:39:33.001","DISPLAY\Default_Monitor\7&16b8ddb4&0&UID260","Default_Monitor"
"2026-09-09 19:40:16.699","DISPLAY\SAM7B0C\7&16b8ddb4&0&UID260","SAM7B0C"
"2026-09-09 19:40:16.957","DISPLAY\Default_Monitor\7&16b8ddb4&0&UID260","Default_Monitor"
"2026-09-09 19:41:00.698","DISPLAY\SAM7B0C\7&16b8ddb4&0&UID260","SAM7B0C"
"2026-09-09 19:41:00.953","DISPLAY\Default_Monitor\7&16b8ddb4&0&UID260","Default_Monitor"
"2026-09-09 19:42:10.667","DISPLAY\SAM7B0C\7&16b8ddb4&0&UID260","SAM7B0C"
"2026-09-09 19:42:10.939","DISPLAY\Default_Monitor\7&16b8ddb4&0&UID260","Default_Monitor"
"2026-09-09 19:42:54.693","DISPLAY\SAM7B0C\7&16b8ddb4&0&UID260","SAM7B0C"
"2026-09-09 19:42:54.950","DISPLAY\Default_Monitor\7&16b8ddb4&0&UID260","Default_Monitor"
"2026-09-09 19:43:38.251","DISPLAY\SAM7B0C\7&16b8ddb4&0&UID260","SAM7B0C"
"2026-09-09 19:43:38.641","DISPLAY\Default_Monitor\7&16b8ddb4&0&UID260","Default_Monitor"
"2026-09-09 19:44:32.361","DISPLAY\SAM7B0C\7&16b8ddb4&0&UID260","SAM7B0C"
"2026-09-09 19:44:32.800","DISPLAY\Default_Monitor\7&16b8ddb4&0&UID260","Default_Monitor"
"2026-09-09 19:45:39.231","DISPLAY\SAM7B0C\7&16b8ddb4&0&UID260","SAM7B0C"
"2026-09-09 19:45:39.502","DISPLAY\Default_Monitor\7&16b8ddb4&0&UID260","Default_Monitor"
"2026-09-09 19:46:24.782","DISPLAY\SAM7B0C\7&16b8ddb4&0&UID260","SAM7B0C"
"2026-09-09 19:46:25.070","DISPLAY\Default_Monitor\7&16b8ddb4&0&UID260","Default_Monitor"
"2026-09-09 19:47:06.274","DISPLAY\SAM7B0C\7&16b8ddb4&0&UID260","SAM7B0C"
"2026-09-09 19:47:06.681","DISPLAY\Default_Monitor\7&16b8ddb4&0&UID260","Default_Monitor"
"2026-09-09 19:47:54.754","DISPLAY\SAM7B0C\7&16b8ddb4&0&UID260","SAM7B0C"
"2026-09-09 19:47:55.209","DISPLAY\Default_Monitor\7&16b8ddb4&0&UID260","Default_Monitor"
"2026-09-09 19:48:38.408","DISPLAY\SAM7B0C\7&16b8ddb4&0&UID260","SAM7B0C"
"2026-09-09 19:48:38.665","DISPLAY\Default_Monitor\7&16b8ddb4&0&UID260","Default_Monitor"
"2026-09-09 19:49:26.745","DISPLAY\SAM7B0C\7&16b8ddb4&0&UID260","SAM7B0C"
"2026-09-09 19:49:27.184","DISPLAY\Default_Monitor\7&16b8ddb4&0&UID260","Default_Monitor"
"2026-09-09 19:50:10.393","DISPLAY\SAM7B0C\7&16b8ddb4&0&UID260","SAM7B0C"
"2026-09-09 19:50:10.815","DISPLAY\Default_Monitor\7&16b8ddb4&0&UID260","Default_Monitor"
"2026-09-09 19:50:56.769","DISPLAY\SAM7B0C\7&16b8ddb4&0&UID260","SAM7B0C"
"2026-09-09 19:50:57.040","DISPLAY\Default_Monitor\7&16b8ddb4&0&UID260","Default_Monitor"
"2026-09-09 19:51:51.419","DISPLAY\SAM7B0C\7&16b8ddb4&0&UID260","SAM7B0C"
"2026-09-09 19:51:51.824","DISPLAY\Default_Monitor\7&16b8ddb4&0&UID260","Default_Monitor"
"2026-09-09 19:52:30.371","DISPLAY\SAM7B0C\7&16b8ddb4&0&UID260","SAM7B0C"
"2026-09-09 19:52:30.643","DISPLAY\Default_Monitor\7&16b8ddb4&0&UID260","Default_Monitor"
"2026-09-09 19:53:14.478","DISPLAY\SAM7B0C\7&16b8ddb4&0&UID260","SAM7B0C"
"2026-09-09 19:53:14.753","DISPLAY\Default_Monitor\7&16b8ddb4&0&UID260","Default_Monitor"
"2026-09-09 19:54:14.359","DISPLAY\SAM7B0C\7&16b8ddb4&0&UID260","SAM7B0C"
"2026-09-09 19:54:14.651","DISPLAY\Default_Monitor\7&16b8ddb4&0&UID260","Default_Monitor"
"2026-09-09 19:54:58.334","DISPLAY\SAM7B0C\7&16b8ddb4&0&UID260","SAM7B0C"
"2026-09-09 19:54:58.791","DISPLAY\Default_Monitor\7&16b8ddb4&0&UID260","Default_Monitor"
"2026-09-09 19:55:41.517","DISPLAY\SAM7B0C\7&16b8ddb4&0&UID260","SAM7B0C"
"2026-09-09 19:55:42.004","DISPLAY\Default_Monitor\7&16b8ddb4&0&UID260","Default_Monitor"
"2026-09-09 19:56:46.607","DISPLAY\SAM7B0C\7&16b8ddb4&0&UID260","SAM7B0C"
"2026-09-09 19:56:46.881","DISPLAY\Default_Monitor\7&16b8ddb4&0&UID260","Default_Monitor"
"2026-09-09 19:57:30.593","DISPLAY\SAM7B0C\7&16b8ddb4&0&UID260","SAM7B0C"
"2026-09-09 19:57:30.867","DISPLAY\Default_Monitor\7&16b8ddb4&0&UID260","Default_Monitor"
"2026-09-09 19:58:16.627","DISPLAY\SAM7B0C\7&16b8ddb4&0&UID260","SAM7B0C"
"2026-09-09 19:58:16.901","DISPLAY\Default_Monitor\7&16b8ddb4&0&UID260","Default_Monitor"
"2026-09-09 19:59:00.602","DISPLAY\SAM7B0C\7&16b8ddb4&0&UID260","SAM7B0C"
"2026-09-09 19:59:00.892","DISPLAY\Default_Monitor\7&16b8ddb4&0&UID260","Default_Monitor"
"2026-09-09 19:59:56.965","DISPLAY\SAM7B0C\7&16b8ddb4&0&UID260","SAM7B0C"
"2026-09-09 19:59:57.406","DISPLAY\Default_Monitor\7&16b8ddb4&0&UID260","Default_Monitor"
"2026-09-09 20:00:40.628","DISPLAY\SAM7B0C\7&16b8ddb4&0&UID260","SAM7B0C"
"2026-09-09 20:00:40.919","DISPLAY\Default_Monitor\7&16b8ddb4&0&UID260","Default_Monitor"
"2026-09-09 20:01:40.612","DISPLAY\SAM7B0C\7&16b8ddb4&0&UID260","SAM7B0C"
"2026-09-09 20:01:40.885","DISPLAY\Default_Monitor\7&16b8ddb4&0&UID260","Default_Monitor"
"2026-09-09 20:02:24.600","DISPLAY\SAM7B0C\7&16b8ddb4&0&UID260","SAM7B0C"
"2026-09-09 20:02:24.886","DISPLAY\Default_Monitor\7&16b8ddb4&0&UID260","Default_Monitor"
"2026-09-09 20:03:07.598","DISPLAY\SAM7B0C\7&16b8ddb4&0&UID260","SAM7B0C"
"2026-09-09 20:03:07.868","DISPLAY\Default_Monitor\7&16b8ddb4&0&UID260","Default_Monitor"
"2026-09-09 20:03:54.652","DISPLAY\SAM7B0C\7&16b8ddb4&0&UID260","SAM7B0C"
"2026-09-09 20:03:55.057","DISPLAY\Default_Monitor\7&16b8ddb4&0&UID260","Default_Monitor"
"2026-09-09 20:04:36.597","DISPLAY\SAM7B0C\7&16b8ddb4&0&UID260","SAM7B0C"
"2026-09-09 20:04:37.038","DISPLAY\Default_Monitor\7&16b8ddb4&0&UID260","Default_Monitor"
"2026-09-09 20:05:34.983","DISPLAY\SAM7B0C\7&16b8ddb4&0&UID260","SAM7B0C"
"2026-09-09 20:05:35.388","DISPLAY\Default_Monitor\7&16b8ddb4&0&UID260","Default_Monitor"
"2026-09-09 20:06:29.057","DISPLAY\SAM7B0C\7&16b8ddb4&0&UID260","SAM7B0C"
"2026-09-09 20:06:29.330","DISPLAY\Default_Monitor\7&16b8ddb4&0&UID260","Default_Monitor"
"2026-09-09 20:07:18.705","DISPLAY\SAM7B0C\7&16b8ddb4&0&UID260","SAM7B0C"
"2026-09-09 20:07:19.144","DISPLAY\Default_Monitor\7&16b8ddb4&0&UID260","Default_Monitor"
"2026-09-09 20:08:02.583","DISPLAY\SAM7B0C\7&16b8ddb4&0&UID260","SAM7B0C"
"2026-09-09 20:08:02.987","DISPLAY\Default_Monitor\7&16b8ddb4&0&UID260","Default_Monitor"
"2026-09-09 20:09:02.672","DISPLAY\SAM7B0C\7&16b8ddb4&0&UID260","SAM7B0C"
"2026-09-09 20:09:03.127","DISPLAY\Default_Monitor\7&16b8ddb4&0&UID260","Default_Monitor"
"2026-09-09 20:09:46.699","DISPLAY\SAM7B0C\7&16b8ddb4&0&UID260","SAM7B0C"
"2026-09-09 20:09:47.188","DISPLAY\Default_Monitor\7&16b8ddb4&0&UID260","Default_Monitor"
"2026-09-09 20:10:27.674","DISPLAY\SAM7B0C\7&16b8ddb4&0&UID260","SAM7B0C"
"2026-09-09 20:10:28.066","DISPLAY\Default_Monitor\7&16b8ddb4&0&UID260","Default_Monitor"
"2026-09-09 20:11:16.449","DISPLAY\SAM7B0C\7&16b8ddb4&0&UID260","SAM7B0C"
"2026-09-09 20:11:16.741","DISPLAY\Default_Monitor\7&16b8ddb4&0&UID260","Default_Monitor"
"2026-09-09 20:12:00.774","DISPLAY\SAM7B0C\7&16b8ddb4&0&UID260","SAM7B0C"
"2026-09-09 20:12:01.211","DISPLAY\Default_Monitor\7&16b8ddb4&0&UID260","Default_Monitor"
"2026-09-09 20:13:00.721","DISPLAY\SAM7B0C\7&16b8ddb4&0&UID260","SAM7B0C"
"2026-09-09 20:13:00.992","DISPLAY\Default_Monitor\7&16b8ddb4&0&UID260","Default_Monitor"
"2026-09-09 20:13:44.733","DISPLAY\SAM7B0C\7&16b8ddb4&0&UID260","SAM7B0C"
"2026-09-09 20:13:45.023","DISPLAY\Default_Monitor\7&16b8ddb4&0&UID260","Default_Monitor"
"2026-09-09 20:14:57.103","DISPLAY\SAM7B0C\7&16b8ddb4&0&UID260","SAM7B0C"
"2026-09-09 20:14:57.491","DISPLAY\Default_Monitor\7&16b8ddb4&0&UID260","Default_Monitor"
"2026-09-09 20:15:40.727","DISPLAY\SAM7B0C\7&16b8ddb4&0&UID260","SAM7B0C"
"2026-09-09 20:15:41.017","DISPLAY\Default_Monitor\7&16b8ddb4&0&UID260","Default_Monitor"
"2026-09-09 20:16:27.027","DISPLAY\SAM7B0C\7&16b8ddb4&0&UID260","SAM7B0C"
"2026-09-09 20:16:27.466","DISPLAY\Default_Monitor\7&16b8ddb4&0&UID260","Default_Monitor"
"2026-09-09 20:17:10.916","DISPLAY\SAM7B0C\7&16b8ddb4&0&UID260","SAM7B0C"
"2026-09-09 20:17:11.189","DISPLAY\Default_Monitor\7&16b8ddb4&0&UID260","Default_Monitor"
"2026-09-09 20:17:57.245","DISPLAY\SAM7B0C\7&16b8ddb4&0&UID260","SAM7B0C"
"2026-09-09 20:17:57.687","DISPLAY\Default_Monitor\7&16b8ddb4&0&UID260","Default_Monitor"
"2026-09-09 20:18:51.148","DISPLAY\SAM7B0C\7&16b8ddb4&0&UID260","SAM7B0C"
"2026-09-09 20:18:51.623","DISPLAY\Default_Monitor\7&16b8ddb4&0&UID260","Default_Monitor"
"2026-09-09 20:19:51.255","DISPLAY\SAM7B0C\7&16b8ddb4&0&UID260","SAM7B0C"
"2026-09-09 20:19:51.528","DISPLAY\Default_Monitor\7&16b8ddb4&0&UID260","Default_Monitor"
"2026-09-09 20:20:35.295","DISPLAY\SAM7B0C\7&16b8ddb4&0&UID260","SAM7B0C"
"2026-09-09 20:20:35.616","DISPLAY\Default_Monitor\7&16b8ddb4&0&UID260","Default_Monitor"
"2026-09-09 20:21:16.291","DISPLAY\SAM7B0C\7&16b8ddb4&0&UID260","SAM7B0C"
"2026-09-09 20:21:16.583","DISPLAY\Default_Monitor\7&16b8ddb4&0&UID260","Default_Monitor"
"2026-09-09 20:22:36.804","DISPLAY\SAM7B0C\7&16b8ddb4&0&UID260","SAM7B0C"
"2026-09-09 20:22:37.261","DISPLAY\Default_Monitor\7&16b8ddb4&0&UID260","Default_Monitor"
"2026-09-09 20:23:30.772","DISPLAY\SAM7B0C\7&16b8ddb4&0&UID260","SAM7B0C"
"2026-09-09 20:23:31.210","DISPLAY\Default_Monitor\7&16b8ddb4&0&UID260","Default_Monitor"
"2026-09-09 20:24:20.689","DISPLAY\SAM7B0C\7&16b8ddb4&0&UID260","SAM7B0C"
"2026-09-09 20:24:21.110","DISPLAY\Default_Monitor\7&16b8ddb4&0&UID260","Default_Monitor"
"2026-09-09 20:25:04.337","DISPLAY\SAM7B0C\7&16b8ddb4&0&UID260","SAM7B0C"
"2026-09-09 20:25:04.776","DISPLAY\Default_Monitor\7&16b8ddb4&0&UID260","Default_Monitor"
"2026-09-09 20:26:04.347","DISPLAY\SAM7B0C\7&16b8ddb4&0&UID260","SAM7B0C"
"2026-09-09 20:26:04.788","DISPLAY\Default_Monitor\7&16b8ddb4&0&UID260","Default_Monitor"
"2026-09-09 20:26:48.210","DISPLAY\SAM7B0C\7&16b8ddb4&0&UID260","SAM7B0C"
"2026-09-09 20:26:48.498","DISPLAY\Default_Monitor\7&16b8ddb4&0&UID260","Default_Monitor"
"2026-09-09 20:27:58.340","DISPLAY\SAM7B0C\7&16b8ddb4&0&UID260","SAM7B0C"
"2026-09-09 20:27:58.795","DISPLAY\Default_Monitor\7&16b8ddb4&0&UID260","Default_Monitor"
"2026-09-09 20:28:42.336","DISPLAY\SAM7B0C\7&16b8ddb4&0&UID260","SAM7B0C"
"2026-09-09 20:28:42.607","DISPLAY\Default_Monitor\7&16b8ddb4&0&UID260","Default_Monitor"
"2026-09-09 20:29:25.811","DISPLAY\SAM7B0C\7&16b8ddb4&0&UID260","SAM7B0C"
"2026-09-09 20:29:26.264","DISPLAY\Default_Monitor\7&16b8ddb4&0&UID260","Default_Monitor"
"2026-09-09 20:30:12.338","DISPLAY\SAM7B0C\7&16b8ddb4&0&UID260","SAM7B0C"
"2026-09-09 20:30:12.609","DISPLAY\Default_Monitor\7&16b8ddb4&0&UID260","Default_Monitor"
"2026-09-09 20:31:17.353","DISPLAY\SAM7B0C\7&16b8ddb4&0&UID260","SAM7B0C"
"2026-09-09 20:31:17.758","DISPLAY\Default_Monitor\7&16b8ddb4&0&UID260","Default_Monitor"
"2026-09-09 20:32:11.831","DISPLAY\SAM7B0C\7&16b8ddb4&0&UID260","SAM7B0C"
"2026-09-09 20:32:12.101","DISPLAY\Default_Monitor\7&16b8ddb4&0&UID260","Default_Monitor"
"2026-09-09 20:33:01.380","DISPLAY\SAM7B0C\7&16b8ddb4&0&UID260","SAM7B0C"
"2026-09-09 20:33:01.669","DISPLAY\Default_Monitor\7&16b8ddb4&0&UID260","Default_Monitor"
"2026-09-09 20:33:45.386","DISPLAY\SAM7B0C\7&16b8ddb4&0&UID260","SAM7B0C"
"2026-09-09 20:33:45.661","DISPLAY\Default_Monitor\7&16b8ddb4&0&UID260","Default_Monitor"
"2026-09-09 20:34:27.420","DISPLAY\SAM7B0C\7&16b8ddb4&0&UID260","SAM7B0C"
"2026-09-09 20:34:27.860","DISPLAY\Default_Monitor\7&16b8ddb4&0&UID260","Default_Monitor"
"2026-09-09 20:35:08.412","DISPLAY\SAM7B0C\7&16b8ddb4&0&UID260","SAM7B0C"
"2026-09-09 20:35:08.869","DISPLAY\Default_Monitor\7&16b8ddb4&0&UID260","Default_Monitor"
"2026-09-09 20:36:12.868","DISPLAY\SAM7B0C\7&16b8ddb4&0&UID260","SAM7B0C"
"2026-09-09 20:36:13.156","DISPLAY\Default_Monitor\7&16b8ddb4&0&UID260","Default_Monitor"
"2026-09-09 20:37:27.416","DISPLAY\SAM7B0C\7&16b8ddb4&0&UID260","SAM7B0C"
"2026-09-09 20:37:27.821","DISPLAY\Default_Monitor\7&16b8ddb4&0&UID260","Default_Monitor"
"2026-09-09 20:38:11.408","DISPLAY\SAM7B0C\7&16b8ddb4&0&UID260","SAM7B0C"
"2026-09-09 20:38:11.680","DISPLAY\Default_Monitor\7&16b8ddb4&0&UID260","Default_Monitor"
"2026-09-09 20:38:57.408","DISPLAY\SAM7B0C\7&16b8ddb4&0&UID260","SAM7B0C"
"2026-09-09 20:38:57.796","DISPLAY\Default_Monitor\7&16b8ddb4&0&UID260","Default_Monitor"
"2026-09-09 20:39:41.221","DISPLAY\SAM7B0C\7&16b8ddb4&0&UID260","SAM7B0C"
"2026-09-09 20:39:41.710","DISPLAY\Default_Monitor\7&16b8ddb4&0&UID260","Default_Monitor"
"2026-09-09 20:40:28.406","DISPLAY\SAM7B0C\7&16b8ddb4&0&UID260","SAM7B0C"
"2026-09-09 20:40:28.677","DISPLAY\Default_Monitor\7&16b8ddb4&0&UID260","Default_Monitor"
"2026-09-09 20:41:12.427","DISPLAY\SAM7B0C\7&16b8ddb4&0&UID260","SAM7B0C"
"2026-09-09 20:41:12.718","DISPLAY\Default_Monitor\7&16b8ddb4&0&UID260","Default_Monitor"
"2026-09-09 20:41:54.899","DISPLAY\SAM7B0C\7&16b8ddb4&0&UID260","SAM7B0C"
"2026-09-09 20:41:55.304","DISPLAY\Default_Monitor\7&16b8ddb4&0&UID260","Default_Monitor"
"2026-09-09 20:42:52.901","DISPLAY\SAM7B0C\7&16b8ddb4&0&UID260","SAM7B0C"
"2026-09-09 20:42:53.191","DISPLAY\Default_Monitor\7&16b8ddb4&0&UID260","Default_Monitor"
"2026-09-09 20:43:42.476","DISPLAY\SAM7B0C\7&16b8ddb4&0&UID260","SAM7B0C"
"2026-09-09 20:43:42.917","DISPLAY\Default_Monitor\7&16b8ddb4&0&UID260","Default_Monitor"
"2026-09-09 20:44:26.426","DISPLAY\SAM7B0C\7&16b8ddb4&0&UID260","SAM7B0C"
"2026-09-09 20:44:26.883","DISPLAY\Default_Monitor\7&16b8ddb4&0&UID260","Default_Monitor"
"2026-09-09 20:45:07.919","DISPLAY\SAM7B0C\7&16b8ddb4&0&UID260","SAM7B0C"
"2026-09-09 20:45:08.206","DISPLAY\Default_Monitor\7&16b8ddb4&0&UID260","Default_Monitor"
"2026-09-09 20:45:56.449","DISPLAY\SAM7B0C\7&16b8ddb4&0&UID260","SAM7B0C"
"2026-09-09 20:45:56.854","DISPLAY\Default_Monitor\7&16b8ddb4&0&UID260","Default_Monitor"
"2026-09-09 20:46:39.971","DISPLAY\SAM7B0C\7&16b8ddb4&0&UID260","SAM7B0C"
"2026-09-09 20:46:40.241","DISPLAY\Default_Monitor\7&16b8ddb4&0&UID260","Default_Monitor"
"2026-09-09 20:47:21.926","DISPLAY\SAM7B0C\7&16b8ddb4&0&UID260","SAM7B0C"
"2026-09-09 20:47:22.349","DISPLAY\Default_Monitor\7&16b8ddb4&0&UID260","Default_Monitor"
"2026-09-09 20:48:20.495","DISPLAY\SAM7B0C\7&16b8ddb4&0&UID260","SAM7B0C"
"2026-09-09 20:48:20.783","DISPLAY\Default_Monitor\7&16b8ddb4&0&UID260","Default_Monitor"
"2026-09-09 20:49:04.496","DISPLAY\SAM7B0C\7&16b8ddb4&0&UID260","SAM7B0C"
"2026-09-09 20:49:04.900","DISPLAY\Default_Monitor\7&16b8ddb4&0&UID260","Default_Monitor"
"2026-09-09 20:49:46.509","DISPLAY\SAM7B0C\7&16b8ddb4&0&UID260","SAM7B0C"
"2026-09-09 20:49:46.948","DISPLAY\Default_Monitor\7&16b8ddb4&0&UID260","Default_Monitor"
"2026-09-09 20:50:34.505","DISPLAY\SAM7B0C\7&16b8ddb4&0&UID260","SAM7B0C"
"2026-09-09 20:50:34.961","DISPLAY\Default_Monitor\7&16b8ddb4&0&UID260","Default_Monitor"
"2026-09-09 20:51:18.509","DISPLAY\SAM7B0C\7&16b8ddb4&0&UID260","SAM7B0C"
"2026-09-09 20:51:18.784","DISPLAY\Default_Monitor\7&16b8ddb4&0&UID260","Default_Monitor"
"2026-09-09 20:52:01.695","DISPLAY\SAM7B0C\7&16b8ddb4&0&UID260","SAM7B0C"
"2026-09-09 20:52:02.151","DISPLAY\Default_Monitor\7&16b8ddb4&0&UID260","Default_Monitor"
"2026-09-09 20:52:58.512","DISPLAY\SAM7B0C\7&16b8ddb4&0&UID260","SAM7B0C"
"2026-09-09 20:52:58.917","DISPLAY\Default_Monitor\7&16b8ddb4&0&UID260","Default_Monitor"
"2026-09-09 20:53:57.544","DISPLAY\SAM7B0C\7&16b8ddb4&0&UID260","SAM7B0C"
"2026-09-09 20:53:57.835","DISPLAY\Default_Monitor\7&16b8ddb4&0&UID260","Default_Monitor"
"2026-09-09 20:54:41.605","DISPLAY\SAM7B0C\7&16b8ddb4&0&UID260","SAM7B0C"
"2026-09-09 20:54:41.895","DISPLAY\Default_Monitor\7&16b8ddb4&0&UID260","Default_Monitor"
"2026-09-09 20:55:28.504","DISPLAY\SAM7B0C\7&16b8ddb4&0&UID260","SAM7B0C"
"2026-09-09 20:55:28.808","DISPLAY\Default_Monitor\7&16b8ddb4&0&UID260","Default_Monitor"
"2026-09-09 20:56:13.033","DISPLAY\SAM7B0C\7&16b8ddb4&0&UID260","SAM7B0C"
"2026-09-09 20:56:13.473","DISPLAY\Default_Monitor\7&16b8ddb4&0&UID260","Default_Monitor"
"2026-09-09 20:56:58.499","DISPLAY\SAM7B0C\7&16b8ddb4&0&UID260","SAM7B0C"
"2026-09-09 20:56:58.988","DISPLAY\Default_Monitor\7&16b8ddb4&0&UID260","Default_Monitor"
"2026-09-09 20:57:42.504","DISPLAY\SAM7B0C\7&16b8ddb4&0&UID260","SAM7B0C"
"2026-09-09 20:57:42.928","DISPLAY\Default_Monitor\7&16b8ddb4&0&UID260","Default_Monitor"
"2026-09-09 20:58:28.509","DISPLAY\SAM7B0C\7&16b8ddb4&0&UID260","SAM7B0C"
"2026-09-09 20:58:28.913","DISPLAY\Default_Monitor\7&16b8ddb4&0&UID260","Default_Monitor"
"2026-09-09 20:59:12.505","DISPLAY\SAM7B0C\7&16b8ddb4&0&UID260","SAM7B0C"
"2026-09-09 20:59:12.776","DISPLAY\Default_Monitor\7&16b8ddb4&0&UID260","Default_Monitor"
"2026-09-09 20:59:57.496","DISPLAY\SAM7B0C\7&16b8ddb4&0&UID260","SAM7B0C"
"2026-09-09 20:59:57.937","DISPLAY\Default_Monitor\7&16b8ddb4&0&UID260","Default_Monitor"
"2026-09-09 21:00:42.593","DISPLAY\SAM7B0C\7&16b8ddb4&0&UID260","SAM7B0C"
"2026-09-09 21:00:42.867","DISPLAY\Default_Monitor\7&16b8ddb4&0&UID260","Default_Monitor"
"2026-09-09 21:01:28.501","DISPLAY\SAM7B0C\7&16b8ddb4&0&UID260","SAM7B0C"
"2026-09-09 21:01:28.773","DISPLAY\Default_Monitor\7&16b8ddb4&0&UID260","Default_Monitor"
"2026-09-09 21:02:12.572","DISPLAY\SAM7B0C\7&16b8ddb4&0&UID260","SAM7B0C"
"2026-09-09 21:02:12.861","DISPLAY\Default_Monitor\7&16b8ddb4&0&UID260","Default_Monitor"
"2026-09-09 21:02:58.504","DISPLAY\SAM7B0C\7&16b8ddb4&0&UID260","SAM7B0C"
"2026-09-09 21:02:58.810","DISPLAY\Default_Monitor\7&16b8ddb4&0&UID260","Default_Monitor"
"2026-09-09 21:03:42.501","DISPLAY\SAM7B0C\7&16b8ddb4&0&UID260","SAM7B0C"
"2026-09-09 21:03:42.908","DISPLAY\Default_Monitor\7&16b8ddb4&0&UID260","Default_Monitor"
"2026-09-09 21:04:29.058","DISPLAY\SAM7B0C\7&16b8ddb4&0&UID260","SAM7B0C"
"2026-09-09 21:04:29.515","DISPLAY\Default_Monitor\7&16b8ddb4&0&UID260","Default_Monitor"
"2026-09-09 21:05:12.796","DISPLAY\SAM7B0C\7&16b8ddb4&0&UID260","SAM7B0C"
"2026-09-09 21:05:13.236","DISPLAY\Default_Monitor\7&16b8ddb4&0&UID260","Default_Monitor"
"2026-09-09 21:05:57.594","DISPLAY\SAM7B0C\7&16b8ddb4&0&UID260","SAM7B0C"
"2026-09-09 21:05:57.887","DISPLAY\Default_Monitor\7&16b8ddb4&0&UID260","Default_Monitor"
"2026-09-09 21:06:53.060","DISPLAY\SAM7B0C\7&16b8ddb4&0&UID260","SAM7B0C"
"2026-09-09 21:06:53.502","DISPLAY\Default_Monitor\7&16b8ddb4&0&UID260","Default_Monitor"
"2026-09-09 21:07:53.055","DISPLAY\SAM7B0C\7&16b8ddb4&0&UID260","SAM7B0C"
"2026-09-09 21:07:53.526","DISPLAY\Default_Monitor\7&16b8ddb4&0&UID260","Default_Monitor"
"2026-09-09 21:08:37.063","DISPLAY\SAM7B0C\7&16b8ddb4&0&UID260","SAM7B0C"
"2026-09-09 21:08:37.500","DISPLAY\Default_Monitor\7&16b8ddb4&0&UID260","Default_Monitor"
"2026-09-09 21:09:22.071","DISPLAY\SAM7B0C\7&16b8ddb4&0&UID260","SAM7B0C"
"2026-09-09 21:09:22.525","DISPLAY\Default_Monitor\7&16b8ddb4&0&UID260","Default_Monitor"
"2026-09-09 21:10:07.065","DISPLAY\SAM7B0C\7&16b8ddb4&0&UID260","SAM7B0C"
"2026-09-09 21:10:07.472","DISPLAY\Default_Monitor\7&16b8ddb4&0&UID260","Default_Monitor"
"2026-09-09 21:10:47.541","DISPLAY\SAM7B0C\7&16b8ddb4&0&UID260","SAM7B0C"
"2026-09-09 21:10:47.983","DISPLAY\Default_Monitor\7&16b8ddb4&0&UID260","Default_Monitor"
"2026-09-09 21:11:36.907","DISPLAY\SAM7B0C\7&16b8ddb4&0&UID260","SAM7B0C"
"2026-09-09 21:11:37.181","DISPLAY\Default_Monitor\7&16b8ddb4&0&UID260","Default_Monitor"
"2026-09-09 21:12:20.577","DISPLAY\SAM7B0C\7&16b8ddb4&0&UID260","SAM7B0C"
"2026-09-09 21:12:20.984","DISPLAY\Default_Monitor\7&16b8ddb4&0&UID260","Default_Monitor"
"2026-09-09 21:13:01.383","DISPLAY\SAM7B0C\7&16b8ddb4&0&UID260","SAM7B0C"
"2026-09-09 21:13:01.773","DISPLAY\Default_Monitor\7&16b8ddb4&0&UID260","Default_Monitor"
"2026-09-09 21:13:50.575","DISPLAY\SAM7B0C\7&16b8ddb4&0&UID260","SAM7B0C"
"2026-09-09 21:13:51.015","DISPLAY\Default_Monitor\7&16b8ddb4&0&UID260","Default_Monitor"
"2026-09-09 21:14:48.120","DISPLAY\SAM7B0C\7&16b8ddb4&0&UID260","SAM7B0C"
"2026-09-09 21:14:48.560","DISPLAY\Default_Monitor\7&16b8ddb4&0&UID260","Default_Monitor"
"2026-09-09 21:15:34.590","DISPLAY\SAM7B0C\7&16b8ddb4&0&UID260","SAM7B0C"
"2026-09-09 21:15:35.061","DISPLAY\Default_Monitor\7&16b8ddb4&0&UID260","Default_Monitor"
"2026-09-09 21:16:18.131","DISPLAY\SAM7B0C\7&16b8ddb4&0&UID260","SAM7B0C"
"2026-09-09 21:16:18.571","DISPLAY\Default_Monitor\7&16b8ddb4&0&UID260","Default_Monitor"
"2026-09-09 21:17:14.557","DISPLAY\SAM7B0C\7&16b8ddb4&0&UID260","SAM7B0C"
"2026-09-09 21:17:14.946","DISPLAY\Default_Monitor\7&16b8ddb4&0&UID260","Default_Monitor"
"2026-09-09 21:18:04.588","DISPLAY\SAM7B0C\7&16b8ddb4&0&UID260","SAM7B0C"
"2026-09-09 21:18:05.009","DISPLAY\Default_Monitor\7&16b8ddb4&0&UID260","Default_Monitor"
"2026-09-09 21:18:58.598","DISPLAY\SAM7B0C\7&16b8ddb4&0&UID260","SAM7B0C"
"2026-09-09 21:18:58.885","DISPLAY\Default_Monitor\7&16b8ddb4&0&UID260","Default_Monitor"
"2026-09-09 21:19:51.168","DISPLAY\SAM7B0C\7&16b8ddb4&0&UID260","SAM7B0C"
"2026-09-09 21:19:51.456","DISPLAY\Default_Monitor\7&16b8ddb4&0&UID260","Default_Monitor"
"2026-09-09 21:20:48.161","DISPLAY\SAM7B0C\7&16b8ddb4&0&UID260","SAM7B0C"
"2026-09-09 21:20:48.619","DISPLAY\Default_Monitor\7&16b8ddb4&0&UID260","Default_Monitor"
"2026-09-09 21:21:35.193","DISPLAY\SAM7B0C\7&16b8ddb4&0&UID260","SAM7B0C"
"2026-09-09 21:21:35.614","DISPLAY\Default_Monitor\7&16b8ddb4&0&UID260","Default_Monitor"
"2026-09-09 21:22:18.160","DISPLAY\SAM7B0C\7&16b8ddb4&0&UID260","SAM7B0C"
"2026-09-09 21:22:18.448","DISPLAY\Default_Monitor\7&16b8ddb4&0&UID260","Default_Monitor"
"2026-09-09 21:23:15.712","DISPLAY\SAM7B0C\7&16b8ddb4&0&UID260","SAM7B0C"
"2026-09-09 21:23:16.153","DISPLAY\Default_Monitor\7&16b8ddb4&0&UID260","Default_Monitor"
"2026-09-09 21:24:09.718","DISPLAY\SAM7B0C\7&16b8ddb4&0&UID260","SAM7B0C"
"2026-09-09 21:24:10.174","DISPLAY\Default_Monitor\7&16b8ddb4&0&UID260","Default_Monitor"
"2026-09-09 21:24:53.244","DISPLAY\SAM7B0C\7&16b8ddb4&0&UID260","SAM7B0C"
"2026-09-09 21:24:53.664","DISPLAY\Default_Monitor\7&16b8ddb4&0&UID260","Default_Monitor"
"2026-09-09 21:25:38.175","DISPLAY\SAM7B0C\7&16b8ddb4&0&UID260","SAM7B0C"
"2026-09-09 21:25:38.465","DISPLAY\Default_Monitor\7&16b8ddb4&0&UID260","Default_Monitor"
"2026-09-09 21:26:33.737","DISPLAY\SAM7B0C\7&16b8ddb4&0&UID260","SAM7B0C"
"2026-09-09 21:26:34.042","DISPLAY\Default_Monitor\7&16b8ddb4&0&UID260","Default_Monitor"
"2026-09-09 21:27:23.504","DISPLAY\SAM7B0C\7&16b8ddb4&0&UID260","SAM7B0C"
"2026-09-09 21:27:23.943","DISPLAY\Default_Monitor\7&16b8ddb4&0&UID260","Default_Monitor"
"2026-09-09 21:28:07.576","DISPLAY\SAM7B0C\7&16b8ddb4&0&UID260","SAM7B0C"
"2026-09-09 21:28:07.902","DISPLAY\Default_Monitor\7&16b8ddb4&0&UID260","Default_Monitor"
"2026-09-09 21:28:46.180","DISPLAY\SAM7B0C\7&16b8ddb4&0&UID260","SAM7B0C"
"2026-09-09 21:28:46.620","DISPLAY\Default_Monitor\7&16b8ddb4&0&UID260","Default_Monitor"
"2026-09-09 21:28:53.012","DISPLAY\SAM79DF\7&16b8ddb4&0&UID256","SAM79DF"
"2026-09-09 21:29:24.946","DISPLAY\SAM7B0C\7&16b8ddb4&0&UID260","SAM7B0C"
"2026-09-09 21:29:25.423","DISPLAY\Default_Monitor\7&16b8ddb4&0&UID260","Default_Monitor"
"2026-09-09 21:30:08.466","DISPLAY\SAM7B0C\7&16b8ddb4&0&UID260","SAM7B0C"
"2026-09-09 21:30:08.883","DISPLAY\Default_Monitor\7&16b8ddb4&0&UID260","Default_Monitor"
"2026-09-09 21:46:16.938","DISPLAY\SAM7B0C\7&16b8ddb4&0&UID260","SAM7B0C"
"2026-09-09 21:47:07.022","DISPLAY\SAM7B0C\7&16b8ddb4&0&UID260","SAM7B0C"
"2026-09-09 21:47:07.489","DISPLAY\Default_Monitor\7&16b8ddb4&0&UID260","Default_Monitor"
"2026-09-09 21:47:54.719","DISPLAY\SAM7B0C\7&16b8ddb4&0&UID260","SAM7B0C"
"2026-09-09 21:47:55.146","DISPLAY\Default_Monitor\7&16b8ddb4&0&UID260","Default_Monitor"
"2026-09-09 21:48:36.763","DISPLAY\SAM7B0C\7&16b8ddb4&0&UID260","SAM7B0C"
"2026-09-09 21:48:37.074","DISPLAY\Default_Monitor\7&16b8ddb4&0&UID260","Default_Monitor"
"2026-09-09 21:49:34.854","DISPLAY\SAM7B0C\7&16b8ddb4&0&UID260","SAM7B0C"
"2026-09-09 21:49:35.305","DISPLAY\Default_Monitor\7&16b8ddb4&0&UID260","Default_Monitor"
"2026-09-09 22:02:10.269","DISPLAY\SAM7B0C\7&16b8ddb4&0&UID260","SAM7B0C"
"2026-09-09 22:13:41.345","DISPLAY\SAM7B0C\7&16b8ddb4&0&UID256","SAM7B0C"
"2026-09-09 22:16:22.134","DISPLAY\SAM79DF\7&16b8ddb4&0&UID260","SAM79DF"
"2026-09-09 22:18:02.427","DISPLAY\SAM7B0C\7&16b8ddb4&0&UID256","SAM7B0C"
"2026-09-09 22:18:23.352","DISPLAY\SAM7B0C\7&16b8ddb4&0&UID256","SAM7B0C"
"2026-09-09 22:18:42.850","DISPLAY\SAM7B11\7&16b8ddb4&0&UID256","SAM7B11"
"2026-09-09 22:29:14.325","DISPLAY\SAM79DF\7&16b8ddb4&0&UID260","SAM79DF"
"2026-09-09 22:30:15.873","DISPLAY\SAM79DF\7&16b8ddb4&0&UID260","SAM79DF"
"2026-09-09 22:31:02.910","DISPLAY\SAM79DF\7&16b8ddb4&0&UID260","SAM79DF"
"2026-09-09 22:51:33.218","DISPLAY\SAM7B0C\7&16b8ddb4&0&UID256","SAM7B0C"
"2026-09-09 22:51:33.218","DISPLAY\SAM79DF\7&16b8ddb4&0&UID260","SAM79DF"
"2026-09-09 22:57:01.509","DISPLAY\SAM79DF\7&16b8ddb4&0&UID260","SAM79DF"
"2026-09-09 22:57:01.612","DISPLAY\SAM7B0C\7&16b8ddb4&0&UID256","SAM7B0C"
"2026-09-10 00:19:42.396","DISPLAY\SAM79DF\7&16b8ddb4&0&UID260","SAM79DF"
"2026-09-10 08:26:56.267","DISPLAY\SAM79DF\7&16b8ddb4&0&UID260","SAM79DF"
"2026-09-10 08:28:58.589","DISPLAY\SAM79DF\7&16b8ddb4&0&UID260","SAM79DF"
"2026-09-10 15:46:12.023","DISPLAY\SAM79DF\7&16b8ddb4&0&UID260","SAM79DF"
"2026-09-10 15:46:12.125","DISPLAY\SAM7B0C\7&16b8ddb4&0&UID256","SAM7B0C"
"2026-09-10 16:10:24.423","DISPLAY\SAM79DF\7&16b8ddb4&0&UID260","SAM79DF"
"2026-09-10 16:10:51.664","DISPLAY\SAM7B0C\7&16b8ddb4&0&UID256","SAM7B0C"
"2026-09-10 16:11:50.608","DISPLAY\SAM7B0C\7&16b8ddb4&0&UID256","SAM7B0C"
"2026-09-10 16:14:01.587","DISPLAY\SAM79DF\7&16b8ddb4&0&UID260","SAM79DF"
"2026-09-10 16:14:01.743","DISPLAY\SAM7B0C\7&16b8ddb4&0&UID256","SAM7B0C"
"2026-09-10 17:30:43.631","DISPLAY\SAM79DF\7&16b8ddb4&0&UID260","SAM79DF"
"2026-09-10 17:30:43.732","DISPLAY\SAM7B0C\7&16b8ddb4&0&UID256","SAM7B0C"
"2026-09-10 19:48:44.457","DISPLAY\SAM79DF\7&16b8ddb4&0&UID260","SAM79DF"
"2026-09-10 21:28:52.269","DISPLAY\SAM79DF\7&16b8ddb4&0&UID260","SAM79DF"
"2026-09-10 21:28:52.368","DISPLAY\SAM7B0C\7&16b8ddb4&0&UID256","SAM7B0C"
"2026-09-10 22:57:44.228","DISPLAY\SAM79DF\7&16b8ddb4&0&UID260","SAM79DF"
"2026-09-11 17:51:10.979","DISPLAY\SAM79DF\7&16b8ddb4&0&UID260","SAM79DF"
"2026-09-11 22:25:24.990","DISPLAY\SAM79DF\7&16b8ddb4&0&UID260","SAM79DF"
"2026-09-11 22:25:25.161","DISPLAY\SAM7B0C\7&16b8ddb4&0&UID256","SAM7B0C"
"2026-09-12 12:31:25.142","DISPLAY\SAM79DF\7&16b8ddb4&0&UID260","SAM79DF"
"2026-09-13 11:50:55.617","DISPLAY\SAM79DF\7&16b8ddb4&0&UID260","SAM79DF"
"2026-09-13 11:52:55.084","DISPLAY\SAM7B0C\7&16b8ddb4&0&UID256","SAM7B0C"
"2026-09-13 11:52:55.085","DISPLAY\SAM79DF\7&16b8ddb4&0&UID260","SAM79DF"
"2026-09-13 11:53:09.591","DISPLAY\SAM79DF\7&16b8ddb4&0&UID260","SAM79DF"
"2026-09-13 14:23:02.240","DISPLAY\SAM7B0C\7&16b8ddb4&0&UID256","SAM7B0C"
"2026-09-13 14:23:31.093","DISPLAY\SAM7B0B\7&16b8ddb4&0&UID256","SAM7B0B"
"2026-09-13 18:27:09.853","DISPLAY\SAM79DF\7&16b8ddb4&0&UID260","SAM79DF"
"2026-09-13 18:47:22.354","DISPLAY\SAM7B0C\7&16b8ddb4&0&UID256","SAM7B0C"
"2026-09-13 18:48:05.215","DISPLAY\SAM7B0C\7&16b8ddb4&0&UID256","SAM7B0C"
"2026-09-13 18:48:48.065","DISPLAY\SAM7B0C\7&16b8ddb4&0&UID256","SAM7B0C"
"2026-09-13 18:49:30.723","DISPLAY\SAM7B0C\7&16b8ddb4&0&UID256","SAM7B0C"
"2026-09-13 18:50:13.754","DISPLAY\SAM7B0C\7&16b8ddb4&0&UID256","SAM7B0C"
"2026-09-13 18:50:14.109","DISPLAY\Default_Monitor\7&16b8ddb4&0&UID256","Default_Monitor"
"2026-09-13 18:50:56.368","DISPLAY\SAM7B0C\7&16b8ddb4&0&UID256","SAM7B0C"
"2026-09-13 18:51:38.634","DISPLAY\SAM7B0C\7&16b8ddb4&0&UID256","SAM7B0C"
"2026-09-13 18:51:38.974","DISPLAY\Default_Monitor\7&16b8ddb4&0&UID256","Default_Monitor"
"2026-09-13 18:51:51.622","DISPLAY\SAM79DF\7&16b8ddb4&0&UID260","SAM79DF"
"2026-09-13 21:40:09.139","DISPLAY\SAM79DF\7&16b8ddb4&0&UID260","SAM79DF"
"2026-09-13 23:14:19.175","DISPLAY\SAM79DF\7&16b8ddb4&0&UID260","SAM79DF"
"2026-09-13 23:14:19.272","DISPLAY\SAM7B0C\7&16b8ddb4&0&UID256","SAM7B0C"
"2026-09-14 09:33:43.998","DISPLAY\SAM79DF\7&16b8ddb4&0&UID260","SAM79DF"
"2026-09-14 09:36:19.683","DISPLAY\SAM7B0C\7&16b8ddb4&0&UID256","SAM7B0C"
"2026-09-14 09:36:19.684","DISPLAY\SAM79DF\7&16b8ddb4&0&UID260","SAM79DF"
"2026-09-14 09:36:36.486","DISPLAY\SAM79DF\7&16b8ddb4&0&UID260","SAM79DF"
"2026-09-14 10:37:23.979","DISPLAY\SAM79DF\7&16b8ddb4&0&UID260","SAM79DF"
"2026-09-14 10:57:57.086","DISPLAY\SAM7B0C\7&16b8ddb4&0&UID256","SAM7B0C"
"2026-09-14 10:58:37.884","DISPLAY\SAM7B0C\7&16b8ddb4&0&UID256","SAM7B0C"
"2026-09-14 10:59:35.449","DISPLAY\SAM7B0C\7&16b8ddb4&0&UID256","SAM7B0C"
"2026-09-14 11:00:16.746","DISPLAY\SAM7B0C\7&16b8ddb4&0&UID256","SAM7B0C"
"2026-09-14 11:01:05.486","DISPLAY\SAM7B0C\7&16b8ddb4&0&UID256","SAM7B0C"
"2026-09-14 11:01:46.755","DISPLAY\SAM7B0C\7&16b8ddb4&0&UID256","SAM7B0C"
"2026-09-14 11:02:25.034","DISPLAY\SAM7B0C\7&16b8ddb4&0&UID256","SAM7B0C"
"2026-09-14 11:02:25.387","DISPLAY\Default_Monitor\7&16b8ddb4&0&UID256","Default_Monitor"
"2026-09-14 11:03:07.684","DISPLAY\SAM7B0C\7&16b8ddb4&0&UID256","SAM7B0C"
"2026-09-14 11:03:07.940","DISPLAY\Default_Monitor\7&16b8ddb4&0&UID256","Default_Monitor"
"2026-09-14 11:03:55.017","DISPLAY\SAM7B0C\7&16b8ddb4&0&UID256","SAM7B0C"
"2026-09-14 11:03:55.370","DISPLAY\Default_Monitor\7&16b8ddb4&0&UID256","Default_Monitor"
"2026-09-14 11:04:37.984","DISPLAY\SAM7B0C\7&16b8ddb4&0&UID256","SAM7B0C"
"2026-09-14 11:05:35.492","DISPLAY\SAM7B0C\7&16b8ddb4&0&UID256","SAM7B0C"
"2026-09-14 11:05:35.850","DISPLAY\Default_Monitor\7&16b8ddb4&0&UID256","Default_Monitor"
"2026-09-14 11:06:25.089","DISPLAY\SAM7B0C\7&16b8ddb4&0&UID256","SAM7B0C"
"2026-09-14 11:07:06.319","DISPLAY\SAM7B0C\7&16b8ddb4&0&UID256","SAM7B0C"
"2026-09-14 11:07:06.676","DISPLAY\Default_Monitor\7&16b8ddb4&0&UID256","Default_Monitor"
"2026-09-14 11:08:08.924","DISPLAY\SAM7B0C\7&16b8ddb4&0&UID256","SAM7B0C"
"2026-09-14 11:10:05.602","DISPLAY\SAM7B0C\7&16b8ddb4&0&UID256","SAM7B0C"
"2026-09-14 11:10:05.940","DISPLAY\Default_Monitor\7&16b8ddb4&0&UID256","Default_Monitor"
"2026-09-14 11:10:46.183","DISPLAY\SAM7B0C\7&16b8ddb4&0&UID256","SAM7B0C"
"2026-09-14 11:11:35.603","DISPLAY\SAM7B0C\7&16b8ddb4&0&UID256","SAM7B0C"
"2026-09-14 11:12:16.455","DISPLAY\SAM7B0C\7&16b8ddb4&0&UID256","SAM7B0C"
"2026-09-14 11:13:05.584","DISPLAY\SAM7B0C\7&16b8ddb4&0&UID256","SAM7B0C"
"2026-09-14 11:13:47.854","DISPLAY\SAM7B0C\7&16b8ddb4&0&UID256","SAM7B0C"
"2026-09-14 11:13:48.207","DISPLAY\Default_Monitor\7&16b8ddb4&0&UID256","Default_Monitor"
"2026-09-14 11:14:36.087","DISPLAY\SAM7B0C\7&16b8ddb4&0&UID256","SAM7B0C"
"2026-09-14 11:14:36.362","DISPLAY\Default_Monitor\7&16b8ddb4&0&UID256","Default_Monitor"
"2026-09-14 11:15:27.924","DISPLAY\SAM7B0C\7&16b8ddb4&0&UID256","SAM7B0C"
"2026-09-14 11:16:06.251","DISPLAY\SAM7B0C\7&16b8ddb4&0&UID256","SAM7B0C"
"2026-09-14 11:16:06.509","DISPLAY\Default_Monitor\7&16b8ddb4&0&UID256","Default_Monitor"
"2026-09-14 11:16:58.300","DISPLAY\SAM7B0C\7&16b8ddb4&0&UID256","SAM7B0C"
"2026-09-14 11:17:36.250","DISPLAY\SAM7B0C\7&16b8ddb4&0&UID256","SAM7B0C"
"2026-09-14 11:18:17.072","DISPLAY\SAM7B0C\7&16b8ddb4&0&UID256","SAM7B0C"
"2026-09-14 11:18:17.429","DISPLAY\Default_Monitor\7&16b8ddb4&0&UID256","Default_Monitor"
"2026-09-14 11:19:05.679","DISPLAY\SAM7B0C\7&16b8ddb4&0&UID256","SAM7B0C"
"2026-09-14 11:19:05.932","DISPLAY\Default_Monitor\7&16b8ddb4&0&UID256","Default_Monitor"
"2026-09-14 11:19:47.536","DISPLAY\SAM7B0C\7&16b8ddb4&0&UID256","SAM7B0C"
"2026-09-14 11:19:47.877","DISPLAY\Default_Monitor\7&16b8ddb4&0&UID256","Default_Monitor"
"2026-09-14 11:20:35.699","DISPLAY\SAM7B0C\7&16b8ddb4&0&UID256","SAM7B0C"
"2026-09-14 11:21:16.432","DISPLAY\SAM7B0C\7&16b8ddb4&0&UID256","SAM7B0C"
"2026-09-14 11:22:05.738","DISPLAY\SAM7B0C\7&16b8ddb4&0&UID256","SAM7B0C"
"2026-09-14 11:23:07.708","DISPLAY\SAM7B0C\7&16b8ddb4&0&UID256","SAM7B0C"
"2026-09-14 11:23:08.062","DISPLAY\Default_Monitor\7&16b8ddb4&0&UID256","Default_Monitor"
"2026-09-14 11:23:59.342","DISPLAY\SAM7B0C\7&16b8ddb4&0&UID256","SAM7B0C"
"2026-09-14 11:23:59.597","DISPLAY\Default_Monitor\7&16b8ddb4&0&UID256","Default_Monitor"
"2026-09-14 11:24:41.100","DISPLAY\SAM7B0C\7&16b8ddb4&0&UID256","SAM7B0C"
"2026-09-14 11:24:41.454","DISPLAY\Default_Monitor\7&16b8ddb4&0&UID256","Default_Monitor"
"2026-09-14 11:25:22.826","DISPLAY\SAM7B0C\7&16b8ddb4&0&UID256","SAM7B0C"
"2026-09-14 11:26:03.697","DISPLAY\SAM7B0C\7&16b8ddb4&0&UID256","SAM7B0C"
"2026-09-14 11:26:47.209","DISPLAY\SAM7B0C\7&16b8ddb4&0&UID256","SAM7B0C"
"2026-09-14 11:26:47.566","DISPLAY\Default_Monitor\7&16b8ddb4&0&UID256","Default_Monitor"
"2026-09-14 11:27:29.498","DISPLAY\SAM7B0C\7&16b8ddb4&0&UID256","SAM7B0C"
"2026-09-14 11:28:17.266","DISPLAY\SAM7B0C\7&16b8ddb4&0&UID256","SAM7B0C"
"2026-09-14 11:28:17.619","DISPLAY\Default_Monitor\7&16b8ddb4&0&UID256","Default_Monitor"
"2026-09-14 11:28:58.501","DISPLAY\SAM7B0C\7&16b8ddb4&0&UID256","SAM7B0C"
"2026-09-14 11:29:36.855","DISPLAY\SAM7B0C\7&16b8ddb4&0&UID256","SAM7B0C"
"2026-09-14 11:30:18.119","DISPLAY\SAM7B0C\7&16b8ddb4&0&UID256","SAM7B0C"
"2026-09-14 11:31:05.905","DISPLAY\SAM7B0C\7&16b8ddb4&0&UID256","SAM7B0C"
"2026-09-14 11:31:57.481","DISPLAY\SAM7B0C\7&16b8ddb4&0&UID256","SAM7B0C"
"2026-09-14 11:32:36.461","DISPLAY\SAM7B0C\7&16b8ddb4&0&UID256","SAM7B0C"
"2026-09-14 11:33:37.586","DISPLAY\SAM7B0C\7&16b8ddb4&0&UID256","SAM7B0C"
"2026-09-14 11:34:18.830","DISPLAY\SAM7B0C\7&16b8ddb4&0&UID256","SAM7B0C"
"2026-09-14 11:35:00.099","DISPLAY\SAM7B0C\7&16b8ddb4&0&UID256","SAM7B0C"
"2026-09-14 11:35:00.389","DISPLAY\Default_Monitor\7&16b8ddb4&0&UID256","Default_Monitor"
"2026-09-14 11:35:47.552","DISPLAY\SAM7B0C\7&16b8ddb4&0&UID256","SAM7B0C"
"2026-09-14 11:36:28.056","DISPLAY\SAM7B0C\7&16b8ddb4&0&UID256","SAM7B0C"
"2026-09-14 11:37:16.526","DISPLAY\SAM7B0C\7&16b8ddb4&0&UID256","SAM7B0C"
"2026-09-14 11:38:08.377","DISPLAY\SAM7B0C\7&16b8ddb4&0&UID256","SAM7B0C"
"2026-09-14 11:38:49.658","DISPLAY\SAM7B0C\7&16b8ddb4&0&UID256","SAM7B0C"
"2026-09-14 11:39:55.679","DISPLAY\SAM7B0C\7&16b8ddb4&0&UID256","SAM7B0C"
"2026-09-14 11:39:55.969","DISPLAY\Default_Monitor\7&16b8ddb4&0&UID256","Default_Monitor"
"2026-09-14 11:40:37.004","DISPLAY\SAM7B0C\7&16b8ddb4&0&UID256","SAM7B0C"
"2026-09-14 11:41:25.632","DISPLAY\SAM7B0C\7&16b8ddb4&0&UID256","SAM7B0C"
"2026-09-14 11:42:06.229","DISPLAY\SAM7B0C\7&16b8ddb4&0&UID256","SAM7B0C"
"2026-09-14 11:43:16.209","DISPLAY\SAM7B0C\7&16b8ddb4&0&UID256","SAM7B0C"
"2026-09-14 11:43:59.959","DISPLAY\SAM7B0C\7&16b8ddb4&0&UID256","SAM7B0C"
"2026-09-14 11:44:00.313","DISPLAY\Default_Monitor\7&16b8ddb4&0&UID256","Default_Monitor"
"2026-09-14 11:44:47.962","DISPLAY\SAM7B0C\7&16b8ddb4&0&UID256","SAM7B0C"
"2026-09-14 11:44:48.332","DISPLAY\Default_Monitor\7&16b8ddb4&0&UID256","Default_Monitor"
"2026-09-14 11:45:30.749","DISPLAY\SAM7B0C\7&16b8ddb4&0&UID256","SAM7B0C"
"2026-09-14 11:45:31.070","DISPLAY\Default_Monitor\7&16b8ddb4&0&UID256","Default_Monitor"
"2026-09-14 11:46:17.729","DISPLAY\SAM7B0C\7&16b8ddb4&0&UID256","SAM7B0C"
"2026-09-14 11:47:08.652","DISPLAY\SAM7B0C\7&16b8ddb4&0&UID256","SAM7B0C"
"2026-09-14 11:47:08.677","DISPLAY\Default_Monitor\7&16b8ddb4&0&UID256","Default_Monitor"
"2026-09-14 11:47:50.213","DISPLAY\SAM7B0C\7&16b8ddb4&0&UID256","SAM7B0C"
"2026-09-14 11:53:55.620","DISPLAY\SAM79DF\7&16b8ddb4&0&UID260","SAM79DF"
"2026-09-14 11:53:55.724","DISPLAY\SAM7B0C\7&16b8ddb4&0&UID256","SAM7B0C"
"2026-09-14 12:20:07.986","DISPLAY\SAM79DF\7&16b8ddb4&0&UID260","SAM79DF"
"2026-09-14 12:20:36.947","DISPLAY\SAM7B0C\7&16b8ddb4&0&UID256","SAM7B0C"
"2026-09-14 12:21:19.284","DISPLAY\SAM7B0C\7&16b8ddb4&0&UID256","SAM7B0C"
"2026-09-14 12:22:16.594","DISPLAY\SAM7B0C\7&16b8ddb4&0&UID256","SAM7B0C"
"2026-09-14 12:22:55.621","DISPLAY\SAM7B0C\7&16b8ddb4&0&UID256","SAM7B0C"
"2026-09-14 12:23:36.784","DISPLAY\SAM7B0C\7&16b8ddb4&0&UID256","SAM7B0C"
"2026-09-14 12:24:18.588","DISPLAY\SAM7B0C\7&16b8ddb4&0&UID256","SAM7B0C"
"2026-09-14 12:24:18.841","DISPLAY\Default_Monitor\7&16b8ddb4&0&UID256","Default_Monitor"
"2026-09-14 12:27:55.641","DISPLAY\SAM7B0C\7&16b8ddb4&0&UID256","SAM7B0C"
"2026-09-14 12:29:36.207","DISPLAY\SAM7B0C\7&16b8ddb4&0&UID256","SAM7B0C"
"2026-09-14 12:29:36.562","DISPLAY\Default_Monitor\7&16b8ddb4&0&UID256","Default_Monitor"
"2026-09-14 12:30:18.065","DISPLAY\SAM7B0C\7&16b8ddb4&0&UID256","SAM7B0C"
"2026-09-14 12:30:18.404","DISPLAY\Default_Monitor\7&16b8ddb4&0&UID256","Default_Monitor"
"2026-09-14 12:30:55.800","DISPLAY\SAM7B0C\7&16b8ddb4&0&UID256","SAM7B0C"
"2026-09-14 12:30:56.388","DISPLAY\Default_Monitor\7&16b8ddb4&0&UID256","Default_Monitor"
"2026-09-14 12:32:54.338","DISPLAY\SAM7B0C\7&16b8ddb4&0&UID256","SAM7B0C"
"2026-09-14 12:32:54.692","DISPLAY\Default_Monitor\7&16b8ddb4&0&UID256","Default_Monitor"
"2026-09-14 12:33:36.442","DISPLAY\SAM7B0C\7&16b8ddb4&0&UID256","SAM7B0C"
"2026-09-14 12:33:36.813","DISPLAY\Default_Monitor\7&16b8ddb4&0&UID256","Default_Monitor"
"2026-09-14 12:34:17.477","DISPLAY\SAM7B0C\7&16b8ddb4&0&UID256","SAM7B0C"
"2026-09-14 12:35:00.593","DISPLAY\SAM7B0C\7&16b8ddb4&0&UID256","SAM7B0C"
"2026-09-14 12:35:00.948","DISPLAY\Default_Monitor\7&16b8ddb4&0&UID256","Default_Monitor"
"2026-09-14 12:36:18.625","DISPLAY\SAM7B0C\7&16b8ddb4&0&UID256","SAM7B0C"
"2026-09-14 12:36:56.156","DISPLAY\SAM7B0C\7&16b8ddb4&0&UID256","SAM7B0C"
"2026-09-14 12:37:37.532","DISPLAY\SAM7B0C\7&16b8ddb4&0&UID256","SAM7B0C"
"2026-09-14 12:38:25.844","DISPLAY\SAM7B0C\7&16b8ddb4&0&UID256","SAM7B0C"
"2026-09-14 12:39:06.717","DISPLAY\SAM7B0C\7&16b8ddb4&0&UID256","SAM7B0C"
"2026-09-14 12:39:55.877","DISPLAY\SAM7B0C\7&16b8ddb4&0&UID256","SAM7B0C"
"2026-09-14 12:39:56.135","DISPLAY\Default_Monitor\7&16b8ddb4&0&UID256","Default_Monitor"
"2026-09-14 12:40:37.558","DISPLAY\SAM7B0C\7&16b8ddb4&0&UID256","SAM7B0C"
"2026-09-14 12:41:43.889","DISPLAY\SAM7B0C\7&16b8ddb4&0&UID256","SAM7B0C"
"2026-09-14 12:42:35.451","DISPLAY\SAM7B0C\7&16b8ddb4&0&UID256","SAM7B0C"
"2026-09-14 12:42:35.841","DISPLAY\Default_Monitor\7&16b8ddb4&0&UID256","Default_Monitor"
"2026-09-14 12:45:28.472","DISPLAY\SAM79DF\7&16b8ddb4&0&UID260","SAM79DF"
"2026-09-14 12:45:28.482","DISPLAY\SAM7B0C\7&16b8ddb4&0&UID256","SAM7B0C"
"2026-09-14 13:21:06.631","DISPLAY\SAM79DF\7&16b8ddb4&0&UID260","SAM79DF"
"2026-09-14 13:21:06.632","DISPLAY\SAM7B0C\7&16b8ddb4&0&UID256","SAM7B0C"
"2026-09-14 13:21:44.791","DISPLAY\SAM7B0C\7&16b8ddb4&0&UID256","SAM7B0C"
"2026-09-14 13:22:26.607","DISPLAY\SAM7B0C\7&16b8ddb4&0&UID256","SAM7B0C"
"2026-09-14 13:23:07.220","DISPLAY\SAM7B0C\7&16b8ddb4&0&UID256","SAM7B0C"
"2026-09-14 13:23:48.832","DISPLAY\SAM7B0C\7&16b8ddb4&0&UID256","SAM7B0C"
"2026-09-14 13:24:26.862","DISPLAY\SAM7B0C\7&16b8ddb4&0&UID256","SAM7B0C"
"2026-09-14 13:24:27.203","DISPLAY\Default_Monitor\7&16b8ddb4&0&UID256","Default_Monitor"
"2026-09-14 13:25:08.842","DISPLAY\SAM7B0C\7&16b8ddb4&0&UID256","SAM7B0C"
"2026-09-14 13:25:57.416","DISPLAY\SAM7B0C\7&16b8ddb4&0&UID256","SAM7B0C"
"2026-09-14 13:26:39.095","DISPLAY\SAM7B0C\7&16b8ddb4&0&UID256","SAM7B0C"
"2026-09-14 13:27:27.340","DISPLAY\SAM7B0C\7&16b8ddb4&0&UID256","SAM7B0C"
"2026-09-14 13:28:08.231","DISPLAY\SAM7B0C\7&16b8ddb4&0&UID256","SAM7B0C"
"2026-09-14 13:29:07.424","DISPLAY\SAM7B0C\7&16b8ddb4&0&UID256","SAM7B0C"
"2026-09-14 13:29:07.780","DISPLAY\Default_Monitor\7&16b8ddb4&0&UID256","Default_Monitor"
"2026-09-14 13:29:50.258","DISPLAY\SAM7B0C\7&16b8ddb4&0&UID256","SAM7B0C"
"2026-09-14 13:29:50.512","DISPLAY\Default_Monitor\7&16b8ddb4&0&UID256","Default_Monitor"
"2026-09-14 13:30:58.478","DISPLAY\SAM7B0C\7&16b8ddb4&0&UID256","SAM7B0C"
"2026-09-14 13:31:37.445","DISPLAY\SAM7B0C\7&16b8ddb4&0&UID256","SAM7B0C"
"2026-09-14 13:32:28.531","DISPLAY\SAM7B0C\7&16b8ddb4&0&UID256","SAM7B0C"
"2026-09-14 13:33:10.074","DISPLAY\SAM7B0C\7&16b8ddb4&0&UID256","SAM7B0C"
"2026-09-14 13:33:10.430","DISPLAY\Default_Monitor\7&16b8ddb4&0&UID256","Default_Monitor"
"2026-09-14 13:33:54.866","DISPLAY\SAM79DF\7&16b8ddb4&0&UID260","SAM79DF"
"2026-09-14 13:33:54.967","DISPLAY\SAM7B0C\7&16b8ddb4&0&UID256","SAM7B0C"
"2026-09-14 13:58:30.603","DISPLAY\SAM79DF\7&16b8ddb4&0&UID260","SAM79DF"
"2026-09-14 13:58:30.770","DISPLAY\SAM7B0C\7&16b8ddb4&0&UID256","SAM7B0C"
"2026-09-14 14:18:07.905","DISPLAY\SAM79DF\7&16b8ddb4&0&UID260","SAM79DF"
"2026-09-14 14:18:08.008","DISPLAY\SAM7B0C\7&16b8ddb4&0&UID256","SAM7B0C"
"2026-09-14 16:11:21.333","DISPLAY\SAM7B0C\7&16b8ddb4&0&UID256","SAM7B0C"
"2026-09-14 16:11:21.445","DISPLAY\SAM79DF\7&16b8ddb4&0&UID260","SAM79DF"
"2026-09-14 23:06:25.257","DISPLAY\SAM7B0C\7&16b8ddb4&0&UID256","SAM7B0C"
"2026-09-14 23:06:25.266","DISPLAY\SAM79DF\7&16b8ddb4&0&UID260","SAM79DF"
"2026-09-15 09:45:49.689","DISPLAY\SAM79DF\7&16b8ddb4&0&UID260","SAM79DF"
"2026-09-15 09:48:06.055","DISPLAY\SAM79DF\7&16b8ddb4&0&UID260","SAM79DF"
"2026-09-15 09:48:06.303","DISPLAY\SAM7B0C\7&16b8ddb4&0&UID256","SAM7B0C"
"2026-09-15 09:48:46.393","DISPLAY\SAM7B0C\7&16b8ddb4&0&UID256","SAM7B0C"
"2026-09-15 09:48:46.766","DISPLAY\Default_Monitor\7&16b8ddb4&0&UID256","Default_Monitor"
"2026-09-15 09:49:30.630","DISPLAY\SAM7B0C\7&16b8ddb4&0&UID256","SAM7B0C"
"2026-09-15 09:50:11.025","DISPLAY\SAM7B0C\7&16b8ddb4&0&UID256","SAM7B0C"
"2026-09-15 09:50:52.151","DISPLAY\SAM7B0C\7&16b8ddb4&0&UID256","SAM7B0C"
"2026-09-15 09:50:52.389","DISPLAY\Default_Monitor\7&16b8ddb4&0&UID256","Default_Monitor"
"2026-09-15 09:51:40.504","DISPLAY\SAM7B0C\7&16b8ddb4&0&UID256","SAM7B0C"
"2026-09-15 09:51:40.843","DISPLAY\Default_Monitor\7&16b8ddb4&0&UID256","Default_Monitor"
"2026-09-15 09:52:22.218","DISPLAY\SAM7B0C\7&16b8ddb4&0&UID256","SAM7B0C"
"2026-09-15 09:53:04.486","DISPLAY\SAM7B0C\7&16b8ddb4&0&UID256","SAM7B0C"
"2026-09-15 09:55:59.672","DISPLAY\SAM7B0C\7&16b8ddb4&0&UID256","SAM7B0C"
"2026-09-15 09:55:59.697","DISPLAY\Default_Monitor\7&16b8ddb4&0&UID256","Default_Monitor"
"2026-09-15 09:56:18.351","DISPLAY\SAM79DF\7&16b8ddb4&0&UID260","SAM79DF"
"2026-09-15 10:48:25.524","DISPLAY\SAM7B0C\7&16b8ddb4&0&UID256","SAM7B0C"
"2026-09-15 10:48:25.525","DISPLAY\SAM79DF\7&16b8ddb4&0&UID260","SAM79DF"
"2026-09-15 10:49:06.871","DISPLAY\SAM7B0C\7&16b8ddb4&0&UID256","SAM7B0C"
"2026-09-15 10:49:07.212","DISPLAY\Default_Monitor\7&16b8ddb4&0&UID256","Default_Monitor"
"2026-09-15 10:49:49.467","DISPLAY\SAM7B0C\7&16b8ddb4&0&UID256","SAM7B0C"
"2026-09-15 10:50:33.755","DISPLAY\SAM7B0C\7&16b8ddb4&0&UID256","SAM7B0C"
"2026-09-15 10:51:12.068","DISPLAY\SAM7B0C\7&16b8ddb4&0&UID256","SAM7B0C"
"2026-09-15 10:51:49.906","DISPLAY\SAM7B0C\7&16b8ddb4&0&UID256","SAM7B0C"
"2026-09-15 10:52:30.043","DISPLAY\SAM7B0C\7&16b8ddb4&0&UID256","SAM7B0C"
"2026-09-15 10:53:29.072","DISPLAY\SAM7B0C\7&16b8ddb4&0&UID256","SAM7B0C"
"2026-09-15 10:54:18.615","DISPLAY\SAM7B0C\7&16b8ddb4&0&UID256","SAM7B0C"
"2026-09-15 10:54:18.957","DISPLAY\Default_Monitor\7&16b8ddb4&0&UID256","Default_Monitor"
"2026-09-15 10:55:11.094","DISPLAY\SAM7B0C\7&16b8ddb4&0&UID256","SAM7B0C"
"2026-09-15 10:56:08.841","DISPLAY\SAM7B0C\7&16b8ddb4&0&UID256","SAM7B0C"
"2026-09-15 10:56:09.182","DISPLAY\Default_Monitor\7&16b8ddb4&0&UID256","Default_Monitor"
"2026-09-15 10:56:51.803","DISPLAY\SAM7B0C\7&16b8ddb4&0&UID256","SAM7B0C"
"2026-09-15 10:57:38.719","DISPLAY\SAM7B0C\7&16b8ddb4&0&UID256","SAM7B0C"
"2026-09-15 10:57:38.963","DISPLAY\Default_Monitor\7&16b8ddb4&0&UID256","Default_Monitor"
"2026-09-15 10:58:31.191","DISPLAY\SAM7B0C\7&16b8ddb4&0&UID256","SAM7B0C"
"2026-09-15 10:58:31.548","DISPLAY\Default_Monitor\7&16b8ddb4&0&UID256","Default_Monitor"
"2026-09-15 10:59:19.407","DISPLAY\SAM7B0C\7&16b8ddb4&0&UID256","SAM7B0C"
"2026-09-15 11:00:00.701","DISPLAY\SAM7B0C\7&16b8ddb4&0&UID256","SAM7B0C"
"2026-09-15 11:00:49.134","DISPLAY\SAM7B0C\7&16b8ddb4&0&UID256","SAM7B0C"
"2026-09-15 11:01:40.191","DISPLAY\SAM7B0C\7&16b8ddb4&0&UID256","SAM7B0C"
"2026-09-15 11:01:40.546","DISPLAY\Default_Monitor\7&16b8ddb4&0&UID256","Default_Monitor"
"2026-09-15 11:02:19.477","DISPLAY\SAM7B0C\7&16b8ddb4&0&UID256","SAM7B0C"
"2026-09-15 11:02:19.831","DISPLAY\Default_Monitor\7&16b8ddb4&0&UID256","Default_Monitor"
"2026-09-15 11:03:00.447","DISPLAY\SAM7B0C\7&16b8ddb4&0&UID256","SAM7B0C"
"2026-09-15 11:03:49.160","DISPLAY\SAM7B0C\7&16b8ddb4&0&UID256","SAM7B0C"
"2026-09-15 11:04:34.055","DISPLAY\SAM7B0C\7&16b8ddb4&0&UID256","SAM7B0C"
"2026-09-15 11:04:34.410","DISPLAY\Default_Monitor\7&16b8ddb4&0&UID256","Default_Monitor"
"2026-09-15 11:05:20.125","DISPLAY\SAM7B0C\7&16b8ddb4&0&UID256","SAM7B0C"
"2026-09-15 11:05:20.366","DISPLAY\Default_Monitor\7&16b8ddb4&0&UID256","Default_Monitor"
"2026-09-15 11:06:02.158","DISPLAY\SAM7B0C\7&16b8ddb4&0&UID256","SAM7B0C"
"2026-09-15 11:06:49.231","DISPLAY\SAM7B0C\7&16b8ddb4&0&UID256","SAM7B0C"
"2026-09-15 11:07:38.577","DISPLAY\SAM7B0C\7&16b8ddb4&0&UID256","SAM7B0C"
"2026-09-15 11:08:20.055","DISPLAY\SAM7B0C\7&16b8ddb4&0&UID256","SAM7B0C"
"2026-09-15 11:09:01.183","DISPLAY\SAM7B0C\7&16b8ddb4&0&UID256","SAM7B0C"
"2026-09-15 11:09:48.964","DISPLAY\SAM7B0C\7&16b8ddb4&0&UID256","SAM7B0C"
"2026-09-15 11:09:49.236","DISPLAY\Default_Monitor\7&16b8ddb4&0&UID256","Default_Monitor"
"2026-09-15 11:10:29.890","DISPLAY\SAM7B0C\7&16b8ddb4&0&UID256","SAM7B0C"
"2026-09-15 11:10:30.247","DISPLAY\Default_Monitor\7&16b8ddb4&0&UID256","Default_Monitor"
"2026-09-15 11:11:19.307","DISPLAY\SAM7B0C\7&16b8ddb4&0&UID256","SAM7B0C"
"2026-09-15 11:12:08.467","DISPLAY\SAM7B0C\7&16b8ddb4&0&UID256","SAM7B0C"
"2026-09-15 11:12:50.191","DISPLAY\SAM7B0C\7&16b8ddb4&0&UID256","SAM7B0C"
"2026-09-15 11:13:31.326","DISPLAY\SAM7B0C\7&16b8ddb4&0&UID256","SAM7B0C"
"2026-09-15 11:13:31.680","DISPLAY\Default_Monitor\7&16b8ddb4&0&UID256","Default_Monitor"
"2026-09-15 11:14:19.535","DISPLAY\SAM7B0C\7&16b8ddb4&0&UID256","SAM7B0C"
"2026-09-15 11:14:19.559","DISPLAY\Default_Monitor\7&16b8ddb4&0&UID256","Default_Monitor"
"2026-09-15 11:15:01.410","DISPLAY\SAM7B0C\7&16b8ddb4&0&UID256","SAM7B0C"
"2026-09-15 11:15:49.624","DISPLAY\SAM7B0C\7&16b8ddb4&0&UID256","SAM7B0C"
"2026-09-15 11:16:29.870","DISPLAY\SAM7B0C\7&16b8ddb4&0&UID256","SAM7B0C"
"2026-09-15 11:17:39.849","DISPLAY\SAM7B0C\7&16b8ddb4&0&UID256","SAM7B0C"
"2026-09-15 11:18:19.904","DISPLAY\SAM7B0C\7&16b8ddb4&0&UID256","SAM7B0C"
"2026-09-15 11:19:11.391","DISPLAY\SAM7B0C\7&16b8ddb4&0&UID256","SAM7B0C"
"2026-09-15 11:19:51.914","DISPLAY\SAM7B0C\7&16b8ddb4&0&UID256","SAM7B0C"
"2026-09-15 11:20:33.703","DISPLAY\SAM7B0C\7&16b8ddb4&0&UID256","SAM7B0C"
"2026-09-15 11:21:15.151","DISPLAY\SAM7B0C\7&16b8ddb4&0&UID256","SAM7B0C"
"2026-09-15 11:22:01.074","DISPLAY\SAM7B0C\7&16b8ddb4&0&UID256","SAM7B0C"
"2026-09-15 11:22:01.448","DISPLAY\Default_Monitor\7&16b8ddb4&0&UID256","Default_Monitor"
"2026-09-15 11:22:42.244","DISPLAY\SAM7B0C\7&16b8ddb4&0&UID256","SAM7B0C"
"2026-09-15 11:23:25.869","DISPLAY\SAM7B0C\7&16b8ddb4&0&UID256","SAM7B0C"
"2026-09-15 11:24:26.874","DISPLAY\SAM7B0C\7&16b8ddb4&0&UID256","SAM7B0C"
"2026-09-15 11:24:27.102","DISPLAY\Default_Monitor\7&16b8ddb4&0&UID256","Default_Monitor"
"2026-09-15 11:25:07.239","DISPLAY\SAM7B0C\7&16b8ddb4&0&UID256","SAM7B0C"
"2026-09-15 11:25:07.627","DISPLAY\Default_Monitor\7&16b8ddb4&0&UID256","Default_Monitor"
"2026-09-15 11:25:48.651","DISPLAY\SAM7B0C\7&16b8ddb4&0&UID256","SAM7B0C"
"2026-09-15 11:26:31.314","DISPLAY\SAM7B0C\7&16b8ddb4&0&UID256","SAM7B0C"
"2026-09-15 11:27:09.269","DISPLAY\SAM7B0C\7&16b8ddb4&0&UID256","SAM7B0C"
"2026-09-15 11:27:49.871","DISPLAY\SAM7B0C\7&16b8ddb4&0&UID256","SAM7B0C"
"2026-09-15 11:27:50.262","DISPLAY\Default_Monitor\7&16b8ddb4&0&UID256","Default_Monitor"
"2026-09-15 11:28:28.403","DISPLAY\SAM7B0C\7&16b8ddb4&0&UID256","SAM7B0C"
"2026-09-15 11:29:09.531","DISPLAY\SAM7B0C\7&16b8ddb4&0&UID256","SAM7B0C"
"2026-09-15 11:29:51.075","DISPLAY\SAM7B0C\7&16b8ddb4&0&UID256","SAM7B0C"
"2026-09-15 11:30:49.877","DISPLAY\SAM7B0C\7&16b8ddb4&0&UID256","SAM7B0C"
"2026-09-15 11:30:50.215","DISPLAY\Default_Monitor\7&16b8ddb4&0&UID256","Default_Monitor"
"2026-09-15 11:31:39.618","DISPLAY\SAM7B0C\7&16b8ddb4&0&UID256","SAM7B0C"
"2026-09-15 11:31:40.022","DISPLAY\Default_Monitor\7&16b8ddb4&0&UID256","Default_Monitor"
"2026-09-15 11:32:20.199","DISPLAY\SAM7B0C\7&16b8ddb4&0&UID256","SAM7B0C"
"2026-09-15 11:33:10.909","DISPLAY\SAM7B0C\7&16b8ddb4&0&UID256","SAM7B0C"
"2026-09-15 11:33:11.234","DISPLAY\Default_Monitor\7&16b8ddb4&0&UID256","Default_Monitor"
"2026-09-15 11:33:50.118","DISPLAY\SAM7B0C\7&16b8ddb4&0&UID256","SAM7B0C"
"2026-09-15 11:33:50.457","DISPLAY\Default_Monitor\7&16b8ddb4&0&UID256","Default_Monitor"
"2026-09-15 11:34:41.710","DISPLAY\SAM7B0C\7&16b8ddb4&0&UID256","SAM7B0C"
"2026-09-15 11:34:42.048","DISPLAY\Default_Monitor\7&16b8ddb4&0&UID256","Default_Monitor"
"2026-09-15 11:35:20.053","DISPLAY\SAM7B0C\7&16b8ddb4&0&UID256","SAM7B0C"
"2026-09-15 11:36:11.033","DISPLAY\SAM7B0C\7&16b8ddb4&0&UID256","SAM7B0C"
"2026-09-15 11:36:11.370","DISPLAY\Default_Monitor\7&16b8ddb4&0&UID256","Default_Monitor"
"2026-09-15 11:36:50.013","DISPLAY\SAM7B0C\7&16b8ddb4&0&UID256","SAM7B0C"
"2026-09-15 11:37:31.093","DISPLAY\SAM7B0C\7&16b8ddb4&0&UID256","SAM7B0C"
"2026-09-15 11:37:31.451","DISPLAY\Default_Monitor\7&16b8ddb4&0&UID256","Default_Monitor"
"2026-09-15 11:38:19.749","DISPLAY\SAM7B0C\7&16b8ddb4&0&UID256","SAM7B0C"
"2026-09-15 11:38:59.762","DISPLAY\SAM7B0C\7&16b8ddb4&0&UID256","SAM7B0C"
"2026-09-15 11:39:49.789","DISPLAY\SAM7B0C\7&16b8ddb4&0&UID256","SAM7B0C"
"2026-09-15 11:39:50.129","DISPLAY\Default_Monitor\7&16b8ddb4&0&UID256","Default_Monitor"
"2026-09-15 11:40:30.818","DISPLAY\SAM7B0C\7&16b8ddb4&0&UID256","SAM7B0C"
"2026-09-15 11:41:30.119","DISPLAY\SAM7B0C\7&16b8ddb4&0&UID256","SAM7B0C"
"2026-09-15 11:42:10.886","DISPLAY\SAM7B0C\7&16b8ddb4&0&UID256","SAM7B0C"
"2026-09-15 11:42:11.257","DISPLAY\Default_Monitor\7&16b8ddb4&0&UID256","Default_Monitor"
"2026-09-15 11:42:50.215","DISPLAY\SAM7B0C\7&16b8ddb4&0&UID256","SAM7B0C"
"2026-09-15 11:42:50.572","DISPLAY\Default_Monitor\7&16b8ddb4&0&UID256","Default_Monitor"
"2026-09-15 11:43:31.819","DISPLAY\SAM7B0C\7&16b8ddb4&0&UID256","SAM7B0C"
"2026-09-15 11:44:19.901","DISPLAY\SAM7B0C\7&16b8ddb4&0&UID256","SAM7B0C"
"2026-09-15 11:45:09.229","DISPLAY\SAM7B0C\7&16b8ddb4&0&UID256","SAM7B0C"
"2026-09-15 11:45:50.286","DISPLAY\SAM7B0C\7&16b8ddb4&0&UID256","SAM7B0C"
"2026-09-15 11:45:50.643","DISPLAY\Default_Monitor\7&16b8ddb4&0&UID256","Default_Monitor"
"2026-09-15 11:46:31.403","DISPLAY\SAM7B0C\7&16b8ddb4&0&UID256","SAM7B0C"
"2026-09-15 11:47:29.951","DISPLAY\SAM7B0C\7&16b8ddb4&0&UID256","SAM7B0C"
"2026-09-15 11:48:10.681","DISPLAY\SAM7B0C\7&16b8ddb4&0&UID256","SAM7B0C"
"2026-09-15 11:48:11.038","DISPLAY\Default_Monitor\7&16b8ddb4&0&UID256","Default_Monitor"
"2026-09-15 11:48:50.272","DISPLAY\SAM7B0C\7&16b8ddb4&0&UID256","SAM7B0C"
"2026-09-15 11:48:50.648","DISPLAY\Default_Monitor\7&16b8ddb4&0&UID256","Default_Monitor"
"2026-09-15 11:49:31.477","DISPLAY\SAM7B0C\7&16b8ddb4&0&UID256","SAM7B0C"
"2026-09-15 11:49:31.847","DISPLAY\Default_Monitor\7&16b8ddb4&0&UID256","Default_Monitor"
"2026-09-15 11:50:19.992","DISPLAY\SAM7B0C\7&16b8ddb4&0&UID256","SAM7B0C"
"2026-09-15 11:50:20.346","DISPLAY\Default_Monitor\7&16b8ddb4&0&UID256","Default_Monitor"
"2026-09-15 11:51:00.354","DISPLAY\SAM7B0C\7&16b8ddb4&0&UID256","SAM7B0C"
"2026-09-15 11:51:50.134","DISPLAY\SAM7B0C\7&16b8ddb4&0&UID256","SAM7B0C"
"2026-09-15 11:52:30.843","DISPLAY\SAM7B0C\7&16b8ddb4&0&UID256","SAM7B0C"
"2026-09-15 11:52:31.213","DISPLAY\Default_Monitor\7&16b8ddb4&0&UID256","Default_Monitor"
"2026-09-15 11:53:20.141","DISPLAY\SAM7B0C\7&16b8ddb4&0&UID256","SAM7B0C"
"2026-09-15 11:53:20.510","DISPLAY\Default_Monitor\7&16b8ddb4&0&UID256","Default_Monitor"
"2026-09-15 11:54:11.443","DISPLAY\SAM7B0C\7&16b8ddb4&0&UID256","SAM7B0C"
"2026-09-15 11:54:11.829","DISPLAY\Default_Monitor\7&16b8ddb4&0&UID256","Default_Monitor"
"2026-09-15 11:54:50.172","DISPLAY\SAM7B0C\7&16b8ddb4&0&UID256","SAM7B0C"
"2026-09-15 11:55:31.039","DISPLAY\SAM7B0C\7&16b8ddb4&0&UID256","SAM7B0C"
"2026-09-15 11:56:20.204","DISPLAY\SAM7B0C\7&16b8ddb4&0&UID256","SAM7B0C"
"2026-09-15 11:57:11.520","DISPLAY\SAM7B0C\7&16b8ddb4&0&UID256","SAM7B0C"
"2026-09-15 11:58:00.325","DISPLAY\SAM7B0C\7&16b8ddb4&0&UID256","SAM7B0C"
"2026-09-15 11:58:41.623","DISPLAY\SAM7B0C\7&16b8ddb4&0&UID256","SAM7B0C"
"2026-09-15 11:59:30.628","DISPLAY\SAM7B0C\7&16b8ddb4&0&UID256","SAM7B0C"
"2026-09-15 12:00:11.561","DISPLAY\SAM7B0C\7&16b8ddb4&0&UID256","SAM7B0C"
"2026-09-15 12:00:50.278","DISPLAY\SAM7B0C\7&16b8ddb4&0&UID256","SAM7B0C"
"2026-09-15 12:01:30.639","DISPLAY\SAM7B0C\7&16b8ddb4&0&UID256","SAM7B0C"
"2026-09-15 12:01:31.045","DISPLAY\Default_Monitor\7&16b8ddb4&0&UID256","Default_Monitor"
"2026-09-15 12:02:19.880","DISPLAY\SAM7B0C\7&16b8ddb4&0&UID256","SAM7B0C"
"2026-09-15 12:03:20.944","DISPLAY\SAM7B0C\7&16b8ddb4&0&UID256","SAM7B0C"
"2026-09-15 12:04:02.416","DISPLAY\SAM7B0C\7&16b8ddb4&0&UID256","SAM7B0C"
"2026-09-15 12:04:02.821","DISPLAY\Default_Monitor\7&16b8ddb4&0&UID256","Default_Monitor"
"2026-09-15 12:04:43.559","DISPLAY\SAM7B0C\7&16b8ddb4&0&UID256","SAM7B0C"
"2026-09-15 12:05:31.414","DISPLAY\SAM7B0C\7&16b8ddb4&0&UID256","SAM7B0C"
"2026-09-15 12:06:12.390","DISPLAY\SAM7B0C\7&16b8ddb4&0&UID256","SAM7B0C"
"2026-09-15 12:06:12.796","DISPLAY\Default_Monitor\7&16b8ddb4&0&UID256","Default_Monitor"
"2026-09-15 12:06:50.569","DISPLAY\SAM7B0C\7&16b8ddb4&0&UID256","SAM7B0C"
"2026-09-15 12:06:50.991","DISPLAY\Default_Monitor\7&16b8ddb4&0&UID256","Default_Monitor"
"2026-09-15 12:07:32.871","DISPLAY\SAM7B0C\7&16b8ddb4&0&UID256","SAM7B0C"
"2026-09-15 12:08:10.407","DISPLAY\SAM7B0C\7&16b8ddb4&0&UID256","SAM7B0C"
"2026-09-15 12:08:51.279","DISPLAY\SAM7B0C\7&16b8ddb4&0&UID256","SAM7B0C"
"2026-09-15 12:09:50.270","DISPLAY\SAM7B0C\7&16b8ddb4&0&UID256","SAM7B0C"
"2026-09-15 12:10:30.502","DISPLAY\SAM7B0C\7&16b8ddb4&0&UID256","SAM7B0C"
"2026-09-15 12:10:30.942","DISPLAY\Default_Monitor\7&16b8ddb4&0&UID256","Default_Monitor"
"2026-09-15 12:11:10.142","DISPLAY\SAM7B0C\7&16b8ddb4&0&UID256","SAM7B0C"
"2026-09-15 12:11:51.034","DISPLAY\SAM7B0C\7&16b8ddb4&0&UID256","SAM7B0C"
"2026-09-15 12:11:51.454","DISPLAY\Default_Monitor\7&16b8ddb4&0&UID256","Default_Monitor"
"2026-09-15 12:12:50.171","DISPLAY\SAM7B0C\7&16b8ddb4&0&UID256","SAM7B0C"
"2026-09-15 12:13:31.031","DISPLAY\SAM7B0C\7&16b8ddb4&0&UID256","SAM7B0C"
"2026-09-15 12:13:31.453","DISPLAY\Default_Monitor\7&16b8ddb4&0&UID256","Default_Monitor"
"2026-09-15 12:14:20.218","DISPLAY\SAM7B0C\7&16b8ddb4&0&UID256","SAM7B0C"
"2026-09-15 12:14:20.662","DISPLAY\Default_Monitor\7&16b8ddb4&0&UID256","Default_Monitor"
"2026-09-15 12:15:01.562","DISPLAY\SAM7B0C\7&16b8ddb4&0&UID256","SAM7B0C"
"2026-09-15 12:16:10.704","DISPLAY\SAM7B0C\7&16b8ddb4&0&UID256","SAM7B0C"
"2026-09-15 12:16:51.758","DISPLAY\SAM7B0C\7&16b8ddb4&0&UID256","SAM7B0C"
"2026-09-15 12:16:52.199","DISPLAY\Default_Monitor\7&16b8ddb4&0&UID256","Default_Monitor"
"2026-09-15 12:17:32.434","DISPLAY\SAM7B0C\7&16b8ddb4&0&UID256","SAM7B0C"
"2026-09-15 12:17:32.874","DISPLAY\Default_Monitor\7&16b8ddb4&0&UID256","Default_Monitor"
"2026-09-15 12:18:14.763","DISPLAY\SAM7B0C\7&16b8ddb4&0&UID256","SAM7B0C"
"2026-09-15 12:19:01.989","DISPLAY\SAM7B0C\7&16b8ddb4&0&UID256","SAM7B0C"
"2026-09-15 12:19:02.426","DISPLAY\Default_Monitor\7&16b8ddb4&0&UID256","Default_Monitor"
"2026-09-15 12:19:53.414","DISPLAY\SAM7B0C\7&16b8ddb4&0&UID256","SAM7B0C"
"2026-09-15 12:20:34.354","DISPLAY\SAM7B0C\7&16b8ddb4&0&UID256","SAM7B0C"
"2026-09-15 12:21:15.538","DISPLAY\SAM7B0C\7&16b8ddb4&0&UID256","SAM7B0C"
"2026-09-15 12:22:01.792","DISPLAY\SAM7B0C\7&16b8ddb4&0&UID256","SAM7B0C"
"2026-09-15 12:22:44.086","DISPLAY\SAM7B0C\7&16b8ddb4&0&UID256","SAM7B0C"
"2026-09-15 12:23:31.193","DISPLAY\SAM7B0C\7&16b8ddb4&0&UID256","SAM7B0C"
"2026-09-15 12:23:31.651","DISPLAY\Default_Monitor\7&16b8ddb4&0&UID256","Default_Monitor"
"2026-09-15 12:24:40.120","DISPLAY\SAM7B0C\7&16b8ddb4&0&UID256","SAM7B0C"
"2026-09-15 12:25:21.261","DISPLAY\SAM7B0C\7&16b8ddb4&0&UID256","SAM7B0C"
"2026-09-15 12:25:21.731","DISPLAY\Default_Monitor\7&16b8ddb4&0&UID256","Default_Monitor"
"2026-09-15 12:26:17.923","DISPLAY\SAM79DF\7&16b8ddb4&0&UID260","SAM79DF"
"2026-09-15 12:26:18.023","DISPLAY\SAM7B0C\7&16b8ddb4&0&UID256","SAM7B0C"
"2026-09-15 13:53:03.105","DISPLAY\SAM79DF\7&16b8ddb4&0&UID260","SAM79DF"
"2026-09-15 13:53:03.106","DISPLAY\SAM7B0C\7&16b8ddb4&0&UID256","SAM7B0C"
"2026-09-15 13:53:46.924","DISPLAY\SAM7B0C\7&16b8ddb4&0&UID256","SAM7B0C"
"2026-09-15 13:54:28.777","DISPLAY\SAM7B0C\7&16b8ddb4&0&UID256","SAM7B0C"
"2026-09-15 13:55:16.916","DISPLAY\SAM7B0C\7&16b8ddb4&0&UID256","SAM7B0C"
"2026-09-15 13:55:16.943","DISPLAY\Default_Monitor\7&16b8ddb4&0&UID256","Default_Monitor"
"2026-09-15 13:56:20.895","DISPLAY\SAM7B0C\7&16b8ddb4&0&UID256","SAM7B0C"
"2026-09-15 13:56:21.233","DISPLAY\Default_Monitor\7&16b8ddb4&0&UID256","Default_Monitor"
"2026-09-15 13:57:04.893","DISPLAY\SAM7B0C\7&16b8ddb4&0&UID256","SAM7B0C"
"2026-09-15 13:58:04.911","DISPLAY\SAM7B0C\7&16b8ddb4&0&UID256","SAM7B0C"
"2026-09-15 14:03:21.561","DISPLAY\SAM7B0C\7&16b8ddb4&0&UID256","SAM7B0C"
"2026-09-15 14:03:21.915","DISPLAY\Default_Monitor\7&16b8ddb4&0&UID256","Default_Monitor"
"2026-09-15 14:04:34.940","DISPLAY\SAM7B0C\7&16b8ddb4&0&UID256","SAM7B0C"
"2026-09-15 14:05:18.929","DISPLAY\SAM7B0C\7&16b8ddb4&0&UID256","SAM7B0C"
"2026-09-15 14:05:19.271","DISPLAY\Default_Monitor\7&16b8ddb4&0&UID256","Default_Monitor"
"2026-09-15 14:06:10.942","DISPLAY\SAM7B0C\7&16b8ddb4&0&UID256","SAM7B0C"
"2026-09-15 14:06:54.691","DISPLAY\SAM7B0C\7&16b8ddb4&0&UID256","SAM7B0C"
"2026-09-15 14:07:35.787","DISPLAY\SAM7B0C\7&16b8ddb4&0&UID256","SAM7B0C"
"2026-09-15 14:08:20.410","DISPLAY\SAM7B0C\7&16b8ddb4&0&UID256","SAM7B0C"
"2026-09-15 14:09:20.015","DISPLAY\SAM7B0C\7&16b8ddb4&0&UID256","SAM7B0C"
"2026-09-15 14:10:14.167","DISPLAY\SAM7B0C\7&16b8ddb4&0&UID256","SAM7B0C"
"2026-09-15 14:10:14.193","DISPLAY\Default_Monitor\7&16b8ddb4&0&UID256","Default_Monitor"
"2026-09-15 14:11:20.943","DISPLAY\SAM7B0C\7&16b8ddb4&0&UID256","SAM7B0C"
"2026-09-15 14:12:04.807","DISPLAY\SAM7B0C\7&16b8ddb4&0&UID256","SAM7B0C"
"2026-09-15 14:12:50.949","DISPLAY\SAM7B0C\7&16b8ddb4&0&UID256","SAM7B0C"
"2026-09-15 14:12:51.189","DISPLAY\Default_Monitor\7&16b8ddb4&0&UID256","Default_Monitor"
"2026-09-15 14:15:59.339","DISPLAY\SAM7B0C\7&16b8ddb4&0&UID256","SAM7B0C"
"2026-09-15 14:15:59.694","DISPLAY\Default_Monitor\7&16b8ddb4&0&UID256","Default_Monitor"
"2026-09-15 14:16:43.152","DISPLAY\SAM7B0C\7&16b8ddb4&0&UID256","SAM7B0C"
"2026-09-15 14:16:43.508","DISPLAY\Default_Monitor\7&16b8ddb4&0&UID256","Default_Monitor"
"2026-09-15 14:17:20.875","DISPLAY\SAM7B0C\7&16b8ddb4&0&UID256","SAM7B0C"
"2026-09-15 14:17:21.502","DISPLAY\Default_Monitor\7&16b8ddb4&0&UID256","Default_Monitor"
"2026-09-15 14:18:10.121","DISPLAY\SAM7B0C\7&16b8ddb4&0&UID256","SAM7B0C"
"2026-09-15 14:26:56.087","DISPLAY\SAM79DF\7&16b8ddb4&0&UID260","SAM79DF"
"2026-09-15 14:26:56.190","DISPLAY\SAM7B0C\7&16b8ddb4&0&UID256","SAM7B0C"
"2026-09-15 14:33:09.400","DISPLAY\SAM79DF\7&16b8ddb4&0&UID260","SAM79DF"
"2026-09-15 14:33:09.401","DISPLAY\SAM7B0C\7&16b8ddb4&0&UID256","SAM7B0C"
"2026-09-15 15:01:21.944","DISPLAY\SAM79DF\7&16b8ddb4&0&UID260","SAM79DF"
"2026-09-15 15:01:49.455","DISPLAY\SAM7B0C\7&16b8ddb4&0&UID256","SAM7B0C"
"2026-09-15 15:02:37.429","DISPLAY\SAM7B0C\7&16b8ddb4&0&UID256","SAM7B0C"
"2026-09-15 15:03:19.024","DISPLAY\SAM7B0C\7&16b8ddb4&0&UID256","SAM7B0C"
"2026-09-15 15:04:14.432","DISPLAY\SAM7B0C\7&16b8ddb4&0&UID256","SAM7B0C"
"2026-09-15 15:04:14.457","DISPLAY\Default_Monitor\7&16b8ddb4&0&UID256","Default_Monitor"
"2026-09-15 15:04:56.284","DISPLAY\SAM7B0C\7&16b8ddb4&0&UID256","SAM7B0C"
"2026-09-15 15:04:56.639","DISPLAY\Default_Monitor\7&16b8ddb4&0&UID256","Default_Monitor"
"2026-09-15 15:06:19.481","DISPLAY\SAM7B0C\7&16b8ddb4&0&UID256","SAM7B0C"
"2026-09-15 15:07:04.452","DISPLAY\SAM7B0C\7&16b8ddb4&0&UID256","SAM7B0C"
"2026-09-15 15:07:04.792","DISPLAY\Default_Monitor\7&16b8ddb4&0&UID256","Default_Monitor"
"2026-09-15 15:07:49.459","DISPLAY\SAM7B0C\7&16b8ddb4&0&UID256","SAM7B0C"
"2026-09-15 15:07:49.697","DISPLAY\Default_Monitor\7&16b8ddb4&0&UID256","Default_Monitor"
"2026-09-15 15:08:37.571","DISPLAY\SAM7B0C\7&16b8ddb4&0&UID256","SAM7B0C"
"2026-09-15 15:08:37.926","DISPLAY\Default_Monitor\7&16b8ddb4&0&UID256","Default_Monitor"
"2026-09-15 15:09:19.809","DISPLAY\SAM7B0C\7&16b8ddb4&0&UID256","SAM7B0C"
"2026-09-15 15:10:02.102","DISPLAY\SAM7B0C\7&16b8ddb4&0&UID256","SAM7B0C"
"2026-09-15 15:10:43.318","DISPLAY\SAM7B0C\7&16b8ddb4&0&UID256","SAM7B0C"
"2026-09-15 15:10:43.689","DISPLAY\Default_Monitor\7&16b8ddb4&0&UID256","Default_Monitor"
"2026-09-15 15:11:26.523","DISPLAY\SAM7B0C\7&16b8ddb4&0&UID256","SAM7B0C"
"2026-09-15 15:11:26.765","DISPLAY\Default_Monitor\7&16b8ddb4&0&UID256","Default_Monitor"
"2026-09-15 15:12:08.430","DISPLAY\SAM7B0C\7&16b8ddb4&0&UID256","SAM7B0C"
"2026-09-15 15:12:08.787","DISPLAY\Default_Monitor\7&16b8ddb4&0&UID256","Default_Monitor"
"2026-09-15 15:13:17.793","DISPLAY\SAM7B0C\7&16b8ddb4&0&UID256","SAM7B0C"
"2026-09-15 15:13:59.416","DISPLAY\SAM7B0C\7&16b8ddb4&0&UID256","SAM7B0C"
"2026-09-15 15:14:40.453","DISPLAY\SAM7B0C\7&16b8ddb4&0&UID256","SAM7B0C"
"2026-09-15 15:14:40.710","DISPLAY\Default_Monitor\7&16b8ddb4&0&UID256","Default_Monitor"
"2026-09-15 15:15:22.387","DISPLAY\SAM7B0C\7&16b8ddb4&0&UID256","SAM7B0C"
"2026-09-15 15:16:08.289","DISPLAY\SAM7B0C\7&16b8ddb4&0&UID256","SAM7B0C"
"2026-09-15 15:16:50.271","DISPLAY\SAM7B0C\7&16b8ddb4&0&UID256","SAM7B0C"
"2026-09-15 15:17:27.777","DISPLAY\SAM7B0C\7&16b8ddb4&0&UID256","SAM7B0C"
"2026-09-15 15:18:09.449","DISPLAY\SAM7B0C\7&16b8ddb4&0&UID256","SAM7B0C"
"2026-09-15 15:18:56.663","DISPLAY\SAM7B0C\7&16b8ddb4&0&UID256","SAM7B0C"
"2026-09-15 15:19:48.642","DISPLAY\SAM7B0C\7&16b8ddb4&0&UID256","SAM7B0C"
"2026-09-15 15:20:37.640","DISPLAY\SAM7B0C\7&16b8ddb4&0&UID256","SAM7B0C"
"2026-09-15 15:21:18.633","DISPLAY\SAM7B0C\7&16b8ddb4&0&UID256","SAM7B0C"
"2026-09-15 15:21:56.873","DISPLAY\SAM7B0C\7&16b8ddb4&0&UID256","SAM7B0C"
"2026-09-15 15:21:57.262","DISPLAY\Default_Monitor\7&16b8ddb4&0&UID256","Default_Monitor"
"2026-09-15 15:22:39.527","DISPLAY\SAM7B0C\7&16b8ddb4&0&UID256","SAM7B0C"
"2026-09-15 15:23:26.690","DISPLAY\SAM7B0C\7&16b8ddb4&0&UID256","SAM7B0C"
"2026-09-15 15:24:08.590","DISPLAY\SAM7B0C\7&16b8ddb4&0&UID256","SAM7B0C"
"2026-09-15 15:25:06.952","DISPLAY\SAM7B0C\7&16b8ddb4&0&UID256","SAM7B0C"
"2026-09-15 15:25:07.312","DISPLAY\Default_Monitor\7&16b8ddb4&0&UID256","Default_Monitor"
"2026-09-15 15:25:50.599","DISPLAY\SAM7B0C\7&16b8ddb4&0&UID256","SAM7B0C"
"2026-09-15 15:25:50.956","DISPLAY\Default_Monitor\7&16b8ddb4&0&UID256","Default_Monitor"
"2026-09-15 15:26:37.609","DISPLAY\SAM7B0C\7&16b8ddb4&0&UID256","SAM7B0C"
"2026-09-15 15:26:37.950","DISPLAY\Default_Monitor\7&16b8ddb4&0&UID256","Default_Monitor"
"2026-09-15 15:27:19.544","DISPLAY\SAM7B0C\7&16b8ddb4&0&UID256","SAM7B0C"
"2026-09-15 15:27:57.441","DISPLAY\SAM7B0C\7&16b8ddb4&0&UID256","SAM7B0C"
"2026-09-15 15:28:38.751","DISPLAY\SAM7B0C\7&16b8ddb4&0&UID256","SAM7B0C"
"2026-09-15 15:29:31.870","DISPLAY\SAM7B0C\7&16b8ddb4&0&UID256","SAM7B0C"
"2026-09-15 15:30:12.873","DISPLAY\SAM7B0C\7&16b8ddb4&0&UID256","SAM7B0C"
"2026-09-15 15:30:56.786","DISPLAY\SAM7B0C\7&16b8ddb4&0&UID256","SAM7B0C"
"2026-09-15 15:31:39.791","DISPLAY\SAM7B0C\7&16b8ddb4&0&UID256","SAM7B0C"
"2026-09-15 15:32:26.780","DISPLAY\SAM7B0C\7&16b8ddb4&0&UID256","SAM7B0C"
"2026-09-15 15:32:27.154","DISPLAY\Default_Monitor\7&16b8ddb4&0&UID256","Default_Monitor"
"2026-09-15 15:33:08.646","DISPLAY\SAM7B0C\7&16b8ddb4&0&UID256","SAM7B0C"
"2026-09-15 15:34:10.131","DISPLAY\SAM7B0C\7&16b8ddb4&0&UID256","SAM7B0C"
"2026-09-15 15:34:10.156","DISPLAY\Default_Monitor\7&16b8ddb4&0&UID256","Default_Monitor"
"2026-09-15 15:34:51.098","DISPLAY\SAM7B0C\7&16b8ddb4&0&UID256","SAM7B0C"
"2026-09-15 15:34:51.469","DISPLAY\Default_Monitor\7&16b8ddb4&0&UID256","Default_Monitor"
"2026-09-15 15:35:43.163","DISPLAY\SAM7B0C\7&16b8ddb4&0&UID256","SAM7B0C"
"2026-09-15 15:35:43.516","DISPLAY\Default_Monitor\7&16b8ddb4&0&UID256","Default_Monitor"
"2026-09-15 15:36:24.877","DISPLAY\SAM7B0C\7&16b8ddb4&0&UID256","SAM7B0C"
"2026-09-15 15:37:07.847","DISPLAY\SAM7B0C\7&16b8ddb4&0&UID256","SAM7B0C"
"2026-09-15 15:37:48.950","DISPLAY\SAM7B0C\7&16b8ddb4&0&UID256","SAM7B0C"
"2026-09-15 15:38:26.871","DISPLAY\SAM7B0C\7&16b8ddb4&0&UID256","SAM7B0C"
"2026-09-15 15:38:27.195","DISPLAY\Default_Monitor\7&16b8ddb4&0&UID256","Default_Monitor"
"2026-09-15 15:39:08.764","DISPLAY\SAM7B0C\7&16b8ddb4&0&UID256","SAM7B0C"
"2026-09-15 15:39:56.859","DISPLAY\SAM7B0C\7&16b8ddb4&0&UID256","SAM7B0C"
"2026-09-15 15:39:57.196","DISPLAY\Default_Monitor\7&16b8ddb4&0&UID256","Default_Monitor"
"2026-09-15 15:40:38.752","DISPLAY\SAM7B0C\7&16b8ddb4&0&UID256","SAM7B0C"
"2026-09-15 15:41:26.688","DISPLAY\SAM7B0C\7&16b8ddb4&0&UID256","SAM7B0C"
"2026-09-15 15:41:27.041","DISPLAY\Default_Monitor\7&16b8ddb4&0&UID256","Default_Monitor"
"2026-09-15 15:42:09.012","DISPLAY\SAM7B0C\7&16b8ddb4&0&UID256","SAM7B0C"
"2026-09-15 15:42:56.988","DISPLAY\SAM7B0C\7&16b8ddb4&0&UID256","SAM7B0C"
"2026-09-15 15:43:38.259","DISPLAY\SAM7B0C\7&16b8ddb4&0&UID256","SAM7B0C"
"2026-09-15 15:44:26.687","DISPLAY\SAM7B0C\7&16b8ddb4&0&UID256","SAM7B0C"
"2026-09-15 15:45:08.244","DISPLAY\SAM7B0C\7&16b8ddb4&0&UID256","SAM7B0C"
"2026-09-15 15:45:08.584","DISPLAY\Default_Monitor\7&16b8ddb4&0&UID256","Default_Monitor"
"2026-09-15 15:45:56.520","DISPLAY\SAM7B0C\7&16b8ddb4&0&UID256","SAM7B0C"
"2026-09-15 15:45:56.860","DISPLAY\Default_Monitor\7&16b8ddb4&0&UID256","Default_Monitor"
"2026-09-15 15:46:38.023","DISPLAY\SAM7B0C\7&16b8ddb4&0&UID256","SAM7B0C"
"2026-09-15 15:47:26.630","DISPLAY\SAM7B0C\7&16b8ddb4&0&UID256","SAM7B0C"
"2026-09-15 15:48:07.950","DISPLAY\SAM7B0C\7&16b8ddb4&0&UID256","SAM7B0C"
"2026-09-15 15:48:57.046","DISPLAY\SAM7B0C\7&16b8ddb4&0&UID256","SAM7B0C"
"2026-09-15 15:49:39.757","DISPLAY\SAM7B0C\7&16b8ddb4&0&UID256","SAM7B0C"
"2026-09-15 15:49:40.098","DISPLAY\Default_Monitor\7&16b8ddb4&0&UID256","Default_Monitor"
"2026-09-15 15:50:37.396","DISPLAY\SAM7B0C\7&16b8ddb4&0&UID256","SAM7B0C"
"2026-09-15 15:51:18.916","DISPLAY\SAM7B0C\7&16b8ddb4&0&UID256","SAM7B0C"
"2026-09-15 15:51:19.271","DISPLAY\Default_Monitor\7&16b8ddb4&0&UID256","Default_Monitor"
"2026-09-15 15:51:57.296","DISPLAY\SAM7B0C\7&16b8ddb4&0&UID256","SAM7B0C"
"2026-09-15 15:52:39.945","DISPLAY\SAM7B0C\7&16b8ddb4&0&UID256","SAM7B0C"
"2026-09-15 15:53:27.333","DISPLAY\SAM7B0C\7&16b8ddb4&0&UID256","SAM7B0C"
"2026-09-15 15:53:27.690","DISPLAY\Default_Monitor\7&16b8ddb4&0&UID256","Default_Monitor"
"2026-09-15 15:54:10.074","DISPLAY\SAM7B0C\7&16b8ddb4&0&UID256","SAM7B0C"
"2026-09-15 15:54:56.731","DISPLAY\SAM7B0C\7&16b8ddb4&0&UID256","SAM7B0C"
"2026-09-15 15:54:57.086","DISPLAY\Default_Monitor\7&16b8ddb4&0&UID256","Default_Monitor"
"2026-09-15 15:55:39.338","DISPLAY\SAM7B0C\7&16b8ddb4&0&UID256","SAM7B0C"
"2026-09-15 15:56:16.704","DISPLAY\SAM7B0C\7&16b8ddb4&0&UID256","SAM7B0C"
"2026-09-15 15:56:17.365","DISPLAY\Default_Monitor\7&16b8ddb4&0&UID256","Default_Monitor"
"2026-09-15 15:57:20.522","DISPLAY\SAM7B0C\7&16b8ddb4&0&UID256","SAM7B0C"
"2026-09-15 15:58:07.751","DISPLAY\SAM7B0C\7&16b8ddb4&0&UID256","SAM7B0C"
"2026-09-15 15:58:08.104","DISPLAY\Default_Monitor\7&16b8ddb4&0&UID256","Default_Monitor"
"2026-09-15 15:58:49.372","DISPLAY\SAM7B0C\7&16b8ddb4&0&UID256","SAM7B0C"
"2026-09-15 15:59:27.428","DISPLAY\SAM7B0C\7&16b8ddb4&0&UID256","SAM7B0C"
"2026-09-15 16:00:08.620","DISPLAY\SAM7B0C\7&16b8ddb4&0&UID256","SAM7B0C"
"2026-09-15 16:00:46.565","DISPLAY\SAM7B0C\7&16b8ddb4&0&UID256","SAM7B0C"
"2026-09-15 16:00:46.936","DISPLAY\Default_Monitor\7&16b8ddb4&0&UID256","Default_Monitor"
"2026-09-15 16:01:28.009","DISPLAY\SAM7B0C\7&16b8ddb4&0&UID256","SAM7B0C"
"2026-09-15 16:01:28.381","DISPLAY\Default_Monitor\7&16b8ddb4&0&UID256","Default_Monitor"
"2026-09-15 16:02:37.960","DISPLAY\SAM7B0C\7&16b8ddb4&0&UID256","SAM7B0C"
"2026-09-15 16:03:19.608","DISPLAY\SAM7B0C\7&16b8ddb4&0&UID256","SAM7B0C"
"2026-09-15 16:03:19.997","DISPLAY\Default_Monitor\7&16b8ddb4&0&UID256","Default_Monitor"
"2026-09-15 16:03:57.374","DISPLAY\SAM7B0C\7&16b8ddb4&0&UID256","SAM7B0C"
"2026-09-15 16:04:38.836","DISPLAY\SAM7B0C\7&16b8ddb4&0&UID256","SAM7B0C"
"2026-09-15 16:04:39.223","DISPLAY\Default_Monitor\7&16b8ddb4&0&UID256","Default_Monitor"
"2026-09-15 16:05:27.228","DISPLAY\SAM7B0C\7&16b8ddb4&0&UID256","SAM7B0C"
"2026-09-15 16:05:27.635","DISPLAY\Default_Monitor\7&16b8ddb4&0&UID256","Default_Monitor"
"2026-09-15 16:06:20.250","DISPLAY\SAM7B0C\7&16b8ddb4&0&UID256","SAM7B0C"
"2026-09-15 16:07:04.487","DISPLAY\SAM7B0C\7&16b8ddb4&0&UID256","SAM7B0C"
"2026-09-15 16:07:56.225","DISPLAY\SAM7B0C\7&16b8ddb4&0&UID256","SAM7B0C"
"2026-09-15 16:07:56.665","DISPLAY\Default_Monitor\7&16b8ddb4&0&UID256","Default_Monitor"
"2026-09-15 16:08:37.978","DISPLAY\SAM7B0C\7&16b8ddb4&0&UID256","SAM7B0C"
"2026-09-15 16:09:24.095","DISPLAY\SAM7B0C\7&16b8ddb4&0&UID256","SAM7B0C"
"2026-09-15 16:09:24.548","DISPLAY\Default_Monitor\7&16b8ddb4&0&UID256","Default_Monitor"
"2026-09-15 16:10:20.783","DISPLAY\SAM7B0C\7&16b8ddb4&0&UID256","SAM7B0C"
"2026-09-15 16:11:00.543","DISPLAY\SAM7B0C\7&16b8ddb4&0&UID256","SAM7B0C"
"2026-09-15 16:13:35.572","DISPLAY\SAM7B0C\7&16b8ddb4&0&UID256","SAM7B0C"
"2026-09-15 16:13:36.009","DISPLAY\Default_Monitor\7&16b8ddb4&0&UID256","Default_Monitor"
"2026-09-15 16:14:27.047","DISPLAY\SAM7B0C\7&16b8ddb4&0&UID256","SAM7B0C"
"2026-09-15 16:15:18.594","DISPLAY\SAM7B0C\7&16b8ddb4&0&UID256","SAM7B0C"
"2026-09-15 16:22:24.537","DISPLAY\SAM7B0C\7&16b8ddb4&0&UID256","SAM7B0C"
"2026-09-15 16:22:24.945","DISPLAY\Default_Monitor\7&16b8ddb4&0&UID256","Default_Monitor"
"2026-09-15 16:23:27.169","DISPLAY\SAM7B0C\7&16b8ddb4&0&UID256","SAM7B0C"
"2026-09-15 16:24:11.433","DISPLAY\SAM7B0C\7&16b8ddb4&0&UID256","SAM7B0C"
"2026-09-15 16:24:11.853","DISPLAY\Default_Monitor\7&16b8ddb4&0&UID256","Default_Monitor"
"2026-09-15 16:24:56.868","DISPLAY\SAM7B0C\7&16b8ddb4&0&UID256","SAM7B0C"
"2026-09-15 16:25:38.509","DISPLAY\SAM7B0C\7&16b8ddb4&0&UID256","SAM7B0C"
"2026-09-15 16:26:27.185","DISPLAY\SAM7B0C\7&16b8ddb4&0&UID256","SAM7B0C"
"2026-09-15 16:27:08.500","DISPLAY\SAM7B0C\7&16b8ddb4&0&UID256","SAM7B0C"
"2026-09-15 16:27:46.773","DISPLAY\SAM7B0C\7&16b8ddb4&0&UID256","SAM7B0C"
"2026-09-15 16:27:47.195","DISPLAY\Default_Monitor\7&16b8ddb4&0&UID256","Default_Monitor"
"2026-09-15 16:28:27.929","DISPLAY\SAM7B0C\7&16b8ddb4&0&UID256","SAM7B0C"
"2026-09-15 16:29:37.877","DISPLAY\SAM7B0C\7&16b8ddb4&0&UID256","SAM7B0C"
"2026-09-15 16:30:19.619","DISPLAY\SAM7B0C\7&16b8ddb4&0&UID256","SAM7B0C"
"2026-09-15 16:30:20.057","DISPLAY\Default_Monitor\7&16b8ddb4&0&UID256","Default_Monitor"
"2026-09-15 16:30:57.463","DISPLAY\SAM7B0C\7&16b8ddb4&0&UID256","SAM7B0C"
"2026-09-15 16:31:39.079","DISPLAY\SAM7B0C\7&16b8ddb4&0&UID256","SAM7B0C"
"2026-09-15 16:32:38.083","DISPLAY\SAM7B0C\7&16b8ddb4&0&UID256","SAM7B0C"
"2026-09-15 16:33:19.159","DISPLAY\SAM7B0C\7&16b8ddb4&0&UID256","SAM7B0C"
"2026-09-15 16:33:19.633","DISPLAY\Default_Monitor\7&16b8ddb4&0&UID256","Default_Monitor"
"2026-09-15 16:33:57.405","DISPLAY\SAM7B0C\7&16b8ddb4&0&UID256","SAM7B0C"
"2026-09-15 16:34:39.197","DISPLAY\SAM7B0C\7&16b8ddb4&0&UID256","SAM7B0C"
"2026-09-15 16:35:17.242","DISPLAY\SAM7B0C\7&16b8ddb4&0&UID256","SAM7B0C"
"2026-09-15 16:36:06.031","DISPLAY\SAM7B0C\7&16b8ddb4&0&UID256","SAM7B0C"
"2026-09-15 16:36:57.438","DISPLAY\SAM7B0C\7&16b8ddb4&0&UID256","SAM7B0C"
"2026-09-15 16:37:38.557","DISPLAY\SAM7B0C\7&16b8ddb4&0&UID256","SAM7B0C"
"2026-09-15 16:38:27.183","DISPLAY\SAM7B0C\7&16b8ddb4&0&UID256","SAM7B0C"
"2026-09-15 16:38:27.621","DISPLAY\Default_Monitor\7&16b8ddb4&0&UID256","Default_Monitor"
"2026-09-15 16:39:19.637","DISPLAY\SAM7B0C\7&16b8ddb4&0&UID256","SAM7B0C"
"2026-09-15 16:39:19.662","DISPLAY\Default_Monitor\7&16b8ddb4&0&UID256","Default_Monitor"
"2026-09-15 16:40:07.710","DISPLAY\SAM7B0C\7&16b8ddb4&0&UID256","SAM7B0C"
"2026-09-15 16:40:49.490","DISPLAY\SAM7B0C\7&16b8ddb4&0&UID256","SAM7B0C"
"2026-09-15 16:40:49.946","DISPLAY\Default_Monitor\7&16b8ddb4&0&UID256","Default_Monitor"
"2026-09-15 16:41:27.240","DISPLAY\SAM7B0C\7&16b8ddb4&0&UID256","SAM7B0C"
"2026-09-15 16:41:27.729","DISPLAY\Default_Monitor\7&16b8ddb4&0&UID256","Default_Monitor"
"2026-09-15 16:42:09.591","DISPLAY\SAM7B0C\7&16b8ddb4&0&UID256","SAM7B0C"
"2026-09-15 16:42:47.011","DISPLAY\SAM7B0C\7&16b8ddb4&0&UID256","SAM7B0C"
"2026-09-15 16:42:47.565","DISPLAY\Default_Monitor\7&16b8ddb4&0&UID256","Default_Monitor"
"2026-09-15 16:43:38.731","DISPLAY\SAM7B0C\7&16b8ddb4&0&UID256","SAM7B0C"
"2026-09-15 16:43:39.203","DISPLAY\Default_Monitor\7&16b8ddb4&0&UID256","Default_Monitor"
"2026-09-15 16:44:27.235","DISPLAY\SAM7B0C\7&16b8ddb4&0&UID256","SAM7B0C"
"2026-09-15 16:44:27.260","DISPLAY\Default_Monitor\7&16b8ddb4&0&UID256","Default_Monitor"
"2026-09-15 16:45:08.301","DISPLAY\SAM7B0C\7&16b8ddb4&0&UID256","SAM7B0C"
"2026-09-15 16:45:47.033","DISPLAY\SAM7B0C\7&16b8ddb4&0&UID256","SAM7B0C"
"2026-09-15 16:46:36.403","DISPLAY\SAM7B0C\7&16b8ddb4&0&UID256","SAM7B0C"
"2026-09-15 16:46:36.892","DISPLAY\Default_Monitor\7&16b8ddb4&0&UID256","Default_Monitor"
"2026-09-15 16:47:27.402","DISPLAY\SAM7B0C\7&16b8ddb4&0&UID256","SAM7B0C"
"2026-09-15 16:48:09.416","DISPLAY\SAM7B0C\7&16b8ddb4&0&UID256","SAM7B0C"
"2026-09-15 16:49:37.412","DISPLAY\SAM7B0C\7&16b8ddb4&0&UID256","SAM7B0C"
"2026-09-15 16:49:37.902","DISPLAY\Default_Monitor\7&16b8ddb4&0&UID256","Default_Monitor"
"2026-09-15 16:50:27.183","DISPLAY\SAM7B0C\7&16b8ddb4&0&UID256","SAM7B0C"
"2026-09-15 16:51:08.501","DISPLAY\SAM7B0C\7&16b8ddb4&0&UID256","SAM7B0C"
"2026-09-15 16:51:57.327","DISPLAY\SAM7B0C\7&16b8ddb4&0&UID256","SAM7B0C"
"2026-09-15 16:52:38.573","DISPLAY\SAM7B0C\7&16b8ddb4&0&UID256","SAM7B0C"
"2026-09-15 16:52:39.061","DISPLAY\Default_Monitor\7&16b8ddb4&0&UID256","Default_Monitor"
"2026-09-15 16:53:27.149","DISPLAY\SAM7B0C\7&16b8ddb4&0&UID256","SAM7B0C"
"2026-09-15 16:54:08.754","DISPLAY\SAM7B0C\7&16b8ddb4&0&UID256","SAM7B0C"
"2026-09-15 16:54:57.257","DISPLAY\SAM7B0C\7&16b8ddb4&0&UID256","SAM7B0C"
"2026-09-15 16:55:38.659","DISPLAY\SAM7B0C\7&16b8ddb4&0&UID256","SAM7B0C"
"2026-09-15 16:56:27.192","DISPLAY\SAM7B0C\7&16b8ddb4&0&UID256","SAM7B0C"
"2026-09-15 16:57:20.113","DISPLAY\SAM7B0C\7&16b8ddb4&0&UID256","SAM7B0C"
"2026-09-15 16:57:20.621","DISPLAY\Default_Monitor\7&16b8ddb4&0&UID256","Default_Monitor"
"2026-09-15 16:59:44.116","DISPLAY\SAM7B0C\7&16b8ddb4&0&UID256","SAM7B0C"
"2026-09-15 17:00:25.938","DISPLAY\SAM7B0C\7&16b8ddb4&0&UID256","SAM7B0C"
"2026-09-15 17:01:08.394","DISPLAY\SAM7B0C\7&16b8ddb4&0&UID256","SAM7B0C"
"2026-09-15 17:06:25.395","DISPLAY\SAM7B0C\7&16b8ddb4&0&UID256","SAM7B0C"
"2026-09-15 17:07:08.244","DISPLAY\SAM7B0C\7&16b8ddb4&0&UID256","SAM7B0C"
"2026-09-15 17:07:46.389","DISPLAY\SAM7B0C\7&16b8ddb4&0&UID256","SAM7B0C"
"2026-09-15 17:08:28.376","DISPLAY\SAM7B0C\7&16b8ddb4&0&UID256","SAM7B0C"
"2026-09-15 17:13:23.232","DISPLAY\SAM7B0C\7&16b8ddb4&0&UID256","SAM7B0C"
"2026-09-15 17:14:02.641","DISPLAY\SAM7B0C\7&16b8ddb4&0&UID256","SAM7B0C"
"2026-09-15 17:14:03.166","DISPLAY\Default_Monitor\7&16b8ddb4&0&UID256","Default_Monitor"
"2026-09-15 17:14:44.523","DISPLAY\SAM7B0C\7&16b8ddb4&0&UID256","SAM7B0C"
"2026-09-15 17:15:58.076","DISPLAY\SAM7B0C\7&16b8ddb4&0&UID256","SAM7B0C"
"2026-09-15 17:15:58.598","DISPLAY\Default_Monitor\7&16b8ddb4&0&UID256","Default_Monitor"
"2026-09-15 17:16:39.889","DISPLAY\SAM7B0C\7&16b8ddb4&0&UID256","SAM7B0C"
"2026-09-15 17:16:40.445","DISPLAY\Default_Monitor\7&16b8ddb4&0&UID256","Default_Monitor"
"2026-09-15 17:17:28.060","DISPLAY\SAM7B0C\7&16b8ddb4&0&UID256","SAM7B0C"
"2026-09-15 17:17:28.583","DISPLAY\Default_Monitor\7&16b8ddb4&0&UID256","Default_Monitor"
"2026-09-15 17:18:20.327","DISPLAY\SAM7B0C\7&16b8ddb4&0&UID256","SAM7B0C"
"2026-09-15 17:18:58.264","DISPLAY\SAM7B0C\7&16b8ddb4&0&UID256","SAM7B0C"
"2026-09-15 17:18:58.805","DISPLAY\Default_Monitor\7&16b8ddb4&0&UID256","Default_Monitor"
"2026-09-15 17:19:40.006","DISPLAY\SAM7B0C\7&16b8ddb4&0&UID256","SAM7B0C"
"2026-09-15 17:20:28.073","DISPLAY\SAM7B0C\7&16b8ddb4&0&UID256","SAM7B0C"
"2026-09-15 17:20:28.100","DISPLAY\Default_Monitor\7&16b8ddb4&0&UID256","Default_Monitor"
"2026-09-15 17:21:09.100","DISPLAY\SAM7B0C\7&16b8ddb4&0&UID256","SAM7B0C"
"2026-09-15 17:21:47.993","DISPLAY\SAM7B0C\7&16b8ddb4&0&UID256","SAM7B0C"
"2026-09-15 17:22:28.926","DISPLAY\SAM7B0C\7&16b8ddb4&0&UID256","SAM7B0C"
"2026-09-15 17:24:10.390","DISPLAY\SAM7B0C\7&16b8ddb4&0&UID256","SAM7B0C"
"2026-09-15 17:24:10.929","DISPLAY\Default_Monitor\7&16b8ddb4&0&UID256","Default_Monitor"
"2026-09-15 17:25:08.654","DISPLAY\SAM7B0C\7&16b8ddb4&0&UID256","SAM7B0C"
"2026-09-15 17:25:50.238","DISPLAY\SAM7B0C\7&16b8ddb4&0&UID256","SAM7B0C"
"2026-09-15 17:25:50.799","DISPLAY\Default_Monitor\7&16b8ddb4&0&UID256","Default_Monitor"
"2026-09-15 17:26:39.394","DISPLAY\SAM7B0C\7&16b8ddb4&0&UID256","SAM7B0C"
"2026-09-15 17:26:39.956","DISPLAY\Default_Monitor\7&16b8ddb4&0&UID256","Default_Monitor"
"2026-09-15 17:27:21.194","DISPLAY\SAM7B0C\7&16b8ddb4&0&UID256","SAM7B0C"
"2026-09-15 17:27:21.751","DISPLAY\Default_Monitor\7&16b8ddb4&0&UID256","Default_Monitor"
"2026-09-15 17:30:51.387","DISPLAY\SAM7B0C\7&16b8ddb4&0&UID256","SAM7B0C"
"2026-09-15 17:31:32.949","DISPLAY\SAM7B0C\7&16b8ddb4&0&UID256","SAM7B0C"
"2026-09-15 17:31:33.527","DISPLAY\Default_Monitor\7&16b8ddb4&0&UID256","Default_Monitor"
"2026-09-15 17:32:38.826","DISPLAY\SAM7B0C\7&16b8ddb4&0&UID256","SAM7B0C"
"2026-09-15 17:33:58.884","DISPLAY\SAM7B0C\7&16b8ddb4&0&UID256","SAM7B0C"
"2026-09-15 17:34:51.882","DISPLAY\SAM7B0C\7&16b8ddb4&0&UID256","SAM7B0C"
"2026-09-15 17:34:52.460","DISPLAY\Default_Monitor\7&16b8ddb4&0&UID256","Default_Monitor"
"2026-09-15 17:35:39.802","DISPLAY\SAM7B0C\7&16b8ddb4&0&UID256","SAM7B0C"
"2026-09-15 17:36:20.966","DISPLAY\SAM7B0C\7&16b8ddb4&0&UID256","SAM7B0C"
"2026-09-15 17:36:21.545","DISPLAY\Default_Monitor\7&16b8ddb4&0&UID256","Default_Monitor"
"2026-09-15 17:48:29.914","DISPLAY\SAM7B0C\7&16b8ddb4&0&UID256","SAM7B0C"
"2026-09-15 17:48:30.506","DISPLAY\Default_Monitor\7&16b8ddb4&0&UID256","Default_Monitor"
"2026-09-15 17:49:12.692","DISPLAY\SAM7B0C\7&16b8ddb4&0&UID256","SAM7B0C"
"2026-09-15 17:49:55.145","DISPLAY\SAM7B0C\7&16b8ddb4&0&UID256","SAM7B0C"
"2026-09-15 17:49:55.738","DISPLAY\Default_Monitor\7&16b8ddb4&0&UID256","Default_Monitor"
"2026-09-15 17:50:39.101","DISPLAY\SAM7B0C\7&16b8ddb4&0&UID256","SAM7B0C"
"2026-09-15 17:51:26.605","DISPLAY\SAM7B0C\7&16b8ddb4&0&UID256","SAM7B0C"
"2026-09-15 17:51:26.630","DISPLAY\Default_Monitor\7&16b8ddb4&0&UID256","Default_Monitor"
"2026-09-15 17:59:22.917","DISPLAY\SAM7B0C\7&16b8ddb4&0&UID256","SAM7B0C"
"2026-09-15 17:59:23.509","DISPLAY\Default_Monitor\7&16b8ddb4&0&UID256","Default_Monitor"
"2026-09-15 18:00:07.613","DISPLAY\SAM7B0C\7&16b8ddb4&0&UID256","SAM7B0C"
"2026-09-15 18:00:58.408","DISPLAY\SAM7B0C\7&16b8ddb4&0&UID256","SAM7B0C"
"2026-09-15 18:00:59.001","DISPLAY\Default_Monitor\7&16b8ddb4&0&UID256","Default_Monitor"
"2026-09-15 18:01:51.025","DISPLAY\SAM7B0C\7&16b8ddb4&0&UID256","SAM7B0C"
"2026-09-15 18:01:51.634","DISPLAY\Default_Monitor\7&16b8ddb4&0&UID256","Default_Monitor"
"2026-09-15 18:02:29.049","DISPLAY\SAM7B0C\7&16b8ddb4&0&UID256","SAM7B0C"
"2026-09-15 18:03:10.725","DISPLAY\SAM7B0C\7&16b8ddb4&0&UID256","SAM7B0C"
"2026-09-15 18:08:17.232","DISPLAY\SAM7B0C\7&16b8ddb4&0&UID256","SAM7B0C"
"2026-09-15 18:10:29.567","DISPLAY\SAM7B0C\7&16b8ddb4&0&UID256","SAM7B0C"
"2026-09-15 18:25:41.328","DISPLAY\SAM7B0C\7&16b8ddb4&0&UID256","SAM7B0C"
"2026-09-15 18:26:29.167","DISPLAY\SAM7B0C\7&16b8ddb4&0&UID256","SAM7B0C"
"2026-09-15 18:26:29.777","DISPLAY\Default_Monitor\7&16b8ddb4&0&UID256","Default_Monitor"
"2026-09-15 18:27:11.184","DISPLAY\SAM7B0C\7&16b8ddb4&0&UID256","SAM7B0C"
"2026-09-15 18:27:11.210","DISPLAY\Default_Monitor\7&16b8ddb4&0&UID256","Default_Monitor"
"2026-09-15 18:27:58.805","DISPLAY\SAM7B0C\7&16b8ddb4&0&UID256","SAM7B0C"
"2026-09-15 18:28:40.639","DISPLAY\SAM7B0C\7&16b8ddb4&0&UID256","SAM7B0C"
"2026-09-15 18:28:41.267","DISPLAY\Default_Monitor\7&16b8ddb4&0&UID256","Default_Monitor"
"2026-09-15 18:29:28.520","DISPLAY\SAM7B0C\7&16b8ddb4&0&UID256","SAM7B0C"
"2026-09-15 18:30:10.254","DISPLAY\SAM7B0C\7&16b8ddb4&0&UID256","SAM7B0C"
"2026-09-15 18:30:10.884","DISPLAY\Default_Monitor\7&16b8ddb4&0&UID256","Default_Monitor"
"2026-09-15 18:30:58.574","DISPLAY\SAM7B0C\7&16b8ddb4&0&UID256","SAM7B0C"
"2026-09-15 18:31:40.168","DISPLAY\SAM7B0C\7&16b8ddb4&0&UID256","SAM7B0C"
"2026-09-15 18:31:40.797","DISPLAY\Default_Monitor\7&16b8ddb4&0&UID256","Default_Monitor"
"2026-09-15 18:32:39.339","DISPLAY\SAM7B0C\7&16b8ddb4&0&UID256","SAM7B0C"
"2026-09-15 18:33:21.114","DISPLAY\SAM7B0C\7&16b8ddb4&0&UID256","SAM7B0C"
"2026-09-15 18:33:59.165","DISPLAY\SAM7B0C\7&16b8ddb4&0&UID256","SAM7B0C"
"2026-09-15 18:33:59.809","DISPLAY\Default_Monitor\7&16b8ddb4&0&UID256","Default_Monitor"
"2026-09-15 18:34:52.129","DISPLAY\SAM7B0C\7&16b8ddb4&0&UID256","SAM7B0C"
"2026-09-15 18:36:10.836","DISPLAY\SAM7B0C\7&16b8ddb4&0&UID256","SAM7B0C"
"2026-09-15 18:36:11.462","DISPLAY\Default_Monitor\7&16b8ddb4&0&UID256","Default_Monitor"
"2026-09-15 18:36:58.838","DISPLAY\SAM7B0C\7&16b8ddb4&0&UID256","SAM7B0C"
"2026-09-15 18:37:41.641","DISPLAY\SAM7B0C\7&16b8ddb4&0&UID256","SAM7B0C"
"2026-09-15 18:38:29.289","DISPLAY\SAM7B0C\7&16b8ddb4&0&UID256","SAM7B0C"
"2026-09-15 18:38:29.946","DISPLAY\Default_Monitor\7&16b8ddb4&0&UID256","Default_Monitor"
"2026-09-15 18:39:11.197","DISPLAY\SAM7B0C\7&16b8ddb4&0&UID256","SAM7B0C"
"2026-09-15 18:39:59.271","DISPLAY\SAM7B0C\7&16b8ddb4&0&UID256","SAM7B0C"
"2026-09-15 18:39:59.914","DISPLAY\Default_Monitor\7&16b8ddb4&0&UID256","Default_Monitor"
"2026-09-15 18:41:55.229","DISPLAY\SAM7B0C\7&16b8ddb4&0&UID256","SAM7B0C"
"2026-09-15 18:43:50.299","DISPLAY\SAM7B0C\7&16b8ddb4&0&UID256","SAM7B0C"
"2026-09-15 18:45:29.443","DISPLAY\SAM7B0C\7&16b8ddb4&0&UID256","SAM7B0C"
"2026-09-15 18:46:11.205","DISPLAY\SAM7B0C\7&16b8ddb4&0&UID256","SAM7B0C"
"2026-09-15 18:46:11.864","DISPLAY\Default_Monitor\7&16b8ddb4&0&UID256","Default_Monitor"
"2026-09-15 18:47:39.329","DISPLAY\SAM7B0C\7&16b8ddb4&0&UID256","SAM7B0C"
"2026-09-15 18:47:40.008","DISPLAY\Default_Monitor\7&16b8ddb4&0&UID256","Default_Monitor"
"2026-09-15 18:48:59.294","DISPLAY\SAM7B0C\7&16b8ddb4&0&UID256","SAM7B0C"
"2026-09-15 18:49:42.123","DISPLAY\SAM7B0C\7&16b8ddb4&0&UID256","SAM7B0C"
"2026-09-15 18:50:28.742","DISPLAY\SAM7B0C\7&16b8ddb4&0&UID256","SAM7B0C"
"2026-09-15 18:50:29.403","DISPLAY\Default_Monitor\7&16b8ddb4&0&UID256","Default_Monitor"
"2026-09-15 18:51:10.600","DISPLAY\SAM7B0C\7&16b8ddb4&0&UID256","SAM7B0C"
"2026-09-15 18:51:11.276","DISPLAY\Default_Monitor\7&16b8ddb4&0&UID256","Default_Monitor"
"2026-09-15 18:51:58.759","DISPLAY\SAM7B0C\7&16b8ddb4&0&UID256","SAM7B0C"
"2026-09-15 18:51:59.419","DISPLAY\Default_Monitor\7&16b8ddb4&0&UID256","Default_Monitor"
"2026-09-15 18:52:41.411","DISPLAY\SAM7B0C\7&16b8ddb4&0&UID256","SAM7B0C"
"2026-09-15 18:53:28.997","DISPLAY\SAM7B0C\7&16b8ddb4&0&UID256","SAM7B0C"
"2026-09-15 18:54:10.703","DISPLAY\SAM7B0C\7&16b8ddb4&0&UID256","SAM7B0C"
"2026-09-15 18:54:58.705","DISPLAY\SAM7B0C\7&16b8ddb4&0&UID256","SAM7B0C"
"2026-09-15 18:54:59.384","DISPLAY\Default_Monitor\7&16b8ddb4&0&UID256","Default_Monitor"
"2026-09-15 18:55:40.966","DISPLAY\SAM7B0C\7&16b8ddb4&0&UID256","SAM7B0C"
"2026-09-15 18:56:28.556","DISPLAY\SAM7B0C\7&16b8ddb4&0&UID256","SAM7B0C"
"2026-09-15 18:57:21.597","DISPLAY\SAM7B0C\7&16b8ddb4&0&UID256","SAM7B0C"
"2026-09-15 18:57:59.157","DISPLAY\SAM7B0C\7&16b8ddb4&0&UID256","SAM7B0C"
"2026-09-15 18:58:40.800","DISPLAY\SAM7B0C\7&16b8ddb4&0&UID256","SAM7B0C"
"2026-09-15 18:59:28.821","DISPLAY\SAM7B0C\7&16b8ddb4&0&UID256","SAM7B0C"
"2026-09-15 18:59:29.517","DISPLAY\Default_Monitor\7&16b8ddb4&0&UID256","Default_Monitor"
"2026-09-15 19:00:10.871","DISPLAY\SAM7B0C\7&16b8ddb4&0&UID256","SAM7B0C"
"2026-09-15 19:00:58.927","DISPLAY\SAM7B0C\7&16b8ddb4&0&UID256","SAM7B0C"
"2026-09-15 19:01:41.637","DISPLAY\SAM7B0C\7&16b8ddb4&0&UID256","SAM7B0C"
"2026-09-15 19:02:29.365","DISPLAY\SAM7B0C\7&16b8ddb4&0&UID256","SAM7B0C"
"2026-09-15 19:03:12.245","DISPLAY\SAM7B0C\7&16b8ddb4&0&UID256","SAM7B0C"
"2026-09-15 19:03:58.852","DISPLAY\SAM7B0C\7&16b8ddb4&0&UID256","SAM7B0C"
"2026-09-15 19:04:40.706","DISPLAY\SAM7B0C\7&16b8ddb4&0&UID256","SAM7B0C"
"2026-09-15 19:05:29.334","DISPLAY\SAM7B0C\7&16b8ddb4&0&UID256","SAM7B0C"
"2026-09-15 19:05:30.046","DISPLAY\Default_Monitor\7&16b8ddb4&0&UID256","Default_Monitor"
"2026-09-15 19:06:11.189","DISPLAY\SAM7B0C\7&16b8ddb4&0&UID256","SAM7B0C"
"2026-09-15 19:06:11.919","DISPLAY\Default_Monitor\7&16b8ddb4&0&UID256","Default_Monitor"
"2026-09-15 19:06:59.345","DISPLAY\SAM7B0C\7&16b8ddb4&0&UID256","SAM7B0C"
"2026-09-15 19:07:00.060","DISPLAY\Default_Monitor\7&16b8ddb4&0&UID256","Default_Monitor"
"2026-09-15 19:07:41.300","DISPLAY\SAM7B0C\7&16b8ddb4&0&UID256","SAM7B0C"
"2026-09-15 19:07:42.042","DISPLAY\Default_Monitor\7&16b8ddb4&0&UID256","Default_Monitor"
"2026-09-15 19:08:29.380","DISPLAY\SAM7B0C\7&16b8ddb4&0&UID256","SAM7B0C"
"2026-09-15 19:08:30.111","DISPLAY\Default_Monitor\7&16b8ddb4&0&UID256","Default_Monitor"
"2026-09-15 19:09:12.260","DISPLAY\SAM7B0C\7&16b8ddb4&0&UID256","SAM7B0C"
"2026-09-15 19:09:58.996","DISPLAY\SAM7B0C\7&16b8ddb4&0&UID256","SAM7B0C"
"2026-09-15 19:10:40.809","DISPLAY\SAM7B0C\7&16b8ddb4&0&UID256","SAM7B0C"
"2026-09-15 19:11:29.565","DISPLAY\SAM7B0C\7&16b8ddb4&0&UID256","SAM7B0C"
"2026-09-15 19:12:22.556","DISPLAY\SAM7B0C\7&16b8ddb4&0&UID256","SAM7B0C"
"2026-09-15 19:13:10.523","DISPLAY\SAM7B0C\7&16b8ddb4&0&UID256","SAM7B0C"
"2026-09-15 19:13:52.722","DISPLAY\SAM7B0C\7&16b8ddb4&0&UID256","SAM7B0C"
"2026-09-15 19:14:39.662","DISPLAY\SAM7B0C\7&16b8ddb4&0&UID256","SAM7B0C"
"2026-09-15 19:15:21.483","DISPLAY\SAM7B0C\7&16b8ddb4&0&UID256","SAM7B0C"
"2026-09-15 19:15:22.209","DISPLAY\Default_Monitor\7&16b8ddb4&0&UID256","Default_Monitor"
"2026-09-15 19:15:59.649","DISPLAY\SAM7B0C\7&16b8ddb4&0&UID256","SAM7B0C"
"2026-09-15 19:16:42.462","DISPLAY\SAM7B0C\7&16b8ddb4&0&UID256","SAM7B0C"
"2026-09-15 19:16:43.203","DISPLAY\Default_Monitor\7&16b8ddb4&0&UID256","Default_Monitor"
"2026-09-15 19:17:39.577","DISPLAY\SAM7B0C\7&16b8ddb4&0&UID256","SAM7B0C"
"2026-09-15 19:18:22.624","DISPLAY\SAM7B0C\7&16b8ddb4&0&UID256","SAM7B0C"
"2026-09-15 19:19:10.539","DISPLAY\SAM7B0C\7&16b8ddb4&0&UID256","SAM7B0C"
"2026-09-15 19:19:53.077","DISPLAY\SAM7B0C\7&16b8ddb4&0&UID256","SAM7B0C"
"2026-09-15 19:21:01.001","DISPLAY\SAM7B0C\7&16b8ddb4&0&UID256","SAM7B0C"
"2026-09-15 19:21:59.803","DISPLAY\SAM7B0C\7&16b8ddb4&0&UID256","SAM7B0C"
"2026-09-15 19:22:42.790","DISPLAY\SAM7B0C\7&16b8ddb4&0&UID256","SAM7B0C"
"2026-09-15 19:23:29.048","DISPLAY\SAM7B0C\7&16b8ddb4&0&UID256","SAM7B0C"
"2026-09-15 19:24:11.663","DISPLAY\SAM7B0C\7&16b8ddb4&0&UID256","SAM7B0C"
"2026-09-15 19:24:12.424","DISPLAY\Default_Monitor\7&16b8ddb4&0&UID256","Default_Monitor"
"2026-09-15 19:26:28.447","DISPLAY\SAM7B0C\7&16b8ddb4&0&UID256","SAM7B0C"
"2026-09-15 19:26:29.190","DISPLAY\Default_Monitor\7&16b8ddb4&0&UID256","Default_Monitor"
"2026-09-15 19:27:22.529","DISPLAY\SAM7B0C\7&16b8ddb4&0&UID256","SAM7B0C"
"2026-09-15 19:28:10.407","DISPLAY\SAM7B0C\7&16b8ddb4&0&UID256","SAM7B0C"
"2026-09-15 19:28:11.173","DISPLAY\Default_Monitor\7&16b8ddb4&0&UID256","Default_Monitor"
"2026-09-15 19:28:52.442","DISPLAY\SAM7B0C\7&16b8ddb4&0&UID256","SAM7B0C"
"2026-09-15 19:28:53.219","DISPLAY\Default_Monitor\7&16b8ddb4&0&UID256","Default_Monitor"
"2026-09-15 19:29:40.350","DISPLAY\SAM7B0C\7&16b8ddb4&0&UID256","SAM7B0C"
"2026-09-15 19:29:40.377","DISPLAY\Default_Monitor\7&16b8ddb4&0&UID256","Default_Monitor"
"2026-09-15 19:30:22.237","DISPLAY\SAM7B0C\7&16b8ddb4&0&UID256","SAM7B0C"
"2026-09-15 19:30:22.999","DISPLAY\Default_Monitor\7&16b8ddb4&0&UID256","Default_Monitor"
"2026-09-15 19:31:10.080","DISPLAY\SAM7B0C\7&16b8ddb4&0&UID256","SAM7B0C"
"2026-09-15 19:31:10.857","DISPLAY\Default_Monitor\7&16b8ddb4&0&UID256","Default_Monitor"
"2026-09-15 19:31:53.003","DISPLAY\SAM7B0C\7&16b8ddb4&0&UID256","SAM7B0C"
"2026-09-15 19:31:53.781","DISPLAY\Default_Monitor\7&16b8ddb4&0&UID256","Default_Monitor"
"2026-09-15 19:32:40.041","DISPLAY\SAM7B0C\7&16b8ddb4&0&UID256","SAM7B0C"
"2026-09-15 19:32:40.837","DISPLAY\Default_Monitor\7&16b8ddb4&0&UID256","Default_Monitor"
"2026-09-15 19:33:34.091","DISPLAY\SAM7B0C\7&16b8ddb4&0&UID256","SAM7B0C"
"2026-09-15 19:34:15.768","DISPLAY\SAM7B0C\7&16b8ddb4&0&UID256","SAM7B0C"
"2026-09-15 19:34:57.541","DISPLAY\SAM7B0C\7&16b8ddb4&0&UID256","SAM7B0C"
"2026-09-15 19:35:42.225","DISPLAY\SAM7B0C\7&16b8ddb4&0&UID256","SAM7B0C"
"2026-09-15 19:35:43.019","DISPLAY\Default_Monitor\7&16b8ddb4&0&UID256","Default_Monitor"
"2026-09-15 19:36:24.175","DISPLAY\SAM7B0C\7&16b8ddb4&0&UID256","SAM7B0C"
"2026-09-15 19:37:01.554","DISPLAY\SAM7B0C\7&16b8ddb4&0&UID256","SAM7B0C"
"2026-09-15 19:37:02.332","DISPLAY\Default_Monitor\7&16b8ddb4&0&UID256","Default_Monitor"
"2026-09-15 19:37:44.212","DISPLAY\SAM7B0C\7&16b8ddb4&0&UID256","SAM7B0C"
"2026-09-15 19:38:30.705","DISPLAY\SAM7B0C\7&16b8ddb4&0&UID256","SAM7B0C"
"2026-09-15 19:39:12.407","DISPLAY\SAM7B0C\7&16b8ddb4&0&UID256","SAM7B0C"
"2026-09-15 19:39:13.221","DISPLAY\Default_Monitor\7&16b8ddb4&0&UID256","Default_Monitor"
"2026-09-15 19:40:01.497","DISPLAY\SAM7B0C\7&16b8ddb4&0&UID256","SAM7B0C"
"2026-09-15 19:40:43.166","DISPLAY\SAM7B0C\7&16b8ddb4&0&UID256","SAM7B0C"
"2026-09-15 19:40:43.974","DISPLAY\Default_Monitor\7&16b8ddb4&0&UID256","Default_Monitor"
"2026-09-15 19:41:31.996","DISPLAY\SAM7B0C\7&16b8ddb4&0&UID256","SAM7B0C"
"2026-09-15 19:43:00.998","DISPLAY\SAM7B0C\7&16b8ddb4&0&UID256","SAM7B0C"
"2026-09-15 19:43:01.794","DISPLAY\Default_Monitor\7&16b8ddb4&0&UID256","Default_Monitor"
"2026-09-15 19:43:43.042","DISPLAY\SAM7B0C\7&16b8ddb4&0&UID256","SAM7B0C"
"2026-09-15 19:43:43.832","DISPLAY\Default_Monitor\7&16b8ddb4&0&UID256","Default_Monitor"
"2026-09-15 19:44:32.113","DISPLAY\SAM7B0C\7&16b8ddb4&0&UID256","SAM7B0C"
"2026-09-15 19:44:32.922","DISPLAY\Default_Monitor\7&16b8ddb4&0&UID256","Default_Monitor"
"2026-09-15 19:45:15.980","DISPLAY\SAM7B0C\7&16b8ddb4&0&UID256","SAM7B0C"
"2026-09-15 19:46:02.130","DISPLAY\SAM7B0C\7&16b8ddb4&0&UID256","SAM7B0C"
"2026-09-15 19:46:44.905","DISPLAY\SAM7B0C\7&16b8ddb4&0&UID256","SAM7B0C"
"2026-09-15 19:46:45.715","DISPLAY\Default_Monitor\7&16b8ddb4&0&UID256","Default_Monitor"
"2026-09-15 19:47:31.708","DISPLAY\SAM7B0C\7&16b8ddb4&0&UID256","SAM7B0C"
"2026-09-15 19:47:32.523","DISPLAY\Default_Monitor\7&16b8ddb4&0&UID256","Default_Monitor"
"2026-09-15 19:48:14.548","DISPLAY\SAM7B0C\7&16b8ddb4&0&UID256","SAM7B0C"
"2026-09-15 19:48:15.373","DISPLAY\Default_Monitor\7&16b8ddb4&0&UID256","Default_Monitor"
"2026-09-15 19:49:01.718","DISPLAY\SAM7B0C\7&16b8ddb4&0&UID256","SAM7B0C"
"2026-09-15 19:49:43.563","DISPLAY\SAM7B0C\7&16b8ddb4&0&UID256","SAM7B0C"
"2026-09-15 19:50:32.325","DISPLAY\SAM7B0C\7&16b8ddb4&0&UID256","SAM7B0C"
"2026-09-15 19:51:15.192","DISPLAY\SAM7B0C\7&16b8ddb4&0&UID256","SAM7B0C"
"2026-09-15 19:51:16.021","DISPLAY\Default_Monitor\7&16b8ddb4&0&UID256","Default_Monitor"
"2026-09-15 19:52:01.557","DISPLAY\SAM7B0C\7&16b8ddb4&0&UID256","SAM7B0C"
"2026-09-15 19:52:01.583","DISPLAY\Default_Monitor\7&16b8ddb4&0&UID256","Default_Monitor"
"2026-09-15 19:52:44.216","DISPLAY\SAM7B0C\7&16b8ddb4&0&UID256","SAM7B0C"
"2026-09-15 19:53:31.630","DISPLAY\SAM7B0C\7&16b8ddb4&0&UID256","SAM7B0C"
"2026-09-15 19:54:14.158","DISPLAY\SAM7B0C\7&16b8ddb4&0&UID256","SAM7B0C"
"2026-09-15 19:55:01.953","DISPLAY\SAM7B0C\7&16b8ddb4&0&UID256","SAM7B0C"
"2026-09-15 19:55:44.844","DISPLAY\SAM7B0C\7&16b8ddb4&0&UID256","SAM7B0C"
"2026-09-15 19:55:45.656","DISPLAY\Default_Monitor\7&16b8ddb4&0&UID256","Default_Monitor"
"2026-09-15 19:56:31.966","DISPLAY\SAM7B0C\7&16b8ddb4&0&UID256","SAM7B0C"
"2026-09-15 19:57:14.039","DISPLAY\SAM7B0C\7&16b8ddb4&0&UID256","SAM7B0C"
"2026-09-15 19:58:01.962","DISPLAY\SAM7B0C\7&16b8ddb4&0&UID256","SAM7B0C"
"2026-09-15 19:58:43.978","DISPLAY\SAM7B0C\7&16b8ddb4&0&UID256","SAM7B0C"
"2026-09-15 19:59:31.964","DISPLAY\SAM7B0C\7&16b8ddb4&0&UID256","SAM7B0C"
"2026-09-15 19:59:32.809","DISPLAY\Default_Monitor\7&16b8ddb4&0&UID256","Default_Monitor"
"2026-09-15 20:00:14.845","DISPLAY\SAM7B0C\7&16b8ddb4&0&UID256","SAM7B0C"
"2026-09-15 20:00:15.690","DISPLAY\Default_Monitor\7&16b8ddb4&0&UID256","Default_Monitor"
"2026-09-15 20:01:01.685","DISPLAY\SAM7B0C\7&16b8ddb4&0&UID256","SAM7B0C"
"2026-09-15 20:01:02.513","DISPLAY\Default_Monitor\7&16b8ddb4&0&UID256","Default_Monitor"
"2026-09-15 20:01:44.659","DISPLAY\SAM7B0C\7&16b8ddb4&0&UID256","SAM7B0C"
"2026-09-15 20:01:45.519","DISPLAY\Default_Monitor\7&16b8ddb4&0&UID256","Default_Monitor"
"2026-09-15 20:02:31.773","DISPLAY\SAM7B0C\7&16b8ddb4&0&UID256","SAM7B0C"
"2026-09-15 20:03:14.563","DISPLAY\SAM7B0C\7&16b8ddb4&0&UID256","SAM7B0C"
"2026-09-15 20:04:02.284","DISPLAY\SAM7B0C\7&16b8ddb4&0&UID256","SAM7B0C"
"2026-09-15 20:04:03.146","DISPLAY\Default_Monitor\7&16b8ddb4&0&UID256","Default_Monitor"
"2026-09-15 20:05:31.361","DISPLAY\SAM7B0C\7&16b8ddb4&0&UID256","SAM7B0C"
"2026-09-15 20:06:13.165","DISPLAY\SAM7B0C\7&16b8ddb4&0&UID256","SAM7B0C"
"2026-09-15 20:07:01.927","DISPLAY\SAM7B0C\7&16b8ddb4&0&UID256","SAM7B0C"
"2026-09-15 20:07:47.271","DISPLAY\SAM7B0C\7&16b8ddb4&0&UID256","SAM7B0C"
"2026-09-15 20:08:56.159","DISPLAY\SAM7B0C\7&16b8ddb4&0&UID256","SAM7B0C"
"2026-09-15 20:09:38.014","DISPLAY\SAM7B0C\7&16b8ddb4&0&UID256","SAM7B0C"
"2026-09-15 20:09:38.807","DISPLAY\Default_Monitor\7&16b8ddb4&0&UID256","Default_Monitor"
"2026-09-15 20:10:20.853","DISPLAY\SAM7B0C\7&16b8ddb4&0&UID256","SAM7B0C"
"2026-09-15 20:11:02.525","DISPLAY\SAM7B0C\7&16b8ddb4&0&UID256","SAM7B0C"
"2026-09-15 20:11:03.389","DISPLAY\Default_Monitor\7&16b8ddb4&0&UID256","Default_Monitor"
"2026-09-15 20:11:45.215","DISPLAY\SAM7B0C\7&16b8ddb4&0&UID256","SAM7B0C"
"2026-09-15 20:11:46.110","DISPLAY\Default_Monitor\7&16b8ddb4&0&UID256","Default_Monitor"
"2026-09-15 20:12:28.205","DISPLAY\SAM7B0C\7&16b8ddb4&0&UID256","SAM7B0C"
"2026-09-15 20:12:29.097","DISPLAY\Default_Monitor\7&16b8ddb4&0&UID256","Default_Monitor"
"2026-09-15 20:13:40.134","DISPLAY\SAM7B0C\7&16b8ddb4&0&UID256","SAM7B0C"
"2026-09-15 20:14:53.141","DISPLAY\SAM7B0C\7&16b8ddb4&0&UID256","SAM7B0C"
"2026-09-15 20:14:54.016","DISPLAY\Default_Monitor\7&16b8ddb4&0&UID256","Default_Monitor"
"2026-09-15 20:15:34.899","DISPLAY\SAM7B0C\7&16b8ddb4&0&UID256","SAM7B0C"
"2026-09-15 20:16:16.864","DISPLAY\SAM7B0C\7&16b8ddb4&0&UID256","SAM7B0C"
"2026-09-15 20:16:58.462","DISPLAY\SAM7B0C\7&16b8ddb4&0&UID256","SAM7B0C"
"2026-09-15 20:16:59.337","DISPLAY\Default_Monitor\7&16b8ddb4&0&UID256","Default_Monitor"
"2026-09-15 20:17:43.228","DISPLAY\SAM7B0C\7&16b8ddb4&0&UID256","SAM7B0C"
"2026-09-15 20:18:25.977","DISPLAY\SAM7B0C\7&16b8ddb4&0&UID256","SAM7B0C"
"2026-09-15 20:19:12.804","DISPLAY\SAM7B0C\7&16b8ddb4&0&UID256","SAM7B0C"
"2026-09-15 20:19:55.586","DISPLAY\SAM7B0C\7&16b8ddb4&0&UID256","SAM7B0C"
"2026-09-15 20:20:42.616","DISPLAY\SAM7B0C\7&16b8ddb4&0&UID256","SAM7B0C"
"2026-09-15 20:21:25.400","DISPLAY\SAM7B0C\7&16b8ddb4&0&UID256","SAM7B0C"
"2026-09-15 20:22:13.112","DISPLAY\SAM7B0C\7&16b8ddb4&0&UID256","SAM7B0C"
"2026-09-15 20:22:55.264","DISPLAY\SAM7B0C\7&16b8ddb4&0&UID256","SAM7B0C"
"2026-09-15 20:23:43.060","DISPLAY\SAM7B0C\7&16b8ddb4&0&UID256","SAM7B0C"
"2026-09-15 20:24:25.700","DISPLAY\SAM7B0C\7&16b8ddb4&0&UID256","SAM7B0C"
"2026-09-15 20:25:12.697","DISPLAY\SAM7B0C\7&16b8ddb4&0&UID256","SAM7B0C"
"2026-09-15 20:25:54.631","DISPLAY\SAM7B0C\7&16b8ddb4&0&UID256","SAM7B0C"
"2026-09-15 20:26:32.157","DISPLAY\SAM7B0C\7&16b8ddb4&0&UID256","SAM7B0C"
"2026-09-15 20:27:24.985","DISPLAY\SAM7B0C\7&16b8ddb4&0&UID256","SAM7B0C"
"2026-09-15 20:27:25.913","DISPLAY\Default_Monitor\7&16b8ddb4&0&UID256","Default_Monitor"
"2026-09-15 20:28:12.730","DISPLAY\SAM7B0C\7&16b8ddb4&0&UID256","SAM7B0C"
"2026-09-15 20:28:55.408","DISPLAY\SAM7B0C\7&16b8ddb4&0&UID256","SAM7B0C"
"2026-09-15 20:29:43.072","DISPLAY\SAM7B0C\7&16b8ddb4&0&UID256","SAM7B0C"
"2026-09-15 20:29:44.014","DISPLAY\Default_Monitor\7&16b8ddb4&0&UID256","Default_Monitor"
"2026-09-15 20:30:25.815","DISPLAY\SAM7B0C\7&16b8ddb4&0&UID256","SAM7B0C"
"2026-09-15 20:30:26.775","DISPLAY\Default_Monitor\7&16b8ddb4&0&UID256","Default_Monitor"
"2026-09-15 20:31:12.985","DISPLAY\SAM7B0C\7&16b8ddb4&0&UID256","SAM7B0C"
"2026-09-15 20:31:13.910","DISPLAY\Default_Monitor\7&16b8ddb4&0&UID256","Default_Monitor"
"2026-09-15 20:31:55.907","DISPLAY\SAM7B0C\7&16b8ddb4&0&UID256","SAM7B0C"
"2026-09-15 20:32:53.233","DISPLAY\SAM7B0C\7&16b8ddb4&0&UID256","SAM7B0C"
"2026-09-15 20:32:54.179","DISPLAY\Default_Monitor\7&16b8ddb4&0&UID256","Default_Monitor"
"2026-09-15 20:34:02.431","DISPLAY\SAM7B0C\7&16b8ddb4&0&UID256","SAM7B0C"
"2026-09-15 20:34:03.362","DISPLAY\Default_Monitor\7&16b8ddb4&0&UID256","Default_Monitor"
"2026-09-15 20:34:55.832","DISPLAY\SAM7B0C\7&16b8ddb4&0&UID256","SAM7B0C"
"2026-09-15 20:35:42.681","DISPLAY\SAM7B0C\7&16b8ddb4&0&UID256","SAM7B0C"
"2026-09-15 20:35:43.628","DISPLAY\Default_Monitor\7&16b8ddb4&0&UID256","Default_Monitor"
"2026-09-15 20:36:25.527","DISPLAY\SAM7B0C\7&16b8ddb4&0&UID256","SAM7B0C"
"2026-09-15 20:36:26.486","DISPLAY\Default_Monitor\7&16b8ddb4&0&UID256","Default_Monitor"
"2026-09-15 20:37:13.371","DISPLAY\SAM7B0C\7&16b8ddb4&0&UID256","SAM7B0C"
"2026-09-15 20:37:14.333","DISPLAY\Default_Monitor\7&16b8ddb4&0&UID256","Default_Monitor"
"2026-09-15 20:38:07.591","DISPLAY\SAM7B0C\7&16b8ddb4&0&UID256","SAM7B0C"
"2026-09-15 20:38:49.408","DISPLAY\SAM7B0C\7&16b8ddb4&0&UID256","SAM7B0C"
"2026-09-15 20:39:31.478","DISPLAY\SAM7B0C\7&16b8ddb4&0&UID256","SAM7B0C"
"2026-09-15 20:40:14.367","DISPLAY\SAM7B0C\7&16b8ddb4&0&UID256","SAM7B0C"
"2026-09-15 20:40:57.213","DISPLAY\SAM7B0C\7&16b8ddb4&0&UID256","SAM7B0C"
"2026-09-15 20:40:58.189","DISPLAY\Default_Monitor\7&16b8ddb4&0&UID256","Default_Monitor"
"2026-09-15 20:41:43.338","DISPLAY\SAM7B0C\7&16b8ddb4&0&UID256","SAM7B0C"
"2026-09-15 20:42:25.353","DISPLAY\SAM7B0C\7&16b8ddb4&0&UID256","SAM7B0C"
"2026-09-15 20:43:02.696","DISPLAY\SAM7B0C\7&16b8ddb4&0&UID256","SAM7B0C"
"2026-09-15 20:43:03.637","DISPLAY\Default_Monitor\7&16b8ddb4&0&UID256","Default_Monitor"
"2026-09-15 20:43:45.804","DISPLAY\SAM7B0C\7&16b8ddb4&0&UID256","SAM7B0C"
"2026-09-15 20:43:46.797","DISPLAY\Default_Monitor\7&16b8ddb4&0&UID256","Default_Monitor"
"2026-09-15 20:44:32.805","DISPLAY\SAM7B0C\7&16b8ddb4&0&UID256","SAM7B0C"
"2026-09-15 20:44:33.769","DISPLAY\Default_Monitor\7&16b8ddb4&0&UID256","Default_Monitor"
"2026-09-15 20:45:15.829","DISPLAY\SAM7B0C\7&16b8ddb4&0&UID256","SAM7B0C"
"2026-09-15 20:45:16.822","DISPLAY\Default_Monitor\7&16b8ddb4&0&UID256","Default_Monitor"
"2026-09-15 20:46:02.837","DISPLAY\SAM7B0C\7&16b8ddb4&0&UID256","SAM7B0C"
"2026-09-15 20:46:03.798","DISPLAY\Default_Monitor\7&16b8ddb4&0&UID256","Default_Monitor"
"2026-09-15 20:46:45.836","DISPLAY\SAM7B0C\7&16b8ddb4&0&UID256","SAM7B0C"
"2026-09-15 20:47:32.872","DISPLAY\SAM7B0C\7&16b8ddb4&0&UID256","SAM7B0C"
"2026-09-15 20:48:15.655","DISPLAY\SAM7B0C\7&16b8ddb4&0&UID256","SAM7B0C"
"2026-09-15 20:49:13.511","DISPLAY\SAM7B0C\7&16b8ddb4&0&UID256","SAM7B0C"
"2026-09-15 20:49:56.367","DISPLAY\SAM7B0C\7&16b8ddb4&0&UID256","SAM7B0C"
"2026-09-15 20:50:44.140","DISPLAY\SAM7B0C\7&16b8ddb4&0&UID256","SAM7B0C"
"2026-09-15 20:51:26.066","DISPLAY\SAM7B0C\7&16b8ddb4&0&UID256","SAM7B0C"
"2026-09-15 20:52:13.990","DISPLAY\SAM7B0C\7&16b8ddb4&0&UID256","SAM7B0C"
"2026-09-15 20:52:26.012","DISPLAY\SAM79DF\7&16b8ddb4&0&UID260","SAM79DF"
"2026-09-15 22:22:33.661","DISPLAY\SAM79DF\7&16b8ddb4&0&UID260","SAM79DF"
"2026-09-15 22:22:33.762","DISPLAY\SAM7B0C\7&16b8ddb4&0&UID256","SAM7B0C"
"2026-09-15 23:15:41.321","DISPLAY\SAM7B0C\7&16b8ddb4&0&UID256","SAM7B0C"
"2026-09-15 23:17:05.427","DISPLAY\SAM7B0B\7&16b8ddb4&0&UID256","SAM7B0B"
"2026-09-16 01:34:07.355","DISPLAY\SAM79DF\7&16b8ddb4&0&UID260","SAM79DF"
"2026-09-16 01:36:11.187","SWD\RemoteDisplayEnum\RdpIdd_IndirectDisplay&SessionId_0002",""
"2026-09-16 01:38:55.971","SWD\RemoteDisplayEnum\RdpIdd_IndirectDisplay&SessionId_0003",""
"2026-09-16 02:14:55.838","DISPLAY\SAM79DF\7&16b8ddb4&0&UID260","SAM79DF"
"2026-09-16 02:15:46.955","DISPLAY\SAM79DF\7&16b8ddb4&0&UID260","SAM79DF"
"2026-09-16 02:16:38.439","DISPLAY\SAM79DF\7&16b8ddb4&0&UID260","SAM79DF"
"2026-09-16 02:18:27.299","DISPLAY\SAM79DF\7&16b8ddb4&0&UID260","SAM79DF"
"2026-09-16 08:40:01.339","DISPLAY\SAM79DF\7&16b8ddb4&0&UID260","SAM79DF"
"2026-09-16 09:07:35.919","DISPLAY\SAM79DF\7&16b8ddb4&0&UID260","SAM79DF"
"2026-09-16 09:08:41.549","DISPLAY\SAM7B0C\7&16b8ddb4&0&UID256","SAM7B0C"
"2026-09-16 09:09:19.598","DISPLAY\SAM7B0C\7&16b8ddb4&0&UID256","SAM7B0C"
"2026-09-16 09:09:59.607","DISPLAY\SAM7B0C\7&16b8ddb4&0&UID256","SAM7B0C"
"2026-09-16 09:09:59.860","DISPLAY\Default_Monitor\7&16b8ddb4&0&UID256","Default_Monitor"
"2026-09-16 09:10:52.905","DISPLAY\SAM7B0C\7&16b8ddb4&0&UID256","SAM7B0C"
"2026-09-16 09:10:53.244","DISPLAY\Default_Monitor\7&16b8ddb4&0&UID256","Default_Monitor"
"2026-09-16 09:11:41.604","DISPLAY\SAM7B0C\7&16b8ddb4&0&UID256","SAM7B0C"
"2026-09-16 09:12:22.388","DISPLAY\SAM7B0C\7&16b8ddb4&0&UID256","SAM7B0C"
"2026-09-16 09:13:21.730","DISPLAY\SAM7B0C\7&16b8ddb4&0&UID256","SAM7B0C"
"2026-09-16 09:14:01.896","DISPLAY\SAM7B0C\7&16b8ddb4&0&UID256","SAM7B0C"
"2026-09-16 09:14:41.490","DISPLAY\SAM7B0C\7&16b8ddb4&0&UID256","SAM7B0C"
"2026-09-16 09:15:21.620","DISPLAY\SAM7B0C\7&16b8ddb4&0&UID256","SAM7B0C"
"2026-09-16 09:16:11.602","DISPLAY\SAM7B0C\7&16b8ddb4&0&UID256","SAM7B0C"
"2026-09-16 09:16:51.940","DISPLAY\SAM7B0C\7&16b8ddb4&0&UID256","SAM7B0C"
"2026-09-16 09:16:52.299","DISPLAY\Default_Monitor\7&16b8ddb4&0&UID256","Default_Monitor"
"2026-09-16 09:17:41.619","DISPLAY\SAM7B0C\7&16b8ddb4&0&UID256","SAM7B0C"
"2026-09-16 09:18:22.398","DISPLAY\SAM7B0C\7&16b8ddb4&0&UID256","SAM7B0C"
"2026-09-16 09:18:22.755","DISPLAY\Default_Monitor\7&16b8ddb4&0&UID256","Default_Monitor"
"2026-09-16 09:19:32.004","DISPLAY\SAM7B0C\7&16b8ddb4&0&UID256","SAM7B0C"
"2026-09-16 09:20:12.736","DISPLAY\SAM7B0C\7&16b8ddb4&0&UID256","SAM7B0C"
"2026-09-16 09:21:12.641","DISPLAY\SAM7B0C\7&16b8ddb4&0&UID256","SAM7B0C"
"2026-09-16 09:21:52.626","DISPLAY\SAM7B0C\7&16b8ddb4&0&UID256","SAM7B0C"
"2026-09-16 09:21:52.981","DISPLAY\Default_Monitor\7&16b8ddb4&0&UID256","Default_Monitor"
"2026-09-16 09:22:44.666","DISPLAY\SAM7B0C\7&16b8ddb4&0&UID256","SAM7B0C"
"2026-09-16 09:23:24.646","DISPLAY\SAM7B0C\7&16b8ddb4&0&UID256","SAM7B0C"
"2026-09-16 09:24:05.007","DISPLAY\SAM7B0C\7&16b8ddb4&0&UID256","SAM7B0C"
"2026-09-16 09:24:45.648","DISPLAY\SAM7B0C\7&16b8ddb4&0&UID256","SAM7B0C"
"2026-09-16 09:25:32.253","DISPLAY\SAM7B0C\7&16b8ddb4&0&UID256","SAM7B0C"
"2026-09-16 09:25:32.593","DISPLAY\Default_Monitor\7&16b8ddb4&0&UID256","Default_Monitor"
"2026-09-16 09:26:13.547","DISPLAY\SAM7B0C\7&16b8ddb4&0&UID256","SAM7B0C"
"2026-09-16 09:26:52.628","DISPLAY\SAM7B0C\7&16b8ddb4&0&UID256","SAM7B0C"
"2026-09-16 09:27:32.658","DISPLAY\SAM7B0C\7&16b8ddb4&0&UID256","SAM7B0C"
"2026-09-16 09:28:11.660","DISPLAY\SAM7B0C\7&16b8ddb4&0&UID256","SAM7B0C"
"2026-09-16 09:28:54.307","DISPLAY\SAM7B0C\7&16b8ddb4&0&UID256","SAM7B0C"
"2026-09-16 09:29:41.798","DISPLAY\SAM7B0C\7&16b8ddb4&0&UID256","SAM7B0C"
"2026-09-16 09:30:22.013","DISPLAY\SAM7B0C\7&16b8ddb4&0&UID256","SAM7B0C"
"2026-09-16 09:31:11.637","DISPLAY\SAM7B0C\7&16b8ddb4&0&UID256","SAM7B0C"
"2026-09-16 09:31:51.717","DISPLAY\SAM7B0C\7&16b8ddb4&0&UID256","SAM7B0C"
"2026-09-16 09:31:51.972","DISPLAY\Default_Monitor\7&16b8ddb4&0&UID256","Default_Monitor"
"2026-09-16 09:32:41.619","DISPLAY\SAM7B0C\7&16b8ddb4&0&UID256","SAM7B0C"
"2026-09-16 09:33:21.635","DISPLAY\SAM7B0C\7&16b8ddb4&0&UID256","SAM7B0C"
"2026-09-16 09:34:11.611","DISPLAY\SAM7B0C\7&16b8ddb4&0&UID256","SAM7B0C"
"2026-09-16 09:34:52.488","DISPLAY\SAM7B0C\7&16b8ddb4&0&UID256","SAM7B0C"
"2026-09-16 09:35:41.629","DISPLAY\SAM7B0C\7&16b8ddb4&0&UID256","SAM7B0C"
"2026-09-16 09:35:41.969","DISPLAY\Default_Monitor\7&16b8ddb4&0&UID256","Default_Monitor"
"2026-09-16 09:36:21.950","DISPLAY\SAM7B0C\7&16b8ddb4&0&UID256","SAM7B0C"
"2026-09-16 09:36:22.206","DISPLAY\Default_Monitor\7&16b8ddb4&0&UID256","Default_Monitor"
"2026-09-16 09:37:22.032","DISPLAY\SAM7B0C\7&16b8ddb4&0&UID256","SAM7B0C"
"2026-09-16 09:37:22.286","DISPLAY\Default_Monitor\7&16b8ddb4&0&UID256","Default_Monitor"
"2026-09-16 09:38:02.333","DISPLAY\SAM7B0C\7&16b8ddb4&0&UID256","SAM7B0C"
"2026-09-16 09:38:41.650","DISPLAY\SAM7B0C\7&16b8ddb4&0&UID256","SAM7B0C"
"2026-09-16 09:39:22.091","DISPLAY\SAM7B0C\7&16b8ddb4&0&UID256","SAM7B0C"
"2026-09-16 09:40:13.099","DISPLAY\SAM7B0C\7&16b8ddb4&0&UID256","SAM7B0C"
"2026-09-16 09:40:58.398","DISPLAY\SAM7B0C\7&16b8ddb4&0&UID256","SAM7B0C"
"2026-09-16 09:41:38.621","DISPLAY\SAM7B0C\7&16b8ddb4&0&UID256","SAM7B0C"
"2026-09-16 09:42:36.775","DISPLAY\SAM7B0C\7&16b8ddb4&0&UID256","SAM7B0C"
"2026-09-16 09:43:21.909","DISPLAY\SAM7B0C\7&16b8ddb4&0&UID256","SAM7B0C"
"2026-09-16 09:44:22.628","DISPLAY\SAM7B0C\7&16b8ddb4&0&UID256","SAM7B0C"
"2026-09-16 09:45:02.635","DISPLAY\SAM7B0C\7&16b8ddb4&0&UID256","SAM7B0C"
"2026-09-16 09:45:02.659","DISPLAY\Default_Monitor\7&16b8ddb4&0&UID256","Default_Monitor"
"2026-09-16 09:45:47.030","DISPLAY\SAM7B0C\7&16b8ddb4&0&UID256","SAM7B0C"
"2026-09-16 09:46:33.470","DISPLAY\SAM7B0C\7&16b8ddb4&0&UID256","SAM7B0C"
"2026-09-16 09:47:13.637","DISPLAY\SAM7B0C\7&16b8ddb4&0&UID256","SAM7B0C"
"2026-09-16 09:47:52.642","DISPLAY\SAM7B0C\7&16b8ddb4&0&UID256","SAM7B0C"
"2026-09-16 09:47:52.966","DISPLAY\Default_Monitor\7&16b8ddb4&0&UID256","Default_Monitor"
"2026-09-16 09:48:44.633","DISPLAY\SAM7B0C\7&16b8ddb4&0&UID256","SAM7B0C"
"2026-09-16 09:48:44.988","DISPLAY\Default_Monitor\7&16b8ddb4&0&UID256","Default_Monitor"
"2026-09-16 09:49:22.380","DISPLAY\SAM7B0C\7&16b8ddb4&0&UID256","SAM7B0C"
"2026-09-16 09:49:22.736","DISPLAY\Default_Monitor\7&16b8ddb4&0&UID256","Default_Monitor"
"2026-09-16 09:50:03.862","DISPLAY\SAM7B0C\7&16b8ddb4&0&UID256","SAM7B0C"
"2026-09-16 09:50:41.692","DISPLAY\SAM7B0C\7&16b8ddb4&0&UID256","SAM7B0C"
"2026-09-16 09:50:42.047","DISPLAY\Default_Monitor\7&16b8ddb4&0&UID256","Default_Monitor"
"2026-09-16 09:51:22.893","DISPLAY\SAM7B0C\7&16b8ddb4&0&UID256","SAM7B0C"
"2026-09-16 09:51:23.247","DISPLAY\Default_Monitor\7&16b8ddb4&0&UID256","Default_Monitor"
"2026-09-16 09:52:22.069","DISPLAY\SAM7B0C\7&16b8ddb4&0&UID256","SAM7B0C"
"2026-09-16 09:52:22.422","DISPLAY\Default_Monitor\7&16b8ddb4&0&UID256","Default_Monitor"
"2026-09-16 09:53:03.404","DISPLAY\SAM7B0C\7&16b8ddb4&0&UID256","SAM7B0C"
"2026-09-16 09:53:41.726","DISPLAY\SAM7B0C\7&16b8ddb4&0&UID256","SAM7B0C"
"2026-09-16 09:53:42.067","DISPLAY\Default_Monitor\7&16b8ddb4&0&UID256","Default_Monitor"
"2026-09-16 09:54:23.029","DISPLAY\SAM7B0C\7&16b8ddb4&0&UID256","SAM7B0C"
"2026-09-16 09:55:22.086","DISPLAY\SAM7B0C\7&16b8ddb4&0&UID256","SAM7B0C"
"2026-09-16 09:55:22.112","DISPLAY\Default_Monitor\7&16b8ddb4&0&UID256","Default_Monitor"
"2026-09-16 09:56:03.013","DISPLAY\SAM7B0C\7&16b8ddb4&0&UID256","SAM7B0C"
"2026-09-16 09:56:52.096","DISPLAY\SAM7B0C\7&16b8ddb4&0&UID256","SAM7B0C"
"2026-09-16 09:57:43.689","DISPLAY\SAM7B0C\7&16b8ddb4&0&UID256","SAM7B0C"
"2026-09-16 09:58:29.737","DISPLAY\SAM7B0C\7&16b8ddb4&0&UID256","SAM7B0C"
"2026-09-16 09:59:10.527","DISPLAY\SAM7B0C\7&16b8ddb4&0&UID256","SAM7B0C"
"2026-09-16 09:59:52.099","DISPLAY\SAM7B0C\7&16b8ddb4&0&UID256","SAM7B0C"
"2026-09-16 10:00:32.106","DISPLAY\SAM7B0C\7&16b8ddb4&0&UID256","SAM7B0C"
"2026-09-16 10:01:22.092","DISPLAY\SAM7B0C\7&16b8ddb4&0&UID256","SAM7B0C"
"2026-09-16 10:01:22.446","DISPLAY\Default_Monitor\7&16b8ddb4&0&UID256","Default_Monitor"
"2026-09-16 10:02:03.227","DISPLAY\SAM7B0C\7&16b8ddb4&0&UID256","SAM7B0C"
"2026-09-16 10:02:03.482","DISPLAY\Default_Monitor\7&16b8ddb4&0&UID256","Default_Monitor"
"2026-09-16 10:02:52.096","DISPLAY\SAM7B0C\7&16b8ddb4&0&UID256","SAM7B0C"
"2026-09-16 10:02:52.450","DISPLAY\Default_Monitor\7&16b8ddb4&0&UID256","Default_Monitor"
"2026-09-16 10:03:33.519","DISPLAY\SAM7B0C\7&16b8ddb4&0&UID256","SAM7B0C"
"2026-09-16 10:04:22.112","DISPLAY\SAM7B0C\7&16b8ddb4&0&UID256","SAM7B0C"
"2026-09-16 10:04:22.452","DISPLAY\Default_Monitor\7&16b8ddb4&0&UID256","Default_Monitor"
"2026-09-16 10:05:24.099","DISPLAY\SAM7B0C\7&16b8ddb4&0&UID256","SAM7B0C"
"2026-09-16 10:05:24.354","DISPLAY\Default_Monitor\7&16b8ddb4&0&UID256","Default_Monitor"
"2026-09-16 10:06:14.754","DISPLAY\SAM7B0C\7&16b8ddb4&0&UID256","SAM7B0C"
"2026-09-16 10:06:14.994","DISPLAY\Default_Monitor\7&16b8ddb4&0&UID256","Default_Monitor"
"2026-09-16 10:07:05.760","DISPLAY\SAM7B0C\7&16b8ddb4&0&UID256","SAM7B0C"
"2026-09-16 10:07:46.506","DISPLAY\SAM7B0C\7&16b8ddb4&0&UID256","SAM7B0C"
"2026-09-16 10:08:27.487","DISPLAY\SAM7B0C\7&16b8ddb4&0&UID256","SAM7B0C"
"2026-09-16 10:08:27.844","DISPLAY\Default_Monitor\7&16b8ddb4&0&UID256","Default_Monitor"
"2026-09-16 10:09:08.602","DISPLAY\SAM7B0C\7&16b8ddb4&0&UID256","SAM7B0C"
"2026-09-16 10:09:48.789","DISPLAY\SAM7B0C\7&16b8ddb4&0&UID256","SAM7B0C"
"2026-09-16 10:10:33.539","DISPLAY\SAM7B0C\7&16b8ddb4&0&UID256","SAM7B0C"
"2026-09-16 10:10:33.879","DISPLAY\Default_Monitor\7&16b8ddb4&0&UID256","Default_Monitor"
"2026-09-16 10:11:14.665","DISPLAY\SAM7B0C\7&16b8ddb4&0&UID256","SAM7B0C"
"2026-09-16 10:11:52.868","DISPLAY\SAM7B0C\7&16b8ddb4&0&UID256","SAM7B0C"
"2026-09-16 10:12:35.870","DISPLAY\SAM7B0C\7&16b8ddb4&0&UID256","SAM7B0C"
"2026-09-16 10:12:36.206","DISPLAY\Default_Monitor\7&16b8ddb4&0&UID256","Default_Monitor"
"2026-09-16 10:13:22.058","DISPLAY\SAM7B0C\7&16b8ddb4&0&UID256","SAM7B0C"
"2026-09-16 10:14:03.684","DISPLAY\SAM7B0C\7&16b8ddb4&0&UID256","SAM7B0C"
"2026-09-16 10:15:02.856","DISPLAY\SAM7B0C\7&16b8ddb4&0&UID256","SAM7B0C"
"2026-09-16 10:15:36.198","DISPLAY\SAM79DF\7&16b8ddb4&0&UID260","SAM79DF"
"2026-09-16 11:35:52.366","DISPLAY\SAM7B0C\7&16b8ddb4&0&UID256","SAM7B0C"
"2026-09-16 11:35:52.471","DISPLAY\SAM79DF\7&16b8ddb4&0&UID260","SAM79DF"
"2026-09-16 11:53:34.130","DISPLAY\SAM79DF\7&16b8ddb4&0&UID260","SAM79DF"
"2026-09-16 11:54:05.301","DISPLAY\SAM7B0C\7&16b8ddb4&0&UID256","SAM7B0C"
"2026-09-16 11:55:01.218","DISPLAY\SAM7B0C\7&16b8ddb4&0&UID256","SAM7B0C"
"2026-09-16 11:55:47.957","DISPLAY\SAM7B0C\7&16b8ddb4&0&UID256","SAM7B0C"
"2026-09-16 11:56:47.590","DISPLAY\SAM7B0C\7&16b8ddb4&0&UID256","SAM7B0C"
"2026-09-16 11:56:47.981","DISPLAY\Default_Monitor\7&16b8ddb4&0&UID256","Default_Monitor"
"2026-09-16 11:57:31.177","DISPLAY\SAM7B0C\7&16b8ddb4&0&UID256","SAM7B0C"
"2026-09-16 11:57:31.549","DISPLAY\Default_Monitor\7&16b8ddb4&0&UID256","Default_Monitor"
"2026-09-16 11:58:09.284","DISPLAY\SAM7B0C\7&16b8ddb4&0&UID256","SAM7B0C"
"2026-09-16 11:58:09.671","DISPLAY\Default_Monitor\7&16b8ddb4&0&UID256","Default_Monitor"
"2026-09-16 11:59:01.048","DISPLAY\SAM7B0C\7&16b8ddb4&0&UID256","SAM7B0C"
"2026-09-16 11:59:44.579","DISPLAY\SAM7B0C\7&16b8ddb4&0&UID256","SAM7B0C"
"2026-09-16 11:59:44.967","DISPLAY\Default_Monitor\7&16b8ddb4&0&UID256","Default_Monitor"
"2026-09-16 12:00:22.325","DISPLAY\SAM7B0C\7&16b8ddb4&0&UID256","SAM7B0C"
"2026-09-16 12:00:22.713","DISPLAY\Default_Monitor\7&16b8ddb4&0&UID256","Default_Monitor"
"2026-09-16 12:01:01.282","DISPLAY\SAM7B0C\7&16b8ddb4&0&UID256","SAM7B0C"
"2026-09-16 12:02:06.298","DISPLAY\SAM7B0C\7&16b8ddb4&0&UID256","SAM7B0C"
"2026-09-16 12:03:00.279","DISPLAY\SAM7B0C\7&16b8ddb4&0&UID256","SAM7B0C"
"2026-09-16 12:04:01.283","DISPLAY\SAM7B0C\7&16b8ddb4&0&UID256","SAM7B0C"
"2026-09-16 12:04:45.297","DISPLAY\SAM7B0C\7&16b8ddb4&0&UID256","SAM7B0C"
"2026-09-16 12:05:31.292","DISPLAY\SAM7B0C\7&16b8ddb4&0&UID256","SAM7B0C"
"2026-09-16 12:06:25.287","DISPLAY\SAM7B0C\7&16b8ddb4&0&UID256","SAM7B0C"
"2026-09-16 12:07:14.559","DISPLAY\SAM7B0C\7&16b8ddb4&0&UID256","SAM7B0C"
"2026-09-16 12:07:14.930","DISPLAY\Default_Monitor\7&16b8ddb4&0&UID256","Default_Monitor"
"2026-09-16 12:07:58.132","DISPLAY\SAM7B0C\7&16b8ddb4&0&UID256","SAM7B0C"
"2026-09-16 12:07:58.487","DISPLAY\Default_Monitor\7&16b8ddb4&0&UID256","Default_Monitor"
"2026-09-16 12:08:46.272","DISPLAY\SAM7B0C\7&16b8ddb4&0&UID256","SAM7B0C"
"2026-09-16 12:09:30.274","DISPLAY\SAM7B0C\7&16b8ddb4&0&UID256","SAM7B0C"
"2026-09-16 12:10:17.248","DISPLAY\SAM7B0C\7&16b8ddb4&0&UID256","SAM7B0C"
"2026-09-16 12:11:01.276","DISPLAY\SAM7B0C\7&16b8ddb4&0&UID256","SAM7B0C"
"2026-09-16 12:11:01.664","DISPLAY\Default_Monitor\7&16b8ddb4&0&UID256","Default_Monitor"
"2026-09-16 12:11:39.181","DISPLAY\SAM7B0C\7&16b8ddb4&0&UID256","SAM7B0C"
"2026-09-16 12:12:26.045","DISPLAY\SAM7B0C\7&16b8ddb4&0&UID256","SAM7B0C"
"2026-09-16 12:13:30.628","DISPLAY\SAM7B0C\7&16b8ddb4&0&UID256","SAM7B0C"
"2026-09-16 12:14:42.078","DISPLAY\SAM7B0C\7&16b8ddb4&0&UID256","SAM7B0C"
"2026-09-16 12:14:42.449","DISPLAY\Default_Monitor\7&16b8ddb4&0&UID256","Default_Monitor"
"2026-09-16 12:15:25.640","DISPLAY\SAM7B0C\7&16b8ddb4&0&UID256","SAM7B0C"
"2026-09-16 12:15:25.894","DISPLAY\Default_Monitor\7&16b8ddb4&0&UID256","Default_Monitor"
"2026-09-16 12:16:12.282","DISPLAY\SAM7B0C\7&16b8ddb4&0&UID256","SAM7B0C"
"2026-09-16 12:16:12.690","DISPLAY\Default_Monitor\7&16b8ddb4&0&UID256","Default_Monitor"
"2026-09-16 12:16:55.726","DISPLAY\SAM7B0C\7&16b8ddb4&0&UID256","SAM7B0C"
"2026-09-16 12:16:56.081","DISPLAY\Default_Monitor\7&16b8ddb4&0&UID256","Default_Monitor"
"2026-09-16 12:17:33.655","DISPLAY\SAM7B0C\7&16b8ddb4&0&UID256","SAM7B0C"
"2026-09-16 12:18:26.052","DISPLAY\SAM7B0C\7&16b8ddb4&0&UID256","SAM7B0C"
"2026-09-16 12:19:09.741","DISPLAY\SAM7B0C\7&16b8ddb4&0&UID256","SAM7B0C"
"2026-09-16 12:19:56.711","DISPLAY\SAM7B0C\7&16b8ddb4&0&UID256","SAM7B0C"
"2026-09-16 12:19:57.052","DISPLAY\Default_Monitor\7&16b8ddb4&0&UID256","Default_Monitor"
"2026-09-16 12:20:51.173","DISPLAY\SAM7B0C\7&16b8ddb4&0&UID256","SAM7B0C"
"2026-09-16 12:22:01.742","DISPLAY\SAM7B0C\7&16b8ddb4&0&UID256","SAM7B0C"
"2026-09-16 12:22:45.312","DISPLAY\SAM7B0C\7&16b8ddb4&0&UID256","SAM7B0C"
"2026-09-16 12:23:31.281","DISPLAY\SAM7B0C\7&16b8ddb4&0&UID256","SAM7B0C"
"2026-09-16 12:24:15.304","DISPLAY\SAM7B0C\7&16b8ddb4&0&UID256","SAM7B0C"
"2026-09-16 12:25:01.753","DISPLAY\SAM7B0C\7&16b8ddb4&0&UID256","SAM7B0C"
"2026-09-16 12:25:45.318","DISPLAY\SAM7B0C\7&16b8ddb4&0&UID256","SAM7B0C"
"2026-09-16 12:26:31.732","DISPLAY\SAM7B0C\7&16b8ddb4&0&UID256","SAM7B0C"
"2026-09-16 12:27:26.255","DISPLAY\SAM7B0C\7&16b8ddb4&0&UID256","SAM7B0C"
"2026-09-16 12:27:26.646","DISPLAY\Default_Monitor\7&16b8ddb4&0&UID256","Default_Monitor"
"2026-09-16 12:28:04.163","DISPLAY\SAM7B0C\7&16b8ddb4&0&UID256","SAM7B0C"
"2026-09-16 12:28:47.848","DISPLAY\SAM7B0C\7&16b8ddb4&0&UID256","SAM7B0C"
"2026-09-16 12:29:34.724","DISPLAY\SAM7B0C\7&16b8ddb4&0&UID256","SAM7B0C"
"2026-09-16 12:30:18.267","DISPLAY\SAM7B0C\7&16b8ddb4&0&UID256","SAM7B0C"
"2026-09-16 12:31:01.814","DISPLAY\SAM7B0C\7&16b8ddb4&0&UID256","SAM7B0C"
"2026-09-16 12:31:48.376","DISPLAY\SAM7B0C\7&16b8ddb4&0&UID256","SAM7B0C"
"2026-09-16 12:32:31.289","DISPLAY\SAM7B0C\7&16b8ddb4&0&UID256","SAM7B0C"
"2026-09-16 12:32:31.660","DISPLAY\Default_Monitor\7&16b8ddb4&0&UID256","Default_Monitor"
"2026-09-16 12:33:29.277","DISPLAY\SAM7B0C\7&16b8ddb4&0&UID256","SAM7B0C"
"2026-09-16 12:34:07.843","DISPLAY\SAM7B0C\7&16b8ddb4&0&UID256","SAM7B0C"
"2026-09-16 12:34:08.236","DISPLAY\Default_Monitor\7&16b8ddb4&0&UID256","Default_Monitor"
"2026-09-16 12:35:01.870","DISPLAY\SAM7B0C\7&16b8ddb4&0&UID256","SAM7B0C"
"2026-09-16 12:36:01.965","DISPLAY\SAM7B0C\7&16b8ddb4&0&UID256","SAM7B0C"
"2026-09-16 12:37:01.861","DISPLAY\SAM7B0C\7&16b8ddb4&0&UID256","SAM7B0C"
"2026-09-16 12:37:56.207","DISPLAY\SAM7B0C\7&16b8ddb4&0&UID256","SAM7B0C"
"2026-09-16 12:38:56.079","DISPLAY\SAM7B0C\7&16b8ddb4&0&UID256","SAM7B0C"
"2026-09-16 12:39:39.850","DISPLAY\SAM7B0C\7&16b8ddb4&0&UID256","SAM7B0C"
"2026-09-16 12:39:40.207","DISPLAY\Default_Monitor\7&16b8ddb4&0&UID256","Default_Monitor"
"2026-09-16 12:40:27.871","DISPLAY\SAM7B0C\7&16b8ddb4&0&UID256","SAM7B0C"
"2026-09-16 12:41:31.839","DISPLAY\SAM7B0C\7&16b8ddb4&0&UID256","SAM7B0C"
"2026-09-16 12:42:36.866","DISPLAY\SAM7B0C\7&16b8ddb4&0&UID256","SAM7B0C"
"2026-09-16 12:43:31.290","DISPLAY\SAM7B0C\7&16b8ddb4&0&UID256","SAM7B0C"
"2026-09-16 12:44:31.877","DISPLAY\SAM7B0C\7&16b8ddb4&0&UID256","SAM7B0C"
"2026-09-16 12:45:15.293","DISPLAY\SAM7B0C\7&16b8ddb4&0&UID256","SAM7B0C"
"2026-09-16 12:46:15.289","DISPLAY\SAM7B0C\7&16b8ddb4&0&UID256","SAM7B0C"
"2026-09-16 12:46:58.883","DISPLAY\SAM7B0C\7&16b8ddb4&0&UID256","SAM7B0C"
"2026-09-16 12:46:59.140","DISPLAY\Default_Monitor\7&16b8ddb4&0&UID256","Default_Monitor"
"2026-09-16 12:47:46.182","DISPLAY\SAM7B0C\7&16b8ddb4&0&UID256","SAM7B0C"
"2026-09-16 12:48:29.882","DISPLAY\SAM7B0C\7&16b8ddb4&0&UID256","SAM7B0C"
"2026-09-16 12:48:30.136","DISPLAY\Default_Monitor\7&16b8ddb4&0&UID256","Default_Monitor"
"2026-09-16 12:49:16.739","DISPLAY\SAM7B0C\7&16b8ddb4&0&UID256","SAM7B0C"
"2026-09-16 12:50:00.303","DISPLAY\SAM7B0C\7&16b8ddb4&0&UID256","SAM7B0C"
"2026-09-16 12:50:00.662","DISPLAY\Default_Monitor\7&16b8ddb4&0&UID256","Default_Monitor"
"2026-09-16 12:50:47.778","DISPLAY\SAM7B0C\7&16b8ddb4&0&UID256","SAM7B0C"
"2026-09-16 12:51:31.306","DISPLAY\SAM7B0C\7&16b8ddb4&0&UID256","SAM7B0C"
"2026-09-16 12:51:31.647","DISPLAY\Default_Monitor\7&16b8ddb4&0&UID256","Default_Monitor"
"2026-09-16 12:52:18.788","DISPLAY\SAM7B0C\7&16b8ddb4&0&UID256","SAM7B0C"
"2026-09-16 12:53:02.355","DISPLAY\SAM7B0C\7&16b8ddb4&0&UID256","SAM7B0C"
"2026-09-16 12:53:02.381","DISPLAY\Default_Monitor\7&16b8ddb4&0&UID256","Default_Monitor"
"2026-09-16 12:54:10.336","DISPLAY\SAM7B0C\7&16b8ddb4&0&UID256","SAM7B0C"
"2026-09-16 12:55:04.936","DISPLAY\SAM7B0C\7&16b8ddb4&0&UID256","SAM7B0C"
"2026-09-16 12:55:53.944","DISPLAY\SAM7B0C\7&16b8ddb4&0&UID256","SAM7B0C"
"2026-09-16 12:56:37.409","DISPLAY\SAM7B0C\7&16b8ddb4&0&UID256","SAM7B0C"
"2026-09-16 12:57:23.365","DISPLAY\SAM7B0C\7&16b8ddb4&0&UID256","SAM7B0C"
"2026-09-16 12:58:07.576","DISPLAY\SAM7B0C\7&16b8ddb4&0&UID256","SAM7B0C"
"2026-09-16 12:58:53.601","DISPLAY\SAM7B0C\7&16b8ddb4&0&UID256","SAM7B0C"
"2026-09-16 12:58:53.957","DISPLAY\Default_Monitor\7&16b8ddb4&0&UID256","Default_Monitor"
"2026-09-16 12:59:37.465","DISPLAY\SAM7B0C\7&16b8ddb4&0&UID256","SAM7B0C"
"2026-09-16 13:00:23.963","DISPLAY\SAM7B0C\7&16b8ddb4&0&UID256","SAM7B0C"
"2026-09-16 13:01:07.432","DISPLAY\SAM7B0C\7&16b8ddb4&0&UID256","SAM7B0C"
"2026-09-16 13:01:53.807","DISPLAY\SAM7B0C\7&16b8ddb4&0&UID256","SAM7B0C"
"2026-09-16 13:02:48.060","DISPLAY\SAM7B0C\7&16b8ddb4&0&UID256","SAM7B0C"
"2026-09-16 13:03:38.067","DISPLAY\SAM7B0C\7&16b8ddb4&0&UID256","SAM7B0C"
"2026-09-16 13:04:22.061","DISPLAY\SAM7B0C\7&16b8ddb4&0&UID256","SAM7B0C"
"2026-09-16 13:04:22.418","DISPLAY\Default_Monitor\7&16b8ddb4&0&UID256","Default_Monitor"
"2026-09-16 13:05:32.154","DISPLAY\SAM7B0C\7&16b8ddb4&0&UID256","SAM7B0C"
"2026-09-16 13:06:16.086","DISPLAY\SAM7B0C\7&16b8ddb4&0&UID256","SAM7B0C"
"2026-09-16 13:07:15.962","DISPLAY\SAM7B0C\7&16b8ddb4&0&UID256","SAM7B0C"
"2026-09-16 13:07:16.202","DISPLAY\Default_Monitor\7&16b8ddb4&0&UID256","Default_Monitor"
"2026-09-16 13:07:59.936","DISPLAY\SAM7B0C\7&16b8ddb4&0&UID256","SAM7B0C"
"2026-09-16 13:08:00.193","DISPLAY\Default_Monitor\7&16b8ddb4&0&UID256","Default_Monitor"
"2026-09-16 13:08:57.099","DISPLAY\SAM7B0C\7&16b8ddb4&0&UID256","SAM7B0C"
"2026-09-16 13:10:02.121","DISPLAY\SAM7B0C\7&16b8ddb4&0&UID256","SAM7B0C"
"2026-09-16 13:10:56.060","DISPLAY\SAM7B0C\7&16b8ddb4&0&UID256","SAM7B0C"
"2026-09-16 13:11:43.024","DISPLAY\SAM7B0C\7&16b8ddb4&0&UID256","SAM7B0C"
"2026-09-16 13:12:26.456","DISPLAY\SAM7B0C\7&16b8ddb4&0&UID256","SAM7B0C"
"2026-09-16 13:12:26.713","DISPLAY\Default_Monitor\7&16b8ddb4&0&UID256","Default_Monitor"
"2026-09-16 13:13:13.407","DISPLAY\SAM7B0C\7&16b8ddb4&0&UID256","SAM7B0C"
"2026-09-16 13:13:57.121","DISPLAY\SAM7B0C\7&16b8ddb4&0&UID256","SAM7B0C"
"2026-09-16 13:13:57.527","DISPLAY\Default_Monitor\7&16b8ddb4&0&UID256","Default_Monitor"
"2026-09-16 13:14:44.394","DISPLAY\SAM7B0C\7&16b8ddb4&0&UID256","SAM7B0C"
"2026-09-16 13:14:44.650","DISPLAY\Default_Monitor\7&16b8ddb4&0&UID256","Default_Monitor"
"2026-09-16 13:15:28.197","DISPLAY\SAM7B0C\7&16b8ddb4&0&UID256","SAM7B0C"
"2026-09-16 13:15:28.551","DISPLAY\Default_Monitor\7&16b8ddb4&0&UID256","Default_Monitor"
"2026-09-16 13:16:16.003","DISPLAY\SAM7B0C\7&16b8ddb4&0&UID256","SAM7B0C"
"2026-09-16 13:16:59.565","DISPLAY\SAM7B0C\7&16b8ddb4&0&UID256","SAM7B0C"
"2026-09-16 13:16:59.936","DISPLAY\Default_Monitor\7&16b8ddb4&0&UID256","Default_Monitor"
"2026-09-16 13:17:47.152","DISPLAY\SAM7B0C\7&16b8ddb4&0&UID256","SAM7B0C"
"2026-09-16 13:18:30.691","DISPLAY\SAM7B0C\7&16b8ddb4&0&UID256","SAM7B0C"
"2026-09-16 13:19:48.927","DISPLAY\SAM7B0C\7&16b8ddb4&0&UID256","SAM7B0C"
"2026-09-16 13:20:43.223","DISPLAY\SAM7B0C\7&16b8ddb4&0&UID256","SAM7B0C"
"2026-09-16 13:21:32.593","DISPLAY\SAM7B0C\7&16b8ddb4&0&UID256","SAM7B0C"
"2026-09-16 13:22:16.264","DISPLAY\SAM7B0C\7&16b8ddb4&0&UID256","SAM7B0C"
"2026-09-16 13:23:02.518","DISPLAY\SAM7B0C\7&16b8ddb4&0&UID256","SAM7B0C"
"2026-09-16 13:23:02.891","DISPLAY\Default_Monitor\7&16b8ddb4&0&UID256","Default_Monitor"
"2026-09-16 13:23:46.272","DISPLAY\SAM7B0C\7&16b8ddb4&0&UID256","SAM7B0C"
"2026-09-16 13:24:32.265","DISPLAY\SAM7B0C\7&16b8ddb4&0&UID256","SAM7B0C"
"2026-09-16 13:25:16.257","DISPLAY\SAM7B0C\7&16b8ddb4&0&UID256","SAM7B0C"
"2026-09-16 13:25:16.630","DISPLAY\Default_Monitor\7&16b8ddb4&0&UID256","Default_Monitor"
"2026-09-16 13:26:03.062","DISPLAY\SAM7B0C\7&16b8ddb4&0&UID256","SAM7B0C"
"2026-09-16 13:26:52.231","DISPLAY\SAM7B0C\7&16b8ddb4&0&UID256","SAM7B0C"
"2026-09-16 13:28:12.844","DISPLAY\SAM7B0C\7&16b8ddb4&0&UID256","SAM7B0C"
"2026-09-16 13:29:06.988","DISPLAY\SAM7B0C\7&16b8ddb4&0&UID256","SAM7B0C"
"2026-09-16 13:30:17.758","DISPLAY\SAM7B0C\7&16b8ddb4&0&UID256","SAM7B0C"
"2026-09-16 13:30:18.029","DISPLAY\Default_Monitor\7&16b8ddb4&0&UID256","Default_Monitor"
"2026-09-16 13:31:01.749","DISPLAY\SAM7B0C\7&16b8ddb4&0&UID256","SAM7B0C"
"2026-09-16 13:31:02.105","DISPLAY\Default_Monitor\7&16b8ddb4&0&UID256","Default_Monitor"
"2026-09-16 13:31:39.813","DISPLAY\SAM7B0C\7&16b8ddb4&0&UID256","SAM7B0C"
"2026-09-16 13:32:31.832","DISPLAY\SAM7B0C\7&16b8ddb4&0&UID256","SAM7B0C"
"2026-09-16 13:33:26.013","DISPLAY\SAM7B0C\7&16b8ddb4&0&UID256","SAM7B0C"
"2026-09-16 13:33:26.287","DISPLAY\Default_Monitor\7&16b8ddb4&0&UID256","Default_Monitor"
"2026-09-16 13:34:13.214","DISPLAY\SAM7B0C\7&16b8ddb4&0&UID256","SAM7B0C"
"2026-09-16 13:34:56.769","DISPLAY\SAM7B0C\7&16b8ddb4&0&UID256","SAM7B0C"
"2026-09-16 13:34:57.158","DISPLAY\Default_Monitor\7&16b8ddb4&0&UID256","Default_Monitor"
"2026-09-16 13:35:45.163","DISPLAY\SAM7B0C\7&16b8ddb4&0&UID256","SAM7B0C"
"2026-09-16 13:36:28.797","DISPLAY\SAM7B0C\7&16b8ddb4&0&UID256","SAM7B0C"
"2026-09-16 13:37:14.762","DISPLAY\SAM7B0C\7&16b8ddb4&0&UID256","SAM7B0C"
"2026-09-16 13:37:15.103","DISPLAY\Default_Monitor\7&16b8ddb4&0&UID256","Default_Monitor"
"2026-09-16 13:37:58.896","DISPLAY\SAM7B0C\7&16b8ddb4&0&UID256","SAM7B0C"
"2026-09-16 13:37:59.169","DISPLAY\Default_Monitor\7&16b8ddb4&0&UID256","Default_Monitor"
"2026-09-16 13:38:46.214","DISPLAY\SAM7B0C\7&16b8ddb4&0&UID256","SAM7B0C"
"2026-09-16 13:38:46.569","DISPLAY\Default_Monitor\7&16b8ddb4&0&UID256","Default_Monitor"
"2026-09-16 13:39:29.894","DISPLAY\SAM7B0C\7&16b8ddb4&0&UID256","SAM7B0C"
"2026-09-16 13:39:30.233","DISPLAY\Default_Monitor\7&16b8ddb4&0&UID256","Default_Monitor"
"2026-09-16 13:40:16.604","DISPLAY\SAM7B0C\7&16b8ddb4&0&UID256","SAM7B0C"
"2026-09-16 13:41:32.092","DISPLAY\SAM7B0C\7&16b8ddb4&0&UID256","SAM7B0C"
"2026-09-16 13:42:16.036","DISPLAY\SAM7B0C\7&16b8ddb4&0&UID256","SAM7B0C"
"2026-09-16 13:43:03.007","DISPLAY\SAM7B0C\7&16b8ddb4&0&UID256","SAM7B0C"
"2026-09-16 13:43:03.379","DISPLAY\Default_Monitor\7&16b8ddb4&0&UID256","Default_Monitor"
"2026-09-16 13:43:46.948","DISPLAY\SAM7B0C\7&16b8ddb4&0&UID256","SAM7B0C"
"2026-09-16 13:43:47.305","DISPLAY\Default_Monitor\7&16b8ddb4&0&UID256","Default_Monitor"
"2026-09-16 13:44:43.065","DISPLAY\SAM7B0C\7&16b8ddb4&0&UID256","SAM7B0C"
"2026-09-16 13:44:43.354","DISPLAY\Default_Monitor\7&16b8ddb4&0&UID256","Default_Monitor"
"2026-09-16 13:45:27.069","DISPLAY\SAM7B0C\7&16b8ddb4&0&UID256","SAM7B0C"
"2026-09-16 13:46:37.395","DISPLAY\SAM7B0C\7&16b8ddb4&0&UID256","SAM7B0C"
"2026-09-16 13:46:37.686","DISPLAY\Default_Monitor\7&16b8ddb4&0&UID256","Default_Monitor"
"2026-09-16 13:47:33.183","DISPLAY\SAM7B0C\7&16b8ddb4&0&UID256","SAM7B0C"
"2026-09-16 13:48:21.227","DISPLAY\SAM7B0C\7&16b8ddb4&0&UID256","SAM7B0C"
"2026-09-16 13:49:05.183","DISPLAY\SAM7B0C\7&16b8ddb4&0&UID256","SAM7B0C"
"2026-09-16 13:49:52.032","DISPLAY\SAM7B0C\7&16b8ddb4&0&UID256","SAM7B0C"
"2026-09-16 13:49:52.388","DISPLAY\Default_Monitor\7&16b8ddb4&0&UID256","Default_Monitor"
"2026-09-16 13:50:36.232","DISPLAY\SAM7B0C\7&16b8ddb4&0&UID256","SAM7B0C"
"2026-09-16 13:51:23.080","DISPLAY\SAM7B0C\7&16b8ddb4&0&UID256","SAM7B0C"
"2026-09-16 13:52:17.255","DISPLAY\SAM7B0C\7&16b8ddb4&0&UID256","SAM7B0C"
"2026-09-16 13:53:32.803","DISPLAY\SAM7B0C\7&16b8ddb4&0&UID256","SAM7B0C"
"2026-09-16 13:54:26.851","DISPLAY\SAM7B0C\7&16b8ddb4&0&UID256","SAM7B0C"
"2026-09-16 13:55:16.379","DISPLAY\SAM7B0C\7&16b8ddb4&0&UID256","SAM7B0C"
"2026-09-16 13:55:16.667","DISPLAY\Default_Monitor\7&16b8ddb4&0&UID256","Default_Monitor"
"2026-09-16 13:56:00.276","DISPLAY\SAM7B0C\7&16b8ddb4&0&UID256","SAM7B0C"
"2026-09-16 13:56:47.143","DISPLAY\SAM7B0C\7&16b8ddb4&0&UID256","SAM7B0C"
"2026-09-16 13:57:31.259","DISPLAY\SAM7B0C\7&16b8ddb4&0&UID256","SAM7B0C"
"2026-09-16 13:58:17.272","DISPLAY\SAM7B0C\7&16b8ddb4&0&UID256","SAM7B0C"
"2026-09-16 13:59:01.181","DISPLAY\SAM7B0C\7&16b8ddb4&0&UID256","SAM7B0C"
"2026-09-16 13:59:48.112","DISPLAY\SAM7B0C\7&16b8ddb4&0&UID256","SAM7B0C"
"2026-09-16 14:00:58.370","DISPLAY\SAM79DF\7&16b8ddb4&0&UID260","SAM79DF"
"2026-09-16 14:00:58.473","DISPLAY\SAM7B0C\7&16b8ddb4&0&UID256","SAM7B0C"
"2026-09-16 14:49:14.693","DISPLAY\SAM79DF\7&16b8ddb4&0&UID260","SAM79DF"
"2026-09-16 14:49:14.694","DISPLAY\SAM7B0C\7&16b8ddb4&0&UID256","SAM7B0C"
"2026-09-16 14:49:56.173","DISPLAY\SAM7B0C\7&16b8ddb4&0&UID256","SAM7B0C"
"2026-09-16 14:50:42.143","DISPLAY\SAM7B0C\7&16b8ddb4&0&UID256","SAM7B0C"
"2026-09-16 14:51:23.182","DISPLAY\SAM7B0C\7&16b8ddb4&0&UID256","SAM7B0C"
"2026-09-16 14:52:11.048","DISPLAY\SAM7B0C\7&16b8ddb4&0&UID256","SAM7B0C"
"2026-09-16 14:52:11.389","DISPLAY\Default_Monitor\7&16b8ddb4&0&UID256","Default_Monitor"
"2026-09-16 14:52:49.378","DISPLAY\SAM7B0C\7&16b8ddb4&0&UID256","SAM7B0C"
"2026-09-16 14:53:30.164","DISPLAY\SAM7B0C\7&16b8ddb4&0&UID256","SAM7B0C"
"2026-09-16 14:54:11.195","DISPLAY\SAM7B0C\7&16b8ddb4&0&UID256","SAM7B0C"
"2026-09-16 14:55:00.254","DISPLAY\SAM7B0C\7&16b8ddb4&0&UID256","SAM7B0C"
"2026-09-16 14:55:40.384","DISPLAY\SAM7B0C\7&16b8ddb4&0&UID256","SAM7B0C"
"2026-09-16 14:56:19.474","DISPLAY\SAM7B0C\7&16b8ddb4&0&UID256","SAM7B0C"
"2026-09-16 14:57:01.055","DISPLAY\SAM7B0C\7&16b8ddb4&0&UID256","SAM7B0C"
"2026-09-16 14:57:49.430","DISPLAY\SAM7B0C\7&16b8ddb4&0&UID256","SAM7B0C"
"2026-09-16 14:58:31.154","DISPLAY\SAM7B0C\7&16b8ddb4&0&UID256","SAM7B0C"
"2026-09-16 14:58:31.412","DISPLAY\Default_Monitor\7&16b8ddb4&0&UID256","Default_Monitor"
"2026-09-16 14:59:19.376","DISPLAY\SAM7B0C\7&16b8ddb4&0&UID256","SAM7B0C"
"2026-09-16 15:00:00.253","DISPLAY\SAM7B0C\7&16b8ddb4&0&UID256","SAM7B0C"
"2026-09-16 15:00:49.476","DISPLAY\SAM7B0C\7&16b8ddb4&0&UID256","SAM7B0C"
"2026-09-16 15:01:31.120","DISPLAY\SAM7B0C\7&16b8ddb4&0&UID256","SAM7B0C"
"2026-09-16 15:02:19.424","DISPLAY\SAM7B0C\7&16b8ddb4&0&UID256","SAM7B0C"
"2026-09-16 15:02:19.778","DISPLAY\Default_Monitor\7&16b8ddb4&0&UID256","Default_Monitor"
"2026-09-16 15:03:01.324","DISPLAY\SAM7B0C\7&16b8ddb4&0&UID256","SAM7B0C"
"2026-09-16 15:04:08.437","DISPLAY\SAM7B0C\7&16b8ddb4&0&UID256","SAM7B0C"
"2026-09-16 15:04:49.857","DISPLAY\SAM7B0C\7&16b8ddb4&0&UID256","SAM7B0C"
"2026-09-16 15:05:29.994","DISPLAY\SAM7B0C\7&16b8ddb4&0&UID256","SAM7B0C"
"2026-09-16 15:05:30.348","DISPLAY\Default_Monitor\7&16b8ddb4&0&UID256","Default_Monitor"
"2026-09-16 15:06:21.873","DISPLAY\SAM7B0C\7&16b8ddb4&0&UID256","SAM7B0C"
"2026-09-16 15:07:00.932","DISPLAY\SAM7B0C\7&16b8ddb4&0&UID256","SAM7B0C"
"2026-09-16 15:07:42.284","DISPLAY\SAM7B0C\7&16b8ddb4&0&UID256","SAM7B0C"
"2026-09-16 15:08:30.451","DISPLAY\SAM7B0C\7&16b8ddb4&0&UID256","SAM7B0C"
"2026-09-16 15:09:12.194","DISPLAY\SAM7B0C\7&16b8ddb4&0&UID256","SAM7B0C"
"2026-09-16 15:09:50.209","DISPLAY\SAM7B0C\7&16b8ddb4&0&UID256","SAM7B0C"
"2026-09-16 15:10:30.430","DISPLAY\SAM7B0C\7&16b8ddb4&0&UID256","SAM7B0C"
"2026-09-16 15:11:19.467","DISPLAY\SAM7B0C\7&16b8ddb4&0&UID256","SAM7B0C"
"2026-09-16 15:12:01.100","DISPLAY\SAM7B0C\7&16b8ddb4&0&UID256","SAM7B0C"
"2026-09-16 15:12:01.356","DISPLAY\Default_Monitor\7&16b8ddb4&0&UID256","Default_Monitor"
"2026-09-16 15:13:41.430","DISPLAY\SAM7B0C\7&16b8ddb4&0&UID256","SAM7B0C"
"2026-09-16 15:13:41.667","DISPLAY\Default_Monitor\7&16b8ddb4&0&UID256","Default_Monitor"
"2026-09-16 15:14:49.981","DISPLAY\SAM7B0C\7&16b8ddb4&0&UID256","SAM7B0C"
"2026-09-16 15:15:31.349","DISPLAY\SAM7B0C\7&16b8ddb4&0&UID256","SAM7B0C"
"2026-09-16 15:16:12.920","DISPLAY\SAM7B0C\7&16b8ddb4&0&UID256","SAM7B0C"
"2026-09-16 15:16:54.278","DISPLAY\SAM7B0C\7&16b8ddb4&0&UID256","SAM7B0C"
"2026-09-16 15:16:54.619","DISPLAY\Default_Monitor\7&16b8ddb4&0&UID256","Default_Monitor"
"2026-09-16 15:17:41.127","DISPLAY\SAM7B0C\7&16b8ddb4&0&UID256","SAM7B0C"
"2026-09-16 15:18:21.902","DISPLAY\SAM7B0C\7&16b8ddb4&0&UID256","SAM7B0C"
"2026-09-16 15:19:01.266","DISPLAY\SAM7B0C\7&16b8ddb4&0&UID256","SAM7B0C"
"2026-09-16 15:25:55.482","DISPLAY\SAM7B0C\7&16b8ddb4&0&UID256","SAM7B0C"
"2026-09-16 15:25:55.836","DISPLAY\Default_Monitor\7&16b8ddb4&0&UID256","Default_Monitor"
"2026-09-16 15:26:35.945","DISPLAY\SAM7B0C\7&16b8ddb4&0&UID256","SAM7B0C"
"2026-09-16 15:27:17.438","DISPLAY\SAM7B0C\7&16b8ddb4&0&UID256","SAM7B0C"
"2026-09-16 15:28:00.144","DISPLAY\SAM7B0C\7&16b8ddb4&0&UID256","SAM7B0C"
"2026-09-16 15:28:41.235","DISPLAY\SAM7B0C\7&16b8ddb4&0&UID256","SAM7B0C"
"2026-09-16 15:29:30.415","DISPLAY\SAM7B0C\7&16b8ddb4&0&UID256","SAM7B0C"
"2026-09-16 15:30:12.058","DISPLAY\SAM7B0C\7&16b8ddb4&0&UID256","SAM7B0C"
"2026-09-16 15:30:12.413","DISPLAY\Default_Monitor\7&16b8ddb4&0&UID256","Default_Monitor"
"2026-09-16 15:31:00.465","DISPLAY\SAM7B0C\7&16b8ddb4&0&UID256","SAM7B0C"
"2026-09-16 15:31:42.201","DISPLAY\SAM7B0C\7&16b8ddb4&0&UID256","SAM7B0C"
"2026-09-16 15:39:17.417","DISPLAY\SAM7B0C\7&16b8ddb4&0&UID256","SAM7B0C"
"2026-09-16 15:40:01.322","DISPLAY\SAM7B0C\7&16b8ddb4&0&UID256","SAM7B0C"
"2026-09-16 15:40:01.676","DISPLAY\Default_Monitor\7&16b8ddb4&0&UID256","Default_Monitor"
"2026-09-16 15:40:47.829","DISPLAY\SAM7B0C\7&16b8ddb4&0&UID256","SAM7B0C"
"2026-09-16 15:40:48.188","DISPLAY\Default_Monitor\7&16b8ddb4&0&UID256","Default_Monitor"
"2026-09-16 15:41:29.960","DISPLAY\SAM7B0C\7&16b8ddb4&0&UID256","SAM7B0C"
"2026-09-16 15:42:11.317","DISPLAY\SAM7B0C\7&16b8ddb4&0&UID256","SAM7B0C"
"2026-09-16 15:42:50.462","DISPLAY\SAM7B0C\7&16b8ddb4&0&UID256","SAM7B0C"
"2026-09-16 15:42:50.816","DISPLAY\Default_Monitor\7&16b8ddb4&0&UID256","Default_Monitor"
"2026-09-16 15:52:00.463","DISPLAY\SAM7B0C\7&16b8ddb4&0&UID256","SAM7B0C"
"2026-09-16 15:52:00.818","DISPLAY\Default_Monitor\7&16b8ddb4&0&UID256","Default_Monitor"
"2026-09-16 15:52:41.485","DISPLAY\SAM7B0C\7&16b8ddb4&0&UID256","SAM7B0C"
"2026-09-16 15:53:20.055","DISPLAY\SAM7B0C\7&16b8ddb4&0&UID256","SAM7B0C"
"2026-09-16 15:54:01.131","DISPLAY\SAM7B0C\7&16b8ddb4&0&UID256","SAM7B0C"
"2026-09-16 15:55:24.476","DISPLAY\SAM7B0C\7&16b8ddb4&0&UID256","SAM7B0C"
"2026-09-16 15:56:05.484","DISPLAY\SAM7B0C\7&16b8ddb4&0&UID256","SAM7B0C"
"2026-09-16 15:56:47.194","DISPLAY\SAM7B0C\7&16b8ddb4&0&UID256","SAM7B0C"
"2026-09-16 15:57:27.488","DISPLAY\SAM7B0C\7&16b8ddb4&0&UID256","SAM7B0C"
"2026-09-16 15:58:11.479","DISPLAY\SAM7B0C\7&16b8ddb4&0&UID256","SAM7B0C"
"2026-09-16 15:58:53.277","DISPLAY\SAM7B0C\7&16b8ddb4&0&UID256","SAM7B0C"
"2026-09-16 15:59:31.394","DISPLAY\SAM7B0C\7&16b8ddb4&0&UID256","SAM7B0C"
"2026-09-16 16:00:50.516","DISPLAY\SAM7B0C\7&16b8ddb4&0&UID256","SAM7B0C"
"2026-09-16 16:04:23.504","DISPLAY\SAM7B0C\7&16b8ddb4&0&UID256","SAM7B0C"
"2026-09-16 16:05:30.718","DISPLAY\SAM7B0C\7&16b8ddb4&0&UID256","SAM7B0C"
"2026-09-16 16:06:11.920","DISPLAY\SAM7B0C\7&16b8ddb4&0&UID256","SAM7B0C"
"2026-09-16 16:06:12.260","DISPLAY\Default_Monitor\7&16b8ddb4&0&UID256","Default_Monitor"
"2026-09-16 16:07:00.522","DISPLAY\SAM7B0C\7&16b8ddb4&0&UID256","SAM7B0C"
"2026-09-16 16:07:51.011","DISPLAY\SAM7B0C\7&16b8ddb4&0&UID256","SAM7B0C"
"2026-09-16 16:08:31.412","DISPLAY\SAM7B0C\7&16b8ddb4&0&UID256","SAM7B0C"
"2026-09-16 16:08:31.765","DISPLAY\Default_Monitor\7&16b8ddb4&0&UID256","Default_Monitor"
"2026-09-16 16:09:12.510","DISPLAY\SAM7B0C\7&16b8ddb4&0&UID256","SAM7B0C"
"2026-09-16 16:10:00.517","DISPLAY\SAM7B0C\7&16b8ddb4&0&UID256","SAM7B0C"
"2026-09-16 16:10:00.858","DISPLAY\Default_Monitor\7&16b8ddb4&0&UID256","Default_Monitor"
"2026-09-16 16:10:41.177","DISPLAY\SAM7B0C\7&16b8ddb4&0&UID256","SAM7B0C"
"2026-09-16 16:10:41.516","DISPLAY\Default_Monitor\7&16b8ddb4&0&UID256","Default_Monitor"
"2026-09-16 16:11:20.268","DISPLAY\SAM7B0C\7&16b8ddb4&0&UID256","SAM7B0C"
"2026-09-16 16:11:20.625","DISPLAY\Default_Monitor\7&16b8ddb4&0&UID256","Default_Monitor"
"2026-09-16 16:12:01.502","DISPLAY\SAM7B0C\7&16b8ddb4&0&UID256","SAM7B0C"
"2026-09-16 16:12:01.856","DISPLAY\Default_Monitor\7&16b8ddb4&0&UID256","Default_Monitor"
"2026-09-16 16:13:00.500","DISPLAY\SAM7B0C\7&16b8ddb4&0&UID256","SAM7B0C"
"2026-09-16 16:13:00.860","DISPLAY\Default_Monitor\7&16b8ddb4&0&UID256","Default_Monitor"
"2026-09-16 16:13:42.364","DISPLAY\SAM7B0C\7&16b8ddb4&0&UID256","SAM7B0C"
"2026-09-16 16:14:30.528","DISPLAY\SAM7B0C\7&16b8ddb4&0&UID256","SAM7B0C"
"2026-09-16 16:14:30.770","DISPLAY\Default_Monitor\7&16b8ddb4&0&UID256","Default_Monitor"
"2026-09-16 16:15:11.494","DISPLAY\SAM7B0C\7&16b8ddb4&0&UID256","SAM7B0C"
"2026-09-16 16:16:00.511","DISPLAY\SAM7B0C\7&16b8ddb4&0&UID256","SAM7B0C"
"2026-09-16 16:16:42.093","DISPLAY\SAM7B0C\7&16b8ddb4&0&UID256","SAM7B0C"
"2026-09-16 16:17:20.298","DISPLAY\SAM7B0C\7&16b8ddb4&0&UID256","SAM7B0C"
"2026-09-16 16:17:20.656","DISPLAY\Default_Monitor\7&16b8ddb4&0&UID256","Default_Monitor"
"2026-09-16 16:18:01.459","DISPLAY\SAM7B0C\7&16b8ddb4&0&UID256","SAM7B0C"
"2026-09-16 16:18:50.384","DISPLAY\SAM7B0C\7&16b8ddb4&0&UID256","SAM7B0C"
"2026-09-16 16:19:31.492","DISPLAY\SAM7B0C\7&16b8ddb4&0&UID256","SAM7B0C"
"2026-09-16 16:20:20.560","DISPLAY\SAM7B0C\7&16b8ddb4&0&UID256","SAM7B0C"
"2026-09-16 16:20:20.900","DISPLAY\Default_Monitor\7&16b8ddb4&0&UID256","Default_Monitor"
"2026-09-16 16:21:02.348","DISPLAY\SAM7B0C\7&16b8ddb4&0&UID256","SAM7B0C"
"2026-09-16 16:22:00.526","DISPLAY\SAM7B0C\7&16b8ddb4&0&UID256","SAM7B0C"
"2026-09-16 16:22:41.453","DISPLAY\SAM7B0C\7&16b8ddb4&0&UID256","SAM7B0C"
"2026-09-16 16:23:30.524","DISPLAY\SAM7B0C\7&16b8ddb4&0&UID256","SAM7B0C"
"2026-09-16 16:23:30.881","DISPLAY\Default_Monitor\7&16b8ddb4&0&UID256","Default_Monitor"
"2026-09-16 16:24:12.384","DISPLAY\SAM7B0C\7&16b8ddb4&0&UID256","SAM7B0C"
"2026-09-16 16:25:00.545","DISPLAY\SAM7B0C\7&16b8ddb4&0&UID256","SAM7B0C"
"2026-09-16 16:25:00.572","DISPLAY\Default_Monitor\7&16b8ddb4&0&UID256","Default_Monitor"
"2026-09-16 16:25:42.326","DISPLAY\SAM7B0C\7&16b8ddb4&0&UID256","SAM7B0C"
"2026-09-16 16:26:20.392","DISPLAY\SAM7B0C\7&16b8ddb4&0&UID256","SAM7B0C"
"2026-09-16 16:27:01.392","DISPLAY\SAM7B0C\7&16b8ddb4&0&UID256","SAM7B0C"
"2026-09-16 16:28:00.522","DISPLAY\SAM7B0C\7&16b8ddb4&0&UID256","SAM7B0C"
"2026-09-16 16:28:42.156","DISPLAY\SAM7B0C\7&16b8ddb4&0&UID256","SAM7B0C"
"2026-09-16 16:29:30.564","DISPLAY\SAM7B0C\7&16b8ddb4&0&UID256","SAM7B0C"
"2026-09-16 16:30:12.232","DISPLAY\SAM7B0C\7&16b8ddb4&0&UID256","SAM7B0C"
"2026-09-16 16:31:00.911","DISPLAY\SAM7B0C\7&16b8ddb4&0&UID256","SAM7B0C"
"2026-09-16 16:31:39.424","DISPLAY\SAM7B0C\7&16b8ddb4&0&UID256","SAM7B0C"
"2026-09-16 16:31:39.779","DISPLAY\Default_Monitor\7&16b8ddb4&0&UID256","Default_Monitor"
"2026-09-16 16:32:20.505","DISPLAY\SAM7B0C\7&16b8ddb4&0&UID256","SAM7B0C"
"2026-09-16 16:33:01.445","DISPLAY\SAM7B0C\7&16b8ddb4&0&UID256","SAM7B0C"
"2026-09-16 16:33:01.818","DISPLAY\Default_Monitor\7&16b8ddb4&0&UID256","Default_Monitor"
"2026-09-16 16:33:50.529","DISPLAY\SAM7B0C\7&16b8ddb4&0&UID256","SAM7B0C"
"2026-09-16 16:34:32.112","DISPLAY\SAM7B0C\7&16b8ddb4&0&UID256","SAM7B0C"
"2026-09-16 16:35:30.642","DISPLAY\SAM7B0C\7&16b8ddb4&0&UID256","SAM7B0C"
"2026-09-16 16:36:12.342","DISPLAY\SAM7B0C\7&16b8ddb4&0&UID256","SAM7B0C"
"2026-09-16 16:36:53.520","DISPLAY\SAM7B0C\7&16b8ddb4&0&UID256","SAM7B0C"
"2026-09-16 16:37:34.410","DISPLAY\SAM7B0C\7&16b8ddb4&0&UID256","SAM7B0C"
"2026-09-16 16:37:34.752","DISPLAY\Default_Monitor\7&16b8ddb4&0&UID256","Default_Monitor"
"2026-09-16 16:38:20.567","DISPLAY\SAM7B0C\7&16b8ddb4&0&UID256","SAM7B0C"
"2026-09-16 16:38:20.821","DISPLAY\Default_Monitor\7&16b8ddb4&0&UID256","Default_Monitor"
"2026-09-16 16:39:02.364","DISPLAY\SAM7B0C\7&16b8ddb4&0&UID256","SAM7B0C"
"2026-09-16 16:39:02.721","DISPLAY\Default_Monitor\7&16b8ddb4&0&UID256","Default_Monitor"
"2026-09-16 16:39:50.563","DISPLAY\SAM7B0C\7&16b8ddb4&0&UID256","SAM7B0C"
"2026-09-16 16:39:50.918","DISPLAY\Default_Monitor\7&16b8ddb4&0&UID256","Default_Monitor"
"2026-09-16 16:40:32.030","DISPLAY\SAM7B0C\7&16b8ddb4&0&UID256","SAM7B0C"
"2026-09-16 16:41:20.629","DISPLAY\SAM7B0C\7&16b8ddb4&0&UID256","SAM7B0C"
"2026-09-16 16:41:20.900","DISPLAY\Default_Monitor\7&16b8ddb4&0&UID256","Default_Monitor"
"2026-09-16 16:42:02.435","DISPLAY\SAM7B0C\7&16b8ddb4&0&UID256","SAM7B0C"
"2026-09-16 16:42:02.773","DISPLAY\Default_Monitor\7&16b8ddb4&0&UID256","Default_Monitor"
"2026-09-16 16:43:00.734","DISPLAY\SAM7B0C\7&16b8ddb4&0&UID256","SAM7B0C"
"2026-09-16 16:43:01.088","DISPLAY\Default_Monitor\7&16b8ddb4&0&UID256","Default_Monitor"
"2026-09-16 16:43:45.259","DISPLAY\SAM7B0C\7&16b8ddb4&0&UID256","SAM7B0C"
"2026-09-16 16:44:31.329","DISPLAY\SAM7B0C\7&16b8ddb4&0&UID256","SAM7B0C"
"2026-09-16 16:45:12.729","DISPLAY\SAM7B0C\7&16b8ddb4&0&UID256","SAM7B0C"
"2026-09-16 16:45:12.755","DISPLAY\Default_Monitor\7&16b8ddb4&0&UID256","Default_Monitor"
"2026-09-16 16:46:00.763","DISPLAY\SAM7B0C\7&16b8ddb4&0&UID256","SAM7B0C"
"2026-09-16 16:46:41.194","DISPLAY\SAM7B0C\7&16b8ddb4&0&UID256","SAM7B0C"
"2026-09-16 16:47:20.594","DISPLAY\SAM7B0C\7&16b8ddb4&0&UID256","SAM7B0C"
"2026-09-16 16:47:20.832","DISPLAY\Default_Monitor\7&16b8ddb4&0&UID256","Default_Monitor"
"2026-09-16 16:48:21.802","DISPLAY\SAM7B0C\7&16b8ddb4&0&UID256","SAM7B0C"
"2026-09-16 16:49:11.763","DISPLAY\SAM7B0C\7&16b8ddb4&0&UID256","SAM7B0C"
"2026-09-16 16:49:53.511","DISPLAY\SAM7B0C\7&16b8ddb4&0&UID256","SAM7B0C"
"2026-09-16 16:49:53.866","DISPLAY\Default_Monitor\7&16b8ddb4&0&UID256","Default_Monitor"
"2026-09-16 16:50:31.742","DISPLAY\SAM7B0C\7&16b8ddb4&0&UID256","SAM7B0C"
"2026-09-16 16:50:32.096","DISPLAY\Default_Monitor\7&16b8ddb4&0&UID256","Default_Monitor"
"2026-09-16 16:51:13.565","DISPLAY\SAM7B0C\7&16b8ddb4&0&UID256","SAM7B0C"
"2026-09-16 16:51:51.065","DISPLAY\SAM7B0C\7&16b8ddb4&0&UID256","SAM7B0C"
"2026-09-16 16:52:32.605","DISPLAY\SAM7B0C\7&16b8ddb4&0&UID256","SAM7B0C"
"2026-09-16 16:53:20.706","DISPLAY\SAM7B0C\7&16b8ddb4&0&UID256","SAM7B0C"
"2026-09-16 16:53:21.063","DISPLAY\Default_Monitor\7&16b8ddb4&0&UID256","Default_Monitor"
"2026-09-16 16:54:02.633","DISPLAY\SAM7B0C\7&16b8ddb4&0&UID256","SAM7B0C"
"2026-09-16 16:54:02.891","DISPLAY\Default_Monitor\7&16b8ddb4&0&UID256","Default_Monitor"
"2026-09-16 16:54:50.694","DISPLAY\SAM7B0C\7&16b8ddb4&0&UID256","SAM7B0C"
"2026-09-16 16:55:32.308","DISPLAY\SAM7B0C\7&16b8ddb4&0&UID256","SAM7B0C"
"2026-09-16 16:56:20.803","DISPLAY\SAM7B0C\7&16b8ddb4&0&UID256","SAM7B0C"
"2026-09-16 16:57:01.781","DISPLAY\SAM7B0C\7&16b8ddb4&0&UID256","SAM7B0C"
"2026-09-16 16:58:11.057","DISPLAY\SAM7B0C\7&16b8ddb4&0&UID256","SAM7B0C"
"2026-09-16 16:58:11.081","DISPLAY\Default_Monitor\7&16b8ddb4&0&UID256","Default_Monitor"
"2026-09-16 16:58:52.675","DISPLAY\SAM7B0C\7&16b8ddb4&0&UID256","SAM7B0C"
"2026-09-16 16:59:31.182","DISPLAY\SAM7B0C\7&16b8ddb4&0&UID256","SAM7B0C"
"2026-09-16 17:00:12.609","DISPLAY\SAM7B0C\7&16b8ddb4&0&UID256","SAM7B0C"
"2026-09-16 17:01:01.809","DISPLAY\SAM7B0C\7&16b8ddb4&0&UID256","SAM7B0C"
"2026-09-16 17:01:42.679","DISPLAY\SAM7B0C\7&16b8ddb4&0&UID256","SAM7B0C"
"2026-09-16 17:02:31.034","DISPLAY\SAM7B0C\7&16b8ddb4&0&UID256","SAM7B0C"
"2026-09-16 17:02:31.292","DISPLAY\Default_Monitor\7&16b8ddb4&0&UID256","Default_Monitor"
"2026-09-16 17:03:12.705","DISPLAY\SAM7B0C\7&16b8ddb4&0&UID256","SAM7B0C"
"2026-09-16 17:04:00.803","DISPLAY\SAM7B0C\7&16b8ddb4&0&UID256","SAM7B0C"
"2026-09-16 17:04:01.058","DISPLAY\Default_Monitor\7&16b8ddb4&0&UID256","Default_Monitor"
"2026-09-16 17:04:41.829","DISPLAY\SAM7B0C\7&16b8ddb4&0&UID256","SAM7B0C"
"2026-09-16 17:05:41.093","DISPLAY\SAM7B0C\7&16b8ddb4&0&UID256","SAM7B0C"
"2026-09-16 17:06:22.595","DISPLAY\SAM7B0C\7&16b8ddb4&0&UID256","SAM7B0C"
"2026-09-16 17:07:01.821","DISPLAY\SAM7B0C\7&16b8ddb4&0&UID256","SAM7B0C"
"2026-09-16 17:07:42.822","DISPLAY\SAM7B0C\7&16b8ddb4&0&UID256","SAM7B0C"
"2026-09-16 17:08:20.805","DISPLAY\SAM7B0C\7&16b8ddb4&0&UID256","SAM7B0C"
"2026-09-16 17:08:21.161","DISPLAY\Default_Monitor\7&16b8ddb4&0&UID256","Default_Monitor"
"2026-09-16 17:09:02.689","DISPLAY\SAM7B0C\7&16b8ddb4&0&UID256","SAM7B0C"
"2026-09-16 17:09:50.851","DISPLAY\SAM7B0C\7&16b8ddb4&0&UID256","SAM7B0C"
"2026-09-16 17:10:31.772","DISPLAY\SAM7B0C\7&16b8ddb4&0&UID256","SAM7B0C"
"2026-09-16 17:11:31.126","DISPLAY\SAM7B0C\7&16b8ddb4&0&UID256","SAM7B0C"
"2026-09-16 17:12:12.717","DISPLAY\SAM7B0C\7&16b8ddb4&0&UID256","SAM7B0C"
"2026-09-16 17:13:01.129","DISPLAY\SAM7B0C\7&16b8ddb4&0&UID256","SAM7B0C"
"2026-09-16 17:13:47.855","DISPLAY\SAM7B0C\7&16b8ddb4&0&UID256","SAM7B0C"
"2026-09-16 17:13:48.111","DISPLAY\Default_Monitor\7&16b8ddb4&0&UID256","Default_Monitor"
"2026-09-16 17:14:31.800","DISPLAY\SAM7B0C\7&16b8ddb4&0&UID256","SAM7B0C"
"2026-09-16 17:15:13.053","DISPLAY\SAM7B0C\7&16b8ddb4&0&UID256","SAM7B0C"
"2026-09-16 17:16:00.927","DISPLAY\SAM7B0C\7&16b8ddb4&0&UID256","SAM7B0C"
"2026-09-16 17:16:42.055","DISPLAY\SAM7B0C\7&16b8ddb4&0&UID256","SAM7B0C"
"2026-09-16 17:17:23.841","DISPLAY\SAM7B0C\7&16b8ddb4&0&UID256","SAM7B0C"
"2026-09-16 17:18:05.018","DISPLAY\SAM7B0C\7&16b8ddb4&0&UID256","SAM7B0C"
"2026-09-16 17:18:05.376","DISPLAY\Default_Monitor\7&16b8ddb4&0&UID256","Default_Monitor"
"2026-09-16 17:18:51.012","DISPLAY\SAM7B0C\7&16b8ddb4&0&UID256","SAM7B0C"
"2026-09-16 17:18:51.267","DISPLAY\Default_Monitor\7&16b8ddb4&0&UID256","Default_Monitor"
"2026-09-16 17:19:32.875","DISPLAY\SAM7B0C\7&16b8ddb4&0&UID256","SAM7B0C"
"2026-09-16 17:20:31.229","DISPLAY\SAM7B0C\7&16b8ddb4&0&UID256","SAM7B0C"
"2026-09-16 17:21:12.838","DISPLAY\SAM7B0C\7&16b8ddb4&0&UID256","SAM7B0C"
"2026-09-16 17:22:01.226","DISPLAY\SAM7B0C\7&16b8ddb4&0&UID256","SAM7B0C"
"2026-09-16 17:22:41.472","DISPLAY\SAM7B0C\7&16b8ddb4&0&UID256","SAM7B0C"
"2026-09-16 17:23:32.058","DISPLAY\SAM7B0C\7&16b8ddb4&0&UID256","SAM7B0C"
"2026-09-16 17:24:13.149","DISPLAY\SAM7B0C\7&16b8ddb4&0&UID256","SAM7B0C"
"2026-09-16 17:24:13.390","DISPLAY\Default_Monitor\7&16b8ddb4&0&UID256","Default_Monitor"
"2026-09-16 17:24:50.957","DISPLAY\SAM7B0C\7&16b8ddb4&0&UID256","SAM7B0C"
"2026-09-16 17:24:51.195","DISPLAY\Default_Monitor\7&16b8ddb4&0&UID256","Default_Monitor"
"2026-09-16 17:25:32.064","DISPLAY\SAM7B0C\7&16b8ddb4&0&UID256","SAM7B0C"
"2026-09-16 17:26:31.340","DISPLAY\SAM7B0C\7&16b8ddb4&0&UID256","SAM7B0C"
"2026-09-16 17:27:12.048","DISPLAY\SAM7B0C\7&16b8ddb4&0&UID256","SAM7B0C"
"2026-09-16 17:27:12.403","DISPLAY\Default_Monitor\7&16b8ddb4&0&UID256","Default_Monitor"
"2026-09-16 17:27:51.057","DISPLAY\SAM7B0C\7&16b8ddb4&0&UID256","SAM7B0C"
"2026-09-16 17:28:32.185","DISPLAY\SAM7B0C\7&16b8ddb4&0&UID256","SAM7B0C"
"2026-09-16 17:29:31.366","DISPLAY\SAM7B0C\7&16b8ddb4&0&UID256","SAM7B0C"
"2026-09-16 17:30:12.841","DISPLAY\SAM7B0C\7&16b8ddb4&0&UID256","SAM7B0C"
"2026-09-16 17:31:02.070","DISPLAY\SAM7B0C\7&16b8ddb4&0&UID256","SAM7B0C"
"2026-09-16 17:31:43.070","DISPLAY\SAM7B0C\7&16b8ddb4&0&UID256","SAM7B0C"
"2026-09-16 17:32:39.066","DISPLAY\SAM7B0C\7&16b8ddb4&0&UID256","SAM7B0C"
"2026-09-16 17:32:39.407","DISPLAY\Default_Monitor\7&16b8ddb4&0&UID256","Default_Monitor"
"2026-09-16 17:33:20.064","DISPLAY\SAM7B0C\7&16b8ddb4&0&UID256","SAM7B0C"
"2026-09-16 17:34:01.849","DISPLAY\SAM7B0C\7&16b8ddb4&0&UID256","SAM7B0C"
"2026-09-16 17:34:02.207","DISPLAY\Default_Monitor\7&16b8ddb4&0&UID256","Default_Monitor"
"2026-09-16 17:34:43.913","DISPLAY\SAM7B0C\7&16b8ddb4&0&UID256","SAM7B0C"
"2026-09-16 17:35:52.087","DISPLAY\SAM7B0C\7&16b8ddb4&0&UID256","SAM7B0C"
"2026-09-16 17:36:33.077","DISPLAY\SAM7B0C\7&16b8ddb4&0&UID256","SAM7B0C"
"2026-09-16 17:37:13.982","DISPLAY\SAM7B0C\7&16b8ddb4&0&UID256","SAM7B0C"
"2026-09-16 17:37:55.089","DISPLAY\SAM7B0C\7&16b8ddb4&0&UID256","SAM7B0C"
"2026-09-16 17:38:36.108","DISPLAY\SAM7B0C\7&16b8ddb4&0&UID256","SAM7B0C"
"2026-09-16 17:40:02.113","DISPLAY\SAM7B0C\7&16b8ddb4&0&UID256","SAM7B0C"
"2026-09-16 17:40:02.451","DISPLAY\Default_Monitor\7&16b8ddb4&0&UID256","Default_Monitor"
"2026-09-16 17:40:44.108","DISPLAY\SAM7B0C\7&16b8ddb4&0&UID256","SAM7B0C"
"2026-09-16 17:40:44.345","DISPLAY\Default_Monitor\7&16b8ddb4&0&UID256","Default_Monitor"
"2026-09-16 17:41:32.084","DISPLAY\SAM7B0C\7&16b8ddb4&0&UID256","SAM7B0C"
"2026-09-16 17:41:32.326","DISPLAY\Default_Monitor\7&16b8ddb4&0&UID256","Default_Monitor"
"2026-09-16 17:42:14.011","DISPLAY\SAM7B0C\7&16b8ddb4&0&UID256","SAM7B0C"
"2026-09-16 17:43:01.593","DISPLAY\SAM7B0C\7&16b8ddb4&0&UID256","SAM7B0C"
"2026-09-16 17:43:01.933","DISPLAY\Default_Monitor\7&16b8ddb4&0&UID256","Default_Monitor"
"2026-09-16 17:43:43.033","DISPLAY\SAM7B0C\7&16b8ddb4&0&UID256","SAM7B0C"
"2026-09-16 17:44:30.545","DISPLAY\SAM7B0C\7&16b8ddb4&0&UID256","SAM7B0C"
"2026-09-16 17:45:12.049","DISPLAY\SAM7B0C\7&16b8ddb4&0&UID256","SAM7B0C"
"2026-09-16 17:46:01.754","DISPLAY\SAM7B0C\7&16b8ddb4&0&UID256","SAM7B0C"
"2026-09-16 17:46:43.036","DISPLAY\SAM7B0C\7&16b8ddb4&0&UID256","SAM7B0C"
"2026-09-16 17:47:32.061","DISPLAY\SAM7B0C\7&16b8ddb4&0&UID256","SAM7B0C"
"2026-09-16 17:48:13.135","DISPLAY\SAM7B0C\7&16b8ddb4&0&UID256","SAM7B0C"
"2026-09-16 17:49:01.812","DISPLAY\SAM7B0C\7&16b8ddb4&0&UID256","SAM7B0C"
"2026-09-16 17:49:42.354","DISPLAY\SAM7B0C\7&16b8ddb4&0&UID256","SAM7B0C"
"2026-09-16 17:50:32.126","DISPLAY\SAM7B0C\7&16b8ddb4&0&UID256","SAM7B0C"
"2026-09-16 17:50:32.466","DISPLAY\Default_Monitor\7&16b8ddb4&0&UID256","Default_Monitor"
"2026-09-16 17:51:14.024","DISPLAY\SAM7B0C\7&16b8ddb4&0&UID256","SAM7B0C"
"2026-09-16 17:51:14.379","DISPLAY\Default_Monitor\7&16b8ddb4&0&UID256","Default_Monitor"
"2026-09-16 17:52:02.148","DISPLAY\SAM7B0C\7&16b8ddb4&0&UID256","SAM7B0C"
"2026-09-16 17:52:02.505","DISPLAY\Default_Monitor\7&16b8ddb4&0&UID256","Default_Monitor"
"2026-09-16 17:52:44.049","DISPLAY\SAM7B0C\7&16b8ddb4&0&UID256","SAM7B0C"
"2026-09-16 17:52:44.306","DISPLAY\Default_Monitor\7&16b8ddb4&0&UID256","Default_Monitor"
"2026-09-16 17:53:31.388","DISPLAY\SAM7B0C\7&16b8ddb4&0&UID256","SAM7B0C"
"2026-09-16 17:54:12.972","DISPLAY\SAM7B0C\7&16b8ddb4&0&UID256","SAM7B0C"
"2026-09-16 17:54:13.328","DISPLAY\Default_Monitor\7&16b8ddb4&0&UID256","Default_Monitor"
"2026-09-16 17:55:15.814","DISPLAY\SAM7B0C\7&16b8ddb4&0&UID256","SAM7B0C"
"2026-09-16 17:55:57.003","DISPLAY\SAM7B0C\7&16b8ddb4&0&UID256","SAM7B0C"
"2026-09-16 17:55:57.360","DISPLAY\Default_Monitor\7&16b8ddb4&0&UID256","Default_Monitor"
"2026-09-16 17:56:43.089","DISPLAY\SAM7B0C\7&16b8ddb4&0&UID256","SAM7B0C"
"2026-09-16 17:56:43.443","DISPLAY\Default_Monitor\7&16b8ddb4&0&UID256","Default_Monitor"
"2026-09-16 17:57:24.968","DISPLAY\SAM7B0C\7&16b8ddb4&0&UID256","SAM7B0C"
"2026-09-16 17:58:02.569","DISPLAY\SAM7B0C\7&16b8ddb4&0&UID256","SAM7B0C"
"2026-09-16 17:58:44.058","DISPLAY\SAM7B0C\7&16b8ddb4&0&UID256","SAM7B0C"
"2026-09-16 17:59:42.192","DISPLAY\SAM7B0C\7&16b8ddb4&0&UID256","SAM7B0C"
"2026-09-16 18:00:23.211","DISPLAY\SAM7B0C\7&16b8ddb4&0&UID256","SAM7B0C"
"2026-09-16 18:01:02.174","DISPLAY\SAM7B0C\7&16b8ddb4&0&UID256","SAM7B0C"
"2026-09-16 18:01:02.532","DISPLAY\Default_Monitor\7&16b8ddb4&0&UID256","Default_Monitor"
"2026-09-16 18:01:44.019","DISPLAY\SAM7B0C\7&16b8ddb4&0&UID256","SAM7B0C"
"2026-09-16 18:03:09.220","DISPLAY\SAM7B0C\7&16b8ddb4&0&UID256","SAM7B0C"
"2026-09-16 18:03:09.577","DISPLAY\Default_Monitor\7&16b8ddb4&0&UID256","Default_Monitor"
"2026-09-16 18:04:02.254","DISPLAY\SAM7B0C\7&16b8ddb4&0&UID256","SAM7B0C"
"2026-09-16 18:04:43.308","DISPLAY\SAM7B0C\7&16b8ddb4&0&UID256","SAM7B0C"
"2026-09-16 18:05:22.201","DISPLAY\SAM7B0C\7&16b8ddb4&0&UID256","SAM7B0C"
"2026-09-16 18:05:22.556","DISPLAY\Default_Monitor\7&16b8ddb4&0&UID256","Default_Monitor"
"2026-09-16 18:06:04.057","DISPLAY\SAM7B0C\7&16b8ddb4&0&UID256","SAM7B0C"
"2026-09-16 18:06:04.413","DISPLAY\Default_Monitor\7&16b8ddb4&0&UID256","Default_Monitor"
"2026-09-16 18:07:02.448","DISPLAY\SAM7B0C\7&16b8ddb4&0&UID256","SAM7B0C"
"2026-09-16 18:13:32.041","DISPLAY\SAM7B0C\7&16b8ddb4&0&UID256","SAM7B0C"
"2026-09-16 18:14:48.571","DISPLAY\SAM7B0C\7&16b8ddb4&0&UID256","SAM7B0C"
"2026-09-16 18:16:06.589","DISPLAY\SAM7B0C\7&16b8ddb4&0&UID256","SAM7B0C"
"2026-09-16 18:17:00.054","DISPLAY\SAM7B0C\7&16b8ddb4&0&UID256","SAM7B0C"
"2026-09-16 18:17:00.411","DISPLAY\Default_Monitor\7&16b8ddb4&0&UID256","Default_Monitor"
"2026-09-16 18:23:49.343","DISPLAY\SAM7B0C\7&16b8ddb4&0&UID256","SAM7B0C"
"2026-09-16 18:24:33.310","DISPLAY\SAM7B0C\7&16b8ddb4&0&UID256","SAM7B0C"
"2026-09-16 18:25:15.097","DISPLAY\SAM7B0C\7&16b8ddb4&0&UID256","SAM7B0C"
"2026-09-16 18:26:02.828","DISPLAY\SAM7B0C\7&16b8ddb4&0&UID256","SAM7B0C"
"2026-09-16 18:26:03.185","DISPLAY\Default_Monitor\7&16b8ddb4&0&UID256","Default_Monitor"
"2026-09-16 18:26:46.335","DISPLAY\SAM7B0C\7&16b8ddb4&0&UID256","SAM7B0C"
"2026-09-16 18:27:27.311","DISPLAY\SAM7B0C\7&16b8ddb4&0&UID256","SAM7B0C"
"2026-09-16 18:27:27.650","DISPLAY\Default_Monitor\7&16b8ddb4&0&UID256","Default_Monitor"
"2026-09-16 18:28:26.602","DISPLAY\SAM7B0C\7&16b8ddb4&0&UID256","SAM7B0C"
"2026-09-16 18:29:10.182","DISPLAY\SAM7B0C\7&16b8ddb4&0&UID256","SAM7B0C"
"2026-09-16 18:29:10.421","DISPLAY\Default_Monitor\7&16b8ddb4&0&UID256","Default_Monitor"
"2026-09-16 18:33:55.311","DISPLAY\SAM7B0C\7&16b8ddb4&0&UID256","SAM7B0C"
"2026-09-16 18:34:38.944","DISPLAY\SAM7B0C\7&16b8ddb4&0&UID256","SAM7B0C"
"2026-09-16 18:35:49.135","DISPLAY\SAM7B0C\7&16b8ddb4&0&UID256","SAM7B0C"
"2026-09-16 18:37:02.597","DISPLAY\SAM7B0C\7&16b8ddb4&0&UID256","SAM7B0C"
"2026-09-16 18:37:02.939","DISPLAY\Default_Monitor\7&16b8ddb4&0&UID256","Default_Monitor"
"2026-09-16 18:37:46.326","DISPLAY\SAM7B0C\7&16b8ddb4&0&UID256","SAM7B0C"
"2026-09-16 18:38:46.248","DISPLAY\SAM7B0C\7&16b8ddb4&0&UID256","SAM7B0C"
"2026-09-16 18:38:46.621","DISPLAY\Default_Monitor\7&16b8ddb4&0&UID256","Default_Monitor"
"2026-09-16 18:39:40.226","DISPLAY\SAM7B0C\7&16b8ddb4&0&UID256","SAM7B0C"
"2026-09-16 18:40:29.698","DISPLAY\SAM7B0C\7&16b8ddb4&0&UID256","SAM7B0C"
"2026-09-16 18:41:33.414","DISPLAY\SAM7B0C\7&16b8ddb4&0&UID256","SAM7B0C"
"2026-09-16 18:42:17.463","DISPLAY\SAM7B0C\7&16b8ddb4&0&UID256","SAM7B0C"
"2026-09-16 18:43:02.722","DISPLAY\SAM7B0C\7&16b8ddb4&0&UID256","SAM7B0C"
"2026-09-16 18:43:03.078","DISPLAY\Default_Monitor\7&16b8ddb4&0&UID256","Default_Monitor"
"2026-09-16 18:43:57.368","DISPLAY\SAM7B0C\7&16b8ddb4&0&UID256","SAM7B0C"
"2026-09-16 18:46:27.506","DISPLAY\SAM7B0C\7&16b8ddb4&0&UID256","SAM7B0C"
"2026-09-16 18:47:11.475","DISPLAY\SAM7B0C\7&16b8ddb4&0&UID256","SAM7B0C"
"2026-09-16 18:47:11.831","DISPLAY\Default_Monitor\7&16b8ddb4&0&UID256","Default_Monitor"
"2026-09-16 18:47:53.321","DISPLAY\SAM7B0C\7&16b8ddb4&0&UID256","SAM7B0C"
"2026-09-16 18:48:41.167","DISPLAY\SAM7B0C\7&16b8ddb4&0&UID256","SAM7B0C"
"2026-09-16 18:50:09.025","DISPLAY\SAM7B0C\7&16b8ddb4&0&UID256","SAM7B0C"
"2026-09-16 18:50:52.469","DISPLAY\SAM7B0C\7&16b8ddb4&0&UID256","SAM7B0C"
"2026-09-16 18:50:52.823","DISPLAY\Default_Monitor\7&16b8ddb4&0&UID256","Default_Monitor"
"2026-09-16 18:53:53.631","DISPLAY\SAM7B0C\7&16b8ddb4&0&UID256","SAM7B0C"
"2026-09-16 18:54:37.644","DISPLAY\SAM7B0C\7&16b8ddb4&0&UID256","SAM7B0C"
"2026-09-16 18:56:02.639","DISPLAY\SAM7B0C\7&16b8ddb4&0&UID256","SAM7B0C"
"2026-09-16 18:57:28.630","DISPLAY\SAM7B0C\7&16b8ddb4&0&UID256","SAM7B0C"
"2026-09-16 18:57:28.987","DISPLAY\Default_Monitor\7&16b8ddb4&0&UID256","Default_Monitor"
"2026-09-16 18:58:12.438","DISPLAY\SAM7B0C\7&16b8ddb4&0&UID256","SAM7B0C"
"2026-09-16 18:58:12.694","DISPLAY\Default_Monitor\7&16b8ddb4&0&UID256","Default_Monitor"
"2026-09-16 19:03:02.876","DISPLAY\SAM7B0C\7&16b8ddb4&0&UID256","SAM7B0C"
"2026-09-16 19:03:03.231","DISPLAY\Default_Monitor\7&16b8ddb4&0&UID256","Default_Monitor"
"2026-09-16 19:04:28.294","DISPLAY\SAM7B0C\7&16b8ddb4&0&UID256","SAM7B0C"
"2026-09-16 19:04:28.635","DISPLAY\Default_Monitor\7&16b8ddb4&0&UID256","Default_Monitor"
"2026-09-16 19:05:33.972","DISPLAY\SAM7B0C\7&16b8ddb4&0&UID256","SAM7B0C"
"2026-09-16 19:06:17.903","DISPLAY\SAM7B0C\7&16b8ddb4&0&UID256","SAM7B0C"
"2026-09-16 19:07:03.899","DISPLAY\SAM7B0C\7&16b8ddb4&0&UID256","SAM7B0C"
"2026-09-16 19:07:04.241","DISPLAY\Default_Monitor\7&16b8ddb4&0&UID256","Default_Monitor"
"2026-09-16 19:08:09.605","DISPLAY\SAM7B0C\7&16b8ddb4&0&UID256","SAM7B0C"
"2026-09-16 19:09:03.253","DISPLAY\SAM7B0C\7&16b8ddb4&0&UID256","SAM7B0C"
"2026-09-16 19:09:03.497","DISPLAY\Default_Monitor\7&16b8ddb4&0&UID256","Default_Monitor"
"2026-09-16 19:10:14.430","DISPLAY\SAM7B0C\7&16b8ddb4&0&UID256","SAM7B0C"
"2026-09-16 19:10:14.671","DISPLAY\Default_Monitor\7&16b8ddb4&0&UID256","Default_Monitor"
"2026-09-16 19:10:58.593","DISPLAY\SAM7B0C\7&16b8ddb4&0&UID256","SAM7B0C"
"2026-09-16 19:10:58.850","DISPLAY\Default_Monitor\7&16b8ddb4&0&UID256","Default_Monitor"
"2026-09-16 19:11:44.585","DISPLAY\SAM7B0C\7&16b8ddb4&0&UID256","SAM7B0C"
"2026-09-16 19:11:44.940","DISPLAY\Default_Monitor\7&16b8ddb4&0&UID256","Default_Monitor"
"2026-09-16 19:12:28.594","DISPLAY\SAM7B0C\7&16b8ddb4&0&UID256","SAM7B0C"
"2026-09-16 19:12:28.952","DISPLAY\Default_Monitor\7&16b8ddb4&0&UID256","Default_Monitor"
"2026-09-16 19:13:15.640","DISPLAY\SAM7B0C\7&16b8ddb4&0&UID256","SAM7B0C"
"2026-09-16 19:14:09.318","DISPLAY\SAM7B0C\7&16b8ddb4&0&UID256","SAM7B0C"
"2026-09-16 19:14:09.660","DISPLAY\Default_Monitor\7&16b8ddb4&0&UID256","Default_Monitor"
"2026-09-16 19:14:51.681","DISPLAY\SAM7B0C\7&16b8ddb4&0&UID256","SAM7B0C"
"2026-09-16 19:15:35.142","DISPLAY\SAM7B0C\7&16b8ddb4&0&UID256","SAM7B0C"
"2026-09-16 19:16:16.697","DISPLAY\SAM7B0C\7&16b8ddb4&0&UID256","SAM7B0C"
"2026-09-16 19:17:05.085","DISPLAY\SAM7B0C\7&16b8ddb4&0&UID256","SAM7B0C"
"2026-09-16 19:17:05.442","DISPLAY\Default_Monitor\7&16b8ddb4&0&UID256","Default_Monitor"
"2026-09-16 19:17:48.830","DISPLAY\SAM7B0C\7&16b8ddb4&0&UID256","SAM7B0C"
"2026-09-16 19:19:54.872","DISPLAY\SAM7B0C\7&16b8ddb4&0&UID256","SAM7B0C"
"2026-09-16 19:19:54.898","DISPLAY\Default_Monitor\7&16b8ddb4&0&UID256","Default_Monitor"
"2026-09-16 19:20:38.465","DISPLAY\SAM7B0C\7&16b8ddb4&0&UID256","SAM7B0C"
"2026-09-16 19:21:26.356","DISPLAY\SAM7B0C\7&16b8ddb4&0&UID256","SAM7B0C"
"2026-09-16 19:22:09.659","DISPLAY\SAM7B0C\7&16b8ddb4&0&UID256","SAM7B0C"
"2026-09-16 19:22:56.218","DISPLAY\SAM7B0C\7&16b8ddb4&0&UID256","SAM7B0C"
"2026-09-16 19:22:56.571","DISPLAY\Default_Monitor\7&16b8ddb4&0&UID256","Default_Monitor"
"2026-09-16 19:23:40.425","DISPLAY\SAM7B0C\7&16b8ddb4&0&UID256","SAM7B0C"
"2026-09-16 19:23:40.783","DISPLAY\Default_Monitor\7&16b8ddb4&0&UID256","Default_Monitor"
"2026-09-16 19:24:22.527","DISPLAY\SAM7B0C\7&16b8ddb4&0&UID256","SAM7B0C"
"2026-09-16 19:24:22.896","DISPLAY\Default_Monitor\7&16b8ddb4&0&UID256","Default_Monitor"
"2026-09-16 19:25:09.859","DISPLAY\SAM7B0C\7&16b8ddb4&0&UID256","SAM7B0C"
"2026-09-16 19:25:10.199","DISPLAY\Default_Monitor\7&16b8ddb4&0&UID256","Default_Monitor"
"2026-09-16 19:25:53.776","DISPLAY\SAM7B0C\7&16b8ddb4&0&UID256","SAM7B0C"
"2026-09-16 19:25:54.132","DISPLAY\Default_Monitor\7&16b8ddb4&0&UID256","Default_Monitor"
"2026-09-16 19:26:34.768","DISPLAY\SAM7B0C\7&16b8ddb4&0&UID256","SAM7B0C"
"2026-09-16 19:27:23.818","DISPLAY\SAM7B0C\7&16b8ddb4&0&UID256","SAM7B0C"
"2026-09-16 19:28:07.785","DISPLAY\SAM7B0C\7&16b8ddb4&0&UID256","SAM7B0C"
"2026-09-16 19:28:49.697","DISPLAY\SAM7B0C\7&16b8ddb4&0&UID256","SAM7B0C"
"2026-09-16 19:29:37.804","DISPLAY\SAM7B0C\7&16b8ddb4&0&UID256","SAM7B0C"
"2026-09-16 19:30:21.800","DISPLAY\SAM7B0C\7&16b8ddb4&0&UID256","SAM7B0C"
"2026-09-16 19:31:06.035","DISPLAY\SAM7B0C\7&16b8ddb4&0&UID256","SAM7B0C"
"2026-09-16 19:36:01.763","DISPLAY\SAM7B0C\7&16b8ddb4&0&UID256","SAM7B0C"
"2026-09-16 19:37:16.823","DISPLAY\SAM7B0C\7&16b8ddb4&0&UID256","SAM7B0C"
"2026-09-16 19:38:10.351","DISPLAY\SAM7B0C\7&16b8ddb4&0&UID256","SAM7B0C"
"2026-09-16 19:38:10.375","DISPLAY\Default_Monitor\7&16b8ddb4&0&UID256","Default_Monitor"
"2026-09-16 19:45:01.798","DISPLAY\SAM7B0C\7&16b8ddb4&0&UID256","SAM7B0C"
"2026-09-16 19:46:06.849","DISPLAY\SAM7B0C\7&16b8ddb4&0&UID256","SAM7B0C"
"2026-09-16 19:46:50.846","DISPLAY\SAM7B0C\7&16b8ddb4&0&UID256","SAM7B0C"
"2026-09-16 19:47:36.117","DISPLAY\SAM7B0C\7&16b8ddb4&0&UID256","SAM7B0C"
"2026-09-16 19:47:36.471","DISPLAY\Default_Monitor\7&16b8ddb4&0&UID256","Default_Monitor"
"2026-09-16 19:48:30.901","DISPLAY\SAM7B0C\7&16b8ddb4&0&UID256","SAM7B0C"
"2026-09-16 19:49:14.683","DISPLAY\SAM7B0C\7&16b8ddb4&0&UID256","SAM7B0C"
"2026-09-16 19:49:56.750","DISPLAY\SAM7B0C\7&16b8ddb4&0&UID256","SAM7B0C"
"2026-09-16 19:49:57.093","DISPLAY\Default_Monitor\7&16b8ddb4&0&UID256","Default_Monitor"
"2026-09-16 19:50:44.754","DISPLAY\SAM7B0C\7&16b8ddb4&0&UID256","SAM7B0C"
"2026-09-16 19:50:44.778","DISPLAY\Default_Monitor\7&16b8ddb4&0&UID256","Default_Monitor"
"2026-09-16 19:51:28.912","DISPLAY\SAM7B0C\7&16b8ddb4&0&UID256","SAM7B0C"
"2026-09-16 19:52:06.345","DISPLAY\SAM7B0C\7&16b8ddb4&0&UID256","SAM7B0C"
"2026-09-16 19:52:06.901","DISPLAY\Default_Monitor\7&16b8ddb4&0&UID256","Default_Monitor"
"2026-09-16 19:53:08.627","DISPLAY\SAM7B0C\7&16b8ddb4&0&UID256","SAM7B0C"
"2026-09-16 19:54:02.212","DISPLAY\SAM7B0C\7&16b8ddb4&0&UID256","SAM7B0C"
"2026-09-16 20:03:11.218","DISPLAY\SAM7B0C\7&16b8ddb4&0&UID256","SAM7B0C"
"2026-09-16 20:03:54.992","DISPLAY\SAM7B0C\7&16b8ddb4&0&UID256","SAM7B0C"
"2026-09-16 20:04:36.866","DISPLAY\SAM7B0C\7&16b8ddb4&0&UID256","SAM7B0C"
"2026-09-16 20:05:36.982","DISPLAY\SAM7B0C\7&16b8ddb4&0&UID256","SAM7B0C"
"2026-09-16 20:06:29.312","DISPLAY\SAM7B0C\7&16b8ddb4&0&UID256","SAM7B0C"
"2026-09-16 20:06:29.667","DISPLAY\Default_Monitor\7&16b8ddb4&0&UID256","Default_Monitor"
"2026-09-16 20:07:20.384","DISPLAY\SAM7B0C\7&16b8ddb4&0&UID256","SAM7B0C"
"2026-09-16 20:08:04.005","DISPLAY\SAM7B0C\7&16b8ddb4&0&UID256","SAM7B0C"
"2026-09-16 20:08:43.068","DISPLAY\SAM7B0C\7&16b8ddb4&0&UID256","SAM7B0C"
"2026-09-16 20:09:33.874","DISPLAY\SAM7B0C\7&16b8ddb4&0&UID256","SAM7B0C"
"2026-09-16 20:10:38.040","DISPLAY\SAM7B0C\7&16b8ddb4&0&UID256","SAM7B0C"
"2026-09-16 20:10:38.378","DISPLAY\Default_Monitor\7&16b8ddb4&0&UID256","Default_Monitor"
"2026-09-16 20:11:36.558","DISPLAY\SAM7B0C\7&16b8ddb4&0&UID256","SAM7B0C"
"2026-09-16 20:12:21.617","DISPLAY\SAM7B0C\7&16b8ddb4&0&UID256","SAM7B0C"
"2026-09-16 20:13:06.574","DISPLAY\SAM7B0C\7&16b8ddb4&0&UID256","SAM7B0C"
"2026-09-16 20:13:06.813","DISPLAY\Default_Monitor\7&16b8ddb4&0&UID256","Default_Monitor"
"2026-09-16 20:13:51.717","DISPLAY\SAM7B0C\7&16b8ddb4&0&UID256","SAM7B0C"
"2026-09-16 20:14:36.788","DISPLAY\SAM7B0C\7&16b8ddb4&0&UID256","SAM7B0C"
"2026-09-16 20:14:37.146","DISPLAY\Default_Monitor\7&16b8ddb4&0&UID256","Default_Monitor"
"2026-09-16 20:15:21.784","DISPLAY\SAM7B0C\7&16b8ddb4&0&UID256","SAM7B0C"
"2026-09-16 20:16:26.756","DISPLAY\SAM7B0C\7&16b8ddb4&0&UID256","SAM7B0C"
"2026-09-16 20:17:36.858","DISPLAY\SAM7B0C\7&16b8ddb4&0&UID256","SAM7B0C"
"2026-09-16 20:18:20.917","DISPLAY\SAM7B0C\7&16b8ddb4&0&UID256","SAM7B0C"
"2026-09-16 20:18:20.943","DISPLAY\Default_Monitor\7&16b8ddb4&0&UID256","Default_Monitor"
"2026-09-16 20:19:07.071","DISPLAY\SAM7B0C\7&16b8ddb4&0&UID256","SAM7B0C"
"2026-09-16 20:20:01.139","DISPLAY\SAM7B0C\7&16b8ddb4&0&UID256","SAM7B0C"
"2026-09-16 20:20:01.481","DISPLAY\Default_Monitor\7&16b8ddb4&0&UID256","Default_Monitor"
"2026-09-16 20:20:50.489","DISPLAY\SAM7B0C\7&16b8ddb4&0&UID256","SAM7B0C"
"2026-09-16 20:21:34.128","DISPLAY\SAM7B0C\7&16b8ddb4&0&UID256","SAM7B0C"
"2026-09-16 20:22:38.676","DISPLAY\SAM7B0C\7&16b8ddb4&0&UID256","SAM7B0C"
"2026-09-16 20:23:36.728","DISPLAY\SAM7B0C\7&16b8ddb4&0&UID256","SAM7B0C"
"2026-09-16 20:23:37.083","DISPLAY\Default_Monitor\7&16b8ddb4&0&UID256","Default_Monitor"
"2026-09-16 20:24:42.817","DISPLAY\SAM7B0C\7&16b8ddb4&0&UID256","SAM7B0C"
"2026-09-16 20:25:27.057","DISPLAY\SAM7B0C\7&16b8ddb4&0&UID256","SAM7B0C"
"2026-09-16 20:26:36.840","DISPLAY\SAM7B0C\7&16b8ddb4&0&UID256","SAM7B0C"
"2026-09-16 20:26:37.081","DISPLAY\Default_Monitor\7&16b8ddb4&0&UID256","Default_Monitor"
"2026-09-16 20:27:20.834","DISPLAY\SAM7B0C\7&16b8ddb4&0&UID256","SAM7B0C"
"2026-09-16 20:28:06.918","DISPLAY\SAM7B0C\7&16b8ddb4&0&UID256","SAM7B0C"
"2026-09-16 20:28:50.988","DISPLAY\SAM7B0C\7&16b8ddb4&0&UID256","SAM7B0C"
"2026-09-16 20:29:37.230","DISPLAY\SAM7B0C\7&16b8ddb4&0&UID256","SAM7B0C"
"2026-09-16 20:30:21.302","DISPLAY\SAM7B0C\7&16b8ddb4&0&UID256","SAM7B0C"
"2026-09-16 20:30:21.659","DISPLAY\Default_Monitor\7&16b8ddb4&0&UID256","Default_Monitor"
"2026-09-16 20:31:20.951","DISPLAY\SAM7B0C\7&16b8ddb4&0&UID256","SAM7B0C"
"2026-09-16 20:32:04.346","DISPLAY\SAM7B0C\7&16b8ddb4&0&UID256","SAM7B0C"
"2026-09-16 20:33:14.547","DISPLAY\SAM7B0C\7&16b8ddb4&0&UID256","SAM7B0C"
"2026-09-16 20:34:06.182","DISPLAY\SAM79DF\7&16b8ddb4&0&UID260","SAM79DF"
"2026-09-16 20:34:06.183","DISPLAY\SAM7B0C\7&16b8ddb4&0&UID256","SAM7B0C"
"2026-09-16 20:58:45.407","DISPLAY\SAM79DF\7&16b8ddb4&0&UID260","SAM79DF"
"2026-09-16 23:08:52.472","DISPLAY\SAM79DF\7&16b8ddb4&0&UID260","SAM79DF"
"2026-09-16 23:08:52.626","DISPLAY\SAM7B0C\7&16b8ddb4&0&UID256","SAM7B0C"
"2026-09-17 10:59:52.666","DISPLAY\SAM79DF\7&16b8ddb4&0&UID260","SAM79DF"
"2026-09-17 11:55:57.884","DISPLAY\SAM79DF\7&16b8ddb4&0&UID260","SAM79DF"
"2026-09-17 11:55:58.143","DISPLAY\SAM7B0C\7&16b8ddb4&0&UID256","SAM7B0C"
"2026-09-17 11:56:41.647","DISPLAY\SAM7B0C\7&16b8ddb4&0&UID256","SAM7B0C"
"2026-09-17 11:57:22.640","DISPLAY\SAM7B0C\7&16b8ddb4&0&UID256","SAM7B0C"
"2026-09-17 11:58:14.855","DISPLAY\SAM7B0C\7&16b8ddb4&0&UID256","SAM7B0C"
"2026-09-17 11:58:58.378","DISPLAY\SAM7B0C\7&16b8ddb4&0&UID256","SAM7B0C"
"2026-09-17 11:58:58.730","DISPLAY\Default_Monitor\7&16b8ddb4&0&UID256","Default_Monitor"
"2026-09-17 11:59:40.053","DISPLAY\SAM7B0C\7&16b8ddb4&0&UID256","SAM7B0C"
"2026-09-17 12:00:21.492","DISPLAY\SAM7B0C\7&16b8ddb4&0&UID256","SAM7B0C"
"2026-09-17 12:00:21.830","DISPLAY\Default_Monitor\7&16b8ddb4&0&UID256","Default_Monitor"
"2026-09-17 12:01:15.463","DISPLAY\SAM7B0C\7&16b8ddb4&0&UID256","SAM7B0C"
"2026-09-17 12:01:15.819","DISPLAY\Default_Monitor\7&16b8ddb4&0&UID256","Default_Monitor"
"2026-09-17 12:01:56.545","DISPLAY\SAM7B0C\7&16b8ddb4&0&UID256","SAM7B0C"
"2026-09-17 12:02:50.321","DISPLAY\SAM7B0C\7&16b8ddb4&0&UID256","SAM7B0C"
"2026-09-17 12:02:50.673","DISPLAY\Default_Monitor\7&16b8ddb4&0&UID256","Default_Monitor"
"2026-09-17 12:03:39.963","DISPLAY\SAM7B0C\7&16b8ddb4&0&UID256","SAM7B0C"
"2026-09-17 12:04:23.427","DISPLAY\SAM7B0C\7&16b8ddb4&0&UID256","SAM7B0C"
"2026-09-17 12:05:09.960","DISPLAY\SAM7B0C\7&16b8ddb4&0&UID256","SAM7B0C"
"2026-09-17 12:05:53.730","DISPLAY\SAM7B0C\7&16b8ddb4&0&UID256","SAM7B0C"
"2026-09-17 12:05:53.983","DISPLAY\Default_Monitor\7&16b8ddb4&0&UID256","Default_Monitor"
"2026-09-17 12:07:03.882","DISPLAY\SAM7B0C\7&16b8ddb4&0&UID256","SAM7B0C"
"2026-09-17 12:07:04.137","DISPLAY\Default_Monitor\7&16b8ddb4&0&UID256","Default_Monitor"
"2026-09-17 12:07:47.689","DISPLAY\SAM7B0C\7&16b8ddb4&0&UID256","SAM7B0C"
"2026-09-17 12:07:48.044","DISPLAY\Default_Monitor\7&16b8ddb4&0&UID256","Default_Monitor"
"2026-09-17 12:08:32.448","DISPLAY\SAM7B0C\7&16b8ddb4&0&UID256","SAM7B0C"
"2026-09-17 12:09:17.377","DISPLAY\SAM7B0C\7&16b8ddb4&0&UID256","SAM7B0C"
"2026-09-17 12:09:17.714","DISPLAY\Default_Monitor\7&16b8ddb4&0&UID256","Default_Monitor"
"2026-09-17 12:10:02.285","DISPLAY\SAM7B0C\7&16b8ddb4&0&UID256","SAM7B0C"
"2026-09-17 12:10:02.623","DISPLAY\Default_Monitor\7&16b8ddb4&0&UID256","Default_Monitor"
"2026-09-17 12:10:43.943","DISPLAY\SAM7B0C\7&16b8ddb4&0&UID256","SAM7B0C"
"2026-09-17 12:11:27.901","DISPLAY\SAM7B0C\7&16b8ddb4&0&UID256","SAM7B0C"
"2026-09-17 12:12:09.470","DISPLAY\SAM7B0C\7&16b8ddb4&0&UID256","SAM7B0C"
"2026-09-17 12:12:50.887","DISPLAY\SAM7B0C\7&16b8ddb4&0&UID256","SAM7B0C"
"2026-09-17 12:12:51.241","DISPLAY\Default_Monitor\7&16b8ddb4&0&UID256","Default_Monitor"
"2026-09-17 12:13:34.878","DISPLAY\SAM7B0C\7&16b8ddb4&0&UID256","SAM7B0C"
"2026-09-17 12:13:35.230","DISPLAY\Default_Monitor\7&16b8ddb4&0&UID256","Default_Monitor"
"2026-09-17 12:14:20.717","DISPLAY\SAM7B0C\7&16b8ddb4&0&UID256","SAM7B0C"
"2026-09-17 12:14:53.237","DISPLAY\SAM79DF\7&16b8ddb4&0&UID260","SAM79DF"
"2026-09-17 13:02:34.122","DISPLAY\SAM7B0C\7&16b8ddb4&0&UID256","SAM7B0C"
"2026-09-17 13:02:34.123","DISPLAY\SAM79DF\7&16b8ddb4&0&UID260","SAM79DF"
"2026-09-17 13:03:34.067","DISPLAY\SAM7B0C\7&16b8ddb4&0&UID256","SAM7B0C"
"2026-09-17 13:04:18.076","DISPLAY\SAM7B0C\7&16b8ddb4&0&UID256","SAM7B0C"
"2026-09-17 13:04:18.432","DISPLAY\Default_Monitor\7&16b8ddb4&0&UID256","Default_Monitor"
"2026-09-17 13:05:04.051","DISPLAY\SAM7B0C\7&16b8ddb4&0&UID256","SAM7B0C"
"2026-09-17 13:05:48.093","DISPLAY\SAM7B0C\7&16b8ddb4&0&UID256","SAM7B0C"
"2026-09-17 13:05:48.348","DISPLAY\Default_Monitor\7&16b8ddb4&0&UID256","Default_Monitor"
"2026-09-17 13:06:34.092","DISPLAY\SAM7B0C\7&16b8ddb4&0&UID256","SAM7B0C"
"2026-09-17 13:07:17.896","DISPLAY\SAM7B0C\7&16b8ddb4&0&UID256","SAM7B0C"
"2026-09-17 13:07:18.267","DISPLAY\Default_Monitor\7&16b8ddb4&0&UID256","Default_Monitor"
"2026-09-17 13:08:04.106","DISPLAY\SAM7B0C\7&16b8ddb4&0&UID256","SAM7B0C"
"2026-09-17 13:08:04.130","DISPLAY\Default_Monitor\7&16b8ddb4&0&UID256","Default_Monitor"
"2026-09-17 13:08:48.047","DISPLAY\SAM7B0C\7&16b8ddb4&0&UID256","SAM7B0C"
"2026-09-17 13:08:48.434","DISPLAY\Default_Monitor\7&16b8ddb4&0&UID256","Default_Monitor"
"2026-09-17 13:09:33.890","DISPLAY\SAM7B0C\7&16b8ddb4&0&UID256","SAM7B0C"
"2026-09-17 13:10:18.015","DISPLAY\SAM7B0C\7&16b8ddb4&0&UID256","SAM7B0C"
"2026-09-17 13:11:04.064","DISPLAY\SAM7B0C\7&16b8ddb4&0&UID256","SAM7B0C"
"2026-09-17 13:11:48.062","DISPLAY\SAM7B0C\7&16b8ddb4&0&UID256","SAM7B0C"
"2026-09-17 13:12:34.137","DISPLAY\SAM7B0C\7&16b8ddb4&0&UID256","SAM7B0C"
"2026-09-17 13:12:34.491","DISPLAY\Default_Monitor\7&16b8ddb4&0&UID256","Default_Monitor"
"2026-09-17 13:13:17.943","DISPLAY\SAM7B0C\7&16b8ddb4&0&UID256","SAM7B0C"
"2026-09-17 13:14:04.132","DISPLAY\SAM7B0C\7&16b8ddb4&0&UID256","SAM7B0C"
"2026-09-17 13:14:48.074","DISPLAY\SAM7B0C\7&16b8ddb4&0&UID256","SAM7B0C"
"2026-09-17 13:15:34.143","DISPLAY\SAM7B0C\7&16b8ddb4&0&UID256","SAM7B0C"
"2026-09-17 13:16:18.120","DISPLAY\SAM7B0C\7&16b8ddb4&0&UID256","SAM7B0C"
"2026-09-17 13:17:04.182","DISPLAY\SAM7B0C\7&16b8ddb4&0&UID256","SAM7B0C"
"2026-09-17 13:17:48.180","DISPLAY\SAM7B0C\7&16b8ddb4&0&UID256","SAM7B0C"
"2026-09-17 13:18:34.176","DISPLAY\SAM7B0C\7&16b8ddb4&0&UID256","SAM7B0C"
"2026-09-17 13:18:34.530","DISPLAY\Default_Monitor\7&16b8ddb4&0&UID256","Default_Monitor"
"2026-09-17 13:19:18.037","DISPLAY\SAM7B0C\7&16b8ddb4&0&UID256","SAM7B0C"
"2026-09-17 13:19:18.290","DISPLAY\Default_Monitor\7&16b8ddb4&0&UID256","Default_Monitor"
"2026-09-17 13:21:23.686","DISPLAY\SAM7B0C\7&16b8ddb4&0&UID256","SAM7B0C"
"2026-09-17 13:21:24.057","DISPLAY\Default_Monitor\7&16b8ddb4&0&UID256","Default_Monitor"
"2026-09-17 13:22:18.256","DISPLAY\SAM7B0C\7&16b8ddb4&0&UID256","SAM7B0C"
"2026-09-17 13:23:07.253","DISPLAY\SAM7B0C\7&16b8ddb4&0&UID256","SAM7B0C"
"2026-09-17 13:23:07.606","DISPLAY\Default_Monitor\7&16b8ddb4&0&UID256","Default_Monitor"
"2026-09-17 13:23:53.674","DISPLAY\SAM7B0C\7&16b8ddb4&0&UID256","SAM7B0C"
"2026-09-17 13:24:33.942","DISPLAY\SAM7B0C\7&16b8ddb4&0&UID256","SAM7B0C"
"2026-09-17 13:24:34.314","DISPLAY\Default_Monitor\7&16b8ddb4&0&UID256","Default_Monitor"
"2026-09-17 13:25:21.256","DISPLAY\SAM7B0C\7&16b8ddb4&0&UID256","SAM7B0C"
"2026-09-17 13:26:04.264","DISPLAY\SAM7B0C\7&16b8ddb4&0&UID256","SAM7B0C"
"2026-09-17 13:27:23.677","DISPLAY\SAM7B0C\7&16b8ddb4&0&UID256","SAM7B0C"
"2026-09-17 13:27:24.034","DISPLAY\Default_Monitor\7&16b8ddb4&0&UID256","Default_Monitor"
"2026-09-17 13:28:17.821","DISPLAY\SAM7B0C\7&16b8ddb4&0&UID256","SAM7B0C"
"2026-09-17 13:28:18.077","DISPLAY\Default_Monitor\7&16b8ddb4&0&UID256","Default_Monitor"
"2026-09-17 13:29:07.291","DISPLAY\SAM7B0C\7&16b8ddb4&0&UID256","SAM7B0C"
"2026-09-17 13:29:07.545","DISPLAY\Default_Monitor\7&16b8ddb4&0&UID256","Default_Monitor"
"2026-09-17 13:29:51.243","DISPLAY\SAM7B0C\7&16b8ddb4&0&UID256","SAM7B0C"
"2026-09-17 13:29:51.615","DISPLAY\Default_Monitor\7&16b8ddb4&0&UID256","Default_Monitor"
"2026-09-17 13:30:34.251","DISPLAY\SAM7B0C\7&16b8ddb4&0&UID256","SAM7B0C"
"2026-09-17 13:31:21.247","DISPLAY\SAM7B0C\7&16b8ddb4&0&UID256","SAM7B0C"
"2026-09-17 13:32:04.054","DISPLAY\SAM7B0C\7&16b8ddb4&0&UID256","SAM7B0C"
"2026-09-17 13:32:04.410","DISPLAY\Default_Monitor\7&16b8ddb4&0&UID256","Default_Monitor"
"2026-09-17 13:32:51.265","DISPLAY\SAM7B0C\7&16b8ddb4&0&UID256","SAM7B0C"
"2026-09-17 13:32:51.519","DISPLAY\Default_Monitor\7&16b8ddb4&0&UID256","Default_Monitor"
"2026-09-17 13:33:34.022","DISPLAY\SAM7B0C\7&16b8ddb4&0&UID256","SAM7B0C"
"2026-09-17 13:34:21.262","DISPLAY\SAM7B0C\7&16b8ddb4&0&UID256","SAM7B0C"
"2026-09-17 13:35:04.249","DISPLAY\SAM7B0C\7&16b8ddb4&0&UID256","SAM7B0C"
"2026-09-17 13:35:51.258","DISPLAY\SAM7B0C\7&16b8ddb4&0&UID256","SAM7B0C"
"2026-09-17 13:35:51.613","DISPLAY\Default_Monitor\7&16b8ddb4&0&UID256","Default_Monitor"
"2026-09-17 13:36:34.293","DISPLAY\SAM7B0C\7&16b8ddb4&0&UID256","SAM7B0C"
"2026-09-17 13:37:21.056","DISPLAY\SAM7B0C\7&16b8ddb4&0&UID256","SAM7B0C"
"2026-09-17 13:38:04.245","DISPLAY\SAM7B0C\7&16b8ddb4&0&UID256","SAM7B0C"
"2026-09-17 13:38:51.301","DISPLAY\SAM7B0C\7&16b8ddb4&0&UID256","SAM7B0C"
"2026-09-17 13:39:34.070","DISPLAY\SAM7B0C\7&16b8ddb4&0&UID256","SAM7B0C"
"2026-09-17 13:39:34.426","DISPLAY\Default_Monitor\7&16b8ddb4&0&UID256","Default_Monitor"
"2026-09-17 13:40:21.428","DISPLAY\SAM7B0C\7&16b8ddb4&0&UID256","SAM7B0C"
"2026-09-17 13:41:04.088","DISPLAY\SAM7B0C\7&16b8ddb4&0&UID256","SAM7B0C"
"2026-09-17 13:41:51.432","DISPLAY\SAM7B0C\7&16b8ddb4&0&UID256","SAM7B0C"
"2026-09-17 13:42:34.429","DISPLAY\SAM7B0C\7&16b8ddb4&0&UID256","SAM7B0C"
"2026-09-17 13:43:21.301","DISPLAY\SAM7B0C\7&16b8ddb4&0&UID256","SAM7B0C"
"2026-09-17 13:44:03.988","DISPLAY\SAM7B0C\7&16b8ddb4&0&UID256","SAM7B0C"
"2026-09-17 13:44:51.380","DISPLAY\SAM7B0C\7&16b8ddb4&0&UID256","SAM7B0C"
"2026-09-17 13:44:51.753","DISPLAY\Default_Monitor\7&16b8ddb4&0&UID256","Default_Monitor"
"2026-09-17 13:45:33.879","DISPLAY\SAM7B0C\7&16b8ddb4&0&UID256","SAM7B0C"
"2026-09-17 13:46:21.404","DISPLAY\SAM7B0C\7&16b8ddb4&0&UID256","SAM7B0C"
"2026-09-17 13:46:21.758","DISPLAY\Default_Monitor\7&16b8ddb4&0&UID256","Default_Monitor"
"2026-09-17 13:47:04.248","DISPLAY\SAM7B0C\7&16b8ddb4&0&UID256","SAM7B0C"
"2026-09-17 13:47:51.569","DISPLAY\SAM7B0C\7&16b8ddb4&0&UID256","SAM7B0C"
"2026-09-17 13:48:34.549","DISPLAY\SAM7B0C\7&16b8ddb4&0&UID256","SAM7B0C"
"2026-09-17 13:49:21.799","DISPLAY\SAM7B0C\7&16b8ddb4&0&UID256","SAM7B0C"
"2026-09-17 13:50:04.839","DISPLAY\SAM7B0C\7&16b8ddb4&0&UID256","SAM7B0C"
"2026-09-17 13:51:44.720","DISPLAY\SAM7B0C\7&16b8ddb4&0&UID256","SAM7B0C"
"2026-09-17 13:52:43.468","DISPLAY\SAM7B0C\7&16b8ddb4&0&UID256","SAM7B0C"
"2026-09-17 13:52:43.855","DISPLAY\Default_Monitor\7&16b8ddb4&0&UID256","Default_Monitor"
"2026-09-17 13:53:44.863","DISPLAY\SAM7B0C\7&16b8ddb4&0&UID256","SAM7B0C"
"2026-09-17 13:54:34.634","DISPLAY\SAM7B0C\7&16b8ddb4&0&UID256","SAM7B0C"
"2026-09-17 13:55:15.812","DISPLAY\SAM7B0C\7&16b8ddb4&0&UID256","SAM7B0C"
"2026-09-17 13:55:16.083","DISPLAY\Default_Monitor\7&16b8ddb4&0&UID256","Default_Monitor"
"2026-09-17 13:56:44.497","DISPLAY\SAM7B0C\7&16b8ddb4&0&UID256","SAM7B0C"
"2026-09-17 13:57:44.579","DISPLAY\SAM7B0C\7&16b8ddb4&0&UID256","SAM7B0C"
"2026-09-17 13:57:44.968","DISPLAY\Default_Monitor\7&16b8ddb4&0&UID256","Default_Monitor"
"2026-09-17 13:58:53.783","DISPLAY\SAM7B0C\7&16b8ddb4&0&UID256","SAM7B0C"
"2026-09-17 13:58:54.056","DISPLAY\Default_Monitor\7&16b8ddb4&0&UID256","Default_Monitor"
"2026-09-17 13:59:38.065","DISPLAY\SAM7B0C\7&16b8ddb4&0&UID256","SAM7B0C"
"2026-09-17 14:00:37.939","DISPLAY\SAM7B0C\7&16b8ddb4&0&UID256","SAM7B0C"
"2026-09-17 14:01:21.425","DISPLAY\SAM7B0C\7&16b8ddb4&0&UID256","SAM7B0C"
"2026-09-17 14:02:04.116","DISPLAY\SAM7B0C\7&16b8ddb4&0&UID256","SAM7B0C"
"2026-09-17 14:02:04.455","DISPLAY\Default_Monitor\7&16b8ddb4&0&UID256","Default_Monitor"
"2026-09-17 14:02:51.428","DISPLAY\SAM7B0C\7&16b8ddb4&0&UID256","SAM7B0C"
"2026-09-17 14:03:35.062","DISPLAY\SAM7B0C\7&16b8ddb4&0&UID256","SAM7B0C"
"2026-09-17 14:03:35.466","DISPLAY\Default_Monitor\7&16b8ddb4&0&UID256","Default_Monitor"
"2026-09-17 14:04:15.725","DISPLAY\SAM7B0C\7&16b8ddb4&0&UID256","SAM7B0C"
"2026-09-17 14:05:16.062","DISPLAY\SAM7B0C\7&16b8ddb4&0&UID256","SAM7B0C"
"2026-09-17 14:05:16.416","DISPLAY\Default_Monitor\7&16b8ddb4&0&UID256","Default_Monitor"
"2026-09-17 14:06:34.085","DISPLAY\SAM7B0C\7&16b8ddb4&0&UID256","SAM7B0C"
"2026-09-17 14:06:34.373","DISPLAY\Default_Monitor\7&16b8ddb4&0&UID256","Default_Monitor"
"2026-09-17 14:07:18.001","DISPLAY\SAM7B0C\7&16b8ddb4&0&UID256","SAM7B0C"
"2026-09-17 14:08:44.751","DISPLAY\SAM7B0C\7&16b8ddb4&0&UID256","SAM7B0C"
"2026-09-17 14:08:45.104","DISPLAY\Default_Monitor\7&16b8ddb4&0&UID256","Default_Monitor"
"2026-09-17 14:09:44.671","DISPLAY\SAM7B0C\7&16b8ddb4&0&UID256","SAM7B0C"
"2026-09-17 14:11:04.773","DISPLAY\SAM7B0C\7&16b8ddb4&0&UID256","SAM7B0C"
"2026-09-17 14:11:04.800","DISPLAY\Default_Monitor\7&16b8ddb4&0&UID256","Default_Monitor"
"2026-09-17 14:11:48.716","DISPLAY\SAM7B0C\7&16b8ddb4&0&UID256","SAM7B0C"
"2026-09-17 14:12:34.061","DISPLAY\SAM7B0C\7&16b8ddb4&0&UID256","SAM7B0C"
"2026-09-17 14:13:18.651","DISPLAY\SAM7B0C\7&16b8ddb4&0&UID256","SAM7B0C"
"2026-09-17 14:14:04.057","DISPLAY\SAM7B0C\7&16b8ddb4&0&UID256","SAM7B0C"
"2026-09-17 14:15:13.960","DISPLAY\SAM7B0C\7&16b8ddb4&0&UID256","SAM7B0C"
"2026-09-17 14:16:15.082","DISPLAY\SAM7B0C\7&16b8ddb4&0&UID256","SAM7B0C"
"2026-09-17 14:17:04.103","DISPLAY\SAM7B0C\7&16b8ddb4&0&UID256","SAM7B0C"
"2026-09-17 14:17:45.859","DISPLAY\SAM7B0C\7&16b8ddb4&0&UID256","SAM7B0C"
"2026-09-17 14:17:46.146","DISPLAY\Default_Monitor\7&16b8ddb4&0&UID256","Default_Monitor"
"2026-09-17 14:18:34.101","DISPLAY\SAM7B0C\7&16b8ddb4&0&UID256","SAM7B0C"
"2026-09-17 14:18:34.455","DISPLAY\Default_Monitor\7&16b8ddb4&0&UID256","Default_Monitor"
"2026-09-17 14:19:44.041","DISPLAY\SAM7B0C\7&16b8ddb4&0&UID256","SAM7B0C"
"2026-09-17 14:19:44.343","DISPLAY\Default_Monitor\7&16b8ddb4&0&UID256","Default_Monitor"
"2026-09-17 14:20:34.352","DISPLAY\SAM7B0C\7&16b8ddb4&0&UID256","SAM7B0C"
"2026-09-17 14:21:15.341","DISPLAY\SAM7B0C\7&16b8ddb4&0&UID256","SAM7B0C"
"2026-09-17 14:21:15.679","DISPLAY\Default_Monitor\7&16b8ddb4&0&UID256","Default_Monitor"
"2026-09-17 14:22:04.369","DISPLAY\SAM7B0C\7&16b8ddb4&0&UID256","SAM7B0C"
"2026-09-17 14:22:04.674","DISPLAY\Default_Monitor\7&16b8ddb4&0&UID256","Default_Monitor"
"2026-09-17 14:23:04.337","DISPLAY\SAM7B0C\7&16b8ddb4&0&UID256","SAM7B0C"
"2026-09-17 14:23:51.144","DISPLAY\SAM7B0C\7&16b8ddb4&0&UID256","SAM7B0C"
"2026-09-17 14:24:34.106","DISPLAY\SAM7B0C\7&16b8ddb4&0&UID256","SAM7B0C"
"2026-09-17 14:25:18.103","DISPLAY\SAM7B0C\7&16b8ddb4&0&UID256","SAM7B0C"
"2026-09-17 14:26:04.113","DISPLAY\SAM7B0C\7&16b8ddb4&0&UID256","SAM7B0C"
"2026-09-17 14:26:48.273","DISPLAY\SAM7B0C\7&16b8ddb4&0&UID256","SAM7B0C"
"2026-09-17 14:27:34.402","DISPLAY\SAM7B0C\7&16b8ddb4&0&UID256","SAM7B0C"
"2026-09-17 14:28:18.218","DISPLAY\SAM7B0C\7&16b8ddb4&0&UID256","SAM7B0C"
"2026-09-17 14:29:04.285","DISPLAY\SAM7B0C\7&16b8ddb4&0&UID256","SAM7B0C"
"2026-09-17 14:29:04.591","DISPLAY\Default_Monitor\7&16b8ddb4&0&UID256","Default_Monitor"
"2026-09-17 14:29:48.282","DISPLAY\SAM7B0C\7&16b8ddb4&0&UID256","SAM7B0C"
"2026-09-17 14:30:34.387","DISPLAY\SAM7B0C\7&16b8ddb4&0&UID256","SAM7B0C"
"2026-09-17 14:30:34.690","DISPLAY\Default_Monitor\7&16b8ddb4&0&UID256","Default_Monitor"
"2026-09-17 14:31:18.309","DISPLAY\SAM7B0C\7&16b8ddb4&0&UID256","SAM7B0C"
"2026-09-17 14:32:04.423","DISPLAY\SAM7B0C\7&16b8ddb4&0&UID256","SAM7B0C"
"2026-09-17 14:32:48.322","DISPLAY\SAM7B0C\7&16b8ddb4&0&UID256","SAM7B0C"
"2026-09-17 14:32:48.661","DISPLAY\Default_Monitor\7&16b8ddb4&0&UID256","Default_Monitor"
"2026-09-17 14:33:48.450","DISPLAY\SAM7B0C\7&16b8ddb4&0&UID256","SAM7B0C"
"2026-09-17 14:34:54.045","DISPLAY\SAM7B0C\7&16b8ddb4&0&UID256","SAM7B0C"
"2026-09-17 14:35:37.518","DISPLAY\SAM7B0C\7&16b8ddb4&0&UID256","SAM7B0C"
"2026-09-17 14:36:48.086","DISPLAY\SAM7B0C\7&16b8ddb4&0&UID256","SAM7B0C"
"2026-09-17 14:37:53.986","DISPLAY\SAM7B0C\7&16b8ddb4&0&UID256","SAM7B0C"
"2026-09-17 14:39:23.937","DISPLAY\SAM7B0C\7&16b8ddb4&0&UID256","SAM7B0C"
"2026-09-17 14:39:24.291","DISPLAY\Default_Monitor\7&16b8ddb4&0&UID256","Default_Monitor"
"2026-09-17 14:40:08.290","DISPLAY\SAM7B0C\7&16b8ddb4&0&UID256","SAM7B0C"
"2026-09-17 14:40:08.626","DISPLAY\Default_Monitor\7&16b8ddb4&0&UID256","Default_Monitor"
"2026-09-17 14:41:08.557","DISPLAY\SAM7B0C\7&16b8ddb4&0&UID256","SAM7B0C"
"2026-09-17 14:41:52.534","DISPLAY\SAM7B0C\7&16b8ddb4&0&UID256","SAM7B0C"
"2026-09-17 14:42:34.288","DISPLAY\SAM7B0C\7&16b8ddb4&0&UID256","SAM7B0C"
"2026-09-17 14:43:22.541","DISPLAY\SAM7B0C\7&16b8ddb4&0&UID256","SAM7B0C"
"2026-09-17 14:44:06.487","DISPLAY\SAM7B0C\7&16b8ddb4&0&UID256","SAM7B0C"
"2026-09-17 14:44:45.545","DISPLAY\SAM7B0C\7&16b8ddb4&0&UID256","SAM7B0C"
"2026-09-17 14:44:45.900","DISPLAY\Default_Monitor\7&16b8ddb4&0&UID256","Default_Monitor"
"2026-09-17 14:45:36.424","DISPLAY\SAM7B0C\7&16b8ddb4&0&UID256","SAM7B0C"
"2026-09-17 14:46:20.383","DISPLAY\SAM7B0C\7&16b8ddb4&0&UID256","SAM7B0C"
"2026-09-17 14:47:04.543","DISPLAY\SAM7B0C\7&16b8ddb4&0&UID256","SAM7B0C"
"2026-09-17 14:47:50.509","DISPLAY\SAM7B0C\7&16b8ddb4&0&UID256","SAM7B0C"
"2026-09-17 14:47:50.829","DISPLAY\Default_Monitor\7&16b8ddb4&0&UID256","Default_Monitor"
"2026-09-17 14:48:34.423","DISPLAY\SAM7B0C\7&16b8ddb4&0&UID256","SAM7B0C"
"2026-09-17 14:49:20.595","DISPLAY\SAM7B0C\7&16b8ddb4&0&UID256","SAM7B0C"
"2026-09-17 14:49:20.948","DISPLAY\Default_Monitor\7&16b8ddb4&0&UID256","Default_Monitor"
"2026-09-17 14:50:04.264","DISPLAY\SAM7B0C\7&16b8ddb4&0&UID256","SAM7B0C"
"2026-09-17 14:50:50.492","DISPLAY\SAM7B0C\7&16b8ddb4&0&UID256","SAM7B0C"
"2026-09-17 14:51:34.680","DISPLAY\SAM7B0C\7&16b8ddb4&0&UID256","SAM7B0C"
"2026-09-17 14:52:19.933","DISPLAY\SAM7B0C\7&16b8ddb4&0&UID256","SAM7B0C"
"2026-09-17 14:53:04.366","DISPLAY\SAM7B0C\7&16b8ddb4&0&UID256","SAM7B0C"
"2026-09-17 14:53:04.686","DISPLAY\Default_Monitor\7&16b8ddb4&0&UID256","Default_Monitor"
"2026-09-17 14:53:50.544","DISPLAY\SAM7B0C\7&16b8ddb4&0&UID256","SAM7B0C"
"2026-09-17 14:54:34.707","DISPLAY\SAM7B0C\7&16b8ddb4&0&UID256","SAM7B0C"
"2026-09-17 14:55:20.697","DISPLAY\SAM7B0C\7&16b8ddb4&0&UID256","SAM7B0C"
"2026-09-17 14:55:21.051","DISPLAY\Default_Monitor\7&16b8ddb4&0&UID256","Default_Monitor"
"2026-09-17 14:56:04.685","DISPLAY\SAM7B0C\7&16b8ddb4&0&UID256","SAM7B0C"
"2026-09-17 14:56:50.705","DISPLAY\SAM7B0C\7&16b8ddb4&0&UID256","SAM7B0C"
"2026-09-17 14:56:51.045","DISPLAY\Default_Monitor\7&16b8ddb4&0&UID256","Default_Monitor"
"2026-09-17 14:57:34.619","DISPLAY\SAM7B0C\7&16b8ddb4&0&UID256","SAM7B0C"
"2026-09-17 14:58:20.687","DISPLAY\SAM7B0C\7&16b8ddb4&0&UID256","SAM7B0C"
"2026-09-17 14:59:04.169","DISPLAY\SAM7B0C\7&16b8ddb4&0&UID256","SAM7B0C"
"2026-09-17 14:59:50.710","DISPLAY\SAM7B0C\7&16b8ddb4&0&UID256","SAM7B0C"
"2026-09-17 15:00:34.491","DISPLAY\SAM7B0C\7&16b8ddb4&0&UID256","SAM7B0C"
"2026-09-17 15:01:20.684","DISPLAY\SAM7B0C\7&16b8ddb4&0&UID256","SAM7B0C"
"2026-09-17 15:01:21.037","DISPLAY\Default_Monitor\7&16b8ddb4&0&UID256","Default_Monitor"
"2026-09-17 15:02:04.755","DISPLAY\SAM7B0C\7&16b8ddb4&0&UID256","SAM7B0C"
"2026-09-17 15:02:50.754","DISPLAY\SAM7B0C\7&16b8ddb4&0&UID256","SAM7B0C"
"2026-09-17 15:03:34.276","DISPLAY\SAM7B0C\7&16b8ddb4&0&UID256","SAM7B0C"
"2026-09-17 15:04:20.673","DISPLAY\SAM7B0C\7&16b8ddb4&0&UID256","SAM7B0C"
"2026-09-17 15:05:04.548","DISPLAY\SAM7B0C\7&16b8ddb4&0&UID256","SAM7B0C"
"2026-09-17 15:06:34.862","DISPLAY\SAM7B0C\7&16b8ddb4&0&UID256","SAM7B0C"
"2026-09-17 15:07:18.543","DISPLAY\SAM7B0C\7&16b8ddb4&0&UID256","SAM7B0C"
"2026-09-17 15:08:04.777","DISPLAY\SAM7B0C\7&16b8ddb4&0&UID256","SAM7B0C"
"2026-09-17 15:08:48.739","DISPLAY\SAM7B0C\7&16b8ddb4&0&UID256","SAM7B0C"
"2026-09-17 15:09:34.207","DISPLAY\SAM7B0C\7&16b8ddb4&0&UID256","SAM7B0C"
"2026-09-17 15:09:34.544","DISPLAY\Default_Monitor\7&16b8ddb4&0&UID256","Default_Monitor"
"2026-09-17 15:10:18.354","DISPLAY\SAM7B0C\7&16b8ddb4&0&UID256","SAM7B0C"
"2026-09-17 15:11:04.192","DISPLAY\SAM7B0C\7&16b8ddb4&0&UID256","SAM7B0C"
"2026-09-17 15:11:48.652","DISPLAY\SAM7B0C\7&16b8ddb4&0&UID256","SAM7B0C"
"2026-09-17 15:11:49.006","DISPLAY\Default_Monitor\7&16b8ddb4&0&UID256","Default_Monitor"
"2026-09-17 15:12:49.010","DISPLAY\SAM7B0C\7&16b8ddb4&0&UID256","SAM7B0C"
"2026-09-17 15:14:05.017","DISPLAY\SAM7B0C\7&16b8ddb4&0&UID256","SAM7B0C"
"2026-09-17 15:14:48.582","DISPLAY\SAM7B0C\7&16b8ddb4&0&UID256","SAM7B0C"
"2026-09-17 15:15:48.774","DISPLAY\SAM7B0C\7&16b8ddb4&0&UID256","SAM7B0C"
"2026-09-17 15:17:04.348","DISPLAY\SAM7B0C\7&16b8ddb4&0&UID256","SAM7B0C"
"2026-09-17 15:17:04.702","DISPLAY\Default_Monitor\7&16b8ddb4&0&UID256","Default_Monitor"
"2026-09-17 15:17:48.272","DISPLAY\SAM7B0C\7&16b8ddb4&0&UID256","SAM7B0C"
"2026-09-17 15:17:48.627","DISPLAY\Default_Monitor\7&16b8ddb4&0&UID256","Default_Monitor"
"2026-09-17 15:18:34.266","DISPLAY\SAM7B0C\7&16b8ddb4&0&UID256","SAM7B0C"
"2026-09-17 15:19:18.291","DISPLAY\SAM7B0C\7&16b8ddb4&0&UID256","SAM7B0C"
"2026-09-17 15:20:04.292","DISPLAY\SAM7B0C\7&16b8ddb4&0&UID256","SAM7B0C"
"2026-09-17 15:20:48.262","DISPLAY\SAM7B0C\7&16b8ddb4&0&UID256","SAM7B0C"
"2026-09-17 15:21:48.263","DISPLAY\SAM7B0C\7&16b8ddb4&0&UID256","SAM7B0C"
"2026-09-17 15:21:48.620","DISPLAY\Default_Monitor\7&16b8ddb4&0&UID256","Default_Monitor"
"2026-09-17 15:23:14.914","DISPLAY\SAM7B0C\7&16b8ddb4&0&UID256","SAM7B0C"
"2026-09-17 15:24:34.294","DISPLAY\SAM7B0C\7&16b8ddb4&0&UID256","SAM7B0C"
"2026-09-17 15:26:45.263","DISPLAY\SAM7B0C\7&16b8ddb4&0&UID256","SAM7B0C"
"2026-09-17 15:27:34.276","DISPLAY\SAM7B0C\7&16b8ddb4&0&UID256","SAM7B0C"
"2026-09-17 15:29:04.286","DISPLAY\SAM7B0C\7&16b8ddb4&0&UID256","SAM7B0C"
"2026-09-17 15:29:04.643","DISPLAY\Default_Monitor\7&16b8ddb4&0&UID256","Default_Monitor"
"2026-09-17 15:29:48.286","DISPLAY\SAM7B0C\7&16b8ddb4&0&UID256","SAM7B0C"
"2026-09-17 15:30:34.310","DISPLAY\SAM7B0C\7&16b8ddb4&0&UID256","SAM7B0C"
"2026-09-17 15:32:04.315","DISPLAY\SAM7B0C\7&16b8ddb4&0&UID256","SAM7B0C"
"2026-09-17 15:32:48.264","DISPLAY\SAM7B0C\7&16b8ddb4&0&UID256","SAM7B0C"
"2026-09-17 15:32:48.617","DISPLAY\Default_Monitor\7&16b8ddb4&0&UID256","Default_Monitor"
"2026-09-17 15:33:34.291","DISPLAY\SAM7B0C\7&16b8ddb4&0&UID256","SAM7B0C"
"2026-09-17 15:34:18.275","DISPLAY\SAM7B0C\7&16b8ddb4&0&UID256","SAM7B0C"
"2026-09-17 15:35:04.271","DISPLAY\SAM7B0C\7&16b8ddb4&0&UID256","SAM7B0C"
"2026-09-17 15:35:48.261","DISPLAY\SAM7B0C\7&16b8ddb4&0&UID256","SAM7B0C"
"2026-09-17 15:36:34.298","DISPLAY\SAM7B0C\7&16b8ddb4&0&UID256","SAM7B0C"
"2026-09-17 15:37:18.304","DISPLAY\SAM7B0C\7&16b8ddb4&0&UID256","SAM7B0C"
"2026-09-17 15:38:04.274","DISPLAY\SAM7B0C\7&16b8ddb4&0&UID256","SAM7B0C"
"2026-09-17 15:38:48.284","DISPLAY\SAM7B0C\7&16b8ddb4&0&UID256","SAM7B0C"
"2026-09-17 15:39:34.295","DISPLAY\SAM7B0C\7&16b8ddb4&0&UID256","SAM7B0C"
"2026-09-17 15:39:34.634","DISPLAY\Default_Monitor\7&16b8ddb4&0&UID256","Default_Monitor"
"2026-09-17 15:40:18.275","DISPLAY\SAM7B0C\7&16b8ddb4&0&UID256","SAM7B0C"
"2026-09-17 15:40:18.630","DISPLAY\Default_Monitor\7&16b8ddb4&0&UID256","Default_Monitor"
"2026-09-17 15:41:04.142","DISPLAY\SAM7B0C\7&16b8ddb4&0&UID256","SAM7B0C"
"2026-09-17 15:41:04.512","DISPLAY\Default_Monitor\7&16b8ddb4&0&UID256","Default_Monitor"
"2026-09-17 15:41:48.469","DISPLAY\SAM7B0C\7&16b8ddb4&0&UID256","SAM7B0C"
"2026-09-17 15:41:48.826","DISPLAY\Default_Monitor\7&16b8ddb4&0&UID256","Default_Monitor"
"2026-09-17 15:42:34.451","DISPLAY\SAM7B0C\7&16b8ddb4&0&UID256","SAM7B0C"
"2026-09-17 15:43:18.460","DISPLAY\SAM7B0C\7&16b8ddb4&0&UID256","SAM7B0C"
"2026-09-17 15:44:04.484","DISPLAY\SAM7B0C\7&16b8ddb4&0&UID256","SAM7B0C"
"2026-09-17 15:44:48.519","DISPLAY\SAM7B0C\7&16b8ddb4&0&UID256","SAM7B0C"
"2026-09-17 15:45:35.978","DISPLAY\SAM7B0C\7&16b8ddb4&0&UID256","SAM7B0C"
"2026-09-17 15:46:20.035","DISPLAY\SAM7B0C\7&16b8ddb4&0&UID256","SAM7B0C"
"2026-09-17 15:47:05.913","DISPLAY\SAM7B0C\7&16b8ddb4&0&UID256","SAM7B0C"
"2026-09-17 15:47:06.282","DISPLAY\Default_Monitor\7&16b8ddb4&0&UID256","Default_Monitor"
"2026-09-17 15:47:50.159","DISPLAY\SAM7B0C\7&16b8ddb4&0&UID256","SAM7B0C"
"2026-09-17 15:48:50.150","DISPLAY\SAM7B0C\7&16b8ddb4&0&UID256","SAM7B0C"
"2026-09-17 15:50:05.808","DISPLAY\SAM7B0C\7&16b8ddb4&0&UID256","SAM7B0C"
"2026-09-17 15:50:50.137","DISPLAY\SAM7B0C\7&16b8ddb4&0&UID256","SAM7B0C"
"2026-09-17 15:51:36.186","DISPLAY\SAM7B0C\7&16b8ddb4&0&UID256","SAM7B0C"
"2026-09-17 15:53:05.692","DISPLAY\SAM7B0C\7&16b8ddb4&0&UID256","SAM7B0C"
"2026-09-17 15:53:49.225","DISPLAY\SAM7B0C\7&16b8ddb4&0&UID256","SAM7B0C"
"2026-09-17 15:54:36.010","DISPLAY\SAM7B0C\7&16b8ddb4&0&UID256","SAM7B0C"
"2026-09-17 15:54:36.364","DISPLAY\Default_Monitor\7&16b8ddb4&0&UID256","Default_Monitor"
"2026-09-17 15:55:20.107","DISPLAY\SAM7B0C\7&16b8ddb4&0&UID256","SAM7B0C"
"2026-09-17 15:56:06.025","DISPLAY\SAM7B0C\7&16b8ddb4&0&UID256","SAM7B0C"
"2026-09-17 15:56:06.393","DISPLAY\Default_Monitor\7&16b8ddb4&0&UID256","Default_Monitor"
"2026-09-17 15:56:50.039","DISPLAY\SAM7B0C\7&16b8ddb4&0&UID256","SAM7B0C"
"2026-09-17 15:56:50.410","DISPLAY\Default_Monitor\7&16b8ddb4&0&UID256","Default_Monitor"
"2026-09-17 15:57:36.418","DISPLAY\SAM7B0C\7&16b8ddb4&0&UID256","SAM7B0C"
"2026-09-17 15:58:20.372","DISPLAY\SAM7B0C\7&16b8ddb4&0&UID256","SAM7B0C"
"2026-09-17 15:59:05.766","DISPLAY\SAM7B0C\7&16b8ddb4&0&UID256","SAM7B0C"
"2026-09-17 16:06:02.187","DISPLAY\SAM7B0C\7&16b8ddb4&0&UID256","SAM7B0C"
"2026-09-17 16:06:02.301","DISPLAY\SAM79DF\7&16b8ddb4&0&UID260","SAM79DF"
"2026-09-17 16:31:16.915","DISPLAY\SAM79DF\7&16b8ddb4&0&UID260","SAM79DF"
"2026-09-17 16:31:36.591","DISPLAY\SAM7B0C\7&16b8ddb4&0&UID256","SAM7B0C"
"2026-09-17 16:32:16.788","DISPLAY\SAM7B0C\7&16b8ddb4&0&UID256","SAM7B0C"
"2026-09-17 16:33:05.821","DISPLAY\SAM7B0C\7&16b8ddb4&0&UID256","SAM7B0C"
"2026-09-17 16:33:47.091","DISPLAY\SAM7B0C\7&16b8ddb4&0&UID256","SAM7B0C"
"2026-09-17 16:34:46.115","DISPLAY\SAM7B0C\7&16b8ddb4&0&UID256","SAM7B0C"
"2026-09-17 16:35:35.821","DISPLAY\SAM7B0C\7&16b8ddb4&0&UID256","SAM7B0C"
"2026-09-17 16:36:16.544","DISPLAY\SAM7B0C\7&16b8ddb4&0&UID256","SAM7B0C"
"2026-09-17 16:36:16.569","DISPLAY\Default_Monitor\7&16b8ddb4&0&UID256","Default_Monitor"
"2026-09-17 16:37:05.821","DISPLAY\SAM7B0C\7&16b8ddb4&0&UID256","SAM7B0C"
"2026-09-17 16:38:05.820","DISPLAY\SAM7B0C\7&16b8ddb4&0&UID256","SAM7B0C"
"2026-09-17 16:39:05.876","DISPLAY\SAM7B0C\7&16b8ddb4&0&UID256","SAM7B0C"
"2026-09-17 16:40:05.770","DISPLAY\SAM7B0C\7&16b8ddb4&0&UID256","SAM7B0C"
"2026-09-17 16:40:49.404","DISPLAY\SAM7B0C\7&16b8ddb4&0&UID256","SAM7B0C"
"2026-09-17 16:41:35.800","DISPLAY\SAM7B0C\7&16b8ddb4&0&UID256","SAM7B0C"
"2026-09-17 16:42:35.719","DISPLAY\SAM7B0C\7&16b8ddb4&0&UID256","SAM7B0C"
"2026-09-17 16:42:36.074","DISPLAY\Default_Monitor\7&16b8ddb4&0&UID256","Default_Monitor"
"2026-09-17 16:43:19.841","DISPLAY\SAM7B0C\7&16b8ddb4&0&UID256","SAM7B0C"
"2026-09-17 16:43:20.212","DISPLAY\Default_Monitor\7&16b8ddb4&0&UID256","Default_Monitor"
"2026-09-17 16:44:35.862","DISPLAY\SAM7B0C\7&16b8ddb4&0&UID256","SAM7B0C"
"2026-09-17 16:44:36.133","DISPLAY\Default_Monitor\7&16b8ddb4&0&UID256","Default_Monitor"
"2026-09-17 16:45:35.839","DISPLAY\SAM7B0C\7&16b8ddb4&0&UID256","SAM7B0C"
"2026-09-17 16:46:19.323","DISPLAY\SAM7B0C\7&16b8ddb4&0&UID256","SAM7B0C"
"2026-09-17 16:47:46.662","DISPLAY\SAM7B0C\7&16b8ddb4&0&UID256","SAM7B0C"
"2026-09-17 16:48:35.915","DISPLAY\SAM7B0C\7&16b8ddb4&0&UID256","SAM7B0C"
"2026-09-17 16:49:17.427","DISPLAY\SAM7B0C\7&16b8ddb4&0&UID256","SAM7B0C"
"2026-09-17 16:50:05.829","DISPLAY\SAM7B0C\7&16b8ddb4&0&UID256","SAM7B0C"
"2026-09-17 16:50:46.644","DISPLAY\SAM7B0C\7&16b8ddb4&0&UID256","SAM7B0C"
"2026-09-17 16:50:47.067","DISPLAY\Default_Monitor\7&16b8ddb4&0&UID256","Default_Monitor"
"2026-09-17 16:51:35.887","DISPLAY\SAM7B0C\7&16b8ddb4&0&UID256","SAM7B0C"
"2026-09-17 16:52:17.600","DISPLAY\SAM7B0C\7&16b8ddb4&0&UID256","SAM7B0C"
"2026-09-17 16:53:05.743","DISPLAY\SAM7B0C\7&16b8ddb4&0&UID256","SAM7B0C"
"2026-09-17 16:53:47.275","DISPLAY\SAM7B0C\7&16b8ddb4&0&UID256","SAM7B0C"
"2026-09-17 16:54:35.970","DISPLAY\SAM7B0C\7&16b8ddb4&0&UID256","SAM7B0C"
"2026-09-17 16:55:17.537","DISPLAY\SAM7B0C\7&16b8ddb4&0&UID256","SAM7B0C"
"2026-09-17 16:56:05.970","DISPLAY\SAM7B0C\7&16b8ddb4&0&UID256","SAM7B0C"
"2026-09-17 16:57:05.837","DISPLAY\SAM7B0C\7&16b8ddb4&0&UID256","SAM7B0C"
"2026-09-17 16:58:16.031","DISPLAY\SAM7B0C\7&16b8ddb4&0&UID256","SAM7B0C"
"2026-09-17 16:59:06.020","DISPLAY\SAM7B0C\7&16b8ddb4&0&UID256","SAM7B0C"
"2026-09-17 16:59:47.550","DISPLAY\SAM7B0C\7&16b8ddb4&0&UID256","SAM7B0C"
"2026-09-17 17:00:35.960","DISPLAY\SAM7B0C\7&16b8ddb4&0&UID256","SAM7B0C"
"2026-09-17 17:00:36.317","DISPLAY\Default_Monitor\7&16b8ddb4&0&UID256","Default_Monitor"
"2026-09-17 17:01:16.991","DISPLAY\SAM7B0C\7&16b8ddb4&0&UID256","SAM7B0C"
"2026-09-17 17:02:05.916","DISPLAY\SAM7B0C\7&16b8ddb4&0&UID256","SAM7B0C"
"2026-09-17 17:02:06.288","DISPLAY\Default_Monitor\7&16b8ddb4&0&UID256","Default_Monitor"
"2026-09-17 17:02:47.032","DISPLAY\SAM7B0C\7&16b8ddb4&0&UID256","SAM7B0C"
"2026-09-17 17:02:47.408","DISPLAY\Default_Monitor\7&16b8ddb4&0&UID256","Default_Monitor"
"2026-09-17 17:03:35.803","DISPLAY\SAM7B0C\7&16b8ddb4&0&UID256","SAM7B0C"
"2026-09-17 17:04:16.604","DISPLAY\SAM7B0C\7&16b8ddb4&0&UID256","SAM7B0C"
"2026-09-17 17:05:05.679","DISPLAY\SAM7B0C\7&16b8ddb4&0&UID256","SAM7B0C"
"2026-09-17 17:05:06.050","DISPLAY\Default_Monitor\7&16b8ddb4&0&UID256","Default_Monitor"
"2026-09-17 17:05:46.769","DISPLAY\SAM7B0C\7&16b8ddb4&0&UID256","SAM7B0C"
"2026-09-17 17:06:46.130","DISPLAY\SAM7B0C\7&16b8ddb4&0&UID256","SAM7B0C"
"2026-09-17 17:07:36.185","DISPLAY\SAM7B0C\7&16b8ddb4&0&UID256","SAM7B0C"
"2026-09-17 17:08:17.091","DISPLAY\SAM7B0C\7&16b8ddb4&0&UID256","SAM7B0C"
"2026-09-17 17:09:05.835","DISPLAY\SAM7B0C\7&16b8ddb4&0&UID256","SAM7B0C"
"2026-09-17 17:09:46.583","DISPLAY\SAM7B0C\7&16b8ddb4&0&UID256","SAM7B0C"
"2026-09-17 17:09:46.839","DISPLAY\Default_Monitor\7&16b8ddb4&0&UID256","Default_Monitor"
"2026-09-17 17:10:35.829","DISPLAY\SAM7B0C\7&16b8ddb4&0&UID256","SAM7B0C"
"2026-09-17 17:11:46.366","DISPLAY\SAM7B0C\7&16b8ddb4&0&UID256","SAM7B0C"
"2026-09-17 17:12:35.664","DISPLAY\SAM7B0C\7&16b8ddb4&0&UID256","SAM7B0C"
"2026-09-17 17:13:17.338","DISPLAY\SAM7B0C\7&16b8ddb4&0&UID256","SAM7B0C"
"2026-09-17 17:13:57.325","DISPLAY\SAM7B0C\7&16b8ddb4&0&UID256","SAM7B0C"
"2026-09-17 17:13:57.442","DISPLAY\SAM79DF\7&16b8ddb4&0&UID260","SAM79DF"
"2026-09-17 17:24:14.941","DISPLAY\SAM79DF\7&16b8ddb4&0&UID260","SAM79DF"
"2026-09-17 17:34:36.165","DISPLAY\SAM79DF\7&16b8ddb4&0&UID260","SAM79DF"
"2026-09-17 17:34:36.439","DISPLAY\SAM7B0C\7&16b8ddb4&0&UID256","SAM7B0C"
"2026-09-17 17:34:51.874","DISPLAY\SAM79DF\7&16b8ddb4&0&UID260","SAM79DF"
"2026-09-17 17:34:51.875","DISPLAY\SAM7B0C\7&16b8ddb4&0&UID256","SAM7B0C"
"2026-09-17 17:35:36.350","DISPLAY\SAM7B0C\7&16b8ddb4&0&UID256","SAM7B0C"
"2026-09-17 17:36:36.328","DISPLAY\SAM7B0C\7&16b8ddb4&0&UID256","SAM7B0C"
"2026-09-17 17:37:17.372","DISPLAY\SAM7B0C\7&16b8ddb4&0&UID256","SAM7B0C"
"2026-09-17 17:37:17.722","DISPLAY\Default_Monitor\7&16b8ddb4&0&UID256","Default_Monitor"
"2026-09-17 17:38:06.046","DISPLAY\SAM7B0C\7&16b8ddb4&0&UID256","SAM7B0C"
"2026-09-17 17:38:47.268","DISPLAY\SAM7B0C\7&16b8ddb4&0&UID256","SAM7B0C"
"2026-09-17 17:39:46.492","DISPLAY\SAM7B0C\7&16b8ddb4&0&UID256","SAM7B0C"
"2026-09-17 17:39:46.850","DISPLAY\Default_Monitor\7&16b8ddb4&0&UID256","Default_Monitor"
"2026-09-17 17:40:36.260","DISPLAY\SAM7B0C\7&16b8ddb4&0&UID256","SAM7B0C"
"2026-09-17 17:40:36.512","DISPLAY\Default_Monitor\7&16b8ddb4&0&UID256","Default_Monitor"
"2026-09-17 17:41:36.063","DISPLAY\SAM7B0C\7&16b8ddb4&0&UID256","SAM7B0C"
"2026-09-17 17:42:17.387","DISPLAY\SAM7B0C\7&16b8ddb4&0&UID256","SAM7B0C"
"2026-09-17 17:42:17.741","DISPLAY\Default_Monitor\7&16b8ddb4&0&UID256","Default_Monitor"
"2026-09-17 17:43:16.441","DISPLAY\SAM7B0C\7&16b8ddb4&0&UID256","SAM7B0C"
"2026-09-17 17:44:15.769","DISPLAY\SAM7B0C\7&16b8ddb4&0&UID256","SAM7B0C"
"2026-09-17 17:45:16.535","DISPLAY\SAM7B0C\7&16b8ddb4&0&UID256","SAM7B0C"
"2026-09-17 17:46:05.930","DISPLAY\SAM7B0C\7&16b8ddb4&0&UID256","SAM7B0C"
"2026-09-17 17:46:47.355","DISPLAY\SAM7B0C\7&16b8ddb4&0&UID256","SAM7B0C"
"2026-09-17 17:47:46.582","DISPLAY\SAM7B0C\7&16b8ddb4&0&UID256","SAM7B0C"
"2026-09-17 17:48:35.724","DISPLAY\SAM7B0C\7&16b8ddb4&0&UID256","SAM7B0C"
"2026-09-17 17:48:35.994","DISPLAY\Default_Monitor\7&16b8ddb4&0&UID256","Default_Monitor"
"2026-09-17 17:49:16.636","DISPLAY\SAM7B0C\7&16b8ddb4&0&UID256","SAM7B0C"
"2026-09-17 17:50:05.701","DISPLAY\SAM7B0C\7&16b8ddb4&0&UID256","SAM7B0C"
"2026-09-17 17:50:06.072","DISPLAY\Default_Monitor\7&16b8ddb4&0&UID256","Default_Monitor"
"2026-09-17 17:50:46.688","DISPLAY\SAM7B0C\7&16b8ddb4&0&UID256","SAM7B0C"
"2026-09-17 17:50:47.058","DISPLAY\Default_Monitor\7&16b8ddb4&0&UID256","Default_Monitor"
"2026-09-17 17:51:35.775","DISPLAY\SAM7B0C\7&16b8ddb4&0&UID256","SAM7B0C"
"2026-09-17 17:51:36.026","DISPLAY\Default_Monitor\7&16b8ddb4&0&UID256","Default_Monitor"
"2026-09-17 17:52:16.724","DISPLAY\SAM7B0C\7&16b8ddb4&0&UID256","SAM7B0C"
"2026-09-17 17:52:17.080","DISPLAY\Default_Monitor\7&16b8ddb4&0&UID256","Default_Monitor"
"2026-09-17 17:53:05.811","DISPLAY\SAM7B0C\7&16b8ddb4&0&UID256","SAM7B0C"
"2026-09-17 17:53:47.646","DISPLAY\SAM7B0C\7&16b8ddb4&0&UID256","SAM7B0C"
"2026-09-17 17:54:35.828","DISPLAY\SAM7B0C\7&16b8ddb4&0&UID256","SAM7B0C"
"2026-09-17 17:55:35.878","DISPLAY\SAM7B0C\7&16b8ddb4&0&UID256","SAM7B0C"
"2026-09-17 17:55:36.231","DISPLAY\Default_Monitor\7&16b8ddb4&0&UID256","Default_Monitor"
"2026-09-17 17:56:16.870","DISPLAY\SAM7B0C\7&16b8ddb4&0&UID256","SAM7B0C"
"2026-09-17 17:57:05.921","DISPLAY\SAM7B0C\7&16b8ddb4&0&UID256","SAM7B0C"
"2026-09-17 17:57:06.275","DISPLAY\Default_Monitor\7&16b8ddb4&0&UID256","Default_Monitor"
"2026-09-17 17:57:46.931","DISPLAY\SAM7B0C\7&16b8ddb4&0&UID256","SAM7B0C"
"2026-09-17 17:57:47.268","DISPLAY\Default_Monitor\7&16b8ddb4&0&UID256","Default_Monitor"
"2026-09-17 17:58:35.700","DISPLAY\SAM7B0C\7&16b8ddb4&0&UID256","SAM7B0C"
"2026-09-17 17:58:35.971","DISPLAY\Default_Monitor\7&16b8ddb4&0&UID256","Default_Monitor"
"2026-09-17 17:59:36.041","DISPLAY\SAM7B0C\7&16b8ddb4&0&UID256","SAM7B0C"
"2026-09-17 18:00:36.032","DISPLAY\SAM7B0C\7&16b8ddb4&0&UID256","SAM7B0C"
"2026-09-17 18:00:36.369","DISPLAY\Default_Monitor\7&16b8ddb4&0&UID256","Default_Monitor"
"2026-09-17 18:01:17.069","DISPLAY\SAM7B0C\7&16b8ddb4&0&UID256","SAM7B0C"
"2026-09-17 18:01:17.323","DISPLAY\Default_Monitor\7&16b8ddb4&0&UID256","Default_Monitor"
"2026-09-17 18:02:05.776","DISPLAY\SAM7B0C\7&16b8ddb4&0&UID256","SAM7B0C"
"2026-09-17 18:02:06.131","DISPLAY\Default_Monitor\7&16b8ddb4&0&UID256","Default_Monitor"
"2026-09-17 18:02:47.317","DISPLAY\SAM7B0C\7&16b8ddb4&0&UID256","SAM7B0C"
"2026-09-17 18:03:36.060","DISPLAY\SAM7B0C\7&16b8ddb4&0&UID256","SAM7B0C"
"2026-09-17 18:03:36.415","DISPLAY\Default_Monitor\7&16b8ddb4&0&UID256","Default_Monitor"
"2026-09-17 18:04:17.044","DISPLAY\SAM7B0C\7&16b8ddb4&0&UID256","SAM7B0C"
"2026-09-17 18:05:06.051","DISPLAY\SAM7B0C\7&16b8ddb4&0&UID256","SAM7B0C"
"2026-09-17 18:06:06.026","DISPLAY\SAM7B0C\7&16b8ddb4&0&UID256","SAM7B0C"
"2026-09-17 18:06:46.894","DISPLAY\SAM7B0C\7&16b8ddb4&0&UID256","SAM7B0C"
"2026-09-17 18:07:35.825","DISPLAY\SAM7B0C\7&16b8ddb4&0&UID256","SAM7B0C"
"2026-09-17 18:08:17.116","DISPLAY\SAM7B0C\7&16b8ddb4&0&UID256","SAM7B0C"
"2026-09-17 18:09:05.674","DISPLAY\SAM7B0C\7&16b8ddb4&0&UID256","SAM7B0C"
"2026-09-17 18:09:47.110","DISPLAY\SAM7B0C\7&16b8ddb4&0&UID256","SAM7B0C"
"2026-09-17 18:10:46.098","DISPLAY\SAM7B0C\7&16b8ddb4&0&UID256","SAM7B0C"
"2026-09-17 18:11:35.940","DISPLAY\SAM7B0C\7&16b8ddb4&0&UID256","SAM7B0C"
"2026-09-17 18:12:16.758","DISPLAY\SAM7B0C\7&16b8ddb4&0&UID256","SAM7B0C"
"2026-09-17 18:13:05.910","DISPLAY\SAM7B0C\7&16b8ddb4&0&UID256","SAM7B0C"
"2026-09-17 18:13:05.934","DISPLAY\Default_Monitor\7&16b8ddb4&0&UID256","Default_Monitor"
"2026-09-17 18:13:47.444","DISPLAY\SAM7B0C\7&16b8ddb4&0&UID256","SAM7B0C"
"2026-09-17 18:14:36.029","DISPLAY\SAM7B0C\7&16b8ddb4&0&UID256","SAM7B0C"
"2026-09-17 18:15:16.779","DISPLAY\SAM7B0C\7&16b8ddb4&0&UID256","SAM7B0C"
"2026-09-17 18:16:16.098","DISPLAY\SAM7B0C\7&16b8ddb4&0&UID256","SAM7B0C"
"2026-09-17 18:16:16.122","DISPLAY\Default_Monitor\7&16b8ddb4&0&UID256","Default_Monitor"
"2026-09-17 18:17:06.097","DISPLAY\SAM7B0C\7&16b8ddb4&0&UID256","SAM7B0C"
"2026-09-17 18:17:06.351","DISPLAY\Default_Monitor\7&16b8ddb4&0&UID256","Default_Monitor"
"2026-09-17 18:17:47.162","DISPLAY\SAM7B0C\7&16b8ddb4&0&UID256","SAM7B0C"
"2026-09-17 18:17:47.417","DISPLAY\Default_Monitor\7&16b8ddb4&0&UID256","Default_Monitor"
"2026-09-17 18:18:35.900","DISPLAY\SAM7B0C\7&16b8ddb4&0&UID256","SAM7B0C"
"2026-09-17 18:19:16.942","DISPLAY\SAM7B0C\7&16b8ddb4&0&UID256","SAM7B0C"
"2026-09-17 18:19:17.312","DISPLAY\Default_Monitor\7&16b8ddb4&0&UID256","Default_Monitor"
"2026-09-17 18:20:06.065","DISPLAY\SAM7B0C\7&16b8ddb4&0&UID256","SAM7B0C"
"2026-09-17 18:20:06.320","DISPLAY\Default_Monitor\7&16b8ddb4&0&UID256","Default_Monitor"
"2026-09-17 18:20:47.232","DISPLAY\SAM7B0C\7&16b8ddb4&0&UID256","SAM7B0C"
"2026-09-17 18:21:35.879","DISPLAY\SAM7B0C\7&16b8ddb4&0&UID256","SAM7B0C"
"2026-09-17 18:22:36.297","DISPLAY\SAM7B0C\7&16b8ddb4&0&UID256","SAM7B0C"
"2026-09-17 18:22:36.652","DISPLAY\Default_Monitor\7&16b8ddb4&0&UID256","Default_Monitor"
"2026-09-17 18:23:17.308","DISPLAY\SAM7B0C\7&16b8ddb4&0&UID256","SAM7B0C"
"2026-09-17 18:24:05.722","DISPLAY\SAM7B0C\7&16b8ddb4&0&UID256","SAM7B0C"
"2026-09-17 18:24:46.979","DISPLAY\SAM7B0C\7&16b8ddb4&0&UID256","SAM7B0C"
"2026-09-17 18:24:47.333","DISPLAY\Default_Monitor\7&16b8ddb4&0&UID256","Default_Monitor"
"2026-09-17 18:25:35.757","DISPLAY\SAM7B0C\7&16b8ddb4&0&UID256","SAM7B0C"
"2026-09-17 18:25:36.096","DISPLAY\Default_Monitor\7&16b8ddb4&0&UID256","Default_Monitor"
"2026-09-17 18:26:16.846","DISPLAY\SAM7B0C\7&16b8ddb4&0&UID256","SAM7B0C"
"2026-09-17 18:26:17.202","DISPLAY\Default_Monitor\7&16b8ddb4&0&UID256","Default_Monitor"
"2026-09-17 18:27:05.922","DISPLAY\SAM7B0C\7&16b8ddb4&0&UID256","SAM7B0C"
"2026-09-17 18:27:47.443","DISPLAY\SAM7B0C\7&16b8ddb4&0&UID256","SAM7B0C"
"2026-09-17 18:27:47.798","DISPLAY\Default_Monitor\7&16b8ddb4&0&UID256","Default_Monitor"
"2026-09-17 18:28:46.200","DISPLAY\SAM7B0C\7&16b8ddb4&0&UID256","SAM7B0C"
"2026-09-17 18:29:36.115","DISPLAY\SAM7B0C\7&16b8ddb4&0&UID256","SAM7B0C"
"2026-09-17 18:30:36.541","DISPLAY\SAM7B0C\7&16b8ddb4&0&UID256","SAM7B0C"
"2026-09-17 18:30:36.812","DISPLAY\Default_Monitor\7&16b8ddb4&0&UID256","Default_Monitor"
"2026-09-17 18:31:17.538","DISPLAY\SAM7B0C\7&16b8ddb4&0&UID256","SAM7B0C"
"2026-09-17 18:32:16.585","DISPLAY\SAM7B0C\7&16b8ddb4&0&UID256","SAM7B0C"
"2026-09-17 18:33:05.667","DISPLAY\SAM7B0C\7&16b8ddb4&0&UID256","SAM7B0C"
"2026-09-17 18:33:06.022","DISPLAY\Default_Monitor\7&16b8ddb4&0&UID256","Default_Monitor"
"2026-09-17 18:34:16.633","DISPLAY\SAM7B0C\7&16b8ddb4&0&UID256","SAM7B0C"
"2026-09-17 18:35:05.722","DISPLAY\SAM7B0C\7&16b8ddb4&0&UID256","SAM7B0C"
"2026-09-17 18:35:47.412","DISPLAY\SAM7B0C\7&16b8ddb4&0&UID256","SAM7B0C"
"2026-09-17 18:36:35.706","DISPLAY\SAM7B0C\7&16b8ddb4&0&UID256","SAM7B0C"
"2026-09-17 18:37:16.945","DISPLAY\SAM7B0C\7&16b8ddb4&0&UID256","SAM7B0C"
"2026-09-17 18:38:05.692","DISPLAY\SAM7B0C\7&16b8ddb4&0&UID256","SAM7B0C"
"2026-09-17 18:38:06.046","DISPLAY\Default_Monitor\7&16b8ddb4&0&UID256","Default_Monitor"
"2026-09-17 18:38:47.681","DISPLAY\SAM7B0C\7&16b8ddb4&0&UID256","SAM7B0C"
"2026-09-17 18:38:48.036","DISPLAY\Default_Monitor\7&16b8ddb4&0&UID256","Default_Monitor"
"2026-09-17 18:39:35.777","DISPLAY\SAM7B0C\7&16b8ddb4&0&UID256","SAM7B0C"
"2026-09-17 18:40:35.774","DISPLAY\SAM7B0C\7&16b8ddb4&0&UID256","SAM7B0C"
"2026-09-17 18:41:17.727","DISPLAY\SAM7B0C\7&16b8ddb4&0&UID256","SAM7B0C"
"2026-09-17 18:42:16.467","DISPLAY\SAM7B0C\7&16b8ddb4&0&UID256","SAM7B0C"
"2026-09-17 18:43:16.129","DISPLAY\SAM7B0C\7&16b8ddb4&0&UID256","SAM7B0C"
"2026-09-17 18:43:16.484","DISPLAY\Default_Monitor\7&16b8ddb4&0&UID256","Default_Monitor"
"2026-09-17 18:44:05.794","DISPLAY\SAM7B0C\7&16b8ddb4&0&UID256","SAM7B0C"
"2026-09-17 18:44:06.149","DISPLAY\Default_Monitor\7&16b8ddb4&0&UID256","Default_Monitor"
"2026-09-17 18:44:47.088","DISPLAY\SAM7B0C\7&16b8ddb4&0&UID256","SAM7B0C"
"2026-09-17 18:44:47.410","DISPLAY\Default_Monitor\7&16b8ddb4&0&UID256","Default_Monitor"
"2026-09-17 18:45:35.746","DISPLAY\SAM7B0C\7&16b8ddb4&0&UID256","SAM7B0C"
"2026-09-17 18:45:36.000","DISPLAY\Default_Monitor\7&16b8ddb4&0&UID256","Default_Monitor"
"2026-09-17 18:46:16.851","DISPLAY\SAM7B0C\7&16b8ddb4&0&UID256","SAM7B0C"
"2026-09-17 18:46:17.205","DISPLAY\Default_Monitor\7&16b8ddb4&0&UID256","Default_Monitor"
"2026-09-17 18:47:05.863","DISPLAY\SAM7B0C\7&16b8ddb4&0&UID256","SAM7B0C"
"2026-09-17 18:48:05.743","DISPLAY\SAM7B0C\7&16b8ddb4&0&UID256","SAM7B0C"
"2026-09-17 18:48:47.511","DISPLAY\SAM7B0C\7&16b8ddb4&0&UID256","SAM7B0C"
"2026-09-17 18:48:47.751","DISPLAY\Default_Monitor\7&16b8ddb4&0&UID256","Default_Monitor"
"2026-09-17 18:49:35.848","DISPLAY\SAM7B0C\7&16b8ddb4&0&UID256","SAM7B0C"
"2026-09-17 18:50:17.656","DISPLAY\SAM7B0C\7&16b8ddb4&0&UID256","SAM7B0C"
"2026-09-17 18:50:18.012","DISPLAY\Default_Monitor\7&16b8ddb4&0&UID256","Default_Monitor"
"2026-09-17 18:51:05.890","DISPLAY\SAM7B0C\7&16b8ddb4&0&UID256","SAM7B0C"
"2026-09-17 18:52:16.465","DISPLAY\SAM7B0C\7&16b8ddb4&0&UID256","SAM7B0C"
"2026-09-17 18:53:05.956","DISPLAY\SAM7B0C\7&16b8ddb4&0&UID256","SAM7B0C"
"2026-09-17 18:53:06.311","DISPLAY\Default_Monitor\7&16b8ddb4&0&UID256","Default_Monitor"
"2026-09-17 18:53:46.953","DISPLAY\SAM7B0C\7&16b8ddb4&0&UID256","SAM7B0C"
"2026-09-17 18:54:35.700","DISPLAY\SAM7B0C\7&16b8ddb4&0&UID256","SAM7B0C"
"2026-09-17 18:55:16.991","DISPLAY\SAM7B0C\7&16b8ddb4&0&UID256","SAM7B0C"
"2026-09-17 18:55:17.329","DISPLAY\Default_Monitor\7&16b8ddb4&0&UID256","Default_Monitor"
"2026-09-17 18:56:05.661","DISPLAY\SAM7B0C\7&16b8ddb4&0&UID256","SAM7B0C"
"2026-09-17 18:56:46.973","DISPLAY\SAM7B0C\7&16b8ddb4&0&UID256","SAM7B0C"
"2026-09-17 18:56:47.244","DISPLAY\Default_Monitor\7&16b8ddb4&0&UID256","Default_Monitor"
"2026-09-17 18:57:35.965","DISPLAY\SAM7B0C\7&16b8ddb4&0&UID256","SAM7B0C"
"2026-09-17 18:58:17.765","DISPLAY\SAM7B0C\7&16b8ddb4&0&UID256","SAM7B0C"
"2026-09-17 18:59:06.020","DISPLAY\SAM7B0C\7&16b8ddb4&0&UID256","SAM7B0C"
"2026-09-17 18:59:06.273","DISPLAY\Default_Monitor\7&16b8ddb4&0&UID256","Default_Monitor"
"2026-09-17 18:59:47.660","DISPLAY\SAM7B0C\7&16b8ddb4&0&UID256","SAM7B0C"
"2026-09-17 19:00:36.036","DISPLAY\SAM7B0C\7&16b8ddb4&0&UID256","SAM7B0C"
"2026-09-17 19:01:16.993","DISPLAY\SAM7B0C\7&16b8ddb4&0&UID256","SAM7B0C"
"2026-09-17 19:01:17.249","DISPLAY\Default_Monitor\7&16b8ddb4&0&UID256","Default_Monitor"
"2026-09-17 19:02:06.082","DISPLAY\SAM7B0C\7&16b8ddb4&0&UID256","SAM7B0C"
"2026-09-17 19:02:06.336","DISPLAY\Default_Monitor\7&16b8ddb4&0&UID256","Default_Monitor"
"2026-09-17 19:02:47.099","DISPLAY\SAM7B0C\7&16b8ddb4&0&UID256","SAM7B0C"
"2026-09-17 19:02:47.457","DISPLAY\Default_Monitor\7&16b8ddb4&0&UID256","Default_Monitor"
"2026-09-17 19:03:36.062","DISPLAY\SAM7B0C\7&16b8ddb4&0&UID256","SAM7B0C"
"2026-09-17 19:04:16.996","DISPLAY\SAM7B0C\7&16b8ddb4&0&UID256","SAM7B0C"
"2026-09-17 19:05:16.062","DISPLAY\SAM7B0C\7&16b8ddb4&0&UID256","SAM7B0C"
"2026-09-17 19:05:16.415","DISPLAY\Default_Monitor\7&16b8ddb4&0&UID256","Default_Monitor"
"2026-09-17 19:06:05.840","DISPLAY\SAM7B0C\7&16b8ddb4&0&UID256","SAM7B0C"
"2026-09-17 19:06:06.095","DISPLAY\Default_Monitor\7&16b8ddb4&0&UID256","Default_Monitor"
"2026-09-17 19:06:47.018","DISPLAY\SAM7B0C\7&16b8ddb4&0&UID256","SAM7B0C"
"2026-09-17 19:07:35.592","DISPLAY\SAM7B0C\7&16b8ddb4&0&UID256","SAM7B0C"
"2026-09-17 19:08:17.175","DISPLAY\SAM7B0C\7&16b8ddb4&0&UID256","SAM7B0C"
"2026-09-17 19:09:05.845","DISPLAY\SAM7B0C\7&16b8ddb4&0&UID256","SAM7B0C"
"2026-09-17 19:09:06.101","DISPLAY\Default_Monitor\7&16b8ddb4&0&UID256","Default_Monitor"
"2026-09-17 19:09:46.953","DISPLAY\SAM7B0C\7&16b8ddb4&0&UID256","SAM7B0C"
"2026-09-17 19:10:36.186","DISPLAY\SAM7B0C\7&16b8ddb4&0&UID256","SAM7B0C"
"2026-09-17 19:10:36.540","DISPLAY\Default_Monitor\7&16b8ddb4&0&UID256","Default_Monitor"
"2026-09-17 19:11:17.167","DISPLAY\SAM7B0C\7&16b8ddb4&0&UID256","SAM7B0C"
"2026-09-17 19:11:17.519","DISPLAY\Default_Monitor\7&16b8ddb4&0&UID256","Default_Monitor"
"2026-09-17 19:12:06.147","DISPLAY\SAM7B0C\7&16b8ddb4&0&UID256","SAM7B0C"
"2026-09-17 19:12:06.500","DISPLAY\Default_Monitor\7&16b8ddb4&0&UID256","Default_Monitor"
"2026-09-17 19:12:47.446","DISPLAY\SAM7B0C\7&16b8ddb4&0&UID256","SAM7B0C"
"2026-09-17 19:13:35.931","DISPLAY\SAM7B0C\7&16b8ddb4&0&UID256","SAM7B0C"
"2026-09-17 19:14:16.951","DISPLAY\SAM7B0C\7&16b8ddb4&0&UID256","SAM7B0C"
"2026-09-17 19:14:17.207","DISPLAY\Default_Monitor\7&16b8ddb4&0&UID256","Default_Monitor"
"2026-09-17 19:15:05.761","DISPLAY\SAM7B0C\7&16b8ddb4&0&UID256","SAM7B0C"
"2026-09-17 19:15:47.235","DISPLAY\SAM7B0C\7&16b8ddb4&0&UID256","SAM7B0C"
"2026-09-17 19:15:47.509","DISPLAY\Default_Monitor\7&16b8ddb4&0&UID256","Default_Monitor"
"2026-09-17 19:16:35.859","DISPLAY\SAM7B0C\7&16b8ddb4&0&UID256","SAM7B0C"
"2026-09-17 19:17:17.236","DISPLAY\SAM7B0C\7&16b8ddb4&0&UID256","SAM7B0C"
"2026-09-17 19:18:05.783","DISPLAY\SAM7B0C\7&16b8ddb4&0&UID256","SAM7B0C"
"2026-09-17 19:18:06.120","DISPLAY\Default_Monitor\7&16b8ddb4&0&UID256","Default_Monitor"
"2026-09-17 19:18:46.962","DISPLAY\SAM7B0C\7&16b8ddb4&0&UID256","SAM7B0C"
"2026-09-17 19:18:47.316","DISPLAY\Default_Monitor\7&16b8ddb4&0&UID256","Default_Monitor"
"2026-09-17 19:19:36.091","DISPLAY\SAM7B0C\7&16b8ddb4&0&UID256","SAM7B0C"
"2026-09-17 19:19:36.359","DISPLAY\Default_Monitor\7&16b8ddb4&0&UID256","Default_Monitor"
"2026-09-17 19:20:17.243","DISPLAY\SAM7B0C\7&16b8ddb4&0&UID256","SAM7B0C"
"2026-09-17 19:21:05.914","DISPLAY\SAM7B0C\7&16b8ddb4&0&UID256","SAM7B0C"
"2026-09-17 19:21:47.279","DISPLAY\SAM7B0C\7&16b8ddb4&0&UID256","SAM7B0C"
"2026-09-17 19:21:47.648","DISPLAY\Default_Monitor\7&16b8ddb4&0&UID256","Default_Monitor"
"2026-09-17 19:22:46.307","DISPLAY\SAM7B0C\7&16b8ddb4&0&UID256","SAM7B0C"
"2026-09-17 19:22:46.658","DISPLAY\Default_Monitor\7&16b8ddb4&0&UID256","Default_Monitor"
"2026-09-17 19:23:46.436","DISPLAY\SAM7B0C\7&16b8ddb4&0&UID256","SAM7B0C"
"2026-09-17 19:23:46.791","DISPLAY\Default_Monitor\7&16b8ddb4&0&UID256","Default_Monitor"
"2026-09-17 19:24:35.931","DISPLAY\SAM7B0C\7&16b8ddb4&0&UID256","SAM7B0C"
"2026-09-17 19:24:36.269","DISPLAY\Default_Monitor\7&16b8ddb4&0&UID256","Default_Monitor"
"2026-09-17 19:25:17.096","DISPLAY\SAM7B0C\7&16b8ddb4&0&UID256","SAM7B0C"
"2026-09-17 19:26:05.900","DISPLAY\SAM7B0C\7&16b8ddb4&0&UID256","SAM7B0C"
"2026-09-17 19:26:06.152","DISPLAY\Default_Monitor\7&16b8ddb4&0&UID256","Default_Monitor"
"2026-09-17 19:26:47.390","DISPLAY\SAM7B0C\7&16b8ddb4&0&UID256","SAM7B0C"
"2026-09-17 19:26:47.758","DISPLAY\Default_Monitor\7&16b8ddb4&0&UID256","Default_Monitor"
"2026-09-17 19:27:35.701","DISPLAY\SAM7B0C\7&16b8ddb4&0&UID256","SAM7B0C"
"2026-09-17 19:28:17.506","DISPLAY\SAM7B0C\7&16b8ddb4&0&UID256","SAM7B0C"
"2026-09-17 19:29:16.346","DISPLAY\SAM7B0C\7&16b8ddb4&0&UID256","SAM7B0C"
"2026-09-17 19:30:16.489","DISPLAY\SAM7B0C\7&16b8ddb4&0&UID256","SAM7B0C"
"2026-09-17 19:30:16.842","DISPLAY\Default_Monitor\7&16b8ddb4&0&UID256","Default_Monitor"
"2026-09-17 19:31:16.501","DISPLAY\SAM7B0C\7&16b8ddb4&0&UID256","SAM7B0C"
"2026-09-17 19:32:05.748","DISPLAY\SAM7B0C\7&16b8ddb4&0&UID256","SAM7B0C"
"2026-09-17 19:32:47.468","DISPLAY\SAM7B0C\7&16b8ddb4&0&UID256","SAM7B0C"
"2026-09-17 19:32:47.720","DISPLAY\Default_Monitor\7&16b8ddb4&0&UID256","Default_Monitor"
"2026-09-17 19:33:35.842","DISPLAY\SAM7B0C\7&16b8ddb4&0&UID256","SAM7B0C"
"2026-09-17 19:34:17.582","DISPLAY\SAM7B0C\7&16b8ddb4&0&UID256","SAM7B0C"
"2026-09-17 19:35:16.597","DISPLAY\SAM7B0C\7&16b8ddb4&0&UID256","SAM7B0C"
"2026-09-17 19:36:05.655","DISPLAY\SAM7B0C\7&16b8ddb4&0&UID256","SAM7B0C"
"2026-09-17 19:36:47.566","DISPLAY\SAM7B0C\7&16b8ddb4&0&UID256","SAM7B0C"
"2026-09-17 19:37:35.752","DISPLAY\SAM7B0C\7&16b8ddb4&0&UID256","SAM7B0C"
"2026-09-17 19:38:17.514","DISPLAY\SAM7B0C\7&16b8ddb4&0&UID256","SAM7B0C"
"2026-09-17 19:39:16.245","DISPLAY\SAM7B0C\7&16b8ddb4&0&UID256","SAM7B0C"
"2026-09-17 19:39:16.582","DISPLAY\Default_Monitor\7&16b8ddb4&0&UID256","Default_Monitor"
"2026-09-17 19:40:16.244","DISPLAY\SAM7B0C\7&16b8ddb4&0&UID256","SAM7B0C"
"2026-09-17 19:41:15.981","DISPLAY\SAM7B0C\7&16b8ddb4&0&UID256","SAM7B0C"
"2026-09-17 19:42:35.771","DISPLAY\SAM7B0C\7&16b8ddb4&0&UID256","SAM7B0C"
"2026-09-17 19:42:36.040","DISPLAY\Default_Monitor\7&16b8ddb4&0&UID256","Default_Monitor"
"2026-09-17 19:43:17.661","DISPLAY\SAM7B0C\7&16b8ddb4&0&UID256","SAM7B0C"
"2026-09-17 19:44:05.666","DISPLAY\SAM7B0C\7&16b8ddb4&0&UID256","SAM7B0C"
"2026-09-17 19:44:06.020","DISPLAY\Default_Monitor\7&16b8ddb4&0&UID256","Default_Monitor"
"2026-09-17 19:44:47.625","DISPLAY\SAM7B0C\7&16b8ddb4&0&UID256","SAM7B0C"
"2026-09-17 19:45:46.358","DISPLAY\SAM7B0C\7&16b8ddb4&0&UID256","SAM7B0C"
"2026-09-17 19:46:35.717","DISPLAY\SAM7B0C\7&16b8ddb4&0&UID256","SAM7B0C"
"2026-09-17 19:47:17.463","DISPLAY\SAM7B0C\7&16b8ddb4&0&UID256","SAM7B0C"
"2026-09-17 19:47:17.833","DISPLAY\Default_Monitor\7&16b8ddb4&0&UID256","Default_Monitor"
"2026-09-17 19:48:05.702","DISPLAY\SAM7B0C\7&16b8ddb4&0&UID256","SAM7B0C"
"2026-09-17 19:48:47.657","DISPLAY\SAM7B0C\7&16b8ddb4&0&UID256","SAM7B0C"
"2026-09-17 19:49:35.715","DISPLAY\SAM7B0C\7&16b8ddb4&0&UID256","SAM7B0C"
"2026-09-17 19:50:17.715","DISPLAY\SAM7B0C\7&16b8ddb4&0&UID256","SAM7B0C"
"2026-09-17 19:51:05.773","DISPLAY\SAM7B0C\7&16b8ddb4&0&UID256","SAM7B0C"
"2026-09-17 19:51:47.681","DISPLAY\SAM7B0C\7&16b8ddb4&0&UID256","SAM7B0C"
"2026-09-17 19:52:46.071","DISPLAY\SAM7B0C\7&16b8ddb4&0&UID256","SAM7B0C"
"2026-09-17 19:52:49.894","DISPLAY\SAM79DF\7&16b8ddb4&0&UID260","SAM79DF"
"2026-09-17 20:47:13.162","DISPLAY\SAM79DF\7&16b8ddb4&0&UID260","SAM79DF"
"2026-09-17 20:56:56.147","DISPLAY\SAM7B0C\7&16b8ddb4&0&UID256","SAM7B0C"
"2026-09-17 20:56:56.147","DISPLAY\SAM79DF\7&16b8ddb4&0&UID260","SAM79DF"
"2026-09-17 20:59:46.623","DISPLAY\SAM7B0C\7&16b8ddb4&0&UID256","SAM7B0C"
"2026-09-17 21:00:32.083","DISPLAY\SAM7B0C\7&16b8ddb4&0&UID256","SAM7B0C"
"2026-09-17 21:01:24.118","DISPLAY\SAM7B0C\7&16b8ddb4&0&UID256","SAM7B0C"
"2026-09-17 21:03:19.122","DISPLAY\SAM7B0C\7&16b8ddb4&0&UID256","SAM7B0C"
"2026-09-17 21:03:19.465","DISPLAY\Default_Monitor\7&16b8ddb4&0&UID256","Default_Monitor"
"2026-09-17 21:04:12.402","DISPLAY\SAM7B0C\7&16b8ddb4&0&UID256","SAM7B0C"
"2026-09-17 21:05:00.870","DISPLAY\SAM7B0C\7&16b8ddb4&0&UID256","SAM7B0C"
"2026-09-17 21:15:19.522","DISPLAY\SAM7B0C\7&16b8ddb4&0&UID256","SAM7B0C"
"2026-09-17 21:16:31.405","DISPLAY\SAM7B0C\7&16b8ddb4&0&UID256","SAM7B0C"
"2026-09-17 21:20:49.421","DISPLAY\SAM7B0C\7&16b8ddb4&0&UID256","SAM7B0C"
"2026-09-17 21:21:36.718","DISPLAY\SAM7B0C\7&16b8ddb4&0&UID256","SAM7B0C"
"2026-09-17 21:23:24.798","DISPLAY\SAM7B0C\7&16b8ddb4&0&UID256","SAM7B0C"
"2026-09-17 21:23:25.222","DISPLAY\SAM79DF\7&16b8ddb4&0&UID260","SAM79DF"
"2026-09-17 21:24:57.757","DISPLAY\SAM7B0C\7&16b8ddb4&0&UID256","SAM7B0C"
"2026-09-17 21:24:58.241","DISPLAY\SAM79DF\7&16b8ddb4&0&UID260","SAM79DF"
"2026-09-17 21:30:24.382","DISPLAY\SAM7B0C\7&16b8ddb4&0&UID256","SAM7B0C"
"2026-09-17 21:30:24.808","DISPLAY\SAM79DF\7&16b8ddb4&0&UID260","SAM79DF"
"2026-09-17 21:34:13.352","DISPLAY\SAM79DF\7&16b8ddb4&0&UID260","SAM79DF"
"2026-09-17 21:34:13.452","DISPLAY\SAM7B0C\7&16b8ddb4&0&UID256","SAM7B0C"
"2026-09-17 21:39:03.011","DISPLAY\SAM79DF\7&16b8ddb4&0&UID260","SAM79DF"
"2026-09-17 21:39:03.012","DISPLAY\SAM7B0C\7&16b8ddb4&0&UID256","SAM7B0C"
"2026-09-17 21:55:32.936","DISPLAY\SAM79DF\7&16b8ddb4&0&UID260","SAM79DF"
"2026-09-17 23:09:58.389","DISPLAY\SAM79DF\7&16b8ddb4&0&UID260","SAM79DF"
"2026-09-17 23:09:58.491","DISPLAY\SAM7B0C\7&16b8ddb4&0&UID256","SAM7B0C"
"2026-09-17 23:12:35.740","DISPLAY\SAM79DF\7&16b8ddb4&0&UID260","SAM79DF"
"2026-09-17 23:18:16.762","DISPLAY\SAM79DF\7&16b8ddb4&0&UID260","SAM79DF"
"2026-09-17 23:23:43.897","DISPLAY\SAM79DF\7&16b8ddb4&0&UID260","SAM79DF"
"2026-09-18 01:25:51.884","DISPLAY\SAM79DF\7&16b8ddb4&0&UID260","SAM79DF"
"2026-09-18 08:09:25.875","DISPLAY\SAM79DF\7&16b8ddb4&0&UID260","SAM79DF"
"2026-09-18 08:11:16.409","DISPLAY\SAM79DF\7&16b8ddb4&0&UID260","SAM79DF"
"2026-09-18 08:11:16.647","DISPLAY\SAM7B0C\7&16b8ddb4&0&UID256","SAM7B0C"
"2026-09-18 08:12:10.772","DISPLAY\SAM7B0C\7&16b8ddb4&0&UID256","SAM7B0C"
"2026-09-18 08:12:11.116","DISPLAY\Default_Monitor\7&16b8ddb4&0&UID256","Default_Monitor"
"2026-09-18 08:12:52.964","DISPLAY\SAM7B0C\7&16b8ddb4&0&UID256","SAM7B0C"
"2026-09-18 08:13:35.718","DISPLAY\SAM7B0C\7&16b8ddb4&0&UID256","SAM7B0C"
"2026-09-18 08:14:16.790","DISPLAY\SAM7B0C\7&16b8ddb4&0&UID256","SAM7B0C"
"2026-09-18 08:14:59.554","DISPLAY\SAM7B0C\7&16b8ddb4&0&UID256","SAM7B0C"
"2026-09-18 08:15:47.097","DISPLAY\SAM7B0C\7&16b8ddb4&0&UID256","SAM7B0C"
"2026-09-18 08:16:54.256","DISPLAY\SAM7B0C\7&16b8ddb4&0&UID256","SAM7B0C"
"2026-09-18 08:17:36.869","DISPLAY\SAM7B0C\7&16b8ddb4&0&UID256","SAM7B0C"
"2026-09-18 08:18:20.107","DISPLAY\SAM7B0C\7&16b8ddb4&0&UID256","SAM7B0C"
"2026-09-18 08:19:03.812","DISPLAY\SAM7B0C\7&16b8ddb4&0&UID256","SAM7B0C"
"2026-09-18 08:20:06.361","DISPLAY\SAM7B0C\7&16b8ddb4&0&UID256","SAM7B0C"
"2026-09-18 08:21:00.093","DISPLAY\SAM7B0C\7&16b8ddb4&0&UID256","SAM7B0C"
"2026-09-18 08:21:46.354","DISPLAY\SAM7B0C\7&16b8ddb4&0&UID256","SAM7B0C"
"2026-09-18 08:22:09.276","DISPLAY\SAM79DF\7&16b8ddb4&0&UID260","SAM79DF"
"2026-09-18 08:30:00.014","DISPLAY\SAM7B0C\7&16b8ddb4&0&UID256","SAM7B0C"
"2026-09-18 08:30:00.015","DISPLAY\SAM79DF\7&16b8ddb4&0&UID260","SAM79DF"
"2026-09-18 08:49:25.440","DISPLAY\SAM79DF\7&16b8ddb4&0&UID260","SAM79DF"
"2026-09-18 08:49:41.536","DISPLAY\SAM7B0C\7&16b8ddb4&0&UID256","SAM7B0C"
"2026-09-18 08:50:25.384","DISPLAY\SAM7B0C\7&16b8ddb4&0&UID256","SAM7B0C"
"2026-09-18 08:50:25.708","DISPLAY\Default_Monitor\7&16b8ddb4&0&UID256","Default_Monitor"
"2026-09-18 08:52:29.553","DISPLAY\SAM7B0C\7&16b8ddb4&0&UID256","SAM7B0C"
"2026-09-18 08:52:29.897","DISPLAY\Default_Monitor\7&16b8ddb4&0&UID256","Default_Monitor"
"2026-09-18 08:53:23.288","DISPLAY\SAM7B0C\7&16b8ddb4&0&UID256","SAM7B0C"
"2026-09-18 08:54:06.435","DISPLAY\SAM7B0C\7&16b8ddb4&0&UID256","SAM7B0C"
"2026-09-18 08:58:22.864","DISPLAY\SAM7B0C\7&16b8ddb4&0&UID256","SAM7B0C"
"2026-09-18 08:58:23.193","DISPLAY\Default_Monitor\7&16b8ddb4&0&UID256","Default_Monitor"
"2026-09-18 08:59:06.890","DISPLAY\SAM7B0C\7&16b8ddb4&0&UID256","SAM7B0C"
"2026-09-18 08:59:50.351","DISPLAY\SAM7B0C\7&16b8ddb4&0&UID256","SAM7B0C"
"2026-09-18 08:59:50.676","DISPLAY\Default_Monitor\7&16b8ddb4&0&UID256","Default_Monitor"
"2026-09-18 09:00:34.238","DISPLAY\SAM7B0C\7&16b8ddb4&0&UID256","SAM7B0C"
"2026-09-18 09:01:20.215","DISPLAY\SAM7B0C\7&16b8ddb4&0&UID256","SAM7B0C"
"2026-09-18 09:04:41.040","DISPLAY\SAM7B0C\7&16b8ddb4&0&UID256","SAM7B0C"
"2026-09-18 09:05:24.423","DISPLAY\SAM7B0C\7&16b8ddb4&0&UID256","SAM7B0C"
"2026-09-18 09:06:29.365","DISPLAY\SAM7B0C\7&16b8ddb4&0&UID256","SAM7B0C"
"2026-09-18 09:08:22.793","DISPLAY\SAM7B0C\7&16b8ddb4&0&UID256","SAM7B0C"
"2026-09-18 09:09:06.346","DISPLAY\SAM7B0C\7&16b8ddb4&0&UID256","SAM7B0C"
"2026-09-18 09:09:50.263","DISPLAY\SAM7B0C\7&16b8ddb4&0&UID256","SAM7B0C"
"2026-09-18 09:10:33.879","DISPLAY\SAM7B0C\7&16b8ddb4&0&UID256","SAM7B0C"
"2026-09-18 09:12:27.334","DISPLAY\SAM79DF\7&16b8ddb4&0&UID260","SAM79DF"
"2026-09-18 09:12:27.528","DISPLAY\SAM7B0C\7&16b8ddb4&0&UID256","SAM7B0C"
"2026-09-18 09:33:41.105","DISPLAY\SAM79DF\7&16b8ddb4&0&UID260","SAM79DF"
"2026-09-18 09:33:41.106","DISPLAY\SAM7B0C\7&16b8ddb4&0&UID256","SAM7B0C"
"2026-09-18 09:34:24.756","DISPLAY\SAM7B0C\7&16b8ddb4&0&UID256","SAM7B0C"
"2026-09-18 09:35:07.336","DISPLAY\SAM7B0C\7&16b8ddb4&0&UID256","SAM7B0C"
"2026-09-18 09:35:54.770","DISPLAY\SAM7B0C\7&16b8ddb4&0&UID256","SAM7B0C"
"2026-09-18 09:36:38.480","DISPLAY\SAM7B0C\7&16b8ddb4&0&UID256","SAM7B0C"
"2026-09-18 09:37:20.199","DISPLAY\SAM7B0C\7&16b8ddb4&0&UID256","SAM7B0C"
"2026-09-18 09:37:20.526","DISPLAY\Default_Monitor\7&16b8ddb4&0&UID256","Default_Monitor"
"2026-09-18 09:38:08.280","DISPLAY\SAM7B0C\7&16b8ddb4&0&UID256","SAM7B0C"
"2026-09-18 09:38:51.768","DISPLAY\SAM7B0C\7&16b8ddb4&0&UID256","SAM7B0C"
"2026-09-18 09:39:35.593","DISPLAY\SAM7B0C\7&16b8ddb4&0&UID256","SAM7B0C"
"2026-09-18 09:40:32.703","DISPLAY\SAM7B0C\7&16b8ddb4&0&UID256","SAM7B0C"
"2026-09-18 09:41:21.770","DISPLAY\SAM7B0C\7&16b8ddb4&0&UID256","SAM7B0C"
"2026-09-18 09:42:05.475","DISPLAY\SAM7B0C\7&16b8ddb4&0&UID256","SAM7B0C"
"2026-09-18 09:42:05.819","DISPLAY\Default_Monitor\7&16b8ddb4&0&UID256","Default_Monitor"
"2026-09-18 09:42:49.392","DISPLAY\SAM7B0C\7&16b8ddb4&0&UID256","SAM7B0C"
"2026-09-18 09:42:49.736","DISPLAY\Default_Monitor\7&16b8ddb4&0&UID256","Default_Monitor"
"2026-09-18 09:43:35.235","DISPLAY\SAM7B0C\7&16b8ddb4&0&UID256","SAM7B0C"
"2026-09-18 09:43:35.564","DISPLAY\Default_Monitor\7&16b8ddb4&0&UID256","Default_Monitor"
"2026-09-18 09:44:50.764","DISPLAY\SAM7B0C\7&16b8ddb4&0&UID256","SAM7B0C"
"2026-09-18 09:44:51.092","DISPLAY\Default_Monitor\7&16b8ddb4&0&UID256","Default_Monitor"
"2026-09-18 09:45:34.631","DISPLAY\SAM7B0C\7&16b8ddb4&0&UID256","SAM7B0C"
"2026-09-18 09:46:20.781","DISPLAY\SAM7B0C\7&16b8ddb4&0&UID256","SAM7B0C"
"2026-09-18 09:47:04.574","DISPLAY\SAM7B0C\7&16b8ddb4&0&UID256","SAM7B0C"
"2026-09-18 09:47:50.590","DISPLAY\SAM7B0C\7&16b8ddb4&0&UID256","SAM7B0C"
"2026-09-18 09:48:34.778","DISPLAY\SAM7B0C\7&16b8ddb4&0&UID256","SAM7B0C"
"2026-09-18 09:49:20.773","DISPLAY\SAM7B0C\7&16b8ddb4&0&UID256","SAM7B0C"
"2026-09-18 09:49:21.100","DISPLAY\Default_Monitor\7&16b8ddb4&0&UID256","Default_Monitor"
"2026-09-18 09:50:04.722","DISPLAY\SAM7B0C\7&16b8ddb4&0&UID256","SAM7B0C"
"2026-09-18 09:50:50.770","DISPLAY\SAM7B0C\7&16b8ddb4&0&UID256","SAM7B0C"
"2026-09-18 09:50:51.083","DISPLAY\Default_Monitor\7&16b8ddb4&0&UID256","Default_Monitor"
"2026-09-18 09:51:34.631","DISPLAY\SAM7B0C\7&16b8ddb4&0&UID256","SAM7B0C"
"2026-09-18 09:52:20.631","DISPLAY\SAM7B0C\7&16b8ddb4&0&UID256","SAM7B0C"
"2026-09-18 09:53:04.844","DISPLAY\SAM7B0C\7&16b8ddb4&0&UID256","SAM7B0C"
"2026-09-18 09:54:04.821","DISPLAY\SAM7B0C\7&16b8ddb4&0&UID256","SAM7B0C"
"2026-09-18 09:54:48.521","DISPLAY\SAM7B0C\7&16b8ddb4&0&UID256","SAM7B0C"
"2026-09-18 09:55:32.248","DISPLAY\SAM7B0C\7&16b8ddb4&0&UID256","SAM7B0C"
"2026-09-18 09:56:18.847","DISPLAY\SAM7B0C\7&16b8ddb4&0&UID256","SAM7B0C"
"2026-09-18 09:57:02.462","DISPLAY\SAM7B0C\7&16b8ddb4&0&UID256","SAM7B0C"
"2026-09-18 09:57:48.835","DISPLAY\SAM7B0C\7&16b8ddb4&0&UID256","SAM7B0C"
"2026-09-18 09:58:32.514","DISPLAY\SAM7B0C\7&16b8ddb4&0&UID256","SAM7B0C"
"2026-09-18 09:59:18.919","DISPLAY\SAM7B0C\7&16b8ddb4&0&UID256","SAM7B0C"
"2026-09-18 10:00:02.572","DISPLAY\SAM7B0C\7&16b8ddb4&0&UID256","SAM7B0C"
"2026-09-18 10:00:02.899","DISPLAY\Default_Monitor\7&16b8ddb4&0&UID256","Default_Monitor"
"2026-09-18 10:00:48.750","DISPLAY\SAM7B0C\7&16b8ddb4&0&UID256","SAM7B0C"
"2026-09-18 10:01:32.544","DISPLAY\SAM7B0C\7&16b8ddb4&0&UID256","SAM7B0C"
"2026-09-18 10:03:21.879","DISPLAY\SAM7B0C\7&16b8ddb4&0&UID256","SAM7B0C"
"2026-09-18 10:04:20.609","DISPLAY\SAM7B0C\7&16b8ddb4&0&UID256","SAM7B0C"
"2026-09-18 10:04:20.919","DISPLAY\Default_Monitor\7&16b8ddb4&0&UID256","Default_Monitor"
"2026-09-18 10:05:04.547","DISPLAY\SAM7B0C\7&16b8ddb4&0&UID256","SAM7B0C"
"2026-09-18 10:05:58.778","DISPLAY\SAM7B0C\7&16b8ddb4&0&UID256","SAM7B0C"
"2026-09-18 10:06:48.675","DISPLAY\SAM7B0C\7&16b8ddb4&0&UID256","SAM7B0C"
"2026-09-18 10:07:32.339","DISPLAY\SAM7B0C\7&16b8ddb4&0&UID256","SAM7B0C"
"2026-09-18 10:08:14.915","DISPLAY\SAM7B0C\7&16b8ddb4&0&UID256","SAM7B0C"
"2026-09-18 10:09:02.404","DISPLAY\SAM7B0C\7&16b8ddb4&0&UID256","SAM7B0C"
"2026-09-18 10:09:47.772","DISPLAY\SAM7B0C\7&16b8ddb4&0&UID256","SAM7B0C"
"2026-09-18 10:10:34.307","DISPLAY\SAM7B0C\7&16b8ddb4&0&UID256","SAM7B0C"
"2026-09-18 10:10:34.636","DISPLAY\Default_Monitor\7&16b8ddb4&0&UID256","Default_Monitor"
"2026-09-18 10:11:28.687","DISPLAY\SAM7B0C\7&16b8ddb4&0&UID256","SAM7B0C"
"2026-09-18 10:12:10.312","DISPLAY\SAM7B0C\7&16b8ddb4&0&UID256","SAM7B0C"
"2026-09-18 10:12:53.907","DISPLAY\SAM7B0C\7&16b8ddb4&0&UID256","SAM7B0C"
"2026-09-18 10:13:35.400","DISPLAY\SAM7B0C\7&16b8ddb4&0&UID256","SAM7B0C"
"2026-09-18 10:14:16.787","DISPLAY\SAM7B0C\7&16b8ddb4&0&UID256","SAM7B0C"
"2026-09-18 10:14:17.101","DISPLAY\Default_Monitor\7&16b8ddb4&0&UID256","Default_Monitor"
"2026-09-18 10:15:00.524","DISPLAY\SAM7B0C\7&16b8ddb4&0&UID256","SAM7B0C"
"2026-09-18 10:15:00.852","DISPLAY\Default_Monitor\7&16b8ddb4&0&UID256","Default_Monitor"
"2026-09-18 10:15:41.804","DISPLAY\SAM7B0C\7&16b8ddb4&0&UID256","SAM7B0C"
"2026-09-18 10:16:30.731","DISPLAY\SAM7B0C\7&16b8ddb4&0&UID256","SAM7B0C"
"2026-09-18 10:17:14.682","DISPLAY\SAM7B0C\7&16b8ddb4&0&UID256","SAM7B0C"
"2026-09-18 10:18:02.535","DISPLAY\SAM7B0C\7&16b8ddb4&0&UID256","SAM7B0C"
"2026-09-18 10:19:10.340","DISPLAY\SAM7B0C\7&16b8ddb4&0&UID256","SAM7B0C"
"2026-09-18 10:20:04.934","DISPLAY\SAM7B0C\7&16b8ddb4&0&UID256","SAM7B0C"
"2026-09-18 10:20:05.261","DISPLAY\Default_Monitor\7&16b8ddb4&0&UID256","Default_Monitor"
"2026-09-18 10:20:53.944","DISPLAY\SAM7B0C\7&16b8ddb4&0&UID256","SAM7B0C"
"2026-09-18 10:21:37.464","DISPLAY\SAM7B0C\7&16b8ddb4&0&UID256","SAM7B0C"
"2026-09-18 10:22:21.405","DISPLAY\SAM7B0C\7&16b8ddb4&0&UID256","SAM7B0C"
"2026-09-18 10:23:17.938","DISPLAY\SAM7B0C\7&16b8ddb4&0&UID256","SAM7B0C"
"2026-09-18 10:24:07.956","DISPLAY\SAM7B0C\7&16b8ddb4&0&UID256","SAM7B0C"
"2026-09-18 10:24:51.919","DISPLAY\SAM7B0C\7&16b8ddb4&0&UID256","SAM7B0C"
"2026-09-18 10:27:54.982","DISPLAY\SAM7B0C\7&16b8ddb4&0&UID256","SAM7B0C"
"2026-09-18 10:28:36.524","DISPLAY\SAM7B0C\7&16b8ddb4&0&UID256","SAM7B0C"
"2026-09-18 10:29:40.562","DISPLAY\SAM7B0C\7&16b8ddb4&0&UID256","SAM7B0C"
"2026-09-18 10:30:24.041","DISPLAY\SAM7B0C\7&16b8ddb4&0&UID256","SAM7B0C"
"2026-09-18 10:31:20.972","DISPLAY\SAM7B0C\7&16b8ddb4&0&UID256","SAM7B0C"
"2026-09-18 10:32:04.975","DISPLAY\SAM7B0C\7&16b8ddb4&0&UID256","SAM7B0C"
"2026-09-18 10:32:51.772","DISPLAY\SAM7B0C\7&16b8ddb4&0&UID256","SAM7B0C"
"2026-09-18 10:32:52.100","DISPLAY\Default_Monitor\7&16b8ddb4&0&UID256","Default_Monitor"
"2026-09-18 10:33:35.834","DISPLAY\SAM7B0C\7&16b8ddb4&0&UID256","SAM7B0C"
"2026-09-18 10:34:21.810","DISPLAY\SAM7B0C\7&16b8ddb4&0&UID256","SAM7B0C"
"2026-09-18 10:34:22.156","DISPLAY\Default_Monitor\7&16b8ddb4&0&UID256","Default_Monitor"
"2026-09-18 10:35:05.843","DISPLAY\SAM7B0C\7&16b8ddb4&0&UID256","SAM7B0C"
"2026-09-18 10:35:51.853","DISPLAY\SAM7B0C\7&16b8ddb4&0&UID256","SAM7B0C"
"2026-09-18 10:36:35.583","DISPLAY\SAM7B0C\7&16b8ddb4&0&UID256","SAM7B0C"
"2026-09-18 10:37:21.591","DISPLAY\SAM7B0C\7&16b8ddb4&0&UID256","SAM7B0C"
"2026-09-18 10:38:06.009","DISPLAY\SAM7B0C\7&16b8ddb4&0&UID256","SAM7B0C"
"2026-09-18 10:38:51.683","DISPLAY\SAM7B0C\7&16b8ddb4&0&UID256","SAM7B0C"
"2026-09-18 10:38:52.026","DISPLAY\Default_Monitor\7&16b8ddb4&0&UID256","Default_Monitor"
"2026-09-18 10:39:35.785","DISPLAY\SAM7B0C\7&16b8ddb4&0&UID256","SAM7B0C"
"2026-09-18 10:39:36.098","DISPLAY\Default_Monitor\7&16b8ddb4&0&UID256","Default_Monitor"
"2026-09-18 10:40:21.128","DISPLAY\SAM7B0C\7&16b8ddb4&0&UID256","SAM7B0C"
"2026-09-18 10:41:05.769","DISPLAY\SAM7B0C\7&16b8ddb4&0&UID256","SAM7B0C"
"2026-09-18 10:41:51.999","DISPLAY\SAM7B0C\7&16b8ddb4&0&UID256","SAM7B0C"
"2026-09-18 10:42:35.692","DISPLAY\SAM7B0C\7&16b8ddb4&0&UID256","SAM7B0C"
"2026-09-18 10:43:36.128","DISPLAY\SAM7B0C\7&16b8ddb4&0&UID256","SAM7B0C"
"2026-09-18 10:43:36.457","DISPLAY\Default_Monitor\7&16b8ddb4&0&UID256","Default_Monitor"
"2026-09-18 10:44:20.009","DISPLAY\SAM7B0C\7&16b8ddb4&0&UID256","SAM7B0C"
"2026-09-18 10:44:20.335","DISPLAY\Default_Monitor\7&16b8ddb4&0&UID256","Default_Monitor"
"2026-09-18 10:45:02.808","DISPLAY\SAM7B0C\7&16b8ddb4&0&UID256","SAM7B0C"
"2026-09-18 10:45:50.009","DISPLAY\SAM7B0C\7&16b8ddb4&0&UID256","SAM7B0C"
"2026-09-18 10:46:44.153","DISPLAY\SAM7B0C\7&16b8ddb4&0&UID256","SAM7B0C"
"2026-09-18 10:47:25.859","DISPLAY\SAM7B0C\7&16b8ddb4&0&UID256","SAM7B0C"
"2026-09-18 10:48:09.467","DISPLAY\SAM7B0C\7&16b8ddb4&0&UID256","SAM7B0C"
"2026-09-18 10:48:51.028","DISPLAY\SAM7B0C\7&16b8ddb4&0&UID256","SAM7B0C"
"2026-09-18 10:48:51.354","DISPLAY\Default_Monitor\7&16b8ddb4&0&UID256","Default_Monitor"
"2026-09-18 10:49:33.006","DISPLAY\SAM7B0C\7&16b8ddb4&0&UID256","SAM7B0C"
"2026-09-18 10:50:16.719","DISPLAY\SAM7B0C\7&16b8ddb4&0&UID256","SAM7B0C"
"2026-09-18 10:50:17.050","DISPLAY\Default_Monitor\7&16b8ddb4&0&UID256","Default_Monitor"
"2026-09-18 10:51:02.796","DISPLAY\SAM7B0C\7&16b8ddb4&0&UID256","SAM7B0C"
"2026-09-18 10:51:57.163","DISPLAY\SAM7B0C\7&16b8ddb4&0&UID256","SAM7B0C"
"2026-09-18 10:52:38.900","DISPLAY\SAM7B0C\7&16b8ddb4&0&UID256","SAM7B0C"
"2026-09-18 10:53:22.601","DISPLAY\SAM7B0C\7&16b8ddb4&0&UID256","SAM7B0C"
"2026-09-18 10:54:03.118","DISPLAY\SAM7B0C\7&16b8ddb4&0&UID256","SAM7B0C"
"2026-09-18 10:54:44.032","DISPLAY\SAM7B0C\7&16b8ddb4&0&UID256","SAM7B0C"
"2026-09-18 10:55:38.124","DISPLAY\SAM7B0C\7&16b8ddb4&0&UID256","SAM7B0C"
"2026-09-18 10:56:19.923","DISPLAY\SAM7B0C\7&16b8ddb4&0&UID256","SAM7B0C"
"2026-09-18 10:57:04.034","DISPLAY\SAM7B0C\7&16b8ddb4&0&UID256","SAM7B0C"
"2026-09-18 10:57:04.364","DISPLAY\Default_Monitor\7&16b8ddb4&0&UID256","Default_Monitor"
"2026-09-18 10:57:53.252","DISPLAY\SAM7B0C\7&16b8ddb4&0&UID256","SAM7B0C"
"2026-09-18 10:58:34.336","DISPLAY\SAM7B0C\7&16b8ddb4&0&UID256","SAM7B0C"
"2026-09-18 10:58:34.678","DISPLAY\Default_Monitor\7&16b8ddb4&0&UID256","Default_Monitor"
"2026-09-18 10:59:15.982","DISPLAY\SAM7B0C\7&16b8ddb4&0&UID256","SAM7B0C"
"2026-09-18 11:00:03.848","DISPLAY\SAM7B0C\7&16b8ddb4&0&UID256","SAM7B0C"
"2026-09-18 11:00:57.814","DISPLAY\SAM7B0C\7&16b8ddb4&0&UID256","SAM7B0C"
"2026-09-18 11:01:38.715","DISPLAY\SAM7B0C\7&16b8ddb4&0&UID256","SAM7B0C"
"2026-09-18 11:02:22.212","DISPLAY\SAM7B0C\7&16b8ddb4&0&UID256","SAM7B0C"
"2026-09-18 11:03:03.958","DISPLAY\SAM7B0C\7&16b8ddb4&0&UID256","SAM7B0C"
"2026-09-18 11:03:52.267","DISPLAY\SAM7B0C\7&16b8ddb4&0&UID256","SAM7B0C"
"2026-09-18 11:04:36.223","DISPLAY\SAM7B0C\7&16b8ddb4&0&UID256","SAM7B0C"
"2026-09-18 11:04:36.552","DISPLAY\Default_Monitor\7&16b8ddb4&0&UID256","Default_Monitor"
"2026-09-18 11:05:18.065","DISPLAY\SAM7B0C\7&16b8ddb4&0&UID256","SAM7B0C"
"2026-09-18 11:06:02.317","DISPLAY\SAM7B0C\7&16b8ddb4&0&UID256","SAM7B0C"
"2026-09-18 11:06:02.647","DISPLAY\Default_Monitor\7&16b8ddb4&0&UID256","Default_Monitor"
"2026-09-18 11:06:46.195","DISPLAY\SAM7B0C\7&16b8ddb4&0&UID256","SAM7B0C"
"2026-09-18 11:07:32.956","DISPLAY\SAM7B0C\7&16b8ddb4&0&UID256","SAM7B0C"
"2026-09-18 11:08:16.625","DISPLAY\SAM7B0C\7&16b8ddb4&0&UID256","SAM7B0C"
"2026-09-18 11:08:16.971","DISPLAY\Default_Monitor\7&16b8ddb4&0&UID256","Default_Monitor"
"2026-09-18 11:09:02.867","DISPLAY\SAM7B0C\7&16b8ddb4&0&UID256","SAM7B0C"
"2026-09-18 11:09:57.085","DISPLAY\SAM7B0C\7&16b8ddb4&0&UID256","SAM7B0C"
"2026-09-18 11:10:46.869","DISPLAY\SAM7B0C\7&16b8ddb4&0&UID256","SAM7B0C"
"2026-09-18 11:11:51.289","DISPLAY\SAM7B0C\7&16b8ddb4&0&UID256","SAM7B0C"
"2026-09-18 11:12:34.962","DISPLAY\SAM7B0C\7&16b8ddb4&0&UID256","SAM7B0C"
"2026-09-18 11:13:22.074","DISPLAY\SAM7B0C\7&16b8ddb4&0&UID256","SAM7B0C"
"2026-09-18 11:14:05.860","DISPLAY\SAM7B0C\7&16b8ddb4&0&UID256","SAM7B0C"
"2026-09-18 11:14:52.050","DISPLAY\SAM7B0C\7&16b8ddb4&0&UID256","SAM7B0C"
"2026-09-18 11:16:23.508","DISPLAY\SAM7B0C\7&16b8ddb4&0&UID256","SAM7B0C"
"2026-09-18 11:16:23.837","DISPLAY\Default_Monitor\7&16b8ddb4&0&UID256","Default_Monitor"
"2026-09-18 11:17:07.373","DISPLAY\SAM7B0C\7&16b8ddb4&0&UID256","SAM7B0C"
"2026-09-18 11:17:51.156","DISPLAY\SAM7B0C\7&16b8ddb4&0&UID256","SAM7B0C"
"2026-09-18 11:18:37.353","DISPLAY\SAM7B0C\7&16b8ddb4&0&UID256","SAM7B0C"
"2026-09-18 11:19:22.199","DISPLAY\SAM7B0C\7&16b8ddb4&0&UID256","SAM7B0C"
"2026-09-18 11:19:22.526","DISPLAY\Default_Monitor\7&16b8ddb4&0&UID256","Default_Monitor"
"2026-09-18 11:20:07.338","DISPLAY\SAM7B0C\7&16b8ddb4&0&UID256","SAM7B0C"
"2026-09-18 11:20:51.277","DISPLAY\SAM7B0C\7&16b8ddb4&0&UID256","SAM7B0C"
"2026-09-18 11:21:40.432","DISPLAY\SAM7B0C\7&16b8ddb4&0&UID256","SAM7B0C"
"2026-09-18 11:22:22.287","DISPLAY\SAM7B0C\7&16b8ddb4&0&UID256","SAM7B0C"
"2026-09-18 11:23:07.453","DISPLAY\SAM7B0C\7&16b8ddb4&0&UID256","SAM7B0C"
"2026-09-18 11:23:07.780","DISPLAY\Default_Monitor\7&16b8ddb4&0&UID256","Default_Monitor"
"2026-09-18 11:23:51.374","DISPLAY\SAM7B0C\7&16b8ddb4&0&UID256","SAM7B0C"
"2026-09-18 11:24:37.250","DISPLAY\SAM7B0C\7&16b8ddb4&0&UID256","SAM7B0C"
"2026-09-18 11:25:22.441","DISPLAY\SAM7B0C\7&16b8ddb4&0&UID256","SAM7B0C"
"2026-09-18 11:26:07.379","DISPLAY\SAM7B0C\7&16b8ddb4&0&UID256","SAM7B0C"
"2026-09-18 11:26:51.723","DISPLAY\SAM7B0C\7&16b8ddb4&0&UID256","SAM7B0C"
"2026-09-18 11:27:37.612","DISPLAY\SAM7B0C\7&16b8ddb4&0&UID256","SAM7B0C"
"2026-09-18 11:28:24.376","DISPLAY\SAM7B0C\7&16b8ddb4&0&UID256","SAM7B0C"
"2026-09-18 11:29:08.226","DISPLAY\SAM7B0C\7&16b8ddb4&0&UID256","SAM7B0C"
"2026-09-18 11:29:52.027","DISPLAY\SAM7B0C\7&16b8ddb4&0&UID256","SAM7B0C"
"2026-09-18 11:30:41.427","DISPLAY\SAM7B0C\7&16b8ddb4&0&UID256","SAM7B0C"
"2026-09-18 11:31:21.909","DISPLAY\SAM7B0C\7&16b8ddb4&0&UID256","SAM7B0C"
"2026-09-18 11:32:08.401","DISPLAY\SAM7B0C\7&16b8ddb4&0&UID256","SAM7B0C"
"2026-09-18 11:32:52.188","DISPLAY\SAM7B0C\7&16b8ddb4&0&UID256","SAM7B0C"
"2026-09-18 11:33:38.219","DISPLAY\SAM7B0C\7&16b8ddb4&0&UID256","SAM7B0C"
"2026-09-18 11:34:38.446","DISPLAY\SAM7B0C\7&16b8ddb4&0&UID256","SAM7B0C"
"2026-09-18 11:35:22.265","DISPLAY\SAM7B0C\7&16b8ddb4&0&UID256","SAM7B0C"
"2026-09-18 11:36:02.990","DISPLAY\SAM7B0C\7&16b8ddb4&0&UID256","SAM7B0C"
"2026-09-18 11:36:44.323","DISPLAY\SAM7B0C\7&16b8ddb4&0&UID256","SAM7B0C"
"2026-09-18 11:37:28.140","DISPLAY\SAM7B0C\7&16b8ddb4&0&UID256","SAM7B0C"
"2026-09-18 11:38:09.313","DISPLAY\SAM7B0C\7&16b8ddb4&0&UID256","SAM7B0C"
"2026-09-18 11:38:52.317","DISPLAY\SAM7B0C\7&16b8ddb4&0&UID256","SAM7B0C"
"2026-09-18 11:38:52.660","DISPLAY\Default_Monitor\7&16b8ddb4&0&UID256","Default_Monitor"
"2026-09-18 11:39:36.400","DISPLAY\SAM7B0C\7&16b8ddb4&0&UID256","SAM7B0C"
"2026-09-18 11:39:36.744","DISPLAY\Default_Monitor\7&16b8ddb4&0&UID256","Default_Monitor"
"2026-09-18 11:40:22.103","DISPLAY\SAM7B0C\7&16b8ddb4&0&UID256","SAM7B0C"
"2026-09-18 11:40:22.431","DISPLAY\Default_Monitor\7&16b8ddb4&0&UID256","Default_Monitor"
"2026-09-18 11:41:06.259","DISPLAY\SAM7B0C\7&16b8ddb4&0&UID256","SAM7B0C"
"2026-09-18 11:41:06.602","DISPLAY\Default_Monitor\7&16b8ddb4&0&UID256","Default_Monitor"
"2026-09-18 11:41:51.660","DISPLAY\SAM7B0C\7&16b8ddb4&0&UID256","SAM7B0C"
"2026-09-18 11:43:22.540","DISPLAY\SAM7B0C\7&16b8ddb4&0&UID256","SAM7B0C"
"2026-09-18 11:44:06.442","DISPLAY\SAM7B0C\7&16b8ddb4&0&UID256","SAM7B0C"
"2026-09-18 11:44:52.371","DISPLAY\SAM7B0C\7&16b8ddb4&0&UID256","SAM7B0C"
"2026-09-18 11:44:52.700","DISPLAY\Default_Monitor\7&16b8ddb4&0&UID256","Default_Monitor"
"2026-09-18 11:45:41.102","DISPLAY\SAM7B0C\7&16b8ddb4&0&UID256","SAM7B0C"
"2026-09-18 11:46:21.571","DISPLAY\SAM7B0C\7&16b8ddb4&0&UID256","SAM7B0C"
"2026-09-18 11:47:06.540","DISPLAY\SAM7B0C\7&16b8ddb4&0&UID256","SAM7B0C"
"2026-09-18 11:47:06.885","DISPLAY\Default_Monitor\7&16b8ddb4&0&UID256","Default_Monitor"
"2026-09-18 11:47:52.551","DISPLAY\SAM7B0C\7&16b8ddb4&0&UID256","SAM7B0C"
"2026-09-18 11:48:36.436","DISPLAY\SAM7B0C\7&16b8ddb4&0&UID256","SAM7B0C"
"2026-09-18 11:49:22.091","DISPLAY\SAM7B0C\7&16b8ddb4&0&UID256","SAM7B0C"
"2026-09-18 11:49:22.437","DISPLAY\Default_Monitor\7&16b8ddb4&0&UID256","Default_Monitor"
"2026-09-18 11:50:06.301","DISPLAY\SAM7B0C\7&16b8ddb4&0&UID256","SAM7B0C"
"2026-09-18 11:50:52.476","DISPLAY\SAM7B0C\7&16b8ddb4&0&UID256","SAM7B0C"
"2026-09-18 11:50:52.805","DISPLAY\Default_Monitor\7&16b8ddb4&0&UID256","Default_Monitor"
"2026-09-18 11:51:36.505","DISPLAY\SAM7B0C\7&16b8ddb4&0&UID256","SAM7B0C"
"2026-09-18 11:51:36.849","DISPLAY\Default_Monitor\7&16b8ddb4&0&UID256","Default_Monitor"
"2026-09-18 11:52:36.647","DISPLAY\SAM7B0C\7&16b8ddb4&0&UID256","SAM7B0C"
"2026-09-18 11:53:20.448","DISPLAY\SAM7B0C\7&16b8ddb4&0&UID256","SAM7B0C"
"2026-09-18 11:53:20.776","DISPLAY\Default_Monitor\7&16b8ddb4&0&UID256","Default_Monitor"
"2026-09-18 11:54:03.016","DISPLAY\SAM7B0C\7&16b8ddb4&0&UID256","SAM7B0C"
"2026-09-18 11:54:03.362","DISPLAY\Default_Monitor\7&16b8ddb4&0&UID256","Default_Monitor"
"2026-09-18 11:54:50.643","DISPLAY\SAM7B0C\7&16b8ddb4&0&UID256","SAM7B0C"
"2026-09-18 11:55:44.778","DISPLAY\SAM7B0C\7&16b8ddb4&0&UID256","SAM7B0C"
"2026-09-18 11:56:26.516","DISPLAY\SAM7B0C\7&16b8ddb4&0&UID256","SAM7B0C"
"2026-09-18 11:57:10.166","DISPLAY\SAM7B0C\7&16b8ddb4&0&UID256","SAM7B0C"
"2026-09-18 11:57:54.654","DISPLAY\SAM7B0C\7&16b8ddb4&0&UID256","SAM7B0C"
"2026-09-18 11:59:01.222","DISPLAY\SAM7B0C\7&16b8ddb4&0&UID256","SAM7B0C"
"2026-09-18 11:59:55.403","DISPLAY\SAM7B0C\7&16b8ddb4&0&UID256","SAM7B0C"
"2026-09-18 12:00:40.729","DISPLAY\SAM7B0C\7&16b8ddb4&0&UID256","SAM7B0C"
"2026-09-18 12:00:41.074","DISPLAY\Default_Monitor\7&16b8ddb4&0&UID256","Default_Monitor"
"2026-09-18 12:01:24.575","DISPLAY\SAM7B0C\7&16b8ddb4&0&UID256","SAM7B0C"
"2026-09-18 12:02:06.341","DISPLAY\SAM7B0C\7&16b8ddb4&0&UID256","SAM7B0C"
"2026-09-18 12:02:54.669","DISPLAY\SAM7B0C\7&16b8ddb4&0&UID256","SAM7B0C"
"2026-09-18 12:02:55.015","DISPLAY\Default_Monitor\7&16b8ddb4&0&UID256","Default_Monitor"
"2026-09-18 12:03:38.818","DISPLAY\SAM7B0C\7&16b8ddb4&0&UID256","SAM7B0C"
"2026-09-18 12:03:39.179","DISPLAY\Default_Monitor\7&16b8ddb4&0&UID256","Default_Monitor"
"2026-09-18 12:04:23.275","DISPLAY\SAM7B0C\7&16b8ddb4&0&UID256","SAM7B0C"
"2026-09-18 12:05:08.843","DISPLAY\SAM7B0C\7&16b8ddb4&0&UID256","SAM7B0C"
"2026-09-18 12:06:51.758","DISPLAY\SAM7B0C\7&16b8ddb4&0&UID256","SAM7B0C"
"2026-09-18 12:07:35.847","DISPLAY\SAM7B0C\7&16b8ddb4&0&UID256","SAM7B0C"
"2026-09-18 12:07:36.173","DISPLAY\Default_Monitor\7&16b8ddb4&0&UID256","Default_Monitor"
"2026-09-18 12:08:17.727","DISPLAY\SAM7B0C\7&16b8ddb4&0&UID256","SAM7B0C"
"2026-09-18 12:09:09.842","DISPLAY\SAM7B0C\7&16b8ddb4&0&UID256","SAM7B0C"
"2026-09-18 12:09:53.734","DISPLAY\SAM7B0C\7&16b8ddb4&0&UID256","SAM7B0C"
"2026-09-18 12:10:35.515","DISPLAY\SAM7B0C\7&16b8ddb4&0&UID256","SAM7B0C"
"2026-09-18 12:11:52.790","DISPLAY\SAM7B0C\7&16b8ddb4&0&UID256","SAM7B0C"
"2026-09-18 12:12:36.707","DISPLAY\SAM7B0C\7&16b8ddb4&0&UID256","SAM7B0C"
"2026-09-18 12:13:22.719","DISPLAY\SAM7B0C\7&16b8ddb4&0&UID256","SAM7B0C"
"2026-09-18 12:14:06.702","DISPLAY\SAM7B0C\7&16b8ddb4&0&UID256","SAM7B0C"
"2026-09-18 12:14:52.750","DISPLAY\SAM7B0C\7&16b8ddb4&0&UID256","SAM7B0C"
"2026-09-18 12:15:41.881","DISPLAY\SAM7B0C\7&16b8ddb4&0&UID256","SAM7B0C"
"2026-09-18 12:16:23.884","DISPLAY\SAM7B0C\7&16b8ddb4&0&UID256","SAM7B0C"
"2026-09-18 12:16:24.230","DISPLAY\Default_Monitor\7&16b8ddb4&0&UID256","Default_Monitor"
"2026-09-18 12:17:07.908","DISPLAY\SAM7B0C\7&16b8ddb4&0&UID256","SAM7B0C"
"2026-09-18 12:17:53.385","DISPLAY\SAM7B0C\7&16b8ddb4&0&UID256","SAM7B0C"
"2026-09-18 12:18:37.879","DISPLAY\SAM7B0C\7&16b8ddb4&0&UID256","SAM7B0C"
"2026-09-18 12:19:23.886","DISPLAY\SAM7B0C\7&16b8ddb4&0&UID256","SAM7B0C"
"2026-09-18 12:20:07.880","DISPLAY\SAM7B0C\7&16b8ddb4&0&UID256","SAM7B0C"
"2026-09-18 12:20:53.867","DISPLAY\SAM7B0C\7&16b8ddb4&0&UID256","SAM7B0C"
"2026-09-18 12:21:40.873","DISPLAY\SAM7B0C\7&16b8ddb4&0&UID256","SAM7B0C"
"2026-09-18 12:22:37.894","DISPLAY\SAM7B0C\7&16b8ddb4&0&UID256","SAM7B0C"
"2026-09-18 12:23:21.733","DISPLAY\SAM7B0C\7&16b8ddb4&0&UID256","SAM7B0C"
"2026-09-18 12:24:04.374","DISPLAY\SAM7B0C\7&16b8ddb4&0&UID256","SAM7B0C"
"2026-09-18 12:24:51.901","DISPLAY\SAM7B0C\7&16b8ddb4&0&UID256","SAM7B0C"
"2026-09-18 12:25:35.540","DISPLAY\SAM7B0C\7&16b8ddb4&0&UID256","SAM7B0C"
"2026-09-18 12:26:16.824","DISPLAY\SAM7B0C\7&16b8ddb4&0&UID256","SAM7B0C"
"2026-09-18 12:26:17.182","DISPLAY\Default_Monitor\7&16b8ddb4&0&UID256","Default_Monitor"
"2026-09-18 12:27:04.762","DISPLAY\SAM7B0C\7&16b8ddb4&0&UID256","SAM7B0C"
"2026-09-18 12:27:54.008","DISPLAY\SAM7B0C\7&16b8ddb4&0&UID256","SAM7B0C"
"2026-09-18 12:28:34.782","DISPLAY\SAM7B0C\7&16b8ddb4&0&UID256","SAM7B0C"
"2026-09-18 12:29:18.828","DISPLAY\SAM7B0C\7&16b8ddb4&0&UID256","SAM7B0C"
"2026-09-18 12:29:19.170","DISPLAY\Default_Monitor\7&16b8ddb4&0&UID256","Default_Monitor"
"2026-09-18 12:30:04.784","DISPLAY\SAM7B0C\7&16b8ddb4&0&UID256","SAM7B0C"
"2026-09-18 12:30:48.417","DISPLAY\SAM7B0C\7&16b8ddb4&0&UID256","SAM7B0C"
"2026-09-18 12:30:48.726","DISPLAY\Default_Monitor\7&16b8ddb4&0&UID256","Default_Monitor"
"2026-09-18 12:31:34.671","DISPLAY\SAM7B0C\7&16b8ddb4&0&UID256","SAM7B0C"
"2026-09-18 12:32:18.658","DISPLAY\SAM7B0C\7&16b8ddb4&0&UID256","SAM7B0C"
"2026-09-18 12:33:04.787","DISPLAY\SAM7B0C\7&16b8ddb4&0&UID256","SAM7B0C"
"2026-09-18 12:33:48.753","DISPLAY\SAM7B0C\7&16b8ddb4&0&UID256","SAM7B0C"
"2026-09-18 12:34:34.784","DISPLAY\SAM7B0C\7&16b8ddb4&0&UID256","SAM7B0C"
"2026-09-18 12:35:18.841","DISPLAY\SAM7B0C\7&16b8ddb4&0&UID256","SAM7B0C"
"2026-09-18 12:36:51.709","DISPLAY\SAM7B0C\7&16b8ddb4&0&UID256","SAM7B0C"
"2026-09-18 12:36:52.086","DISPLAY\Default_Monitor\7&16b8ddb4&0&UID256","Default_Monitor"
"2026-09-18 12:37:35.670","DISPLAY\SAM7B0C\7&16b8ddb4&0&UID256","SAM7B0C"
"2026-09-18 12:37:36.032","DISPLAY\Default_Monitor\7&16b8ddb4&0&UID256","Default_Monitor"
"2026-09-18 12:38:17.774","DISPLAY\SAM7B0C\7&16b8ddb4&0&UID256","SAM7B0C"
"2026-09-18 12:39:04.418","DISPLAY\SAM7B0C\7&16b8ddb4&0&UID256","SAM7B0C"
"2026-09-18 12:39:47.966","DISPLAY\SAM7B0C\7&16b8ddb4&0&UID256","SAM7B0C"
"2026-09-18 12:39:48.325","DISPLAY\Default_Monitor\7&16b8ddb4&0&UID256","Default_Monitor"
"2026-09-18 12:40:34.513","DISPLAY\SAM7B0C\7&16b8ddb4&0&UID256","SAM7B0C"
"2026-09-18 12:40:34.890","DISPLAY\Default_Monitor\7&16b8ddb4&0&UID256","Default_Monitor"
"2026-09-18 12:41:18.778","DISPLAY\SAM7B0C\7&16b8ddb4&0&UID256","SAM7B0C"
"2026-09-18 12:42:04.937","DISPLAY\SAM7B0C\7&16b8ddb4&0&UID256","SAM7B0C"
"2026-09-18 12:42:05.265","DISPLAY\Default_Monitor\7&16b8ddb4&0&UID256","Default_Monitor"
"2026-09-18 12:43:29.946","DISPLAY\SAM7B0C\7&16b8ddb4&0&UID256","SAM7B0C"
"2026-09-18 12:44:11.935","DISPLAY\SAM7B0C\7&16b8ddb4&0&UID256","SAM7B0C"
"2026-09-18 12:44:55.808","DISPLAY\SAM7B0C\7&16b8ddb4&0&UID256","SAM7B0C"
"2026-09-18 12:45:43.096","DISPLAY\SAM7B0C\7&16b8ddb4&0&UID256","SAM7B0C"
"2026-09-18 12:45:43.440","DISPLAY\Default_Monitor\7&16b8ddb4&0&UID256","Default_Monitor"
"2026-09-18 12:46:27.227","DISPLAY\SAM7B0C\7&16b8ddb4&0&UID256","SAM7B0C"
"2026-09-18 12:47:19.677","DISPLAY\SAM7B0C\7&16b8ddb4&0&UID256","SAM7B0C"
"2026-09-18 12:48:03.217","DISPLAY\SAM7B0C\7&16b8ddb4&0&UID256","SAM7B0C"
"2026-09-18 12:48:45.106","DISPLAY\SAM7B0C\7&16b8ddb4&0&UID256","SAM7B0C"
"2026-09-18 12:48:45.451","DISPLAY\Default_Monitor\7&16b8ddb4&0&UID256","Default_Monitor"
"2026-09-18 12:49:33.241","DISPLAY\SAM7B0C\7&16b8ddb4&0&UID256","SAM7B0C"
"2026-09-18 12:50:17.250","DISPLAY\SAM7B0C\7&16b8ddb4&0&UID256","SAM7B0C"
"2026-09-18 12:51:04.710","DISPLAY\SAM7B0C\7&16b8ddb4&0&UID256","SAM7B0C"
"2026-09-18 12:51:48.241","DISPLAY\SAM7B0C\7&16b8ddb4&0&UID256","SAM7B0C"
"2026-09-18 12:51:48.586","DISPLAY\Default_Monitor\7&16b8ddb4&0&UID256","Default_Monitor"
"2026-09-18 12:52:34.592","DISPLAY\SAM7B0C\7&16b8ddb4&0&UID256","SAM7B0C"
"2026-09-18 12:53:18.344","DISPLAY\SAM7B0C\7&16b8ddb4&0&UID256","SAM7B0C"
"2026-09-18 12:53:18.689","DISPLAY\Default_Monitor\7&16b8ddb4&0&UID256","Default_Monitor"
"2026-09-18 12:53:57.478","DISPLAY\SAM7B0C\7&16b8ddb4&0&UID256","SAM7B0C"
"2026-09-18 12:54:43.340","DISPLAY\SAM7B0C\7&16b8ddb4&0&UID256","SAM7B0C"
"2026-09-18 12:54:43.686","DISPLAY\Default_Monitor\7&16b8ddb4&0&UID256","Default_Monitor"
"2026-09-18 12:55:27.533","DISPLAY\SAM7B0C\7&16b8ddb4&0&UID256","SAM7B0C"
"2026-09-18 12:55:27.909","DISPLAY\Default_Monitor\7&16b8ddb4&0&UID256","Default_Monitor"
"2026-09-18 12:56:09.170","DISPLAY\SAM7B0C\7&16b8ddb4&0&UID256","SAM7B0C"
"2026-09-18 12:56:54.544","DISPLAY\SAM7B0C\7&16b8ddb4&0&UID256","SAM7B0C"
"2026-09-18 12:57:38.599","DISPLAY\SAM7B0C\7&16b8ddb4&0&UID256","SAM7B0C"
"2026-09-18 12:58:24.057","DISPLAY\SAM7B0C\7&16b8ddb4&0&UID256","SAM7B0C"
"2026-09-18 12:58:24.403","DISPLAY\Default_Monitor\7&16b8ddb4&0&UID256","Default_Monitor"
"2026-09-18 12:59:08.250","DISPLAY\SAM7B0C\7&16b8ddb4&0&UID256","SAM7B0C"
"2026-09-18 12:59:53.956","DISPLAY\SAM7B0C\7&16b8ddb4&0&UID256","SAM7B0C"
"2026-09-18 13:00:42.705","DISPLAY\SAM7B0C\7&16b8ddb4&0&UID256","SAM7B0C"
"2026-09-18 13:01:38.637","DISPLAY\SAM7B0C\7&16b8ddb4&0&UID256","SAM7B0C"
"2026-09-18 13:01:38.982","DISPLAY\Default_Monitor\7&16b8ddb4&0&UID256","Default_Monitor"
"2026-09-18 13:02:22.545","DISPLAY\SAM7B0C\7&16b8ddb4&0&UID256","SAM7B0C"
"2026-09-18 13:03:05.630","DISPLAY\SAM7B0C\7&16b8ddb4&0&UID256","SAM7B0C"
"2026-09-18 13:03:52.793","DISPLAY\SAM7B0C\7&16b8ddb4&0&UID256","SAM7B0C"
"2026-09-18 13:04:35.592","DISPLAY\SAM7B0C\7&16b8ddb4&0&UID256","SAM7B0C"
"2026-09-18 13:05:22.790","DISPLAY\SAM7B0C\7&16b8ddb4&0&UID256","SAM7B0C"
"2026-09-18 13:06:05.603","DISPLAY\SAM7B0C\7&16b8ddb4&0&UID256","SAM7B0C"
"2026-09-18 13:06:52.795","DISPLAY\SAM7B0C\7&16b8ddb4&0&UID256","SAM7B0C"
"2026-09-18 13:07:35.669","DISPLAY\SAM7B0C\7&16b8ddb4&0&UID256","SAM7B0C"
"2026-09-18 13:08:22.783","DISPLAY\SAM7B0C\7&16b8ddb4&0&UID256","SAM7B0C"
"2026-09-18 13:08:23.176","DISPLAY\Default_Monitor\7&16b8ddb4&0&UID256","Default_Monitor"
"2026-09-18 13:09:05.668","DISPLAY\SAM7B0C\7&16b8ddb4&0&UID256","SAM7B0C"
"2026-09-18 13:10:03.722","DISPLAY\SAM7B0C\7&16b8ddb4&0&UID256","SAM7B0C"
"2026-09-18 13:10:52.970","DISPLAY\SAM7B0C\7&16b8ddb4&0&UID256","SAM7B0C"
"2026-09-18 13:10:53.364","DISPLAY\Default_Monitor\7&16b8ddb4&0&UID256","Default_Monitor"
"2026-09-18 13:12:06.667","DISPLAY\SAM7B0C\7&16b8ddb4&0&UID256","SAM7B0C"
"2026-09-18 13:13:50.164","DISPLAY\SAM7B0C\7&16b8ddb4&0&UID256","SAM7B0C"
"2026-09-18 13:13:50.507","DISPLAY\Default_Monitor\7&16b8ddb4&0&UID256","Default_Monitor"
"2026-09-18 13:14:34.200","DISPLAY\SAM7B0C\7&16b8ddb4&0&UID256","SAM7B0C"
"2026-09-18 13:15:26.883","DISPLAY\SAM7B0C\7&16b8ddb4&0&UID256","SAM7B0C"
"2026-09-18 13:16:37.193","DISPLAY\SAM7B0C\7&16b8ddb4&0&UID256","SAM7B0C"
"2026-09-18 13:17:21.231","DISPLAY\SAM7B0C\7&16b8ddb4&0&UID256","SAM7B0C"
"2026-09-18 13:18:07.441","DISPLAY\SAM7B0C\7&16b8ddb4&0&UID256","SAM7B0C"
"2026-09-18 13:18:07.836","DISPLAY\Default_Monitor\7&16b8ddb4&0&UID256","Default_Monitor"
"2026-09-18 13:18:51.478","DISPLAY\SAM7B0C\7&16b8ddb4&0&UID256","SAM7B0C"
"2026-09-18 13:19:37.439","DISPLAY\SAM7B0C\7&16b8ddb4&0&UID256","SAM7B0C"
"2026-09-18 13:20:21.493","DISPLAY\SAM7B0C\7&16b8ddb4&0&UID256","SAM7B0C"
"2026-09-18 13:21:07.505","DISPLAY\SAM7B0C\7&16b8ddb4&0&UID256","SAM7B0C"
"2026-09-18 13:21:07.867","DISPLAY\Default_Monitor\7&16b8ddb4&0&UID256","Default_Monitor"
"2026-09-18 13:21:51.522","DISPLAY\SAM7B0C\7&16b8ddb4&0&UID256","SAM7B0C"
"2026-09-18 13:21:51.914","DISPLAY\Default_Monitor\7&16b8ddb4&0&UID256","Default_Monitor"
"2026-09-18 13:22:37.727","DISPLAY\SAM7B0C\7&16b8ddb4&0&UID256","SAM7B0C"
"2026-09-18 13:23:21.563","DISPLAY\SAM7B0C\7&16b8ddb4&0&UID256","SAM7B0C"
"2026-09-18 13:24:07.633","DISPLAY\SAM7B0C\7&16b8ddb4&0&UID256","SAM7B0C"
"2026-09-18 13:24:51.628","DISPLAY\SAM7B0C\7&16b8ddb4&0&UID256","SAM7B0C"
"2026-09-18 13:25:37.527","DISPLAY\SAM7B0C\7&16b8ddb4&0&UID256","SAM7B0C"
"2026-09-18 13:26:21.624","DISPLAY\SAM7B0C\7&16b8ddb4&0&UID256","SAM7B0C"
"2026-09-18 13:26:21.988","DISPLAY\Default_Monitor\7&16b8ddb4&0&UID256","Default_Monitor"
"2026-09-18 13:27:08.875","DISPLAY\SAM7B0C\7&16b8ddb4&0&UID256","SAM7B0C"
"2026-09-18 13:28:04.884","DISPLAY\SAM7B0C\7&16b8ddb4&0&UID256","SAM7B0C"
"2026-09-18 13:29:02.895","DISPLAY\SAM7B0C\7&16b8ddb4&0&UID256","SAM7B0C"
"2026-09-18 13:29:57.199","DISPLAY\SAM7B0C\7&16b8ddb4&0&UID256","SAM7B0C"
"2026-09-18 13:30:45.880","DISPLAY\SAM7B0C\7&16b8ddb4&0&UID256","SAM7B0C"
"2026-09-18 13:30:46.289","DISPLAY\Default_Monitor\7&16b8ddb4&0&UID256","Default_Monitor"
"2026-09-18 13:31:29.715","DISPLAY\SAM7B0C\7&16b8ddb4&0&UID256","SAM7B0C"
"2026-09-18 13:32:11.091","DISPLAY\SAM7B0C\7&16b8ddb4&0&UID256","SAM7B0C"
"2026-09-18 13:32:57.426","DISPLAY\SAM7B0C\7&16b8ddb4&0&UID256","SAM7B0C"
"2026-09-18 13:33:41.076","DISPLAY\SAM7B0C\7&16b8ddb4&0&UID256","SAM7B0C"
"2026-09-18 13:34:27.117","DISPLAY\SAM7B0C\7&16b8ddb4&0&UID256","SAM7B0C"
"2026-09-18 13:35:11.078","DISPLAY\SAM7B0C\7&16b8ddb4&0&UID256","SAM7B0C"
"2026-09-18 13:36:11.097","DISPLAY\SAM7B0C\7&16b8ddb4&0&UID256","SAM7B0C"
"2026-09-18 13:36:55.060","DISPLAY\SAM7B0C\7&16b8ddb4&0&UID256","SAM7B0C"
"2026-09-18 13:36:55.424","DISPLAY\Default_Monitor\7&16b8ddb4&0&UID256","Default_Monitor"
"2026-09-18 13:37:38.061","DISPLAY\SAM7B0C\7&16b8ddb4&0&UID256","SAM7B0C"
"2026-09-18 13:38:24.698","DISPLAY\SAM7B0C\7&16b8ddb4&0&UID256","SAM7B0C"
"2026-09-18 13:39:08.160","DISPLAY\SAM7B0C\7&16b8ddb4&0&UID256","SAM7B0C"
"2026-09-18 13:39:08.572","DISPLAY\Default_Monitor\7&16b8ddb4&0&UID256","Default_Monitor"
"2026-09-18 13:40:05.436","DISPLAY\SAM7B0C\7&16b8ddb4&0&UID256","SAM7B0C"
"2026-09-18 13:41:05.425","DISPLAY\SAM7B0C\7&16b8ddb4&0&UID256","SAM7B0C"
"2026-09-18 13:41:59.789","DISPLAY\SAM7B0C\7&16b8ddb4&0&UID256","SAM7B0C"
"2026-09-18 13:42:54.422","DISPLAY\SAM7B0C\7&16b8ddb4&0&UID256","SAM7B0C"
"2026-09-18 13:43:39.508","DISPLAY\SAM7B0C\7&16b8ddb4&0&UID256","SAM7B0C"
"2026-09-18 13:44:23.308","DISPLAY\SAM7B0C\7&16b8ddb4&0&UID256","SAM7B0C"
"2026-09-18 13:45:09.723","DISPLAY\SAM7B0C\7&16b8ddb4&0&UID256","SAM7B0C"
"2026-09-18 13:45:53.175","DISPLAY\SAM7B0C\7&16b8ddb4&0&UID256","SAM7B0C"
"2026-09-18 13:46:39.709","DISPLAY\SAM7B0C\7&16b8ddb4&0&UID256","SAM7B0C"
"2026-09-18 13:47:23.344","DISPLAY\SAM7B0C\7&16b8ddb4&0&UID256","SAM7B0C"
"2026-09-18 13:48:20.180","DISPLAY\SAM7B0C\7&16b8ddb4&0&UID256","SAM7B0C"
"2026-09-18 13:49:04.293","DISPLAY\SAM7B0C\7&16b8ddb4&0&UID256","SAM7B0C"
"2026-09-18 13:49:04.653","DISPLAY\Default_Monitor\7&16b8ddb4&0&UID256","Default_Monitor"
"2026-09-18 13:49:46.481","DISPLAY\SAM7B0C\7&16b8ddb4&0&UID256","SAM7B0C"
"2026-09-18 13:50:28.387","DISPLAY\SAM7B0C\7&16b8ddb4&0&UID256","SAM7B0C"
"2026-09-18 13:50:28.766","DISPLAY\Default_Monitor\7&16b8ddb4&0&UID256","Default_Monitor"
"2026-09-18 13:51:12.512","DISPLAY\SAM7B0C\7&16b8ddb4&0&UID256","SAM7B0C"
"2026-09-18 13:51:54.529","DISPLAY\SAM7B0C\7&16b8ddb4&0&UID256","SAM7B0C"
"2026-09-18 13:52:40.497","DISPLAY\SAM7B0C\7&16b8ddb4&0&UID256","SAM7B0C"
"2026-09-18 13:53:24.574","DISPLAY\SAM7B0C\7&16b8ddb4&0&UID256","SAM7B0C"
"2026-09-18 13:54:10.513","DISPLAY\SAM7B0C\7&16b8ddb4&0&UID256","SAM7B0C"
"2026-09-18 13:54:54.572","DISPLAY\SAM7B0C\7&16b8ddb4&0&UID256","SAM7B0C"
"2026-09-18 13:55:54.240","DISPLAY\SAM7B0C\7&16b8ddb4&0&UID256","SAM7B0C"
"2026-09-18 13:57:00.641","DISPLAY\SAM7B0C\7&16b8ddb4&0&UID256","SAM7B0C"
"2026-09-18 13:58:04.696","DISPLAY\SAM7B0C\7&16b8ddb4&0&UID256","SAM7B0C"
"2026-09-18 13:58:46.585","DISPLAY\SAM7B0C\7&16b8ddb4&0&UID256","SAM7B0C"
"2026-09-18 13:59:28.610","DISPLAY\SAM7B0C\7&16b8ddb4&0&UID256","SAM7B0C"
"2026-09-18 14:00:14.752","DISPLAY\SAM7B0C\7&16b8ddb4&0&UID256","SAM7B0C"
"2026-09-18 14:01:29.792","DISPLAY\SAM7B0C\7&16b8ddb4&0&UID256","SAM7B0C"
"2026-09-18 14:02:13.657","DISPLAY\SAM7B0C\7&16b8ddb4&0&UID256","SAM7B0C"
"2026-09-18 14:02:14.033","DISPLAY\Default_Monitor\7&16b8ddb4&0&UID256","Default_Monitor"
"2026-09-18 14:02:59.708","DISPLAY\SAM7B0C\7&16b8ddb4&0&UID256","SAM7B0C"
"2026-09-18 14:03:43.818","DISPLAY\SAM7B0C\7&16b8ddb4&0&UID256","SAM7B0C"
"2026-09-18 14:04:29.752","DISPLAY\SAM7B0C\7&16b8ddb4&0&UID256","SAM7B0C"
"2026-09-18 14:05:13.849","DISPLAY\SAM7B0C\7&16b8ddb4&0&UID256","SAM7B0C"
"2026-09-18 14:05:59.756","DISPLAY\SAM7B0C\7&16b8ddb4&0&UID256","SAM7B0C"
"2026-09-18 14:06:43.867","DISPLAY\SAM7B0C\7&16b8ddb4&0&UID256","SAM7B0C"
"2026-09-18 14:07:43.321","DISPLAY\SAM7B0C\7&16b8ddb4&0&UID256","SAM7B0C"
"2026-09-18 14:07:43.747","DISPLAY\Default_Monitor\7&16b8ddb4&0&UID256","Default_Monitor"
"2026-09-18 14:08:27.258","DISPLAY\SAM7B0C\7&16b8ddb4&0&UID256","SAM7B0C"
"2026-09-18 14:08:27.669","DISPLAY\Default_Monitor\7&16b8ddb4&0&UID256","Default_Monitor"
"2026-09-18 14:09:10.403","DISPLAY\SAM7B0C\7&16b8ddb4&0&UID256","SAM7B0C"
"2026-09-18 14:09:57.633","DISPLAY\SAM7B0C\7&16b8ddb4&0&UID256","SAM7B0C"
"2026-09-18 14:10:40.470","DISPLAY\SAM7B0C\7&16b8ddb4&0&UID256","SAM7B0C"
"2026-09-18 14:10:40.896","DISPLAY\Default_Monitor\7&16b8ddb4&0&UID256","Default_Monitor"
"2026-09-18 14:11:27.867","DISPLAY\SAM7B0C\7&16b8ddb4&0&UID256","SAM7B0C"
"2026-09-18 14:12:11.569","DISPLAY\SAM7B0C\7&16b8ddb4&0&UID256","SAM7B0C"
"2026-09-18 14:12:54.489","DISPLAY\SAM7B0C\7&16b8ddb4&0&UID256","SAM7B0C"
"2026-09-18 14:12:54.899","DISPLAY\Default_Monitor\7&16b8ddb4&0&UID256","Default_Monitor"
"2026-09-18 14:13:40.752","DISPLAY\SAM7B0C\7&16b8ddb4&0&UID256","SAM7B0C"
"2026-09-18 14:14:24.816","DISPLAY\SAM7B0C\7&16b8ddb4&0&UID256","SAM7B0C"
"2026-09-18 14:15:10.739","DISPLAY\SAM7B0C\7&16b8ddb4&0&UID256","SAM7B0C"
"2026-09-18 14:15:54.395","DISPLAY\SAM7B0C\7&16b8ddb4&0&UID256","SAM7B0C"
"2026-09-18 14:16:40.664","DISPLAY\SAM7B0C\7&16b8ddb4&0&UID256","SAM7B0C"
"2026-09-18 14:17:24.786","DISPLAY\SAM7B0C\7&16b8ddb4&0&UID256","SAM7B0C"
"2026-09-18 14:18:10.715","DISPLAY\SAM7B0C\7&16b8ddb4&0&UID256","SAM7B0C"
"2026-09-18 14:18:54.761","DISPLAY\SAM7B0C\7&16b8ddb4&0&UID256","SAM7B0C"
"2026-09-18 14:19:40.824","DISPLAY\SAM7B0C\7&16b8ddb4&0&UID256","SAM7B0C"
"2026-09-18 14:19:41.249","DISPLAY\Default_Monitor\7&16b8ddb4&0&UID256","Default_Monitor"
"2026-09-18 14:20:25.015","DISPLAY\SAM7B0C\7&16b8ddb4&0&UID256","SAM7B0C"
"2026-09-18 14:21:11.067","DISPLAY\SAM7B0C\7&16b8ddb4&0&UID256","SAM7B0C"
"2026-09-18 14:21:11.443","DISPLAY\Default_Monitor\7&16b8ddb4&0&UID256","Default_Monitor"
"2026-09-18 14:21:55.248","DISPLAY\SAM7B0C\7&16b8ddb4&0&UID256","SAM7B0C"
"2026-09-18 14:22:41.173","DISPLAY\SAM7B0C\7&16b8ddb4&0&UID256","SAM7B0C"
"2026-09-18 14:23:25.258","DISPLAY\SAM7B0C\7&16b8ddb4&0&UID256","SAM7B0C"
"2026-09-18 14:24:11.222","DISPLAY\SAM7B0C\7&16b8ddb4&0&UID256","SAM7B0C"
"2026-09-18 14:24:11.617","DISPLAY\Default_Monitor\7&16b8ddb4&0&UID256","Default_Monitor"
"2026-09-18 14:24:55.287","DISPLAY\SAM7B0C\7&16b8ddb4&0&UID256","SAM7B0C"
"2026-09-18 14:25:41.169","DISPLAY\SAM7B0C\7&16b8ddb4&0&UID256","SAM7B0C"
"2026-09-18 14:26:25.270","DISPLAY\SAM7B0C\7&16b8ddb4&0&UID256","SAM7B0C"
"2026-09-18 14:27:11.316","DISPLAY\SAM7B0C\7&16b8ddb4&0&UID256","SAM7B0C"
"2026-09-18 14:28:00.417","DISPLAY\SAM7B0C\7&16b8ddb4&0&UID256","SAM7B0C"
"2026-09-18 14:28:41.529","DISPLAY\SAM7B0C\7&16b8ddb4&0&UID256","SAM7B0C"
"2026-09-18 14:29:25.293","DISPLAY\SAM7B0C\7&16b8ddb4&0&UID256","SAM7B0C"
"2026-09-18 14:30:11.264","DISPLAY\SAM7B0C\7&16b8ddb4&0&UID256","SAM7B0C"
"2026-09-18 14:30:11.657","DISPLAY\Default_Monitor\7&16b8ddb4&0&UID256","Default_Monitor"
"2026-09-18 14:30:55.308","DISPLAY\SAM7B0C\7&16b8ddb4&0&UID256","SAM7B0C"
"2026-09-18 14:30:55.750","DISPLAY\Default_Monitor\7&16b8ddb4&0&UID256","Default_Monitor"
"2026-09-18 14:31:40.982","DISPLAY\SAM7B0C\7&16b8ddb4&0&UID256","SAM7B0C"
"2026-09-18 14:32:25.827","DISPLAY\SAM7B0C\7&16b8ddb4&0&UID256","SAM7B0C"
"2026-09-18 14:33:10.819","DISPLAY\SAM7B0C\7&16b8ddb4&0&UID256","SAM7B0C"
"2026-09-18 14:33:11.246","DISPLAY\Default_Monitor\7&16b8ddb4&0&UID256","Default_Monitor"
"2026-09-18 14:34:06.778","DISPLAY\SAM7B0C\7&16b8ddb4&0&UID256","SAM7B0C"
"2026-09-18 14:34:55.369","DISPLAY\SAM7B0C\7&16b8ddb4&0&UID256","SAM7B0C"
"2026-09-18 14:36:00.258","DISPLAY\SAM7B0C\7&16b8ddb4&0&UID256","SAM7B0C"
"2026-09-18 14:36:44.125","DISPLAY\SAM7B0C\7&16b8ddb4&0&UID256","SAM7B0C"
"2026-09-18 14:36:44.518","DISPLAY\Default_Monitor\7&16b8ddb4&0&UID256","Default_Monitor"
"2026-09-18 14:37:30.135","DISPLAY\SAM7B0C\7&16b8ddb4&0&UID256","SAM7B0C"
"2026-09-18 14:38:24.554","DISPLAY\SAM7B0C\7&16b8ddb4&0&UID256","SAM7B0C"
"2026-09-18 14:39:10.792","DISPLAY\SAM7B0C\7&16b8ddb4&0&UID256","SAM7B0C"
"2026-09-18 14:39:54.430","DISPLAY\SAM7B0C\7&16b8ddb4&0&UID256","SAM7B0C"
"2026-09-18 14:40:40.866","DISPLAY\SAM7B0C\7&16b8ddb4&0&UID256","SAM7B0C"
"2026-09-18 14:41:24.585","DISPLAY\SAM7B0C\7&16b8ddb4&0&UID256","SAM7B0C"
"2026-09-18 14:42:10.851","DISPLAY\SAM7B0C\7&16b8ddb4&0&UID256","SAM7B0C"
"2026-09-18 14:42:54.473","DISPLAY\SAM7B0C\7&16b8ddb4&0&UID256","SAM7B0C"
"2026-09-18 14:43:40.895","DISPLAY\SAM7B0C\7&16b8ddb4&0&UID256","SAM7B0C"
"2026-09-18 14:44:24.578","DISPLAY\SAM7B0C\7&16b8ddb4&0&UID256","SAM7B0C"
"2026-09-18 14:45:10.851","DISPLAY\SAM7B0C\7&16b8ddb4&0&UID256","SAM7B0C"
"2026-09-18 14:45:54.405","DISPLAY\SAM7B0C\7&16b8ddb4&0&UID256","SAM7B0C"
"2026-09-18 14:46:44.769","DISPLAY\SAM7B0C\7&16b8ddb4&0&UID256","SAM7B0C"
"2026-09-18 14:46:45.197","DISPLAY\Default_Monitor\7&16b8ddb4&0&UID256","Default_Monitor"
"2026-09-18 14:48:22.156","DISPLAY\SAM7B0C\7&16b8ddb4&0&UID256","SAM7B0C"
"2026-09-18 14:49:30.587","DISPLAY\SAM7B0C\7&16b8ddb4&0&UID256","SAM7B0C"
"2026-09-18 14:50:14.417","DISPLAY\SAM7B0C\7&16b8ddb4&0&UID256","SAM7B0C"
"2026-09-18 14:51:00.576","DISPLAY\SAM7B0C\7&16b8ddb4&0&UID256","SAM7B0C"
"2026-09-18 14:51:44.437","DISPLAY\SAM7B0C\7&16b8ddb4&0&UID256","SAM7B0C"
"2026-09-18 14:52:30.209","DISPLAY\SAM7B0C\7&16b8ddb4&0&UID256","SAM7B0C"
"2026-09-18 14:53:14.419","DISPLAY\SAM7B0C\7&16b8ddb4&0&UID256","SAM7B0C"
"2026-09-18 14:54:00.248","DISPLAY\SAM7B0C\7&16b8ddb4&0&UID256","SAM7B0C"
"2026-09-18 14:54:00.642","DISPLAY\Default_Monitor\7&16b8ddb4&0&UID256","Default_Monitor"
"2026-09-18 14:54:44.486","DISPLAY\SAM7B0C\7&16b8ddb4&0&UID256","SAM7B0C"
"2026-09-18 14:54:44.930","DISPLAY\Default_Monitor\7&16b8ddb4&0&UID256","Default_Monitor"
"2026-09-18 14:55:30.327","DISPLAY\SAM7B0C\7&16b8ddb4&0&UID256","SAM7B0C"
"2026-09-18 14:56:15.019","DISPLAY\SAM7B0C\7&16b8ddb4&0&UID256","SAM7B0C"
"2026-09-18 14:56:15.429","DISPLAY\Default_Monitor\7&16b8ddb4&0&UID256","Default_Monitor"
"2026-09-18 14:57:00.490","DISPLAY\SAM7B0C\7&16b8ddb4&0&UID256","SAM7B0C"
"2026-09-18 14:57:00.952","DISPLAY\Default_Monitor\7&16b8ddb4&0&UID256","Default_Monitor"
"2026-09-18 14:58:04.982","DISPLAY\SAM7B0C\7&16b8ddb4&0&UID256","SAM7B0C"
"2026-09-18 14:58:57.641","DISPLAY\SAM7B0C\7&16b8ddb4&0&UID256","SAM7B0C"
"2026-09-18 15:00:00.626","DISPLAY\SAM7B0C\7&16b8ddb4&0&UID256","SAM7B0C"
"2026-09-18 15:00:48.923","DISPLAY\SAM7B0C\7&16b8ddb4&0&UID256","SAM7B0C"
"2026-09-18 15:01:30.053","DISPLAY\SAM7B0C\7&16b8ddb4&0&UID256","SAM7B0C"
"2026-09-18 15:02:15.020","DISPLAY\SAM7B0C\7&16b8ddb4&0&UID256","SAM7B0C"
"2026-09-18 15:02:15.430","DISPLAY\Default_Monitor\7&16b8ddb4&0&UID256","Default_Monitor"
"2026-09-18 15:03:00.557","DISPLAY\SAM7B0C\7&16b8ddb4&0&UID256","SAM7B0C"
"2026-09-18 15:03:44.415","DISPLAY\SAM7B0C\7&16b8ddb4&0&UID256","SAM7B0C"
"2026-09-18 15:03:44.828","DISPLAY\Default_Monitor\7&16b8ddb4&0&UID256","Default_Monitor"
"2026-09-18 15:07:53.409","DISPLAY\SAM79DF\7&16b8ddb4&0&UID260","SAM79DF"
"2026-09-18 15:07:53.410","DISPLAY\SAM7B0C\7&16b8ddb4&0&UID256","SAM7B0C"
"2026-09-18 15:10:05.252","DISPLAY\SAM79DF\7&16b8ddb4&0&UID260","SAM79DF"
"2026-09-18 15:10:05.253","DISPLAY\SAM7B0C\7&16b8ddb4&0&UID256","SAM7B0C"
"2026-09-18 15:28:23.092","DISPLAY\SAM79DF\7&16b8ddb4&0&UID260","SAM79DF"
"2026-09-18 15:28:23.093","DISPLAY\SAM7B0C\7&16b8ddb4&0&UID256","SAM7B0C"
"2026-09-18 15:29:12.916","DISPLAY\SAM7B0C\7&16b8ddb4&0&UID256","SAM7B0C"
"2026-09-18 15:29:59.783","DISPLAY\SAM7B0C\7&16b8ddb4&0&UID256","SAM7B0C"
"2026-09-18 15:30:41.251","DISPLAY\SAM7B0C\7&16b8ddb4&0&UID256","SAM7B0C"
"2026-09-18 15:30:41.579","DISPLAY\Default_Monitor\7&16b8ddb4&0&UID256","Default_Monitor"
"2026-09-18 15:31:19.115","DISPLAY\SAM7B0C\7&16b8ddb4&0&UID256","SAM7B0C"
"2026-09-18 15:32:00.702","DISPLAY\SAM7B0C\7&16b8ddb4&0&UID256","SAM7B0C"
"2026-09-18 15:32:01.028","DISPLAY\Default_Monitor\7&16b8ddb4&0&UID256","Default_Monitor"
"2026-09-18 15:32:48.659","DISPLAY\SAM7B0C\7&16b8ddb4&0&UID256","SAM7B0C"
"2026-09-18 15:33:35.468","DISPLAY\SAM7B0C\7&16b8ddb4&0&UID256","SAM7B0C"
"2026-09-18 15:34:19.041","DISPLAY\SAM7B0C\7&16b8ddb4&0&UID256","SAM7B0C"
"2026-09-18 15:34:19.384","DISPLAY\Default_Monitor\7&16b8ddb4&0&UID256","Default_Monitor"
"2026-09-18 15:35:01.075","DISPLAY\SAM7B0C\7&16b8ddb4&0&UID256","SAM7B0C"
"2026-09-18 16:16:13.007","DISPLAY\SAM7B0C\7&16b8ddb4&0&UID256","SAM7B0C"
"2026-09-18 16:16:13.335","DISPLAY\Default_Monitor\7&16b8ddb4&0&UID256","Default_Monitor"
"2026-09-18 16:16:54.008","DISPLAY\SAM7B0C\7&16b8ddb4&0&UID256","SAM7B0C"
"2026-09-18 16:17:35.747","DISPLAY\SAM7B0C\7&16b8ddb4&0&UID256","SAM7B0C"
"2026-09-18 16:17:36.092","DISPLAY\Default_Monitor\7&16b8ddb4&0&UID256","Default_Monitor"
"2026-09-18 16:18:23.888","DISPLAY\SAM7B0C\7&16b8ddb4&0&UID256","SAM7B0C"
"2026-09-18 16:18:24.196","DISPLAY\Default_Monitor\7&16b8ddb4&0&UID256","Default_Monitor"
"2026-09-18 16:19:12.594","DISPLAY\SAM7B0C\7&16b8ddb4&0&UID256","SAM7B0C"
"2026-09-18 16:19:53.104","DISPLAY\SAM7B0C\7&16b8ddb4&0&UID256","SAM7B0C"
"2026-09-18 16:20:34.680","DISPLAY\SAM7B0C\7&16b8ddb4&0&UID256","SAM7B0C"
"2026-09-18 16:21:13.015","DISPLAY\SAM7B0C\7&16b8ddb4&0&UID256","SAM7B0C"
"2026-09-18 16:21:54.432","DISPLAY\SAM7B0C\7&16b8ddb4&0&UID256","SAM7B0C"
"2026-09-18 16:23:33.040","DISPLAY\SAM7B0C\7&16b8ddb4&0&UID256","SAM7B0C"
"2026-09-18 16:24:23.034","DISPLAY\SAM7B0C\7&16b8ddb4&0&UID256","SAM7B0C"
"2026-09-18 16:30:49.017","DISPLAY\SAM7B0C\7&16b8ddb4&0&UID256","SAM7B0C"
"2026-09-18 16:31:30.557","DISPLAY\SAM7B0C\7&16b8ddb4&0&UID256","SAM7B0C"
"2026-09-18 16:40:23.557","DISPLAY\SAM7B0C\7&16b8ddb4&0&UID256","SAM7B0C"
"2026-09-18 16:40:23.884","DISPLAY\Default_Monitor\7&16b8ddb4&0&UID256","Default_Monitor"
"2026-09-18 16:41:13.013","DISPLAY\SAM7B0C\7&16b8ddb4&0&UID256","SAM7B0C"
"2026-09-18 16:45:44.457","DISPLAY\SAM79DF\7&16b8ddb4&0&UID260","SAM79DF"
"2026-09-18 16:45:44.604","DISPLAY\SAM7B0C\7&16b8ddb4&0&UID256","SAM7B0C"
"2026-09-18 17:28:13.352","DISPLAY\SAM79DF\7&16b8ddb4&0&UID260","SAM79DF"
"2026-09-18 17:28:13.352","DISPLAY\SAM7B0C\7&16b8ddb4&0&UID256","SAM7B0C"
"2026-09-18 17:29:13.339","DISPLAY\SAM7B0C\7&16b8ddb4&0&UID256","SAM7B0C"
"2026-09-18 17:29:50.815","DISPLAY\SAM7B0C\7&16b8ddb4&0&UID256","SAM7B0C"
"2026-09-18 17:30:34.690","DISPLAY\SAM7B0C\7&16b8ddb4&0&UID256","SAM7B0C"
"2026-09-18 17:31:20.439","DISPLAY\SAM7B0C\7&16b8ddb4&0&UID256","SAM7B0C"
"2026-09-18 17:32:01.938","DISPLAY\SAM7B0C\7&16b8ddb4&0&UID256","SAM7B0C"
"2026-09-18 17:32:02.268","DISPLAY\Default_Monitor\7&16b8ddb4&0&UID256","Default_Monitor"
"2026-09-18 17:32:49.921","DISPLAY\SAM7B0C\7&16b8ddb4&0&UID256","SAM7B0C"
"2026-09-18 17:33:34.566","DISPLAY\SAM7B0C\7&16b8ddb4&0&UID256","SAM7B0C"
"2026-09-18 17:34:20.456","DISPLAY\SAM7B0C\7&16b8ddb4&0&UID256","SAM7B0C"
"2026-09-18 17:35:02.071","DISPLAY\SAM7B0C\7&16b8ddb4&0&UID256","SAM7B0C"
"2026-09-18 17:35:50.307","DISPLAY\SAM7B0C\7&16b8ddb4&0&UID256","SAM7B0C"
"2026-09-18 17:35:50.635","DISPLAY\Default_Monitor\7&16b8ddb4&0&UID256","Default_Monitor"
"2026-09-18 17:36:13.064","DISPLAY\SAM79DF\7&16b8ddb4&0&UID260","SAM79DF"
