"시각","날짜","간격초"
"2026-09-08 22:02:11.232","2026-09-08","141.882"
"2026-09-08 22:05:58.901","2026-09-08","227.669"
"2026-09-08 22:06:49.513","2026-09-08","50.612"
"2026-09-08 22:07:44.158","2026-09-08","54.645"
"2026-09-09 12:41:32.418","2026-09-09","52428.26"
"2026-09-09 12:42:15.702","2026-09-09","43.284"
"2026-09-09 12:42:54.721","2026-09-09","39.019"
"2026-09-09 12:43:53.254","2026-09-09","58.534"
"2026-09-09 14:01:10.920","2026-09-09","4637.666"
"2026-09-09 14:01:54.270","2026-09-09","43.349"
"2026-09-09 14:02:38.354","2026-09-09","44.085"
"2026-09-09 14:03:24.359","2026-09-09","46.005"
"2026-09-09 14:04:18.380","2026-09-09","54.022"
"2026-09-09 14:05:16.348","2026-09-09","57.967"
"2026-09-09 14:06:01.910","2026-09-09","45.563"
"2026-09-09 14:06:46.436","2026-09-09","44.526"
"2026-09-09 14:07:31.974","2026-09-09","45.538"
"2026-09-09 14:08:42.433","2026-09-09","70.46"
"2026-09-09 14:09:25.989","2026-09-09","43.556"
"2026-09-09 14:10:08.436","2026-09-09","42.447"
"2026-09-09 14:11:26.870","2026-09-09","78.434"
"2026-09-09 14:12:46.397","2026-09-09","79.527"
"2026-09-09 14:13:40.482","2026-09-09","54.085"
"2026-09-09 14:14:30.001","2026-09-09","49.519"
"2026-09-09 14:15:11.218","2026-09-09","41.217"
"2026-09-09 14:16:07.003","2026-09-09","55.785"
"2026-09-09 14:16:50.579","2026-09-09","43.576"
"2026-09-09 14:17:37.810","2026-09-09","47.231"
"2026-09-09 14:35:27.839","2026-09-09","1070.029"
"2026-09-09 14:36:08.573","2026-09-09","40.734"
"2026-09-09 14:36:46.532","2026-09-09","37.959"
"2026-09-09 14:37:26.143","2026-09-09","39.611"
"2026-09-09 14:38:16.634","2026-09-09","50.491"
"2026-09-09 14:38:55.656","2026-09-09","39.022"
"2026-09-09 14:39:56.656","2026-09-09","61"
"2026-09-09 14:40:50.637","2026-09-09","53.981"
"2026-09-09 14:41:50.731","2026-09-09","60.095"
"2026-09-09 14:42:44.721","2026-09-09","53.99"
"2026-09-09 14:43:34.456","2026-09-09","49.734"
"2026-09-09 14:44:18.073","2026-09-09","43.617"
"2026-09-09 14:44:59.726","2026-09-09","41.653"
"2026-09-09 14:45:58.331","2026-09-09","58.605"
"2026-09-09 14:46:42.230","2026-09-09","43.899"
"2026-09-09 14:47:42.186","2026-09-09","59.956"
"2026-09-09 14:48:26.173","2026-09-09","43.988"
"2026-09-09 14:49:04.198","2026-09-09","38.025"
"2026-09-09 14:49:44.729","2026-09-09","40.531"
"2026-09-09 14:50:38.773","2026-09-09","54.043"
"2026-09-09 14:51:28.581","2026-09-09","49.809"
"2026-09-09 14:52:43.231","2026-09-09","74.65"
"2026-09-09 14:53:37.225","2026-09-09","53.994"
"2026-09-09 14:54:46.705","2026-09-09","69.48"
"2026-09-09 14:55:30.240","2026-09-09","43.535"
"2026-09-09 14:56:16.845","2026-09-09","46.605"
"2026-09-09 14:57:00.275","2026-09-09","43.43"
"2026-09-09 14:58:10.792","2026-09-09","70.516"
"2026-09-09 14:59:04.820","2026-09-09","54.029"
"2026-09-09 14:59:54.868","2026-09-09","50.047"
"2026-09-09 15:00:46.800","2026-09-09","51.933"
"2026-09-09 15:01:27.820","2026-09-09","41.019"
"2026-09-09 15:02:16.750","2026-09-09","48.93"
"2026-09-09 15:02:59.279","2026-09-09","42.529"
"2026-09-09 15:03:46.765","2026-09-09","47.486"
"2026-09-09 15:04:28.224","2026-09-09","41.459"
"2026-09-09 15:05:16.784","2026-09-09","48.56"
"2026-09-09 15:05:58.872","2026-09-09","42.089"
"2026-09-09 15:06:46.580","2026-09-09","47.708"
"2026-09-09 15:07:25.680","2026-09-09","39.1"
"2026-09-09 15:08:16.837","2026-09-09","51.157"
"2026-09-09 15:08:59.139","2026-09-09","42.302"
"2026-09-09 15:24:50.683","2026-09-09","951.544"
"2026-09-09 15:25:47.883","2026-09-09","57.2"
"2026-09-09 15:26:55.048","2026-09-09","67.166"
"2026-09-09 15:27:39.026","2026-09-09","43.978"
"2026-09-09 15:28:25.397","2026-09-09","46.37"
"2026-09-09 15:29:09.001","2026-09-09","43.604"
"2026-09-09 15:29:55.399","2026-09-09","46.398"
"2026-09-09 15:30:39.028","2026-09-09","43.629"
"2026-09-09 15:31:24.710","2026-09-09","45.683"
"2026-09-09 15:32:09.009","2026-09-09","44.299"
"2026-09-09 15:32:54.903","2026-09-09","45.893"
"2026-09-09 15:33:39.041","2026-09-09","44.138"
"2026-09-09 15:34:25.445","2026-09-09","46.404"
"2026-09-09 15:35:19.452","2026-09-09","54.007"
"2026-09-09 15:36:19.444","2026-09-09","59.992"
"2026-09-09 15:37:14.468","2026-09-09","55.024"
"2026-09-09 15:38:13.461","2026-09-09","58.993"
"2026-09-09 15:38:57.249","2026-09-09","43.788"
"2026-09-09 15:39:37.457","2026-09-09","40.208"
"2026-09-09 15:40:35.464","2026-09-09","58.007"
"2026-09-09 15:41:19.459","2026-09-09","43.995"
"2026-09-09 15:42:02.000","2026-09-09","42.541"
"2026-09-09 15:42:49.480","2026-09-09","47.479"
"2026-09-09 15:43:31.475","2026-09-09","41.995"
"2026-09-09 15:44:10.493","2026-09-09","39.018"
"2026-09-09 15:44:54.226","2026-09-09","43.734"
"2026-09-09 15:45:37.010","2026-09-09","42.784"
"2026-09-09 15:46:24.559","2026-09-09","47.548"
"2026-09-09 15:47:06.013","2026-09-09","41.454"
"2026-09-09 15:47:54.472","2026-09-09","48.459"
"2026-09-09 15:48:38.003","2026-09-09","43.53"
"2026-09-09 15:49:25.018","2026-09-09","47.015"
"2026-09-09 15:50:08.677","2026-09-09","43.659"
"2026-09-09 15:50:55.434","2026-09-09","46.758"
"2026-09-09 15:51:39.676","2026-09-09","44.242"
"2026-09-09 15:52:25.673","2026-09-09","45.997"
"2026-09-09 15:53:09.438","2026-09-09","43.765"
"2026-09-09 15:53:55.668","2026-09-09","46.23"
"2026-09-09 15:54:39.664","2026-09-09","43.996"
"2026-09-09 15:55:25.074","2026-09-09","45.409"
"2026-09-09 15:56:09.665","2026-09-09","44.592"
"2026-09-09 15:56:51.066","2026-09-09","41.4"
"2026-09-09 15:57:39.461","2026-09-09","48.395"
"2026-09-09 15:58:33.689","2026-09-09","54.228"
"2026-09-09 15:59:25.155","2026-09-09","51.466"
"2026-09-09 16:00:09.169","2026-09-09","44.014"
"2026-09-09 16:01:04.157","2026-09-09","54.988"
"2026-09-09 16:01:48.142","2026-09-09","43.985"
"2026-09-09 16:02:32.268","2026-09-09","44.126"
"2026-09-09 16:03:28.127","2026-09-09","55.859"
"2026-09-09 16:04:15.223","2026-09-09","47.097"
"2026-09-09 16:04:59.213","2026-09-09","43.99"
"2026-09-09 16:05:45.168","2026-09-09","45.955"
"2026-09-09 16:06:49.715","2026-09-09","64.547"
"2026-09-09 16:07:33.301","2026-09-09","43.586"
"2026-09-09 16:08:13.715","2026-09-09","40.415"
"2026-09-09 16:09:13.724","2026-09-09","60.009"
"2026-09-09 16:09:57.737","2026-09-09","44.012"
"2026-09-09 16:10:38.737","2026-09-09","41.001"
"2026-09-09 16:11:18.740","2026-09-09","40.003"
"2026-09-09 16:12:02.306","2026-09-09","43.566"
"2026-09-09 16:12:44.306","2026-09-09","42"
"2026-09-09 16:13:42.810","2026-09-09","58.505"
"2026-09-09 16:14:26.413","2026-09-09","43.603"
"2026-09-09 16:15:06.817","2026-09-09","40.404"
"2026-09-09 16:15:56.300","2026-09-09","49.483"
"2026-09-09 16:16:40.328","2026-09-09","44.028"
"2026-09-09 16:17:23.287","2026-09-09","42.959"
"2026-09-09 16:18:20.371","2026-09-09","57.084"
"2026-09-09 16:19:25.351","2026-09-09","64.979"
"2026-09-09 16:20:09.878","2026-09-09","44.527"
"2026-09-09 16:20:56.508","2026-09-09","46.63"
"2026-09-09 16:21:40.221","2026-09-09","43.712"
"2026-09-09 16:22:26.474","2026-09-09","46.253"
"2026-09-09 16:23:45.485","2026-09-09","79.011"
"2026-09-09 16:24:29.481","2026-09-09","43.995"
"2026-09-09 16:25:15.293","2026-09-09","45.813"
"2026-09-09 16:25:59.061","2026-09-09","43.768"
"2026-09-09 16:26:45.262","2026-09-09","46.2"
"2026-09-09 16:27:29.213","2026-09-09","43.951"
"2026-09-09 16:28:15.479","2026-09-09","46.267"
"2026-09-09 16:28:59.478","2026-09-09","43.998"
"2026-09-09 16:29:55.480","2026-09-09","56.003"
"2026-09-09 16:30:50.016","2026-09-09","54.536"
"2026-09-09 16:31:31.119","2026-09-09","41.103"
"2026-09-09 16:32:14.786","2026-09-09","43.668"
"2026-09-09 16:32:56.476","2026-09-09","41.689"
"2026-09-09 16:33:55.024","2026-09-09","58.549"
"2026-09-09 16:34:38.996","2026-09-09","43.972"
"2026-09-09 16:35:28.481","2026-09-09","49.484"
"2026-09-09 16:36:12.477","2026-09-09","43.996"
"2026-09-09 16:36:54.480","2026-09-09","42.003"
"2026-09-09 16:37:42.485","2026-09-09","48.005"
"2026-09-09 16:38:45.477","2026-09-09","62.991"
"2026-09-09 16:39:39.491","2026-09-09","54.014"
"2026-09-09 16:40:29.484","2026-09-09","49.993"
"2026-09-09 16:41:23.507","2026-09-09","54.024"
"2026-09-09 16:42:13.455","2026-09-09","49.948"
"2026-09-09 16:42:57.548","2026-09-09","44.094"
"2026-09-09 16:43:40.567","2026-09-09","43.019"
"2026-09-09 16:44:27.574","2026-09-09","47.007"
"2026-09-09 16:45:06.288","2026-09-09","38.714"
"2026-09-09 16:45:47.082","2026-09-09","40.794"
"2026-09-09 16:46:51.334","2026-09-09","64.252"
"2026-09-09 16:47:45.527","2026-09-09","54.193"
"2026-09-09 16:48:35.182","2026-09-09","49.655"
"2026-09-09 16:49:29.606","2026-09-09","54.424"
"2026-09-09 16:50:10.142","2026-09-09","40.536"
"2026-09-09 16:50:54.154","2026-09-09","44.012"
"2026-09-09 16:51:35.138","2026-09-09","40.984"
"2026-09-09 16:52:15.603","2026-09-09","40.465"
"2026-09-09 16:52:59.605","2026-09-09","44.002"
"2026-09-09 16:53:45.603","2026-09-09","45.998"
"2026-09-09 16:54:29.460","2026-09-09","43.857"
"2026-09-09 16:55:15.430","2026-09-09","45.97"
"2026-09-09 16:56:10.158","2026-09-09","54.728"
"2026-09-09 16:56:59.635","2026-09-09","49.477"
"2026-09-09 16:57:53.649","2026-09-09","54.014"
"2026-09-09 16:58:35.639","2026-09-09","41.99"
"2026-09-09 16:59:29.647","2026-09-09","54.007"
"2026-09-09 17:00:19.631","2026-09-09","49.984"
"2026-09-09 17:01:00.174","2026-09-09","40.543"
"2026-09-09 17:01:49.655","2026-09-09","49.48"
"2026-09-09 17:02:33.223","2026-09-09","43.569"
"2026-09-09 17:03:14.991","2026-09-09","41.768"
"2026-09-09 17:04:03.188","2026-09-09","48.196"
"2026-09-09 17:04:43.709","2026-09-09","40.521"
"2026-09-09 17:05:45.674","2026-09-09","61.965"
"2026-09-09 17:06:29.272","2026-09-09","43.597"
"2026-09-09 17:07:15.757","2026-09-09","46.485"
"2026-09-09 17:08:09.762","2026-09-09","54.005"
"2026-09-09 17:09:09.596","2026-09-09","59.834"
"2026-09-09 17:10:03.763","2026-09-09","54.167"
"2026-09-09 17:10:55.022","2026-09-09","51.259"
"2026-09-09 17:11:55.756","2026-09-09","60.733"
"2026-09-09 17:12:39.774","2026-09-09","44.018"
"2026-09-09 17:13:26.292","2026-09-09","46.518"
"2026-09-09 17:14:10.185","2026-09-09","43.893"
"2026-09-09 17:14:56.318","2026-09-09","46.133"
"2026-09-09 17:15:40.340","2026-09-09","44.022"
"2026-09-09 17:16:40.338","2026-09-09","59.998"
"2026-09-09 17:17:24.382","2026-09-09","44.045"
"2026-09-09 17:18:04.382","2026-09-09","40"
"2026-09-09 17:18:43.821","2026-09-09","39.439"
"2026-09-09 17:19:37.821","2026-09-09","54"
"2026-09-09 17:20:27.376","2026-09-09","49.555"
"2026-09-09 17:21:21.385","2026-09-09","54.01"
"2026-09-09 17:22:25.892","2026-09-09","64.507"
"2026-09-09 17:23:09.689","2026-09-09","43.796"
"2026-09-09 17:23:56.238","2026-09-09","46.55"
"2026-09-09 17:24:39.907","2026-09-09","43.668"
"2026-09-09 17:25:26.401","2026-09-09","46.494"
"2026-09-09 17:26:10.477","2026-09-09","44.076"
"2026-09-09 17:26:56.467","2026-09-09","45.991"
"2026-09-09 17:27:40.469","2026-09-09","44.002"
"2026-09-09 17:28:26.469","2026-09-09","46"
"2026-09-09 17:29:10.466","2026-09-09","43.996"
"2026-09-09 17:29:56.497","2026-09-09","46.031"
"2026-09-09 17:30:40.504","2026-09-09","44.007"
"2026-09-09 17:31:25.928","2026-09-09","45.424"
"2026-09-09 17:32:10.500","2026-09-09","44.572"
"2026-09-09 17:32:56.511","2026-09-09","46.011"
"2026-09-09 17:33:40.504","2026-09-09","43.994"
"2026-09-09 17:34:25.933","2026-09-09","45.428"
"2026-09-09 17:35:10.504","2026-09-09","44.571"
"2026-09-09 17:36:10.507","2026-09-09","60.003"
"2026-09-09 17:36:54.242","2026-09-09","43.735"
"2026-09-09 17:37:36.305","2026-09-09","42.063"
"2026-09-09 17:38:34.625","2026-09-09","58.319"
"2026-09-09 17:39:18.638","2026-09-09","44.013"
"2026-09-09 17:40:01.621","2026-09-09","42.984"
"2026-09-09 17:40:48.637","2026-09-09","47.016"
"2026-09-09 17:41:27.976","2026-09-09","39.339"
"2026-09-09 17:42:18.665","2026-09-09","50.689"
"2026-09-09 17:43:02.408","2026-09-09","43.744"
"2026-09-09 17:44:12.682","2026-09-09","70.273"
"2026-09-09 17:44:56.681","2026-09-09","43.999"
"2026-09-09 17:45:37.012","2026-09-09","40.332"
"2026-09-09 17:46:26.511","2026-09-09","49.499"
"2026-09-09 17:47:10.696","2026-09-09","44.185"
"2026-09-09 17:47:56.692","2026-09-09","45.996"
"2026-09-09 17:48:40.689","2026-09-09","43.997"
"2026-09-09 17:49:26.702","2026-09-09","46.013"
"2026-09-09 17:50:10.579","2026-09-09","43.877"
"2026-09-09 17:50:56.694","2026-09-09","46.115"
"2026-09-09 17:51:51.257","2026-09-09","54.563"
"2026-09-09 17:52:33.377","2026-09-09","42.12"
"2026-09-09 17:53:17.206","2026-09-09","43.83"
"2026-09-09 17:53:59.132","2026-09-09","41.926"
"2026-09-09 17:54:39.502","2026-09-09","40.37"
"2026-09-09 17:55:23.528","2026-09-09","44.025"
"2026-09-09 17:56:07.225","2026-09-09","43.698"
"2026-09-09 17:57:24.230","2026-09-09","77.005"
"2026-09-09 17:58:15.715","2026-09-09","51.485"
"2026-09-09 17:58:57.219","2026-09-09","41.504"
"2026-09-09 17:59:45.897","2026-09-09","48.678"
"2026-09-09 18:00:40.895","2026-09-09","54.998"
"2026-09-09 18:01:24.801","2026-09-09","43.906"
"2026-09-09 18:02:06.337","2026-09-09","41.535"
"2026-09-09 18:02:54.888","2026-09-09","48.551"
"2026-09-09 18:03:38.583","2026-09-09","43.696"
"2026-09-09 18:04:15.970","2026-09-09","37.386"
"2026-09-09 18:04:56.333","2026-09-09","40.364"
"2026-09-09 18:05:45.734","2026-09-09","49.401"
"2026-09-09 18:06:25.980","2026-09-09","40.246"
"2026-09-09 18:07:25.982","2026-09-09","60.002"
"2026-09-09 18:08:20.265","2026-09-09","54.284"
"2026-09-09 18:09:10.015","2026-09-09","49.75"
"2026-09-09 18:09:53.862","2026-09-09","43.847"
"2026-09-09 18:10:34.348","2026-09-09","40.486"
"2026-09-09 18:11:15.650","2026-09-09","41.303"
"2026-09-09 18:11:59.352","2026-09-09","43.702"
"2026-09-09 18:12:42.370","2026-09-09","43.017"
"2026-09-09 18:13:29.360","2026-09-09","46.99"
"2026-09-09 18:14:10.380","2026-09-09","41.02"
"2026-09-09 18:14:59.385","2026-09-09","49.005"
"2026-09-09 18:15:43.023","2026-09-09","43.638"
"2026-09-09 18:16:27.009","2026-09-09","43.986"
"2026-09-09 18:17:13.111","2026-09-09","46.102"
"2026-09-09 18:17:57.012","2026-09-09","43.901"
"2026-09-09 18:18:53.424","2026-09-09","56.413"
"2026-09-09 18:19:43.009","2026-09-09","49.585"
"2026-09-09 18:20:27.006","2026-09-09","43.997"
"2026-09-09 18:21:08.439","2026-09-09","41.432"
"2026-09-09 18:22:15.717","2026-09-09","67.278"
"2026-09-09 18:23:09.935","2026-09-09","54.218"
"2026-09-09 18:23:57.147","2026-09-09","47.212"
"2026-09-09 18:24:41.150","2026-09-09","44.003"
"2026-09-09 18:25:27.138","2026-09-09","45.988"
"2026-09-09 18:26:11.051","2026-09-09","43.913"
"2026-09-09 18:26:57.124","2026-09-09","46.073"
"2026-09-09 18:27:41.161","2026-09-09","44.037"
"2026-09-09 18:28:26.421","2026-09-09","45.26"
"2026-09-09 18:29:11.179","2026-09-09","44.758"
"2026-09-09 18:30:11.182","2026-09-09","60.003"
"2026-09-09 18:30:55.185","2026-09-09","44.003"
"2026-09-09 18:31:38.199","2026-09-09","43.013"
"2026-09-09 18:32:25.136","2026-09-09","46.937"
"2026-09-09 18:33:27.201","2026-09-09","62.066"
"2026-09-09 18:34:25.947","2026-09-09","58.746"
"2026-09-09 18:35:11.270","2026-09-09","45.323"
"2026-09-09 18:35:57.265","2026-09-09","45.995"
"2026-09-09 18:36:41.290","2026-09-09","44.025"
"2026-09-09 18:37:27.285","2026-09-09","45.996"
"2026-09-09 18:38:11.161","2026-09-09","43.876"
"2026-09-09 18:38:56.276","2026-09-09","45.114"
"2026-09-09 18:39:41.204","2026-09-09","44.929"
"2026-09-09 18:40:27.288","2026-09-09","46.084"
"2026-09-09 18:41:11.337","2026-09-09","44.049"
"2026-09-09 18:42:11.295","2026-09-09","59.957"
"2026-09-09 18:43:05.006","2026-09-09","53.711"
"2026-09-09 18:43:44.584","2026-09-09","39.578"
"2026-09-09 18:44:28.582","2026-09-09","43.998"
"2026-09-09 18:45:09.909","2026-09-09","41.327"
"2026-09-09 18:45:51.305","2026-09-09","41.396"
"2026-09-09 18:46:35.372","2026-09-09","44.067"
"2026-09-09 18:47:17.140","2026-09-09","41.768"
"2026-09-09 18:48:00.361","2026-09-09","43.221"
"2026-09-09 18:48:44.259","2026-09-09","43.898"
"2026-09-09 18:49:26.069","2026-09-09","41.81"
"2026-09-09 18:50:09.395","2026-09-09","43.327"
"2026-09-09 18:51:04.397","2026-09-09","55.002"
"2026-09-09 18:51:53.228","2026-09-09","48.831"
"2026-09-09 18:52:37.402","2026-09-09","44.174"
"2026-09-09 18:53:19.406","2026-09-09","42.004"
"2026-09-09 18:53:59.319","2026-09-09","39.913"
"2026-09-09 18:54:53.743","2026-09-09","54.424"
"2026-09-09 18:55:35.682","2026-09-09","41.939"
"2026-09-09 18:56:29.676","2026-09-09","53.994"
"2026-09-09 18:57:21.413","2026-09-09","51.738"
"2026-09-09 18:58:05.389","2026-09-09","43.975"
"2026-09-09 18:58:46.212","2026-09-09","40.823"
"2026-09-09 18:59:29.349","2026-09-09","43.138"
"2026-09-09 19:00:13.366","2026-09-09","44.017"
"2026-09-09 19:00:52.951","2026-09-09","39.585"
"2026-09-09 19:01:42.976","2026-09-09","50.025"
"2026-09-09 19:02:26.764","2026-09-09","43.788"
"2026-09-09 19:03:37.501","2026-09-09","70.738"
"2026-09-09 19:04:21.484","2026-09-09","43.983"
"2026-09-09 19:05:04.472","2026-09-09","42.988"
"2026-09-09 19:05:51.466","2026-09-09","46.994"
"2026-09-09 19:06:32.541","2026-09-09","41.075"
"2026-09-09 19:07:21.546","2026-09-09","49.005"
"2026-09-09 19:08:05.351","2026-09-09","43.804"
"2026-09-09 19:08:46.315","2026-09-09","40.964"
"2026-09-09 19:09:35.198","2026-09-09","48.884"
"2026-09-09 19:10:29.514","2026-09-09","54.316"
"2026-09-09 19:11:29.238","2026-09-09","59.724"
"2026-09-09 19:12:23.579","2026-09-09","54.341"
"2026-09-09 19:13:16.597","2026-09-09","53.018"
"2026-09-09 19:14:00.613","2026-09-09","44.016"
"2026-09-09 19:14:46.601","2026-09-09","45.988"
"2026-09-09 19:15:40.651","2026-09-09","54.051"
"2026-09-09 19:16:30.592","2026-09-09","49.94"
"2026-09-09 19:17:14.598","2026-09-09","44.007"
"2026-09-09 19:17:57.180","2026-09-09","42.582"
"2026-09-09 19:18:39.616","2026-09-09","42.435"
"2026-09-09 19:19:34.637","2026-09-09","55.021"
"2026-09-09 19:20:14.440","2026-09-09","39.803"
"2026-09-09 19:20:58.580","2026-09-09","44.14"
"2026-09-09 19:21:40.335","2026-09-09","41.756"
"2026-09-09 19:22:38.677","2026-09-09","58.342"
"2026-09-09 19:23:22.474","2026-09-09","43.796"
"2026-09-09 19:24:03.964","2026-09-09","41.491"
"2026-09-09 19:24:52.572","2026-09-09","48.608"
"2026-09-09 19:25:36.478","2026-09-09","43.906"
"2026-09-09 19:26:18.952","2026-09-09","42.475"
"2026-09-09 19:26:59.941","2026-09-09","40.989"
"2026-09-09 19:27:53.984","2026-09-09","54.043"
"2026-09-09 19:28:43.771","2026-09-09","49.787"
"2026-09-09 19:29:27.676","2026-09-09","43.905"
"2026-09-09 19:30:07.111","2026-09-09","39.435"
"2026-09-09 19:30:49.109","2026-09-09","41.998"
"2026-09-09 19:31:32.740","2026-09-09","43.631"
"2026-09-09 19:32:32.749","2026-09-09","60.009"
"2026-09-09 19:33:16.750","2026-09-09","44"
"2026-09-09 19:33:56.140","2026-09-09","39.39"
"2026-09-09 19:34:46.725","2026-09-09","50.585"
"2026-09-09 19:35:30.757","2026-09-09","44.032"
"2026-09-09 19:36:12.250","2026-09-09","41.493"
"2026-09-09 19:37:00.722","2026-09-09","48.473"
"2026-09-09 19:37:54.693","2026-09-09","53.971"
"2026-09-09 19:38:46.626","2026-09-09","51.933"
"2026-09-09 19:39:32.696","2026-09-09","46.07"
"2026-09-09 19:40:16.699","2026-09-09","44.004"
"2026-09-09 19:41:00.698","2026-09-09","43.999"
"2026-09-09 19:42:10.667","2026-09-09","69.968"
"2026-09-09 19:42:54.693","2026-09-09","44.026"
"2026-09-09 19:43:38.251","2026-09-09","43.558"
"2026-09-09 19:44:32.361","2026-09-09","54.111"
"2026-09-09 19:45:39.231","2026-09-09","66.87"
"2026-09-09 19:46:24.782","2026-09-09","45.551"
"2026-09-09 19:47:06.274","2026-09-09","41.492"
"2026-09-09 19:47:54.754","2026-09-09","48.48"
"2026-09-09 19:48:38.408","2026-09-09","43.654"
"2026-09-09 19:49:26.745","2026-09-09","48.337"
"2026-09-09 19:50:10.393","2026-09-09","43.648"
"2026-09-09 19:50:56.769","2026-09-09","46.375"
"2026-09-09 19:51:51.419","2026-09-09","54.651"
"2026-09-09 19:52:30.371","2026-09-09","38.952"
"2026-09-09 19:53:14.478","2026-09-09","44.107"
"2026-09-09 19:54:14.359","2026-09-09","59.881"
"2026-09-09 19:54:58.334","2026-09-09","43.976"
"2026-09-09 19:55:41.517","2026-09-09","43.183"
"2026-09-09 19:56:46.607","2026-09-09","65.09"
"2026-09-09 19:57:30.593","2026-09-09","43.986"
"2026-09-09 19:58:16.627","2026-09-09","46.033"
"2026-09-09 19:59:00.602","2026-09-09","43.975"
"2026-09-09 19:59:56.965","2026-09-09","56.364"
"2026-09-09 20:00:40.628","2026-09-09","43.662"
"2026-09-09 20:01:40.612","2026-09-09","59.985"
"2026-09-09 20:02:24.600","2026-09-09","43.987"
"2026-09-09 20:03:07.598","2026-09-09","42.998"
"2026-09-09 20:03:54.652","2026-09-09","47.054"
"2026-09-09 20:04:36.597","2026-09-09","41.945"
"2026-09-09 20:05:34.983","2026-09-09","58.385"
"2026-09-09 20:06:29.057","2026-09-09","54.074"
"2026-09-09 20:07:18.705","2026-09-09","49.648"
"2026-09-09 20:08:02.583","2026-09-09","43.878"
"2026-09-09 20:09:02.672","2026-09-09","60.089"
"2026-09-09 20:09:46.699","2026-09-09","44.027"
"2026-09-09 20:10:27.674","2026-09-09","40.976"
"2026-09-09 20:11:16.449","2026-09-09","48.774"
"2026-09-09 20:12:00.774","2026-09-09","44.325"
"2026-09-09 20:13:00.721","2026-09-09","59.947"
"2026-09-09 20:13:44.733","2026-09-09","44.012"
"2026-09-09 20:14:57.103","2026-09-09","72.37"
"2026-09-09 20:15:40.727","2026-09-09","43.624"
"2026-09-09 20:16:27.027","2026-09-09","46.3"
"2026-09-09 20:17:10.916","2026-09-09","43.889"
"2026-09-09 20:17:57.245","2026-09-09","46.329"
"2026-09-09 20:18:51.148","2026-09-09","53.903"
"2026-09-09 20:19:51.255","2026-09-09","60.107"
"2026-09-09 20:20:35.295","2026-09-09","44.04"
"2026-09-09 20:21:16.291","2026-09-09","40.996"
"2026-09-09 20:22:36.804","2026-09-09","80.513"
"2026-09-09 20:23:30.772","2026-09-09","53.968"
"2026-09-09 20:24:20.689","2026-09-09","49.917"
"2026-09-09 20:25:04.337","2026-09-09","43.648"
"2026-09-09 20:26:04.347","2026-09-09","60.009"
"2026-09-09 20:26:48.210","2026-09-09","43.863"
"2026-09-09 20:27:58.340","2026-09-09","70.13"
"2026-09-09 20:28:42.336","2026-09-09","43.996"
"2026-09-09 20:29:25.811","2026-09-09","43.475"
"2026-09-09 20:30:12.338","2026-09-09","46.527"
"2026-09-09 20:31:17.353","2026-09-09","65.015"
"2026-09-09 20:32:11.831","2026-09-09","54.477"
"2026-09-09 20:33:01.380","2026-09-09","49.549"
"2026-09-09 20:33:45.386","2026-09-09","44.005"
"2026-09-09 20:34:27.420","2026-09-09","42.034"
"2026-09-09 20:35:08.412","2026-09-09","40.992"
"2026-09-09 20:36:12.868","2026-09-09","64.456"
"2026-09-09 20:37:27.416","2026-09-09","74.547"
"2026-09-09 20:38:11.408","2026-09-09","43.992"
"2026-09-09 20:38:57.408","2026-09-09","46"
"2026-09-09 20:39:41.221","2026-09-09","43.813"
"2026-09-09 20:40:28.406","2026-09-09","47.185"
"2026-09-09 20:41:12.427","2026-09-09","44.021"
"2026-09-09 20:41:54.899","2026-09-09","42.472"
"2026-09-09 20:42:52.901","2026-09-09","58.002"
"2026-09-09 20:43:42.476","2026-09-09","49.575"
"2026-09-09 20:44:26.426","2026-09-09","43.95"
"2026-09-09 20:45:07.919","2026-09-09","41.493"
"2026-09-09 20:45:56.449","2026-09-09","48.53"
"2026-09-09 20:46:39.971","2026-09-09","43.521"
"2026-09-09 20:47:21.926","2026-09-09","41.955"
"2026-09-09 20:48:20.495","2026-09-09","58.569"
"2026-09-09 20:49:04.496","2026-09-09","44.001"
"2026-09-09 20:49:46.509","2026-09-09","42.013"
"2026-09-09 20:50:34.505","2026-09-09","47.996"
"2026-09-09 20:51:18.509","2026-09-09","44.004"
"2026-09-09 20:52:01.695","2026-09-09","43.185"
"2026-09-09 20:52:58.512","2026-09-09","56.817"
"2026-09-09 20:53:57.544","2026-09-09","59.032"
"2026-09-09 20:54:41.605","2026-09-09","44.061"
"2026-09-09 20:55:28.504","2026-09-09","46.898"
"2026-09-09 20:56:13.033","2026-09-09","44.529"
"2026-09-09 20:56:58.499","2026-09-09","45.466"
"2026-09-09 20:57:42.504","2026-09-09","44.004"
"2026-09-09 20:58:28.509","2026-09-09","46.005"
"2026-09-09 20:59:12.505","2026-09-09","43.997"
"2026-09-09 20:59:57.496","2026-09-09","44.991"
"2026-09-09 21:00:42.593","2026-09-09","45.098"
"2026-09-09 21:01:28.501","2026-09-09","45.907"
"2026-09-09 21:02:12.572","2026-09-09","44.071"
"2026-09-09 21:02:58.504","2026-09-09","45.932"
"2026-09-09 21:03:42.501","2026-09-09","43.997"
"2026-09-09 21:04:29.058","2026-09-09","46.557"
"2026-09-09 21:05:12.796","2026-09-09","43.738"
"2026-09-09 21:05:57.594","2026-09-09","44.798"
"2026-09-09 21:06:53.060","2026-09-09","55.467"
"2026-09-09 21:07:53.055","2026-09-09","59.995"
"2026-09-09 21:08:37.063","2026-09-09","44.008"
"2026-09-09 21:09:22.071","2026-09-09","45.008"
"2026-09-09 21:10:07.065","2026-09-09","44.994"
"2026-09-09 21:10:47.541","2026-09-09","40.476"
"2026-09-09 21:11:36.907","2026-09-09","49.366"
"2026-09-09 21:12:20.577","2026-09-09","43.669"
"2026-09-09 21:13:01.383","2026-09-09","40.807"
"2026-09-09 21:13:50.575","2026-09-09","49.191"
"2026-09-09 21:14:48.120","2026-09-09","57.545"
"2026-09-09 21:15:34.590","2026-09-09","46.47"
"2026-09-09 21:16:18.131","2026-09-09","43.541"
"2026-09-09 21:17:14.557","2026-09-09","56.426"
"2026-09-09 21:18:04.588","2026-09-09","50.031"
"2026-09-09 21:18:58.598","2026-09-09","54.011"
"2026-09-09 21:19:51.168","2026-09-09","52.57"
"2026-09-09 21:20:48.161","2026-09-09","56.993"
"2026-09-09 21:21:35.193","2026-09-09","47.032"
"2026-09-09 21:22:18.160","2026-09-09","42.967"
"2026-09-09 21:23:15.712","2026-09-09","57.552"
"2026-09-09 21:24:09.718","2026-09-09","54.006"
"2026-09-09 21:24:53.244","2026-09-09","43.525"
"2026-09-09 21:25:38.175","2026-09-09","44.931"
"2026-09-09 21:26:33.737","2026-09-09","55.561"
"2026-09-09 21:27:23.504","2026-09-09","49.768"
"2026-09-09 21:28:07.576","2026-09-09","44.072"
"2026-09-09 21:28:46.180","2026-09-09","38.603"
"2026-09-09 21:29:24.946","2026-09-09","38.767"
"2026-09-09 21:30:08.466","2026-09-09","43.52"
"2026-09-09 21:46:16.938","2026-09-09","968.472"
"2026-09-09 21:47:07.022","2026-09-09","50.084"
"2026-09-09 21:47:54.719","2026-09-09","47.697"
"2026-09-09 21:48:36.763","2026-09-09","42.044"
"2026-09-09 21:49:34.854","2026-09-09","58.091"
"2026-09-09 22:02:10.269","2026-09-09","755.414"
"2026-09-09 22:13:41.345","2026-09-09","691.076"
"2026-09-09 22:18:02.427","2026-09-09","261.082"
"2026-09-09 22:18:23.352","2026-09-09","20.925"
"2026-09-09 22:51:33.218","2026-09-09","1989.866"
"2026-09-09 22:57:01.612","2026-09-09","328.394"
"2026-09-10 15:46:12.125","2026-09-10","60550.514"
"2026-09-10 16:10:51.664","2026-09-10","1479.539"
"2026-09-10 16:11:50.608","2026-09-10","58.943"
"2026-09-10 16:14:01.743","2026-09-10","131.135"
"2026-09-10 17:30:43.732","2026-09-10","4601.989"
"2026-09-10 21:28:52.368","2026-09-10","14288.636"
"2026-09-11 22:25:25.161","2026-09-11","89792.793"
"2026-09-13 11:52:55.084","2026-09-13","134849.923"
"2026-09-13 14:23:02.240","2026-09-13","9007.156"
"2026-09-13 18:47:22.354","2026-09-13","15860.114"
"2026-09-13 18:48:05.215","2026-09-13","42.861"
"2026-09-13 18:48:48.065","2026-09-13","42.85"
"2026-09-13 18:49:30.723","2026-09-13","42.658"
"2026-09-13 18:50:13.754","2026-09-13","43.031"
"2026-09-13 18:50:56.368","2026-09-13","42.614"
"2026-09-13 18:51:38.634","2026-09-13","42.266"
"2026-09-13 23:14:19.272","2026-09-13","15760.638"
"2026-09-14 09:36:19.683","2026-09-14","37320.411"
"2026-09-14 10:57:57.086","2026-09-14","4897.403"
"2026-09-14 10:58:37.884","2026-09-14","40.797"
"2026-09-14 10:59:35.449","2026-09-14","57.565"
"2026-09-14 11:00:16.746","2026-09-14","41.297"
"2026-09-14 11:01:05.486","2026-09-14","48.74"
"2026-09-14 11:01:46.755","2026-09-14","41.269"
"2026-09-14 11:02:25.034","2026-09-14","38.279"
"2026-09-14 11:03:07.684","2026-09-14","42.65"
"2026-09-14 11:03:55.017","2026-09-14","47.333"
"2026-09-14 11:04:37.984","2026-09-14","42.967"
"2026-09-14 11:05:35.492","2026-09-14","57.508"
"2026-09-14 11:06:25.089","2026-09-14","49.597"
"2026-09-14 11:07:06.319","2026-09-14","41.23"
"2026-09-14 11:08:08.924","2026-09-14","62.605"
"2026-09-14 11:10:05.602","2026-09-14","116.678"
"2026-09-14 11:10:46.183","2026-09-14","40.581"
"2026-09-14 11:11:35.603","2026-09-14","49.42"
"2026-09-14 11:12:16.455","2026-09-14","40.852"
"2026-09-14 11:13:05.584","2026-09-14","49.129"
"2026-09-14 11:13:47.854","2026-09-14","42.27"
"2026-09-14 11:14:36.087","2026-09-14","48.234"
"2026-09-14 11:15:27.924","2026-09-14","51.836"
"2026-09-14 11:16:06.251","2026-09-14","38.327"
"2026-09-14 11:16:58.300","2026-09-14","52.049"
"2026-09-14 11:17:36.250","2026-09-14","37.95"
"2026-09-14 11:18:17.072","2026-09-14","40.823"
"2026-09-14 11:19:05.679","2026-09-14","48.607"
"2026-09-14 11:19:47.536","2026-09-14","41.857"
"2026-09-14 11:20:35.699","2026-09-14","48.163"
"2026-09-14 11:21:16.432","2026-09-14","40.733"
"2026-09-14 11:22:05.738","2026-09-14","49.306"
"2026-09-14 11:23:07.708","2026-09-14","61.97"
"2026-09-14 11:23:59.342","2026-09-14","51.634"
"2026-09-14 11:24:41.100","2026-09-14","41.758"
"2026-09-14 11:25:22.826","2026-09-14","41.726"
"2026-09-14 11:26:03.697","2026-09-14","40.872"
"2026-09-14 11:26:47.209","2026-09-14","43.511"
"2026-09-14 11:27:29.498","2026-09-14","42.29"
"2026-09-14 11:28:17.266","2026-09-14","47.767"
"2026-09-14 11:28:58.501","2026-09-14","41.236"
"2026-09-14 11:29:36.855","2026-09-14","38.354"
"2026-09-14 11:30:18.119","2026-09-14","41.264"
"2026-09-14 11:31:05.905","2026-09-14","47.786"
"2026-09-14 11:31:57.481","2026-09-14","51.575"
"2026-09-14 11:32:36.461","2026-09-14","38.98"
"2026-09-14 11:33:37.586","2026-09-14","61.125"
"2026-09-14 11:34:18.830","2026-09-14","41.244"
"2026-09-14 11:35:00.099","2026-09-14","41.27"
"2026-09-14 11:35:47.552","2026-09-14","47.453"
"2026-09-14 11:36:28.056","2026-09-14","40.504"
"2026-09-14 11:37:16.526","2026-09-14","48.47"
"2026-09-14 11:38:08.377","2026-09-14","51.851"
"2026-09-14 11:38:49.658","2026-09-14","41.281"
"2026-09-14 11:39:55.679","2026-09-14","66.021"
"2026-09-14 11:40:37.004","2026-09-14","41.325"
"2026-09-14 11:41:25.632","2026-09-14","48.628"
"2026-09-14 11:42:06.229","2026-09-14","40.597"
"2026-09-14 11:43:16.209","2026-09-14","69.979"
"2026-09-14 11:43:59.959","2026-09-14","43.75"
"2026-09-14 11:44:47.962","2026-09-14","48.003"
"2026-09-14 11:45:30.749","2026-09-14","42.787"
"2026-09-14 11:46:17.729","2026-09-14","46.979"
"2026-09-14 11:47:08.652","2026-09-14","50.923"
"2026-09-14 11:47:50.213","2026-09-14","41.561"
"2026-09-14 11:53:55.724","2026-09-14","365.511"
"2026-09-14 12:20:36.947","2026-09-14","1601.224"
"2026-09-14 12:21:19.284","2026-09-14","42.337"
"2026-09-14 12:22:16.594","2026-09-14","57.31"
"2026-09-14 12:22:55.621","2026-09-14","39.027"
"2026-09-14 12:23:36.784","2026-09-14","41.163"
"2026-09-14 12:24:18.588","2026-09-14","41.804"
"2026-09-14 12:27:55.641","2026-09-14","217.053"
"2026-09-14 12:29:36.207","2026-09-14","100.566"
"2026-09-14 12:30:18.065","2026-09-14","41.857"
"2026-09-14 12:30:55.800","2026-09-14","37.736"
"2026-09-14 12:32:54.338","2026-09-14","118.538"
"2026-09-14 12:33:36.442","2026-09-14","42.105"
"2026-09-14 12:34:17.477","2026-09-14","41.034"
"2026-09-14 12:35:00.593","2026-09-14","43.116"
"2026-09-14 12:36:18.625","2026-09-14","78.033"
"2026-09-14 12:36:56.156","2026-09-14","37.531"
"2026-09-14 12:37:37.532","2026-09-14","41.376"
"2026-09-14 12:38:25.844","2026-09-14","48.311"
"2026-09-14 12:39:06.717","2026-09-14","40.873"
"2026-09-14 12:39:55.877","2026-09-14","49.161"
"2026-09-14 12:40:37.558","2026-09-14","41.681"
"2026-09-14 12:41:43.889","2026-09-14","66.331"
"2026-09-14 12:42:35.451","2026-09-14","51.562"
"2026-09-14 12:45:28.482","2026-09-14","173.031"
"2026-09-14 13:21:06.632","2026-09-14","2138.15"
"2026-09-14 13:21:44.791","2026-09-14","38.16"
"2026-09-14 13:22:26.607","2026-09-14","41.816"
"2026-09-14 13:23:07.220","2026-09-14","40.613"
"2026-09-14 13:23:48.832","2026-09-14","41.611"
"2026-09-14 13:24:26.862","2026-09-14","38.03"
"2026-09-14 13:25:08.842","2026-09-14","41.98"
"2026-09-14 13:25:57.416","2026-09-14","48.573"
"2026-09-14 13:26:39.095","2026-09-14","41.679"
"2026-09-14 13:27:27.340","2026-09-14","48.245"
"2026-09-14 13:28:08.231","2026-09-14","40.891"
"2026-09-14 13:29:07.424","2026-09-14","59.193"
"2026-09-14 13:29:50.258","2026-09-14","42.834"
"2026-09-14 13:30:58.478","2026-09-14","68.22"
"2026-09-14 13:31:37.445","2026-09-14","38.967"
"2026-09-14 13:32:28.531","2026-09-14","51.087"
"2026-09-14 13:33:10.074","2026-09-14","41.543"
"2026-09-14 13:33:54.967","2026-09-14","44.892"
"2026-09-14 13:58:30.770","2026-09-14","1475.804"
"2026-09-14 14:18:08.008","2026-09-14","1177.238"
"2026-09-14 16:11:21.333","2026-09-14","6793.324"
"2026-09-14 23:06:25.257","2026-09-14","24903.925"
"2026-09-15 09:48:06.303","2026-09-15","38501.046"
"2026-09-15 09:48:46.393","2026-09-15","40.09"
"2026-09-15 09:49:30.630","2026-09-15","44.237"
"2026-09-15 09:50:11.025","2026-09-15","40.395"
"2026-09-15 09:50:52.151","2026-09-15","41.126"
"2026-09-15 09:51:40.504","2026-09-15","48.353"
"2026-09-15 09:52:22.218","2026-09-15","41.714"
"2026-09-15 09:53:04.486","2026-09-15","42.268"
"2026-09-15 09:55:59.672","2026-09-15","175.187"
"2026-09-15 10:48:25.524","2026-09-15","3145.851"
"2026-09-15 10:49:06.871","2026-09-15","41.347"
"2026-09-15 10:49:49.467","2026-09-15","42.596"
"2026-09-15 10:50:33.755","2026-09-15","44.288"
"2026-09-15 10:51:12.068","2026-09-15","38.313"
"2026-09-15 10:51:49.906","2026-09-15","37.838"
"2026-09-15 10:52:30.043","2026-09-15","40.137"
"2026-09-15 10:53:29.072","2026-09-15","59.028"
"2026-09-15 10:54:18.615","2026-09-15","49.543"
"2026-09-15 10:55:11.094","2026-09-15","52.479"
"2026-09-15 10:56:08.841","2026-09-15","57.747"
"2026-09-15 10:56:51.803","2026-09-15","42.962"
"2026-09-15 10:57:38.719","2026-09-15","46.916"
"2026-09-15 10:58:31.191","2026-09-15","52.472"
"2026-09-15 10:59:19.407","2026-09-15","48.215"
"2026-09-15 11:00:00.701","2026-09-15","41.295"
"2026-09-15 11:00:49.134","2026-09-15","48.432"
"2026-09-15 11:01:40.191","2026-09-15","51.057"
"2026-09-15 11:02:19.477","2026-09-15","39.287"
"2026-09-15 11:03:00.447","2026-09-15","40.97"
"2026-09-15 11:03:49.160","2026-09-15","48.713"
"2026-09-15 11:04:34.055","2026-09-15","44.895"
"2026-09-15 11:05:20.125","2026-09-15","46.069"
"2026-09-15 11:06:02.158","2026-09-15","42.033"
"2026-09-15 11:06:49.231","2026-09-15","47.074"
"2026-09-15 11:07:38.577","2026-09-15","49.346"
"2026-09-15 11:08:20.055","2026-09-15","41.478"
"2026-09-15 11:09:01.183","2026-09-15","41.128"
"2026-09-15 11:09:48.964","2026-09-15","47.781"
"2026-09-15 11:10:29.890","2026-09-15","40.926"
"2026-09-15 11:11:19.307","2026-09-15","49.416"
"2026-09-15 11:12:08.467","2026-09-15","49.16"
"2026-09-15 11:12:50.191","2026-09-15","41.724"
"2026-09-15 11:13:31.326","2026-09-15","41.135"
"2026-09-15 11:14:19.535","2026-09-15","48.209"
"2026-09-15 11:15:01.410","2026-09-15","41.875"
"2026-09-15 11:15:49.624","2026-09-15","48.214"
"2026-09-15 11:16:29.870","2026-09-15","40.246"
"2026-09-15 11:17:39.849","2026-09-15","69.979"
"2026-09-15 11:18:19.904","2026-09-15","40.056"
"2026-09-15 11:19:11.391","2026-09-15","51.487"
"2026-09-15 11:19:51.914","2026-09-15","40.522"
"2026-09-15 11:20:33.703","2026-09-15","41.789"
"2026-09-15 11:21:15.151","2026-09-15","41.449"
"2026-09-15 11:22:01.074","2026-09-15","45.923"
"2026-09-15 11:22:42.244","2026-09-15","41.17"
"2026-09-15 11:23:25.869","2026-09-15","43.625"
"2026-09-15 11:24:26.874","2026-09-15","61.006"
"2026-09-15 11:25:07.239","2026-09-15","40.365"
"2026-09-15 11:25:48.651","2026-09-15","41.412"
"2026-09-15 11:26:31.314","2026-09-15","42.663"
"2026-09-15 11:27:09.269","2026-09-15","37.954"
"2026-09-15 11:27:49.871","2026-09-15","40.603"
"2026-09-15 11:28:28.403","2026-09-15","38.532"
"2026-09-15 11:29:09.531","2026-09-15","41.127"
"2026-09-15 11:29:51.075","2026-09-15","41.544"
"2026-09-15 11:30:49.877","2026-09-15","58.802"
"2026-09-15 11:31:39.618","2026-09-15","49.741"
"2026-09-15 11:32:20.199","2026-09-15","40.582"
"2026-09-15 11:33:10.909","2026-09-15","50.71"
"2026-09-15 11:33:50.118","2026-09-15","39.209"
"2026-09-15 11:34:41.710","2026-09-15","51.592"
"2026-09-15 11:35:20.053","2026-09-15","38.343"
"2026-09-15 11:36:11.033","2026-09-15","50.979"
"2026-09-15 11:36:50.013","2026-09-15","38.98"
"2026-09-15 11:37:31.093","2026-09-15","41.08"
"2026-09-15 11:38:19.749","2026-09-15","48.656"
"2026-09-15 11:38:59.762","2026-09-15","40.013"
"2026-09-15 11:39:49.789","2026-09-15","50.027"
"2026-09-15 11:40:30.818","2026-09-15","41.029"
"2026-09-15 11:41:30.119","2026-09-15","59.301"
"2026-09-15 11:42:10.886","2026-09-15","40.767"
"2026-09-15 11:42:50.215","2026-09-15","39.329"
"2026-09-15 11:43:31.819","2026-09-15","41.604"
"2026-09-15 11:44:19.901","2026-09-15","48.082"
"2026-09-15 11:45:09.229","2026-09-15","49.328"
"2026-09-15 11:45:50.286","2026-09-15","41.057"
"2026-09-15 11:46:31.403","2026-09-15","41.117"
"2026-09-15 11:47:29.951","2026-09-15","58.548"
"2026-09-15 11:48:10.681","2026-09-15","40.729"
"2026-09-15 11:48:50.272","2026-09-15","39.592"
"2026-09-15 11:49:31.477","2026-09-15","41.205"
"2026-09-15 11:50:19.992","2026-09-15","48.515"
"2026-09-15 11:51:00.354","2026-09-15","40.362"
"2026-09-15 11:51:50.134","2026-09-15","49.78"
"2026-09-15 11:52:30.843","2026-09-15","40.709"
"2026-09-15 11:53:20.141","2026-09-15","49.298"
"2026-09-15 11:54:11.443","2026-09-15","51.302"
"2026-09-15 11:54:50.172","2026-09-15","38.729"
"2026-09-15 11:55:31.039","2026-09-15","40.867"
"2026-09-15 11:56:20.204","2026-09-15","49.164"
"2026-09-15 11:57:11.520","2026-09-15","51.317"
"2026-09-15 11:58:00.325","2026-09-15","48.805"
"2026-09-15 11:58:41.623","2026-09-15","41.298"
"2026-09-15 11:59:30.628","2026-09-15","49.005"
"2026-09-15 12:00:11.561","2026-09-15","40.933"
"2026-09-15 12:00:50.278","2026-09-15","38.717"
"2026-09-15 12:01:30.639","2026-09-15","40.362"
"2026-09-15 12:02:19.880","2026-09-15","49.241"
"2026-09-15 12:03:20.944","2026-09-15","61.064"
"2026-09-15 12:04:02.416","2026-09-15","41.472"
"2026-09-15 12:04:43.559","2026-09-15","41.143"
"2026-09-15 12:05:31.414","2026-09-15","47.855"
"2026-09-15 12:06:12.390","2026-09-15","40.976"
"2026-09-15 12:06:50.569","2026-09-15","38.179"
"2026-09-15 12:07:32.871","2026-09-15","42.302"
"2026-09-15 12:08:10.407","2026-09-15","37.536"
"2026-09-15 12:08:51.279","2026-09-15","40.872"
"2026-09-15 12:09:50.270","2026-09-15","58.991"
"2026-09-15 12:10:30.502","2026-09-15","40.232"
"2026-09-15 12:11:10.142","2026-09-15","39.639"
"2026-09-15 12:11:51.034","2026-09-15","40.892"
"2026-09-15 12:12:50.171","2026-09-15","59.137"
"2026-09-15 12:13:31.031","2026-09-15","40.86"
"2026-09-15 12:14:20.218","2026-09-15","49.187"
"2026-09-15 12:15:01.562","2026-09-15","41.344"
"2026-09-15 12:16:10.704","2026-09-15","69.142"
"2026-09-15 12:16:51.758","2026-09-15","41.054"
"2026-09-15 12:17:32.434","2026-09-15","40.676"
"2026-09-15 12:18:14.763","2026-09-15","42.329"
"2026-09-15 12:19:01.989","2026-09-15","47.226"
"2026-09-15 12:19:53.414","2026-09-15","51.425"
"2026-09-15 12:20:34.354","2026-09-15","40.94"
"2026-09-15 12:21:15.538","2026-09-15","41.184"
"2026-09-15 12:22:01.792","2026-09-15","46.254"
"2026-09-15 12:22:44.086","2026-09-15","42.294"
"2026-09-15 12:23:31.193","2026-09-15","47.107"
"2026-09-15 12:24:40.120","2026-09-15","68.927"
"2026-09-15 12:25:21.261","2026-09-15","41.141"
"2026-09-15 12:26:18.023","2026-09-15","56.762"
"2026-09-15 13:53:03.106","2026-09-15","5205.082"
"2026-09-15 13:53:46.924","2026-09-15","43.818"
"2026-09-15 13:54:28.777","2026-09-15","41.853"
"2026-09-15 13:55:16.916","2026-09-15","48.14"
"2026-09-15 13:56:20.895","2026-09-15","63.978"
"2026-09-15 13:57:04.893","2026-09-15","43.998"
"2026-09-15 13:58:04.911","2026-09-15","60.019"
"2026-09-15 14:03:21.561","2026-09-15","316.65"
"2026-09-15 14:04:34.940","2026-09-15","73.379"
"2026-09-15 14:05:18.929","2026-09-15","43.99"
"2026-09-15 14:06:10.942","2026-09-15","52.012"
"2026-09-15 14:06:54.691","2026-09-15","43.749"
"2026-09-15 14:07:35.787","2026-09-15","41.096"
"2026-09-15 14:08:20.410","2026-09-15","44.623"
"2026-09-15 14:09:20.015","2026-09-15","59.605"
"2026-09-15 14:10:14.167","2026-09-15","54.152"
"2026-09-15 14:11:20.943","2026-09-15","66.777"
"2026-09-15 14:12:04.807","2026-09-15","43.864"
"2026-09-15 14:12:50.949","2026-09-15","46.142"
"2026-09-15 14:15:59.339","2026-09-15","188.39"
"2026-09-15 14:16:43.152","2026-09-15","43.813"
"2026-09-15 14:17:20.875","2026-09-15","37.723"
"2026-09-15 14:18:10.121","2026-09-15","49.246"
"2026-09-15 14:26:56.190","2026-09-15","526.068"
"2026-09-15 14:33:09.401","2026-09-15","373.211"
"2026-09-15 15:01:49.455","2026-09-15","1720.054"
"2026-09-15 15:02:37.429","2026-09-15","47.973"
"2026-09-15 15:03:19.024","2026-09-15","41.595"
"2026-09-15 15:04:14.432","2026-09-15","55.408"
"2026-09-15 15:04:56.284","2026-09-15","41.852"
"2026-09-15 15:06:19.481","2026-09-15","83.197"
"2026-09-15 15:07:04.452","2026-09-15","44.971"
"2026-09-15 15:07:49.459","2026-09-15","45.007"
"2026-09-15 15:08:37.571","2026-09-15","48.112"
"2026-09-15 15:09:19.809","2026-09-15","42.238"
"2026-09-15 15:10:02.102","2026-09-15","42.293"
"2026-09-15 15:10:43.318","2026-09-15","41.215"
"2026-09-15 15:11:26.523","2026-09-15","43.206"
"2026-09-15 15:12:08.430","2026-09-15","41.907"
"2026-09-15 15:13:17.793","2026-09-15","69.363"
"2026-09-15 15:13:59.416","2026-09-15","41.623"
"2026-09-15 15:14:40.453","2026-09-15","41.037"
"2026-09-15 15:15:22.387","2026-09-15","41.934"
"2026-09-15 15:16:08.289","2026-09-15","45.902"
"2026-09-15 15:16:50.271","2026-09-15","41.981"
"2026-09-15 15:17:27.777","2026-09-15","37.507"
"2026-09-15 15:18:09.449","2026-09-15","41.672"
"2026-09-15 15:18:56.663","2026-09-15","47.214"
"2026-09-15 15:19:48.642","2026-09-15","51.979"
"2026-09-15 15:20:37.640","2026-09-15","48.998"
"2026-09-15 15:21:18.633","2026-09-15","40.992"
"2026-09-15 15:21:56.873","2026-09-15","38.241"
"2026-09-15 15:22:39.527","2026-09-15","42.653"
"2026-09-15 15:23:26.690","2026-09-15","47.164"
"2026-09-15 15:24:08.590","2026-09-15","41.9"
"2026-09-15 15:25:06.952","2026-09-15","58.362"
"2026-09-15 15:25:50.599","2026-09-15","43.647"
"2026-09-15 15:26:37.609","2026-09-15","47.01"
"2026-09-15 15:27:19.544","2026-09-15","41.934"
"2026-09-15 15:27:57.441","2026-09-15","37.897"
"2026-09-15 15:28:38.751","2026-09-15","41.31"
"2026-09-15 15:29:31.870","2026-09-15","53.119"
"2026-09-15 15:30:12.873","2026-09-15","41.003"
"2026-09-15 15:30:56.786","2026-09-15","43.912"
"2026-09-15 15:31:39.791","2026-09-15","43.005"
"2026-09-15 15:32:26.780","2026-09-15","46.989"
"2026-09-15 15:33:08.646","2026-09-15","41.866"
"2026-09-15 15:34:10.131","2026-09-15","61.485"
"2026-09-15 15:34:51.098","2026-09-15","40.967"
"2026-09-15 15:35:43.163","2026-09-15","52.065"
"2026-09-15 15:36:24.877","2026-09-15","41.714"
"2026-09-15 15:37:07.847","2026-09-15","42.97"
"2026-09-15 15:37:48.950","2026-09-15","41.103"
"2026-09-15 15:38:26.871","2026-09-15","37.921"
"2026-09-15 15:39:08.764","2026-09-15","41.893"
"2026-09-15 15:39:56.859","2026-09-15","48.095"
"2026-09-15 15:40:38.752","2026-09-15","41.893"
"2026-09-15 15:41:26.688","2026-09-15","47.936"
"2026-09-15 15:42:09.012","2026-09-15","42.324"
"2026-09-15 15:42:56.988","2026-09-15","47.976"
"2026-09-15 15:43:38.259","2026-09-15","41.27"
"2026-09-15 15:44:26.687","2026-09-15","48.428"
"2026-09-15 15:45:08.244","2026-09-15","41.557"
"2026-09-15 15:45:56.520","2026-09-15","48.276"
"2026-09-15 15:46:38.023","2026-09-15","41.503"
"2026-09-15 15:47:26.630","2026-09-15","48.607"
"2026-09-15 15:48:07.950","2026-09-15","41.32"
"2026-09-15 15:48:57.046","2026-09-15","49.096"
"2026-09-15 15:49:39.757","2026-09-15","42.711"
"2026-09-15 15:50:37.396","2026-09-15","57.639"
"2026-09-15 15:51:18.916","2026-09-15","41.52"
"2026-09-15 15:51:57.296","2026-09-15","38.381"
"2026-09-15 15:52:39.945","2026-09-15","42.649"
"2026-09-15 15:53:27.333","2026-09-15","47.388"
"2026-09-15 15:54:10.074","2026-09-15","42.74"
"2026-09-15 15:54:56.731","2026-09-15","46.657"
"2026-09-15 15:55:39.338","2026-09-15","42.608"
"2026-09-15 15:56:16.704","2026-09-15","37.366"
"2026-09-15 15:57:20.522","2026-09-15","63.818"
"2026-09-15 15:58:07.751","2026-09-15","47.229"
"2026-09-15 15:58:49.372","2026-09-15","41.621"
"2026-09-15 15:59:27.428","2026-09-15","38.056"
"2026-09-15 16:00:08.620","2026-09-15","41.192"
"2026-09-15 16:00:46.565","2026-09-15","37.945"
"2026-09-15 16:01:28.009","2026-09-15","41.443"
"2026-09-15 16:02:37.960","2026-09-15","69.951"
"2026-09-15 16:03:19.608","2026-09-15","41.649"
"2026-09-15 16:03:57.374","2026-09-15","37.766"
"2026-09-15 16:04:38.836","2026-09-15","41.462"
"2026-09-15 16:05:27.228","2026-09-15","48.392"
"2026-09-15 16:06:20.250","2026-09-15","53.022"
"2026-09-15 16:07:04.487","2026-09-15","44.237"
"2026-09-15 16:07:56.225","2026-09-15","51.738"
"2026-09-15 16:08:37.978","2026-09-15","41.753"
"2026-09-15 16:09:24.095","2026-09-15","46.117"
"2026-09-15 16:10:20.783","2026-09-15","56.689"
"2026-09-15 16:11:00.543","2026-09-15","39.759"
"2026-09-15 16:13:35.572","2026-09-15","155.029"
"2026-09-15 16:14:27.047","2026-09-15","51.475"
"2026-09-15 16:15:18.594","2026-09-15","51.547"
"2026-09-15 16:22:24.537","2026-09-15","425.943"
"2026-09-15 16:23:27.169","2026-09-15","62.632"
"2026-09-15 16:24:11.433","2026-09-15","44.264"
"2026-09-15 16:24:56.868","2026-09-15","45.435"
"2026-09-15 16:25:38.509","2026-09-15","41.64"
"2026-09-15 16:26:27.185","2026-09-15","48.676"
"2026-09-15 16:27:08.500","2026-09-15","41.315"
"2026-09-15 16:27:46.773","2026-09-15","38.272"
"2026-09-15 16:28:27.929","2026-09-15","41.156"
"2026-09-15 16:29:37.877","2026-09-15","69.948"
"2026-09-15 16:30:19.619","2026-09-15","41.742"
"2026-09-15 16:30:57.463","2026-09-15","37.844"
"2026-09-15 16:31:39.079","2026-09-15","41.617"
"2026-09-15 16:32:38.083","2026-09-15","59.004"
"2026-09-15 16:33:19.159","2026-09-15","41.076"
"2026-09-15 16:33:57.405","2026-09-15","38.246"
"2026-09-15 16:34:39.197","2026-09-15","41.792"
"2026-09-15 16:35:17.242","2026-09-15","38.045"
"2026-09-15 16:36:06.031","2026-09-15","48.789"
"2026-09-15 16:36:57.438","2026-09-15","51.407"
"2026-09-15 16:37:38.557","2026-09-15","41.118"
"2026-09-15 16:38:27.183","2026-09-15","48.626"
"2026-09-15 16:39:19.637","2026-09-15","52.455"
"2026-09-15 16:40:07.710","2026-09-15","48.073"
"2026-09-15 16:40:49.490","2026-09-15","41.779"
"2026-09-15 16:41:27.240","2026-09-15","37.75"
"2026-09-15 16:42:09.591","2026-09-15","42.351"
"2026-09-15 16:42:47.011","2026-09-15","37.42"
"2026-09-15 16:43:38.731","2026-09-15","51.72"
"2026-09-15 16:44:27.235","2026-09-15","48.504"
"2026-09-15 16:45:08.301","2026-09-15","41.066"
"2026-09-15 16:45:47.033","2026-09-15","38.733"
"2026-09-15 16:46:36.403","2026-09-15","49.37"
"2026-09-15 16:47:27.402","2026-09-15","50.998"
"2026-09-15 16:48:09.416","2026-09-15","42.014"
"2026-09-15 16:49:37.412","2026-09-15","87.997"
"2026-09-15 16:50:27.183","2026-09-15","49.77"
"2026-09-15 16:51:08.501","2026-09-15","41.319"
"2026-09-15 16:51:57.327","2026-09-15","48.826"
"2026-09-15 16:52:38.573","2026-09-15","41.245"
"2026-09-15 16:53:27.149","2026-09-15","48.577"
"2026-09-15 16:54:08.754","2026-09-15","41.605"
"2026-09-15 16:54:57.257","2026-09-15","48.503"
"2026-09-15 16:55:38.659","2026-09-15","41.402"
"2026-09-15 16:56:27.192","2026-09-15","48.533"
"2026-09-15 16:57:20.113","2026-09-15","52.921"
"2026-09-15 16:59:44.116","2026-09-15","144.003"
"2026-09-15 17:00:25.938","2026-09-15","41.822"
"2026-09-15 17:01:08.394","2026-09-15","42.456"
"2026-09-15 17:06:25.395","2026-09-15","317.001"
"2026-09-15 17:07:08.244","2026-09-15","42.848"
"2026-09-15 17:07:46.389","2026-09-15","38.145"
"2026-09-15 17:08:28.376","2026-09-15","41.987"
"2026-09-15 17:13:23.232","2026-09-15","294.856"
"2026-09-15 17:14:02.641","2026-09-15","39.409"
"2026-09-15 17:14:44.523","2026-09-15","41.882"
"2026-09-15 17:15:58.076","2026-09-15","73.553"
"2026-09-15 17:16:39.889","2026-09-15","41.813"
"2026-09-15 17:17:28.060","2026-09-15","48.17"
"2026-09-15 17:18:20.327","2026-09-15","52.268"
"2026-09-15 17:18:58.264","2026-09-15","37.936"
"2026-09-15 17:19:40.006","2026-09-15","41.742"
"2026-09-15 17:20:28.073","2026-09-15","48.067"
"2026-09-15 17:21:09.100","2026-09-15","41.027"
"2026-09-15 17:21:47.993","2026-09-15","38.894"
"2026-09-15 17:22:28.926","2026-09-15","40.933"
"2026-09-15 17:24:10.390","2026-09-15","101.463"
"2026-09-15 17:25:08.654","2026-09-15","58.265"
"2026-09-15 17:25:50.238","2026-09-15","41.584"
"2026-09-15 17:26:39.394","2026-09-15","49.156"
"2026-09-15 17:27:21.194","2026-09-15","41.8"
"2026-09-15 17:30:51.387","2026-09-15","210.193"
"2026-09-15 17:31:32.949","2026-09-15","41.562"
"2026-09-15 17:32:38.826","2026-09-15","65.877"
"2026-09-15 17:33:58.884","2026-09-15","80.058"
"2026-09-15 17:34:51.882","2026-09-15","52.998"
"2026-09-15 17:35:39.802","2026-09-15","47.92"
"2026-09-15 17:36:20.966","2026-09-15","41.164"
"2026-09-15 17:48:29.914","2026-09-15","728.948"
"2026-09-15 17:49:12.692","2026-09-15","42.778"
"2026-09-15 17:49:55.145","2026-09-15","42.453"
"2026-09-15 17:50:39.101","2026-09-15","43.956"
"2026-09-15 17:51:26.605","2026-09-15","47.504"
"2026-09-15 17:59:22.917","2026-09-15","476.313"
"2026-09-15 18:00:07.613","2026-09-15","44.696"
"2026-09-15 18:00:58.408","2026-09-15","50.795"
"2026-09-15 18:01:51.025","2026-09-15","52.617"
"2026-09-15 18:02:29.049","2026-09-15","38.024"
"2026-09-15 18:03:10.725","2026-09-15","41.676"
"2026-09-15 18:08:17.232","2026-09-15","306.507"
"2026-09-15 18:10:29.567","2026-09-15","132.335"
"2026-09-15 18:25:41.328","2026-09-15","911.761"
"2026-09-15 18:26:29.167","2026-09-15","47.839"
"2026-09-15 18:27:11.184","2026-09-15","42.017"
"2026-09-15 18:27:58.805","2026-09-15","47.62"
"2026-09-15 18:28:40.639","2026-09-15","41.835"
"2026-09-15 18:29:28.520","2026-09-15","47.881"
"2026-09-15 18:30:10.254","2026-09-15","41.734"
"2026-09-15 18:30:58.574","2026-09-15","48.321"
"2026-09-15 18:31:40.168","2026-09-15","41.594"
"2026-09-15 18:32:39.339","2026-09-15","59.171"
"2026-09-15 18:33:21.114","2026-09-15","41.775"
"2026-09-15 18:33:59.165","2026-09-15","38.052"
"2026-09-15 18:34:52.129","2026-09-15","52.963"
"2026-09-15 18:36:10.836","2026-09-15","78.708"
"2026-09-15 18:36:58.838","2026-09-15","48.001"
"2026-09-15 18:37:41.641","2026-09-15","42.804"
"2026-09-15 18:38:29.289","2026-09-15","47.648"
"2026-09-15 18:39:11.197","2026-09-15","41.908"
"2026-09-15 18:39:59.271","2026-09-15","48.074"
"2026-09-15 18:41:55.229","2026-09-15","115.958"
"2026-09-15 18:43:50.299","2026-09-15","115.07"
"2026-09-15 18:45:29.443","2026-09-15","99.144"
"2026-09-15 18:46:11.205","2026-09-15","41.762"
"2026-09-15 18:47:39.329","2026-09-15","88.124"
"2026-09-15 18:48:59.294","2026-09-15","79.965"
"2026-09-15 18:49:42.123","2026-09-15","42.83"
"2026-09-15 18:50:28.742","2026-09-15","46.619"
"2026-09-15 18:51:10.600","2026-09-15","41.857"
"2026-09-15 18:51:58.759","2026-09-15","48.159"
"2026-09-15 18:52:41.411","2026-09-15","42.653"
"2026-09-15 18:53:28.997","2026-09-15","47.586"
"2026-09-15 18:54:10.703","2026-09-15","41.706"
"2026-09-15 18:54:58.705","2026-09-15","48.001"
"2026-09-15 18:55:40.966","2026-09-15","42.262"
"2026-09-15 18:56:28.556","2026-09-15","47.589"
"2026-09-15 18:57:21.597","2026-09-15","53.041"
"2026-09-15 18:57:59.157","2026-09-15","37.56"
"2026-09-15 18:58:40.800","2026-09-15","41.642"
"2026-09-15 18:59:28.821","2026-09-15","48.021"
"2026-09-15 19:00:10.871","2026-09-15","42.05"
"2026-09-15 19:00:58.927","2026-09-15","48.057"
"2026-09-15 19:01:41.637","2026-09-15","42.71"
"2026-09-15 19:02:29.365","2026-09-15","47.728"
"2026-09-15 19:03:12.245","2026-09-15","42.88"
"2026-09-15 19:03:58.852","2026-09-15","46.607"
"2026-09-15 19:04:40.706","2026-09-15","41.854"
"2026-09-15 19:05:29.334","2026-09-15","48.629"
"2026-09-15 19:06:11.189","2026-09-15","41.855"
"2026-09-15 19:06:59.345","2026-09-15","48.156"
"2026-09-15 19:07:41.300","2026-09-15","41.955"
"2026-09-15 19:08:29.380","2026-09-15","48.08"
"2026-09-15 19:09:12.260","2026-09-15","42.88"
"2026-09-15 19:09:58.996","2026-09-15","46.736"
"2026-09-15 19:10:40.809","2026-09-15","41.812"
"2026-09-15 19:11:29.565","2026-09-15","48.757"
"2026-09-15 19:12:22.556","2026-09-15","52.991"
"2026-09-15 19:13:10.523","2026-09-15","47.967"
"2026-09-15 19:13:52.722","2026-09-15","42.199"
"2026-09-15 19:14:39.662","2026-09-15","46.94"
"2026-09-15 19:15:21.483","2026-09-15","41.822"
"2026-09-15 19:15:59.649","2026-09-15","38.165"
"2026-09-15 19:16:42.462","2026-09-15","42.813"
"2026-09-15 19:17:39.577","2026-09-15","57.115"
"2026-09-15 19:18:22.624","2026-09-15","43.047"
"2026-09-15 19:19:10.539","2026-09-15","47.915"
"2026-09-15 19:19:53.077","2026-09-15","42.538"
"2026-09-15 19:21:01.001","2026-09-15","67.924"
"2026-09-15 19:21:59.803","2026-09-15","58.802"
"2026-09-15 19:22:42.790","2026-09-15","42.988"
"2026-09-15 19:23:29.048","2026-09-15","46.257"
"2026-09-15 19:24:11.663","2026-09-15","42.615"
"2026-09-15 19:26:28.447","2026-09-15","136.784"
"2026-09-15 19:27:22.529","2026-09-15","54.082"
"2026-09-15 19:28:10.407","2026-09-15","47.878"
"2026-09-15 19:28:52.442","2026-09-15","42.035"
"2026-09-15 19:29:40.350","2026-09-15","47.908"
"2026-09-15 19:30:22.237","2026-09-15","41.887"
"2026-09-15 19:31:10.080","2026-09-15","47.842"
"2026-09-15 19:31:53.003","2026-09-15","42.923"
"2026-09-15 19:32:40.041","2026-09-15","47.038"
"2026-09-15 19:33:34.091","2026-09-15","54.05"
"2026-09-15 19:34:15.768","2026-09-15","41.677"
"2026-09-15 19:34:57.541","2026-09-15","41.774"
"2026-09-15 19:35:42.225","2026-09-15","44.684"
"2026-09-15 19:36:24.175","2026-09-15","41.95"
"2026-09-15 19:37:01.554","2026-09-15","37.379"
"2026-09-15 19:37:44.212","2026-09-15","42.659"
"2026-09-15 19:38:30.705","2026-09-15","46.493"
"2026-09-15 19:39:12.407","2026-09-15","41.702"
"2026-09-15 19:40:01.497","2026-09-15","49.09"
"2026-09-15 19:40:43.166","2026-09-15","41.669"
"2026-09-15 19:41:31.996","2026-09-15","48.829"
"2026-09-15 19:43:00.998","2026-09-15","89.002"
"2026-09-15 19:43:43.042","2026-09-15","42.044"
"2026-09-15 19:44:32.113","2026-09-15","49.071"
"2026-09-15 19:45:15.980","2026-09-15","43.868"
"2026-09-15 19:46:02.130","2026-09-15","46.149"
"2026-09-15 19:46:44.905","2026-09-15","42.775"
"2026-09-15 19:47:31.708","2026-09-15","46.803"
"2026-09-15 19:48:14.548","2026-09-15","42.84"
"2026-09-15 19:49:01.718","2026-09-15","47.171"
"2026-09-15 19:49:43.563","2026-09-15","41.844"
"2026-09-15 19:50:32.325","2026-09-15","48.762"
"2026-09-15 19:51:15.192","2026-09-15","42.867"
"2026-09-15 19:52:01.557","2026-09-15","46.365"
"2026-09-15 19:52:44.216","2026-09-15","42.659"
"2026-09-15 19:53:31.630","2026-09-15","47.414"
"2026-09-15 19:54:14.158","2026-09-15","42.528"
"2026-09-15 19:55:01.953","2026-09-15","47.796"
"2026-09-15 19:55:44.844","2026-09-15","42.89"
"2026-09-15 19:56:31.966","2026-09-15","47.122"
"2026-09-15 19:57:14.039","2026-09-15","42.074"
"2026-09-15 19:58:01.962","2026-09-15","47.922"
"2026-09-15 19:58:43.978","2026-09-15","42.017"
"2026-09-15 19:59:31.964","2026-09-15","47.985"
"2026-09-15 20:00:14.845","2026-09-15","42.881"
"2026-09-15 20:01:01.685","2026-09-15","46.84"
"2026-09-15 20:01:44.659","2026-09-15","42.974"
"2026-09-15 20:02:31.773","2026-09-15","47.114"
"2026-09-15 20:03:14.563","2026-09-15","42.79"
"2026-09-15 20:04:02.284","2026-09-15","47.721"
"2026-09-15 20:05:31.361","2026-09-15","89.077"
"2026-09-15 20:06:13.165","2026-09-15","41.804"
"2026-09-15 20:07:01.927","2026-09-15","48.762"
"2026-09-15 20:07:47.271","2026-09-15","45.344"
"2026-09-15 20:08:56.159","2026-09-15","68.887"
"2026-09-15 20:09:38.014","2026-09-15","41.855"
"2026-09-15 20:10:20.853","2026-09-15","42.839"
"2026-09-15 20:11:02.525","2026-09-15","41.672"
"2026-09-15 20:11:45.215","2026-09-15","42.69"
"2026-09-15 20:12:28.205","2026-09-15","42.99"
"2026-09-15 20:13:40.134","2026-09-15","71.929"
"2026-09-15 20:14:53.141","2026-09-15","73.007"
"2026-09-15 20:15:34.899","2026-09-15","41.758"
"2026-09-15 20:16:16.864","2026-09-15","41.964"
"2026-09-15 20:16:58.462","2026-09-15","41.599"
"2026-09-15 20:17:43.228","2026-09-15","44.766"
"2026-09-15 20:18:25.977","2026-09-15","42.749"
"2026-09-15 20:19:12.804","2026-09-15","46.828"
"2026-09-15 20:19:55.586","2026-09-15","42.781"
"2026-09-15 20:20:42.616","2026-09-15","47.03"
"2026-09-15 20:21:25.400","2026-09-15","42.784"
"2026-09-15 20:22:13.112","2026-09-15","47.712"
"2026-09-15 20:22:55.264","2026-09-15","42.151"
"2026-09-15 20:23:43.060","2026-09-15","47.796"
"2026-09-15 20:24:25.700","2026-09-15","42.64"
"2026-09-15 20:25:12.697","2026-09-15","46.998"
"2026-09-15 20:25:54.631","2026-09-15","41.934"
"2026-09-15 20:26:32.157","2026-09-15","37.525"
"2026-09-15 20:27:24.985","2026-09-15","52.828"
"2026-09-15 20:28:12.730","2026-09-15","47.745"
"2026-09-15 20:28:55.408","2026-09-15","42.678"
"2026-09-15 20:29:43.072","2026-09-15","47.664"
"2026-09-15 20:30:25.815","2026-09-15","42.744"
"2026-09-15 20:31:12.985","2026-09-15","47.17"
"2026-09-15 20:31:55.907","2026-09-15","42.922"
"2026-09-15 20:32:53.233","2026-09-15","57.326"
"2026-09-15 20:34:02.431","2026-09-15","69.198"
"2026-09-15 20:34:55.832","2026-09-15","53.401"
"2026-09-15 20:35:42.681","2026-09-15","46.849"
"2026-09-15 20:36:25.527","2026-09-15","42.846"
"2026-09-15 20:37:13.371","2026-09-15","47.844"
"2026-09-15 20:38:07.591","2026-09-15","54.219"
"2026-09-15 20:38:49.408","2026-09-15","41.818"
"2026-09-15 20:39:31.478","2026-09-15","42.069"
"2026-09-15 20:40:14.367","2026-09-15","42.889"
"2026-09-15 20:40:57.213","2026-09-15","42.846"
"2026-09-15 20:41:43.338","2026-09-15","46.126"
"2026-09-15 20:42:25.353","2026-09-15","42.015"
"2026-09-15 20:43:02.696","2026-09-15","37.343"
"2026-09-15 20:43:45.804","2026-09-15","43.108"
"2026-09-15 20:44:32.805","2026-09-15","47.001"
"2026-09-15 20:45:15.829","2026-09-15","43.024"
"2026-09-15 20:46:02.837","2026-09-15","47.008"
"2026-09-15 20:46:45.836","2026-09-15","42.999"
"2026-09-15 20:47:32.872","2026-09-15","47.036"
"2026-09-15 20:48:15.655","2026-09-15","42.784"
"2026-09-15 20:49:13.511","2026-09-15","57.855"
"2026-09-15 20:49:56.367","2026-09-15","42.856"
"2026-09-15 20:50:44.140","2026-09-15","47.774"
"2026-09-15 20:51:26.066","2026-09-15","41.925"
"2026-09-15 20:52:13.990","2026-09-15","47.924"
"2026-09-15 22:22:33.762","2026-09-15","5419.772"
"2026-09-15 23:15:41.321","2026-09-15","3187.559"
"2026-09-16 09:08:41.549","2026-09-16","35580.228"
"2026-09-16 09:09:19.598","2026-09-16","38.049"
"2026-09-16 09:09:59.607","2026-09-16","40.009"
"2026-09-16 09:10:52.905","2026-09-16","53.298"
"2026-09-16 09:11:41.604","2026-09-16","48.698"
"2026-09-16 09:12:22.388","2026-09-16","40.785"
"2026-09-16 09:13:21.730","2026-09-16","59.342"
"2026-09-16 09:14:01.896","2026-09-16","40.166"
"2026-09-16 09:14:41.490","2026-09-16","39.594"
"2026-09-16 09:15:21.620","2026-09-16","40.129"
"2026-09-16 09:16:11.602","2026-09-16","49.982"
"2026-09-16 09:16:51.940","2026-09-16","40.338"
"2026-09-16 09:17:41.619","2026-09-16","49.679"
"2026-09-16 09:18:22.398","2026-09-16","40.78"
"2026-09-16 09:19:32.004","2026-09-16","69.605"
"2026-09-16 09:20:12.736","2026-09-16","40.732"
"2026-09-16 09:21:12.641","2026-09-16","59.905"
"2026-09-16 09:21:52.626","2026-09-16","39.985"
"2026-09-16 09:22:44.666","2026-09-16","52.04"
"2026-09-16 09:23:24.646","2026-09-16","39.979"
"2026-09-16 09:24:05.007","2026-09-16","40.362"
"2026-09-16 09:24:45.648","2026-09-16","40.641"
"2026-09-16 09:25:32.253","2026-09-16","46.605"
"2026-09-16 09:26:13.547","2026-09-16","41.293"
"2026-09-16 09:26:52.628","2026-09-16","39.081"
"2026-09-16 09:27:32.658","2026-09-16","40.03"
"2026-09-16 09:28:11.660","2026-09-16","39.002"
"2026-09-16 09:28:54.307","2026-09-16","42.647"
"2026-09-16 09:29:41.798","2026-09-16","47.491"
"2026-09-16 09:30:22.013","2026-09-16","40.215"
"2026-09-16 09:31:11.637","2026-09-16","49.623"
"2026-09-16 09:31:51.717","2026-09-16","40.08"
"2026-09-16 09:32:41.619","2026-09-16","49.902"
"2026-09-16 09:33:21.635","2026-09-16","40.016"
"2026-09-16 09:34:11.611","2026-09-16","49.976"
"2026-09-16 09:34:52.488","2026-09-16","40.877"
"2026-09-16 09:35:41.629","2026-09-16","49.141"
"2026-09-16 09:36:21.950","2026-09-16","40.322"
"2026-09-16 09:37:22.032","2026-09-16","60.081"
"2026-09-16 09:38:02.333","2026-09-16","40.302"
"2026-09-16 09:38:41.650","2026-09-16","39.317"
"2026-09-16 09:39:22.091","2026-09-16","40.44"
"2026-09-16 09:40:13.099","2026-09-16","51.008"
"2026-09-16 09:40:58.398","2026-09-16","45.299"
"2026-09-16 09:41:38.621","2026-09-16","40.223"
"2026-09-16 09:42:36.775","2026-09-16","58.153"
"2026-09-16 09:43:21.909","2026-09-16","45.134"
"2026-09-16 09:44:22.628","2026-09-16","60.719"
"2026-09-16 09:45:02.635","2026-09-16","40.007"
"2026-09-16 09:45:47.030","2026-09-16","44.396"
"2026-09-16 09:46:33.470","2026-09-16","46.44"
"2026-09-16 09:47:13.637","2026-09-16","40.166"
"2026-09-16 09:47:52.642","2026-09-16","39.006"
"2026-09-16 09:48:44.633","2026-09-16","51.991"
"2026-09-16 09:49:22.380","2026-09-16","37.747"
"2026-09-16 09:50:03.862","2026-09-16","41.482"
"2026-09-16 09:50:41.692","2026-09-16","37.83"
"2026-09-16 09:51:22.893","2026-09-16","41.201"
"2026-09-16 09:52:22.069","2026-09-16","59.176"
"2026-09-16 09:53:03.404","2026-09-16","41.336"
"2026-09-16 09:53:41.726","2026-09-16","38.321"
"2026-09-16 09:54:23.029","2026-09-16","41.303"
"2026-09-16 09:55:22.086","2026-09-16","59.058"
"2026-09-16 09:56:03.013","2026-09-16","40.927"
"2026-09-16 09:56:52.096","2026-09-16","49.084"
"2026-09-16 09:57:43.689","2026-09-16","51.592"
"2026-09-16 09:58:29.737","2026-09-16","46.049"
"2026-09-16 09:59:10.527","2026-09-16","40.789"
"2026-09-16 09:59:52.099","2026-09-16","41.572"
"2026-09-16 10:00:32.106","2026-09-16","40.007"
"2026-09-16 10:01:22.092","2026-09-16","49.986"
"2026-09-16 10:02:03.227","2026-09-16","41.135"
"2026-09-16 10:02:52.096","2026-09-16","48.869"
"2026-09-16 10:03:33.519","2026-09-16","41.423"
"2026-09-16 10:04:22.112","2026-09-16","48.592"
"2026-09-16 10:05:24.099","2026-09-16","61.987"
"2026-09-16 10:06:14.754","2026-09-16","50.655"
"2026-09-16 10:07:05.760","2026-09-16","51.007"
"2026-09-16 10:07:46.506","2026-09-16","40.746"
"2026-09-16 10:08:27.487","2026-09-16","40.981"
"2026-09-16 10:09:08.602","2026-09-16","41.115"
"2026-09-16 10:09:48.789","2026-09-16","40.187"
"2026-09-16 10:10:33.539","2026-09-16","44.749"
"2026-09-16 10:11:14.665","2026-09-16","41.126"
"2026-09-16 10:11:52.868","2026-09-16","38.204"
"2026-09-16 10:12:35.870","2026-09-16","43.002"
"2026-09-16 10:13:22.058","2026-09-16","46.187"
"2026-09-16 10:14:03.684","2026-09-16","41.626"
"2026-09-16 10:15:02.856","2026-09-16","59.173"
"2026-09-16 11:35:52.366","2026-09-16","4849.51"
"2026-09-16 11:54:05.301","2026-09-16","1092.934"
"2026-09-16 11:55:01.218","2026-09-16","55.918"
"2026-09-16 11:55:47.957","2026-09-16","46.739"
"2026-09-16 11:56:47.590","2026-09-16","59.633"
"2026-09-16 11:57:31.177","2026-09-16","43.588"
"2026-09-16 11:58:09.284","2026-09-16","38.106"
"2026-09-16 11:59:01.048","2026-09-16","51.764"
"2026-09-16 11:59:44.579","2026-09-16","43.532"
"2026-09-16 12:00:22.325","2026-09-16","37.746"
"2026-09-16 12:01:01.282","2026-09-16","38.957"
"2026-09-16 12:02:06.298","2026-09-16","65.016"
"2026-09-16 12:03:00.279","2026-09-16","53.981"
"2026-09-16 12:04:01.283","2026-09-16","61.004"
"2026-09-16 12:04:45.297","2026-09-16","44.013"
"2026-09-16 12:05:31.292","2026-09-16","45.995"
"2026-09-16 12:06:25.287","2026-09-16","53.996"
"2026-09-16 12:07:14.559","2026-09-16","49.271"
"2026-09-16 12:07:58.132","2026-09-16","43.573"
"2026-09-16 12:08:46.272","2026-09-16","48.14"
"2026-09-16 12:09:30.274","2026-09-16","44.002"
"2026-09-16 12:10:17.248","2026-09-16","46.973"
"2026-09-16 12:11:01.276","2026-09-16","44.028"
"2026-09-16 12:11:39.181","2026-09-16","37.905"
"2026-09-16 12:12:26.045","2026-09-16","46.864"
"2026-09-16 12:13:30.628","2026-09-16","64.582"
"2026-09-16 12:14:42.078","2026-09-16","71.45"
"2026-09-16 12:15:25.640","2026-09-16","43.562"
"2026-09-16 12:16:12.282","2026-09-16","46.642"
"2026-09-16 12:16:55.726","2026-09-16","43.444"
"2026-09-16 12:17:33.655","2026-09-16","37.929"
"2026-09-16 12:18:26.052","2026-09-16","52.397"
"2026-09-16 12:19:09.741","2026-09-16","43.689"
"2026-09-16 12:19:56.711","2026-09-16","46.97"
"2026-09-16 12:20:51.173","2026-09-16","54.462"
"2026-09-16 12:22:01.742","2026-09-16","70.569"
"2026-09-16 12:22:45.312","2026-09-16","43.57"
"2026-09-16 12:23:31.281","2026-09-16","45.969"
"2026-09-16 12:24:15.304","2026-09-16","44.023"
"2026-09-16 12:25:01.753","2026-09-16","46.449"
"2026-09-16 12:25:45.318","2026-09-16","43.565"
"2026-09-16 12:26:31.732","2026-09-16","46.414"
"2026-09-16 12:27:26.255","2026-09-16","54.523"
"2026-09-16 12:28:04.163","2026-09-16","37.908"
"2026-09-16 12:28:47.848","2026-09-16","43.685"
"2026-09-16 12:29:34.724","2026-09-16","46.875"
"2026-09-16 12:30:18.267","2026-09-16","43.544"
"2026-09-16 12:31:01.814","2026-09-16","43.546"
"2026-09-16 12:31:48.376","2026-09-16","46.562"
"2026-09-16 12:32:31.289","2026-09-16","42.913"
"2026-09-16 12:33:29.277","2026-09-16","57.989"
"2026-09-16 12:34:07.843","2026-09-16","38.566"
"2026-09-16 12:35:01.870","2026-09-16","54.027"
"2026-09-16 12:36:01.965","2026-09-16","60.095"
"2026-09-16 12:37:01.861","2026-09-16","59.896"
"2026-09-16 12:37:56.207","2026-09-16","54.346"
"2026-09-16 12:38:56.079","2026-09-16","59.872"
"2026-09-16 12:39:39.850","2026-09-16","43.771"
"2026-09-16 12:40:27.871","2026-09-16","48.021"
"2026-09-16 12:41:31.839","2026-09-16","63.968"
"2026-09-16 12:42:36.866","2026-09-16","65.027"
"2026-09-16 12:43:31.290","2026-09-16","54.424"
"2026-09-16 12:44:31.877","2026-09-16","60.587"
"2026-09-16 12:45:15.293","2026-09-16","43.416"
"2026-09-16 12:46:15.289","2026-09-16","59.996"
"2026-09-16 12:46:58.883","2026-09-16","43.594"
"2026-09-16 12:47:46.182","2026-09-16","47.299"
"2026-09-16 12:48:29.882","2026-09-16","43.7"
"2026-09-16 12:49:16.739","2026-09-16","46.857"
"2026-09-16 12:50:00.303","2026-09-16","43.564"
"2026-09-16 12:50:47.778","2026-09-16","47.475"
"2026-09-16 12:51:31.306","2026-09-16","43.527"
"2026-09-16 12:52:18.788","2026-09-16","47.483"
"2026-09-16 12:53:02.355","2026-09-16","43.566"
"2026-09-16 12:54:10.336","2026-09-16","67.981"
"2026-09-16 12:55:04.936","2026-09-16","54.601"
"2026-09-16 12:55:53.944","2026-09-16","49.008"
"2026-09-16 12:56:37.409","2026-09-16","43.465"
"2026-09-16 12:57:23.365","2026-09-16","45.956"
"2026-09-16 12:58:07.576","2026-09-16","44.211"
"2026-09-16 12:58:53.601","2026-09-16","46.025"
"2026-09-16 12:59:37.465","2026-09-16","43.864"
"2026-09-16 13:00:23.963","2026-09-16","46.498"
"2026-09-16 13:01:07.432","2026-09-16","43.469"
"2026-09-16 13:01:53.807","2026-09-16","46.375"
"2026-09-16 13:02:48.060","2026-09-16","54.253"
"2026-09-16 13:03:38.067","2026-09-16","50.007"
"2026-09-16 13:04:22.061","2026-09-16","43.994"
"2026-09-16 13:05:32.154","2026-09-16","70.093"
"2026-09-16 13:06:16.086","2026-09-16","43.932"
"2026-09-16 13:07:15.962","2026-09-16","59.875"
"2026-09-16 13:07:59.936","2026-09-16","43.974"
"2026-09-16 13:08:57.099","2026-09-16","57.163"
"2026-09-16 13:10:02.121","2026-09-16","65.022"
"2026-09-16 13:10:56.060","2026-09-16","53.939"
"2026-09-16 13:11:43.024","2026-09-16","46.964"
"2026-09-16 13:12:26.456","2026-09-16","43.432"
"2026-09-16 13:13:13.407","2026-09-16","46.951"
"2026-09-16 13:13:57.121","2026-09-16","43.714"
"2026-09-16 13:14:44.394","2026-09-16","47.273"
"2026-09-16 13:15:28.197","2026-09-16","43.802"
"2026-09-16 13:16:16.003","2026-09-16","47.806"
"2026-09-16 13:16:59.565","2026-09-16","43.562"
"2026-09-16 13:17:47.152","2026-09-16","47.587"
"2026-09-16 13:18:30.691","2026-09-16","43.539"
"2026-09-16 13:19:48.927","2026-09-16","78.236"
"2026-09-16 13:20:43.223","2026-09-16","54.296"
"2026-09-16 13:21:32.593","2026-09-16","49.37"
"2026-09-16 13:22:16.264","2026-09-16","43.671"
"2026-09-16 13:23:02.518","2026-09-16","46.255"
"2026-09-16 13:23:46.272","2026-09-16","43.753"
"2026-09-16 13:24:32.265","2026-09-16","45.993"
"2026-09-16 13:25:16.257","2026-09-16","43.992"
"2026-09-16 13:26:03.062","2026-09-16","46.805"
"2026-09-16 13:26:52.231","2026-09-16","49.17"
"2026-09-16 13:28:12.844","2026-09-16","80.613"
"2026-09-16 13:29:06.988","2026-09-16","54.144"
"2026-09-16 13:30:17.758","2026-09-16","70.769"
"2026-09-16 13:31:01.749","2026-09-16","43.992"
"2026-09-16 13:31:39.813","2026-09-16","38.064"
"2026-09-16 13:32:31.832","2026-09-16","52.019"
"2026-09-16 13:33:26.013","2026-09-16","54.181"
"2026-09-16 13:34:13.214","2026-09-16","47.201"
"2026-09-16 13:34:56.769","2026-09-16","43.555"
"2026-09-16 13:35:45.163","2026-09-16","48.394"
"2026-09-16 13:36:28.797","2026-09-16","43.634"
"2026-09-16 13:37:14.762","2026-09-16","45.965"
"2026-09-16 13:37:58.896","2026-09-16","44.134"
"2026-09-16 13:38:46.214","2026-09-16","47.318"
"2026-09-16 13:39:29.894","2026-09-16","43.68"
"2026-09-16 13:40:16.604","2026-09-16","46.71"
"2026-09-16 13:41:32.092","2026-09-16","75.488"
"2026-09-16 13:42:16.036","2026-09-16","43.944"
"2026-09-16 13:43:03.007","2026-09-16","46.971"
"2026-09-16 13:43:46.948","2026-09-16","43.941"
"2026-09-16 13:44:43.065","2026-09-16","56.117"
"2026-09-16 13:45:27.069","2026-09-16","44.004"
"2026-09-16 13:46:37.395","2026-09-16","70.326"
"2026-09-16 13:47:33.183","2026-09-16","55.788"
"2026-09-16 13:48:21.227","2026-09-16","48.044"
"2026-09-16 13:49:05.183","2026-09-16","43.957"
"2026-09-16 13:49:52.032","2026-09-16","46.849"
"2026-09-16 13:50:36.232","2026-09-16","44.2"
"2026-09-16 13:51:23.080","2026-09-16","46.848"
"2026-09-16 13:52:17.255","2026-09-16","54.175"
"2026-09-16 13:53:32.803","2026-09-16","75.548"
"2026-09-16 13:54:26.851","2026-09-16","54.048"
"2026-09-16 13:55:16.379","2026-09-16","49.528"
"2026-09-16 13:56:00.276","2026-09-16","43.897"
"2026-09-16 13:56:47.143","2026-09-16","46.867"
"2026-09-16 13:57:31.259","2026-09-16","44.116"
"2026-09-16 13:58:17.272","2026-09-16","46.013"
"2026-09-16 13:59:01.181","2026-09-16","43.909"
"2026-09-16 13:59:48.112","2026-09-16","46.931"
"2026-09-16 14:00:58.473","2026-09-16","70.361"
"2026-09-16 14:49:14.694","2026-09-16","2896.221"
"2026-09-16 14:49:56.173","2026-09-16","41.479"
"2026-09-16 14:50:42.143","2026-09-16","45.97"
"2026-09-16 14:51:23.182","2026-09-16","41.039"
"2026-09-16 14:52:11.048","2026-09-16","47.866"
"2026-09-16 14:52:49.378","2026-09-16","38.33"
"2026-09-16 14:53:30.164","2026-09-16","40.786"
"2026-09-16 14:54:11.195","2026-09-16","41.03"
"2026-09-16 14:55:00.254","2026-09-16","49.059"
"2026-09-16 14:55:40.384","2026-09-16","40.13"
"2026-09-16 14:56:19.474","2026-09-16","39.09"
"2026-09-16 14:57:01.055","2026-09-16","41.581"
"2026-09-16 14:57:49.430","2026-09-16","48.375"
"2026-09-16 14:58:31.154","2026-09-16","41.724"
"2026-09-16 14:59:19.376","2026-09-16","48.222"
"2026-09-16 15:00:00.253","2026-09-16","40.877"
"2026-09-16 15:00:49.476","2026-09-16","49.223"
"2026-09-16 15:01:31.120","2026-09-16","41.644"
"2026-09-16 15:02:19.424","2026-09-16","48.304"
"2026-09-16 15:03:01.324","2026-09-16","41.901"
"2026-09-16 15:04:08.437","2026-09-16","67.113"
"2026-09-16 15:04:49.857","2026-09-16","41.42"
"2026-09-16 15:05:29.994","2026-09-16","40.137"
"2026-09-16 15:06:21.873","2026-09-16","51.879"
"2026-09-16 15:07:00.932","2026-09-16","39.06"
"2026-09-16 15:07:42.284","2026-09-16","41.352"
"2026-09-16 15:08:30.451","2026-09-16","48.167"
"2026-09-16 15:09:12.194","2026-09-16","41.742"
"2026-09-16 15:09:50.209","2026-09-16","38.016"
"2026-09-16 15:10:30.430","2026-09-16","40.221"
"2026-09-16 15:11:19.467","2026-09-16","49.036"
"2026-09-16 15:12:01.100","2026-09-16","41.633"
"2026-09-16 15:13:41.430","2026-09-16","100.33"
"2026-09-16 15:14:49.981","2026-09-16","68.551"
"2026-09-16 15:15:31.349","2026-09-16","41.368"
"2026-09-16 15:16:12.920","2026-09-16","41.571"
"2026-09-16 15:16:54.278","2026-09-16","41.358"
"2026-09-16 15:17:41.127","2026-09-16","46.849"
"2026-09-16 15:18:21.902","2026-09-16","40.775"
"2026-09-16 15:19:01.266","2026-09-16","39.364"
"2026-09-16 15:25:55.482","2026-09-16","414.216"
"2026-09-16 15:26:35.945","2026-09-16","40.463"
"2026-09-16 15:27:17.438","2026-09-16","41.493"
"2026-09-16 15:28:00.144","2026-09-16","42.706"
"2026-09-16 15:28:41.235","2026-09-16","41.091"
"2026-09-16 15:29:30.415","2026-09-16","49.18"
"2026-09-16 15:30:12.058","2026-09-16","41.643"
"2026-09-16 15:31:00.465","2026-09-16","48.407"
"2026-09-16 15:31:42.201","2026-09-16","41.736"
"2026-09-16 15:39:17.417","2026-09-16","455.216"
"2026-09-16 15:40:01.322","2026-09-16","43.905"
"2026-09-16 15:40:47.829","2026-09-16","46.507"
"2026-09-16 15:41:29.960","2026-09-16","42.131"
"2026-09-16 15:42:11.317","2026-09-16","41.357"
"2026-09-16 15:42:50.462","2026-09-16","39.145"
"2026-09-16 15:52:00.463","2026-09-16","550.001"
"2026-09-16 15:52:41.485","2026-09-16","41.022"
"2026-09-16 15:53:20.055","2026-09-16","38.57"
"2026-09-16 15:54:01.131","2026-09-16","41.075"
"2026-09-16 15:55:24.476","2026-09-16","83.345"
"2026-09-16 15:56:05.484","2026-09-16","41.008"
"2026-09-16 15:56:47.194","2026-09-16","41.709"
"2026-09-16 15:57:27.488","2026-09-16","40.295"
"2026-09-16 15:58:11.479","2026-09-16","43.991"
"2026-09-16 15:58:53.277","2026-09-16","41.798"
"2026-09-16 15:59:31.394","2026-09-16","38.117"
"2026-09-16 16:00:50.516","2026-09-16","79.122"
"2026-09-16 16:04:23.504","2026-09-16","212.988"
"2026-09-16 16:05:30.718","2026-09-16","67.214"
"2026-09-16 16:06:11.920","2026-09-16","41.201"
"2026-09-16 16:07:00.522","2026-09-16","48.603"
"2026-09-16 16:07:51.011","2026-09-16","50.489"
"2026-09-16 16:08:31.412","2026-09-16","40.401"
"2026-09-16 16:09:12.510","2026-09-16","41.098"
"2026-09-16 16:10:00.517","2026-09-16","48.007"
"2026-09-16 16:10:41.177","2026-09-16","40.66"
"2026-09-16 16:11:20.268","2026-09-16","39.09"
"2026-09-16 16:12:01.502","2026-09-16","41.234"
"2026-09-16 16:13:00.500","2026-09-16","58.999"
"2026-09-16 16:13:42.364","2026-09-16","41.863"
"2026-09-16 16:14:30.528","2026-09-16","48.164"
"2026-09-16 16:15:11.494","2026-09-16","40.966"
"2026-09-16 16:16:00.511","2026-09-16","49.017"
"2026-09-16 16:16:42.093","2026-09-16","41.582"
"2026-09-16 16:17:20.298","2026-09-16","38.205"
"2026-09-16 16:18:01.459","2026-09-16","41.161"
"2026-09-16 16:18:50.384","2026-09-16","48.925"
"2026-09-16 16:19:31.492","2026-09-16","41.108"
"2026-09-16 16:20:20.560","2026-09-16","49.069"
"2026-09-16 16:21:02.348","2026-09-16","41.787"
"2026-09-16 16:22:00.526","2026-09-16","58.179"
"2026-09-16 16:22:41.453","2026-09-16","40.927"
"2026-09-16 16:23:30.524","2026-09-16","49.071"
"2026-09-16 16:24:12.384","2026-09-16","41.86"
"2026-09-16 16:25:00.545","2026-09-16","48.161"
"2026-09-16 16:25:42.326","2026-09-16","41.781"
"2026-09-16 16:26:20.392","2026-09-16","38.066"
"2026-09-16 16:27:01.392","2026-09-16","41"
"2026-09-16 16:28:00.522","2026-09-16","59.13"
"2026-09-16 16:28:42.156","2026-09-16","41.633"
"2026-09-16 16:29:30.564","2026-09-16","48.408"
"2026-09-16 16:30:12.232","2026-09-16","41.667"
"2026-09-16 16:31:00.911","2026-09-16","48.68"
"2026-09-16 16:31:39.424","2026-09-16","38.513"
"2026-09-16 16:32:20.505","2026-09-16","41.081"
"2026-09-16 16:33:01.445","2026-09-16","40.94"
"2026-09-16 16:33:50.529","2026-09-16","49.084"
"2026-09-16 16:34:32.112","2026-09-16","41.583"
"2026-09-16 16:35:30.642","2026-09-16","58.53"
"2026-09-16 16:36:12.342","2026-09-16","41.7"
"2026-09-16 16:36:53.520","2026-09-16","41.178"
"2026-09-16 16:37:34.410","2026-09-16","40.89"
"2026-09-16 16:38:20.567","2026-09-16","46.157"
"2026-09-16 16:39:02.364","2026-09-16","41.797"
"2026-09-16 16:39:50.563","2026-09-16","48.199"
"2026-09-16 16:40:32.030","2026-09-16","41.467"
"2026-09-16 16:41:20.629","2026-09-16","48.598"
"2026-09-16 16:42:02.435","2026-09-16","41.807"
"2026-09-16 16:43:00.734","2026-09-16","58.299"
"2026-09-16 16:43:45.259","2026-09-16","44.526"
"2026-09-16 16:44:31.329","2026-09-16","46.069"
"2026-09-16 16:45:12.729","2026-09-16","41.4"
"2026-09-16 16:46:00.763","2026-09-16","48.034"
"2026-09-16 16:46:41.194","2026-09-16","40.431"
"2026-09-16 16:47:20.594","2026-09-16","39.4"
"2026-09-16 16:48:21.802","2026-09-16","61.208"
"2026-09-16 16:49:11.763","2026-09-16","49.961"
"2026-09-16 16:49:53.511","2026-09-16","41.747"
"2026-09-16 16:50:31.742","2026-09-16","38.231"
"2026-09-16 16:51:13.565","2026-09-16","41.823"
"2026-09-16 16:51:51.065","2026-09-16","37.5"
"2026-09-16 16:52:32.605","2026-09-16","41.54"
"2026-09-16 16:53:20.706","2026-09-16","48.101"
"2026-09-16 16:54:02.633","2026-09-16","41.927"
"2026-09-16 16:54:50.694","2026-09-16","48.06"
"2026-09-16 16:55:32.308","2026-09-16","41.615"
"2026-09-16 16:56:20.803","2026-09-16","48.494"
"2026-09-16 16:57:01.781","2026-09-16","40.979"
"2026-09-16 16:58:11.057","2026-09-16","69.275"
"2026-09-16 16:58:52.675","2026-09-16","41.618"
"2026-09-16 16:59:31.182","2026-09-16","38.508"
"2026-09-16 17:00:12.609","2026-09-16","41.427"
"2026-09-16 17:01:01.809","2026-09-16","49.201"
"2026-09-16 17:01:42.679","2026-09-16","40.869"
"2026-09-16 17:02:31.034","2026-09-16","48.356"
"2026-09-16 17:03:12.705","2026-09-16","41.67"
"2026-09-16 17:04:00.803","2026-09-16","48.099"
"2026-09-16 17:04:41.829","2026-09-16","41.025"
"2026-09-16 17:05:41.093","2026-09-16","59.264"
"2026-09-16 17:06:22.595","2026-09-16","41.503"
"2026-09-16 17:07:01.821","2026-09-16","39.225"
"2026-09-16 17:07:42.822","2026-09-16","41.001"
"2026-09-16 17:08:20.805","2026-09-16","37.983"
"2026-09-16 17:09:02.689","2026-09-16","41.884"
"2026-09-16 17:09:50.851","2026-09-16","48.163"
"2026-09-16 17:10:31.772","2026-09-16","40.921"
"2026-09-16 17:11:31.126","2026-09-16","59.354"
"2026-09-16 17:12:12.717","2026-09-16","41.592"
"2026-09-16 17:13:01.129","2026-09-16","48.412"
"2026-09-16 17:13:47.855","2026-09-16","46.725"
"2026-09-16 17:14:31.800","2026-09-16","43.945"
"2026-09-16 17:15:13.053","2026-09-16","41.253"
"2026-09-16 17:16:00.927","2026-09-16","47.874"
"2026-09-16 17:16:42.055","2026-09-16","41.128"
"2026-09-16 17:17:23.841","2026-09-16","41.786"
"2026-09-16 17:18:05.018","2026-09-16","41.177"
"2026-09-16 17:18:51.012","2026-09-16","45.994"
"2026-09-16 17:19:32.875","2026-09-16","41.863"
"2026-09-16 17:20:31.229","2026-09-16","58.353"
"2026-09-16 17:21:12.838","2026-09-16","41.609"
"2026-09-16 17:22:01.226","2026-09-16","48.388"
"2026-09-16 17:22:41.472","2026-09-16","40.246"
"2026-09-16 17:23:32.058","2026-09-16","50.586"
"2026-09-16 17:24:13.149","2026-09-16","41.091"
"2026-09-16 17:24:50.957","2026-09-16","37.808"
"2026-09-16 17:25:32.064","2026-09-16","41.107"
"2026-09-16 17:26:31.340","2026-09-16","59.276"
"2026-09-16 17:27:12.048","2026-09-16","40.708"
"2026-09-16 17:27:51.057","2026-09-16","39.009"
"2026-09-16 17:28:32.185","2026-09-16","41.128"
"2026-09-16 17:29:31.366","2026-09-16","59.181"
"2026-09-16 17:30:12.841","2026-09-16","41.475"
"2026-09-16 17:31:02.070","2026-09-16","49.229"
"2026-09-16 17:31:43.070","2026-09-16","41"
"2026-09-16 17:32:39.066","2026-09-16","55.996"
"2026-09-16 17:33:20.064","2026-09-16","40.998"
"2026-09-16 17:34:01.849","2026-09-16","41.785"
"2026-09-16 17:34:43.913","2026-09-16","42.064"
"2026-09-16 17:35:52.087","2026-09-16","68.173"
"2026-09-16 17:36:33.077","2026-09-16","40.99"
"2026-09-16 17:37:13.982","2026-09-16","40.905"
"2026-09-16 17:37:55.089","2026-09-16","41.107"
"2026-09-16 17:38:36.108","2026-09-16","41.019"
"2026-09-16 17:40:02.113","2026-09-16","86.005"
"2026-09-16 17:40:44.108","2026-09-16","41.994"
"2026-09-16 17:41:32.084","2026-09-16","47.977"
"2026-09-16 17:42:14.011","2026-09-16","41.927"
"2026-09-16 17:43:01.593","2026-09-16","47.582"
"2026-09-16 17:43:43.033","2026-09-16","41.44"
"2026-09-16 17:44:30.545","2026-09-16","47.512"
"2026-09-16 17:45:12.049","2026-09-16","41.504"
"2026-09-16 17:46:01.754","2026-09-16","49.704"
"2026-09-16 17:46:43.036","2026-09-16","41.282"
"2026-09-16 17:47:32.061","2026-09-16","49.026"
"2026-09-16 17:48:13.135","2026-09-16","41.074"
"2026-09-16 17:49:01.812","2026-09-16","48.677"
"2026-09-16 17:49:42.354","2026-09-16","40.543"
"2026-09-16 17:50:32.126","2026-09-16","49.771"
"2026-09-16 17:51:14.024","2026-09-16","41.898"
"2026-09-16 17:52:02.148","2026-09-16","48.124"
"2026-09-16 17:52:44.049","2026-09-16","41.901"
"2026-09-16 17:53:31.388","2026-09-16","47.339"
"2026-09-16 17:54:12.972","2026-09-16","41.584"
"2026-09-16 17:55:15.814","2026-09-16","62.842"
"2026-09-16 17:55:57.003","2026-09-16","41.189"
"2026-09-16 17:56:43.089","2026-09-16","46.086"
"2026-09-16 17:57:24.968","2026-09-16","41.879"
"2026-09-16 17:58:02.569","2026-09-16","37.601"
"2026-09-16 17:58:44.058","2026-09-16","41.489"
"2026-09-16 17:59:42.192","2026-09-16","58.134"
"2026-09-16 18:00:23.211","2026-09-16","41.019"
"2026-09-16 18:01:02.174","2026-09-16","38.963"
"2026-09-16 18:01:44.019","2026-09-16","41.845"
"2026-09-16 18:03:09.220","2026-09-16","85.201"
"2026-09-16 18:04:02.254","2026-09-16","53.034"
"2026-09-16 18:04:43.308","2026-09-16","41.054"
"2026-09-16 18:05:22.201","2026-09-16","38.892"
"2026-09-16 18:06:04.057","2026-09-16","41.856"
"2026-09-16 18:07:02.448","2026-09-16","58.391"
"2026-09-16 18:13:32.041","2026-09-16","389.593"
"2026-09-16 18:14:48.571","2026-09-16","76.53"
"2026-09-16 18:16:06.589","2026-09-16","78.018"
"2026-09-16 18:17:00.054","2026-09-16","53.465"
"2026-09-16 18:23:49.343","2026-09-16","409.289"
"2026-09-16 18:24:33.310","2026-09-16","43.966"
"2026-09-16 18:25:15.097","2026-09-16","41.787"
"2026-09-16 18:26:02.828","2026-09-16","47.731"
"2026-09-16 18:26:46.335","2026-09-16","43.507"
"2026-09-16 18:27:27.311","2026-09-16","40.976"
"2026-09-16 18:28:26.602","2026-09-16","59.291"
"2026-09-16 18:29:10.182","2026-09-16","43.58"
"2026-09-16 18:33:55.311","2026-09-16","285.13"
"2026-09-16 18:34:38.944","2026-09-16","43.633"
"2026-09-16 18:35:49.135","2026-09-16","70.19"
"2026-09-16 18:37:02.597","2026-09-16","73.462"
"2026-09-16 18:37:46.326","2026-09-16","43.729"
"2026-09-16 18:38:46.248","2026-09-16","59.922"
"2026-09-16 18:39:40.226","2026-09-16","53.979"
"2026-09-16 18:40:29.698","2026-09-16","49.471"
"2026-09-16 18:41:33.414","2026-09-16","63.716"
"2026-09-16 18:42:17.463","2026-09-16","44.049"
"2026-09-16 18:43:02.722","2026-09-16","45.259"
"2026-09-16 18:43:57.368","2026-09-16","54.646"
"2026-09-16 18:46:27.506","2026-09-16","150.138"
"2026-09-16 18:47:11.475","2026-09-16","43.969"
"2026-09-16 18:47:53.321","2026-09-16","41.847"
"2026-09-16 18:48:41.167","2026-09-16","47.845"
"2026-09-16 18:50:09.025","2026-09-16","87.859"
"2026-09-16 18:50:52.469","2026-09-16","43.443"
"2026-09-16 18:53:53.631","2026-09-16","181.162"
"2026-09-16 18:54:37.644","2026-09-16","44.014"
"2026-09-16 18:56:02.639","2026-09-16","84.995"
"2026-09-16 18:57:28.630","2026-09-16","85.991"
"2026-09-16 18:58:12.438","2026-09-16","43.808"
"2026-09-16 19:03:02.876","2026-09-16","290.438"
"2026-09-16 19:04:28.294","2026-09-16","85.419"
"2026-09-16 19:05:33.972","2026-09-16","65.678"
"2026-09-16 19:06:17.903","2026-09-16","43.931"
"2026-09-16 19:07:03.899","2026-09-16","45.996"
"2026-09-16 19:08:09.605","2026-09-16","65.706"
"2026-09-16 19:09:03.253","2026-09-16","53.648"
"2026-09-16 19:10:14.430","2026-09-16","71.177"
"2026-09-16 19:10:58.593","2026-09-16","44.162"
"2026-09-16 19:11:44.585","2026-09-16","45.993"
"2026-09-16 19:12:28.594","2026-09-16","44.009"
"2026-09-16 19:13:15.640","2026-09-16","47.046"
"2026-09-16 19:14:09.318","2026-09-16","53.678"
"2026-09-16 19:14:51.681","2026-09-16","42.364"
"2026-09-16 19:15:35.142","2026-09-16","43.461"
"2026-09-16 19:16:16.697","2026-09-16","41.554"
"2026-09-16 19:17:05.085","2026-09-16","48.389"
"2026-09-16 19:17:48.830","2026-09-16","43.744"
"2026-09-16 19:19:54.872","2026-09-16","126.043"
"2026-09-16 19:20:38.465","2026-09-16","43.592"
"2026-09-16 19:21:26.356","2026-09-16","47.892"
"2026-09-16 19:22:09.659","2026-09-16","43.303"
"2026-09-16 19:22:56.218","2026-09-16","46.559"
"2026-09-16 19:23:40.425","2026-09-16","44.207"
"2026-09-16 19:24:22.527","2026-09-16","42.102"
"2026-09-16 19:25:09.859","2026-09-16","47.333"
"2026-09-16 19:25:53.776","2026-09-16","43.917"
"2026-09-16 19:26:34.768","2026-09-16","40.992"
"2026-09-16 19:27:23.818","2026-09-16","49.051"
"2026-09-16 19:28:07.785","2026-09-16","43.967"
"2026-09-16 19:28:49.697","2026-09-16","41.911"
"2026-09-16 19:29:37.804","2026-09-16","48.107"
"2026-09-16 19:30:21.800","2026-09-16","43.996"
"2026-09-16 19:31:06.035","2026-09-16","44.235"
"2026-09-16 19:36:01.763","2026-09-16","295.729"
"2026-09-16 19:37:16.823","2026-09-16","75.06"
"2026-09-16 19:38:10.351","2026-09-16","53.528"
"2026-09-16 19:45:01.798","2026-09-16","411.447"
"2026-09-16 19:46:06.849","2026-09-16","65.051"
"2026-09-16 19:46:50.846","2026-09-16","43.997"
"2026-09-16 19:47:36.117","2026-09-16","45.271"
"2026-09-16 19:48:30.901","2026-09-16","54.785"
"2026-09-16 19:49:14.683","2026-09-16","43.782"
"2026-09-16 19:49:56.750","2026-09-16","42.067"
"2026-09-16 19:50:44.754","2026-09-16","48.004"
"2026-09-16 19:51:28.912","2026-09-16","44.158"
"2026-09-16 19:52:06.345","2026-09-16","37.433"
"2026-09-16 19:53:08.627","2026-09-16","62.282"
"2026-09-16 19:54:02.212","2026-09-16","53.585"
"2026-09-16 20:03:11.218","2026-09-16","549.006"
"2026-09-16 20:03:54.992","2026-09-16","43.774"
"2026-09-16 20:04:36.866","2026-09-16","41.874"
"2026-09-16 20:05:36.982","2026-09-16","60.117"
"2026-09-16 20:06:29.312","2026-09-16","52.33"
"2026-09-16 20:07:20.384","2026-09-16","51.072"
"2026-09-16 20:08:04.005","2026-09-16","43.621"
"2026-09-16 20:08:43.068","2026-09-16","39.062"
"2026-09-16 20:09:33.874","2026-09-16","50.807"
"2026-09-16 20:10:38.040","2026-09-16","64.165"
"2026-09-16 20:11:36.558","2026-09-16","58.518"
"2026-09-16 20:12:21.617","2026-09-16","45.058"
"2026-09-16 20:13:06.574","2026-09-16","44.958"
"2026-09-16 20:13:51.717","2026-09-16","45.143"
"2026-09-16 20:14:36.788","2026-09-16","45.071"
"2026-09-16 20:15:21.784","2026-09-16","44.997"
"2026-09-16 20:16:26.756","2026-09-16","64.972"
"2026-09-16 20:17:36.858","2026-09-16","70.102"
"2026-09-16 20:18:20.917","2026-09-16","44.059"
"2026-09-16 20:19:07.071","2026-09-16","46.153"
"2026-09-16 20:20:01.139","2026-09-16","54.068"
"2026-09-16 20:20:50.489","2026-09-16","49.35"
"2026-09-16 20:21:34.128","2026-09-16","43.639"
"2026-09-16 20:22:38.676","2026-09-16","64.549"
"2026-09-16 20:23:36.728","2026-09-16","58.052"
"2026-09-16 20:24:42.817","2026-09-16","66.089"
"2026-09-16 20:25:27.057","2026-09-16","44.239"
"2026-09-16 20:26:36.840","2026-09-16","69.783"
"2026-09-16 20:27:20.834","2026-09-16","43.995"
"2026-09-16 20:28:06.918","2026-09-16","46.084"
"2026-09-16 20:28:50.988","2026-09-16","44.069"
"2026-09-16 20:29:37.230","2026-09-16","46.242"
"2026-09-16 20:30:21.302","2026-09-16","44.072"
"2026-09-16 20:31:20.951","2026-09-16","59.649"
"2026-09-16 20:32:04.346","2026-09-16","43.395"
"2026-09-16 20:33:14.547","2026-09-16","70.201"
"2026-09-16 20:34:06.183","2026-09-16","51.636"
"2026-09-16 23:08:52.626","2026-09-16","9286.443"
"2026-09-17 11:55:58.143","2026-09-17","46025.517"
"2026-09-17 11:56:41.647","2026-09-17","43.504"
"2026-09-17 11:57:22.640","2026-09-17","40.992"
"2026-09-17 11:58:14.855","2026-09-17","52.215"
"2026-09-17 11:58:58.378","2026-09-17","43.523"
"2026-09-17 11:59:40.053","2026-09-17","41.675"
"2026-09-17 12:00:21.492","2026-09-17","41.439"
"2026-09-17 12:01:15.463","2026-09-17","53.971"
"2026-09-17 12:01:56.545","2026-09-17","41.082"
"2026-09-17 12:02:50.321","2026-09-17","53.775"
"2026-09-17 12:03:39.963","2026-09-17","49.643"
"2026-09-17 12:04:23.427","2026-09-17","43.464"
"2026-09-17 12:05:09.960","2026-09-17","46.532"
"2026-09-17 12:05:53.730","2026-09-17","43.771"
"2026-09-17 12:07:03.882","2026-09-17","70.151"
"2026-09-17 12:07:47.689","2026-09-17","43.807"
"2026-09-17 12:08:32.448","2026-09-17","44.76"
"2026-09-17 12:09:17.377","2026-09-17","44.929"
"2026-09-17 12:10:02.285","2026-09-17","44.907"
"2026-09-17 12:10:43.943","2026-09-17","41.658"
"2026-09-17 12:11:27.901","2026-09-17","43.958"
"2026-09-17 12:12:09.470","2026-09-17","41.569"
"2026-09-17 12:12:50.887","2026-09-17","41.418"
"2026-09-17 12:13:34.878","2026-09-17","43.991"
"2026-09-17 12:14:20.717","2026-09-17","45.84"
"2026-09-17 13:02:34.122","2026-09-17","2893.405"
"2026-09-17 13:03:34.067","2026-09-17","59.944"
"2026-09-17 13:04:18.076","2026-09-17","44.01"
"2026-09-17 13:05:04.051","2026-09-17","45.974"
"2026-09-17 13:05:48.093","2026-09-17","44.042"
"2026-09-17 13:06:34.092","2026-09-17","45.999"
"2026-09-17 13:07:17.896","2026-09-17","43.804"
"2026-09-17 13:08:04.106","2026-09-17","46.21"
"2026-09-17 13:08:48.047","2026-09-17","43.941"
"2026-09-17 13:09:33.890","2026-09-17","45.844"
"2026-09-17 13:10:18.015","2026-09-17","44.125"
"2026-09-17 13:11:04.064","2026-09-17","46.049"
"2026-09-17 13:11:48.062","2026-09-17","43.998"
"2026-09-17 13:12:34.137","2026-09-17","46.075"
"2026-09-17 13:13:17.943","2026-09-17","43.806"
"2026-09-17 13:14:04.132","2026-09-17","46.189"
"2026-09-17 13:14:48.074","2026-09-17","43.942"
"2026-09-17 13:15:34.143","2026-09-17","46.069"
"2026-09-17 13:16:18.120","2026-09-17","43.977"
"2026-09-17 13:17:04.182","2026-09-17","46.061"
"2026-09-17 13:17:48.180","2026-09-17","43.998"
"2026-09-17 13:18:34.176","2026-09-17","45.996"
"2026-09-17 13:19:18.037","2026-09-17","43.861"
"2026-09-17 13:21:23.686","2026-09-17","125.649"
"2026-09-17 13:22:18.256","2026-09-17","54.57"
"2026-09-17 13:23:07.253","2026-09-17","48.997"
"2026-09-17 13:23:53.674","2026-09-17","46.422"
"2026-09-17 13:24:33.942","2026-09-17","40.267"
"2026-09-17 13:25:21.256","2026-09-17","47.314"
"2026-09-17 13:26:04.264","2026-09-17","43.008"
"2026-09-17 13:27:23.677","2026-09-17","79.412"
"2026-09-17 13:28:17.821","2026-09-17","54.145"
"2026-09-17 13:29:07.291","2026-09-17","49.47"
"2026-09-17 13:29:51.243","2026-09-17","43.952"
"2026-09-17 13:30:34.251","2026-09-17","43.008"
"2026-09-17 13:31:21.247","2026-09-17","46.996"
"2026-09-17 13:32:04.054","2026-09-17","42.807"
"2026-09-17 13:32:51.265","2026-09-17","47.211"
"2026-09-17 13:33:34.022","2026-09-17","42.757"
"2026-09-17 13:34:21.262","2026-09-17","47.239"
"2026-09-17 13:35:04.249","2026-09-17","42.987"
"2026-09-17 13:35:51.258","2026-09-17","47.009"
"2026-09-17 13:36:34.293","2026-09-17","43.036"
"2026-09-17 13:37:21.056","2026-09-17","46.762"
"2026-09-17 13:38:04.245","2026-09-17","43.189"
"2026-09-17 13:38:51.301","2026-09-17","47.055"
"2026-09-17 13:39:34.070","2026-09-17","42.77"
"2026-09-17 13:40:21.428","2026-09-17","47.357"
"2026-09-17 13:41:04.088","2026-09-17","42.66"
"2026-09-17 13:41:51.432","2026-09-17","47.344"
"2026-09-17 13:42:34.429","2026-09-17","42.997"
"2026-09-17 13:43:21.301","2026-09-17","46.872"
"2026-09-17 13:44:03.988","2026-09-17","42.687"
"2026-09-17 13:44:51.380","2026-09-17","47.393"
"2026-09-17 13:45:33.879","2026-09-17","42.499"
"2026-09-17 13:46:21.404","2026-09-17","47.525"
"2026-09-17 13:47:04.248","2026-09-17","42.844"
"2026-09-17 13:47:51.569","2026-09-17","47.321"
"2026-09-17 13:48:34.549","2026-09-17","42.98"
"2026-09-17 13:49:21.799","2026-09-17","47.25"
"2026-09-17 13:50:04.839","2026-09-17","43.04"
"2026-09-17 13:51:44.720","2026-09-17","99.881"
"2026-09-17 13:52:43.468","2026-09-17","58.748"
"2026-09-17 13:53:44.863","2026-09-17","61.395"
"2026-09-17 13:54:34.634","2026-09-17","49.772"
"2026-09-17 13:55:15.812","2026-09-17","41.178"
"2026-09-17 13:56:44.497","2026-09-17","88.684"
"2026-09-17 13:57:44.579","2026-09-17","60.082"
"2026-09-17 13:58:53.783","2026-09-17","69.204"
"2026-09-17 13:59:38.065","2026-09-17","44.282"
"2026-09-17 14:00:37.939","2026-09-17","59.874"
"2026-09-17 14:01:21.425","2026-09-17","43.486"
"2026-09-17 14:02:04.116","2026-09-17","42.691"
"2026-09-17 14:02:51.428","2026-09-17","47.313"
"2026-09-17 14:03:35.062","2026-09-17","43.633"
"2026-09-17 14:04:15.725","2026-09-17","40.664"
"2026-09-17 14:05:16.062","2026-09-17","60.336"
"2026-09-17 14:06:34.085","2026-09-17","78.023"
"2026-09-17 14:07:18.001","2026-09-17","43.916"
"2026-09-17 14:08:44.751","2026-09-17","86.75"
"2026-09-17 14:09:44.671","2026-09-17","59.92"
"2026-09-17 14:11:04.773","2026-09-17","80.102"
"2026-09-17 14:11:48.716","2026-09-17","43.943"
"2026-09-17 14:12:34.061","2026-09-17","45.344"
"2026-09-17 14:13:18.651","2026-09-17","44.59"
"2026-09-17 14:14:04.057","2026-09-17","45.405"
"2026-09-17 14:15:13.960","2026-09-17","69.904"
"2026-09-17 14:16:15.082","2026-09-17","61.122"
"2026-09-17 14:17:04.103","2026-09-17","49.021"
"2026-09-17 14:17:45.859","2026-09-17","41.756"
"2026-09-17 14:18:34.101","2026-09-17","48.242"
"2026-09-17 14:19:44.041","2026-09-17","69.939"
"2026-09-17 14:20:34.352","2026-09-17","50.312"
"2026-09-17 14:21:15.341","2026-09-17","40.988"
"2026-09-17 14:22:04.369","2026-09-17","49.028"
"2026-09-17 14:23:04.337","2026-09-17","59.968"
"2026-09-17 14:23:51.144","2026-09-17","46.807"
"2026-09-17 14:24:34.106","2026-09-17","42.962"
"2026-09-17 14:25:18.103","2026-09-17","43.997"
"2026-09-17 14:26:04.113","2026-09-17","46.01"
"2026-09-17 14:26:48.273","2026-09-17","44.16"
"2026-09-17 14:27:34.402","2026-09-17","46.129"
"2026-09-17 14:28:18.218","2026-09-17","43.816"
"2026-09-17 14:29:04.285","2026-09-17","46.067"
"2026-09-17 14:29:48.282","2026-09-17","43.997"
"2026-09-17 14:30:34.387","2026-09-17","46.105"
"2026-09-17 14:31:18.309","2026-09-17","43.922"
"2026-09-17 14:32:04.423","2026-09-17","46.114"
"2026-09-17 14:32:48.322","2026-09-17","43.899"
"2026-09-17 14:33:48.450","2026-09-17","60.127"
"2026-09-17 14:34:54.045","2026-09-17","65.596"
"2026-09-17 14:35:37.518","2026-09-17","43.473"
"2026-09-17 14:36:48.086","2026-09-17","70.568"
"2026-09-17 14:37:53.986","2026-09-17","65.899"
"2026-09-17 14:39:23.937","2026-09-17","89.952"
"2026-09-17 14:40:08.290","2026-09-17","44.353"
"2026-09-17 14:41:08.557","2026-09-17","60.268"
"2026-09-17 14:41:52.534","2026-09-17","43.977"
"2026-09-17 14:42:34.288","2026-09-17","41.753"
"2026-09-17 14:43:22.541","2026-09-17","48.254"
"2026-09-17 14:44:06.487","2026-09-17","43.946"
"2026-09-17 14:44:45.545","2026-09-17","39.058"
"2026-09-17 14:45:36.424","2026-09-17","50.878"
"2026-09-17 14:46:20.383","2026-09-17","43.959"
"2026-09-17 14:47:04.543","2026-09-17","44.16"
"2026-09-17 14:47:50.509","2026-09-17","45.967"
"2026-09-17 14:48:34.423","2026-09-17","43.913"
"2026-09-17 14:49:20.595","2026-09-17","46.172"
"2026-09-17 14:50:04.264","2026-09-17","43.669"
"2026-09-17 14:50:50.492","2026-09-17","46.228"
"2026-09-17 14:51:34.680","2026-09-17","44.189"
"2026-09-17 14:52:19.933","2026-09-17","45.252"
"2026-09-17 14:53:04.366","2026-09-17","44.434"
"2026-09-17 14:53:50.544","2026-09-17","46.178"
"2026-09-17 14:54:34.707","2026-09-17","44.163"
"2026-09-17 14:55:20.697","2026-09-17","45.989"
"2026-09-17 14:56:04.685","2026-09-17","43.988"
"2026-09-17 14:56:50.705","2026-09-17","46.02"
"2026-09-17 14:57:34.619","2026-09-17","43.914"
"2026-09-17 14:58:20.687","2026-09-17","46.068"
"2026-09-17 14:59:04.169","2026-09-17","43.482"
"2026-09-17 14:59:50.710","2026-09-17","46.541"
"2026-09-17 15:00:34.491","2026-09-17","43.781"
"2026-09-17 15:01:20.684","2026-09-17","46.193"
"2026-09-17 15:02:04.755","2026-09-17","44.071"
"2026-09-17 15:02:50.754","2026-09-17","45.999"
"2026-09-17 15:03:34.276","2026-09-17","43.523"
"2026-09-17 15:04:20.673","2026-09-17","46.397"
"2026-09-17 15:05:04.548","2026-09-17","43.875"
"2026-09-17 15:06:34.862","2026-09-17","90.314"
"2026-09-17 15:07:18.543","2026-09-17","43.681"
"2026-09-17 15:08:04.777","2026-09-17","46.233"
"2026-09-17 15:08:48.739","2026-09-17","43.962"
"2026-09-17 15:09:34.207","2026-09-17","45.468"
"2026-09-17 15:10:18.354","2026-09-17","44.147"
"2026-09-17 15:11:04.192","2026-09-17","45.838"
"2026-09-17 15:11:48.652","2026-09-17","44.46"
"2026-09-17 15:12:49.010","2026-09-17","60.358"
"2026-09-17 15:14:05.017","2026-09-17","76.007"
"2026-09-17 15:14:48.582","2026-09-17","43.565"
"2026-09-17 15:15:48.774","2026-09-17","60.192"
"2026-09-17 15:17:04.348","2026-09-17","75.574"
"2026-09-17 15:17:48.272","2026-09-17","43.924"
"2026-09-17 15:18:34.266","2026-09-17","45.994"
"2026-09-17 15:19:18.291","2026-09-17","44.026"
"2026-09-17 15:20:04.292","2026-09-17","46"
"2026-09-17 15:20:48.262","2026-09-17","43.97"
"2026-09-17 15:21:48.263","2026-09-17","60.002"
"2026-09-17 15:23:14.914","2026-09-17","86.651"
"2026-09-17 15:24:34.294","2026-09-17","79.38"
"2026-09-17 15:26:45.263","2026-09-17","130.969"
"2026-09-17 15:27:34.276","2026-09-17","49.013"
"2026-09-17 15:29:04.286","2026-09-17","90.01"
"2026-09-17 15:29:48.286","2026-09-17","44"
"2026-09-17 15:30:34.310","2026-09-17","46.025"
"2026-09-17 15:32:04.315","2026-09-17","90.005"
"2026-09-17 15:32:48.264","2026-09-17","43.949"
"2026-09-17 15:33:34.291","2026-09-17","46.027"
"2026-09-17 15:34:18.275","2026-09-17","43.983"
"2026-09-17 15:35:04.271","2026-09-17","45.997"
"2026-09-17 15:35:48.261","2026-09-17","43.989"
"2026-09-17 15:36:34.298","2026-09-17","46.038"
"2026-09-17 15:37:18.304","2026-09-17","44.005"
"2026-09-17 15:38:04.274","2026-09-17","45.97"
"2026-09-17 15:38:48.284","2026-09-17","44.01"
"2026-09-17 15:39:34.295","2026-09-17","46.011"
"2026-09-17 15:40:18.275","2026-09-17","43.98"
"2026-09-17 15:41:04.142","2026-09-17","45.867"
"2026-09-17 15:41:48.469","2026-09-17","44.327"
"2026-09-17 15:42:34.451","2026-09-17","45.982"
"2026-09-17 15:43:18.460","2026-09-17","44.009"
"2026-09-17 15:44:04.484","2026-09-17","46.025"
"2026-09-17 15:44:48.519","2026-09-17","44.035"
"2026-09-17 15:45:35.978","2026-09-17","47.459"
"2026-09-17 15:46:20.035","2026-09-17","44.057"
"2026-09-17 15:47:05.913","2026-09-17","45.878"
"2026-09-17 15:47:50.159","2026-09-17","44.245"
"2026-09-17 15:48:50.150","2026-09-17","59.991"
"2026-09-17 15:50:05.808","2026-09-17","75.659"
"2026-09-17 15:50:50.137","2026-09-17","44.328"
"2026-09-17 15:51:36.186","2026-09-17","46.05"
"2026-09-17 15:53:05.692","2026-09-17","89.505"
"2026-09-17 15:53:49.225","2026-09-17","43.533"
"2026-09-17 15:54:36.010","2026-09-17","46.785"
"2026-09-17 15:55:20.107","2026-09-17","44.097"
"2026-09-17 15:56:06.025","2026-09-17","45.918"
"2026-09-17 15:56:50.039","2026-09-17","44.014"
"2026-09-17 15:57:36.418","2026-09-17","46.379"
"2026-09-17 15:58:20.372","2026-09-17","43.954"
"2026-09-17 15:59:05.766","2026-09-17","45.394"
"2026-09-17 16:06:02.187","2026-09-17","416.422"
"2026-09-17 16:31:36.591","2026-09-17","1534.404"
"2026-09-17 16:32:16.788","2026-09-17","40.197"
"2026-09-17 16:33:05.821","2026-09-17","49.033"
"2026-09-17 16:33:47.091","2026-09-17","41.269"
"2026-09-17 16:34:46.115","2026-09-17","59.025"
"2026-09-17 16:35:35.821","2026-09-17","49.706"
"2026-09-17 16:36:16.544","2026-09-17","40.723"
"2026-09-17 16:37:05.821","2026-09-17","49.277"
"2026-09-17 16:38:05.820","2026-09-17","59.999"
"2026-09-17 16:39:05.876","2026-09-17","60.056"
"2026-09-17 16:40:05.770","2026-09-17","59.894"
"2026-09-17 16:40:49.404","2026-09-17","43.634"
"2026-09-17 16:41:35.800","2026-09-17","46.396"
"2026-09-17 16:42:35.719","2026-09-17","59.919"
"2026-09-17 16:43:19.841","2026-09-17","44.123"
"2026-09-17 16:44:35.862","2026-09-17","76.02"
"2026-09-17 16:45:35.839","2026-09-17","59.977"
"2026-09-17 16:46:19.323","2026-09-17","43.485"
"2026-09-17 16:47:46.662","2026-09-17","87.339"
"2026-09-17 16:48:35.915","2026-09-17","49.252"
"2026-09-17 16:49:17.427","2026-09-17","41.513"
"2026-09-17 16:50:05.829","2026-09-17","48.402"
"2026-09-17 16:50:46.644","2026-09-17","40.815"
"2026-09-17 16:51:35.887","2026-09-17","49.242"
"2026-09-17 16:52:17.600","2026-09-17","41.714"
"2026-09-17 16:53:05.743","2026-09-17","48.143"
"2026-09-17 16:53:47.275","2026-09-17","41.532"
"2026-09-17 16:54:35.970","2026-09-17","48.695"
"2026-09-17 16:55:17.537","2026-09-17","41.568"
"2026-09-17 16:56:05.970","2026-09-17","48.433"
"2026-09-17 16:57:05.837","2026-09-17","59.867"
"2026-09-17 16:58:16.031","2026-09-17","70.193"
"2026-09-17 16:59:06.020","2026-09-17","49.99"
"2026-09-17 16:59:47.550","2026-09-17","41.529"
"2026-09-17 17:00:35.960","2026-09-17","48.411"
"2026-09-17 17:01:16.991","2026-09-17","41.03"
"2026-09-17 17:02:05.916","2026-09-17","48.926"
"2026-09-17 17:02:47.032","2026-09-17","41.116"
"2026-09-17 17:03:35.803","2026-09-17","48.771"
"2026-09-17 17:04:16.604","2026-09-17","40.8"
"2026-09-17 17:05:05.679","2026-09-17","49.075"
"2026-09-17 17:05:46.769","2026-09-17","41.09"
"2026-09-17 17:06:46.130","2026-09-17","59.361"
"2026-09-17 17:07:36.185","2026-09-17","50.055"
"2026-09-17 17:08:17.091","2026-09-17","40.906"
"2026-09-17 17:09:05.835","2026-09-17","48.744"
"2026-09-17 17:09:46.583","2026-09-17","40.748"
"2026-09-17 17:10:35.829","2026-09-17","49.246"
"2026-09-17 17:11:46.366","2026-09-17","70.537"
"2026-09-17 17:12:35.664","2026-09-17","49.298"
"2026-09-17 17:13:17.338","2026-09-17","41.674"
"2026-09-17 17:13:57.325","2026-09-17","39.987"
"2026-09-17 17:34:36.439","2026-09-17","1239.114"
"2026-09-17 17:34:51.875","2026-09-17","15.436"
"2026-09-17 17:35:36.350","2026-09-17","44.475"
"2026-09-17 17:36:36.328","2026-09-17","59.978"
"2026-09-17 17:37:17.372","2026-09-17","41.044"
"2026-09-17 17:38:06.046","2026-09-17","48.674"
"2026-09-17 17:38:47.268","2026-09-17","41.222"
"2026-09-17 17:39:46.492","2026-09-17","59.225"
"2026-09-17 17:40:36.260","2026-09-17","49.768"
"2026-09-17 17:41:36.063","2026-09-17","59.803"
"2026-09-17 17:42:17.387","2026-09-17","41.324"
"2026-09-17 17:43:16.441","2026-09-17","59.054"
"2026-09-17 17:44:15.769","2026-09-17","59.328"
"2026-09-17 17:45:16.535","2026-09-17","60.766"
"2026-09-17 17:46:05.930","2026-09-17","49.395"
"2026-09-17 17:46:47.355","2026-09-17","41.424"
"2026-09-17 17:47:46.582","2026-09-17","59.228"
"2026-09-17 17:48:35.724","2026-09-17","49.142"
"2026-09-17 17:49:16.636","2026-09-17","40.912"
"2026-09-17 17:50:05.701","2026-09-17","49.065"
"2026-09-17 17:50:46.688","2026-09-17","40.986"
"2026-09-17 17:51:35.775","2026-09-17","49.087"
"2026-09-17 17:52:16.724","2026-09-17","40.949"
"2026-09-17 17:53:05.811","2026-09-17","49.087"
"2026-09-17 17:53:47.646","2026-09-17","41.835"
"2026-09-17 17:54:35.828","2026-09-17","48.182"
"2026-09-17 17:55:35.878","2026-09-17","60.05"
"2026-09-17 17:56:16.870","2026-09-17","40.992"
"2026-09-17 17:57:05.921","2026-09-17","49.051"
"2026-09-17 17:57:46.931","2026-09-17","41.01"
"2026-09-17 17:58:35.700","2026-09-17","48.769"
"2026-09-17 17:59:36.041","2026-09-17","60.341"
"2026-09-17 18:00:36.032","2026-09-17","59.991"
"2026-09-17 18:01:17.069","2026-09-17","41.037"
"2026-09-17 18:02:05.776","2026-09-17","48.707"
"2026-09-17 18:02:47.317","2026-09-17","41.541"
"2026-09-17 18:03:36.060","2026-09-17","48.742"
"2026-09-17 18:04:17.044","2026-09-17","40.984"
"2026-09-17 18:05:06.051","2026-09-17","49.007"
"2026-09-17 18:06:06.026","2026-09-17","59.975"
"2026-09-17 18:06:46.894","2026-09-17","40.868"
"2026-09-17 18:07:35.825","2026-09-17","48.931"
"2026-09-17 18:08:17.116","2026-09-17","41.291"
"2026-09-17 18:09:05.674","2026-09-17","48.557"
"2026-09-17 18:09:47.110","2026-09-17","41.436"
"2026-09-17 18:10:46.098","2026-09-17","58.988"
"2026-09-17 18:11:35.940","2026-09-17","49.842"
"2026-09-17 18:12:16.758","2026-09-17","40.818"
"2026-09-17 18:13:05.910","2026-09-17","49.153"
"2026-09-17 18:13:47.444","2026-09-17","41.534"
"2026-09-17 18:14:36.029","2026-09-17","48.585"
"2026-09-17 18:15:16.779","2026-09-17","40.75"
"2026-09-17 18:16:16.098","2026-09-17","59.318"
"2026-09-17 18:17:06.097","2026-09-17","49.999"
"2026-09-17 18:17:47.162","2026-09-17","41.065"
"2026-09-17 18:18:35.900","2026-09-17","48.738"
"2026-09-17 18:19:16.942","2026-09-17","41.042"
"2026-09-17 18:20:06.065","2026-09-17","49.123"
"2026-09-17 18:20:47.232","2026-09-17","41.167"
"2026-09-17 18:21:35.879","2026-09-17","48.647"
"2026-09-17 18:22:36.297","2026-09-17","60.417"
"2026-09-17 18:23:17.308","2026-09-17","41.012"
"2026-09-17 18:24:05.722","2026-09-17","48.413"
"2026-09-17 18:24:46.979","2026-09-17","41.258"
"2026-09-17 18:25:35.757","2026-09-17","48.778"
"2026-09-17 18:26:16.846","2026-09-17","41.088"
"2026-09-17 18:27:05.922","2026-09-17","49.076"
"2026-09-17 18:27:47.443","2026-09-17","41.521"
"2026-09-17 18:28:46.200","2026-09-17","58.757"
"2026-09-17 18:29:36.115","2026-09-17","49.915"
"2026-09-17 18:30:36.541","2026-09-17","60.426"
"2026-09-17 18:31:17.538","2026-09-17","40.997"
"2026-09-17 18:32:16.585","2026-09-17","59.047"
"2026-09-17 18:33:05.667","2026-09-17","49.082"
"2026-09-17 18:34:16.633","2026-09-17","70.966"
"2026-09-17 18:35:05.722","2026-09-17","49.088"
"2026-09-17 18:35:47.412","2026-09-17","41.691"
"2026-09-17 18:36:35.706","2026-09-17","48.294"
"2026-09-17 18:37:16.945","2026-09-17","41.239"
"2026-09-17 18:38:05.692","2026-09-17","48.747"
"2026-09-17 18:38:47.681","2026-09-17","41.99"
"2026-09-17 18:39:35.777","2026-09-17","48.096"
"2026-09-17 18:40:35.774","2026-09-17","59.997"
"2026-09-17 18:41:17.727","2026-09-17","41.953"
"2026-09-17 18:42:16.467","2026-09-17","58.741"
"2026-09-17 18:43:16.129","2026-09-17","59.662"
"2026-09-17 18:44:05.794","2026-09-17","49.665"
"2026-09-17 18:44:47.088","2026-09-17","41.295"
"2026-09-17 18:45:35.746","2026-09-17","48.657"
"2026-09-17 18:46:16.851","2026-09-17","41.106"
"2026-09-17 18:47:05.863","2026-09-17","49.012"
"2026-09-17 18:48:05.743","2026-09-17","59.88"
"2026-09-17 18:48:47.511","2026-09-17","41.768"
"2026-09-17 18:49:35.848","2026-09-17","48.337"
"2026-09-17 18:50:17.656","2026-09-17","41.809"
"2026-09-17 18:51:05.890","2026-09-17","48.234"
"2026-09-17 18:52:16.465","2026-09-17","70.574"
"2026-09-17 18:53:05.956","2026-09-17","49.491"
"2026-09-17 18:53:46.953","2026-09-17","40.997"
"2026-09-17 18:54:35.700","2026-09-17","48.747"
"2026-09-17 18:55:16.991","2026-09-17","41.291"
"2026-09-17 18:56:05.661","2026-09-17","48.67"
"2026-09-17 18:56:46.973","2026-09-17","41.312"
"2026-09-17 18:57:35.965","2026-09-17","48.992"
"2026-09-17 18:58:17.765","2026-09-17","41.8"
"2026-09-17 18:59:06.020","2026-09-17","48.255"
"2026-09-17 18:59:47.660","2026-09-17","41.64"
"2026-09-17 19:00:36.036","2026-09-17","48.376"
"2026-09-17 19:01:16.993","2026-09-17","40.957"
"2026-09-17 19:02:06.082","2026-09-17","49.089"
"2026-09-17 19:02:47.099","2026-09-17","41.017"
"2026-09-17 19:03:36.062","2026-09-17","48.963"
"2026-09-17 19:04:16.996","2026-09-17","40.933"
"2026-09-17 19:05:16.062","2026-09-17","59.067"
"2026-09-17 19:06:05.840","2026-09-17","49.777"
"2026-09-17 19:06:47.018","2026-09-17","41.178"
"2026-09-17 19:07:35.592","2026-09-17","48.575"
"2026-09-17 19:08:17.175","2026-09-17","41.583"
"2026-09-17 19:09:05.845","2026-09-17","48.67"
"2026-09-17 19:09:46.953","2026-09-17","41.108"
"2026-09-17 19:10:36.186","2026-09-17","49.233"
"2026-09-17 19:11:17.167","2026-09-17","40.981"
"2026-09-17 19:12:06.147","2026-09-17","48.98"
"2026-09-17 19:12:47.446","2026-09-17","41.299"
"2026-09-17 19:13:35.931","2026-09-17","48.485"
"2026-09-17 19:14:16.951","2026-09-17","41.02"
"2026-09-17 19:15:05.761","2026-09-17","48.81"
"2026-09-17 19:15:47.235","2026-09-17","41.474"
"2026-09-17 19:16:35.859","2026-09-17","48.625"
"2026-09-17 19:17:17.236","2026-09-17","41.377"
"2026-09-17 19:18:05.783","2026-09-17","48.547"
"2026-09-17 19:18:46.962","2026-09-17","41.179"
"2026-09-17 19:19:36.091","2026-09-17","49.129"
"2026-09-17 19:20:17.243","2026-09-17","41.152"
"2026-09-17 19:21:05.914","2026-09-17","48.67"
"2026-09-17 19:21:47.279","2026-09-17","41.365"
"2026-09-17 19:22:46.307","2026-09-17","59.028"
"2026-09-17 19:23:46.436","2026-09-17","60.129"
"2026-09-17 19:24:35.931","2026-09-17","49.495"
"2026-09-17 19:25:17.096","2026-09-17","41.166"
"2026-09-17 19:26:05.900","2026-09-17","48.804"
"2026-09-17 19:26:47.390","2026-09-17","41.49"
"2026-09-17 19:27:35.701","2026-09-17","48.312"
"2026-09-17 19:28:17.506","2026-09-17","41.804"
"2026-09-17 19:29:16.346","2026-09-17","58.841"
"2026-09-17 19:30:16.489","2026-09-17","60.143"
"2026-09-17 19:31:16.501","2026-09-17","60.011"
"2026-09-17 19:32:05.748","2026-09-17","49.247"
"2026-09-17 19:32:47.468","2026-09-17","41.72"
"2026-09-17 19:33:35.842","2026-09-17","48.375"
"2026-09-17 19:34:17.582","2026-09-17","41.74"
"2026-09-17 19:35:16.597","2026-09-17","59.015"
"2026-09-17 19:36:05.655","2026-09-17","49.058"
"2026-09-17 19:36:47.566","2026-09-17","41.911"
"2026-09-17 19:37:35.752","2026-09-17","48.187"
"2026-09-17 19:38:17.514","2026-09-17","41.761"
"2026-09-17 19:39:16.245","2026-09-17","58.731"
"2026-09-17 19:40:16.244","2026-09-17","59.999"
"2026-09-17 19:41:15.981","2026-09-17","59.737"
"2026-09-17 19:42:35.771","2026-09-17","79.79"
"2026-09-17 19:43:17.661","2026-09-17","41.89"
"2026-09-17 19:44:05.666","2026-09-17","48.006"
"2026-09-17 19:44:47.625","2026-09-17","41.959"
"2026-09-17 19:45:46.358","2026-09-17","58.733"
"2026-09-17 19:46:35.717","2026-09-17","49.359"
"2026-09-17 19:47:17.463","2026-09-17","41.747"
"2026-09-17 19:48:05.702","2026-09-17","48.238"
"2026-09-17 19:48:47.657","2026-09-17","41.955"
"2026-09-17 19:49:35.715","2026-09-17","48.058"
"2026-09-17 19:50:17.715","2026-09-17","42"
"2026-09-17 19:51:05.773","2026-09-17","48.058"
"2026-09-17 19:51:47.681","2026-09-17","41.908"
"2026-09-17 19:52:46.071","2026-09-17","58.389"
"2026-09-17 20:56:56.147","2026-09-17","3850.076"
"2026-09-17 20:59:46.623","2026-09-17","170.476"
"2026-09-17 21:00:32.083","2026-09-17","45.46"
"2026-09-17 21:01:24.118","2026-09-17","52.035"
"2026-09-17 21:03:19.122","2026-09-17","115.004"
"2026-09-17 21:04:12.402","2026-09-17","53.28"
"2026-09-17 21:05:00.870","2026-09-17","48.468"
"2026-09-17 21:15:19.522","2026-09-17","618.653"
"2026-09-17 21:16:31.405","2026-09-17","71.883"
"2026-09-17 21:20:49.421","2026-09-17","258.017"
"2026-09-17 21:21:36.718","2026-09-17","47.297"
"2026-09-17 21:23:24.798","2026-09-17","108.08"
"2026-09-17 21:24:57.757","2026-09-17","92.959"
"2026-09-17 21:30:24.382","2026-09-17","326.625"
"2026-09-17 21:34:13.452","2026-09-17","229.07"
"2026-09-17 21:39:03.012","2026-09-17","289.559"
"2026-09-17 23:09:58.491","2026-09-17","5455.479"
"2026-09-18 08:11:16.647","2026-09-18","32478.157"
"2026-09-18 08:12:10.772","2026-09-18","54.125"
"2026-09-18 08:12:52.964","2026-09-18","42.191"
"2026-09-18 08:13:35.718","2026-09-18","42.754"
"2026-09-18 08:14:16.790","2026-09-18","41.072"
"2026-09-18 08:14:59.554","2026-09-18","42.765"
"2026-09-18 08:15:47.097","2026-09-18","47.543"
"2026-09-18 08:16:54.256","2026-09-18","67.159"
"2026-09-18 08:17:36.869","2026-09-18","42.613"
"2026-09-18 08:18:20.107","2026-09-18","43.238"
"2026-09-18 08:19:03.812","2026-09-18","43.705"
"2026-09-18 08:20:06.361","2026-09-18","62.549"
"2026-09-18 08:21:00.093","2026-09-18","53.731"
"2026-09-18 08:21:46.354","2026-09-18","46.262"
"2026-09-18 08:30:00.014","2026-09-18","493.66"
"2026-09-18 08:49:41.536","2026-09-18","1181.522"
"2026-09-18 08:50:25.384","2026-09-18","43.847"
"2026-09-18 08:52:29.553","2026-09-18","124.169"
"2026-09-18 08:53:23.288","2026-09-18","53.736"
"2026-09-18 08:54:06.435","2026-09-18","43.147"
"2026-09-18 08:58:22.864","2026-09-18","256.429"
"2026-09-18 08:59:06.890","2026-09-18","44.026"
"2026-09-18 08:59:50.351","2026-09-18","43.461"
"2026-09-18 09:00:34.238","2026-09-18","43.887"
"2026-09-18 09:01:20.215","2026-09-18","45.977"
"2026-09-18 09:04:41.040","2026-09-18","200.825"
"2026-09-18 09:05:24.423","2026-09-18","43.383"
"2026-09-18 09:06:29.365","2026-09-18","64.942"
"2026-09-18 09:08:22.793","2026-09-18","113.428"
"2026-09-18 09:09:06.346","2026-09-18","43.553"
"2026-09-18 09:09:50.263","2026-09-18","43.918"
"2026-09-18 09:10:33.879","2026-09-18","43.616"
"2026-09-18 09:12:27.528","2026-09-18","113.649"
"2026-09-18 09:33:41.106","2026-09-18","1273.578"
"2026-09-18 09:34:24.756","2026-09-18","43.65"
"2026-09-18 09:35:07.336","2026-09-18","42.58"
"2026-09-18 09:35:54.770","2026-09-18","47.434"
"2026-09-18 09:36:38.480","2026-09-18","43.71"
"2026-09-18 09:37:20.199","2026-09-18","41.719"
"2026-09-18 09:38:08.280","2026-09-18","48.081"
"2026-09-18 09:38:51.768","2026-09-18","43.488"
"2026-09-18 09:39:35.593","2026-09-18","43.826"
"2026-09-18 09:40:32.703","2026-09-18","57.11"
"2026-09-18 09:41:21.770","2026-09-18","49.067"
"2026-09-18 09:42:05.475","2026-09-18","43.704"
"2026-09-18 09:42:49.392","2026-09-18","43.918"
"2026-09-18 09:43:35.235","2026-09-18","45.843"
"2026-09-18 09:44:50.764","2026-09-18","75.529"
"2026-09-18 09:45:34.631","2026-09-18","43.867"
"2026-09-18 09:46:20.781","2026-09-18","46.15"
"2026-09-18 09:47:04.574","2026-09-18","43.793"
"2026-09-18 09:47:50.590","2026-09-18","46.015"
"2026-09-18 09:48:34.778","2026-09-18","44.188"
"2026-09-18 09:49:20.773","2026-09-18","45.995"
"2026-09-18 09:50:04.722","2026-09-18","43.949"
"2026-09-18 09:50:50.770","2026-09-18","46.049"
"2026-09-18 09:51:34.631","2026-09-18","43.861"
"2026-09-18 09:52:20.631","2026-09-18","46"
"2026-09-18 09:53:04.844","2026-09-18","44.213"
"2026-09-18 09:54:04.821","2026-09-18","59.976"
"2026-09-18 09:54:48.521","2026-09-18","43.7"
"2026-09-18 09:55:32.248","2026-09-18","43.728"
"2026-09-18 09:56:18.847","2026-09-18","46.598"
"2026-09-18 09:57:02.462","2026-09-18","43.615"
"2026-09-18 09:57:48.835","2026-09-18","46.373"
"2026-09-18 09:58:32.514","2026-09-18","43.679"
"2026-09-18 09:59:18.919","2026-09-18","46.406"
"2026-09-18 10:00:02.572","2026-09-18","43.653"
"2026-09-18 10:00:48.750","2026-09-18","46.178"
"2026-09-18 10:01:32.544","2026-09-18","43.794"
"2026-09-18 10:03:21.879","2026-09-18","109.334"
"2026-09-18 10:04:20.609","2026-09-18","58.73"
"2026-09-18 10:05:04.547","2026-09-18","43.938"
"2026-09-18 10:05:58.778","2026-09-18","54.231"
"2026-09-18 10:06:48.675","2026-09-18","49.896"
"2026-09-18 10:07:32.339","2026-09-18","43.664"
"2026-09-18 10:08:14.915","2026-09-18","42.577"
"2026-09-18 10:09:02.404","2026-09-18","47.489"
"2026-09-18 10:09:47.772","2026-09-18","45.368"
"2026-09-18 10:10:34.307","2026-09-18","46.534"
"2026-09-18 10:11:28.687","2026-09-18","54.38"
"2026-09-18 10:12:10.312","2026-09-18","41.625"
"2026-09-18 10:12:53.907","2026-09-18","43.595"
"2026-09-18 10:13:35.400","2026-09-18","41.493"
"2026-09-18 10:14:16.787","2026-09-18","41.387"
"2026-09-18 10:15:00.524","2026-09-18","43.737"
"2026-09-18 10:15:41.804","2026-09-18","41.28"
"2026-09-18 10:16:30.731","2026-09-18","48.927"
"2026-09-18 10:17:14.682","2026-09-18","43.951"
"2026-09-18 10:18:02.535","2026-09-18","47.853"
"2026-09-18 10:19:10.340","2026-09-18","67.806"
"2026-09-18 10:20:04.934","2026-09-18","54.593"
"2026-09-18 10:20:53.944","2026-09-18","49.01"
"2026-09-18 10:21:37.464","2026-09-18","43.52"
"2026-09-18 10:22:21.405","2026-09-18","43.941"
"2026-09-18 10:23:17.938","2026-09-18","56.533"
"2026-09-18 10:24:07.956","2026-09-18","50.018"
"2026-09-18 10:24:51.919","2026-09-18","43.963"
"2026-09-18 10:27:54.982","2026-09-18","183.063"
"2026-09-18 10:28:36.524","2026-09-18","41.541"
"2026-09-18 10:29:40.562","2026-09-18","64.038"
"2026-09-18 10:30:24.041","2026-09-18","43.479"
"2026-09-18 10:31:20.972","2026-09-18","56.931"
"2026-09-18 10:32:04.975","2026-09-18","44.003"
"2026-09-18 10:32:51.772","2026-09-18","46.798"
"2026-09-18 10:33:35.834","2026-09-18","44.061"
"2026-09-18 10:34:21.810","2026-09-18","45.976"
"2026-09-18 10:35:05.843","2026-09-18","44.034"
"2026-09-18 10:35:51.853","2026-09-18","46.01"
"2026-09-18 10:36:35.583","2026-09-18","43.73"
"2026-09-18 10:37:21.591","2026-09-18","46.008"
"2026-09-18 10:38:06.009","2026-09-18","44.418"
"2026-09-18 10:38:51.683","2026-09-18","45.673"
"2026-09-18 10:39:35.785","2026-09-18","44.103"
"2026-09-18 10:40:21.128","2026-09-18","45.342"
"2026-09-18 10:41:05.769","2026-09-18","44.641"
"2026-09-18 10:41:51.999","2026-09-18","46.231"
"2026-09-18 10:42:35.692","2026-09-18","43.692"
"2026-09-18 10:43:36.128","2026-09-18","60.437"
"2026-09-18 10:44:20.009","2026-09-18","43.88"
"2026-09-18 10:45:02.808","2026-09-18","42.8"
"2026-09-18 10:45:50.009","2026-09-18","47.201"
"2026-09-18 10:46:44.153","2026-09-18","54.144"
"2026-09-18 10:47:25.859","2026-09-18","41.706"
"2026-09-18 10:48:09.467","2026-09-18","43.607"
"2026-09-18 10:48:51.028","2026-09-18","41.561"
"2026-09-18 10:49:33.006","2026-09-18","41.978"
"2026-09-18 10:50:16.719","2026-09-18","43.714"
"2026-09-18 10:51:02.796","2026-09-18","46.076"
"2026-09-18 10:51:57.163","2026-09-18","54.367"
"2026-09-18 10:52:38.900","2026-09-18","41.737"
"2026-09-18 10:53:22.601","2026-09-18","43.701"
"2026-09-18 10:54:03.118","2026-09-18","40.517"
"2026-09-18 10:54:44.032","2026-09-18","40.914"
"2026-09-18 10:55:38.124","2026-09-18","54.093"
"2026-09-18 10:56:19.923","2026-09-18","41.799"
"2026-09-18 10:57:04.034","2026-09-18","44.111"
"2026-09-18 10:57:53.252","2026-09-18","49.218"
"2026-09-18 10:58:34.336","2026-09-18","41.085"
"2026-09-18 10:59:15.982","2026-09-18","41.646"
"2026-09-18 11:00:03.848","2026-09-18","47.866"
"2026-09-18 11:00:57.814","2026-09-18","53.966"
"2026-09-18 11:01:38.715","2026-09-18","40.901"
"2026-09-18 11:02:22.212","2026-09-18","43.497"
"2026-09-18 11:03:03.958","2026-09-18","41.746"
"2026-09-18 11:03:52.267","2026-09-18","48.309"
"2026-09-18 11:04:36.223","2026-09-18","43.955"
"2026-09-18 11:05:18.065","2026-09-18","41.842"
"2026-09-18 11:06:02.317","2026-09-18","44.252"
"2026-09-18 11:06:46.195","2026-09-18","43.878"
"2026-09-18 11:07:32.956","2026-09-18","46.762"
"2026-09-18 11:08:16.625","2026-09-18","43.669"
"2026-09-18 11:09:02.867","2026-09-18","46.242"
"2026-09-18 11:09:57.085","2026-09-18","54.218"
"2026-09-18 11:10:46.869","2026-09-18","49.783"
"2026-09-18 11:11:51.289","2026-09-18","64.42"
"2026-09-18 11:12:34.962","2026-09-18","43.674"
"2026-09-18 11:13:22.074","2026-09-18","47.112"
"2026-09-18 11:14:05.860","2026-09-18","43.786"
"2026-09-18 11:14:52.050","2026-09-18","46.19"
"2026-09-18 11:16:23.508","2026-09-18","91.458"
"2026-09-18 11:17:07.373","2026-09-18","43.865"
"2026-09-18 11:17:51.156","2026-09-18","43.782"
"2026-09-18 11:18:37.353","2026-09-18","46.197"
"2026-09-18 11:19:22.199","2026-09-18","44.846"
"2026-09-18 11:20:07.338","2026-09-18","45.138"
"2026-09-18 11:20:51.277","2026-09-18","43.939"
"2026-09-18 11:21:40.432","2026-09-18","49.155"
"2026-09-18 11:22:22.287","2026-09-18","41.855"
"2026-09-18 11:23:07.453","2026-09-18","45.166"
"2026-09-18 11:23:51.374","2026-09-18","43.921"
"2026-09-18 11:24:37.250","2026-09-18","45.876"
"2026-09-18 11:25:22.441","2026-09-18","45.191"
"2026-09-18 11:26:07.379","2026-09-18","44.938"
"2026-09-18 11:26:51.723","2026-09-18","44.344"
"2026-09-18 11:27:37.612","2026-09-18","45.888"
"2026-09-18 11:28:24.376","2026-09-18","46.764"
"2026-09-18 11:29:08.226","2026-09-18","43.85"
"2026-09-18 11:29:52.027","2026-09-18","43.801"
"2026-09-18 11:30:41.427","2026-09-18","49.401"
"2026-09-18 11:31:21.909","2026-09-18","40.481"
"2026-09-18 11:32:08.401","2026-09-18","46.492"
"2026-09-18 11:32:52.188","2026-09-18","43.788"
"2026-09-18 11:33:38.219","2026-09-18","46.03"
"2026-09-18 11:34:38.446","2026-09-18","60.227"
"2026-09-18 11:35:22.265","2026-09-18","43.819"
"2026-09-18 11:36:02.990","2026-09-18","40.726"
"2026-09-18 11:36:44.323","2026-09-18","41.333"
"2026-09-18 11:37:28.140","2026-09-18","43.817"
"2026-09-18 11:38:09.313","2026-09-18","41.174"
"2026-09-18 11:38:52.317","2026-09-18","43.004"
"2026-09-18 11:39:36.400","2026-09-18","44.083"
"2026-09-18 11:40:22.103","2026-09-18","45.703"
"2026-09-18 11:41:06.259","2026-09-18","44.156"
"2026-09-18 11:41:51.660","2026-09-18","45.401"
"2026-09-18 11:43:22.540","2026-09-18","90.881"
"2026-09-18 11:44:06.442","2026-09-18","43.901"
"2026-09-18 11:44:52.371","2026-09-18","45.929"
"2026-09-18 11:45:41.102","2026-09-18","48.731"
"2026-09-18 11:46:21.571","2026-09-18","40.469"
"2026-09-18 11:47:06.540","2026-09-18","44.969"
"2026-09-18 11:47:52.551","2026-09-18","46.011"
"2026-09-18 11:48:36.436","2026-09-18","43.886"
"2026-09-18 11:49:22.091","2026-09-18","45.654"
"2026-09-18 11:50:06.301","2026-09-18","44.211"
"2026-09-18 11:50:52.476","2026-09-18","46.174"
"2026-09-18 11:51:36.505","2026-09-18","44.029"
"2026-09-18 11:52:36.647","2026-09-18","60.142"
"2026-09-18 11:53:20.448","2026-09-18","43.8"
"2026-09-18 11:54:03.016","2026-09-18","42.569"
"2026-09-18 11:54:50.643","2026-09-18","47.626"
"2026-09-18 11:55:44.778","2026-09-18","54.136"
"2026-09-18 11:56:26.516","2026-09-18","41.737"
"2026-09-18 11:57:10.166","2026-09-18","43.65"
"2026-09-18 11:57:54.654","2026-09-18","44.488"
"2026-09-18 11:59:01.222","2026-09-18","66.568"
"2026-09-18 11:59:55.403","2026-09-18","54.181"
"2026-09-18 12:00:40.729","2026-09-18","45.326"
"2026-09-18 12:01:24.575","2026-09-18","43.847"
"2026-09-18 12:02:06.341","2026-09-18","41.766"
"2026-09-18 12:02:54.669","2026-09-18","48.327"
"2026-09-18 12:03:38.818","2026-09-18","44.149"
"2026-09-18 12:04:23.275","2026-09-18","44.458"
"2026-09-18 12:05:08.843","2026-09-18","45.568"
"2026-09-18 12:06:51.758","2026-09-18","102.914"
"2026-09-18 12:07:35.847","2026-09-18","44.089"
"2026-09-18 12:08:17.727","2026-09-18","41.88"
"2026-09-18 12:09:09.842","2026-09-18","52.116"
"2026-09-18 12:09:53.734","2026-09-18","43.892"
"2026-09-18 12:10:35.515","2026-09-18","41.781"
"2026-09-18 12:11:52.790","2026-09-18","77.275"
"2026-09-18 12:12:36.707","2026-09-18","43.918"
"2026-09-18 12:13:22.719","2026-09-18","46.011"
"2026-09-18 12:14:06.702","2026-09-18","43.984"
"2026-09-18 12:14:52.750","2026-09-18","46.048"
"2026-09-18 12:15:41.881","2026-09-18","49.131"
"2026-09-18 12:16:23.884","2026-09-18","42.003"
"2026-09-18 12:17:07.908","2026-09-18","44.024"
"2026-09-18 12:17:53.385","2026-09-18","45.477"
"2026-09-18 12:18:37.879","2026-09-18","44.494"
"2026-09-18 12:19:23.886","2026-09-18","46.007"
"2026-09-18 12:20:07.880","2026-09-18","43.993"
"2026-09-18 12:20:53.867","2026-09-18","45.988"
"2026-09-18 12:21:40.873","2026-09-18","47.005"
"2026-09-18 12:22:37.894","2026-09-18","57.021"
"2026-09-18 12:23:21.733","2026-09-18","43.839"
"2026-09-18 12:24:04.374","2026-09-18","42.642"
"2026-09-18 12:24:51.901","2026-09-18","47.526"
"2026-09-18 12:25:35.540","2026-09-18","43.639"
"2026-09-18 12:26:16.824","2026-09-18","41.284"
"2026-09-18 12:27:04.762","2026-09-18","47.938"
"2026-09-18 12:27:54.008","2026-09-18","49.246"
"2026-09-18 12:28:34.782","2026-09-18","40.775"
"2026-09-18 12:29:18.828","2026-09-18","44.045"
"2026-09-18 12:30:04.784","2026-09-18","45.956"
"2026-09-18 12:30:48.417","2026-09-18","43.633"
"2026-09-18 12:31:34.671","2026-09-18","46.254"
"2026-09-18 12:32:18.658","2026-09-18","43.988"
"2026-09-18 12:33:04.787","2026-09-18","46.129"
"2026-09-18 12:33:48.753","2026-09-18","43.966"
"2026-09-18 12:34:34.784","2026-09-18","46.03"
"2026-09-18 12:35:18.841","2026-09-18","44.057"
"2026-09-18 12:36:51.709","2026-09-18","92.868"
"2026-09-18 12:37:35.670","2026-09-18","43.962"
"2026-09-18 12:38:17.774","2026-09-18","42.104"
"2026-09-18 12:39:04.418","2026-09-18","46.644"
"2026-09-18 12:39:47.966","2026-09-18","43.548"
"2026-09-18 12:40:34.513","2026-09-18","46.547"
"2026-09-18 12:41:18.778","2026-09-18","44.266"
"2026-09-18 12:42:04.937","2026-09-18","46.159"
"2026-09-18 12:43:29.946","2026-09-18","85.008"
"2026-09-18 12:44:11.935","2026-09-18","41.989"
"2026-09-18 12:44:55.808","2026-09-18","43.873"
"2026-09-18 12:45:43.096","2026-09-18","47.288"
"2026-09-18 12:46:27.227","2026-09-18","44.131"
"2026-09-18 12:47:19.677","2026-09-18","52.451"
"2026-09-18 12:48:03.217","2026-09-18","43.54"
"2026-09-18 12:48:45.106","2026-09-18","41.889"
"2026-09-18 12:49:33.241","2026-09-18","48.135"
"2026-09-18 12:50:17.250","2026-09-18","44.009"
"2026-09-18 12:51:04.710","2026-09-18","47.46"
"2026-09-18 12:51:48.241","2026-09-18","43.531"
"2026-09-18 12:52:34.592","2026-09-18","46.352"
"2026-09-18 12:53:18.344","2026-09-18","43.751"
"2026-09-18 12:53:57.478","2026-09-18","39.135"
"2026-09-18 12:54:43.340","2026-09-18","45.862"
"2026-09-18 12:55:27.533","2026-09-18","44.192"
"2026-09-18 12:56:09.170","2026-09-18","41.637"
"2026-09-18 12:56:54.544","2026-09-18","45.374"
"2026-09-18 12:57:38.599","2026-09-18","44.055"
"2026-09-18 12:58:24.057","2026-09-18","45.459"
"2026-09-18 12:59:08.250","2026-09-18","44.193"
"2026-09-18 12:59:53.956","2026-09-18","45.706"
"2026-09-18 13:00:42.705","2026-09-18","48.749"
"2026-09-18 13:01:38.637","2026-09-18","55.933"
"2026-09-18 13:02:22.545","2026-09-18","43.908"
"2026-09-18 13:03:05.630","2026-09-18","43.085"
"2026-09-18 13:03:52.793","2026-09-18","47.163"
"2026-09-18 13:04:35.592","2026-09-18","42.799"
"2026-09-18 13:05:22.790","2026-09-18","47.198"
"2026-09-18 13:06:05.603","2026-09-18","42.813"
"2026-09-18 13:06:52.795","2026-09-18","47.192"
"2026-09-18 13:07:35.669","2026-09-18","42.875"
"2026-09-18 13:08:22.783","2026-09-18","47.114"
"2026-09-18 13:09:05.668","2026-09-18","42.884"
"2026-09-18 13:10:03.722","2026-09-18","58.055"
"2026-09-18 13:10:52.970","2026-09-18","49.248"
"2026-09-18 13:12:06.667","2026-09-18","73.697"
"2026-09-18 13:13:50.164","2026-09-18","103.496"
"2026-09-18 13:14:34.200","2026-09-18","44.037"
"2026-09-18 13:15:26.883","2026-09-18","52.683"
"2026-09-18 13:16:37.193","2026-09-18","70.31"
"2026-09-18 13:17:21.231","2026-09-18","44.038"
"2026-09-18 13:18:07.441","2026-09-18","46.21"
"2026-09-18 13:18:51.478","2026-09-18","44.037"
"2026-09-18 13:19:37.439","2026-09-18","45.961"
"2026-09-18 13:20:21.493","2026-09-18","44.054"
"2026-09-18 13:21:07.505","2026-09-18","46.012"
"2026-09-18 13:21:51.522","2026-09-18","44.017"
"2026-09-18 13:22:37.727","2026-09-18","46.205"
"2026-09-18 13:23:21.563","2026-09-18","43.836"
"2026-09-18 13:24:07.633","2026-09-18","46.07"
"2026-09-18 13:24:51.628","2026-09-18","43.994"
"2026-09-18 13:25:37.527","2026-09-18","45.9"
"2026-09-18 13:26:21.624","2026-09-18","44.097"
"2026-09-18 13:27:08.875","2026-09-18","47.251"
"2026-09-18 13:28:04.884","2026-09-18","56.009"
"2026-09-18 13:29:02.895","2026-09-18","58.011"
"2026-09-18 13:29:57.199","2026-09-18","54.305"
"2026-09-18 13:30:45.880","2026-09-18","48.68"
"2026-09-18 13:31:29.715","2026-09-18","43.836"
"2026-09-18 13:32:11.091","2026-09-18","41.376"
"2026-09-18 13:32:57.426","2026-09-18","46.335"
"2026-09-18 13:33:41.076","2026-09-18","43.651"
"2026-09-18 13:34:27.117","2026-09-18","46.041"
"2026-09-18 13:35:11.078","2026-09-18","43.961"
"2026-09-18 13:36:11.097","2026-09-18","60.018"
"2026-09-18 13:36:55.060","2026-09-18","43.963"
"2026-09-18 13:37:38.061","2026-09-18","43.001"
"2026-09-18 13:38:24.698","2026-09-18","46.637"
"2026-09-18 13:39:08.160","2026-09-18","43.462"
"2026-09-18 13:40:05.436","2026-09-18","57.276"
"2026-09-18 13:41:05.425","2026-09-18","59.989"
"2026-09-18 13:41:59.789","2026-09-18","54.364"
"2026-09-18 13:42:54.422","2026-09-18","54.633"
"2026-09-18 13:43:39.508","2026-09-18","45.085"
"2026-09-18 13:44:23.308","2026-09-18","43.8"
"2026-09-18 13:45:09.723","2026-09-18","46.415"
"2026-09-18 13:45:53.175","2026-09-18","43.451"
"2026-09-18 13:46:39.709","2026-09-18","46.535"
"2026-09-18 13:47:23.344","2026-09-18","43.635"
"2026-09-18 13:48:20.180","2026-09-18","56.835"
"2026-09-18 13:49:04.293","2026-09-18","44.114"
"2026-09-18 13:49:46.481","2026-09-18","42.188"
"2026-09-18 13:50:28.387","2026-09-18","41.906"
"2026-09-18 13:51:12.512","2026-09-18","44.125"
"2026-09-18 13:51:54.529","2026-09-18","42.017"
"2026-09-18 13:52:40.497","2026-09-18","45.968"
"2026-09-18 13:53:24.574","2026-09-18","44.077"
"2026-09-18 13:54:10.513","2026-09-18","45.938"
"2026-09-18 13:54:54.572","2026-09-18","44.06"
"2026-09-18 13:55:54.240","2026-09-18","59.667"
"2026-09-18 13:57:00.641","2026-09-18","66.401"
"2026-09-18 13:58:04.696","2026-09-18","64.055"
"2026-09-18 13:58:46.585","2026-09-18","41.889"
"2026-09-18 13:59:28.610","2026-09-18","42.026"
"2026-09-18 14:00:14.752","2026-09-18","46.141"
"2026-09-18 14:01:29.792","2026-09-18","75.04"
"2026-09-18 14:02:13.657","2026-09-18","43.865"
"2026-09-18 14:02:59.708","2026-09-18","46.05"
"2026-09-18 14:03:43.818","2026-09-18","44.11"
"2026-09-18 14:04:29.752","2026-09-18","45.934"
"2026-09-18 14:05:13.849","2026-09-18","44.097"
"2026-09-18 14:05:59.756","2026-09-18","45.907"
"2026-09-18 14:06:43.867","2026-09-18","44.111"
"2026-09-18 14:07:43.321","2026-09-18","59.454"
"2026-09-18 14:08:27.258","2026-09-18","43.937"
"2026-09-18 14:09:10.403","2026-09-18","43.145"
"2026-09-18 14:09:57.633","2026-09-18","47.229"
"2026-09-18 14:10:40.470","2026-09-18","42.837"
"2026-09-18 14:11:27.867","2026-09-18","47.398"
"2026-09-18 14:12:11.569","2026-09-18","43.702"
"2026-09-18 14:12:54.489","2026-09-18","42.92"
"2026-09-18 14:13:40.752","2026-09-18","46.263"
"2026-09-18 14:14:24.816","2026-09-18","44.065"
"2026-09-18 14:15:10.739","2026-09-18","45.922"
"2026-09-18 14:15:54.395","2026-09-18","43.656"
"2026-09-18 14:16:40.664","2026-09-18","46.269"
"2026-09-18 14:17:24.786","2026-09-18","44.122"
"2026-09-18 14:18:10.715","2026-09-18","45.929"
"2026-09-18 14:18:54.761","2026-09-18","44.046"
"2026-09-18 14:19:40.824","2026-09-18","46.063"
"2026-09-18 14:20:25.015","2026-09-18","44.191"
"2026-09-18 14:21:11.067","2026-09-18","46.052"
"2026-09-18 14:21:55.248","2026-09-18","44.182"
"2026-09-18 14:22:41.173","2026-09-18","45.924"
"2026-09-18 14:23:25.258","2026-09-18","44.086"
"2026-09-18 14:24:11.222","2026-09-18","45.963"
"2026-09-18 14:24:55.287","2026-09-18","44.066"
"2026-09-18 14:25:41.169","2026-09-18","45.881"
"2026-09-18 14:26:25.270","2026-09-18","44.101"
"2026-09-18 14:27:11.316","2026-09-18","46.046"
"2026-09-18 14:28:00.417","2026-09-18","49.101"
"2026-09-18 14:28:41.529","2026-09-18","41.112"
"2026-09-18 14:29:25.293","2026-09-18","43.764"
"2026-09-18 14:30:11.264","2026-09-18","45.97"
"2026-09-18 14:30:55.308","2026-09-18","44.044"
"2026-09-18 14:31:40.982","2026-09-18","45.674"
"2026-09-18 14:32:25.827","2026-09-18","44.845"
"2026-09-18 14:33:10.819","2026-09-18","44.992"
"2026-09-18 14:34:06.778","2026-09-18","55.958"
"2026-09-18 14:34:55.369","2026-09-18","48.591"
"2026-09-18 14:36:00.258","2026-09-18","64.889"
"2026-09-18 14:36:44.125","2026-09-18","43.866"
"2026-09-18 14:37:30.135","2026-09-18","46.01"
"2026-09-18 14:38:24.554","2026-09-18","54.419"
"2026-09-18 14:39:10.792","2026-09-18","46.238"
"2026-09-18 14:39:54.430","2026-09-18","43.638"
"2026-09-18 14:40:40.866","2026-09-18","46.435"
"2026-09-18 14:41:24.585","2026-09-18","43.719"
"2026-09-18 14:42:10.851","2026-09-18","46.266"
"2026-09-18 14:42:54.473","2026-09-18","43.622"
"2026-09-18 14:43:40.895","2026-09-18","46.421"
"2026-09-18 14:44:24.578","2026-09-18","43.683"
"2026-09-18 14:45:10.851","2026-09-18","46.274"
"2026-09-18 14:45:54.405","2026-09-18","43.553"
"2026-09-18 14:46:44.769","2026-09-18","50.364"
"2026-09-18 14:48:22.156","2026-09-18","97.387"
"2026-09-18 14:49:30.587","2026-09-18","68.431"
"2026-09-18 14:50:14.417","2026-09-18","43.83"
"2026-09-18 14:51:00.576","2026-09-18","46.159"
"2026-09-18 14:51:44.437","2026-09-18","43.861"
"2026-09-18 14:52:30.209","2026-09-18","45.773"
"2026-09-18 14:53:14.419","2026-09-18","44.209"
"2026-09-18 14:54:00.248","2026-09-18","45.83"
"2026-09-18 14:54:44.486","2026-09-18","44.238"
"2026-09-18 14:55:30.327","2026-09-18","45.841"
"2026-09-18 14:56:15.019","2026-09-18","44.692"
"2026-09-18 14:57:00.490","2026-09-18","45.471"
"2026-09-18 14:58:04.982","2026-09-18","64.492"
"2026-09-18 14:58:57.641","2026-09-18","52.659"
"2026-09-18 15:00:00.626","2026-09-18","62.985"
"2026-09-18 15:00:48.923","2026-09-18","48.296"
"2026-09-18 15:01:30.053","2026-09-18","41.13"
"2026-09-18 15:02:15.020","2026-09-18","44.967"
"2026-09-18 15:03:00.557","2026-09-18","45.537"
"2026-09-18 15:03:44.415","2026-09-18","43.858"
"2026-09-18 15:07:53.410","2026-09-18","248.995"
"2026-09-18 15:10:05.253","2026-09-18","131.843"
"2026-09-18 15:28:23.093","2026-09-18","1097.84"
"2026-09-18 15:29:12.916","2026-09-18","49.824"
"2026-09-18 15:29:59.783","2026-09-18","46.867"
"2026-09-18 15:30:41.251","2026-09-18","41.468"
"2026-09-18 15:31:19.115","2026-09-18","37.864"
"2026-09-18 15:32:00.702","2026-09-18","41.587"
"2026-09-18 15:32:48.659","2026-09-18","47.957"
"2026-09-18 15:33:35.468","2026-09-18","46.808"
"2026-09-18 15:34:19.041","2026-09-18","43.573"
"2026-09-18 15:35:01.075","2026-09-18","42.035"
"2026-09-18 16:16:13.007","2026-09-18","2471.931"
"2026-09-18 16:16:54.008","2026-09-18","41.002"
"2026-09-18 16:17:35.747","2026-09-18","41.739"
"2026-09-18 16:18:23.888","2026-09-18","48.14"
"2026-09-18 16:19:12.594","2026-09-18","48.706"
"2026-09-18 16:19:53.104","2026-09-18","40.51"
"2026-09-18 16:20:34.680","2026-09-18","41.576"
"2026-09-18 16:21:13.015","2026-09-18","38.334"
"2026-09-18 16:21:54.432","2026-09-18","41.418"
"2026-09-18 16:23:33.040","2026-09-18","98.608"
"2026-09-18 16:24:23.034","2026-09-18","49.994"
"2026-09-18 16:30:49.017","2026-09-18","385.982"
"2026-09-18 16:31:30.557","2026-09-18","41.54"
"2026-09-18 16:40:23.557","2026-09-18","532.999"
"2026-09-18 16:41:13.013","2026-09-18","49.456"
"2026-09-18 16:45:44.604","2026-09-18","271.591"
"2026-09-18 17:28:13.352","2026-09-18","2548.748"
"2026-09-18 17:29:13.339","2026-09-18","59.986"
"2026-09-18 17:29:50.815","2026-09-18","37.476"
"2026-09-18 17:30:34.690","2026-09-18","43.875"
"2026-09-18 17:31:20.439","2026-09-18","45.749"
"2026-09-18 17:32:01.938","2026-09-18","41.5"
"2026-09-18 17:32:49.921","2026-09-18","47.982"
"2026-09-18 17:33:34.566","2026-09-18","44.645"
"2026-09-18 17:34:20.456","2026-09-18","45.89"
"2026-09-18 17:35:02.071","2026-09-18","41.615"
"2026-09-18 17:35:50.307","2026-09-18","48.236"
