"Time","Provider","Id","Opcode","Task","Message"
"06:38:16.8934929","DxgKrnl","10011","정보",,""
"06:38:16.8942228","DxgKrnl","10011","정보",,""
"06:38:17.0048573","DxgKrnl","10011","정보",,""
"06:38:17.0048634","DxgKrnl","10011","정보",,""
"06:38:17.0048642","DxgKrnl","10011","정보",,""
"06:38:17.0048649","DxgKrnl","10011","정보",,""
"06:38:17.0048657","DxgKrnl","10011","정보",,""
"06:38:17.0048664","DxgKrnl","10011","정보",,""
"06:38:17.0048671","DxgKrnl","10011","정보",,""
"06:38:17.0048677","DxgKrnl","10011","정보",,""
"06:38:17.0048684","DxgKrnl","10011","정보",,""
"06:38:17.0048690","DxgKrnl","10011","정보",,""
"06:38:17.0048696","DxgKrnl","10011","정보",,""
"06:38:17.1975200","DxgKrnl","10011","정보",,""
"06:38:17.1985051","DxgKrnl","10011","정보",,""
"06:38:17.1985167","DxgKrnl","10011","정보",,""
"06:38:17.2094679","DxgKrnl","10011","정보",,""
"06:38:17.2094714","DxgKrnl","10011","정보",,""
"06:38:17.2094721","DxgKrnl","10011","정보",,""
"06:38:17.2094731","DxgKrnl","10011","정보",,""
"06:38:17.2094740","DxgKrnl","10011","정보",,""
"06:38:17.2094749","DxgKrnl","10011","정보",,""
"06:38:17.2094760","DxgKrnl","10011","정보",,""
"06:38:17.2094768","DxgKrnl","10011","정보",,""
"06:38:17.2094776","DxgKrnl","10011","정보",,""
"06:38:17.2094787","DxgKrnl","10011","정보",,""
"06:38:17.2094793","DxgKrnl","10011","정보",,""
"06:38:17.2094801","DxgKrnl","10011","정보",,""
"06:38:17.2094811","DxgKrnl","10011","정보",,""
"06:38:17.2094817","DxgKrnl","10011","정보",,""
"06:38:17.2094837","DxgKrnl","10011","정보",,""
"06:38:17.2118992","DxgKrnl","10011","정보",,""
"06:38:17.2119928","DxgKrnl","10011","정보",,""
"06:38:17.2136950","DxgKrnl","10011","정보",,""
"06:38:17.2138077","DxgKrnl","10011","정보",,""
"06:38:17.2167691","DxgKrnl","10011","정보",,""
"06:38:17.2173246","DxgKrnl","10011","정보",,""
"06:40:13.1443565","Kernel-PnP","220","시작",,"Begin querying bus relations for device HTREE\ROOT\0"
"06:40:13.1445307","Kernel-PnP","222","시작",,"End querying bus relations for device HTREE\ROOT\0"
"06:40:13.5505988","Kernel-PnP","220","시작",,"Begin querying bus relations for device SWD\PRINTENUM\PrintQueues"
"06:40:13.5506013","Kernel-PnP","222","시작",,"End querying bus relations for device SWD\PRINTENUM\PrintQueues"
"06:40:13.5516784","Kernel-PnP","220","시작",,"Begin querying bus relations for device SWD\PRINTENUM\PrintQueues"
"06:40:13.5516804","Kernel-PnP","222","시작",,"End querying bus relations for device SWD\PRINTENUM\PrintQueues"
"06:45:44.2511722","Kernel-PnP","220","시작",,"Begin querying bus relations for device PCI\VEN_1002&DEV_7550&SUBSYS_E4891DA2&REV_C0\6&8916a45&0&00000009"
"06:45:44.2514100","DxgKrnl","10011","정보",,""
"06:45:44.3460796","Kernel-PnP","222","시작",,"End querying bus relations for device PCI\VEN_1002&DEV_7550&SUBSYS_E4891DA2&REV_C0\6&8916a45&0&00000009"
"06:45:44.3462287","DxgKrnl","10011","정보",,""
"06:45:44.3462543","Kernel-PnP","1010","시작",,"버스에 누락 된 것으로 보고 된 장치 DISPLAY\SAM79DF\7&16b8ddb4&0&UID256이 (가) 제거 되었습니다. 제거 된 장치 수 | 개수: 1"
"06:45:44.3467719","Kernel-PnP","220","시작",,"Begin querying bus relations for device SWD\DRIVERENUM\AMDCP&7&16b8ddb4&0"
"06:45:44.3467781","Kernel-PnP","222","시작",,"End querying bus relations for device SWD\DRIVERENUM\AMDCP&7&16b8ddb4&0"
"06:45:44.3468106","Kernel-PnP","220","시작",,"Begin querying bus relations for device SWD\DRIVERENUM\AMDFDANS&7&16b8ddb4&0"
"06:45:44.3468133","Kernel-PnP","222","시작",,"End querying bus relations for device SWD\DRIVERENUM\AMDFDANS&7&16b8ddb4&0"
"06:45:44.3468288","Kernel-PnP","220","시작",,"Begin querying bus relations for device SWD\DRIVERENUM\AMDOCL&7&16b8ddb4&0"
"06:45:44.3468304","Kernel-PnP","222","시작",,"End querying bus relations for device SWD\DRIVERENUM\AMDOCL&7&16b8ddb4&0"
"06:45:44.3468411","Kernel-PnP","220","시작",,"Begin querying bus relations for device SWD\DRIVERENUM\AMDOGL&7&16b8ddb4&0"
"06:45:44.3468427","Kernel-PnP","222","시작",,"End querying bus relations for device SWD\DRIVERENUM\AMDOGL&7&16b8ddb4&0"
"06:45:44.3468510","DxgKrnl","10011","정보",,""
"06:45:44.3468527","Kernel-PnP","220","시작",,"Begin querying bus relations for device SWD\DRIVERENUM\AMDVLK&7&16b8ddb4&0"
"06:45:44.3468543","Kernel-PnP","222","시작",,"End querying bus relations for device SWD\DRIVERENUM\AMDVLK&7&16b8ddb4&0"
"06:45:44.3468674","Kernel-PnP","220","시작",,"Begin querying bus relations for device SWD\DRIVERENUM\AMDWIN&7&16b8ddb4&0"
"06:45:44.3468690","Kernel-PnP","222","시작",,"End querying bus relations for device SWD\DRIVERENUM\AMDWIN&7&16b8ddb4&0"
"06:45:44.3468829","Kernel-PnP","220","시작",,"Begin querying bus relations for device DISPLAY\BBC0104\7&16b8ddb4&0&UID265"
"06:45:44.3468917","Kernel-PnP","222","시작",,"End querying bus relations for device DISPLAY\BBC0104\7&16b8ddb4&0&UID265"
"06:45:44.3469052","Kernel-PnP","220","시작",,"Begin querying bus relations for device DISPLAY\SAM7B0C\7&16b8ddb4&0&UID260"
"06:45:44.3469101","Kernel-PnP","222","시작",,"End querying bus relations for device DISPLAY\SAM7B0C\7&16b8ddb4&0&UID260"
"06:45:44.3469789","DxgKrnl","10011","정보",,""
"06:45:44.3480059","Kernel-PnP","808","시작",,"End device add, status (STATUS_SUCCESS)"
"06:45:44.3480241","DxgKrnl","10011","정보",,""
"06:45:44.3481003","DxgKrnl","10011","정보",,""
"06:45:44.3484061","Kernel-PnP","220","시작",,"Begin querying bus relations for device DISPLAY\SAM79DF\7&16b8ddb4&0&UID256"
"06:45:44.3484085","Kernel-PnP","222","시작",,"End querying bus relations for device DISPLAY\SAM79DF\7&16b8ddb4&0&UID256"
"06:45:44.3485904","DxgKrnl","10011","정보",,""
"06:45:44.3489340","DxgKrnl","10011","정보",,""
"06:45:44.3490175","DxgKrnl","10011","정보",,""
"06:45:44.3513725","DxgKrnl","10011","정보",,""
"06:45:44.3514410","DxgKrnl","10011","정보",,""
"06:45:44.3564567","DxgKrnl","10011","정보",,""
"06:45:44.3565239","DxgKrnl","10011","정보",,""
"06:45:44.3566478","DxgKrnl","10011","정보",,""
"06:45:44.3566535","DxgKrnl","10011","정보",,""
"06:45:44.3566578","DxgKrnl","10011","정보",,""
"06:45:44.3615356","DxgKrnl","10011","정보",,""
"06:45:44.3615977","DxgKrnl","10011","정보",,""
"06:45:44.3690075","DxgKrnl","10011","정보",,""
"06:45:44.3691055","DxgKrnl","10011","정보",,""
"06:45:44.3691544","DxgKrnl","10011","정보",,""
"06:45:44.3701884","DxgKrnl","10011","정보",,""
"06:45:44.3702386","DxgKrnl","10011","정보",,""
"06:45:44.3702945","DxgKrnl","10011","정보",,""
"06:45:44.3703494","DxgKrnl","10011","정보",,""
"06:45:44.3703508","DxgKrnl","10011","정보",,""
"06:45:44.3704034","DxgKrnl","10011","정보",,""
"06:45:44.3704198","DxgKrnl","10011","정보",,""
"06:45:44.3704724","DxgKrnl","10011","정보",,""
"06:45:44.3704772","DxgKrnl","10011","정보",,""
"06:45:44.3705290","DxgKrnl","10011","정보",,""
"06:45:44.3717702","DxgKrnl","10011","정보",,""
"06:45:44.3718241","DxgKrnl","10011","정보",,""
"06:45:44.3718656","DxgKrnl","10011","정보",,""
"06:45:44.3718717","DxgKrnl","10011","정보",,""
"06:45:44.3719164","DxgKrnl","10011","정보",,""
"06:45:44.3720770","DxgKrnl","10011","정보",,""
"06:45:44.3720783","DxgKrnl","10011","정보",,""
"06:45:44.3720823","DxgKrnl","10011","정보",,""
"06:45:44.3786375","DxgKrnl","10011","정보",,""
"06:45:44.4386017","DxgKrnl","10011","정보",,""
"06:45:44.4386464","DxgKrnl","10011","정보",,""
"06:45:44.4387080","DxgKrnl","10011","정보",,""
"06:45:44.4388521","DxgKrnl","10011","정보",,""
"06:45:44.4388775","DxgKrnl","10011","정보",,""
"06:45:44.4389321","DxgKrnl","10011","정보",,""
"06:45:44.4396594","DxgKrnl","10011","정보",,""
"06:45:44.4397199","DxgKrnl","10011","정보",,""
"06:45:44.4400377","DxgKrnl","10011","정보",,""
"06:45:44.4400519","DxgKrnl","10011","정보",,""
"06:45:44.4401188","DxgKrnl","10011","정보",,""
"06:45:44.4405950","DxgKrnl","10011","정보",,""
"06:45:44.4406086","DxgKrnl","10011","정보",,""
"06:45:44.4406761","DxgKrnl","10011","정보",,""
"06:45:44.4475216","DxgKrnl","10011","정보",,""
"06:45:44.4476426","DxgKrnl","10011","정보",,""
"06:45:44.4489435","DxgKrnl","10011","정보",,""
"06:45:44.4490722","DxgKrnl","10011","정보",,""
"06:45:44.4506690","DxgKrnl","10011","정보",,""
"06:45:44.4515141","DxgKrnl","10011","정보",,""
"06:45:44.4527752","DxgKrnl","10011","정보",,""
"06:45:44.4527813","DxgKrnl","10011","정보",,""
"06:45:44.4527820","DxgKrnl","10011","정보",,""
"06:45:44.4528111","DxgKrnl","10011","정보",,""
"06:45:44.4577166","DxgKrnl","10011","정보",,""
"06:45:44.4577744","DxgKrnl","10011","정보",,""
"06:45:44.4579050","DxgKrnl","10011","정보",,""
"06:45:44.4580893","DxgKrnl","10011","정보",,""
"06:45:44.4629944","DxgKrnl","10011","정보",,""
"06:45:44.4630086","DxgKrnl","10011","정보",,""
"06:45:44.4630691","DxgKrnl","10011","정보",,""
"06:45:44.4649830","DxgKrnl","10011","정보",,""
"06:45:44.4662799","DxgKrnl","10011","정보",,""
"06:45:44.4662851","DxgKrnl","10011","정보",,""
"06:45:44.4662858","DxgKrnl","10011","정보",,""
"06:45:44.4663607","DxgKrnl","10011","정보",,""
"06:45:44.4664295","DxgKrnl","10011","정보",,""
"06:45:44.4673243","DxgKrnl","10011","정보",,""
"06:45:44.4674091","DxgKrnl","10011","정보",,""
"06:45:44.6179876","Kernel-PnP","220","시작",,"Begin querying bus relations for device PCI\VEN_1002&DEV_7550&SUBSYS_E4891DA2&REV_C0\6&8916a45&0&00000009"
"06:45:44.6406021","DxgKrnl","10011","정보",,""
"06:45:44.6406282","Kernel-PnP","222","시작",,"End querying bus relations for device PCI\VEN_1002&DEV_7550&SUBSYS_E4891DA2&REV_C0\6&8916a45&0&00000009"
"06:45:44.6407964","Kernel-PnP","1010","시작",,"버스에 누락 된 것으로 보고 된 장치 DISPLAY\SAM7B0C\7&16b8ddb4&0&UID260이 (가) 제거 되었습니다. 제거 된 장치 수 | 개수: 1"
"06:45:44.6408009","DxgKrnl","10011","정보",,""
"06:45:44.6412713","Kernel-PnP","220","시작",,"Begin querying bus relations for device SWD\DRIVERENUM\AMDCP&7&16b8ddb4&0"
"06:45:44.6412738","Kernel-PnP","222","시작",,"End querying bus relations for device SWD\DRIVERENUM\AMDCP&7&16b8ddb4&0"
"06:45:44.6412857","Kernel-PnP","220","시작",,"Begin querying bus relations for device SWD\DRIVERENUM\AMDFDANS&7&16b8ddb4&0"
"06:45:44.6412868","Kernel-PnP","222","시작",,"End querying bus relations for device SWD\DRIVERENUM\AMDFDANS&7&16b8ddb4&0"
"06:45:44.6412930","Kernel-PnP","220","시작",,"Begin querying bus relations for device SWD\DRIVERENUM\AMDOCL&7&16b8ddb4&0"
"06:45:44.6413318","Kernel-PnP","222","시작",,"End querying bus relations for device SWD\DRIVERENUM\AMDOCL&7&16b8ddb4&0"
"06:45:44.6413399","Kernel-PnP","220","시작",,"Begin querying bus relations for device SWD\DRIVERENUM\AMDOGL&7&16b8ddb4&0"
"06:45:44.6413408","Kernel-PnP","222","시작",,"End querying bus relations for device SWD\DRIVERENUM\AMDOGL&7&16b8ddb4&0"
"06:45:44.6413466","Kernel-PnP","220","시작",,"Begin querying bus relations for device SWD\DRIVERENUM\AMDVLK&7&16b8ddb4&0"
"06:45:44.6413474","Kernel-PnP","222","시작",,"End querying bus relations for device SWD\DRIVERENUM\AMDVLK&7&16b8ddb4&0"
"06:45:44.6413530","Kernel-PnP","220","시작",,"Begin querying bus relations for device SWD\DRIVERENUM\AMDWIN&7&16b8ddb4&0"
"06:45:44.6413539","Kernel-PnP","222","시작",,"End querying bus relations for device SWD\DRIVERENUM\AMDWIN&7&16b8ddb4&0"
"06:45:44.6413591","Kernel-PnP","220","시작",,"Begin querying bus relations for device DISPLAY\BBC0104\7&16b8ddb4&0&UID265"
"06:45:44.6413641","Kernel-PnP","222","시작",,"End querying bus relations for device DISPLAY\BBC0104\7&16b8ddb4&0&UID265"
"06:45:44.6413686","Kernel-PnP","220","시작",,"Begin querying bus relations for device DISPLAY\SAM79DF\7&16b8ddb4&0&UID256"
"06:45:44.6413714","Kernel-PnP","222","시작",,"End querying bus relations for device DISPLAY\SAM79DF\7&16b8ddb4&0&UID256"
"06:45:44.6418637","DxgKrnl","10011","정보",,""
"06:45:44.6420352","DxgKrnl","10011","정보",,""
"06:45:44.6432152","DxgKrnl","10011","정보",,""
"06:45:44.6432816","DxgKrnl","10011","정보",,""
"06:45:44.6442234","DxgKrnl","10011","정보",,""
"06:45:44.6442579","DxgKrnl","10011","정보",,""
"06:45:44.6443251","DxgKrnl","10011","정보",,""
"06:45:44.6443284","DxgKrnl","10011","정보",,""
"06:45:44.6443305","DxgKrnl","10011","정보",,""
"06:45:44.6446348","DxgKrnl","10011","정보",,""
"06:45:44.6446908","DxgKrnl","10011","정보",,""
"06:45:44.6538498","DxgKrnl","10011","정보",,""
"06:45:44.6538857","DxgKrnl","10011","정보",,""
"06:45:44.6539159","DxgKrnl","10011","정보",,""
"06:45:44.6544799","DxgKrnl","10011","정보",,""
"06:45:44.6545078","DxgKrnl","10011","정보",,""
"06:45:44.6548586","DxgKrnl","10011","정보",,""
"06:45:44.6548924","DxgKrnl","10011","정보",,""
"06:45:44.6548939","DxgKrnl","10011","정보",,""
"06:45:44.6549242","DxgKrnl","10011","정보",,""
"06:45:44.6558897","DxgKrnl","10011","정보",,""
"06:45:44.6559179","DxgKrnl","10011","정보",,""
"06:45:44.6559717","DxgKrnl","10011","정보",,""
"06:45:44.6561375","DxgKrnl","10011","정보",,""
"06:45:44.6562092","DxgKrnl","10011","정보",,""
"06:45:44.6562861","DxgKrnl","10011","정보",,""
"06:45:44.7192430","DxgKrnl","10011","정보",,""
"06:45:44.7197501","DxgKrnl","10011","정보",,""
"06:45:44.7198398","DxgKrnl","10011","정보",,""
"06:45:44.7202309","DxgKrnl","10011","정보",,""
"06:45:44.7202440","DxgKrnl","10011","정보",,""
"06:45:44.7203002","DxgKrnl","10011","정보",,""
"06:45:44.7206790","DxgKrnl","10011","정보",,""
"06:45:44.7207063","DxgKrnl","10011","정보",,""
"06:45:44.7207558","DxgKrnl","10011","정보",,""
"06:45:44.7208206","DxgKrnl","10011","정보",,""
"06:45:44.7208605","DxgKrnl","10011","정보",,""
"06:45:44.7222590","DxgKrnl","10011","정보",,""
"06:45:44.7222986","DxgKrnl","10011","정보",,""
"06:45:44.7228287","DxgKrnl","10011","정보",,""
"06:45:44.7228625","DxgKrnl","10011","정보",,""
"06:45:44.7239439","DxgKrnl","10011","정보",,""
"06:45:44.7251948","DxgKrnl","10011","정보",,""
"06:45:44.7255821","DxgKrnl","10011","정보",,""
"06:45:44.7255873","DxgKrnl","10011","정보",,""
"06:45:44.7255880","DxgKrnl","10011","정보",,""
"06:45:44.7256482","DxgKrnl","10011","정보",,""
"06:45:44.7258368","DxgKrnl","10011","정보",,""
"06:45:44.7258935","DxgKrnl","10011","정보",,""
"06:45:44.7272438","DxgKrnl","10011","정보",,""
"06:45:44.7272895","DxgKrnl","10011","정보",,""
"06:45:45.9700273","DxgKrnl","10011","정보",,""
"06:45:45.9700848","DxgKrnl","10011","정보",,""
"06:45:46.0754637","DxgKrnl","10011","정보",,""
"06:45:46.0754690","DxgKrnl","10011","정보",,""
"06:45:46.0754696","DxgKrnl","10011","정보",,""
"06:45:46.0754701","DxgKrnl","10011","정보",,""
"06:45:46.0754705","DxgKrnl","10011","정보",,""
"06:45:46.0754709","DxgKrnl","10011","정보",,""
"06:45:46.0754715","DxgKrnl","10011","정보",,""
"06:45:46.0754720","DxgKrnl","10011","정보",,""
"06:45:46.0754726","DxgKrnl","10011","정보",,""
"06:45:46.0754730","DxgKrnl","10011","정보",,""
"06:45:46.0754735","DxgKrnl","10011","정보",,""
"06:45:46.1307668","DxgKrnl","10011","정보",,""
"06:45:46.1307754","DxgKrnl","10011","정보",,""
"06:45:46.1308436","DxgKrnl","10011","정보",,""
"06:45:46.1308483","DxgKrnl","10011","정보",,""
"06:45:46.1308490","DxgKrnl","10011","정보",,""
"06:45:46.1308497","DxgKrnl","10011","정보",,""
"06:45:46.1308502","DxgKrnl","10011","정보",,""
"06:45:46.1308506","DxgKrnl","10011","정보",,""
"06:45:46.1308510","DxgKrnl","10011","정보",,""
"06:45:46.1308514","DxgKrnl","10011","정보",,""
"06:45:46.1308518","DxgKrnl","10011","정보",,""
"06:45:46.1308521","DxgKrnl","10011","정보",,""
"06:45:46.1308525","DxgKrnl","10011","정보",,""
"06:45:46.1308529","DxgKrnl","10011","정보",,""
"06:45:46.1308533","DxgKrnl","10011","정보",,""
"06:45:46.1308537","DxgKrnl","10011","정보",,""
"06:45:46.1308548","DxgKrnl","10011","정보",,""
"06:45:46.1316197","DxgKrnl","10011","정보",,""
"06:45:46.1316794","DxgKrnl","10011","정보",,""
"06:45:46.1333164","DxgKrnl","10011","정보",,""
"06:45:46.1333645","DxgKrnl","10011","정보",,""
"06:45:46.2978874","Kernel-PnP","220","시작",,"Begin querying bus relations for device PCI\VEN_1002&DEV_7550&SUBSYS_E4891DA2&REV_C0\6&8916a45&0&00000009"
"06:45:46.4126869","DxgKrnl","10011","정보",,""
"06:45:46.4127479","Kernel-PnP","222","시작",,"End querying bus relations for device PCI\VEN_1002&DEV_7550&SUBSYS_E4891DA2&REV_C0\6&8916a45&0&00000009"
"06:45:46.4128112","DxgKrnl","10011","정보",,""
"06:45:46.4128683","DxgKrnl","10011","정보",,""
"06:45:46.4129484","Kernel-PnP","1010","시작",,"버스에 누락 된 것으로 보고 된 장치 DISPLAY\SAM79DF\7&16b8ddb4&0&UID256이 (가) 제거 되었습니다. 제거 된 장치 수 | 개수: 1"
"06:45:46.4135273","Kernel-PnP","220","시작",,"Begin querying bus relations for device SWD\DRIVERENUM\AMDCP&7&16b8ddb4&0"
"06:45:46.4135299","Kernel-PnP","222","시작",,"End querying bus relations for device SWD\DRIVERENUM\AMDCP&7&16b8ddb4&0"
"06:45:46.4135796","Kernel-PnP","220","시작",,"Begin querying bus relations for device SWD\DRIVERENUM\AMDFDANS&7&16b8ddb4&0"
"06:45:46.4135808","Kernel-PnP","222","시작",,"End querying bus relations for device SWD\DRIVERENUM\AMDFDANS&7&16b8ddb4&0"
"06:45:46.4135888","Kernel-PnP","220","시작",,"Begin querying bus relations for device SWD\DRIVERENUM\AMDOCL&7&16b8ddb4&0"
"06:45:46.4135897","Kernel-PnP","222","시작",,"End querying bus relations for device SWD\DRIVERENUM\AMDOCL&7&16b8ddb4&0"
"06:45:46.4136227","Kernel-PnP","220","시작",,"Begin querying bus relations for device SWD\DRIVERENUM\AMDOGL&7&16b8ddb4&0"
"06:45:46.4136249","Kernel-PnP","222","시작",,"End querying bus relations for device SWD\DRIVERENUM\AMDOGL&7&16b8ddb4&0"
"06:45:46.4136344","Kernel-PnP","220","시작",,"Begin querying bus relations for device SWD\DRIVERENUM\AMDVLK&7&16b8ddb4&0"
"06:45:46.4136358","Kernel-PnP","222","시작",,"End querying bus relations for device SWD\DRIVERENUM\AMDVLK&7&16b8ddb4&0"
"06:45:46.4136415","Kernel-PnP","220","시작",,"Begin querying bus relations for device SWD\DRIVERENUM\AMDWIN&7&16b8ddb4&0"
"06:45:46.4136423","Kernel-PnP","222","시작",,"End querying bus relations for device SWD\DRIVERENUM\AMDWIN&7&16b8ddb4&0"
"06:45:46.4136673","Kernel-PnP","220","시작",,"Begin querying bus relations for device DISPLAY\BBC0104\7&16b8ddb4&0&UID265"
"06:45:46.4136736","Kernel-PnP","222","시작",,"End querying bus relations for device DISPLAY\BBC0104\7&16b8ddb4&0&UID265"
"06:45:46.4141231","DxgKrnl","10011","정보",,""
"06:45:46.4141656","DxgKrnl","10011","정보",,""
"06:45:46.4155198","DxgKrnl","10011","정보",,""
"06:45:46.4155991","DxgKrnl","10011","정보",,""
"06:45:46.4161745","DxgKrnl","10011","정보",,""
"06:45:46.4161965","DxgKrnl","10011","정보",,""
"06:45:46.4162376","DxgKrnl","10011","정보",,""
"06:45:46.4162417","DxgKrnl","10011","정보",,""
"06:45:46.4162450","DxgKrnl","10011","정보",,""
"06:45:46.4165464","DxgKrnl","10011","정보",,""
"06:45:46.4165790","DxgKrnl","10011","정보",,""
"06:45:46.4636006","DxgKrnl","10011","정보",,""
"06:45:46.4678622","DxgKrnl","10011","정보",,""
"06:45:46.4679153","DxgKrnl","10011","정보",,""
"06:45:46.4679550","DxgKrnl","10011","정보",,""
"06:45:46.4681590","DxgKrnl","10011","정보",,""
"06:45:46.4681984","DxgKrnl","10011","정보",,""
"06:45:46.4682596","DxgKrnl","10011","정보",,""
"06:45:46.4683003","DxgKrnl","10011","정보",,""
"06:45:46.4683035","DxgKrnl","10011","정보",,""
"06:45:46.4683421","DxgKrnl","10011","정보",,""
"06:45:46.4693005","DxgKrnl","10011","정보",,""
"06:45:46.4693412","DxgKrnl","10011","정보",,""
"06:45:46.4706856","DxgKrnl","10011","정보",,""
"06:45:46.4707364","DxgKrnl","10011","정보",,""
"06:45:46.4707386","DxgKrnl","10011","정보",,""
"06:45:46.4707522","DxgKrnl","10011","정보",,""
"06:45:46.4709136","DxgKrnl","10011","정보",,""
"06:45:46.4709181","DxgKrnl","10011","정보",,""
"06:45:46.4709210","DxgKrnl","10011","정보",,""
"06:45:46.4743787","DxgKrnl","10011","정보",,""
"06:45:46.4745033","DxgKrnl","10011","정보",,""
"06:45:46.4745604","DxgKrnl","10011","정보",,""
"06:45:46.4745613","DxgKrnl","10011","정보",,""
"06:45:46.4745632","DxgKrnl","10011","정보",,""
"06:45:46.4746169","DxgKrnl","10011","정보",,""
"06:45:46.4746747","DxgKrnl","10011","정보",,""
"06:45:46.4899896","DxgKrnl","10011","정보",,""
"06:45:46.4910601","DxgKrnl","10011","정보",,""
"06:45:46.4913106","DxgKrnl","10011","정보",,""
"06:45:46.4914069","DxgKrnl","10011","정보",,""
"06:45:46.4918549","DxgKrnl","10011","정보",,""
"06:45:46.4918755","DxgKrnl","10011","정보",,""
"06:45:46.4918810","DxgKrnl","10011","정보",,""
"06:45:46.4919989","DxgKrnl","10011","정보",,""
"06:45:46.4920005","DxgKrnl","10011","정보",,""
"06:45:46.4930041","DxgKrnl","10011","정보",,""
"06:45:46.4930543","DxgKrnl","10011","정보",,""
"06:45:46.4934001","DxgKrnl","10011","정보",,""
"06:45:46.4942333","DxgKrnl","10011","정보",,""
"06:45:46.4946763","DxgKrnl","10011","정보",,""
"06:45:46.4946873","DxgKrnl","10011","정보",,""
"06:45:46.4946898","DxgKrnl","10011","정보",,""
"06:45:46.4946906","DxgKrnl","10011","정보",,""
"06:45:46.4947216","DxgKrnl","10011","정보",,""
"06:45:46.4955066","DxgKrnl","10011","정보",,""
"06:45:46.4955592","DxgKrnl","10011","정보",,""
"06:45:46.4955594","DxgKrnl","10011","정보",,""
"06:45:46.4956129","DxgKrnl","10011","정보",,""
"06:45:46.5009646","DxgKrnl","10011","정보",,""
"06:45:46.5010125","DxgKrnl","10011","정보",,""
"06:45:46.5018978","DxgKrnl","10011","정보",,""
"06:45:46.5019429","DxgKrnl","10011","정보",,""
"06:45:47.9333963","DxgKrnl","10011","정보",,""
"06:45:48.4854788","Kernel-PnP","220","시작",,"Begin querying bus relations for device PCI\VEN_1002&DEV_7550&SUBSYS_E4891DA2&REV_C0\6&8916a45&0&00000009"
"06:45:48.5879217","DxgKrnl","10011","정보",,""
"06:45:48.5880334","DxgKrnl","10011","정보",,""
"06:45:48.5880898","DxgKrnl","10011","정보",,""
"06:45:48.5881180","Kernel-PnP","222","시작",,"End querying bus relations for device PCI\VEN_1002&DEV_7550&SUBSYS_E4891DA2&REV_C0\6&8916a45&0&00000009"
"06:45:48.5881904","Kernel-PnP","220","시작",,"Begin querying bus relations for device SWD\DRIVERENUM\AMDCP&7&16b8ddb4&0"
"06:45:48.5881922","Kernel-PnP","222","시작",,"End querying bus relations for device SWD\DRIVERENUM\AMDCP&7&16b8ddb4&0"
"06:45:48.5881989","Kernel-PnP","220","시작",,"Begin querying bus relations for device SWD\DRIVERENUM\AMDFDANS&7&16b8ddb4&0"
"06:45:48.5881998","Kernel-PnP","222","시작",,"End querying bus relations for device SWD\DRIVERENUM\AMDFDANS&7&16b8ddb4&0"
"06:45:48.5882053","Kernel-PnP","220","시작",,"Begin querying bus relations for device SWD\DRIVERENUM\AMDOCL&7&16b8ddb4&0"
"06:45:48.5882064","Kernel-PnP","222","시작",,"End querying bus relations for device SWD\DRIVERENUM\AMDOCL&7&16b8ddb4&0"
"06:45:48.5882117","Kernel-PnP","220","시작",,"Begin querying bus relations for device SWD\DRIVERENUM\AMDOGL&7&16b8ddb4&0"
"06:45:48.5882187","Kernel-PnP","222","시작",,"End querying bus relations for device SWD\DRIVERENUM\AMDOGL&7&16b8ddb4&0"
"06:45:48.5882259","Kernel-PnP","220","시작",,"Begin querying bus relations for device SWD\DRIVERENUM\AMDVLK&7&16b8ddb4&0"
"06:45:48.5882268","Kernel-PnP","222","시작",,"End querying bus relations for device SWD\DRIVERENUM\AMDVLK&7&16b8ddb4&0"
"06:45:48.5882334","Kernel-PnP","220","시작",,"Begin querying bus relations for device SWD\DRIVERENUM\AMDWIN&7&16b8ddb4&0"
"06:45:48.5882342","Kernel-PnP","222","시작",,"End querying bus relations for device SWD\DRIVERENUM\AMDWIN&7&16b8ddb4&0"
"06:45:48.5882397","Kernel-PnP","220","시작",,"Begin querying bus relations for device DISPLAY\BBC0104\7&16b8ddb4&0&UID265"
"06:45:48.5882456","Kernel-PnP","222","시작",,"End querying bus relations for device DISPLAY\BBC0104\7&16b8ddb4&0&UID265"
"06:45:48.5887626","DxgKrnl","10011","정보",,""
"06:45:48.5888166","DxgKrnl","10011","정보",,""
"06:45:48.5888186","DxgKrnl","10011","정보",,""
"06:45:48.5890390","DxgKrnl","10011","정보",,""
"06:45:48.5893115","Kernel-PnP","808","시작",,"End device add, status (STATUS_SUCCESS)"
"06:45:48.5901327","Kernel-PnP","808","시작",,"End device add, status (STATUS_SUCCESS)"
"06:45:48.5902118","DxgKrnl","10011","정보",,""
"06:45:48.5902948","DxgKrnl","10011","정보",,""
"06:45:48.5943102","Kernel-PnP","220","시작",,"Begin querying bus relations for device DISPLAY\SAM7B0C\7&16b8ddb4&0&UID260"
"06:45:48.5943152","Kernel-PnP","222","시작",,"End querying bus relations for device DISPLAY\SAM7B0C\7&16b8ddb4&0&UID260"
"06:45:48.5944107","Kernel-PnP","220","시작",,"Begin querying bus relations for device DISPLAY\SAM79DF\7&16b8ddb4&0&UID256"
"06:45:48.5944129","Kernel-PnP","222","시작",,"End querying bus relations for device DISPLAY\SAM79DF\7&16b8ddb4&0&UID256"
"06:45:48.5946210","DxgKrnl","10011","정보",,""
"06:45:48.5947450","DxgKrnl","10011","정보",,""
"06:45:48.5947790","DxgKrnl","10011","정보",,""
"06:45:48.5950673","DxgKrnl","10011","정보",,""
"06:45:48.5950909","DxgKrnl","10011","정보",,""
"06:45:48.5950973","DxgKrnl","10011","정보",,""
"06:45:48.5951011","DxgKrnl","10011","정보",,""
"06:45:48.5988947","DxgKrnl","10011","정보",,""
"06:45:48.5989433","DxgKrnl","10011","정보",,""
"06:45:48.9160658","DxgKrnl","10011","정보",,""
"06:45:48.9160803","DxgKrnl","10011","정보",,""
"06:45:48.9212167","DxgKrnl","10011","정보",,""
"06:45:48.9212846","DxgKrnl","10011","정보",,""
"06:45:48.9213273","DxgKrnl","10011","정보",,""
"06:45:48.9227467","DxgKrnl","10011","정보",,""
"06:45:48.9227997","DxgKrnl","10011","정보",,""
"06:45:48.9228757","DxgKrnl","10011","정보",,""
"06:45:48.9229318","DxgKrnl","10011","정보",,""
"06:45:48.9229332","DxgKrnl","10011","정보",,""
"06:45:48.9229864","DxgKrnl","10011","정보",,""
"06:45:48.9229887","DxgKrnl","10011","정보",,""
"06:45:48.9230418","DxgKrnl","10011","정보",,""
"06:45:48.9230472","DxgKrnl","10011","정보",,""
"06:45:48.9231097","DxgKrnl","10011","정보",,""
"06:45:48.9502446","DxgKrnl","10011","정보",,""
"06:45:48.9503009","DxgKrnl","10011","정보",,""
"06:45:48.9506514","DxgKrnl","10011","정보",,""
"06:45:48.9506826","DxgKrnl","10011","정보",,""
"06:45:48.9506850","DxgKrnl","10011","정보",,""
"06:45:48.9509070","DxgKrnl","10011","정보",,""
"06:45:48.9509111","DxgKrnl","10011","정보",,""
"06:45:48.9509126","DxgKrnl","10011","정보",,""
"06:45:48.9538792","DxgKrnl","10011","정보",,""
"06:45:48.9539460","DxgKrnl","10011","정보",,""
"06:45:48.9599943","DxgKrnl","10011","정보",,""
"06:45:48.9600262","DxgKrnl","10011","정보",,""
"06:45:48.9600934","DxgKrnl","10011","정보",,""
"06:45:48.9600969","DxgKrnl","10011","정보",,""
"06:45:48.9600991","DxgKrnl","10011","정보",,""
"06:45:48.9636773","DxgKrnl","10011","정보",,""
"06:45:48.9637339","DxgKrnl","10011","정보",,""
"06:45:48.9661236","DxgKrnl","10011","정보",,""
"06:45:48.9661808","DxgKrnl","10011","정보",,""
"06:45:48.9662334","DxgKrnl","10011","정보",,""
"06:45:48.9664700","DxgKrnl","10011","정보",,""
"06:45:48.9664760","DxgKrnl","10011","정보",,""
"06:45:48.9664925","DxgKrnl","10011","정보",,""
"06:45:48.9667462","DxgKrnl","10011","정보",,""
"06:45:48.9667506","DxgKrnl","10011","정보",,""
"06:45:48.9667510","DxgKrnl","10011","정보",,""
"06:45:48.9733534","DxgKrnl","10011","정보",,""
"06:45:48.9736289","DxgKrnl","10011","정보",,""
"06:45:48.9739917","DxgKrnl","10011","정보",,""
"06:45:48.9741103","DxgKrnl","10011","정보",,""
"06:45:48.9742301","DxgKrnl","10011","정보",,""
"06:45:48.9742661","DxgKrnl","10011","정보",,""
"06:45:48.9742753","DxgKrnl","10011","정보",,""
"06:45:48.9744204","DxgKrnl","10011","정보",,""
"06:45:48.9744217","DxgKrnl","10011","정보",,""
"06:45:48.9760588","DxgKrnl","10011","정보",,""
"06:45:48.9761234","DxgKrnl","10011","정보",,""
"06:45:48.9770319","DxgKrnl","10011","정보",,""
"06:45:48.9783676","DxgKrnl","10011","정보",,""
"06:45:48.9800252","DxgKrnl","10011","정보",,""
"06:45:48.9800410","DxgKrnl","10011","정보",,""
"06:45:48.9800444","DxgKrnl","10011","정보",,""
"06:45:48.9800452","DxgKrnl","10011","정보",,""
"06:45:48.9800801","DxgKrnl","10011","정보",,""
"06:45:48.9815969","DxgKrnl","10011","정보",,""
"06:45:48.9816669","DxgKrnl","10011","정보",,""
"06:45:48.9820957","DxgKrnl","10011","정보",,""
"06:45:48.9822428","DxgKrnl","10011","정보",,""
"06:45:48.9906773","DxgKrnl","10011","정보",,""
"06:45:48.9909107","DxgKrnl","10011","정보",,""
"06:45:48.9909262","DxgKrnl","10011","정보",,""
"06:45:48.9910986","DxgKrnl","10011","정보",,""
"06:45:48.9911008","DxgKrnl","10011","정보",,""
"06:45:48.9942380","DxgKrnl","10011","정보",,""
"06:45:48.9959089","DxgKrnl","10011","정보",,""
"06:45:48.9959317","DxgKrnl","10011","정보",,""
"06:45:48.9959353","DxgKrnl","10011","정보",,""
"06:45:48.9959364","DxgKrnl","10011","정보",,""
"06:45:48.9960063","DxgKrnl","10011","정보",,""
"06:45:48.9961049","DxgKrnl","10011","정보",,""
"06:45:48.9977349","DxgKrnl","10011","정보",,""
"06:45:48.9978180","DxgKrnl","10011","정보",,""
"06:45:49.0109713","DxgKrnl","10011","정보",,""
"06:45:49.0110379","DxgKrnl","10011","정보",,""
"06:45:49.0117430","DxgKrnl","10011","정보",,""
"06:45:49.0118063","DxgKrnl","10011","정보",,""
"06:45:49.0123752","DxgKrnl","10011","정보",,""
"06:45:49.0124339","DxgKrnl","10011","정보",,""
"06:46:06.3888802","DxgKrnl","10011","정보",,""
"06:46:06.3890262","DxgKrnl","10011","정보",,""
"06:46:06.3951620","DxgKrnl","10011","정보",,""
"06:46:06.3952174","DxgKrnl","10011","정보",,""
"06:46:06.3953001","DxgKrnl","10011","정보",,""
"06:46:06.3953058","DxgKrnl","10011","정보",,""
"06:46:06.3953081","DxgKrnl","10011","정보",,""
"06:46:06.4000170","DxgKrnl","10011","정보",,""
"06:46:06.4000970","DxgKrnl","10011","정보",,""
"06:46:06.4035584","DxgKrnl","10011","정보",,""
"06:46:06.4036368","DxgKrnl","10011","정보",,""
"06:46:06.4036972","DxgKrnl","10011","정보",,""
"06:46:06.4048259","DxgKrnl","10011","정보",,""
"06:46:06.4048794","DxgKrnl","10011","정보",,""
"06:46:06.4049752","DxgKrnl","10011","정보",,""
"06:46:06.4050333","DxgKrnl","10011","정보",,""
"06:46:06.4050345","DxgKrnl","10011","정보",,""
"06:46:06.4051068","DxgKrnl","10011","정보",,""
"06:46:06.4051091","DxgKrnl","10011","정보",,""
"06:46:06.4051616","DxgKrnl","10011","정보",,""
"06:46:06.4051674","DxgKrnl","10011","정보",,""
"06:46:06.4052205","DxgKrnl","10011","정보",,""
"06:46:06.4064909","DxgKrnl","10011","정보",,""
"06:46:06.4065428","DxgKrnl","10011","정보",,""
"06:46:06.4066515","DxgKrnl","10011","정보",,""
"06:46:06.4067138","DxgKrnl","10011","정보",,""
"06:46:06.4068682","DxgKrnl","10011","정보",,""
"06:46:06.4068745","DxgKrnl","10011","정보",,""
"06:46:06.4166315","DxgKrnl","10011","정보",,""
"06:46:06.4175191","DxgKrnl","10011","정보",,""
"06:46:07.1320738","DxgKrnl","10011","정보",,""
"06:46:07.1322133","DxgKrnl","10011","정보",,""
"06:46:07.9092826","DxgKrnl","10011","정보",,""
"06:46:07.9094502","DxgKrnl","10011","정보",,""
"06:46:07.9094563","DxgKrnl","10011","정보",,""
"06:46:07.9095456","DxgKrnl","10011","정보",,""
"06:46:07.9095499","DxgKrnl","10011","정보",,""
"06:46:07.9096238","DxgKrnl","10011","정보",,""
"06:46:07.9096543","DxgKrnl","10011","정보",,""
"06:46:07.9097249","DxgKrnl","10011","정보",,""
"06:46:07.9099019","DxgKrnl","10011","정보",,""
"06:46:07.9100114","DxgKrnl","10011","정보",,""
"06:46:07.9100146","DxgKrnl","10011","정보",,""
"06:46:07.9100906","DxgKrnl","10011","정보",,""
"06:46:07.9100981","DxgKrnl","10011","정보",,""
"06:46:07.9101659","DxgKrnl","10011","정보",,""
"06:46:07.9101776","DxgKrnl","10011","정보",,""
"06:46:07.9102434","DxgKrnl","10011","정보",,""
"06:46:09.1638715","DxgKrnl","10011","정보",,""
"06:46:09.1640190","DxgKrnl","10011","정보",,""
"06:46:09.1640246","DxgKrnl","10011","정보",,""
"06:46:09.1640962","DxgKrnl","10011","정보",,""
"06:46:09.1640987","DxgKrnl","10011","정보",,""
"06:46:09.1641671","DxgKrnl","10011","정보",,""
"06:46:09.1641909","DxgKrnl","10011","정보",,""
"06:46:09.1642607","DxgKrnl","10011","정보",,""
"06:46:09.4514946","DxgKrnl","10011","정보",,""
"06:46:09.4516000","DxgKrnl","10011","정보",,""
"06:46:09.5834925","DxgKrnl","10011","정보",,""
"06:46:13.5602569","DxgKrnl","10011","정보",,""
"06:46:13.5604005","DxgKrnl","10011","정보",,""
"06:46:13.5749216","DxgKrnl","10011","정보",,""
"06:46:13.5749479","DxgKrnl","10011","정보",,""
"06:46:13.5750337","DxgKrnl","10011","정보",,""
"06:46:13.5750365","DxgKrnl","10011","정보",,""
"06:46:13.5750390","DxgKrnl","10011","정보",,""
"06:46:13.5755262","DxgKrnl","10011","정보",,""
"06:46:13.5755855","DxgKrnl","10011","정보",,""
"06:46:13.8138058","DxgKrnl","10011","정보",,""
"06:46:13.8138378","DxgKrnl","10011","정보",,""
"06:46:13.8195773","DxgKrnl","10011","정보",,""
"06:46:13.8196365","DxgKrnl","10011","정보",,""
"06:46:13.8197005","DxgKrnl","10011","정보",,""
"06:46:13.8209842","DxgKrnl","10011","정보",,""
"06:46:13.8210254","DxgKrnl","10011","정보",,""
"06:46:13.8212172","DxgKrnl","10011","정보",,""
"06:46:13.8212632","DxgKrnl","10011","정보",,""
"06:46:13.8212648","DxgKrnl","10011","정보",,""
"06:46:13.8213250","DxgKrnl","10011","정보",,""
"06:46:13.8227807","DxgKrnl","10011","정보",,""
"06:46:13.8228317","DxgKrnl","10011","정보",,""
"06:46:13.8228668","DxgKrnl","10011","정보",,""
"06:46:13.8229782","DxgKrnl","10011","정보",,""
"06:46:13.8229833","DxgKrnl","10011","정보",,""
"06:46:13.8237277","DxgKrnl","10011","정보",,""
"06:46:13.8238598","DxgKrnl","10011","정보",,""
"06:46:13.8239132","DxgKrnl","10011","정보",,""
"06:46:13.8247383","DxgKrnl","10011","정보",,""
"06:46:13.8248196","DxgKrnl","10011","정보",,""
"06:46:13.8248873","DxgKrnl","10011","정보",,""
"06:46:13.8271765","DxgKrnl","10011","정보",,""
"06:46:13.8272281","DxgKrnl","10011","정보",,""
"06:46:13.8272294","DxgKrnl","10011","정보",,""
"06:46:13.8272704","DxgKrnl","10011","정보",,""
"06:46:13.8276415","DxgKrnl","10011","정보",,""
"06:46:13.8276814","DxgKrnl","10011","정보",,""
"06:46:13.8280528","DxgKrnl","10011","정보",,""
"06:46:13.8281200","DxgKrnl","10011","정보",,""
"06:46:13.8300708","DxgKrnl","10011","정보",,""
"06:46:13.8306856","DxgKrnl","10011","정보",,""
"06:46:13.8307365","DxgKrnl","10011","정보",,""
"06:46:13.8307946","DxgKrnl","10011","정보",,""
"06:46:13.8308575","DxgKrnl","10011","정보",,""
"06:46:13.8329301","DxgKrnl","10011","정보",,""
"06:46:13.8331199","DxgKrnl","10011","정보",,""
"06:46:13.8337916","DxgKrnl","10011","정보",,""
"06:46:13.8338513","DxgKrnl","10011","정보",,""
"06:46:13.8342391","DxgKrnl","10011","정보",,""
"06:46:13.8342978","DxgKrnl","10011","정보",,""
"06:46:13.8343036","DxgKrnl","10011","정보",,""
"06:46:13.8344321","DxgKrnl","10011","정보",,""
"06:46:13.8344352","DxgKrnl","10011","정보",,""
"06:46:13.8350664","DxgKrnl","10011","정보",,""
"06:46:13.8351311","DxgKrnl","10011","정보",,""
"06:46:13.8357826","DxgKrnl","10011","정보",,""
"06:46:13.8360034","DxgKrnl","10011","정보",,""
"06:46:13.8360513","DxgKrnl","10011","정보",,""
"06:46:13.8360620","DxgKrnl","10011","정보",,""
"06:46:13.8362060","DxgKrnl","10011","정보",,""
"06:46:13.8368511","DxgKrnl","10011","정보",,""
"06:46:13.8369371","DxgKrnl","10011","정보",,""
"06:46:13.8369944","DxgKrnl","10011","정보",,""
"06:46:13.8370454","DxgKrnl","10011","정보",,""
"06:46:13.8374673","DxgKrnl","10011","정보",,""
"06:46:13.8375514","DxgKrnl","10011","정보",,""
"06:46:13.8378634","DxgKrnl","10011","정보",,""
"06:46:13.8379164","DxgKrnl","10011","정보",,""
"06:46:13.8379953","DxgKrnl","10011","정보",,""
"06:46:13.8380431","DxgKrnl","10011","정보",,""
"06:46:13.8381007","DxgKrnl","10011","정보",,""
"06:46:13.8381104","DxgKrnl","10011","정보",,""
"06:46:13.8381165","DxgKrnl","10011","정보",,""
"06:46:13.8382339","DxgKrnl","10011","정보",,""
"06:46:13.8382874","DxgKrnl","10011","정보",,""
"06:46:13.8436706","DxgKrnl","10011","정보",,""
"06:46:13.8440621","DxgKrnl","10011","정보",,""
"06:46:13.8440719","DxgKrnl","10011","정보",,""
"06:46:13.8440752","DxgKrnl","10011","정보",,""
"06:46:13.8440758","DxgKrnl","10011","정보",,""
"06:46:13.8443473","DxgKrnl","10011","정보",,""
"06:46:13.8444016","DxgKrnl","10011","정보",,""
"06:46:13.8446474","DxgKrnl","10011","정보",,""
"06:46:13.8447002","DxgKrnl","10011","정보",,""
"06:46:13.8493236","DxgKrnl","10011","정보",,""
"06:46:13.8493856","DxgKrnl","10011","정보",,""
"06:46:13.8494436","DxgKrnl","10011","정보",,""
"06:46:13.8494468","DxgKrnl","10011","정보",,""
"06:46:13.8494492","DxgKrnl","10011","정보",,""
"06:46:13.8498220","DxgKrnl","10011","정보",,""
"06:46:13.8498677","DxgKrnl","10011","정보",,""
"06:46:13.8515442","DxgKrnl","10011","정보",,""
"06:46:13.8516230","DxgKrnl","10011","정보",,""
"06:46:13.8516764","DxgKrnl","10011","정보",,""
"06:46:13.8518241","DxgKrnl","10011","정보",,""
"06:46:13.8520207","DxgKrnl","10011","정보",,""
"06:46:13.8521297","DxgKrnl","10011","정보",,""
"06:46:13.8521726","DxgKrnl","10011","정보",,""
"06:46:13.8522666","DxgKrnl","10011","정보",,""
"06:46:13.8522710","DxgKrnl","10011","정보",,""
"06:46:13.8553326","DxgKrnl","10011","정보",,""
"06:46:13.8553844","DxgKrnl","10011","정보",,""
"06:46:13.8571481","DxgKrnl","10011","정보",,""
"06:46:13.8572049","DxgKrnl","10011","정보",,""
"06:46:13.8600216","DxgKrnl","10011","정보",,""
"06:46:13.8600739","DxgKrnl","10011","정보",,""
"06:46:13.8609336","DxgKrnl","10011","정보",,""
"06:46:13.8609347","DxgKrnl","10011","정보",,""
"06:46:13.8610575","DxgKrnl","10011","정보",,""
"06:46:13.8610578","DxgKrnl","10011","정보",,""
"06:46:13.8618303","DxgKrnl","10011","정보",,""
"06:46:13.8618967","DxgKrnl","10011","정보",,""
"06:46:13.9639084","DxgKrnl","10011","정보",,""
"06:46:13.9640782","DxgKrnl","10011","정보",,""
"06:46:16.4765975","DxgKrnl","10011","정보",,""
"06:46:16.4772066","DxgKrnl","10011","정보",,""
"06:46:28.6575244","Kernel-PnP","220","시작",,"Begin querying bus relations for device ROOT\SYSTEM\0001"
"06:46:28.6575294","Kernel-PnP","222","시작",,"End querying bus relations for device ROOT\SYSTEM\0001"
"06:46:28.6692437","Kernel-PnP","808","시작",,"End device add, status (STATUS_SUCCESS)"
"06:46:28.6693511","Kernel-PnP","808","시작",,"End device add, status (STATUS_SUCCESS)"
"06:46:28.6696593","Kernel-PnP","220","시작",,"Begin querying bus relations for device LGHUBDevice\VID_046D&PID_C232\1&79f5d87&0&01"
"06:46:28.6696742","Kernel-PnP","222","시작",,"End querying bus relations for device LGHUBDevice\VID_046D&PID_C232\1&79f5d87&0&01"
"06:46:28.6703396","Kernel-PnP","808","시작",,"End device add, status (STATUS_SUCCESS)"
"06:46:28.6704675","Kernel-PnP","808","시작",,"End device add, status (STATUS_SUCCESS)"
"06:46:28.6710878","Kernel-PnP","220","시작",,"Begin querying bus relations for device HID\VID_046D&PID_C232\2&1a87f3a8&0&0000"
"06:46:28.6710907","Kernel-PnP","222","시작",,"End querying bus relations for device HID\VID_046D&PID_C232\2&1a87f3a8&0&0000"
"06:46:28.6711627","Kernel-PnP","220","시작",,"Begin querying bus relations for device LGHUBDevice\VID_046D&PID_C232\1&79f5d87&0&01"
"06:46:28.6711678","Kernel-PnP","222","시작",,"End querying bus relations for device LGHUBDevice\VID_046D&PID_C232\1&79f5d87&0&01"
"06:46:28.6711812","Kernel-PnP","220","시작",,"Begin querying bus relations for device HID\VID_046D&PID_C232\2&1a87f3a8&0&0000"
"06:46:28.6711828","Kernel-PnP","222","시작",,"End querying bus relations for device HID\VID_046D&PID_C232\2&1a87f3a8&0&0000"
"06:46:31.6013523","DxgKrnl","10011","정보",,""
"06:46:31.6014388","DxgKrnl","10011","정보",,""
"06:47:22.7787332","Kernel-PnP","220","시작",,"Begin querying bus relations for device HTREE\ROOT\0"
"06:47:22.7790361","Kernel-PnP","222","시작",,"End querying bus relations for device HTREE\ROOT\0"
"06:47:22.7797462","Kernel-PnP","220","시작",,"Begin querying bus relations for device SWD\MSRRAS\{5e259276-bc7e-40e3-b93b-8f89b5f3abc0}"
"06:47:22.7797486","Kernel-PnP","222","시작",,"End querying bus relations for device SWD\MSRRAS\{5e259276-bc7e-40e3-b93b-8f89b5f3abc0}"
"06:47:25.3141994","Kernel-PnP","808","시작",,"End device add, status (STATUS_SUCCESS)"
"06:47:26.0591920","Kernel-PnP","220","시작",,"Begin querying bus relations for device SWD\MSRRAS\{5e259276-bc7e-40e3-b93b-8f89b5f3abc0}"
"06:47:26.0591967","Kernel-PnP","222","시작",,"End querying bus relations for device SWD\MSRRAS\{5e259276-bc7e-40e3-b93b-8f89b5f3abc0}"
"06:47:26.8294513","Kernel-PnP","220","시작",,"Begin querying bus relations for device SWD\MSRRAS\{5e259276-bc7e-40e3-b93b-8f89b5f3abc0}"
"06:47:26.8294548","Kernel-PnP","222","시작",,"End querying bus relations for device SWD\MSRRAS\{5e259276-bc7e-40e3-b93b-8f89b5f3abc0}"
"06:47:26.8840875","Kernel-PnP","808","시작",,"End device add, status (STATUS_SUCCESS)"
"06:47:26.8857505","Kernel-PnP","220","시작",,"Begin querying bus relations for device SWD\MSRRAS\{5e259276-bc7e-40e3-b93b-8f89b5f3abc0}"
"06:47:26.8857525","Kernel-PnP","222","시작",,"End querying bus relations for device SWD\MSRRAS\{5e259276-bc7e-40e3-b93b-8f89b5f3abc0}"
"06:47:26.9387557","Kernel-PnP","808","시작",,"End device add, status (STATUS_SUCCESS)"
"06:47:26.9405500","Kernel-PnP","220","시작",,"Begin querying bus relations for device SWD\MSRRAS\{5e259276-bc7e-40e3-b93b-8f89b5f3abc0}"
"06:47:26.9405524","Kernel-PnP","222","시작",,"End querying bus relations for device SWD\MSRRAS\{5e259276-bc7e-40e3-b93b-8f89b5f3abc0}"
"06:47:26.9942797","Kernel-PnP","808","시작",,"End device add, status (STATUS_SUCCESS)"
"06:47:26.9962365","Kernel-PnP","220","시작",,"Begin querying bus relations for device SWD\MSRRAS\{5e259276-bc7e-40e3-b93b-8f89b5f3abc0}"
"06:47:26.9962386","Kernel-PnP","222","시작",,"End querying bus relations for device SWD\MSRRAS\{5e259276-bc7e-40e3-b93b-8f89b5f3abc0}"
"06:47:27.0486139","Kernel-PnP","808","시작",,"End device add, status (STATUS_SUCCESS)"
"06:47:27.0502389","Kernel-PnP","220","시작",,"Begin querying bus relations for device SWD\MSRRAS\{5e259276-bc7e-40e3-b93b-8f89b5f3abc0}"
"06:47:27.0502412","Kernel-PnP","222","시작",,"End querying bus relations for device SWD\MSRRAS\{5e259276-bc7e-40e3-b93b-8f89b5f3abc0}"
"06:47:27.1559632","Kernel-PnP","808","시작",,"End device add, status (STATUS_SUCCESS)"
"06:47:27.1578221","Kernel-PnP","220","시작",,"Begin querying bus relations for device SWD\MSRRAS\{5e259276-bc7e-40e3-b93b-8f89b5f3abc0}"
"06:47:27.1578244","Kernel-PnP","222","시작",,"End querying bus relations for device SWD\MSRRAS\{5e259276-bc7e-40e3-b93b-8f89b5f3abc0}"
"06:47:27.1598946","Kernel-PnP","808","시작",,"End device add, status (STATUS_SUCCESS)"
"06:47:27.1617891","Kernel-PnP","220","시작",,"Begin querying bus relations for device SWD\MSRRAS\{5e259276-bc7e-40e3-b93b-8f89b5f3abc0}"
"06:47:27.1617913","Kernel-PnP","222","시작",,"End querying bus relations for device SWD\MSRRAS\{5e259276-bc7e-40e3-b93b-8f89b5f3abc0}"
"06:47:27.1637704","Kernel-PnP","808","시작",,"End device add, status (STATUS_SUCCESS)"
"06:48:50.8836891","DxgKrnl","10011","정보",,""
"06:48:50.8836986","DxgKrnl","10011","정보",,""
"06:48:50.8836993","DxgKrnl","10011","정보",,""
"06:48:50.8836999","DxgKrnl","10011","정보",,""
"06:48:50.8837005","DxgKrnl","10011","정보",,""
"06:48:50.8837012","DxgKrnl","10011","정보",,""
"06:48:50.8837019","DxgKrnl","10011","정보",,""
"06:48:50.8837025","DxgKrnl","10011","정보",,""
"06:48:50.8837031","DxgKrnl","10011","정보",,""
"06:48:50.8837036","DxgKrnl","10011","정보",,""
"06:48:50.8837042","DxgKrnl","10011","정보",,""
"06:48:50.9801346","DxgKrnl","10011","정보",,""
"06:48:50.9801512","DxgKrnl","10011","정보",,""
"06:48:50.9936590","DxgKrnl","10011","정보",,""
"06:48:50.9936691","DxgKrnl","10011","정보",,""
"06:48:50.9936703","DxgKrnl","10011","정보",,""
"06:48:50.9936713","DxgKrnl","10011","정보",,""
"06:48:50.9936722","DxgKrnl","10011","정보",,""
"06:48:50.9936732","DxgKrnl","10011","정보",,""
"06:48:50.9936741","DxgKrnl","10011","정보",,""
"06:48:50.9936751","DxgKrnl","10011","정보",,""
"06:48:50.9936760","DxgKrnl","10011","정보",,""
"06:48:50.9936768","DxgKrnl","10011","정보",,""
"06:48:50.9936834","DxgKrnl","10011","정보",,""
"06:48:50.9936859","DxgKrnl","10011","정보",,""
"06:48:50.9936868","DxgKrnl","10011","정보",,""
"06:48:50.9936878","DxgKrnl","10011","정보",,""
"06:48:50.9936900","DxgKrnl","10011","정보",,""
"06:48:50.9943433","DxgKrnl","10011","정보",,""
"06:48:50.9945221","DxgKrnl","10011","정보",,""
"06:48:50.9969840","DxgKrnl","10011","정보",,""
"06:48:50.9970595","DxgKrnl","10011","정보",,""
"06:51:34.8217569","DxgKrnl","10011","정보",,""
"06:51:34.8224820","DxgKrnl","10011","정보",,""
"07:18:53.6920248","Kernel-PnP","220","시작",,"Begin querying bus relations for device STORAGE\Volume\{99e9578c-928f-11f1-8494-806e6f6e6963}#000000000D900000"
"07:18:53.6920331","Kernel-PnP","222","시작",,"End querying bus relations for device STORAGE\Volume\{99e9578c-928f-11f1-8494-806e6f6e6963}#000000000D900000"
"07:18:53.6920594","Kernel-PnP","220","시작",,"Begin querying bus relations for device STORAGE\VolumeSnapshot\HarddiskVolumeSnapshot1"
"07:18:53.6920607","Kernel-PnP","222","시작",,"End querying bus relations for device STORAGE\VolumeSnapshot\HarddiskVolumeSnapshot1"
"07:18:53.6920672","Kernel-PnP","220","시작",,"Begin querying bus relations for device STORAGE\VolumeSnapshot\HarddiskVolumeSnapshot2"
"07:18:53.6920682","Kernel-PnP","222","시작",,"End querying bus relations for device STORAGE\VolumeSnapshot\HarddiskVolumeSnapshot2"
"07:18:53.6920730","Kernel-PnP","220","시작",,"Begin querying bus relations for device STORAGE\VolumeSnapshot\HarddiskVolumeSnapshot3"
"07:18:53.6920739","Kernel-PnP","222","시작",,"End querying bus relations for device STORAGE\VolumeSnapshot\HarddiskVolumeSnapshot3"
"07:18:53.6920779","Kernel-PnP","220","시작",,"Begin querying bus relations for device STORAGE\VolumeSnapshot\HarddiskVolumeSnapshot4"
"07:18:53.6920788","Kernel-PnP","222","시작",,"End querying bus relations for device STORAGE\VolumeSnapshot\HarddiskVolumeSnapshot4"
"07:18:53.6920832","Kernel-PnP","220","시작",,"Begin querying bus relations for device STORAGE\VolumeSnapshot\HarddiskVolumeSnapshot5"
"07:18:53.6920840","Kernel-PnP","222","시작",,"End querying bus relations for device STORAGE\VolumeSnapshot\HarddiskVolumeSnapshot5"
"07:18:53.6920887","Kernel-PnP","220","시작",,"Begin querying bus relations for device STORAGE\VolumeSnapshot\HarddiskVolumeSnapshot6"
"07:18:53.6920894","Kernel-PnP","222","시작",,"End querying bus relations for device STORAGE\VolumeSnapshot\HarddiskVolumeSnapshot6"
"07:18:53.6921011","Kernel-PnP","220","시작",,"Begin querying bus relations for device STORAGE\VolumeSnapshot\HarddiskVolumeSnapshot7"
"07:18:53.6921020","Kernel-PnP","222","시작",,"End querying bus relations for device STORAGE\VolumeSnapshot\HarddiskVolumeSnapshot7"
"07:18:53.6921063","Kernel-PnP","220","시작",,"Begin querying bus relations for device STORAGE\VolumeSnapshot\HarddiskVolumeSnapshot8"
"07:18:53.6921071","Kernel-PnP","222","시작",,"End querying bus relations for device STORAGE\VolumeSnapshot\HarddiskVolumeSnapshot8"
"07:18:53.6921117","Kernel-PnP","220","시작",,"Begin querying bus relations for device STORAGE\VolumeSnapshot\HarddiskVolumeSnapshot9"
"07:18:53.6921128","Kernel-PnP","222","시작",,"End querying bus relations for device STORAGE\VolumeSnapshot\HarddiskVolumeSnapshot9"
"07:18:53.6921176","Kernel-PnP","220","시작",,"Begin querying bus relations for device STORAGE\VolumeSnapshot\HarddiskVolumeSnapshot10"
"07:18:53.6921186","Kernel-PnP","222","시작",,"End querying bus relations for device STORAGE\VolumeSnapshot\HarddiskVolumeSnapshot10"
"07:18:53.6921220","Kernel-PnP","220","시작",,"Begin querying bus relations for device STORAGE\VolumeSnapshot\HarddiskVolumeSnapshot11"
"07:18:53.6921230","Kernel-PnP","222","시작",,"End querying bus relations for device STORAGE\VolumeSnapshot\HarddiskVolumeSnapshot11"
"07:18:53.6928029","Kernel-PnP","220","시작",,"Begin querying bus relations for device STORAGE\VolumeSnapshot\HarddiskVolumeSnapshot12"
"07:18:53.6928042","Kernel-PnP","222","시작",,"End querying bus relations for device STORAGE\VolumeSnapshot\HarddiskVolumeSnapshot12"
"09:01:11.7039802","DxgKrnl","10011","정보",,""
"09:01:11.7040454","DxgKrnl","10011","정보",,""
"09:01:11.7097617","DxgKrnl","10011","정보",,""
"09:01:11.7098081","DxgKrnl","10011","정보",,""
"09:01:11.7098749","DxgKrnl","10011","정보",,""
"09:01:11.7098790","DxgKrnl","10011","정보",,""
"09:01:11.7098813","DxgKrnl","10011","정보",,""
"09:01:11.7134510","DxgKrnl","10011","정보",,""
"09:01:11.7135164","DxgKrnl","10011","정보",,""
"09:01:11.7620883","DxgKrnl","10011","정보",,""
"09:01:11.7622116","DxgKrnl","10011","정보",,""
"09:01:11.7622827","DxgKrnl","10011","정보",,""
"09:01:11.7634907","DxgKrnl","10011","정보",,""
"09:01:11.7635404","DxgKrnl","10011","정보",,""
"09:01:11.7636784","DxgKrnl","10011","정보",,""
"09:01:11.7637382","DxgKrnl","10011","정보",,""
"09:01:11.7637394","DxgKrnl","10011","정보",,""
"09:01:11.7637915","DxgKrnl","10011","정보",,""
"09:01:11.7637935","DxgKrnl","10011","정보",,""
"09:01:11.7638490","DxgKrnl","10011","정보",,""
"09:01:11.7638547","DxgKrnl","10011","정보",,""
"09:01:11.7639053","DxgKrnl","10011","정보",,""
"09:01:11.7660898","DxgKrnl","10011","정보",,""
"09:01:11.7662109","DxgKrnl","10011","정보",,""
"09:01:11.7672480","DxgKrnl","10011","정보",,""
"09:01:11.7673702","DxgKrnl","10011","정보",,""
"09:01:11.7673733","DxgKrnl","10011","정보",,""
"09:01:11.7674249","DxgKrnl","10011","정보",,""
"09:01:11.7674268","DxgKrnl","10011","정보",,""
"09:01:11.7674825","DxgKrnl","10011","정보",,""
"09:01:11.7674876","DxgKrnl","10011","정보",,""
"09:01:11.7675387","DxgKrnl","10011","정보",,""
"09:01:11.7681884","DxgKrnl","10011","정보",,""
"09:01:11.7682383","DxgKrnl","10011","정보",,""
"09:01:11.7685421","DxgKrnl","10011","정보",,""
"09:01:11.7686146","DxgKrnl","10011","정보",,""
"09:01:11.7734956","DxgKrnl","10011","정보",,""
"09:01:11.7743635","DxgKrnl","10011","정보",,""
"09:01:11.7763207","DxgKrnl","10011","정보",,""
"09:01:11.7763889","DxgKrnl","10011","정보",,""
"09:01:11.7811857","DxgKrnl","10011","정보",,""
"09:01:11.7820941","DxgKrnl","10011","정보",,""
"09:01:11.7824679","DxgKrnl","10011","정보",,""
"09:01:11.7825328","DxgKrnl","10011","정보",,""
"09:01:11.7916878","DxgKrnl","10011","정보",,""
"09:01:11.7917856","DxgKrnl","10011","정보",,""
"09:01:11.8036933","DxgKrnl","10011","정보",,""
"09:01:11.8037099","DxgKrnl","10011","정보",,""
"09:01:11.8037486","DxgKrnl","10011","정보",,""
"09:01:11.8038741","DxgKrnl","10011","정보",,""
"09:01:11.8038745","DxgKrnl","10011","정보",,""
"09:01:11.8056238","DxgKrnl","10011","정보",,""
"09:01:11.8058341","DxgKrnl","10011","정보",,""
"09:01:11.8062792","DxgKrnl","10011","정보",,""
"09:01:11.8064169","DxgKrnl","10011","정보",,""
"09:01:11.8064540","DxgKrnl","10011","정보",,""
"09:01:11.8064952","DxgKrnl","10011","정보",,""
"09:01:11.8065227","DxgKrnl","10011","정보",,""
"09:01:11.8065801","DxgKrnl","10011","정보",,""
"09:01:11.8066693","DxgKrnl","10011","정보",,""
"09:01:11.8067482","DxgKrnl","10011","정보",,""
"09:01:11.8069086","DxgKrnl","10011","정보",,""
"09:01:11.8075574","DxgKrnl","10011","정보",,""
"09:01:11.8075849","DxgKrnl","10011","정보",,""
"09:01:11.8076009","DxgKrnl","10011","정보",,""
"09:01:11.8076912","DxgKrnl","10011","정보",,""
"09:01:11.8077414","DxgKrnl","10011","정보",,""
"09:01:11.8078124","DxgKrnl","10011","정보",,""
"09:01:11.8078206","DxgKrnl","10011","정보",,""
"09:01:11.8086438","DxgKrnl","10011","정보",,""
"09:01:11.8090118","DxgKrnl","10011","정보",,""
"09:01:11.8103070","DxgKrnl","10011","정보",,""
"09:01:11.8103710","DxgKrnl","10011","정보",,""
"09:01:11.8105131","DxgKrnl","10011","정보",,""
"09:01:11.8105923","DxgKrnl","10011","정보",,""
"09:01:11.8190298","DxgKrnl","10011","정보",,""
"09:01:11.8190960","DxgKrnl","10011","정보",,""
"09:01:11.8192038","DxgKrnl","10011","정보",,""
"09:01:11.8192096","DxgKrnl","10011","정보",,""
"09:01:11.8192128","DxgKrnl","10011","정보",,""
"09:01:11.8254277","DxgKrnl","10011","정보",,""
"09:01:11.8255073","DxgKrnl","10011","정보",,""
"09:01:11.8350650","DxgKrnl","10011","정보",,""
"09:01:11.8351431","DxgKrnl","10011","정보",,""
"09:01:11.8351868","DxgKrnl","10011","정보",,""
"09:01:11.8363247","DxgKrnl","10011","정보",,""
"09:01:11.8363840","DxgKrnl","10011","정보",,""
"09:01:11.8364561","DxgKrnl","10011","정보",,""
"09:01:11.8365116","DxgKrnl","10011","정보",,""
"09:01:11.8365129","DxgKrnl","10011","정보",,""
"09:01:11.8365638","DxgKrnl","10011","정보",,""
"09:01:11.8365661","DxgKrnl","10011","정보",,""
"09:01:11.8366239","DxgKrnl","10011","정보",,""
"09:01:11.8366295","DxgKrnl","10011","정보",,""
"09:01:11.8366836","DxgKrnl","10011","정보",,""
"09:01:11.8384411","DxgKrnl","10011","정보",,""
"09:01:11.8384429","DxgKrnl","10011","정보",,""
"09:01:11.8384686","DxgKrnl","10011","정보",,""
"09:01:11.8385712","DxgKrnl","10011","정보",,""
"09:01:11.8386808","DxgKrnl","10011","정보",,""
"09:01:11.8389278","DxgKrnl","10011","정보",,""
"09:01:11.8389302","DxgKrnl","10011","정보",,""
"09:01:11.8389310","DxgKrnl","10011","정보",,""
"09:01:11.8403532","DxgKrnl","10011","정보",,""
"09:01:11.8419633","DxgKrnl","10011","정보",,""
"09:01:11.8419727","DxgKrnl","10011","정보",,""
"09:01:11.8419735","DxgKrnl","10011","정보",,""
"09:01:11.8426967","DxgKrnl","10011","정보",,""
"09:01:11.8427805","DxgKrnl","10011","정보",,""
"09:01:11.8460405","DxgKrnl","10011","정보",,""
"09:01:11.8461088","DxgKrnl","10011","정보",,""
"09:01:11.8616435","DxgKrnl","10011","정보",,""
"09:01:11.8617252","DxgKrnl","10011","정보",,""
"09:01:11.8617937","DxgKrnl","10011","정보",,""
"09:01:11.8618926","DxgKrnl","10011","정보",,""
"09:01:11.8619758","DxgKrnl","10011","정보",,""
"09:01:11.8656628","DxgKrnl","10011","정보",,""
"09:01:11.8671211","DxgKrnl","10011","정보",,""
"09:01:11.8671331","DxgKrnl","10011","정보",,""
"09:01:11.8671339","DxgKrnl","10011","정보",,""
"09:01:11.8674366","DxgKrnl","10011","정보",,""
"09:01:11.8675273","DxgKrnl","10011","정보",,""
"09:01:11.8725646","DxgKrnl","10011","정보",,""
"09:01:11.8726525","DxgKrnl","10011","정보",,""
"09:01:11.9974936","DxgKrnl","10011","정보",,""
"09:01:11.9982862","DxgKrnl","10011","정보",,""
"09:01:12.0292617","DxgKrnl","10011","정보",,""
"09:01:12.0293401","DxgKrnl","10011","정보",,""
"09:01:12.0337512","DxgKrnl","10011","정보",,""
"09:01:12.0338533","DxgKrnl","10011","정보",,""
"09:01:12.0406799","DxgKrnl","10011","정보",,""
"09:01:12.0407467","DxgKrnl","10011","정보",,""
"09:01:12.0470923","DxgKrnl","10011","정보",,""
"09:01:12.0471839","DxgKrnl","10011","정보",,""
"09:01:12.0531784","DxgKrnl","10011","정보",,""
"09:01:12.0532437","DxgKrnl","10011","정보",,""
"09:01:12.1766492","DxgKrnl","10011","정보",,""
"09:01:12.1767687","DxgKrnl","10011","정보",,""
"09:01:12.1767705","DxgKrnl","10011","정보",,""
"09:01:12.1768721","DxgKrnl","10011","정보",,""
"09:01:12.1768756","DxgKrnl","10011","정보",,""
"09:01:12.1769316","DxgKrnl","10011","정보",,""
"09:01:12.1769549","DxgKrnl","10011","정보",,""
"09:01:12.1770117","DxgKrnl","10011","정보",,""
"09:01:16.1123959","DxgKrnl","10011","정보",,""
"09:01:16.1124049","DxgKrnl","10011","정보",,""
"09:01:16.1124055","DxgKrnl","10011","정보",,""
"09:01:16.1124061","DxgKrnl","10011","정보",,""
"09:01:16.1124068","DxgKrnl","10011","정보",,""
"09:01:16.1124073","DxgKrnl","10011","정보",,""
"09:01:16.1124080","DxgKrnl","10011","정보",,""
"09:01:16.1124085","DxgKrnl","10011","정보",,""
"09:01:16.1124092","DxgKrnl","10011","정보",,""
"09:01:16.1124097","DxgKrnl","10011","정보",,""
"09:01:16.1124102","DxgKrnl","10011","정보",,""
"09:01:16.2659288","DxgKrnl","10011","정보",,""
"09:01:16.2659429","DxgKrnl","10011","정보",,""
"09:01:16.2659504","DxgKrnl","10011","정보",,""
"09:01:16.2660376","DxgKrnl","10011","정보",,""
"09:01:16.2660436","DxgKrnl","10011","정보",,""
"09:01:16.2660443","DxgKrnl","10011","정보",,""
"09:01:16.2660448","DxgKrnl","10011","정보",,""
"09:01:16.2660453","DxgKrnl","10011","정보",,""
"09:01:16.2660457","DxgKrnl","10011","정보",,""
"09:01:16.2660461","DxgKrnl","10011","정보",,""
"09:01:16.2660465","DxgKrnl","10011","정보",,""
"09:01:16.2660469","DxgKrnl","10011","정보",,""
"09:01:16.2660473","DxgKrnl","10011","정보",,""
"09:01:16.2660478","DxgKrnl","10011","정보",,""
"09:01:16.2660482","DxgKrnl","10011","정보",,""
"09:01:16.2660486","DxgKrnl","10011","정보",,""
"09:01:16.2660490","DxgKrnl","10011","정보",,""
"09:01:16.2660502","DxgKrnl","10011","정보",,""
"09:01:16.2682897","DxgKrnl","10011","정보",,""
"09:01:16.2686299","DxgKrnl","10011","정보",,""
"09:01:16.2687043","DxgKrnl","10011","정보",,""
"09:01:16.2706626","DxgKrnl","10011","정보",,""
"09:01:16.2707366","DxgKrnl","10011","정보",,""
"09:01:16.4250394","Kernel-PnP","220","시작",,"Begin querying bus relations for device PCI\VEN_1002&DEV_7550&SUBSYS_E4891DA2&REV_C0\6&8916a45&0&00000009"
"09:01:16.5243704","DxgKrnl","10011","정보",,""
"09:01:16.5244660","Kernel-PnP","222","시작",,"End querying bus relations for device PCI\VEN_1002&DEV_7550&SUBSYS_E4891DA2&REV_C0\6&8916a45&0&00000009"
"09:01:16.5246886","DxgKrnl","10011","정보",,""
"09:01:16.5246899","Kernel-PnP","1010","시작",,"버스에 누락 된 것으로 보고 된 장치 DISPLAY\SAM79DF\7&16b8ddb4&0&UID256이 (가) 제거 되었습니다. 제거 된 장치 수 | 개수: 1"
"09:01:16.5249148","DxgKrnl","10011","정보",,""
"09:01:16.5253456","Kernel-PnP","220","시작",,"Begin querying bus relations for device SWD\DRIVERENUM\AMDCP&7&16b8ddb4&0"
"09:01:16.5253482","Kernel-PnP","222","시작",,"End querying bus relations for device SWD\DRIVERENUM\AMDCP&7&16b8ddb4&0"
"09:01:16.5253594","Kernel-PnP","220","시작",,"Begin querying bus relations for device SWD\DRIVERENUM\AMDFDANS&7&16b8ddb4&0"
"09:01:16.5253604","Kernel-PnP","222","시작",,"End querying bus relations for device SWD\DRIVERENUM\AMDFDANS&7&16b8ddb4&0"
"09:01:16.5253668","Kernel-PnP","220","시작",,"Begin querying bus relations for device SWD\DRIVERENUM\AMDOCL&7&16b8ddb4&0"
"09:01:16.5253679","Kernel-PnP","222","시작",,"End querying bus relations for device SWD\DRIVERENUM\AMDOCL&7&16b8ddb4&0"
"09:01:16.5253767","Kernel-PnP","220","시작",,"Begin querying bus relations for device SWD\DRIVERENUM\AMDOGL&7&16b8ddb4&0"
"09:01:16.5253776","Kernel-PnP","222","시작",,"End querying bus relations for device SWD\DRIVERENUM\AMDOGL&7&16b8ddb4&0"
"09:01:16.5253831","Kernel-PnP","220","시작",,"Begin querying bus relations for device SWD\DRIVERENUM\AMDVLK&7&16b8ddb4&0"
"09:01:16.5253842","Kernel-PnP","222","시작",,"End querying bus relations for device SWD\DRIVERENUM\AMDVLK&7&16b8ddb4&0"
"09:01:16.5253904","Kernel-PnP","220","시작",,"Begin querying bus relations for device SWD\DRIVERENUM\AMDWIN&7&16b8ddb4&0"
"09:01:16.5253914","Kernel-PnP","222","시작",,"End querying bus relations for device SWD\DRIVERENUM\AMDWIN&7&16b8ddb4&0"
"09:01:16.5254026","Kernel-PnP","220","시작",,"Begin querying bus relations for device DISPLAY\BBC0104\7&16b8ddb4&0&UID265"
"09:01:16.5254081","Kernel-PnP","222","시작",,"End querying bus relations for device DISPLAY\BBC0104\7&16b8ddb4&0&UID265"
"09:01:16.5254141","Kernel-PnP","220","시작",,"Begin querying bus relations for device DISPLAY\SAM7B0C\7&16b8ddb4&0&UID260"
"09:01:16.5254174","Kernel-PnP","222","시작",,"End querying bus relations for device DISPLAY\SAM7B0C\7&16b8ddb4&0&UID260"
"09:01:16.5283876","DxgKrnl","10011","정보",,""
"09:01:16.5284548","DxgKrnl","10011","정보",,""
"09:01:16.5412206","DxgKrnl","10011","정보",,""
"09:01:16.5412861","DxgKrnl","10011","정보",,""
"09:01:16.5427852","DxgKrnl","10011","정보",,""
"09:01:16.5428103","DxgKrnl","10011","정보",,""
"09:01:16.5428725","DxgKrnl","10011","정보",,""
"09:01:16.5428766","DxgKrnl","10011","정보",,""
"09:01:16.5428787","DxgKrnl","10011","정보",,""
"09:01:16.5431939","DxgKrnl","10011","정보",,""
"09:01:16.5432461","DxgKrnl","10011","정보",,""
"09:01:16.5623105","DxgKrnl","10011","정보",,""
"09:01:16.5701337","DxgKrnl","10011","정보",,""
"09:01:16.5702194","DxgKrnl","10011","정보",,""
"09:01:16.5702753","DxgKrnl","10011","정보",,""
"09:01:16.5712962","DxgKrnl","10011","정보",,""
"09:01:16.5713343","DxgKrnl","10011","정보",,""
"09:01:16.5716311","DxgKrnl","10011","정보",,""
"09:01:16.5717170","DxgKrnl","10011","정보",,""
"09:01:16.5717188","DxgKrnl","10011","정보",,""
"09:01:16.5717504","DxgKrnl","10011","정보",,""
"09:01:16.5736213","DxgKrnl","10011","정보",,""
"09:01:16.5736255","DxgKrnl","10011","정보",,""
"09:01:16.5736489","DxgKrnl","10011","정보",,""
"09:01:16.5737901","DxgKrnl","10011","정보",,""
"09:01:16.5737948","DxgKrnl","10011","정보",,""
"09:01:16.5737951","DxgKrnl","10011","정보",,""
"09:01:16.5740352","DxgKrnl","10011","정보",,""
"09:01:16.5740888","DxgKrnl","10011","정보",,""
"09:01:16.5751899","DxgKrnl","10011","정보",,""
"09:01:16.5753493","DxgKrnl","10011","정보",,""
"09:01:16.5754367","DxgKrnl","10011","정보",,""
"09:01:16.5757522","DxgKrnl","10011","정보",,""
"09:01:16.5758119","DxgKrnl","10011","정보",,""
"09:01:16.5758146","DxgKrnl","10011","정보",,""
"09:01:16.5758501","DxgKrnl","10011","정보",,""
"09:01:16.5764822","DxgKrnl","10011","정보",,""
"09:01:16.5765153","DxgKrnl","10011","정보",,""
"09:01:16.5769807","DxgKrnl","10011","정보",,""
"09:01:16.5770272","DxgKrnl","10011","정보",,""
"09:01:16.5810843","DxgKrnl","10011","정보",,""
"09:01:16.6302081","Kernel-PnP","220","시작",,"Begin querying bus relations for device PCI\VEN_1002&DEV_7550&SUBSYS_E4891DA2&REV_C0\6&8916a45&0&00000009"
"09:01:16.7296779","DxgKrnl","10011","정보",,""
"09:01:16.7297702","DxgKrnl","10011","정보",,""
"09:01:16.7297715","Kernel-PnP","222","시작",,"End querying bus relations for device PCI\VEN_1002&DEV_7550&SUBSYS_E4891DA2&REV_C0\6&8916a45&0&00000009"
"09:01:16.7299185","DxgKrnl","10011","정보",,""
"09:01:16.7299906","Kernel-PnP","1010","시작",,"버스에 누락 된 것으로 보고 된 장치 DISPLAY\SAM7B0C\7&16b8ddb4&0&UID260이 (가) 제거 되었습니다. 제거 된 장치 수 | 개수: 1"
"09:01:16.7300094","DxgKrnl","10011","정보",,""
"09:01:16.7301804","DxgKrnl","10011","정보",,""
"09:01:16.7302516","DxgKrnl","10011","정보",,""
"09:01:16.7305856","Kernel-PnP","220","시작",,"Begin querying bus relations for device SWD\DRIVERENUM\AMDCP&7&16b8ddb4&0"
"09:01:16.7305885","Kernel-PnP","222","시작",,"End querying bus relations for device SWD\DRIVERENUM\AMDCP&7&16b8ddb4&0"
"09:01:16.7306054","Kernel-PnP","220","시작",,"Begin querying bus relations for device SWD\DRIVERENUM\AMDFDANS&7&16b8ddb4&0"
"09:01:16.7306078","Kernel-PnP","222","시작",,"End querying bus relations for device SWD\DRIVERENUM\AMDFDANS&7&16b8ddb4&0"
"09:01:16.7306249","Kernel-PnP","220","시작",,"Begin querying bus relations for device SWD\DRIVERENUM\AMDOCL&7&16b8ddb4&0"
"09:01:16.7306260","Kernel-PnP","222","시작",,"End querying bus relations for device SWD\DRIVERENUM\AMDOCL&7&16b8ddb4&0"
"09:01:16.7306327","Kernel-PnP","220","시작",,"Begin querying bus relations for device SWD\DRIVERENUM\AMDOGL&7&16b8ddb4&0"
"09:01:16.7306339","Kernel-PnP","222","시작",,"End querying bus relations for device SWD\DRIVERENUM\AMDOGL&7&16b8ddb4&0"
"09:01:16.7306403","Kernel-PnP","220","시작",,"Begin querying bus relations for device SWD\DRIVERENUM\AMDVLK&7&16b8ddb4&0"
"09:01:16.7306412","Kernel-PnP","222","시작",,"End querying bus relations for device SWD\DRIVERENUM\AMDVLK&7&16b8ddb4&0"
"09:01:16.7306473","Kernel-PnP","220","시작",,"Begin querying bus relations for device SWD\DRIVERENUM\AMDWIN&7&16b8ddb4&0"
"09:01:16.7306480","Kernel-PnP","222","시작",,"End querying bus relations for device SWD\DRIVERENUM\AMDWIN&7&16b8ddb4&0"
"09:01:16.7306548","Kernel-PnP","220","시작",,"Begin querying bus relations for device DISPLAY\BBC0104\7&16b8ddb4&0&UID265"
"09:01:16.7306605","Kernel-PnP","222","시작",,"End querying bus relations for device DISPLAY\BBC0104\7&16b8ddb4&0&UID265"
"09:01:16.7308123","DxgKrnl","10011","정보",,""
"09:01:16.7309013","DxgKrnl","10011","정보",,""
"09:01:16.7317805","DxgKrnl","10011","정보",,""
"09:01:16.7321362","DxgKrnl","10011","정보",,""
"09:01:16.7323286","DxgKrnl","10011","정보",,""
"09:01:16.7323368","DxgKrnl","10011","정보",,""
"09:01:16.7351205","DxgKrnl","10011","정보",,""
"09:01:16.7368410","DxgKrnl","10011","정보",,""
"09:01:16.7370135","DxgKrnl","10011","정보",,""
"09:01:16.7370620","DxgKrnl","10011","정보",,""
"09:01:16.7407043","DxgKrnl","10011","정보",,""
"09:01:16.7407549","DxgKrnl","10011","정보",,""
"09:01:16.7560357","DxgKrnl","10011","정보",,""
"09:01:16.7579037","DxgKrnl","10011","정보",,""
"09:01:16.7583240","DxgKrnl","10011","정보",,""
"09:01:16.7583890","DxgKrnl","10011","정보",,""
"09:01:16.7583957","DxgKrnl","10011","정보",,""
"09:01:16.7584975","DxgKrnl","10011","정보",,""
"09:01:16.7585009","DxgKrnl","10011","정보",,""
"09:01:16.7608042","DxgKrnl","10011","정보",,""
"09:01:16.7608605","DxgKrnl","10011","정보",,""
"09:01:16.7620519","DxgKrnl","10011","정보",,""
"09:01:16.7621152","DxgKrnl","10011","정보",,""
"09:01:16.7640947","DxgKrnl","10011","정보",,""
"09:01:16.7641563","DxgKrnl","10011","정보",,""
"09:01:16.7660511","DxgKrnl","10011","정보",,""
"09:01:16.7661080","DxgKrnl","10011","정보",,""
"09:01:16.7663369","DxgKrnl","10011","정보",,""
"09:01:16.7684005","DxgKrnl","10011","정보",,""
"09:01:16.7684497","DxgKrnl","10011","정보",,""
"09:01:16.7709164","DxgKrnl","10011","정보",,""
"09:01:16.7710097","DxgKrnl","10011","정보",,""
"09:01:16.7861511","DxgKrnl","10011","정보",,""
"09:01:16.7862235","DxgKrnl","10011","정보",,""
"09:01:16.7900970","DxgKrnl","10011","정보",,""
"09:01:16.7901142","DxgKrnl","10011","정보",,""
"09:01:16.7901593","DxgKrnl","10011","정보",,""
"09:01:16.7901632","DxgKrnl","10011","정보",,""
"09:01:16.7901652","DxgKrnl","10011","정보",,""
"09:01:16.7905362","DxgKrnl","10011","정보",,""
"09:01:16.7905737","DxgKrnl","10011","정보",,""
"09:01:16.8329634","DxgKrnl","10011","정보",,""
"09:01:16.8422004","DxgKrnl","10011","정보",,""
"09:01:16.8422578","DxgKrnl","10011","정보",,""
"09:01:16.8423073","DxgKrnl","10011","정보",,""
"09:01:16.8425160","DxgKrnl","10011","정보",,""
"09:01:16.8425602","DxgKrnl","10011","정보",,""
"09:01:16.8426305","DxgKrnl","10011","정보",,""
"09:01:16.8426775","DxgKrnl","10011","정보",,""
"09:01:16.8426792","DxgKrnl","10011","정보",,""
"09:01:16.8427350","DxgKrnl","10011","정보",,""
"09:01:16.8444694","DxgKrnl","10011","정보",,""
"09:01:16.8444696","DxgKrnl","10011","정보",,""
"09:01:16.8445667","DxgKrnl","10011","정보",,""
"09:01:16.8445669","DxgKrnl","10011","정보",,""
"09:01:16.8447797","DxgKrnl","10011","정보",,""
"09:01:16.8447842","DxgKrnl","10011","정보",,""
"09:01:16.8447847","DxgKrnl","10011","정보",,""
"09:01:16.8447960","DxgKrnl","10011","정보",,""
"09:01:16.8465230","DxgKrnl","10011","정보",,""
"09:01:16.8465421","DxgKrnl","10011","정보",,""
"09:01:16.8466114","DxgKrnl","10011","정보",,""
"09:01:16.8467304","DxgKrnl","10011","정보",,""
"09:01:16.8468675","DxgKrnl","10011","정보",,""
"09:01:16.8510274","DxgKrnl","10011","정보",,""
"09:01:16.8510355","DxgKrnl","10011","정보",,""
"09:01:16.8615991","DxgKrnl","10011","정보",,""
"09:01:16.8617367","DxgKrnl","10011","정보",,""
"09:01:16.8618029","DxgKrnl","10011","정보",,""
"09:01:16.8632330","DxgKrnl","10011","정보",,""
"09:01:16.8640461","DxgKrnl","10011","정보",,""
"09:01:16.8641613","DxgKrnl","10011","정보",,""
"09:01:16.8641617","DxgKrnl","10011","정보",,""
"09:01:16.8654030","DxgKrnl","10011","정보",,""
"09:01:16.8666026","DxgKrnl","10011","정보",,""
"09:01:16.8666717","DxgKrnl","10011","정보",,""
"09:01:16.8675265","DxgKrnl","10011","정보",,""
"09:01:16.8675920","DxgKrnl","10011","정보",,""
"09:01:16.8777449","DxgKrnl","10011","정보",,""
"09:01:16.8787569","DxgKrnl","10011","정보",,""
"09:01:16.9294483","DxgKrnl","10011","정보",,""
"09:01:16.9295922","DxgKrnl","10011","정보",,""
"09:01:16.9295937","DxgKrnl","10011","정보",,""
"09:01:16.9296412","DxgKrnl","10011","정보",,""
"09:01:16.9305386","DxgKrnl","10011","정보",,""
"09:01:16.9306052","DxgKrnl","10011","정보",,""
"09:01:16.9351622","DxgKrnl","10011","정보",,""
"09:01:16.9352478","DxgKrnl","10011","정보",,""
"09:01:16.9364054","DxgKrnl","10011","정보",,""
"09:01:16.9364528","DxgKrnl","10011","정보",,""
"09:01:16.9365432","DxgKrnl","10011","정보",,""
"09:01:16.9378980","DxgKrnl","10011","정보",,""
"09:01:16.9380328","DxgKrnl","10011","정보",,""
"09:01:16.9401906","DxgKrnl","10011","정보",,""
"09:01:16.9402612","DxgKrnl","10011","정보",,""
"09:01:16.9409018","DxgKrnl","10011","정보",,""
"09:01:16.9409881","DxgKrnl","10011","정보",,""
"09:01:16.9425466","DxgKrnl","10011","정보",,""
"09:01:16.9426106","DxgKrnl","10011","정보",,""
"09:01:16.9434468","DxgKrnl","10011","정보",,""
"09:01:16.9440743","DxgKrnl","10011","정보",,""
"09:01:16.9449738","DxgKrnl","10011","정보",,""
"09:01:16.9449985","DxgKrnl","10011","정보",,""
"09:01:16.9450916","DxgKrnl","10011","정보",,""
"09:01:16.9451451","DxgKrnl","10011","정보",,""
"09:01:16.9470842","DxgKrnl","10011","정보",,""
"09:01:16.9475385","DxgKrnl","10011","정보",,""
"09:01:16.9475577","DxgKrnl","10011","정보",,""
"09:01:16.9475642","DxgKrnl","10011","정보",,""
"09:01:16.9475655","DxgKrnl","10011","정보",,""
"09:01:16.9476612","DxgKrnl","10011","정보",,""
"09:01:16.9476679","DxgKrnl","10011","정보",,""
"09:01:16.9478028","DxgKrnl","10011","정보",,""
"09:01:16.9478050","DxgKrnl","10011","정보",,""
"09:01:16.9478727","DxgKrnl","10011","정보",,""
"09:01:16.9479424","DxgKrnl","10011","정보",,""
"09:01:16.9489045","DxgKrnl","10011","정보",,""
"09:01:16.9489613","DxgKrnl","10011","정보",,""
"09:01:16.9494667","DxgKrnl","10011","정보",,""
"09:01:16.9502127","DxgKrnl","10011","정보",,""
"09:01:18.3794623","DxgKrnl","10011","정보",,""
"09:01:18.3797609","DxgKrnl","10011","정보",,""
"09:01:18.4780414","Kernel-PnP","220","시작",,"Begin querying bus relations for device PCI\VEN_1002&DEV_7550&SUBSYS_E4891DA2&REV_C0\6&8916a45&0&00000009"
"09:01:18.4782477","DxgKrnl","10011","정보",,""
"09:01:18.4782503","DxgKrnl","10011","정보",,""
"09:01:18.4783532","DxgKrnl","10011","정보",,""
"09:01:18.4784210","DxgKrnl","10011","정보",,""
"09:01:18.4791295","DxgKrnl","10011","정보",,""
"09:01:18.4791874","DxgKrnl","10011","정보",,""
"09:01:18.4795487","DxgKrnl","10011","정보",,""
"09:01:18.4796038","DxgKrnl","10011","정보",,""
"09:01:18.4806429","DxgKrnl","10011","정보",,""
"09:01:18.4806955","DxgKrnl","10011","정보",,""
"09:01:18.4822051","Kernel-PnP","222","시작",,"End querying bus relations for device PCI\VEN_1002&DEV_7550&SUBSYS_E4891DA2&REV_C0\6&8916a45&0&00000009"
"09:01:18.4822719","Kernel-PnP","220","시작",,"Begin querying bus relations for device SWD\DRIVERENUM\AMDCP&7&16b8ddb4&0"
"09:01:18.4822733","Kernel-PnP","222","시작",,"End querying bus relations for device SWD\DRIVERENUM\AMDCP&7&16b8ddb4&0"
"09:01:18.4822789","Kernel-PnP","220","시작",,"Begin querying bus relations for device SWD\DRIVERENUM\AMDFDANS&7&16b8ddb4&0"
"09:01:18.4822797","Kernel-PnP","222","시작",,"End querying bus relations for device SWD\DRIVERENUM\AMDFDANS&7&16b8ddb4&0"
"09:01:18.4822850","Kernel-PnP","220","시작",,"Begin querying bus relations for device SWD\DRIVERENUM\AMDOCL&7&16b8ddb4&0"
"09:01:18.4822858","Kernel-PnP","222","시작",,"End querying bus relations for device SWD\DRIVERENUM\AMDOCL&7&16b8ddb4&0"
"09:01:18.4822914","Kernel-PnP","220","시작",,"Begin querying bus relations for device SWD\DRIVERENUM\AMDOGL&7&16b8ddb4&0"
"09:01:18.4822923","Kernel-PnP","222","시작",,"End querying bus relations for device SWD\DRIVERENUM\AMDOGL&7&16b8ddb4&0"
"09:01:18.4822987","Kernel-PnP","220","시작",,"Begin querying bus relations for device SWD\DRIVERENUM\AMDVLK&7&16b8ddb4&0"
"09:01:18.4823011","Kernel-PnP","222","시작",,"End querying bus relations for device SWD\DRIVERENUM\AMDVLK&7&16b8ddb4&0"
"09:01:18.4823146","Kernel-PnP","220","시작",,"Begin querying bus relations for device SWD\DRIVERENUM\AMDWIN&7&16b8ddb4&0"
"09:01:18.4823154","Kernel-PnP","222","시작",,"End querying bus relations for device SWD\DRIVERENUM\AMDWIN&7&16b8ddb4&0"
"09:01:18.4823231","Kernel-PnP","220","시작",,"Begin querying bus relations for device DISPLAY\BBC0104\7&16b8ddb4&0&UID265"
"09:01:18.4823288","Kernel-PnP","222","시작",,"End querying bus relations for device DISPLAY\BBC0104\7&16b8ddb4&0&UID265"
"09:01:18.4823444","DxgKrnl","10011","정보",,""
"09:01:18.4824062","DxgKrnl","10011","정보",,""
"09:01:18.4824651","DxgKrnl","10011","정보",,""
"09:01:18.4824688","DxgKrnl","10011","정보",,""
"09:01:18.4824710","DxgKrnl","10011","정보",,""
"09:01:18.4828408","DxgKrnl","10011","정보",,""
"09:01:18.4828891","DxgKrnl","10011","정보",,""
"09:01:18.4835023","Kernel-PnP","808","시작",,"End device add, status (STATUS_SUCCESS)"
"09:01:18.4838624","Kernel-PnP","220","시작",,"Begin querying bus relations for device DISPLAY\SAM79DF\7&16b8ddb4&0&UID256"
"09:01:18.4838663","Kernel-PnP","222","시작",,"End querying bus relations for device DISPLAY\SAM79DF\7&16b8ddb4&0&UID256"
"09:01:18.4841353","DxgKrnl","10011","정보",,""
"09:01:18.7058462","DxgKrnl","10011","정보",,""
"09:01:18.7142348","DxgKrnl","10011","정보",,""
"09:01:18.7142974","DxgKrnl","10011","정보",,""
"09:01:18.7143604","DxgKrnl","10011","정보",,""
"09:01:18.7149976","DxgKrnl","10011","정보",,""
"09:01:18.7150287","DxgKrnl","10011","정보",,""
"09:01:18.7150891","DxgKrnl","10011","정보",,""
"09:01:18.7151296","DxgKrnl","10011","정보",,""
"09:01:18.7151312","DxgKrnl","10011","정보",,""
"09:01:18.7151669","DxgKrnl","10011","정보",,""
"09:01:18.7166880","DxgKrnl","10011","정보",,""
"09:01:18.7168752","DxgKrnl","10011","정보",,""
"09:01:18.7202272","DxgKrnl","10011","정보",,""
"09:01:18.7205705","DxgKrnl","10011","정보",,""
"09:01:18.7206232","DxgKrnl","10011","정보",,""
"09:01:18.7234306","DxgKrnl","10011","정보",,""
"09:01:18.7234956","DxgKrnl","10011","정보",,""
"09:01:18.7244544","DxgKrnl","10011","정보",,""
"09:01:18.7244904","DxgKrnl","10011","정보",,""
"09:01:18.7259311","DxgKrnl","10011","정보",,""
"09:01:18.7259802","DxgKrnl","10011","정보",,""
"09:01:18.7282459","DxgKrnl","10011","정보",,""
"09:01:18.7283006","DxgKrnl","10011","정보",,""
"09:01:18.7292082","DxgKrnl","10011","정보",,""
"09:01:18.7292623","DxgKrnl","10011","정보",,""
"09:01:18.7293795","DxgKrnl","10011","정보",,""
"09:01:18.7296820","DxgKrnl","10011","정보",,""
"09:01:18.7300074","DxgKrnl","10011","정보",,""
"09:01:18.7300951","DxgKrnl","10011","정보",,""
"09:01:18.7302558","DxgKrnl","10011","정보",,""
"09:01:18.7303164","DxgKrnl","10011","정보",,""
"09:01:18.7303307","DxgKrnl","10011","정보",,""
"09:01:18.7304065","DxgKrnl","10011","정보",,""
"09:01:18.7304077","DxgKrnl","10011","정보",,""
"09:01:18.7327484","DxgKrnl","10011","정보",,""
"09:01:18.7334635","DxgKrnl","10011","정보",,""
"09:01:18.7342483","DxgKrnl","10011","정보",,""
"09:01:18.7346106","DxgKrnl","10011","정보",,""
"09:01:18.7346218","DxgKrnl","10011","정보",,""
"09:01:18.7346264","DxgKrnl","10011","정보",,""
"09:01:18.7346271","DxgKrnl","10011","정보",,""
"09:01:18.7347056","DxgKrnl","10011","정보",,""
"09:01:18.7348010","DxgKrnl","10011","정보",,""
"09:01:18.7348011","DxgKrnl","10011","정보",,""
"09:01:18.7348119","DxgKrnl","10011","정보",,""
"09:01:18.7351092","DxgKrnl","10011","정보",,""
"09:01:18.7351642","DxgKrnl","10011","정보",,""
"09:01:18.7397402","DxgKrnl","10011","정보",,""
"09:01:18.7399739","DxgKrnl","10011","정보",,""
"09:01:18.7400195","DxgKrnl","10011","정보",,""
"09:01:18.7400241","DxgKrnl","10011","정보",,""
"09:01:18.7400261","DxgKrnl","10011","정보",,""
"09:01:18.7402981","DxgKrnl","10011","정보",,""
"09:01:18.7403312","DxgKrnl","10011","정보",,""
"09:01:18.7419976","DxgKrnl","10011","정보",,""
"09:01:18.7420424","DxgKrnl","10011","정보",,""
"09:01:18.7420965","DxgKrnl","10011","정보",,""
"09:01:18.7422353","DxgKrnl","10011","정보",,""
"09:01:18.7422609","DxgKrnl","10011","정보",,""
"09:01:18.7422644","DxgKrnl","10011","정보",,""
"09:01:18.7422666","DxgKrnl","10011","정보",,""
"09:01:18.7422724","DxgKrnl","10011","정보",,""
"09:01:18.7423402","DxgKrnl","10011","정보",,""
"09:01:18.7424741","DxgKrnl","10011","정보",,""
"09:01:18.7424950","DxgKrnl","10011","정보",,""
"09:01:18.7425449","DxgKrnl","10011","정보",,""
"09:01:18.7426011","DxgKrnl","10011","정보",,""
"09:01:18.7426045","DxgKrnl","10011","정보",,""
"09:01:18.7426064","DxgKrnl","10011","정보",,""
"09:01:18.7426540","DxgKrnl","10011","정보",,""
"09:01:18.7427147","DxgKrnl","10011","정보",,""
"09:01:18.7466334","DxgKrnl","10011","정보",,""
"09:01:18.7466831","DxgKrnl","10011","정보",,""
"09:01:18.7501734","DxgKrnl","10011","정보",,""
"09:01:18.7502162","DxgKrnl","10011","정보",,""
"09:01:18.7508419","DxgKrnl","10011","정보",,""
"09:01:18.7508935","DxgKrnl","10011","정보",,""
"09:01:18.7509831","DxgKrnl","10011","정보",,""
"09:01:18.7521592","DxgKrnl","10011","정보",,""
"09:01:18.7530188","DxgKrnl","10011","정보",,""
"09:01:18.7601254","DxgKrnl","10011","정보",,""
"09:01:18.8016217","DxgKrnl","10011","정보",,""
"09:01:18.8023018","DxgKrnl","10011","정보",,""
"09:01:20.0624519","DxgKrnl","10011","정보",,""
"09:01:20.2350760","DxgKrnl","10011","정보",,""
"09:01:20.3131912","Kernel-PnP","220","시작",,"Begin querying bus relations for device PCI\VEN_1002&DEV_7550&SUBSYS_E4891DA2&REV_C0\6&8916a45&0&00000009"
"09:01:20.3133688","DxgKrnl","10011","정보",,""
"09:01:20.3133742","DxgKrnl","10011","정보",,""
"09:01:20.3140333","DxgKrnl","10011","정보",,""
"09:01:20.3155655","DxgKrnl","10011","정보",,""
"09:01:20.3156159","DxgKrnl","10011","정보",,""
"09:01:20.3156626","DxgKrnl","10011","정보",,""
"09:01:20.3179001","DxgKrnl","10011","정보",,""
"09:01:20.3179043","DxgKrnl","10011","정보",,""
"09:01:20.3179864","DxgKrnl","10011","정보",,""
"09:01:20.3179905","DxgKrnl","10011","정보",,""
"09:01:20.3181407","Kernel-PnP","222","시작",,"End querying bus relations for device PCI\VEN_1002&DEV_7550&SUBSYS_E4891DA2&REV_C0\6&8916a45&0&00000009"
"09:01:20.3182001","Kernel-PnP","220","시작",,"Begin querying bus relations for device SWD\DRIVERENUM\AMDCP&7&16b8ddb4&0"
"09:01:20.3182018","Kernel-PnP","222","시작",,"End querying bus relations for device SWD\DRIVERENUM\AMDCP&7&16b8ddb4&0"
"09:01:20.3182084","Kernel-PnP","220","시작",,"Begin querying bus relations for device SWD\DRIVERENUM\AMDFDANS&7&16b8ddb4&0"
"09:01:20.3182093","Kernel-PnP","222","시작",,"End querying bus relations for device SWD\DRIVERENUM\AMDFDANS&7&16b8ddb4&0"
"09:01:20.3182144","Kernel-PnP","220","시작",,"Begin querying bus relations for device SWD\DRIVERENUM\AMDOCL&7&16b8ddb4&0"
"09:01:20.3182152","Kernel-PnP","222","시작",,"End querying bus relations for device SWD\DRIVERENUM\AMDOCL&7&16b8ddb4&0"
"09:01:20.3182202","Kernel-PnP","220","시작",,"Begin querying bus relations for device SWD\DRIVERENUM\AMDOGL&7&16b8ddb4&0"
"09:01:20.3182212","Kernel-PnP","222","시작",,"End querying bus relations for device SWD\DRIVERENUM\AMDOGL&7&16b8ddb4&0"
"09:01:20.3182266","Kernel-PnP","220","시작",,"Begin querying bus relations for device SWD\DRIVERENUM\AMDVLK&7&16b8ddb4&0"
"09:01:20.3182274","Kernel-PnP","222","시작",,"End querying bus relations for device SWD\DRIVERENUM\AMDVLK&7&16b8ddb4&0"
"09:01:20.3182324","Kernel-PnP","220","시작",,"Begin querying bus relations for device SWD\DRIVERENUM\AMDWIN&7&16b8ddb4&0"
"09:01:20.3182330","Kernel-PnP","222","시작",,"End querying bus relations for device SWD\DRIVERENUM\AMDWIN&7&16b8ddb4&0"
"09:01:20.3182380","Kernel-PnP","220","시작",,"Begin querying bus relations for device DISPLAY\BBC0104\7&16b8ddb4&0&UID265"
"09:01:20.3182426","Kernel-PnP","222","시작",,"End querying bus relations for device DISPLAY\BBC0104\7&16b8ddb4&0&UID265"
"09:01:20.3182482","Kernel-PnP","220","시작",,"Begin querying bus relations for device DISPLAY\SAM79DF\7&16b8ddb4&0&UID256"
"09:01:20.3182503","Kernel-PnP","222","시작",,"End querying bus relations for device DISPLAY\SAM79DF\7&16b8ddb4&0&UID256"
"09:01:20.3195244","DxgKrnl","10011","정보",,""
"09:01:20.3195874","DxgKrnl","10011","정보",,""
"09:01:20.3241321","Kernel-PnP","808","시작",,"End device add, status (STATUS_SUCCESS)"
"09:01:20.3244745","Kernel-PnP","220","시작",,"Begin querying bus relations for device DISPLAY\SAM7B0C\7&16b8ddb4&0&UID260"
"09:01:20.3244782","Kernel-PnP","222","시작",,"End querying bus relations for device DISPLAY\SAM7B0C\7&16b8ddb4&0&UID260"
"09:01:20.3248160","DxgKrnl","10011","정보",,""
"09:01:20.3295228","DxgKrnl","10011","정보",,""
"09:01:20.3295497","DxgKrnl","10011","정보",,""
"09:01:20.3295954","DxgKrnl","10011","정보",,""
"09:01:20.3296000","DxgKrnl","10011","정보",,""
"09:01:20.3296024","DxgKrnl","10011","정보",,""
"09:01:20.3340382","DxgKrnl","10011","정보",,""
"09:01:20.3340750","DxgKrnl","10011","정보",,""
"09:01:20.6438822","DxgKrnl","10011","정보",,""
"09:01:20.6439064","DxgKrnl","10011","정보",,""
"09:01:20.6529722","DxgKrnl","10011","정보",,""
"09:01:20.6530670","DxgKrnl","10011","정보",,""
"09:01:20.6531204","DxgKrnl","10011","정보",,""
"09:01:20.6546156","DxgKrnl","10011","정보",,""
"09:01:20.6546720","DxgKrnl","10011","정보",,""
"09:01:20.6549046","DxgKrnl","10011","정보",,""
"09:01:20.6549637","DxgKrnl","10011","정보",,""
"09:01:20.6549653","DxgKrnl","10011","정보",,""
"09:01:20.6550211","DxgKrnl","10011","정보",,""
"09:01:20.6550240","DxgKrnl","10011","정보",,""
"09:01:20.6550744","DxgKrnl","10011","정보",,""
"09:01:20.6550853","DxgKrnl","10011","정보",,""
"09:01:20.6551405","DxgKrnl","10011","정보",,""
"09:01:20.6571884","DxgKrnl","10011","정보",,""
"09:01:20.6574128","DxgKrnl","10011","정보",,""
"09:01:20.6616810","DxgKrnl","10011","정보",,""
"09:01:20.6617468","DxgKrnl","10011","정보",,""
"09:01:20.6639939","DxgKrnl","10011","정보",,""
"09:01:20.6647434","DxgKrnl","10011","정보",,""
"09:01:20.6648064","DxgKrnl","10011","정보",,""
"09:01:20.6651570","DxgKrnl","10011","정보",,""
"09:01:20.6652245","DxgKrnl","10011","정보",,""
"09:01:20.6670370","DxgKrnl","10011","정보",,""
"09:01:20.6672376","DxgKrnl","10011","정보",,""
"09:01:20.6720417","DxgKrnl","10011","정보",,""
"09:01:20.6721548","DxgKrnl","10011","정보",,""
"09:01:20.6725298","DxgKrnl","10011","정보",,""
"09:01:20.6726067","DxgKrnl","10011","정보",,""
"09:01:20.6729689","DxgKrnl","10011","정보",,""
"09:01:20.6732485","DxgKrnl","10011","정보",,""
"09:01:20.6732637","DxgKrnl","10011","정보",,""
"09:01:20.6733993","DxgKrnl","10011","정보",,""
"09:01:20.6734012","DxgKrnl","10011","정보",,""
"09:01:20.6747034","DxgKrnl","10011","정보",,""
"09:01:20.6747714","DxgKrnl","10011","정보",,""
"09:01:20.6761550","DxgKrnl","10011","정보",,""
"09:01:20.6778009","DxgKrnl","10011","정보",,""
"09:01:20.6778180","DxgKrnl","10011","정보",,""
"09:01:20.6778242","DxgKrnl","10011","정보",,""
"09:01:20.6778250","DxgKrnl","10011","정보",,""
"09:01:20.6779671","DxgKrnl","10011","정보",,""
"09:01:20.6780237","DxgKrnl","10011","정보",,""
"09:01:20.6782354","DxgKrnl","10011","정보",,""
"09:01:20.6782455","DxgKrnl","10011","정보",,""
"09:01:20.6784665","DxgKrnl","10011","정보",,""
"09:01:20.6785706","DxgKrnl","10011","정보",,""
"09:01:20.6842666","DxgKrnl","10011","정보",,""
"09:01:20.6843331","DxgKrnl","10011","정보",,""
"09:01:20.6843345","DxgKrnl","10011","정보",,""
"09:01:20.6843902","DxgKrnl","10011","정보",,""
"09:01:20.6843920","DxgKrnl","10011","정보",,""
"09:01:20.6844457","DxgKrnl","10011","정보",,""
"09:01:20.6844537","DxgKrnl","10011","정보",,""
"09:01:20.6845069","DxgKrnl","10011","정보",,""
"09:01:20.6852353","DxgKrnl","10011","정보",,""
"09:01:20.6852935","DxgKrnl","10011","정보",,""
"09:01:20.6870373","DxgKrnl","10011","정보",,""
"09:01:20.6871067","DxgKrnl","10011","정보",,""
"09:01:20.6871707","DxgKrnl","10011","정보",,""
"09:01:20.6883844","DxgKrnl","10011","정보",,""
"09:01:20.6889839","DxgKrnl","10011","정보",,""
"09:01:20.6889866","DxgKrnl","10011","정보",,""
"09:01:20.6891375","DxgKrnl","10011","정보",,""
"09:01:20.6906782","DxgKrnl","10011","정보",,""
"09:01:20.6919947","DxgKrnl","10011","정보",,""
"09:01:20.6920128","DxgKrnl","10011","정보",,""
"09:01:20.6920192","DxgKrnl","10011","정보",,""
"09:01:20.6920200","DxgKrnl","10011","정보",,""
"09:01:20.6921517","DxgKrnl","10011","정보",,""
"09:01:20.6921572","DxgKrnl","10011","정보",,""
"09:01:20.6921854","DxgKrnl","10011","정보",,""
"09:01:20.6923142","DxgKrnl","10011","정보",,""
"09:01:20.6923668","DxgKrnl","10011","정보",,""
"09:01:20.6924351","DxgKrnl","10011","정보",,""
"09:01:20.6937649","DxgKrnl","10011","정보",,""
"09:01:20.6938328","DxgKrnl","10011","정보",,""
"09:01:20.7135477","DxgKrnl","10011","정보",,""
"09:01:20.7135839","DxgKrnl","10011","정보",,""
"09:01:20.7136498","DxgKrnl","10011","정보",,""
"09:01:20.7136570","DxgKrnl","10011","정보",,""
"09:01:20.7136591","DxgKrnl","10011","정보",,""
"09:01:20.7181840","DxgKrnl","10011","정보",,""
"09:01:20.7182433","DxgKrnl","10011","정보",,""
"09:01:20.7212909","DxgKrnl","10011","정보",,""
"09:01:20.7213641","DxgKrnl","10011","정보",,""
"09:01:20.7214127","DxgKrnl","10011","정보",,""
"09:01:20.7222444","DxgKrnl","10011","정보",,""
"09:01:20.7222466","DxgKrnl","10011","정보",,""
"09:01:20.7222733","DxgKrnl","10011","정보",,""
"09:01:20.7227938","DxgKrnl","10011","정보",,""
"09:01:20.7228052","DxgKrnl","10011","정보",,""
"09:01:20.7228328","DxgKrnl","10011","정보",,""
"09:01:20.7232317","DxgKrnl","10011","정보",,""
"09:01:20.7232371","DxgKrnl","10011","정보",,""
"09:01:20.7232433","DxgKrnl","10011","정보",,""
"09:01:20.7233691","DxgKrnl","10011","정보",,""
"09:01:20.7233715","DxgKrnl","10011","정보",,""
"09:01:20.7234525","DxgKrnl","10011","정보",,""
"09:01:20.7250406","DxgKrnl","10011","정보",,""
"09:01:20.7251073","DxgKrnl","10011","정보",,""
"09:01:20.7253448","DxgKrnl","10011","정보",,""
"09:01:20.7254247","DxgKrnl","10011","정보",,""
"09:01:20.7465571","DxgKrnl","10011","정보",,""
"09:01:20.7466331","DxgKrnl","10011","정보",,""
"09:01:20.7536096","DxgKrnl","10011","정보",,""
"09:01:20.7537388","DxgKrnl","10011","정보",,""
"09:01:20.7661526","DxgKrnl","10011","정보",,""
"09:01:20.7668683","DxgKrnl","10011","정보",,""
"09:01:21.0172519","DxgKrnl","10011","정보",,""
"09:01:21.0173597","DxgKrnl","10011","정보",,""
"09:01:21.0173616","DxgKrnl","10011","정보",,""
"09:01:21.0174212","DxgKrnl","10011","정보",,""
"09:01:21.0174236","DxgKrnl","10011","정보",,""
"09:01:21.0174812","DxgKrnl","10011","정보",,""
"09:01:21.0175023","DxgKrnl","10011","정보",,""
"09:01:21.0175536","DxgKrnl","10011","정보",,""
"09:24:12.2645496","DxgKrnl","10011","정보",,""
"09:24:12.2645617","DxgKrnl","10011","정보",,""
"09:24:12.2645629","DxgKrnl","10011","정보",,""
"09:24:12.2645639","DxgKrnl","10011","정보",,""
"09:24:12.2645650","DxgKrnl","10011","정보",,""
"09:24:12.2645660","DxgKrnl","10011","정보",,""
"09:24:12.2645671","DxgKrnl","10011","정보",,""
"09:24:12.2645681","DxgKrnl","10011","정보",,""
"09:24:12.2645690","DxgKrnl","10011","정보",,""
"09:24:12.2645700","DxgKrnl","10011","정보",,""
"09:24:12.2645710","DxgKrnl","10011","정보",,""
"09:24:12.5135433","DxgKrnl","10011","정보",,""
"09:24:12.5135901","DxgKrnl","10011","정보",,""
"09:24:12.5136024","DxgKrnl","10011","정보",,""
"09:24:12.5248022","DxgKrnl","10011","정보",,""
"09:24:12.5248089","DxgKrnl","10011","정보",,""
"09:24:12.5248100","DxgKrnl","10011","정보",,""
"09:24:12.5248110","DxgKrnl","10011","정보",,""
"09:24:12.5248118","DxgKrnl","10011","정보",,""
"09:24:12.5248127","DxgKrnl","10011","정보",,""
"09:24:12.5248136","DxgKrnl","10011","정보",,""
"09:24:12.5248145","DxgKrnl","10011","정보",,""
"09:24:12.5248153","DxgKrnl","10011","정보",,""
"09:24:12.5248161","DxgKrnl","10011","정보",,""
"09:24:12.5248169","DxgKrnl","10011","정보",,""
"09:24:12.5248178","DxgKrnl","10011","정보",,""
"09:24:12.5248187","DxgKrnl","10011","정보",,""
"09:24:12.5248214","DxgKrnl","10011","정보",,""
"09:24:12.5248236","DxgKrnl","10011","정보",,""
"09:24:12.5276661","DxgKrnl","10011","정보",,""
"09:24:12.5277498","DxgKrnl","10011","정보",,""
"09:24:12.5297180","DxgKrnl","10011","정보",,""
"09:24:12.5298014","DxgKrnl","10011","정보",,""
"09:24:13.4970881","DxgKrnl","10011","정보",,""
"09:24:13.4978681","DxgKrnl","10011","정보",,""
"09:26:33.8599652","Kernel-PnP","220","시작",,"Begin querying bus relations for device PCI\VEN_1002&DEV_7550&SUBSYS_E4891DA2&REV_C0\6&8916a45&0&00000009"
"09:26:33.8602251","DxgKrnl","10011","정보",,""
"09:26:33.8617654","DxgKrnl","10011","정보",,""
"09:26:33.9503249","Kernel-PnP","222","시작",,"End querying bus relations for device PCI\VEN_1002&DEV_7550&SUBSYS_E4891DA2&REV_C0\6&8916a45&0&00000009"
"09:26:33.9504914","DxgKrnl","10011","정보",,""
"09:26:33.9504931","DxgKrnl","10011","정보",,""
"09:26:33.9505385","Kernel-PnP","1010","시작",,"버스에 누락 된 것으로 보고 된 장치 DISPLAY\SAM79DF\7&16b8ddb4&0&UID256이 (가) 제거 되었습니다. 제거 된 장치 수 | 개수: 1"
"09:26:33.9506667","DxgKrnl","10011","정보",,""
"09:26:33.9507573","DxgKrnl","10011","정보",,""
"09:26:33.9511467","Kernel-PnP","220","시작",,"Begin querying bus relations for device SWD\DRIVERENUM\AMDCP&7&16b8ddb4&0"
"09:26:33.9511496","Kernel-PnP","222","시작",,"End querying bus relations for device SWD\DRIVERENUM\AMDCP&7&16b8ddb4&0"
"09:26:33.9511616","Kernel-PnP","220","시작",,"Begin querying bus relations for device SWD\DRIVERENUM\AMDFDANS&7&16b8ddb4&0"
"09:26:33.9511624","Kernel-PnP","222","시작",,"End querying bus relations for device SWD\DRIVERENUM\AMDFDANS&7&16b8ddb4&0"
"09:26:33.9511718","Kernel-PnP","220","시작",,"Begin querying bus relations for device SWD\DRIVERENUM\AMDOCL&7&16b8ddb4&0"
"09:26:33.9511728","Kernel-PnP","222","시작",,"End querying bus relations for device SWD\DRIVERENUM\AMDOCL&7&16b8ddb4&0"
"09:26:33.9511801","Kernel-PnP","220","시작",,"Begin querying bus relations for device SWD\DRIVERENUM\AMDOGL&7&16b8ddb4&0"
"09:26:33.9511812","Kernel-PnP","222","시작",,"End querying bus relations for device SWD\DRIVERENUM\AMDOGL&7&16b8ddb4&0"
"09:26:33.9511923","Kernel-PnP","220","시작",,"Begin querying bus relations for device SWD\DRIVERENUM\AMDVLK&7&16b8ddb4&0"
"09:26:33.9511930","Kernel-PnP","222","시작",,"End querying bus relations for device SWD\DRIVERENUM\AMDVLK&7&16b8ddb4&0"
"09:26:33.9511993","Kernel-PnP","220","시작",,"Begin querying bus relations for device SWD\DRIVERENUM\AMDWIN&7&16b8ddb4&0"
"09:26:33.9512002","Kernel-PnP","222","시작",,"End querying bus relations for device SWD\DRIVERENUM\AMDWIN&7&16b8ddb4&0"
"09:26:33.9512066","Kernel-PnP","220","시작",,"Begin querying bus relations for device DISPLAY\BBC0104\7&16b8ddb4&0&UID265"
"09:26:33.9512123","Kernel-PnP","222","시작",,"End querying bus relations for device DISPLAY\BBC0104\7&16b8ddb4&0&UID265"
"09:26:33.9512183","Kernel-PnP","220","시작",,"Begin querying bus relations for device DISPLAY\SAM7B0C\7&16b8ddb4&0&UID260"
"09:26:33.9512214","Kernel-PnP","222","시작",,"End querying bus relations for device DISPLAY\SAM7B0C\7&16b8ddb4&0&UID260"
"09:26:33.9525090","Kernel-PnP","808","시작",,"End device add, status (STATUS_SUCCESS)"
"09:26:33.9528460","Kernel-PnP","220","시작",,"Begin querying bus relations for device DISPLAY\SAM79DF\7&16b8ddb4&0&UID256"
"09:26:33.9528495","Kernel-PnP","222","시작",,"End querying bus relations for device DISPLAY\SAM79DF\7&16b8ddb4&0&UID256"
"09:26:33.9531327","DxgKrnl","10011","정보",,""
"09:26:33.9538312","DxgKrnl","10011","정보",,""
"09:26:33.9539234","DxgKrnl","10011","정보",,""
"09:26:33.9540923","DxgKrnl","10011","정보",,""
"09:26:33.9541799","DxgKrnl","10011","정보",,""
"09:26:33.9568107","DxgKrnl","10011","정보",,""
"09:26:33.9569076","DxgKrnl","10011","정보",,""
"09:26:33.9690489","DxgKrnl","10011","정보",,""
"09:26:33.9690879","DxgKrnl","10011","정보",,""
"09:26:33.9691635","DxgKrnl","10011","정보",,""
"09:26:33.9691679","DxgKrnl","10011","정보",,""
"09:26:33.9691702","DxgKrnl","10011","정보",,""
"09:26:33.9735354","DxgKrnl","10011","정보",,""
"09:26:33.9735980","DxgKrnl","10011","정보",,""
"09:26:34.0082614","DxgKrnl","10011","정보",,""
"09:26:34.0083634","DxgKrnl","10011","정보",,""
"09:26:34.0084110","DxgKrnl","10011","정보",,""
"09:26:34.0098304","DxgKrnl","10011","정보",,""
"09:26:34.0098888","DxgKrnl","10011","정보",,""
"09:26:34.0099578","DxgKrnl","10011","정보",,""
"09:26:34.0100153","DxgKrnl","10011","정보",,""
"09:26:34.0100164","DxgKrnl","10011","정보",,""
"09:26:34.0100722","DxgKrnl","10011","정보",,""
"09:26:34.0100744","DxgKrnl","10011","정보",,""
"09:26:34.0101308","DxgKrnl","10011","정보",,""
"09:26:34.0101362","DxgKrnl","10011","정보",,""
"09:26:34.0101954","DxgKrnl","10011","정보",,""
"09:26:34.0120567","DxgKrnl","10011","정보",,""
"09:26:34.0120808","DxgKrnl","10011","정보",,""
"09:26:34.0122704","DxgKrnl","10011","정보",,""
"09:26:34.0122792","DxgKrnl","10011","정보",,""
"09:26:34.0134282","DxgKrnl","10011","정보",,""
"09:26:34.0134995","DxgKrnl","10011","정보",,""
"09:26:34.0300642","DxgKrnl","10011","정보",,""
"09:26:34.0301337","DxgKrnl","10011","정보",,""
"09:26:34.0301375","DxgKrnl","10011","정보",,""
"09:26:34.0301887","DxgKrnl","10011","정보",,""
"09:26:34.0302072","DxgKrnl","10011","정보",,""
"09:26:34.0302616","DxgKrnl","10011","정보",,""
"09:26:34.0302668","DxgKrnl","10011","정보",,""
"09:26:34.0303170","DxgKrnl","10011","정보",,""
"09:26:34.0308894","DxgKrnl","10011","정보",,""
"09:26:34.0309649","DxgKrnl","10011","정보",,""
"09:26:34.0361907","DxgKrnl","10011","정보",,""
"09:26:34.0373790","DxgKrnl","10011","정보",,""
"09:26:34.0390242","DxgKrnl","10011","정보",,""
"09:26:34.0392362","DxgKrnl","10011","정보",,""
"09:26:34.0437057","DxgKrnl","10011","정보",,""
"09:26:34.0444507","DxgKrnl","10011","정보",,""
"09:26:34.0455089","DxgKrnl","10011","정보",,""
"09:26:34.0455954","DxgKrnl","10011","정보",,""
"09:26:34.1155975","DxgKrnl","10011","정보",,""
"09:26:34.1174773","DxgKrnl","10011","정보",,""
"09:26:34.1176857","DxgKrnl","10011","정보",,""
"09:26:34.1185970","DxgKrnl","10011","정보",,""
"09:26:34.1186720","DxgKrnl","10011","정보",,""
"09:26:34.1191264","DxgKrnl","10011","정보",,""
"09:26:34.1192516","DxgKrnl","10011","정보",,""
"09:26:34.1193329","DxgKrnl","10011","정보",,""
"09:26:34.1199286","DxgKrnl","10011","정보",,""
"09:26:34.1200152","DxgKrnl","10011","정보",,""
"09:26:34.1201587","DxgKrnl","10011","정보",,""
"09:26:34.1281446","DxgKrnl","10011","정보",,""
"09:26:34.1281931","DxgKrnl","10011","정보",,""
"09:26:34.1283167","DxgKrnl","10011","정보",,""
"09:26:34.1283172","DxgKrnl","10011","정보",,""
"09:26:34.1295622","DxgKrnl","10011","정보",,""
"09:26:34.1296475","DxgKrnl","10011","정보",,""
"09:26:34.1300500","DxgKrnl","10011","정보",,""
"09:26:34.1300709","DxgKrnl","10011","정보",,""
"09:26:34.1302485","DxgKrnl","10011","정보",,""
"09:26:34.1302562","DxgKrnl","10011","정보",,""
"09:26:34.1307388","DxgKrnl","10011","정보",,""
"09:26:34.1309800","DxgKrnl","10011","정보",,""
"09:26:34.1335685","DxgKrnl","10011","정보",,""
"09:26:34.1351338","DxgKrnl","10011","정보",,""
"09:26:34.1351473","DxgKrnl","10011","정보",,""
"09:26:34.1351481","DxgKrnl","10011","정보",,""
"09:26:34.1355562","DxgKrnl","10011","정보",,""
"09:26:34.1356455","DxgKrnl","10011","정보",,""
"09:26:34.1359193","DxgKrnl","10011","정보",,""
"09:26:34.1359942","DxgKrnl","10011","정보",,""
"09:26:34.1444150","DxgKrnl","10011","정보",,""
"09:26:34.1444874","DxgKrnl","10011","정보",,""
"09:26:34.1445589","DxgKrnl","10011","정보",,""
"09:26:34.1466663","DxgKrnl","10011","정보",,""
"09:26:34.1479485","DxgKrnl","10011","정보",,""
"09:26:34.1479611","DxgKrnl","10011","정보",,""
"09:26:34.1479619","DxgKrnl","10011","정보",,""
"09:26:34.1483052","DxgKrnl","10011","정보",,""
"09:26:34.1483808","DxgKrnl","10011","정보",,""
"09:26:34.1499753","DxgKrnl","10011","정보",,""
"09:26:34.1500682","DxgKrnl","10011","정보",,""
"09:26:34.2181953","DxgKrnl","10011","정보",,""
"09:26:34.2182640","DxgKrnl","10011","정보",,""
"09:26:34.2182655","DxgKrnl","10011","정보",,""
"09:26:34.2183192","DxgKrnl","10011","정보",,""
"09:26:34.2183212","DxgKrnl","10011","정보",,""
"09:26:34.2183765","DxgKrnl","10011","정보",,""
"09:26:34.2183936","DxgKrnl","10011","정보",,""
"09:26:34.2184470","DxgKrnl","10011","정보",,""
"09:26:34.2232666","Kernel-PnP","220","시작",,"Begin querying bus relations for device PCI\VEN_1002&DEV_7550&SUBSYS_E4891DA2&REV_C0\6&8916a45&0&00000009"
"09:26:34.2472104","Kernel-PnP","222","시작",,"End querying bus relations for device PCI\VEN_1002&DEV_7550&SUBSYS_E4891DA2&REV_C0\6&8916a45&0&00000009"
"09:26:34.2472496","DxgKrnl","10011","정보",,""
"09:26:34.2472559","DxgKrnl","10011","정보",,""
"09:26:34.2472580","DxgKrnl","10011","정보",,""
"09:26:34.2474276","Kernel-PnP","1010","시작",,"버스에 누락 된 것으로 보고 된 장치 DISPLAY\SAM7B0C\7&16b8ddb4&0&UID260이 (가) 제거 되었습니다. 제거 된 장치 수 | 개수: 1"
"09:26:34.2475401","DxgKrnl","10011","정보",,""
"09:26:34.2476787","DxgKrnl","10011","정보",,""
"09:26:34.2477934","DxgKrnl","10011","정보",,""
"09:26:34.2479005","Kernel-PnP","220","시작",,"Begin querying bus relations for device SWD\DRIVERENUM\AMDCP&7&16b8ddb4&0"
"09:26:34.2479033","Kernel-PnP","222","시작",,"End querying bus relations for device SWD\DRIVERENUM\AMDCP&7&16b8ddb4&0"
"09:26:34.2479188","Kernel-PnP","220","시작",,"Begin querying bus relations for device SWD\DRIVERENUM\AMDFDANS&7&16b8ddb4&0"
"09:26:34.2479199","Kernel-PnP","222","시작",,"End querying bus relations for device SWD\DRIVERENUM\AMDFDANS&7&16b8ddb4&0"
"09:26:34.2479264","Kernel-PnP","220","시작",,"Begin querying bus relations for device SWD\DRIVERENUM\AMDOCL&7&16b8ddb4&0"
"09:26:34.2479276","Kernel-PnP","222","시작",,"End querying bus relations for device SWD\DRIVERENUM\AMDOCL&7&16b8ddb4&0"
"09:26:34.2479337","Kernel-PnP","220","시작",,"Begin querying bus relations for device SWD\DRIVERENUM\AMDOGL&7&16b8ddb4&0"
"09:26:34.2479347","Kernel-PnP","222","시작",,"End querying bus relations for device SWD\DRIVERENUM\AMDOGL&7&16b8ddb4&0"
"09:26:34.2479439","Kernel-PnP","220","시작",,"Begin querying bus relations for device SWD\DRIVERENUM\AMDVLK&7&16b8ddb4&0"
"09:26:34.2479448","Kernel-PnP","222","시작",,"End querying bus relations for device SWD\DRIVERENUM\AMDVLK&7&16b8ddb4&0"
"09:26:34.2479506","Kernel-PnP","220","시작",,"Begin querying bus relations for device SWD\DRIVERENUM\AMDWIN&7&16b8ddb4&0"
"09:26:34.2479514","Kernel-PnP","222","시작",,"End querying bus relations for device SWD\DRIVERENUM\AMDWIN&7&16b8ddb4&0"
"09:26:34.2479579","Kernel-PnP","220","시작",,"Begin querying bus relations for device DISPLAY\BBC0104\7&16b8ddb4&0&UID265"
"09:26:34.2479630","Kernel-PnP","222","시작",,"End querying bus relations for device DISPLAY\BBC0104\7&16b8ddb4&0&UID265"
"09:26:34.2479693","Kernel-PnP","220","시작",,"Begin querying bus relations for device DISPLAY\SAM79DF\7&16b8ddb4&0&UID256"
"09:26:34.2479722","Kernel-PnP","222","시작",,"End querying bus relations for device DISPLAY\SAM79DF\7&16b8ddb4&0&UID256"
"09:26:34.2532663","DxgKrnl","10011","정보",,""
"09:26:34.2533332","DxgKrnl","10011","정보",,""
"09:26:34.2772999","DxgKrnl","10011","정보",,""
"09:26:34.2773789","DxgKrnl","10011","정보",,""
"09:26:34.2831331","DxgKrnl","10011","정보",,""
"09:26:34.2831723","DxgKrnl","10011","정보",,""
"09:26:34.2832410","DxgKrnl","10011","정보",,""
"09:26:34.2832452","DxgKrnl","10011","정보",,""
"09:26:34.2832472","DxgKrnl","10011","정보",,""
"09:26:34.2835520","DxgKrnl","10011","정보",,""
"09:26:34.2836092","DxgKrnl","10011","정보",,""
"09:26:34.2975640","DxgKrnl","10011","정보",,""
"09:26:34.2976099","DxgKrnl","10011","정보",,""
"09:26:34.2976562","DxgKrnl","10011","정보",,""
"09:26:34.2982952","DxgKrnl","10011","정보",,""
"09:26:34.2983271","DxgKrnl","10011","정보",,""
"09:26:34.2984411","DxgKrnl","10011","정보",,""
"09:26:34.2984761","DxgKrnl","10011","정보",,""
"09:26:34.2984777","DxgKrnl","10011","정보",,""
"09:26:34.2985107","DxgKrnl","10011","정보",,""
"09:26:34.3003816","DxgKrnl","10011","정보",,""
"09:26:34.3004739","DxgKrnl","10011","정보",,""
"09:26:34.3040131","DxgKrnl","10011","정보",,""
"09:26:34.3040579","DxgKrnl","10011","정보",,""
"09:26:34.3052502","DxgKrnl","10011","정보",,""
"09:26:34.3060103","DxgKrnl","10011","정보",,""
"09:26:34.3907850","DxgKrnl","10011","정보",,""
"09:26:34.3908472","DxgKrnl","10011","정보",,""
"09:26:34.3908487","DxgKrnl","10011","정보",,""
"09:26:34.3908964","DxgKrnl","10011","정보",,""
"09:26:34.3915809","DxgKrnl","10011","정보",,""
"09:26:34.3916147","DxgKrnl","10011","정보",,""
"09:26:34.3954021","DxgKrnl","10011","정보",,""
"09:26:34.3954696","DxgKrnl","10011","정보",,""
"09:26:34.3973495","DxgKrnl","10011","정보",,""
"09:26:34.3973972","DxgKrnl","10011","정보",,""
"09:26:34.3989480","DxgKrnl","10011","정보",,""
"09:26:34.3989910","DxgKrnl","10011","정보",,""
"09:26:34.4005562","DxgKrnl","10011","정보",,""
"09:26:34.4006006","DxgKrnl","10011","정보",,""
"09:26:34.4021407","DxgKrnl","10011","정보",,""
"09:26:34.4021841","DxgKrnl","10011","정보",,""
"09:26:34.4037713","DxgKrnl","10011","정보",,""
"09:26:34.4038161","DxgKrnl","10011","정보",,""
"09:26:34.4355589","DxgKrnl","10011","정보",,""
"09:26:34.4363935","DxgKrnl","10011","정보",,""
"09:26:34.4365965","DxgKrnl","10011","정보",,""
"09:26:34.4375841","DxgKrnl","10011","정보",,""
"09:26:34.4384617","DxgKrnl","10011","정보",,""
"09:26:34.4385198","DxgKrnl","10011","정보",,""
"09:26:34.4401380","DxgKrnl","10011","정보",,""
"09:26:34.4402161","DxgKrnl","10011","정보",,""
"09:26:34.4402679","DxgKrnl","10011","정보",,""
"09:26:34.4413721","DxgKrnl","10011","정보",,""
"09:26:34.4414155","DxgKrnl","10011","정보",,""
"09:26:34.4431919","DxgKrnl","10011","정보",,""
"09:26:34.4432407","DxgKrnl","10011","정보",,""
"09:26:34.4462667","DxgKrnl","10011","정보",,""
"09:26:34.4466605","DxgKrnl","10011","정보",,""
"09:26:34.4466735","DxgKrnl","10011","정보",,""
"09:26:34.4466744","DxgKrnl","10011","정보",,""
"09:26:34.4468517","DxgKrnl","10011","정보",,""
"09:26:34.4469224","DxgKrnl","10011","정보",,""
"09:26:34.4473081","DxgKrnl","10011","정보",,""
"09:26:34.4473972","DxgKrnl","10011","정보",,""
"09:26:34.4894945","DxgKrnl","10011","정보",,""
"09:26:34.4895588","DxgKrnl","10011","정보",,""
"09:26:34.6898660","DxgKrnl","10011","정보",,""
"09:26:34.6906059","DxgKrnl","10011","정보",,""
"09:26:37.5563684","DxgKrnl","10011","정보",,""
"09:26:37.5566185","DxgKrnl","10011","정보",,""
"09:26:37.8049808","Kernel-PnP","220","시작",,"Begin querying bus relations for device PCI\VEN_1002&DEV_7550&SUBSYS_E4891DA2&REV_C0\6&8916a45&0&00000009"
"09:26:37.8051482","DxgKrnl","10011","정보",,""
"09:26:37.8051636","DxgKrnl","10011","정보",,""
"09:26:37.8052440","DxgKrnl","10011","정보",,""
"09:26:37.8052916","DxgKrnl","10011","정보",,""
"09:26:37.8054928","DxgKrnl","10011","정보",,""
"09:26:37.8055741","DxgKrnl","10011","정보",,""
"09:26:37.8069442","DxgKrnl","10011","정보",,""
"09:26:37.8070019","DxgKrnl","10011","정보",,""
"09:26:37.8085337","DxgKrnl","10011","정보",,""
"09:26:37.8108571","DxgKrnl","10011","정보",,""
"09:26:37.8113506","Kernel-PnP","222","시작",,"End querying bus relations for device PCI\VEN_1002&DEV_7550&SUBSYS_E4891DA2&REV_C0\6&8916a45&0&00000009"
"09:26:37.8114211","Kernel-PnP","220","시작",,"Begin querying bus relations for device SWD\DRIVERENUM\AMDCP&7&16b8ddb4&0"
"09:26:37.8114226","Kernel-PnP","222","시작",,"End querying bus relations for device SWD\DRIVERENUM\AMDCP&7&16b8ddb4&0"
"09:26:37.8114286","Kernel-PnP","220","시작",,"Begin querying bus relations for device SWD\DRIVERENUM\AMDFDANS&7&16b8ddb4&0"
"09:26:37.8114294","Kernel-PnP","222","시작",,"End querying bus relations for device SWD\DRIVERENUM\AMDFDANS&7&16b8ddb4&0"
"09:26:37.8114337","Kernel-PnP","220","시작",,"Begin querying bus relations for device SWD\DRIVERENUM\AMDOCL&7&16b8ddb4&0"
"09:26:37.8114345","Kernel-PnP","222","시작",,"End querying bus relations for device SWD\DRIVERENUM\AMDOCL&7&16b8ddb4&0"
"09:26:37.8114387","Kernel-PnP","220","시작",,"Begin querying bus relations for device SWD\DRIVERENUM\AMDOGL&7&16b8ddb4&0"
"09:26:37.8114394","Kernel-PnP","222","시작",,"End querying bus relations for device SWD\DRIVERENUM\AMDOGL&7&16b8ddb4&0"
"09:26:37.8114453","Kernel-PnP","220","시작",,"Begin querying bus relations for device SWD\DRIVERENUM\AMDVLK&7&16b8ddb4&0"
"09:26:37.8114461","Kernel-PnP","222","시작",,"End querying bus relations for device SWD\DRIVERENUM\AMDVLK&7&16b8ddb4&0"
"09:26:37.8114530","Kernel-PnP","220","시작",,"Begin querying bus relations for device SWD\DRIVERENUM\AMDWIN&7&16b8ddb4&0"
"09:26:37.8114538","Kernel-PnP","222","시작",,"End querying bus relations for device SWD\DRIVERENUM\AMDWIN&7&16b8ddb4&0"
"09:26:37.8114612","Kernel-PnP","220","시작",,"Begin querying bus relations for device DISPLAY\BBC0104\7&16b8ddb4&0&UID265"
"09:26:37.8114661","Kernel-PnP","222","시작",,"End querying bus relations for device DISPLAY\BBC0104\7&16b8ddb4&0&UID265"
"09:26:37.8114709","Kernel-PnP","220","시작",,"Begin querying bus relations for device DISPLAY\SAM79DF\7&16b8ddb4&0&UID256"
"09:26:37.8114730","Kernel-PnP","222","시작",,"End querying bus relations for device DISPLAY\SAM79DF\7&16b8ddb4&0&UID256"
"09:26:37.8168603","Kernel-PnP","808","시작",,"End device add, status (STATUS_SUCCESS)"
"09:26:37.8169303","DxgKrnl","10011","정보",,""
"09:26:37.8169653","DxgKrnl","10011","정보",,""
"09:26:37.8170443","DxgKrnl","10011","정보",,""
"09:26:37.8170494","DxgKrnl","10011","정보",,""
"09:26:37.8170518","DxgKrnl","10011","정보",,""
"09:26:37.8214447","DxgKrnl","10011","정보",,""
"09:26:37.8215000","DxgKrnl","10011","정보",,""
"09:26:37.8215926","Kernel-PnP","220","시작",,"Begin querying bus relations for device DISPLAY\SAM7B0C\7&16b8ddb4&0&UID260"
"09:26:37.8215956","Kernel-PnP","222","시작",,"End querying bus relations for device DISPLAY\SAM7B0C\7&16b8ddb4&0&UID260"
"09:26:37.8221771","DxgKrnl","10011","정보",,""
"09:26:37.8417696","DxgKrnl","10011","정보",,""
"09:26:37.8418503","DxgKrnl","10011","정보",,""
"09:26:37.8418936","DxgKrnl","10011","정보",,""
"09:26:37.8432421","DxgKrnl","10011","정보",,""
"09:26:37.8432918","DxgKrnl","10011","정보",,""
"09:26:37.8434284","DxgKrnl","10011","정보",,""
"09:26:37.8434829","DxgKrnl","10011","정보",,""
"09:26:37.8434849","DxgKrnl","10011","정보",,""
"09:26:37.8435428","DxgKrnl","10011","정보",,""
"09:26:37.8435450","DxgKrnl","10011","정보",,""
"09:26:37.8435951","DxgKrnl","10011","정보",,""
"09:26:37.8436013","DxgKrnl","10011","정보",,""
"09:26:37.8436559","DxgKrnl","10011","정보",,""
"09:26:37.8459656","DxgKrnl","10011","정보",,""
"09:26:37.8460017","DxgKrnl","10011","정보",,""
"09:26:37.8462304","DxgKrnl","10011","정보",,""
"09:26:37.8462477","DxgKrnl","10011","정보",,""
"09:26:37.8552925","DxgKrnl","10011","정보",,""
"09:26:37.8553589","DxgKrnl","10011","정보",,""
"09:26:37.8555843","DxgKrnl","10011","정보",,""
"09:26:37.8556869","DxgKrnl","10011","정보",,""
"09:26:37.8556890","DxgKrnl","10011","정보",,""
"09:26:37.8557489","DxgKrnl","10011","정보",,""
"09:26:37.8557508","DxgKrnl","10011","정보",,""
"09:26:37.8558105","DxgKrnl","10011","정보",,""
"09:26:37.8558181","DxgKrnl","10011","정보",,""
"09:26:37.8558720","DxgKrnl","10011","정보",,""
"09:26:37.8563009","DxgKrnl","10011","정보",,""
"09:26:37.8563526","DxgKrnl","10011","정보",,""
"09:26:37.8597474","DxgKrnl","10011","정보",,""
"09:26:37.8598113","DxgKrnl","10011","정보",,""
"09:26:37.8658494","DxgKrnl","10011","정보",,""
"09:26:37.8663925","DxgKrnl","10011","정보",,""
"09:26:37.8740239","DxgKrnl","10011","정보",,""
"09:26:37.8740587","DxgKrnl","10011","정보",,""
"09:26:37.8741226","DxgKrnl","10011","정보",,""
"09:26:37.8741279","DxgKrnl","10011","정보",,""
"09:26:37.8741302","DxgKrnl","10011","정보",,""
"09:26:37.8785783","DxgKrnl","10011","정보",,""
"09:26:37.8786544","DxgKrnl","10011","정보",,""
"09:26:37.8816254","DxgKrnl","10011","정보",,""
"09:26:37.8816864","DxgKrnl","10011","정보",,""
"09:26:37.8817256","DxgKrnl","10011","정보",,""
"09:26:37.8818460","DxgKrnl","10011","정보",,""
"09:26:37.8818482","DxgKrnl","10011","정보",,""
"09:26:37.8818538","DxgKrnl","10011","정보",,""
"09:26:37.8819245","DxgKrnl","10011","정보",,""
"09:26:37.8819520","DxgKrnl","10011","정보",,""
"09:26:37.8821994","DxgKrnl","10011","정보",,""
"09:26:37.8822019","DxgKrnl","10011","정보",,""
"09:26:37.8822091","DxgKrnl","10011","정보",,""
"09:26:37.8859370","DxgKrnl","10011","정보",,""
"09:26:37.8860035","DxgKrnl","10011","정보",,""
"09:26:37.8922818","DxgKrnl","10011","정보",,""
"09:26:37.8923425","DxgKrnl","10011","정보",,""
"09:26:37.9973544","DxgKrnl","10011","정보",,""
"09:26:37.9981345","DxgKrnl","10011","정보",,""
"09:26:38.0057625","DxgKrnl","10011","정보",,""
"09:26:38.0062694","DxgKrnl","10011","정보",,""
"09:26:38.0080063","DxgKrnl","10011","정보",,""
"09:26:38.0081084","DxgKrnl","10011","정보",,""
"09:26:38.0099208","DxgKrnl","10011","정보",,""
"09:26:38.0099981","DxgKrnl","10011","정보",,""
"09:26:38.0106140","DxgKrnl","10011","정보",,""
"09:26:38.0106818","DxgKrnl","10011","정보",,""
"09:26:38.0106869","DxgKrnl","10011","정보",,""
"09:26:38.0108393","DxgKrnl","10011","정보",,""
"09:26:38.0108436","DxgKrnl","10011","정보",,""
"09:26:38.0116308","DxgKrnl","10011","정보",,""
"09:26:38.0117011","DxgKrnl","10011","정보",,""
"09:26:38.0137028","DxgKrnl","10011","정보",,""
"09:26:38.0153248","DxgKrnl","10011","정보",,""
"09:26:38.0153380","DxgKrnl","10011","정보",,""
"09:26:38.0153388","DxgKrnl","10011","정보",,""
"09:26:38.0157656","DxgKrnl","10011","정보",,""
"09:26:38.0158584","DxgKrnl","10011","정보",,""
"09:26:38.0169727","DxgKrnl","10011","정보",,""
"09:26:38.0172080","DxgKrnl","10011","정보",,""
"09:26:38.0246876","DxgKrnl","10011","정보",,""
"09:26:38.0248029","DxgKrnl","10011","정보",,""
"09:26:38.0248119","DxgKrnl","10011","정보",,""
"09:26:38.0249276","DxgKrnl","10011","정보",,""
"09:26:38.0249315","DxgKrnl","10011","정보",,""
"09:26:38.0269651","DxgKrnl","10011","정보",,""
"09:26:38.0283231","DxgKrnl","10011","정보",,""
"09:26:38.0283357","DxgKrnl","10011","정보",,""
"09:26:38.0283366","DxgKrnl","10011","정보",,""
"09:26:38.0289650","DxgKrnl","10011","정보",,""
"09:26:38.0289742","DxgKrnl","10011","정보",,""
"09:26:38.0292320","DxgKrnl","10011","정보",,""
"09:26:38.0293033","DxgKrnl","10011","정보",,""
"09:26:38.0711370","DxgKrnl","10011","정보",,""
"09:26:38.0718811","DxgKrnl","10011","정보",,""
"09:26:38.0860284","DxgKrnl","10011","정보",,""
"09:26:38.0860975","DxgKrnl","10011","정보",,""
"09:26:38.1833500","DxgKrnl","10011","정보",,""
"09:26:38.1835605","DxgKrnl","10011","정보",,""
"09:26:38.1835630","DxgKrnl","10011","정보",,""
"09:26:38.1837274","DxgKrnl","10011","정보",,""
"09:26:38.1837303","DxgKrnl","10011","정보",,""
"09:26:38.1838813","DxgKrnl","10011","정보",,""
"09:26:38.1839165","DxgKrnl","10011","정보",,""
"09:26:38.1840038","DxgKrnl","10011","정보",,""
"09:27:15.3858970","Kernel-PnP","220","시작",,"Begin querying bus relations for device PCI\VEN_1002&DEV_7550&SUBSYS_E4891DA2&REV_C0\6&8916a45&0&00000009"
"09:27:15.3861628","DxgKrnl","10011","정보",,""
"09:27:15.4228883","DxgKrnl","10011","정보",,""
"09:27:15.4231240","DxgKrnl","10011","정보",,""
"09:27:15.4231531","DxgKrnl","10011","정보",,""
"09:27:15.4233635","Kernel-PnP","222","시작",,"End querying bus relations for device PCI\VEN_1002&DEV_7550&SUBSYS_E4891DA2&REV_C0\6&8916a45&0&00000009"
"09:27:15.4235483","DxgKrnl","10011","정보",,""
"09:27:15.4235579","Kernel-PnP","1010","시작",,"버스에 누락 된 것으로 보고 된 장치 DISPLAY\SAM7B0C\7&16b8ddb4&0&UID260이 (가) 제거 되었습니다. 제거 된 장치 수 | 개수: 1"
"09:27:15.4236395","DxgKrnl","10011","정보",,""
"09:27:15.4242463","Kernel-PnP","220","시작",,"Begin querying bus relations for device SWD\DRIVERENUM\AMDCP&7&16b8ddb4&0"
"09:27:15.4242509","Kernel-PnP","222","시작",,"End querying bus relations for device SWD\DRIVERENUM\AMDCP&7&16b8ddb4&0"
"09:27:15.4242633","Kernel-PnP","220","시작",,"Begin querying bus relations for device SWD\DRIVERENUM\AMDFDANS&7&16b8ddb4&0"
"09:27:15.4242642","Kernel-PnP","222","시작",,"End querying bus relations for device SWD\DRIVERENUM\AMDFDANS&7&16b8ddb4&0"
"09:27:15.4242744","Kernel-PnP","220","시작",,"Begin querying bus relations for device SWD\DRIVERENUM\AMDOCL&7&16b8ddb4&0"
"09:27:15.4242755","Kernel-PnP","222","시작",,"End querying bus relations for device SWD\DRIVERENUM\AMDOCL&7&16b8ddb4&0"
"09:27:15.4242814","Kernel-PnP","220","시작",,"Begin querying bus relations for device SWD\DRIVERENUM\AMDOGL&7&16b8ddb4&0"
"09:27:15.4242824","Kernel-PnP","222","시작",,"End querying bus relations for device SWD\DRIVERENUM\AMDOGL&7&16b8ddb4&0"
"09:27:15.4243006","Kernel-PnP","220","시작",,"Begin querying bus relations for device SWD\DRIVERENUM\AMDVLK&7&16b8ddb4&0"
"09:27:15.4243032","Kernel-PnP","222","시작",,"End querying bus relations for device SWD\DRIVERENUM\AMDVLK&7&16b8ddb4&0"
"09:27:15.4243128","Kernel-PnP","220","시작",,"Begin querying bus relations for device SWD\DRIVERENUM\AMDWIN&7&16b8ddb4&0"
"09:27:15.4243140","Kernel-PnP","222","시작",,"End querying bus relations for device SWD\DRIVERENUM\AMDWIN&7&16b8ddb4&0"
"09:27:15.4243200","Kernel-PnP","220","시작",,"Begin querying bus relations for device DISPLAY\BBC0104\7&16b8ddb4&0&UID265"
"09:27:15.4243256","Kernel-PnP","222","시작",,"End querying bus relations for device DISPLAY\BBC0104\7&16b8ddb4&0&UID265"
"09:27:15.4243323","Kernel-PnP","220","시작",,"Begin querying bus relations for device DISPLAY\SAM79DF\7&16b8ddb4&0&UID256"
"09:27:15.4243351","Kernel-PnP","222","시작",,"End querying bus relations for device DISPLAY\SAM79DF\7&16b8ddb4&0&UID256"
"09:27:15.4253141","DxgKrnl","10011","정보",,""
"09:27:15.4256409","DxgKrnl","10011","정보",,""
"09:27:15.4260584","Kernel-PnP","808","시작",,"End device add, status (STATUS_SUCCESS)"
"09:27:15.4263987","Kernel-PnP","220","시작",,"Begin querying bus relations for device DISPLAY\Default_Monitor\7&16b8ddb4&0&UID260"
"09:27:15.4264015","Kernel-PnP","222","시작",,"End querying bus relations for device DISPLAY\Default_Monitor\7&16b8ddb4&0&UID260"
"09:27:15.4268229","DxgKrnl","10011","정보",,""
"09:27:15.4301488","DxgKrnl","10011","정보",,""
"09:27:15.4302376","DxgKrnl","10011","정보",,""
"09:27:15.4410722","DxgKrnl","10011","정보",,""
"09:27:15.4411235","DxgKrnl","10011","정보",,""
"09:27:15.4412164","DxgKrnl","10011","정보",,""
"09:27:15.4412222","DxgKrnl","10011","정보",,""
"09:27:15.4412246","DxgKrnl","10011","정보",,""
"09:27:15.4447366","DxgKrnl","10011","정보",,""
"09:27:15.4448110","DxgKrnl","10011","정보",,""
"09:27:15.5187625","DxgKrnl","10011","정보",,""
"09:27:15.5188522","DxgKrnl","10011","정보",,""
"09:27:15.5189077","DxgKrnl","10011","정보",,""
"09:27:15.5201450","DxgKrnl","10011","정보",,""
"09:27:15.5202167","DxgKrnl","10011","정보",,""
"09:27:15.5203661","DxgKrnl","10011","정보",,""
"09:27:15.5204362","DxgKrnl","10011","정보",,""
"09:27:15.5204379","DxgKrnl","10011","정보",,""
"09:27:15.5205101","DxgKrnl","10011","정보",,""
"09:27:15.5205113","DxgKrnl","10011","정보",,""
"09:27:15.5205798","DxgKrnl","10011","정보",,""
"09:27:15.5205829","DxgKrnl","10011","정보",,""
"09:27:15.5206580","DxgKrnl","10011","정보",,""
"09:27:15.5206640","DxgKrnl","10011","정보",,""
"09:27:15.5207279","DxgKrnl","10011","정보",,""
"09:27:15.5207314","DxgKrnl","10011","정보",,""
"09:27:15.5208020","DxgKrnl","10011","정보",,""
"09:27:15.5228006","DxgKrnl","10011","정보",,""
"09:27:15.5228093","DxgKrnl","10011","정보",,""
"09:27:15.5228434","DxgKrnl","10011","정보",,""
"09:27:15.5230407","DxgKrnl","10011","정보",,""
"09:27:15.5232852","DxgKrnl","10011","정보",,""
"09:27:15.5233004","DxgKrnl","10011","정보",,""
"09:27:15.5265329","DxgKrnl","10011","정보",,""
"09:27:15.5266103","DxgKrnl","10011","정보",,""
"09:27:15.5399221","DxgKrnl","10011","정보",,""
"09:27:15.5400042","DxgKrnl","10011","정보",,""
"09:27:15.5400059","DxgKrnl","10011","정보",,""
"09:27:15.5400792","DxgKrnl","10011","정보",,""
"09:27:15.5400818","DxgKrnl","10011","정보",,""
"09:27:15.5401518","DxgKrnl","10011","정보",,""
"09:27:15.5401549","DxgKrnl","10011","정보",,""
"09:27:15.5402261","DxgKrnl","10011","정보",,""
"09:27:15.5402335","DxgKrnl","10011","정보",,""
"09:27:15.5403033","DxgKrnl","10011","정보",,""
"09:27:15.5403069","DxgKrnl","10011","정보",,""
"09:27:15.5403746","DxgKrnl","10011","정보",,""
"09:27:15.5409837","DxgKrnl","10011","정보",,""
"09:27:15.5410528","DxgKrnl","10011","정보",,""
"09:27:15.5465831","DxgKrnl","10011","정보",,""
"09:27:15.5481775","DxgKrnl","10011","정보",,""
"09:27:15.5496047","DxgKrnl","10011","정보",,""
"09:27:15.5496815","DxgKrnl","10011","정보",,""
"09:27:15.5539592","DxgKrnl","10011","정보",,""
"09:27:15.5545288","DxgKrnl","10011","정보",,""
"09:27:15.5547688","DxgKrnl","10011","정보",,""
"09:27:15.5548998","DxgKrnl","10011","정보",,""
"09:27:15.5820383","Kernel-PnP","220","시작",,"Begin querying bus relations for device PCI\VEN_1002&DEV_7550&SUBSYS_E4891DA2&REV_C0\6&8916a45&0&00000009"
"09:27:15.6358746","Kernel-PnP","222","시작",,"End querying bus relations for device PCI\VEN_1002&DEV_7550&SUBSYS_E4891DA2&REV_C0\6&8916a45&0&00000009"
"09:27:15.6360276","DxgKrnl","10011","정보",,""
"09:27:15.6360338","DxgKrnl","10011","정보",,""
"09:27:15.6360815","Kernel-PnP","1010","시작",,"버스에 누락 된 것으로 보고 된 장치 DISPLAY\Default_Monitor\7&16b8ddb4&0&UID260이 (가) 제거 되었습니다. 제거 된 장치 수 | 개수: 1"
"09:27:15.6364872","DxgKrnl","10011","정보",,""
"09:27:15.6365248","DxgKrnl","10011","정보",,""
"09:27:15.6366735","Kernel-PnP","220","시작",,"Begin querying bus relations for device SWD\DRIVERENUM\AMDCP&7&16b8ddb4&0"
"09:27:15.6366783","Kernel-PnP","222","시작",,"End querying bus relations for device SWD\DRIVERENUM\AMDCP&7&16b8ddb4&0"
"09:27:15.6367057","Kernel-PnP","220","시작",,"Begin querying bus relations for device SWD\DRIVERENUM\AMDFDANS&7&16b8ddb4&0"
"09:27:15.6367079","Kernel-PnP","222","시작",,"End querying bus relations for device SWD\DRIVERENUM\AMDFDANS&7&16b8ddb4&0"
"09:27:15.6367164","Kernel-PnP","220","시작",,"Begin querying bus relations for device SWD\DRIVERENUM\AMDOCL&7&16b8ddb4&0"
"09:27:15.6367175","Kernel-PnP","222","시작",,"End querying bus relations for device SWD\DRIVERENUM\AMDOCL&7&16b8ddb4&0"
"09:27:15.6367231","Kernel-PnP","220","시작",,"Begin querying bus relations for device SWD\DRIVERENUM\AMDOGL&7&16b8ddb4&0"
"09:27:15.6367242","Kernel-PnP","222","시작",,"End querying bus relations for device SWD\DRIVERENUM\AMDOGL&7&16b8ddb4&0"
"09:27:15.6367301","Kernel-PnP","220","시작",,"Begin querying bus relations for device SWD\DRIVERENUM\AMDVLK&7&16b8ddb4&0"
"09:27:15.6367313","Kernel-PnP","222","시작",,"End querying bus relations for device SWD\DRIVERENUM\AMDVLK&7&16b8ddb4&0"
"09:27:15.6367369","Kernel-PnP","220","시작",,"Begin querying bus relations for device SWD\DRIVERENUM\AMDWIN&7&16b8ddb4&0"
"09:27:15.6367378","Kernel-PnP","222","시작",,"End querying bus relations for device SWD\DRIVERENUM\AMDWIN&7&16b8ddb4&0"
"09:27:15.6367438","Kernel-PnP","220","시작",,"Begin querying bus relations for device DISPLAY\BBC0104\7&16b8ddb4&0&UID265"
"09:27:15.6367503","Kernel-PnP","222","시작",,"End querying bus relations for device DISPLAY\BBC0104\7&16b8ddb4&0&UID265"
"09:27:15.6367625","Kernel-PnP","220","시작",,"Begin querying bus relations for device DISPLAY\SAM79DF\7&16b8ddb4&0&UID256"
"09:27:15.6367664","Kernel-PnP","222","시작",,"End querying bus relations for device DISPLAY\SAM79DF\7&16b8ddb4&0&UID256"
"09:27:15.6432205","DxgKrnl","10011","정보",,""
"09:27:15.6433117","DxgKrnl","10011","정보",,""
"09:27:15.6603847","DxgKrnl","10011","정보",,""
"09:27:15.6604641","DxgKrnl","10011","정보",,""
"09:27:15.6675036","DxgKrnl","10011","정보",,""
"09:27:15.6675395","DxgKrnl","10011","정보",,""
"09:27:15.6676219","DxgKrnl","10011","정보",,""
"09:27:15.6676256","DxgKrnl","10011","정보",,""
"09:27:15.6676277","DxgKrnl","10011","정보",,""
"09:27:15.6679335","DxgKrnl","10011","정보",,""
"09:27:15.6680105","DxgKrnl","10011","정보",,""
"09:27:15.6866109","DxgKrnl","10011","정보",,""
"09:27:15.6963039","DxgKrnl","10011","정보",,""
"09:27:15.6963481","DxgKrnl","10011","정보",,""
"09:27:15.6964215","DxgKrnl","10011","정보",,""
"09:27:15.6969752","DxgKrnl","10011","정보",,""
"09:27:15.6970076","DxgKrnl","10011","정보",,""
"09:27:15.6970691","DxgKrnl","10011","정보",,""
"09:27:15.6971018","DxgKrnl","10011","정보",,""
"09:27:15.6971032","DxgKrnl","10011","정보",,""
"09:27:15.6971336","DxgKrnl","10011","정보",,""
"09:27:15.6988812","DxgKrnl","10011","정보",,""
"09:27:15.6989262","DxgKrnl","10011","정보",,""
"09:27:15.6990469","DxgKrnl","10011","정보",,""
"09:27:15.6990546","DxgKrnl","10011","정보",,""
"09:27:15.6990821","DxgKrnl","10011","정보",,""
"09:27:15.6992806","DxgKrnl","10011","정보",,""
"09:27:15.6992865","DxgKrnl","10011","정보",,""
"09:27:15.6992875","DxgKrnl","10011","정보",,""
"09:27:15.7019648","DxgKrnl","10011","정보",,""
"09:27:15.7020398","DxgKrnl","10011","정보",,""
"09:27:15.7211744","DxgKrnl","10011","정보",,""
"09:27:15.7212360","DxgKrnl","10011","정보",,""
"09:27:15.7212376","DxgKrnl","10011","정보",,""
"09:27:15.7212847","DxgKrnl","10011","정보",,""
"09:27:15.7219049","DxgKrnl","10011","정보",,""
"09:27:15.7219363","DxgKrnl","10011","정보",,""
"09:27:15.7233904","DxgKrnl","10011","정보",,""
"09:27:15.7241858","DxgKrnl","10011","정보",,""
"09:27:15.7280022","DxgKrnl","10011","정보",,""
"09:27:15.7280601","DxgKrnl","10011","정보",,""
"09:27:15.7297508","DxgKrnl","10011","정보",,""
"09:27:15.7297970","DxgKrnl","10011","정보",,""
"09:27:15.8322243","DxgKrnl","10011","정보",,""
"09:27:15.8327985","DxgKrnl","10011","정보",,""
"09:27:15.8329431","DxgKrnl","10011","정보",,""
"09:27:15.8335379","DxgKrnl","10011","정보",,""
"09:27:15.8338693","DxgKrnl","10011","정보",,""
"09:27:15.8339994","DxgKrnl","10011","정보",,""
"09:27:15.8354104","DxgKrnl","10011","정보",,""
"09:27:15.8355625","DxgKrnl","10011","정보",,""
"09:27:15.8412584","DxgKrnl","10011","정보",,""
"09:27:15.8413377","DxgKrnl","10011","정보",,""
"09:27:15.8414028","DxgKrnl","10011","정보",,""
"09:27:15.8414230","DxgKrnl","10011","정보",,""
"09:27:15.8415653","DxgKrnl","10011","정보",,""
"09:27:15.8500595","DxgKrnl","10011","정보",,""
"09:27:15.8501382","DxgKrnl","10011","정보",,""
"09:27:15.8524262","DxgKrnl","10011","정보",,""
"09:27:15.8525901","DxgKrnl","10011","정보",,""
"09:27:15.8559940","DxgKrnl","10011","정보",,""
"09:27:15.8560645","DxgKrnl","10011","정보",,""
"09:27:15.8576278","DxgKrnl","10011","정보",,""
"09:27:15.8577431","DxgKrnl","10011","정보",,""
"09:27:15.8590614","DxgKrnl","10011","정보",,""
"09:27:15.8594469","DxgKrnl","10011","정보",,""
"09:27:15.8594613","DxgKrnl","10011","정보",,""
"09:27:15.8594621","DxgKrnl","10011","정보",,""
"09:27:15.8600056","DxgKrnl","10011","정보",,""
"09:27:15.8600369","DxgKrnl","10011","정보",,""
"09:27:15.8601382","DxgKrnl","10011","정보",,""
"09:27:15.8601400","DxgKrnl","10011","정보",,""
"09:27:15.8605604","DxgKrnl","10011","정보",,""
"09:27:15.8606044","DxgKrnl","10011","정보",,""
"09:27:15.8677575","DxgKrnl","10011","정보",,""
"09:27:15.8677982","DxgKrnl","10011","정보",,""
"09:27:15.9312128","DxgKrnl","10011","정보",,""
"09:27:15.9321312","DxgKrnl","10011","정보",,""
"09:27:18.9146733","DxgKrnl","10011","정보",,""
"09:27:19.1609702","Kernel-PnP","220","시작",,"Begin querying bus relations for device PCI\VEN_1002&DEV_7550&SUBSYS_E4891DA2&REV_C0\6&8916a45&0&00000009"
"09:27:19.1610590","DxgKrnl","10011","정보",,""
"09:27:19.1611968","DxgKrnl","10011","정보",,""
"09:27:19.1612518","DxgKrnl","10011","정보",,""
"09:27:19.1617106","DxgKrnl","10011","정보",,""
"09:27:19.1626315","DxgKrnl","10011","정보",,""
"09:27:19.1627694","DxgKrnl","10011","정보",,""
"09:27:19.1628271","DxgKrnl","10011","정보",,""
"09:27:19.1646026","DxgKrnl","10011","정보",,""
"09:27:19.1672760","DxgKrnl","10011","정보",,""
"09:27:19.1677197","Kernel-PnP","222","시작",,"End querying bus relations for device PCI\VEN_1002&DEV_7550&SUBSYS_E4891DA2&REV_C0\6&8916a45&0&00000009"
"09:27:19.1677800","Kernel-PnP","220","시작",,"Begin querying bus relations for device SWD\DRIVERENUM\AMDCP&7&16b8ddb4&0"
"09:27:19.1677815","Kernel-PnP","222","시작",,"End querying bus relations for device SWD\DRIVERENUM\AMDCP&7&16b8ddb4&0"
"09:27:19.1677872","Kernel-PnP","220","시작",,"Begin querying bus relations for device SWD\DRIVERENUM\AMDFDANS&7&16b8ddb4&0"
"09:27:19.1677879","Kernel-PnP","222","시작",,"End querying bus relations for device SWD\DRIVERENUM\AMDFDANS&7&16b8ddb4&0"
"09:27:19.1677919","Kernel-PnP","220","시작",,"Begin querying bus relations for device SWD\DRIVERENUM\AMDOCL&7&16b8ddb4&0"
"09:27:19.1677926","Kernel-PnP","222","시작",,"End querying bus relations for device SWD\DRIVERENUM\AMDOCL&7&16b8ddb4&0"
"09:27:19.1677972","Kernel-PnP","220","시작",,"Begin querying bus relations for device SWD\DRIVERENUM\AMDOGL&7&16b8ddb4&0"
"09:27:19.1677979","Kernel-PnP","222","시작",,"End querying bus relations for device SWD\DRIVERENUM\AMDOGL&7&16b8ddb4&0"
"09:27:19.1678023","Kernel-PnP","220","시작",,"Begin querying bus relations for device SWD\DRIVERENUM\AMDVLK&7&16b8ddb4&0"
"09:27:19.1678029","Kernel-PnP","222","시작",,"End querying bus relations for device SWD\DRIVERENUM\AMDVLK&7&16b8ddb4&0"
"09:27:19.1678091","Kernel-PnP","220","시작",,"Begin querying bus relations for device SWD\DRIVERENUM\AMDWIN&7&16b8ddb4&0"
"09:27:19.1678099","Kernel-PnP","222","시작",,"End querying bus relations for device SWD\DRIVERENUM\AMDWIN&7&16b8ddb4&0"
"09:27:19.1678158","Kernel-PnP","220","시작",,"Begin querying bus relations for device DISPLAY\BBC0104\7&16b8ddb4&0&UID265"
"09:27:19.1678207","Kernel-PnP","222","시작",,"End querying bus relations for device DISPLAY\BBC0104\7&16b8ddb4&0&UID265"
"09:27:19.1678267","Kernel-PnP","220","시작",,"Begin querying bus relations for device DISPLAY\SAM79DF\7&16b8ddb4&0&UID256"
"09:27:19.1678289","Kernel-PnP","222","시작",,"End querying bus relations for device DISPLAY\SAM79DF\7&16b8ddb4&0&UID256"
"09:27:19.1730729","DxgKrnl","10011","정보",,""
"09:27:19.1731307","DxgKrnl","10011","정보",,""
"09:27:19.1732435","DxgKrnl","10011","정보",,""
"09:27:19.1732777","DxgKrnl","10011","정보",,""
"09:27:19.1733124","DxgKrnl","10011","정보",,""
"09:27:19.1734540","Kernel-PnP","808","시작",,"End device add, status (STATUS_SUCCESS)"
"09:27:19.1779875","DxgKrnl","10011","정보",,""
"09:27:19.1780321","DxgKrnl","10011","정보",,""
"09:27:19.1782471","Kernel-PnP","220","시작",,"Begin querying bus relations for device DISPLAY\SAM7B0C\7&16b8ddb4&0&UID260"
"09:27:19.1782530","Kernel-PnP","222","시작",,"End querying bus relations for device DISPLAY\SAM7B0C\7&16b8ddb4&0&UID260"
"09:27:19.1784510","DxgKrnl","10011","정보",,""
"09:27:19.1992779","DxgKrnl","10011","정보",,""
"09:27:19.1993430","DxgKrnl","10011","정보",,""
"09:27:19.1993945","DxgKrnl","10011","정보",,""
"09:27:19.2007510","DxgKrnl","10011","정보",,""
"09:27:19.2008076","DxgKrnl","10011","정보",,""
"09:27:19.2009427","DxgKrnl","10011","정보",,""
"09:27:19.2009978","DxgKrnl","10011","정보",,""
"09:27:19.2009986","DxgKrnl","10011","정보",,""
"09:27:19.2010543","DxgKrnl","10011","정보",,""
"09:27:19.2010559","DxgKrnl","10011","정보",,""
"09:27:19.2011080","DxgKrnl","10011","정보",,""
"09:27:19.2011130","DxgKrnl","10011","정보",,""
"09:27:19.2011745","DxgKrnl","10011","정보",,""
"09:27:19.2031767","DxgKrnl","10011","정보",,""
"09:27:19.2031771","DxgKrnl","10011","정보",,""
"09:27:19.2032186","DxgKrnl","10011","정보",,""
"09:27:19.2034202","DxgKrnl","10011","정보",,""
"09:27:19.2034310","DxgKrnl","10011","정보",,""
"09:27:19.2034351","DxgKrnl","10011","정보",,""
"09:27:19.2081128","DxgKrnl","10011","정보",,""
"09:27:19.2081955","DxgKrnl","10011","정보",,""
"09:27:19.2092874","DxgKrnl","10011","정보",,""
"09:27:19.2093631","DxgKrnl","10011","정보",,""
"09:27:19.2093639","DxgKrnl","10011","정보",,""
"09:27:19.2094349","DxgKrnl","10011","정보",,""
"09:27:19.2094364","DxgKrnl","10011","정보",,""
"09:27:19.2094983","DxgKrnl","10011","정보",,""
"09:27:19.2095052","DxgKrnl","10011","정보",,""
"09:27:19.2095791","DxgKrnl","10011","정보",,""
"09:27:19.2099766","DxgKrnl","10011","정보",,""
"09:27:19.2100265","DxgKrnl","10011","정보",,""
"09:27:19.2156675","DxgKrnl","10011","정보",,""
"09:27:19.2157325","DxgKrnl","10011","정보",,""
"09:27:19.2219906","DxgKrnl","10011","정보",,""
"09:27:19.2226418","DxgKrnl","10011","정보",,""
"09:27:19.2276790","DxgKrnl","10011","정보",,""
"09:27:19.2277091","DxgKrnl","10011","정보",,""
"09:27:19.2277731","DxgKrnl","10011","정보",,""
"09:27:19.2277786","DxgKrnl","10011","정보",,""
"09:27:19.2277809","DxgKrnl","10011","정보",,""
"09:27:19.2323748","DxgKrnl","10011","정보",,""
"09:27:19.2324382","DxgKrnl","10011","정보",,""
"09:27:19.2355975","DxgKrnl","10011","정보",,""
"09:27:19.2356573","DxgKrnl","10011","정보",,""
"09:27:19.2356896","DxgKrnl","10011","정보",,""
"09:27:19.2358172","DxgKrnl","10011","정보",,""
"09:27:19.2358283","DxgKrnl","10011","정보",,""
"09:27:19.2358301","DxgKrnl","10011","정보",,""
"09:27:19.2358437","DxgKrnl","10011","정보",,""
"09:27:19.2361258","DxgKrnl","10011","정보",,""
"09:27:19.2361291","DxgKrnl","10011","정보",,""
"09:27:19.2361304","DxgKrnl","10011","정보",,""
"09:27:19.2362706","DxgKrnl","10011","정보",,""
"09:27:19.2414815","DxgKrnl","10011","정보",,""
"09:27:19.2415488","DxgKrnl","10011","정보",,""
"09:27:19.2476952","DxgKrnl","10011","정보",,""
"09:27:19.2477576","DxgKrnl","10011","정보",,""
"09:27:19.3371419","DxgKrnl","10011","정보",,""
"09:27:19.3379652","DxgKrnl","10011","정보",,""
"09:27:19.3455828","DxgKrnl","10011","정보",,""
"09:27:19.3460927","DxgKrnl","10011","정보",,""
"09:27:19.3466622","DxgKrnl","10011","정보",,""
"09:27:19.3468451","DxgKrnl","10011","정보",,""
"09:27:19.3483161","DxgKrnl","10011","정보",,""
"09:27:19.3483692","DxgKrnl","10011","정보",,""
"09:27:19.3483743","DxgKrnl","10011","정보",,""
"09:27:19.3485201","DxgKrnl","10011","정보",,""
"09:27:19.3485218","DxgKrnl","10011","정보",,""
"09:27:19.3502472","DxgKrnl","10011","정보",,""
"09:27:19.3510611","DxgKrnl","10011","정보",,""
"09:27:19.3527101","DxgKrnl","10011","정보",,""
"09:27:19.3527226","DxgKrnl","10011","정보",,""
"09:27:19.3527234","DxgKrnl","10011","정보",,""
"09:27:19.3528277","DxgKrnl","10011","정보",,""
"09:27:19.3529191","DxgKrnl","10011","정보",,""
"09:27:19.3530749","DxgKrnl","10011","정보",,""
"09:27:19.3532064","DxgKrnl","10011","정보",,""
"09:27:19.3533173","DxgKrnl","10011","정보",,""
"09:27:19.3602279","DxgKrnl","10011","정보",,""
"09:27:19.3602865","DxgKrnl","10011","정보",,""
"09:27:19.3603540","DxgKrnl","10011","정보",,""
"09:27:19.3621840","DxgKrnl","10011","정보",,""
"09:27:19.3634648","DxgKrnl","10011","정보",,""
"09:27:19.3634763","DxgKrnl","10011","정보",,""
"09:27:19.3634769","DxgKrnl","10011","정보",,""
"09:27:19.3651721","DxgKrnl","10011","정보",,""
"09:27:19.3652377","DxgKrnl","10011","정보",,""
"09:27:19.3659792","DxgKrnl","10011","정보",,""
"09:27:19.3661866","DxgKrnl","10011","정보",,""
"09:27:19.4259170","DxgKrnl","10011","정보",,""
"09:27:19.4267038","DxgKrnl","10011","정보",,""
"09:27:19.4379773","DxgKrnl","10011","정보",,""
"09:27:19.4380437","DxgKrnl","10011","정보",,""
"09:27:19.4790640","DxgKrnl","10011","정보",,""
"09:27:19.4792116","DxgKrnl","10011","정보",,""
"09:27:19.4792127","DxgKrnl","10011","정보",,""
"09:27:19.4792884","DxgKrnl","10011","정보",,""
"09:27:19.4792905","DxgKrnl","10011","정보",,""
"09:27:19.4793636","DxgKrnl","10011","정보",,""
"09:27:19.4793719","DxgKrnl","10011","정보",,""
"09:27:19.4794433","DxgKrnl","10011","정보",,""
"09:28:02.3810324","Kernel-PnP","220","시작",,"Begin querying bus relations for device PCI\VEN_1002&DEV_7550&SUBSYS_E4891DA2&REV_C0\6&8916a45&0&00000009"
"09:28:02.3811106","DxgKrnl","10011","정보",,""
"09:28:02.4210550","DxgKrnl","10011","정보",,""
"09:28:02.4213950","DxgKrnl","10011","정보",,""
"09:28:02.4214063","DxgKrnl","10011","정보",,""
"09:28:02.4214926","Kernel-PnP","222","시작",,"End querying bus relations for device PCI\VEN_1002&DEV_7550&SUBSYS_E4891DA2&REV_C0\6&8916a45&0&00000009"
"09:28:02.4216631","Kernel-PnP","1010","시작",,"버스에 누락 된 것으로 보고 된 장치 DISPLAY\SAM7B0C\7&16b8ddb4&0&UID260이 (가) 제거 되었습니다. 제거 된 장치 수 | 개수: 1"
"09:28:02.4217188","DxgKrnl","10011","정보",,""
"09:28:02.4217894","DxgKrnl","10011","정보",,""
"09:28:02.4222978","Kernel-PnP","220","시작",,"Begin querying bus relations for device SWD\DRIVERENUM\AMDCP&7&16b8ddb4&0"
"09:28:02.4223010","Kernel-PnP","222","시작",,"End querying bus relations for device SWD\DRIVERENUM\AMDCP&7&16b8ddb4&0"
"09:28:02.4223151","Kernel-PnP","220","시작",,"Begin querying bus relations for device SWD\DRIVERENUM\AMDFDANS&7&16b8ddb4&0"
"09:28:02.4223161","Kernel-PnP","222","시작",,"End querying bus relations for device SWD\DRIVERENUM\AMDFDANS&7&16b8ddb4&0"
"09:28:02.4223224","Kernel-PnP","220","시작",,"Begin querying bus relations for device SWD\DRIVERENUM\AMDOCL&7&16b8ddb4&0"
"09:28:02.4223235","Kernel-PnP","222","시작",,"End querying bus relations for device SWD\DRIVERENUM\AMDOCL&7&16b8ddb4&0"
"09:28:02.4223299","Kernel-PnP","220","시작",,"Begin querying bus relations for device SWD\DRIVERENUM\AMDOGL&7&16b8ddb4&0"
"09:28:02.4223309","Kernel-PnP","222","시작",,"End querying bus relations for device SWD\DRIVERENUM\AMDOGL&7&16b8ddb4&0"
"09:28:02.4223381","Kernel-PnP","220","시작",,"Begin querying bus relations for device SWD\DRIVERENUM\AMDVLK&7&16b8ddb4&0"
"09:28:02.4223394","Kernel-PnP","222","시작",,"End querying bus relations for device SWD\DRIVERENUM\AMDVLK&7&16b8ddb4&0"
"09:28:02.4223453","Kernel-PnP","220","시작",,"Begin querying bus relations for device SWD\DRIVERENUM\AMDWIN&7&16b8ddb4&0"
"09:28:02.4223463","Kernel-PnP","222","시작",,"End querying bus relations for device SWD\DRIVERENUM\AMDWIN&7&16b8ddb4&0"
"09:28:02.4223527","Kernel-PnP","220","시작",,"Begin querying bus relations for device DISPLAY\BBC0104\7&16b8ddb4&0&UID265"
"09:28:02.4223586","Kernel-PnP","222","시작",,"End querying bus relations for device DISPLAY\BBC0104\7&16b8ddb4&0&UID265"
"09:28:02.4223660","Kernel-PnP","220","시작",,"Begin querying bus relations for device DISPLAY\SAM79DF\7&16b8ddb4&0&UID256"
"09:28:02.4223690","Kernel-PnP","222","시작",,"End querying bus relations for device DISPLAY\SAM79DF\7&16b8ddb4&0&UID256"
"09:28:02.4236076","DxgKrnl","10011","정보",,""
"09:28:02.4237988","DxgKrnl","10011","정보",,""
"09:28:02.4246939","Kernel-PnP","808","시작",,"End device add, status (STATUS_SUCCESS)"
"09:28:02.4250352","Kernel-PnP","220","시작",,"Begin querying bus relations for device DISPLAY\Default_Monitor\7&16b8ddb4&0&UID260"
"09:28:02.4250381","Kernel-PnP","222","시작",,"End querying bus relations for device DISPLAY\Default_Monitor\7&16b8ddb4&0&UID260"
"09:28:02.4254113","DxgKrnl","10011","정보",,""
"09:28:02.4279535","DxgKrnl","10011","정보",,""
"09:28:02.4280234","DxgKrnl","10011","정보",,""
"09:28:02.4369458","DxgKrnl","10011","정보",,""
"09:28:02.4369760","DxgKrnl","10011","정보",,""
"09:28:02.4370414","DxgKrnl","10011","정보",,""
"09:28:02.4370493","DxgKrnl","10011","정보",,""
"09:28:02.4370516","DxgKrnl","10011","정보",,""
"09:28:02.4404231","DxgKrnl","10011","정보",,""
"09:28:02.4404845","DxgKrnl","10011","정보",,""
"09:28:02.5156925","DxgKrnl","10011","정보",,""
"09:28:02.5157822","DxgKrnl","10011","정보",,""
"09:28:02.5158354","DxgKrnl","10011","정보",,""
"09:28:02.5170695","DxgKrnl","10011","정보",,""
"09:28:02.5171420","DxgKrnl","10011","정보",,""
"09:28:02.5173198","DxgKrnl","10011","정보",,""
"09:28:02.5173908","DxgKrnl","10011","정보",,""
"09:28:02.5173927","DxgKrnl","10011","정보",,""
"09:28:02.5174644","DxgKrnl","10011","정보",,""
"09:28:02.5174659","DxgKrnl","10011","정보",,""
"09:28:02.5175309","DxgKrnl","10011","정보",,""
"09:28:02.5175331","DxgKrnl","10011","정보",,""
"09:28:02.5176089","DxgKrnl","10011","정보",,""
"09:28:02.5176151","DxgKrnl","10011","정보",,""
"09:28:02.5176790","DxgKrnl","10011","정보",,""
"09:28:02.5176829","DxgKrnl","10011","정보",,""
"09:28:02.5177537","DxgKrnl","10011","정보",,""
"09:28:02.5197953","DxgKrnl","10011","정보",,""
"09:28:02.5198140","DxgKrnl","10011","정보",,""
"09:28:02.5198404","DxgKrnl","10011","정보",,""
"09:28:02.5199882","DxgKrnl","10011","정보",,""
"09:28:02.5199906","DxgKrnl","10011","정보",,""
"09:28:02.5201512","DxgKrnl","10011","정보",,""
"09:28:02.5209250","DxgKrnl","10011","정보",,""
"09:28:02.5210266","DxgKrnl","10011","정보",,""
"09:28:02.5375909","DxgKrnl","10011","정보",,""
"09:28:02.5377107","DxgKrnl","10011","정보",,""
"09:28:02.5377161","DxgKrnl","10011","정보",,""
"09:28:02.5377872","DxgKrnl","10011","정보",,""
"09:28:02.5377904","DxgKrnl","10011","정보",,""
"09:28:02.5378617","DxgKrnl","10011","정보",,""
"09:28:02.5378658","DxgKrnl","10011","정보",,""
"09:28:02.5379337","DxgKrnl","10011","정보",,""
"09:28:02.5379437","DxgKrnl","10011","정보",,""
"09:28:02.5380109","DxgKrnl","10011","정보",,""
"09:28:02.5380147","DxgKrnl","10011","정보",,""
"09:28:02.5380819","DxgKrnl","10011","정보",,""
"09:28:02.5386219","DxgKrnl","10011","정보",,""
"09:28:02.5386886","DxgKrnl","10011","정보",,""
"09:28:02.5437872","DxgKrnl","10011","정보",,""
"09:28:02.5448203","DxgKrnl","10011","정보",,""
"09:28:02.5463285","DxgKrnl","10011","정보",,""
"09:28:02.5464084","DxgKrnl","10011","정보",,""
"09:28:02.5502910","DxgKrnl","10011","정보",,""
"09:28:02.5511787","DxgKrnl","10011","정보",,""
"09:28:02.5523961","DxgKrnl","10011","정보",,""
"09:28:02.5524836","DxgKrnl","10011","정보",,""
"09:28:02.5850031","DxgKrnl","10011","정보",,""
"09:28:02.5850959","Kernel-PnP","220","시작",,"Begin querying bus relations for device PCI\VEN_1002&DEV_7550&SUBSYS_E4891DA2&REV_C0\6&8916a45&0&00000009"
"09:28:02.6324841","Kernel-PnP","222","시작",,"End querying bus relations for device PCI\VEN_1002&DEV_7550&SUBSYS_E4891DA2&REV_C0\6&8916a45&0&00000009"
"09:28:02.6326454","Kernel-PnP","1010","시작",,"버스에 누락 된 것으로 보고 된 장치 DISPLAY\Default_Monitor\7&16b8ddb4&0&UID260이 (가) 제거 되었습니다. 제거 된 장치 수 | 개수: 1"
"09:28:02.6327519","DxgKrnl","10011","정보",,""
"09:28:02.6329761","DxgKrnl","10011","정보",,""
"09:28:02.6329795","DxgKrnl","10011","정보",,""
"09:28:02.6330071","DxgKrnl","10011","정보",,""
"09:28:02.6331907","Kernel-PnP","220","시작",,"Begin querying bus relations for device SWD\DRIVERENUM\AMDCP&7&16b8ddb4&0"
"09:28:02.6331937","Kernel-PnP","222","시작",,"End querying bus relations for device SWD\DRIVERENUM\AMDCP&7&16b8ddb4&0"
"09:28:02.6332079","Kernel-PnP","220","시작",,"Begin querying bus relations for device SWD\DRIVERENUM\AMDFDANS&7&16b8ddb4&0"
"09:28:02.6332090","Kernel-PnP","222","시작",,"End querying bus relations for device SWD\DRIVERENUM\AMDFDANS&7&16b8ddb4&0"
"09:28:02.6332150","Kernel-PnP","220","시작",,"Begin querying bus relations for device SWD\DRIVERENUM\AMDOCL&7&16b8ddb4&0"
"09:28:02.6332159","Kernel-PnP","222","시작",,"End querying bus relations for device SWD\DRIVERENUM\AMDOCL&7&16b8ddb4&0"
"09:28:02.6332219","Kernel-PnP","220","시작",,"Begin querying bus relations for device SWD\DRIVERENUM\AMDOGL&7&16b8ddb4&0"
"09:28:02.6332228","Kernel-PnP","222","시작",,"End querying bus relations for device SWD\DRIVERENUM\AMDOGL&7&16b8ddb4&0"
"09:28:02.6332294","Kernel-PnP","220","시작",,"Begin querying bus relations for device SWD\DRIVERENUM\AMDVLK&7&16b8ddb4&0"
"09:28:02.6332303","Kernel-PnP","222","시작",,"End querying bus relations for device SWD\DRIVERENUM\AMDVLK&7&16b8ddb4&0"
"09:28:02.6332381","Kernel-PnP","220","시작",,"Begin querying bus relations for device SWD\DRIVERENUM\AMDWIN&7&16b8ddb4&0"
"09:28:02.6332390","Kernel-PnP","222","시작",,"End querying bus relations for device SWD\DRIVERENUM\AMDWIN&7&16b8ddb4&0"
"09:28:02.6332490","DxgKrnl","10011","정보",,""
"09:28:02.6333212","Kernel-PnP","220","시작",,"Begin querying bus relations for device DISPLAY\BBC0104\7&16b8ddb4&0&UID265"
"09:28:02.6333280","Kernel-PnP","222","시작",,"End querying bus relations for device DISPLAY\BBC0104\7&16b8ddb4&0&UID265"
"09:28:02.6333398","Kernel-PnP","220","시작",,"Begin querying bus relations for device DISPLAY\SAM79DF\7&16b8ddb4&0&UID256"
"09:28:02.6333428","Kernel-PnP","222","시작",,"End querying bus relations for device DISPLAY\SAM79DF\7&16b8ddb4&0&UID256"
"09:28:02.6335798","DxgKrnl","10011","정보",,""
"09:28:02.6335855","DxgKrnl","10011","정보",,""
"09:28:02.6352838","DxgKrnl","10011","정보",,""
"09:28:02.6353731","DxgKrnl","10011","정보",,""
"09:28:02.6760980","DxgKrnl","10011","정보",,""
"09:28:02.6762238","DxgKrnl","10011","정보",,""
"09:28:02.6846285","DxgKrnl","10011","정보",,""
"09:28:02.6920187","DxgKrnl","10011","정보",,""
"09:28:02.6921017","DxgKrnl","10011","정보",,""
"09:28:02.6921064","DxgKrnl","10011","정보",,""
"09:28:02.6921086","DxgKrnl","10011","정보",,""
"09:28:02.6924314","DxgKrnl","10011","정보",,""
"09:28:02.6925056","DxgKrnl","10011","정보",,""
"09:28:02.7004451","DxgKrnl","10011","정보",,""
"09:28:02.7097005","DxgKrnl","10011","정보",,""
"09:28:02.7097496","DxgKrnl","10011","정보",,""
"09:28:02.7098020","DxgKrnl","10011","정보",,""
"09:28:02.7103021","DxgKrnl","10011","정보",,""
"09:28:02.7103352","DxgKrnl","10011","정보",,""
"09:28:02.7104073","DxgKrnl","10011","정보",,""
"09:28:02.7104636","DxgKrnl","10011","정보",,""
"09:28:02.7104653","DxgKrnl","10011","정보",,""
"09:28:02.7104988","DxgKrnl","10011","정보",,""
"09:28:02.7123365","DxgKrnl","10011","정보",,""
"09:28:02.7123417","DxgKrnl","10011","정보",,""
"09:28:02.7123923","DxgKrnl","10011","정보",,""
"09:28:02.7124458","DxgKrnl","10011","정보",,""
"09:28:02.7125864","DxgKrnl","10011","정보",,""
"09:28:02.7125909","DxgKrnl","10011","정보",,""
"09:28:02.7193064","DxgKrnl","10011","정보",,""
"09:28:02.7194229","DxgKrnl","10011","정보",,""
"09:28:02.7564499","DxgKrnl","10011","정보",,""
"09:28:02.7573063","DxgKrnl","10011","정보",,""
"09:28:02.7604163","DxgKrnl","10011","정보",,""
"09:28:02.7604680","DxgKrnl","10011","정보",,""
"09:28:02.7604694","DxgKrnl","10011","정보",,""
"09:28:02.7606054","DxgKrnl","10011","정보",,""
"09:28:02.7612837","DxgKrnl","10011","정보",,""
"09:28:02.7613226","DxgKrnl","10011","정보",,""
"09:28:02.7672701","DxgKrnl","10011","정보",,""
"09:28:02.7674259","DxgKrnl","10011","정보",,""
"09:28:02.7695540","DxgKrnl","10011","정보",,""
"09:28:02.7696150","DxgKrnl","10011","정보",,""
"09:28:02.8407677","DxgKrnl","10011","정보",,""
"09:28:02.8412650","DxgKrnl","10011","정보",,""
"09:28:02.8414119","DxgKrnl","10011","정보",,""
"09:28:02.8418683","DxgKrnl","10011","정보",,""
"09:28:02.8423749","DxgKrnl","10011","정보",,""
"09:28:02.8424245","DxgKrnl","10011","정보",,""
"09:28:02.8433531","DxgKrnl","10011","정보",,""
"09:28:02.8434029","DxgKrnl","10011","정보",,""
"09:28:02.8491729","DxgKrnl","10011","정보",,""
"09:28:02.8492225","DxgKrnl","10011","정보",,""
"09:28:02.8492431","DxgKrnl","10011","정보",,""
"09:28:02.8493041","DxgKrnl","10011","정보",,""
"09:28:02.8493060","DxgKrnl","10011","정보",,""
"09:28:02.8584035","DxgKrnl","10011","정보",,""
"09:28:02.8584640","DxgKrnl","10011","정보",,""
"09:28:02.8612915","DxgKrnl","10011","정보",,""
"09:28:02.8613468","DxgKrnl","10011","정보",,""
"09:28:02.8644191","DxgKrnl","10011","정보",,""
"09:28:02.8644722","DxgKrnl","10011","정보",,""
"09:28:02.8661222","DxgKrnl","10011","정보",,""
"09:28:02.8661754","DxgKrnl","10011","정보",,""
"09:28:02.8673781","DxgKrnl","10011","정보",,""
"09:28:02.8677952","DxgKrnl","10011","정보",,""
"09:28:02.8678078","DxgKrnl","10011","정보",,""
"09:28:02.8678086","DxgKrnl","10011","정보",,""
"09:28:02.8682699","DxgKrnl","10011","정보",,""
"09:28:02.8683761","DxgKrnl","10011","정보",,""
"09:28:02.8683985","DxgKrnl","10011","정보",,""
"09:28:02.8684778","DxgKrnl","10011","정보",,""
"09:28:02.8703729","DxgKrnl","10011","정보",,""
"09:28:02.8704181","DxgKrnl","10011","정보",,""
"09:28:03.0342245","DxgKrnl","10011","정보",,""
"09:28:03.0350217","DxgKrnl","10011","정보",,""
"09:28:05.9252428","DxgKrnl","10011","정보",,""
"09:28:05.9287402","DxgKrnl","10011","정보",,""
"09:28:06.0920328","DxgKrnl","10011","정보",,""
"09:28:06.1712307","Kernel-PnP","220","시작",,"Begin querying bus relations for device PCI\VEN_1002&DEV_7550&SUBSYS_E4891DA2&REV_C0\6&8916a45&0&00000009"
"09:28:06.1714728","DxgKrnl","10011","정보",,""
"09:28:06.1714991","DxgKrnl","10011","정보",,""
"09:28:06.1715167","DxgKrnl","10011","정보",,""
"09:28:06.1716251","DxgKrnl","10011","정보",,""
"09:28:06.1716721","DxgKrnl","10011","정보",,""
"09:28:06.1719361","DxgKrnl","10011","정보",,""
"09:28:06.1720681","DxgKrnl","10011","정보",,""
"09:28:06.1725715","DxgKrnl","10011","정보",,""
"09:28:06.1725729","DxgKrnl","10011","정보",,""
"09:28:06.1736839","DxgKrnl","10011","정보",,""
"09:28:06.1738157","DxgKrnl","10011","정보",,""
"09:28:06.1750847","DxgKrnl","10011","정보",,""
"09:28:06.1779864","DxgKrnl","10011","정보",,""
"09:28:06.1784682","Kernel-PnP","222","시작",,"End querying bus relations for device PCI\VEN_1002&DEV_7550&SUBSYS_E4891DA2&REV_C0\6&8916a45&0&00000009"
"09:28:06.1785318","Kernel-PnP","220","시작",,"Begin querying bus relations for device SWD\DRIVERENUM\AMDCP&7&16b8ddb4&0"
"09:28:06.1785333","Kernel-PnP","222","시작",,"End querying bus relations for device SWD\DRIVERENUM\AMDCP&7&16b8ddb4&0"
"09:28:06.1785391","Kernel-PnP","220","시작",,"Begin querying bus relations for device SWD\DRIVERENUM\AMDFDANS&7&16b8ddb4&0"
"09:28:06.1785398","Kernel-PnP","222","시작",,"End querying bus relations for device SWD\DRIVERENUM\AMDFDANS&7&16b8ddb4&0"
"09:28:06.1785448","Kernel-PnP","220","시작",,"Begin querying bus relations for device SWD\DRIVERENUM\AMDOCL&7&16b8ddb4&0"
"09:28:06.1785455","Kernel-PnP","222","시작",,"End querying bus relations for device SWD\DRIVERENUM\AMDOCL&7&16b8ddb4&0"
"09:28:06.1785496","Kernel-PnP","220","시작",,"Begin querying bus relations for device SWD\DRIVERENUM\AMDOGL&7&16b8ddb4&0"
"09:28:06.1785505","Kernel-PnP","222","시작",,"End querying bus relations for device SWD\DRIVERENUM\AMDOGL&7&16b8ddb4&0"
"09:28:06.1785543","Kernel-PnP","220","시작",,"Begin querying bus relations for device SWD\DRIVERENUM\AMDVLK&7&16b8ddb4&0"
"09:28:06.1785549","Kernel-PnP","222","시작",,"End querying bus relations for device SWD\DRIVERENUM\AMDVLK&7&16b8ddb4&0"
"09:28:06.1785591","Kernel-PnP","220","시작",,"Begin querying bus relations for device SWD\DRIVERENUM\AMDWIN&7&16b8ddb4&0"
"09:28:06.1785596","Kernel-PnP","222","시작",,"End querying bus relations for device SWD\DRIVERENUM\AMDWIN&7&16b8ddb4&0"
"09:28:06.1785640","Kernel-PnP","220","시작",,"Begin querying bus relations for device DISPLAY\BBC0104\7&16b8ddb4&0&UID265"
"09:28:06.1785684","Kernel-PnP","222","시작",,"End querying bus relations for device DISPLAY\BBC0104\7&16b8ddb4&0&UID265"
"09:28:06.1785730","Kernel-PnP","220","시작",,"Begin querying bus relations for device DISPLAY\SAM79DF\7&16b8ddb4&0&UID256"
"09:28:06.1785748","Kernel-PnP","222","시작",,"End querying bus relations for device DISPLAY\SAM79DF\7&16b8ddb4&0&UID256"
"09:28:06.1827383","DxgKrnl","10011","정보",,""
"09:28:06.1827684","DxgKrnl","10011","정보",,""
"09:28:06.1829459","DxgKrnl","10011","정보",,""
"09:28:06.1829508","DxgKrnl","10011","정보",,""
"09:28:06.1829532","DxgKrnl","10011","정보",,""
"09:28:06.1874562","DxgKrnl","10011","정보",,""
"09:28:06.1875668","DxgKrnl","10011","정보",,""
"09:28:06.1877623","Kernel-PnP","808","시작",,"End device add, status (STATUS_SUCCESS)"
"09:28:06.1882126","Kernel-PnP","220","시작",,"Begin querying bus relations for device DISPLAY\SAM7B0C\7&16b8ddb4&0&UID260"
"09:28:06.1882173","Kernel-PnP","222","시작",,"End querying bus relations for device DISPLAY\SAM7B0C\7&16b8ddb4&0&UID260"
"09:28:06.1887436","DxgKrnl","10011","정보",,""
"09:28:06.2086555","DxgKrnl","10011","정보",,""
"09:28:06.2087201","DxgKrnl","10011","정보",,""
"09:28:06.2087646","DxgKrnl","10011","정보",,""
"09:28:06.2101051","DxgKrnl","10011","정보",,""
"09:28:06.2101621","DxgKrnl","10011","정보",,""
"09:28:06.2103027","DxgKrnl","10011","정보",,""
"09:28:06.2103578","DxgKrnl","10011","정보",,""
"09:28:06.2103587","DxgKrnl","10011","정보",,""
"09:28:06.2104093","DxgKrnl","10011","정보",,""
"09:28:06.2104111","DxgKrnl","10011","정보",,""
"09:28:06.2104682","DxgKrnl","10011","정보",,""
"09:28:06.2104798","DxgKrnl","10011","정보",,""
"09:28:06.2105304","DxgKrnl","10011","정보",,""
"09:28:06.2125210","DxgKrnl","10011","정보",,""
"09:28:06.2125413","DxgKrnl","10011","정보",,""
"09:28:06.2126185","DxgKrnl","10011","정보",,""
"09:28:06.2127940","DxgKrnl","10011","정보",,""
"09:28:06.2169882","DxgKrnl","10011","정보",,""
"09:28:06.2170884","DxgKrnl","10011","정보",,""
"09:28:06.2187919","DxgKrnl","10011","정보",,""
"09:28:06.2188582","DxgKrnl","10011","정보",,""
"09:28:06.2188589","DxgKrnl","10011","정보",,""
"09:28:06.2189140","DxgKrnl","10011","정보",,""
"09:28:06.2189152","DxgKrnl","10011","정보",,""
"09:28:06.2189786","DxgKrnl","10011","정보",,""
"09:28:06.2189861","DxgKrnl","10011","정보",,""
"09:28:06.2190415","DxgKrnl","10011","정보",,""
"09:28:06.2194290","DxgKrnl","10011","정보",,""
"09:28:06.2194788","DxgKrnl","10011","정보",,""
"09:28:06.2247187","DxgKrnl","10011","정보",,""
"09:28:06.2247894","DxgKrnl","10011","정보",,""
"09:28:06.2315761","DxgKrnl","10011","정보",,""
"09:28:06.2322421","DxgKrnl","10011","정보",,""
"09:28:06.2369827","DxgKrnl","10011","정보",,""
"09:28:06.2370071","DxgKrnl","10011","정보",,""
"09:28:06.2370673","DxgKrnl","10011","정보",,""
"09:28:06.2370728","DxgKrnl","10011","정보",,""
"09:28:06.2370750","DxgKrnl","10011","정보",,""
"09:28:06.2415450","DxgKrnl","10011","정보",,""
"09:28:06.2416033","DxgKrnl","10011","정보",,""
"09:28:06.2445056","DxgKrnl","10011","정보",,""
"09:28:06.2445597","DxgKrnl","10011","정보",,""
"09:28:06.2446025","DxgKrnl","10011","정보",,""
"09:28:06.2447370","DxgKrnl","10011","정보",,""
"09:28:06.2447468","DxgKrnl","10011","정보",,""
"09:28:06.2447594","DxgKrnl","10011","정보",,""
"09:28:06.2447615","DxgKrnl","10011","정보",,""
"09:28:06.2447734","DxgKrnl","10011","정보",,""
"09:28:06.2450590","DxgKrnl","10011","정보",,""
"09:28:06.2450615","DxgKrnl","10011","정보",,""
"09:28:06.2450639","DxgKrnl","10011","정보",,""
"09:28:06.2450691","DxgKrnl","10011","정보",,""
"09:28:06.2451551","DxgKrnl","10011","정보",,""
"09:28:06.2507135","DxgKrnl","10011","정보",,""
"09:28:06.2507790","DxgKrnl","10011","정보",,""
"09:28:06.2569119","DxgKrnl","10011","정보",,""
"09:28:06.2571346","DxgKrnl","10011","정보",,""
"09:28:06.3408398","DxgKrnl","10011","정보",,""
"09:28:06.3414949","DxgKrnl","10011","정보",,""
"09:28:06.4392465","DxgKrnl","10011","정보",,""
"09:28:06.4400399","DxgKrnl","10011","정보",,""
"09:28:06.4408640","DxgKrnl","10011","정보",,""
"09:28:06.4409404","DxgKrnl","10011","정보",,""
"09:28:06.4415332","DxgKrnl","10011","정보",,""
"09:28:06.4425930","DxgKrnl","10011","정보",,""
"09:28:06.4434361","DxgKrnl","10011","정보",,""
"09:28:06.4434907","DxgKrnl","10011","정보",,""
"09:28:06.4435187","DxgKrnl","10011","정보",,""
"09:28:06.4436294","DxgKrnl","10011","정보",,""
"09:28:06.4436351","DxgKrnl","10011","정보",,""
"09:28:06.4455543","DxgKrnl","10011","정보",,""
"09:28:06.4469029","DxgKrnl","10011","정보",,""
"09:28:06.4488540","DxgKrnl","10011","정보",,""
"09:28:06.4488678","DxgKrnl","10011","정보",,""
"09:28:06.4488686","DxgKrnl","10011","정보",,""
"09:28:06.4489746","DxgKrnl","10011","정보",,""
"09:28:06.4490749","DxgKrnl","10011","정보",,""
"09:28:06.4493862","DxgKrnl","10011","정보",,""
"09:28:06.4514163","DxgKrnl","10011","정보",,""
"09:28:06.4514913","DxgKrnl","10011","정보",,""
"09:28:06.4677152","DxgKrnl","10011","정보",,""
"09:28:06.4688403","DxgKrnl","10011","정보",,""
"09:28:06.4692953","DxgKrnl","10011","정보",,""
"09:28:06.4693808","DxgKrnl","10011","정보",,""
"09:28:06.4694781","DxgKrnl","10011","정보",,""
"09:28:06.4694800","DxgKrnl","10011","정보",,""
"09:28:06.4695468","DxgKrnl","10011","정보",,""
"09:28:06.4715516","DxgKrnl","10011","정보",,""
"09:28:06.4729635","DxgKrnl","10011","정보",,""
"09:28:06.4729758","DxgKrnl","10011","정보",,""
"09:28:06.4729766","DxgKrnl","10011","정보",,""
"09:28:06.4743364","DxgKrnl","10011","정보",,""
"09:28:06.4744349","DxgKrnl","10011","정보",,""
"09:28:06.4747214","DxgKrnl","10011","정보",,""
"09:28:06.4748328","DxgKrnl","10011","정보",,""
"09:28:06.4749954","DxgKrnl","10011","정보",,""
"09:28:06.4757754","DxgKrnl","10011","정보",,""
"09:28:06.4782864","DxgKrnl","10011","정보",,""
"09:28:06.4783552","DxgKrnl","10011","정보",,""
"09:28:06.4867566","DxgKrnl","10011","정보",,""
"09:28:06.4873253","DxgKrnl","10011","정보",,""
"09:28:06.4873266","DxgKrnl","10011","정보",,""
"09:28:06.4873958","DxgKrnl","10011","정보",,""
"09:28:06.4873973","DxgKrnl","10011","정보",,""
"09:28:06.4874630","DxgKrnl","10011","정보",,""
"09:28:06.4874818","DxgKrnl","10011","정보",,""
"09:28:06.4875497","DxgKrnl","10011","정보",,""
"09:28:54.9671499","Kernel-PnP","220","시작",,"Begin querying bus relations for device PCI\VEN_1002&DEV_7550&SUBSYS_E4891DA2&REV_C0\6&8916a45&0&00000009"
"09:28:54.9673017","DxgKrnl","10011","정보",,""
"09:28:55.0046524","DxgKrnl","10011","정보",,""
"09:28:55.0046842","Kernel-PnP","222","시작",,"End querying bus relations for device PCI\VEN_1002&DEV_7550&SUBSYS_E4891DA2&REV_C0\6&8916a45&0&00000009"
"09:28:55.0048501","Kernel-PnP","1010","시작",,"버스에 누락 된 것으로 보고 된 장치 DISPLAY\SAM7B0C\7&16b8ddb4&0&UID260이 (가) 제거 되었습니다. 제거 된 장치 수 | 개수: 1"
"09:28:55.0049713","DxgKrnl","10011","정보",,""
"09:28:55.0049799","DxgKrnl","10011","정보",,""
"09:28:55.0052784","DxgKrnl","10011","정보",,""
"09:28:55.0053590","DxgKrnl","10011","정보",,""
"09:28:55.0057625","Kernel-PnP","220","시작",,"Begin querying bus relations for device SWD\DRIVERENUM\AMDCP&7&16b8ddb4&0"
"09:28:55.0057655","Kernel-PnP","222","시작",,"End querying bus relations for device SWD\DRIVERENUM\AMDCP&7&16b8ddb4&0"
"09:28:55.0057760","Kernel-PnP","220","시작",,"Begin querying bus relations for device SWD\DRIVERENUM\AMDFDANS&7&16b8ddb4&0"
"09:28:55.0057770","Kernel-PnP","222","시작",,"End querying bus relations for device SWD\DRIVERENUM\AMDFDANS&7&16b8ddb4&0"
"09:28:55.0057865","Kernel-PnP","220","시작",,"Begin querying bus relations for device SWD\DRIVERENUM\AMDOCL&7&16b8ddb4&0"
"09:28:55.0057889","Kernel-PnP","222","시작",,"End querying bus relations for device SWD\DRIVERENUM\AMDOCL&7&16b8ddb4&0"
"09:28:55.0058019","Kernel-PnP","220","시작",,"Begin querying bus relations for device SWD\DRIVERENUM\AMDOGL&7&16b8ddb4&0"
"09:28:55.0058030","Kernel-PnP","222","시작",,"End querying bus relations for device SWD\DRIVERENUM\AMDOGL&7&16b8ddb4&0"
"09:28:55.0058099","Kernel-PnP","220","시작",,"Begin querying bus relations for device SWD\DRIVERENUM\AMDVLK&7&16b8ddb4&0"
"09:28:55.0058107","Kernel-PnP","222","시작",,"End querying bus relations for device SWD\DRIVERENUM\AMDVLK&7&16b8ddb4&0"
"09:28:55.0058170","Kernel-PnP","220","시작",,"Begin querying bus relations for device SWD\DRIVERENUM\AMDWIN&7&16b8ddb4&0"
"09:28:55.0058178","Kernel-PnP","222","시작",,"End querying bus relations for device SWD\DRIVERENUM\AMDWIN&7&16b8ddb4&0"
"09:28:55.0058437","Kernel-PnP","220","시작",,"Begin querying bus relations for device DISPLAY\BBC0104\7&16b8ddb4&0&UID265"
"09:28:55.0058652","Kernel-PnP","222","시작",,"End querying bus relations for device DISPLAY\BBC0104\7&16b8ddb4&0&UID265"
"09:28:55.0058732","Kernel-PnP","220","시작",,"Begin querying bus relations for device DISPLAY\SAM79DF\7&16b8ddb4&0&UID256"
"09:28:55.0058763","Kernel-PnP","222","시작",,"End querying bus relations for device DISPLAY\SAM79DF\7&16b8ddb4&0&UID256"
"09:28:55.0063794","DxgKrnl","10011","정보",,""
"09:28:55.0066783","DxgKrnl","10011","정보",,""
"09:28:55.0075896","Kernel-PnP","808","시작",,"End device add, status (STATUS_SUCCESS)"
"09:28:55.0079668","Kernel-PnP","220","시작",,"Begin querying bus relations for device DISPLAY\Default_Monitor\7&16b8ddb4&0&UID260"
"09:28:55.0079698","Kernel-PnP","222","시작",,"End querying bus relations for device DISPLAY\Default_Monitor\7&16b8ddb4&0&UID260"
"09:28:55.0083265","DxgKrnl","10011","정보",,""
"09:28:55.0114723","DxgKrnl","10011","정보",,""
"09:28:55.0115427","DxgKrnl","10011","정보",,""
"09:28:55.0207763","DxgKrnl","10011","정보",,""
"09:28:55.0208040","DxgKrnl","10011","정보",,""
"09:28:55.0208813","DxgKrnl","10011","정보",,""
"09:28:55.0208881","DxgKrnl","10011","정보",,""
"09:28:55.0208905","DxgKrnl","10011","정보",,""
"09:28:55.0243399","DxgKrnl","10011","정보",,""
"09:28:55.0244065","DxgKrnl","10011","정보",,""
"09:28:55.1003032","DxgKrnl","10011","정보",,""
"09:28:55.1004211","DxgKrnl","10011","정보",,""
"09:28:55.1004906","DxgKrnl","10011","정보",,""
"09:28:55.1017736","DxgKrnl","10011","정보",,""
"09:28:55.1018426","DxgKrnl","10011","정보",,""
"09:28:55.1019849","DxgKrnl","10011","정보",,""
"09:28:55.1020797","DxgKrnl","10011","정보",,""
"09:28:55.1020821","DxgKrnl","10011","정보",,""
"09:28:55.1021491","DxgKrnl","10011","정보",,""
"09:28:55.1021506","DxgKrnl","10011","정보",,""
"09:28:55.1022269","DxgKrnl","10011","정보",,""
"09:28:55.1022298","DxgKrnl","10011","정보",,""
"09:28:55.1022988","DxgKrnl","10011","정보",,""
"09:28:55.1023049","DxgKrnl","10011","정보",,""
"09:28:55.1023734","DxgKrnl","10011","정보",,""
"09:28:55.1023766","DxgKrnl","10011","정보",,""
"09:28:55.1024428","DxgKrnl","10011","정보",,""
"09:28:55.1044648","DxgKrnl","10011","정보",,""
"09:28:55.1044906","DxgKrnl","10011","정보",,""
"09:28:55.1045478","DxgKrnl","10011","정보",,""
"09:28:55.1047175","DxgKrnl","10011","정보",,""
"09:28:55.1052474","DxgKrnl","10011","정보",,""
"09:28:55.1053591","DxgKrnl","10011","정보",,""
"09:28:55.1207627","DxgKrnl","10011","정보",,""
"09:28:55.1208808","DxgKrnl","10011","정보",,""
"09:28:55.1208827","DxgKrnl","10011","정보",,""
"09:28:55.1209795","DxgKrnl","10011","정보",,""
"09:28:55.1209820","DxgKrnl","10011","정보",,""
"09:28:55.1210763","DxgKrnl","10011","정보",,""
"09:28:55.1210789","DxgKrnl","10011","정보",,""
"09:28:55.1211673","DxgKrnl","10011","정보",,""
"09:28:55.1211770","DxgKrnl","10011","정보",,""
"09:28:55.1212657","DxgKrnl","10011","정보",,""
"09:28:55.1212697","DxgKrnl","10011","정보",,""
"09:28:55.1213646","DxgKrnl","10011","정보",,""
"09:28:55.1221281","DxgKrnl","10011","정보",,""
"09:28:55.1222048","DxgKrnl","10011","정보",,""
"09:28:55.1263771","DxgKrnl","10011","정보",,""
"09:28:55.1277989","DxgKrnl","10011","정보",,""
"09:28:55.1294646","DxgKrnl","10011","정보",,""
"09:28:55.1295764","DxgKrnl","10011","정보",,""
"09:28:55.1350898","DxgKrnl","10011","정보",,""
"09:28:55.1360977","DxgKrnl","10011","정보",,""
"09:28:55.1361717","DxgKrnl","10011","정보",,""
"09:28:55.1362923","DxgKrnl","10011","정보",,""
"09:28:55.1766443","Kernel-PnP","220","시작",,"Begin querying bus relations for device PCI\VEN_1002&DEV_7550&SUBSYS_E4891DA2&REV_C0\6&8916a45&0&00000009"
"09:28:55.2316684","Kernel-PnP","222","시작",,"End querying bus relations for device PCI\VEN_1002&DEV_7550&SUBSYS_E4891DA2&REV_C0\6&8916a45&0&00000009"
"09:28:55.2319269","Kernel-PnP","1010","시작",,"버스에 누락 된 것으로 보고 된 장치 DISPLAY\Default_Monitor\7&16b8ddb4&0&UID260이 (가) 제거 되었습니다. 제거 된 장치 수 | 개수: 1"
"09:28:55.2322617","DxgKrnl","10011","정보",,""
"09:28:55.2322667","DxgKrnl","10011","정보",,""
"09:28:55.2322710","DxgKrnl","10011","정보",,""
"09:28:55.2324738","Kernel-PnP","220","시작",,"Begin querying bus relations for device SWD\DRIVERENUM\AMDCP&7&16b8ddb4&0"
"09:28:55.2324766","Kernel-PnP","222","시작",,"End querying bus relations for device SWD\DRIVERENUM\AMDCP&7&16b8ddb4&0"
"09:28:55.2324883","Kernel-PnP","220","시작",,"Begin querying bus relations for device SWD\DRIVERENUM\AMDFDANS&7&16b8ddb4&0"
"09:28:55.2324893","Kernel-PnP","222","시작",,"End querying bus relations for device SWD\DRIVERENUM\AMDFDANS&7&16b8ddb4&0"
"09:28:55.2324959","Kernel-PnP","220","시작",,"Begin querying bus relations for device SWD\DRIVERENUM\AMDOCL&7&16b8ddb4&0"
"09:28:55.2324969","Kernel-PnP","222","시작",,"End querying bus relations for device SWD\DRIVERENUM\AMDOCL&7&16b8ddb4&0"
"09:28:55.2325594","Kernel-PnP","220","시작",,"Begin querying bus relations for device SWD\DRIVERENUM\AMDOGL&7&16b8ddb4&0"
"09:28:55.2325636","Kernel-PnP","222","시작",,"End querying bus relations for device SWD\DRIVERENUM\AMDOGL&7&16b8ddb4&0"
"09:28:55.2325965","Kernel-PnP","220","시작",,"Begin querying bus relations for device SWD\DRIVERENUM\AMDVLK&7&16b8ddb4&0"
"09:28:55.2326012","Kernel-PnP","222","시작",,"End querying bus relations for device SWD\DRIVERENUM\AMDVLK&7&16b8ddb4&0"
"09:28:55.2326198","Kernel-PnP","220","시작",,"Begin querying bus relations for device SWD\DRIVERENUM\AMDWIN&7&16b8ddb4&0"
"09:28:55.2326217","Kernel-PnP","222","시작",,"End querying bus relations for device SWD\DRIVERENUM\AMDWIN&7&16b8ddb4&0"
"09:28:55.2326316","Kernel-PnP","220","시작",,"Begin querying bus relations for device DISPLAY\BBC0104\7&16b8ddb4&0&UID265"
"09:28:55.2326408","Kernel-PnP","222","시작",,"End querying bus relations for device DISPLAY\BBC0104\7&16b8ddb4&0&UID265"
"09:28:55.2326545","Kernel-PnP","220","시작",,"Begin querying bus relations for device DISPLAY\SAM79DF\7&16b8ddb4&0&UID256"
"09:28:55.2326593","Kernel-PnP","222","시작",,"End querying bus relations for device DISPLAY\SAM79DF\7&16b8ddb4&0&UID256"
"09:28:55.2329470","DxgKrnl","10011","정보",,""
"09:28:55.2329486","DxgKrnl","10011","정보",,""
"09:28:55.2329535","DxgKrnl","10011","정보",,""
"09:28:55.2329555","DxgKrnl","10011","정보",,""
"09:28:55.2332037","DxgKrnl","10011","정보",,""
"09:28:55.2397436","DxgKrnl","10011","정보",,""
"09:28:55.2401098","DxgKrnl","10011","정보",,""
"09:28:55.2673429","DxgKrnl","10011","정보",,""
"09:28:55.2674454","DxgKrnl","10011","정보",,""
"09:28:55.2729544","DxgKrnl","10011","정보",,""
"09:28:55.2729935","DxgKrnl","10011","정보",,""
"09:28:55.2730778","DxgKrnl","10011","정보",,""
"09:28:55.2730815","DxgKrnl","10011","정보",,""
"09:28:55.2730836","DxgKrnl","10011","정보",,""
"09:28:55.2734032","DxgKrnl","10011","정보",,""
"09:28:55.2734955","DxgKrnl","10011","정보",,""
"09:28:55.2827220","DxgKrnl","10011","정보",,""
"09:28:55.2920883","DxgKrnl","10011","정보",,""
"09:28:55.2921306","DxgKrnl","10011","정보",,""
"09:28:55.2921737","DxgKrnl","10011","정보",,""
"09:28:55.2926166","DxgKrnl","10011","정보",,""
"09:28:55.2926479","DxgKrnl","10011","정보",,""
"09:28:55.2927312","DxgKrnl","10011","정보",,""
"09:28:55.2927725","DxgKrnl","10011","정보",,""
"09:28:55.2927740","DxgKrnl","10011","정보",,""
"09:28:55.2928063","DxgKrnl","10011","정보",,""
"09:28:55.2944528","DxgKrnl","10011","정보",,""
"09:28:55.2946623","DxgKrnl","10011","정보",,""
"09:28:55.2948296","DxgKrnl","10011","정보",,""
"09:28:55.2949496","DxgKrnl","10011","정보",,""
"09:28:55.3338934","DxgKrnl","10011","정보",,""
"09:28:55.3346233","DxgKrnl","10011","정보",,""
"09:28:55.3441834","DxgKrnl","10011","정보",,""
"09:28:55.3442442","DxgKrnl","10011","정보",,""
"09:28:55.3442457","DxgKrnl","10011","정보",,""
"09:28:55.3442794","DxgKrnl","10011","정보",,""
"09:28:55.3448511","DxgKrnl","10011","정보",,""
"09:28:55.3448873","DxgKrnl","10011","정보",,""
"09:28:55.3498721","DxgKrnl","10011","정보",,""
"09:28:55.3499667","DxgKrnl","10011","정보",,""
"09:28:55.3516570","DxgKrnl","10011","정보",,""
"09:28:55.3517071","DxgKrnl","10011","정보",,""
"09:28:55.3534059","DxgKrnl","10011","정보",,""
"09:28:55.3534526","DxgKrnl","10011","정보",,""
"09:28:55.4184809","DxgKrnl","10011","정보",,""
"09:28:55.4189752","DxgKrnl","10011","정보",,""
"09:28:55.4191700","DxgKrnl","10011","정보",,""
"09:28:55.4196403","DxgKrnl","10011","정보",,""
"09:28:55.4199884","DxgKrnl","10011","정보",,""
"09:28:55.4200384","DxgKrnl","10011","정보",,""
"09:28:55.4209478","DxgKrnl","10011","정보",,""
"09:28:55.4210012","DxgKrnl","10011","정보",,""
"09:28:55.4245162","DxgKrnl","10011","정보",,""
"09:28:55.4246419","DxgKrnl","10011","정보",,""
"09:28:55.4273448","DxgKrnl","10011","정보",,""
"09:28:55.4274002","DxgKrnl","10011","정보",,""
"09:28:55.4274459","DxgKrnl","10011","정보",,""
"09:28:55.4369708","DxgKrnl","10011","정보",,""
"09:28:55.4371020","DxgKrnl","10011","정보",,""
"09:28:55.4438088","DxgKrnl","10011","정보",,""
"09:28:55.4438382","DxgKrnl","10011","정보",,""
"09:28:55.4439638","DxgKrnl","10011","정보",,""
"09:28:55.4439664","DxgKrnl","10011","정보",,""
"09:28:55.4458553","DxgKrnl","10011","정보",,""
"09:28:55.4459099","DxgKrnl","10011","정보",,""
"09:28:55.4470175","DxgKrnl","10011","정보",,""
"09:28:55.4474299","DxgKrnl","10011","정보",,""
"09:28:55.4474446","DxgKrnl","10011","정보",,""
"09:28:55.4474454","DxgKrnl","10011","정보",,""
"09:28:55.4480197","DxgKrnl","10011","정보",,""
"09:28:55.4480927","DxgKrnl","10011","정보",,""
"09:28:55.4481846","DxgKrnl","10011","정보",,""
"09:28:55.4481872","DxgKrnl","10011","정보",,""
"09:28:55.4483623","DxgKrnl","10011","정보",,""
"09:28:55.4484073","DxgKrnl","10011","정보",,""
"09:28:55.4558713","DxgKrnl","10011","정보",,""
"09:28:55.4559134","DxgKrnl","10011","정보",,""
"09:28:55.6151882","DxgKrnl","10011","정보",,""
"09:28:55.6160022","DxgKrnl","10011","정보",,""
"09:28:58.5059946","DxgKrnl","10011","정보",,""
"09:28:58.7364143","Kernel-PnP","220","시작",,"Begin querying bus relations for device PCI\VEN_1002&DEV_7550&SUBSYS_E4891DA2&REV_C0\6&8916a45&0&00000009"
"09:28:58.7364816","DxgKrnl","10011","정보",,""
"09:28:58.7366707","DxgKrnl","10011","정보",,""
"09:28:58.7367281","DxgKrnl","10011","정보",,""
"09:28:58.7369865","DxgKrnl","10011","정보",,""
"09:28:58.7371498","DxgKrnl","10011","정보",,""
"09:28:58.7381833","DxgKrnl","10011","정보",,""
"09:28:58.7382313","DxgKrnl","10011","정보",,""
"09:28:58.7395768","DxgKrnl","10011","정보",,""
"09:28:58.7411999","DxgKrnl","10011","정보",,""
"09:28:58.7417394","Kernel-PnP","222","시작",,"End querying bus relations for device PCI\VEN_1002&DEV_7550&SUBSYS_E4891DA2&REV_C0\6&8916a45&0&00000009"
"09:28:58.7417934","Kernel-PnP","220","시작",,"Begin querying bus relations for device SWD\DRIVERENUM\AMDCP&7&16b8ddb4&0"
"09:28:58.7417948","Kernel-PnP","222","시작",,"End querying bus relations for device SWD\DRIVERENUM\AMDCP&7&16b8ddb4&0"
"09:28:58.7418005","Kernel-PnP","220","시작",,"Begin querying bus relations for device SWD\DRIVERENUM\AMDFDANS&7&16b8ddb4&0"
"09:28:58.7418011","Kernel-PnP","222","시작",,"End querying bus relations for device SWD\DRIVERENUM\AMDFDANS&7&16b8ddb4&0"
"09:28:58.7418061","Kernel-PnP","220","시작",,"Begin querying bus relations for device SWD\DRIVERENUM\AMDOCL&7&16b8ddb4&0"
"09:28:58.7418067","Kernel-PnP","222","시작",,"End querying bus relations for device SWD\DRIVERENUM\AMDOCL&7&16b8ddb4&0"
"09:28:58.7418111","Kernel-PnP","220","시작",,"Begin querying bus relations for device SWD\DRIVERENUM\AMDOGL&7&16b8ddb4&0"
"09:28:58.7418118","Kernel-PnP","222","시작",,"End querying bus relations for device SWD\DRIVERENUM\AMDOGL&7&16b8ddb4&0"
"09:28:58.7418154","Kernel-PnP","220","시작",,"Begin querying bus relations for device SWD\DRIVERENUM\AMDVLK&7&16b8ddb4&0"
"09:28:58.7418159","Kernel-PnP","222","시작",,"End querying bus relations for device SWD\DRIVERENUM\AMDVLK&7&16b8ddb4&0"
"09:28:58.7418203","Kernel-PnP","220","시작",,"Begin querying bus relations for device SWD\DRIVERENUM\AMDWIN&7&16b8ddb4&0"
"09:28:58.7418209","Kernel-PnP","222","시작",,"End querying bus relations for device SWD\DRIVERENUM\AMDWIN&7&16b8ddb4&0"
"09:28:58.7418257","Kernel-PnP","220","시작",,"Begin querying bus relations for device DISPLAY\BBC0104\7&16b8ddb4&0&UID265"
"09:28:58.7418302","Kernel-PnP","222","시작",,"End querying bus relations for device DISPLAY\BBC0104\7&16b8ddb4&0&UID265"
"09:28:58.7418361","Kernel-PnP","220","시작",,"Begin querying bus relations for device DISPLAY\SAM79DF\7&16b8ddb4&0&UID256"
"09:28:58.7418382","Kernel-PnP","222","시작",,"End querying bus relations for device DISPLAY\SAM79DF\7&16b8ddb4&0&UID256"
"09:28:58.7466563","DxgKrnl","10011","정보",,""
"09:28:58.7466790","DxgKrnl","10011","정보",,""
"09:28:58.7467258","DxgKrnl","10011","정보",,""
"09:28:58.7467299","DxgKrnl","10011","정보",,""
"09:28:58.7467323","DxgKrnl","10011","정보",,""
"09:28:58.7511652","DxgKrnl","10011","정보",,""
"09:28:58.7512342","DxgKrnl","10011","정보",,""
"09:28:58.7513443","Kernel-PnP","808","시작",,"End device add, status (STATUS_SUCCESS)"
"09:28:58.7516148","Kernel-PnP","220","시작",,"Begin querying bus relations for device DISPLAY\SAM7B0C\7&16b8ddb4&0&UID260"
"09:28:58.7516175","Kernel-PnP","222","시작",,"End querying bus relations for device DISPLAY\SAM7B0C\7&16b8ddb4&0&UID260"
"09:28:58.7518813","DxgKrnl","10011","정보",,""
"09:28:58.7730420","DxgKrnl","10011","정보",,""
"09:28:58.7731227","DxgKrnl","10011","정보",,""
"09:28:58.7731698","DxgKrnl","10011","정보",,""
"09:28:58.7744880","DxgKrnl","10011","정보",,""
"09:28:58.7745413","DxgKrnl","10011","정보",,""
"09:28:58.7746713","DxgKrnl","10011","정보",,""
"09:28:58.7747355","DxgKrnl","10011","정보",,""
"09:28:58.7747364","DxgKrnl","10011","정보",,""
"09:28:58.7747867","DxgKrnl","10011","정보",,""
"09:28:58.7747883","DxgKrnl","10011","정보",,""
"09:28:58.7748405","DxgKrnl","10011","정보",,""
"09:28:58.7748452","DxgKrnl","10011","정보",,""
"09:28:58.7749082","DxgKrnl","10011","정보",,""
"09:28:58.7768052","DxgKrnl","10011","정보",,""
"09:28:58.7768652","DxgKrnl","10011","정보",,""
"09:28:58.7769184","DxgKrnl","10011","정보",,""
"09:28:58.7770264","DxgKrnl","10011","정보",,""
"09:28:58.7771435","DxgKrnl","10011","정보",,""
"09:28:58.7771764","DxgKrnl","10011","정보",,""
"09:28:58.7771805","DxgKrnl","10011","정보",,""
"09:28:58.7773378","DxgKrnl","10011","정보",,""
"09:28:58.7808673","DxgKrnl","10011","정보",,""
"09:28:58.7809332","DxgKrnl","10011","정보",,""
"09:28:58.7824817","DxgKrnl","10011","정보",,""
"09:28:58.7825734","DxgKrnl","10011","정보",,""
"09:28:58.7825741","DxgKrnl","10011","정보",,""
"09:28:58.7826285","DxgKrnl","10011","정보",,""
"09:28:58.7826298","DxgKrnl","10011","정보",,""
"09:28:58.7826825","DxgKrnl","10011","정보",,""
"09:28:58.7826876","DxgKrnl","10011","정보",,""
"09:28:58.7827463","DxgKrnl","10011","정보",,""
"09:28:58.7831223","DxgKrnl","10011","정보",,""
"09:28:58.7831713","DxgKrnl","10011","정보",,""
"09:28:58.7883797","DxgKrnl","10011","정보",,""
"09:28:58.7884403","DxgKrnl","10011","정보",,""
"09:28:58.7953006","DxgKrnl","10011","정보",,""
"09:28:58.7959911","DxgKrnl","10011","정보",,""
"09:28:58.8008223","DxgKrnl","10011","정보",,""
"09:28:58.8008522","DxgKrnl","10011","정보",,""
"09:28:58.8009152","DxgKrnl","10011","정보",,""
"09:28:58.8009193","DxgKrnl","10011","정보",,""
"09:28:58.8009215","DxgKrnl","10011","정보",,""
"09:28:58.8050295","DxgKrnl","10011","정보",,""
"09:28:58.8050899","DxgKrnl","10011","정보",,""
"09:28:58.8079465","DxgKrnl","10011","정보",,""
"09:28:58.8080001","DxgKrnl","10011","정보",,""
"09:28:58.8080307","DxgKrnl","10011","정보",,""
"09:28:58.8081403","DxgKrnl","10011","정보",,""
"09:28:58.8081451","DxgKrnl","10011","정보",,""
"09:28:58.8081752","DxgKrnl","10011","정보",,""
"09:28:58.8082945","DxgKrnl","10011","정보",,""
"09:28:58.8084155","DxgKrnl","10011","정보",,""
"09:28:58.8085559","DxgKrnl","10011","정보",,""
"09:28:58.8085588","DxgKrnl","10011","정보",,""
"09:28:58.8085670","DxgKrnl","10011","정보",,""
"09:28:58.8140980","DxgKrnl","10011","정보",,""
"09:28:58.8141670","DxgKrnl","10011","정보",,""
"09:28:58.8203184","DxgKrnl","10011","정보",,""
"09:28:58.8203881","DxgKrnl","10011","정보",,""
"09:28:58.9223305","DxgKrnl","10011","정보",,""
"09:28:58.9231001","DxgKrnl","10011","정보",,""
"09:28:58.9250786","DxgKrnl","10011","정보",,""
"09:28:58.9257767","DxgKrnl","10011","정보",,""
"09:28:58.9259391","DxgKrnl","10011","정보",,""
"09:28:58.9262256","DxgKrnl","10011","정보",,""
"09:28:58.9288429","DxgKrnl","10011","정보",,""
"09:28:58.9289507","DxgKrnl","10011","정보",,""
"09:28:58.9290216","DxgKrnl","10011","정보",,""
"09:28:58.9297014","DxgKrnl","10011","정보",,""
"09:28:58.9297792","DxgKrnl","10011","정보",,""
"09:28:58.9301924","DxgKrnl","10011","정보",,""
"09:28:58.9301946","DxgKrnl","10011","정보",,""
"09:28:58.9302084","DxgKrnl","10011","정보",,""
"09:28:58.9303384","DxgKrnl","10011","정보",,""
"09:28:58.9304079","DxgKrnl","10011","정보",,""
"09:28:58.9304128","DxgKrnl","10011","정보",,""
"09:28:58.9320780","DxgKrnl","10011","정보",,""
"09:28:58.9336299","DxgKrnl","10011","정보",,""
"09:28:58.9336437","DxgKrnl","10011","정보",,""
"09:28:58.9336446","DxgKrnl","10011","정보",,""
"09:28:58.9337230","DxgKrnl","10011","정보",,""
"09:28:58.9339804","DxgKrnl","10011","정보",,""
"09:28:58.9350559","DxgKrnl","10011","정보",,""
"09:28:58.9351230","DxgKrnl","10011","정보",,""
"09:28:58.9417059","DxgKrnl","10011","정보",,""
"09:28:58.9420008","DxgKrnl","10011","정보",,""
"09:28:58.9420703","DxgKrnl","10011","정보",,""
"09:28:58.9439159","DxgKrnl","10011","정보",,""
"09:28:58.9449979","DxgKrnl","10011","정보",,""
"09:28:58.9450112","DxgKrnl","10011","정보",,""
"09:28:58.9450121","DxgKrnl","10011","정보",,""
"09:28:58.9453985","DxgKrnl","10011","정보",,""
"09:28:58.9454645","DxgKrnl","10011","정보",,""
"09:28:58.9455667","DxgKrnl","10011","정보",,""
"09:28:58.9455692","DxgKrnl","10011","정보",,""
"09:28:58.9467876","DxgKrnl","10011","정보",,""
"09:28:58.9470661","DxgKrnl","10011","정보",,""
"09:28:59.0056626","DxgKrnl","10011","정보",,""
"09:28:59.0065870","DxgKrnl","10011","정보",,""
"09:28:59.0179521","DxgKrnl","10011","정보",,""
"09:28:59.0180257","DxgKrnl","10011","정보",,""
"09:28:59.0772145","DxgKrnl","10011","정보",,""
"09:28:59.0772886","DxgKrnl","10011","정보",,""
"09:28:59.0772894","DxgKrnl","10011","정보",,""
"09:28:59.0773474","DxgKrnl","10011","정보",,""
"09:28:59.0773488","DxgKrnl","10011","정보",,""
"09:28:59.0774034","DxgKrnl","10011","정보",,""
"09:28:59.0774125","DxgKrnl","10011","정보",,""
"09:28:59.0774661","DxgKrnl","10011","정보",,""
"09:29:36.2951954","Kernel-PnP","220","시작",,"Begin querying bus relations for device PCI\VEN_1002&DEV_7550&SUBSYS_E4891DA2&REV_C0\6&8916a45&0&00000009"
"09:29:36.2953172","DxgKrnl","10011","정보",,""
"09:29:36.3361803","DxgKrnl","10011","정보",,""
"09:29:36.3363272","DxgKrnl","10011","정보",,""
"09:29:36.3364905","DxgKrnl","10011","정보",,""
"09:29:36.3366211","Kernel-PnP","222","시작",,"End querying bus relations for device PCI\VEN_1002&DEV_7550&SUBSYS_E4891DA2&REV_C0\6&8916a45&0&00000009"
"09:29:36.3367954","Kernel-PnP","1010","시작",,"버스에 누락 된 것으로 보고 된 장치 DISPLAY\SAM7B0C\7&16b8ddb4&0&UID260이 (가) 제거 되었습니다. 제거 된 장치 수 | 개수: 1"
"09:29:36.3369718","DxgKrnl","10011","정보",,""
"09:29:36.3370694","DxgKrnl","10011","정보",,""
"09:29:36.3373896","Kernel-PnP","220","시작",,"Begin querying bus relations for device SWD\DRIVERENUM\AMDCP&7&16b8ddb4&0"
"09:29:36.3373926","Kernel-PnP","222","시작",,"End querying bus relations for device SWD\DRIVERENUM\AMDCP&7&16b8ddb4&0"
"09:29:36.3374062","Kernel-PnP","220","시작",,"Begin querying bus relations for device SWD\DRIVERENUM\AMDFDANS&7&16b8ddb4&0"
"09:29:36.3374073","Kernel-PnP","222","시작",,"End querying bus relations for device SWD\DRIVERENUM\AMDFDANS&7&16b8ddb4&0"
"09:29:36.3374141","Kernel-PnP","220","시작",,"Begin querying bus relations for device SWD\DRIVERENUM\AMDOCL&7&16b8ddb4&0"
"09:29:36.3374151","Kernel-PnP","222","시작",,"End querying bus relations for device SWD\DRIVERENUM\AMDOCL&7&16b8ddb4&0"
"09:29:36.3374215","Kernel-PnP","220","시작",,"Begin querying bus relations for device SWD\DRIVERENUM\AMDOGL&7&16b8ddb4&0"
"09:29:36.3374224","Kernel-PnP","222","시작",,"End querying bus relations for device SWD\DRIVERENUM\AMDOGL&7&16b8ddb4&0"
"09:29:36.3374288","Kernel-PnP","220","시작",,"Begin querying bus relations for device SWD\DRIVERENUM\AMDVLK&7&16b8ddb4&0"
"09:29:36.3374298","Kernel-PnP","222","시작",,"End querying bus relations for device SWD\DRIVERENUM\AMDVLK&7&16b8ddb4&0"
"09:29:36.3374358","Kernel-PnP","220","시작",,"Begin querying bus relations for device SWD\DRIVERENUM\AMDWIN&7&16b8ddb4&0"
"09:29:36.3374367","Kernel-PnP","222","시작",,"End querying bus relations for device SWD\DRIVERENUM\AMDWIN&7&16b8ddb4&0"
"09:29:36.3374426","Kernel-PnP","220","시작",,"Begin querying bus relations for device DISPLAY\BBC0104\7&16b8ddb4&0&UID265"
"09:29:36.3374477","Kernel-PnP","222","시작",,"End querying bus relations for device DISPLAY\BBC0104\7&16b8ddb4&0&UID265"
"09:29:36.3374537","Kernel-PnP","220","시작",,"Begin querying bus relations for device DISPLAY\SAM79DF\7&16b8ddb4&0&UID256"
"09:29:36.3374565","Kernel-PnP","222","시작",,"End querying bus relations for device DISPLAY\SAM79DF\7&16b8ddb4&0&UID256"
"09:29:36.3380806","DxgKrnl","10011","정보",,""
"09:29:36.3401812","DxgKrnl","10011","정보",,""
"09:29:36.3406822","Kernel-PnP","808","시작",,"End device add, status (STATUS_SUCCESS)"
"09:29:36.3410958","Kernel-PnP","220","시작",,"Begin querying bus relations for device DISPLAY\Default_Monitor\7&16b8ddb4&0&UID260"
"09:29:36.3410986","Kernel-PnP","222","시작",,"End querying bus relations for device DISPLAY\Default_Monitor\7&16b8ddb4&0&UID260"
"09:29:36.3414601","DxgKrnl","10011","정보",,""
"09:29:36.3448145","DxgKrnl","10011","정보",,""
"09:29:36.3448879","DxgKrnl","10011","정보",,""
"09:29:36.3528591","DxgKrnl","10011","정보",,""
"09:29:36.3528937","DxgKrnl","10011","정보",,""
"09:29:36.3529643","DxgKrnl","10011","정보",,""
"09:29:36.3529789","DxgKrnl","10011","정보",,""
"09:29:36.3529814","DxgKrnl","10011","정보",,""
"09:29:36.3566097","DxgKrnl","10011","정보",,""
"09:29:36.3566777","DxgKrnl","10011","정보",,""
"09:29:36.4332215","DxgKrnl","10011","정보",,""
"09:29:36.4334054","DxgKrnl","10011","정보",,""
"09:29:36.4334675","DxgKrnl","10011","정보",,""
"09:29:36.4347160","DxgKrnl","10011","정보",,""
"09:29:36.4347883","DxgKrnl","10011","정보",,""
"09:29:36.4349353","DxgKrnl","10011","정보",,""
"09:29:36.4350104","DxgKrnl","10011","정보",,""
"09:29:36.4350116","DxgKrnl","10011","정보",,""
"09:29:36.4350866","DxgKrnl","10011","정보",,""
"09:29:36.4350881","DxgKrnl","10011","정보",,""
"09:29:36.4351547","DxgKrnl","10011","정보",,""
"09:29:36.4351568","DxgKrnl","10011","정보",,""
"09:29:36.4352346","DxgKrnl","10011","정보",,""
"09:29:36.4352411","DxgKrnl","10011","정보",,""
"09:29:36.4353064","DxgKrnl","10011","정보",,""
"09:29:36.4353094","DxgKrnl","10011","정보",,""
"09:29:36.4353814","DxgKrnl","10011","정보",,""
"09:29:36.4374281","DxgKrnl","10011","정보",,""
"09:29:36.4374408","DxgKrnl","10011","정보",,""
"09:29:36.4376529","DxgKrnl","10011","정보",,""
"09:29:36.4376546","DxgKrnl","10011","정보",,""
"09:29:36.4417602","DxgKrnl","10011","정보",,""
"09:29:36.4418485","DxgKrnl","10011","정보",,""
"09:29:36.4569743","DxgKrnl","10011","정보",,""
"09:29:36.4570615","DxgKrnl","10011","정보",,""
"09:29:36.4570628","DxgKrnl","10011","정보",,""
"09:29:36.4571326","DxgKrnl","10011","정보",,""
"09:29:36.4571336","DxgKrnl","10011","정보",,""
"09:29:36.4572014","DxgKrnl","10011","정보",,""
"09:29:36.4572039","DxgKrnl","10011","정보",,""
"09:29:36.4572716","DxgKrnl","10011","정보",,""
"09:29:36.4572794","DxgKrnl","10011","정보",,""
"09:29:36.4573621","DxgKrnl","10011","정보",,""
"09:29:36.4573648","DxgKrnl","10011","정보",,""
"09:29:36.4574323","DxgKrnl","10011","정보",,""
"09:29:36.4579535","DxgKrnl","10011","정보",,""
"09:29:36.4580344","DxgKrnl","10011","정보",,""
"09:29:36.4621359","DxgKrnl","10011","정보",,""
"09:29:36.4636638","DxgKrnl","10011","정보",,""
"09:29:36.4651398","DxgKrnl","10011","정보",,""
"09:29:36.4652393","DxgKrnl","10011","정보",,""
"09:29:36.4699985","DxgKrnl","10011","정보",,""
"09:29:36.4710552","DxgKrnl","10011","정보",,""
"09:29:36.4711599","DxgKrnl","10011","정보",,""
"09:29:36.4712429","DxgKrnl","10011","정보",,""
"09:29:36.6548450","Kernel-PnP","220","시작",,"Begin querying bus relations for device PCI\VEN_1002&DEV_7550&SUBSYS_E4891DA2&REV_C0\6&8916a45&0&00000009"
"09:29:36.6980307","Kernel-PnP","222","시작",,"End querying bus relations for device PCI\VEN_1002&DEV_7550&SUBSYS_E4891DA2&REV_C0\6&8916a45&0&00000009"
"09:29:36.6982106","DxgKrnl","10011","정보",,""
"09:29:36.6982142","DxgKrnl","10011","정보",,""
"09:29:36.6982886","Kernel-PnP","1010","시작",,"버스에 누락 된 것으로 보고 된 장치 DISPLAY\Default_Monitor\7&16b8ddb4&0&UID260이 (가) 제거 되었습니다. 제거 된 장치 수 | 개수: 1"
"09:29:36.6985457","DxgKrnl","10011","정보",,""
"09:29:36.6985460","DxgKrnl","10011","정보",,""
"09:29:36.6988393","Kernel-PnP","220","시작",,"Begin querying bus relations for device SWD\DRIVERENUM\AMDCP&7&16b8ddb4&0"
"09:29:36.6988424","Kernel-PnP","222","시작",,"End querying bus relations for device SWD\DRIVERENUM\AMDCP&7&16b8ddb4&0"
"09:29:36.6988523","Kernel-PnP","220","시작",,"Begin querying bus relations for device SWD\DRIVERENUM\AMDFDANS&7&16b8ddb4&0"
"09:29:36.6988534","Kernel-PnP","222","시작",,"End querying bus relations for device SWD\DRIVERENUM\AMDFDANS&7&16b8ddb4&0"
"09:29:36.6988600","Kernel-PnP","220","시작",,"Begin querying bus relations for device SWD\DRIVERENUM\AMDOCL&7&16b8ddb4&0"
"09:29:36.6988610","Kernel-PnP","222","시작",,"End querying bus relations for device SWD\DRIVERENUM\AMDOCL&7&16b8ddb4&0"
"09:29:36.6988682","Kernel-PnP","220","시작",,"Begin querying bus relations for device SWD\DRIVERENUM\AMDOGL&7&16b8ddb4&0"
"09:29:36.6988694","Kernel-PnP","222","시작",,"End querying bus relations for device SWD\DRIVERENUM\AMDOGL&7&16b8ddb4&0"
"09:29:36.6988753","Kernel-PnP","220","시작",,"Begin querying bus relations for device SWD\DRIVERENUM\AMDVLK&7&16b8ddb4&0"
"09:29:36.6988815","Kernel-PnP","222","시작",,"End querying bus relations for device SWD\DRIVERENUM\AMDVLK&7&16b8ddb4&0"
"09:29:36.6988900","Kernel-PnP","220","시작",,"Begin querying bus relations for device SWD\DRIVERENUM\AMDWIN&7&16b8ddb4&0"
"09:29:36.6988918","Kernel-PnP","222","시작",,"End querying bus relations for device SWD\DRIVERENUM\AMDWIN&7&16b8ddb4&0"
"09:29:36.6988983","Kernel-PnP","220","시작",,"Begin querying bus relations for device DISPLAY\BBC0104\7&16b8ddb4&0&UID265"
"09:29:36.6989033","Kernel-PnP","222","시작",,"End querying bus relations for device DISPLAY\BBC0104\7&16b8ddb4&0&UID265"
"09:29:36.6989095","Kernel-PnP","220","시작",,"Begin querying bus relations for device DISPLAY\SAM79DF\7&16b8ddb4&0&UID256"
"09:29:36.6989126","Kernel-PnP","222","시작",,"End querying bus relations for device DISPLAY\SAM79DF\7&16b8ddb4&0&UID256"
"09:29:36.7078138","DxgKrnl","10011","정보",,""
"09:29:36.7086257","DxgKrnl","10011","정보",,""
"09:29:36.7131797","DxgKrnl","10011","정보",,""
"09:29:36.7132929","DxgKrnl","10011","정보",,""
"09:29:36.7147122","DxgKrnl","10011","정보",,""
"09:29:36.7148102","DxgKrnl","10011","정보",,""
"09:29:36.7161512","DxgKrnl","10011","정보",,""
"09:29:36.7161783","DxgKrnl","10011","정보",,""
"09:29:36.7162678","DxgKrnl","10011","정보",,""
"09:29:36.7162716","DxgKrnl","10011","정보",,""
"09:29:36.7162738","DxgKrnl","10011","정보",,""
"09:29:36.7165823","DxgKrnl","10011","정보",,""
"09:29:36.7166518","DxgKrnl","10011","정보",,""
"09:29:36.7321409","DxgKrnl","10011","정보",,""
"09:29:36.7418437","DxgKrnl","10011","정보",,""
"09:29:36.7418909","DxgKrnl","10011","정보",,""
"09:29:36.7419400","DxgKrnl","10011","정보",,""
"09:29:36.7424020","DxgKrnl","10011","정보",,""
"09:29:36.7424340","DxgKrnl","10011","정보",,""
"09:29:36.7425079","DxgKrnl","10011","정보",,""
"09:29:36.7425395","DxgKrnl","10011","정보",,""
"09:29:36.7425409","DxgKrnl","10011","정보",,""
"09:29:36.7425729","DxgKrnl","10011","정보",,""
"09:29:36.7444417","DxgKrnl","10011","정보",,""
"09:29:36.7444676","DxgKrnl","10011","정보",,""
"09:29:36.7445336","DxgKrnl","10011","정보",,""
"09:29:36.7445632","DxgKrnl","10011","정보",,""
"09:29:36.7446089","DxgKrnl","10011","정보",,""
"09:29:36.7446954","DxgKrnl","10011","정보",,""
"09:29:36.7447839","DxgKrnl","10011","정보",,""
"09:29:36.7447986","DxgKrnl","10011","정보",,""
"09:29:36.7467262","DxgKrnl","10011","정보",,""
"09:29:36.7476367","DxgKrnl","10011","정보",,""
"09:29:36.7556700","DxgKrnl","10011","정보",,""
"09:29:36.7563707","DxgKrnl","10011","정보",,""
"09:29:36.7563921","DxgKrnl","10011","정보",,""
"09:29:36.7564434","DxgKrnl","10011","정보",,""
"09:29:36.7565768","DxgKrnl","10011","정보",,""
"09:29:36.7568676","DxgKrnl","10011","정보",,""
"09:29:36.7569137","DxgKrnl","10011","정보",,""
"09:29:36.7570717","DxgKrnl","10011","정보",,""
"09:29:36.7573108","DxgKrnl","10011","정보",,""
"09:29:36.7573543","DxgKrnl","10011","정보",,""
"09:29:36.7575970","DxgKrnl","10011","정보",,""
"09:29:36.7576500","DxgKrnl","10011","정보",,""
"09:29:36.7629804","DxgKrnl","10011","정보",,""
"09:29:36.7630617","DxgKrnl","10011","정보",,""
"09:29:36.7631044","DxgKrnl","10011","정보",,""
"09:29:36.7634220","DxgKrnl","10011","정보",,""
"09:29:36.7634756","DxgKrnl","10011","정보",,""
"09:29:36.7722375","DxgKrnl","10011","정보",,""
"09:29:36.7722836","DxgKrnl","10011","정보",,""
"09:29:36.7750514","DxgKrnl","10011","정보",,""
"09:29:36.7751979","DxgKrnl","10011","정보",,""
"09:29:36.7783738","DxgKrnl","10011","정보",,""
"09:29:36.7784260","DxgKrnl","10011","정보",,""
"09:29:36.7801494","DxgKrnl","10011","정보",,""
"09:29:36.7801789","DxgKrnl","10011","정보",,""
"09:29:36.7803390","DxgKrnl","10011","정보",,""
"09:29:36.7803418","DxgKrnl","10011","정보",,""
"09:29:36.7817346","DxgKrnl","10011","정보",,""
"09:29:36.7821252","DxgKrnl","10011","정보",,""
"09:29:36.7821381","DxgKrnl","10011","정보",,""
"09:29:36.7821389","DxgKrnl","10011","정보",,""
"09:29:36.7828164","DxgKrnl","10011","정보",,""
"09:29:36.7828998","DxgKrnl","10011","정보",,""
"09:29:36.7832132","DxgKrnl","10011","정보",,""
"09:29:36.7832576","DxgKrnl","10011","정보",,""
"09:29:36.7950186","DxgKrnl","10011","정보",,""
"09:29:36.7950654","DxgKrnl","10011","정보",,""
"09:29:36.7950667","DxgKrnl","10011","정보",,""
"09:29:36.7950969","DxgKrnl","10011","정보",,""
"09:29:36.7957417","DxgKrnl","10011","정보",,""
"09:29:36.7957840","DxgKrnl","10011","정보",,""
"09:29:36.7985726","DxgKrnl","10011","정보",,""
"09:29:36.7992743","DxgKrnl","10011","정보",,""
"09:29:36.8004432","DxgKrnl","10011","정보",,""
"09:29:36.8004948","DxgKrnl","10011","정보",,""
"09:29:36.8025185","DxgKrnl","10011","정보",,""
"09:29:36.8025797","DxgKrnl","10011","정보",,""
"09:29:36.8041288","DxgKrnl","10011","정보",,""
"09:29:36.8041689","DxgKrnl","10011","정보",,""
"09:29:36.8057663","DxgKrnl","10011","정보",,""
"09:29:36.8058253","DxgKrnl","10011","정보",,""
"09:29:36.8064167","DxgKrnl","10011","정보",,""
"09:29:36.8064546","DxgKrnl","10011","정보",,""
"09:29:36.8075977","DxgKrnl","10011","정보",,""
"09:29:36.8076203","DxgKrnl","10011","정보",,""
"09:29:39.9925092","DxgKrnl","10011","정보",,""
"09:29:40.2386892","Kernel-PnP","220","시작",,"Begin querying bus relations for device PCI\VEN_1002&DEV_7550&SUBSYS_E4891DA2&REV_C0\6&8916a45&0&00000009"
"09:29:40.2387824","DxgKrnl","10011","정보",,""
"09:29:40.2388832","DxgKrnl","10011","정보",,""
"09:29:40.2401000","DxgKrnl","10011","정보",,""
"09:29:40.2401753","DxgKrnl","10011","정보",,""
"09:29:40.2402241","DxgKrnl","10011","정보",,""
"09:29:40.2410471","DxgKrnl","10011","정보",,""
"09:29:40.2410897","DxgKrnl","10011","정보",,""
"09:29:40.2423828","DxgKrnl","10011","정보",,""
"09:29:40.2442681","DxgKrnl","10011","정보",,""
"09:29:40.2447603","Kernel-PnP","222","시작",,"End querying bus relations for device PCI\VEN_1002&DEV_7550&SUBSYS_E4891DA2&REV_C0\6&8916a45&0&00000009"
"09:29:40.2448103","Kernel-PnP","220","시작",,"Begin querying bus relations for device SWD\DRIVERENUM\AMDCP&7&16b8ddb4&0"
"09:29:40.2448115","Kernel-PnP","222","시작",,"End querying bus relations for device SWD\DRIVERENUM\AMDCP&7&16b8ddb4&0"
"09:29:40.2448173","Kernel-PnP","220","시작",,"Begin querying bus relations for device SWD\DRIVERENUM\AMDFDANS&7&16b8ddb4&0"
"09:29:40.2448180","Kernel-PnP","222","시작",,"End querying bus relations for device SWD\DRIVERENUM\AMDFDANS&7&16b8ddb4&0"
"09:29:40.2448221","Kernel-PnP","220","시작",,"Begin querying bus relations for device SWD\DRIVERENUM\AMDOCL&7&16b8ddb4&0"
"09:29:40.2448227","Kernel-PnP","222","시작",,"End querying bus relations for device SWD\DRIVERENUM\AMDOCL&7&16b8ddb4&0"
"09:29:40.2448269","Kernel-PnP","220","시작",,"Begin querying bus relations for device SWD\DRIVERENUM\AMDOGL&7&16b8ddb4&0"
"09:29:40.2448275","Kernel-PnP","222","시작",,"End querying bus relations for device SWD\DRIVERENUM\AMDOGL&7&16b8ddb4&0"
"09:29:40.2448314","Kernel-PnP","220","시작",,"Begin querying bus relations for device SWD\DRIVERENUM\AMDVLK&7&16b8ddb4&0"
"09:29:40.2448320","Kernel-PnP","222","시작",,"End querying bus relations for device SWD\DRIVERENUM\AMDVLK&7&16b8ddb4&0"
"09:29:40.2448361","Kernel-PnP","220","시작",,"Begin querying bus relations for device SWD\DRIVERENUM\AMDWIN&7&16b8ddb4&0"
"09:29:40.2448366","Kernel-PnP","222","시작",,"End querying bus relations for device SWD\DRIVERENUM\AMDWIN&7&16b8ddb4&0"
"09:29:40.2448406","Kernel-PnP","220","시작",,"Begin querying bus relations for device DISPLAY\BBC0104\7&16b8ddb4&0&UID265"
"09:29:40.2448451","Kernel-PnP","222","시작",,"End querying bus relations for device DISPLAY\BBC0104\7&16b8ddb4&0&UID265"
"09:29:40.2448497","Kernel-PnP","220","시작",,"Begin querying bus relations for device DISPLAY\SAM79DF\7&16b8ddb4&0&UID256"
"09:29:40.2448517","Kernel-PnP","222","시작",,"End querying bus relations for device DISPLAY\SAM79DF\7&16b8ddb4&0&UID256"
"09:29:40.2497227","Kernel-PnP","808","시작",,"End device add, status (STATUS_SUCCESS)"
"09:29:40.2498749","DxgKrnl","10011","정보",,""
"09:29:40.2499147","DxgKrnl","10011","정보",,""
"09:29:40.2499571","DxgKrnl","10011","정보",,""
"09:29:40.2499625","DxgKrnl","10011","정보",,""
"09:29:40.2499650","DxgKrnl","10011","정보",,""
"09:29:40.2501463","Kernel-PnP","220","시작",,"Begin querying bus relations for device DISPLAY\SAM7B0C\7&16b8ddb4&0&UID260"
"09:29:40.2501511","Kernel-PnP","222","시작",,"End querying bus relations for device DISPLAY\SAM7B0C\7&16b8ddb4&0&UID260"
"09:29:40.2545495","DxgKrnl","10011","정보",,""
"09:29:40.2550561","DxgKrnl","10011","정보",,""
"09:29:40.2551551","DxgKrnl","10011","정보",,""
"09:29:40.2748066","DxgKrnl","10011","정보",,""
"09:29:40.2748744","DxgKrnl","10011","정보",,""
"09:29:40.2749172","DxgKrnl","10011","정보",,""
"09:29:40.2762337","DxgKrnl","10011","정보",,""
"09:29:40.2762905","DxgKrnl","10011","정보",,""
"09:29:40.2764197","DxgKrnl","10011","정보",,""
"09:29:40.2764731","DxgKrnl","10011","정보",,""
"09:29:40.2764739","DxgKrnl","10011","정보",,""
"09:29:40.2765287","DxgKrnl","10011","정보",,""
"09:29:40.2765301","DxgKrnl","10011","정보",,""
"09:29:40.2765809","DxgKrnl","10011","정보",,""
"09:29:40.2765861","DxgKrnl","10011","정보",,""
"09:29:40.2766423","DxgKrnl","10011","정보",,""
"09:29:40.2791134","DxgKrnl","10011","정보",,""
"09:29:40.2791474","DxgKrnl","10011","정보",,""
"09:29:40.2792275","DxgKrnl","10011","정보",,""
"09:29:40.2793177","DxgKrnl","10011","정보",,""
"09:29:40.2822383","DxgKrnl","10011","정보",,""
"09:29:40.2823071","DxgKrnl","10011","정보",,""
"09:29:40.2837390","DxgKrnl","10011","정보",,""
"09:29:40.2838331","DxgKrnl","10011","정보",,""
"09:29:40.2838339","DxgKrnl","10011","정보",,""
"09:29:40.2838890","DxgKrnl","10011","정보",,""
"09:29:40.2838901","DxgKrnl","10011","정보",,""
"09:29:40.2839428","DxgKrnl","10011","정보",,""
"09:29:40.2839486","DxgKrnl","10011","정보",,""
"09:29:40.2840068","DxgKrnl","10011","정보",,""
"09:29:40.2843851","DxgKrnl","10011","정보",,""
"09:29:40.2844344","DxgKrnl","10011","정보",,""
"09:29:40.2904802","DxgKrnl","10011","정보",,""
"09:29:40.2905532","DxgKrnl","10011","정보",,""
"09:29:40.2988940","DxgKrnl","10011","정보",,""
"09:29:40.2997737","DxgKrnl","10011","정보",,""
"09:29:40.3030992","DxgKrnl","10011","정보",,""
"09:29:40.3031394","DxgKrnl","10011","정보",,""
"09:29:40.3032027","DxgKrnl","10011","정보",,""
"09:29:40.3032075","DxgKrnl","10011","정보",,""
"09:29:40.3032097","DxgKrnl","10011","정보",,""
"09:29:40.3076829","DxgKrnl","10011","정보",,""
"09:29:40.3077482","DxgKrnl","10011","정보",,""
"09:29:40.3108102","DxgKrnl","10011","정보",,""
"09:29:40.3108702","DxgKrnl","10011","정보",,""
"09:29:40.3109234","DxgKrnl","10011","정보",,""
"09:29:40.3110489","DxgKrnl","10011","정보",,""
"09:29:40.3110591","DxgKrnl","10011","정보",,""
"09:29:40.3110809","DxgKrnl","10011","정보",,""
"09:29:40.3110935","DxgKrnl","10011","정보",,""
"09:29:40.3112971","DxgKrnl","10011","정보",,""
"09:29:40.3112990","DxgKrnl","10011","정보",,""
"09:29:40.3113039","DxgKrnl","10011","정보",,""
"09:29:40.3113860","DxgKrnl","10011","정보",,""
"09:29:40.3149410","DxgKrnl","10011","정보",,""
"09:29:40.3151456","DxgKrnl","10011","정보",,""
"09:29:40.3212101","DxgKrnl","10011","정보",,""
"09:29:40.3212905","DxgKrnl","10011","정보",,""
"09:29:40.4149158","DxgKrnl","10011","정보",,""
"09:29:40.4156744","DxgKrnl","10011","정보",,""
"09:29:40.4258599","DxgKrnl","10011","정보",,""
"09:29:40.4268189","DxgKrnl","10011","정보",,""
"09:29:40.4277445","DxgKrnl","10011","정보",,""
"09:29:40.4278070","DxgKrnl","10011","정보",,""
"09:29:40.4278951","DxgKrnl","10011","정보",,""
"09:29:40.4278981","DxgKrnl","10011","정보",,""
"09:29:40.4293747","DxgKrnl","10011","정보",,""
"09:29:40.4294342","DxgKrnl","10011","정보",,""
"09:29:40.4294423","DxgKrnl","10011","정보",,""
"09:29:40.4295990","DxgKrnl","10011","정보",,""
"09:29:40.4296008","DxgKrnl","10011","정보",,""
"09:29:40.4321258","DxgKrnl","10011","정보",,""
"09:29:40.4329580","DxgKrnl","10011","정보",,""
"09:29:40.4345815","DxgKrnl","10011","정보",,""
"09:29:40.4345939","DxgKrnl","10011","정보",,""
"09:29:40.4345948","DxgKrnl","10011","정보",,""
"09:29:40.4347194","DxgKrnl","10011","정보",,""
"09:29:40.4348541","DxgKrnl","10011","정보",,""
"09:29:40.4351046","DxgKrnl","10011","정보",,""
"09:29:40.4362903","DxgKrnl","10011","정보",,""
"09:29:40.4363580","DxgKrnl","10011","정보",,""
"09:29:40.4432338","DxgKrnl","10011","정보",,""
"09:29:40.4432863","DxgKrnl","10011","정보",,""
"09:29:40.4433180","DxgKrnl","10011","정보",,""
"09:29:40.4434186","DxgKrnl","10011","정보",,""
"09:29:40.4434235","DxgKrnl","10011","정보",,""
"09:29:40.4454735","DxgKrnl","10011","정보",,""
"09:29:40.4468313","DxgKrnl","10011","정보",,""
"09:29:40.4468433","DxgKrnl","10011","정보",,""
"09:29:40.4468440","DxgKrnl","10011","정보",,""
"09:29:40.4469929","DxgKrnl","10011","정보",,""
"09:29:40.4469937","DxgKrnl","10011","정보",,""
"09:29:40.4471729","DxgKrnl","10011","정보",,""
"09:29:40.4471917","DxgKrnl","10011","정보",,""
"09:29:40.4482458","DxgKrnl","10011","정보",,""
"09:29:40.4483083","DxgKrnl","10011","정보",,""
"09:29:40.5053786","DxgKrnl","10011","정보",,""
"09:29:40.5061550","DxgKrnl","10011","정보",,""
"09:29:40.5129562","DxgKrnl","10011","정보",,""
"09:29:40.5131964","DxgKrnl","10011","정보",,""
"09:29:40.5524170","DxgKrnl","10011","정보",,""
"09:29:40.5525518","DxgKrnl","10011","정보",,""
"09:29:40.5525533","DxgKrnl","10011","정보",,""
"09:29:40.5526107","DxgKrnl","10011","정보",,""
"09:29:40.5526122","DxgKrnl","10011","정보",,""
"09:29:40.5526697","DxgKrnl","10011","정보",,""
"09:29:40.5526861","DxgKrnl","10011","정보",,""
"09:29:40.5527366","DxgKrnl","10011","정보",,""
