"Time","Provider","Id","Opcode","Task","Message"
"11:24:49.0518891","DxgKrnl","10011","정보",,""
"11:24:49.0519912","DxgKrnl","10011","정보",,""
"11:25:07.8450890","DxgKrnl","10011","정보",,""
"11:25:07.8452219","DxgKrnl","10011","정보",,""
"11:25:07.8524975","DxgKrnl","10011","정보",,""
"11:25:07.8525483","DxgKrnl","10011","정보",,""
"11:25:07.8526391","DxgKrnl","10011","정보",,""
"11:25:07.8526478","DxgKrnl","10011","정보",,""
"11:25:07.8526540","DxgKrnl","10011","정보",,""
"11:25:07.8581934","DxgKrnl","10011","정보",,""
"11:25:07.8582952","DxgKrnl","10011","정보",,""
"11:25:07.8633071","DxgKrnl","10011","정보",,""
"11:25:07.8633930","DxgKrnl","10011","정보",,""
"11:25:07.8634743","DxgKrnl","10011","정보",,""
"11:25:07.8646439","DxgKrnl","10011","정보",,""
"11:25:07.8647149","DxgKrnl","10011","정보",,""
"11:25:07.8648027","DxgKrnl","10011","정보",,""
"11:25:07.8648730","DxgKrnl","10011","정보",,""
"11:25:07.8648748","DxgKrnl","10011","정보",,""
"11:25:07.8649466","DxgKrnl","10011","정보",,""
"11:25:07.8649491","DxgKrnl","10011","정보",,""
"11:25:07.8650158","DxgKrnl","10011","정보",,""
"11:25:07.8650226","DxgKrnl","10011","정보",,""
"11:25:07.8650923","DxgKrnl","10011","정보",,""
"11:25:07.8669896","DxgKrnl","10011","정보",,""
"11:25:07.8670860","DxgKrnl","10011","정보",,""
"11:25:07.8671926","DxgKrnl","10011","정보",,""
"11:25:07.8672594","DxgKrnl","10011","정보",,""
"11:25:07.8673791","DxgKrnl","10011","정보",,""
"11:25:07.8673854","DxgKrnl","10011","정보",,""
"11:25:07.8796909","DxgKrnl","10011","정보",,""
"11:25:07.8806018","DxgKrnl","10011","정보",,""
"11:25:08.5472765","DxgKrnl","10011","정보",,""
"11:25:08.5474207","DxgKrnl","10011","정보",,""
"11:25:08.5474236","DxgKrnl","10011","정보",,""
"11:25:08.5475888","DxgKrnl","10011","정보",,""
"11:25:08.5475917","DxgKrnl","10011","정보",,""
"11:25:08.5477254","DxgKrnl","10011","정보",,""
"11:25:08.5477425","DxgKrnl","10011","정보",,""
"11:25:08.5478121","DxgKrnl","10011","정보",,""
"11:25:08.5479832","DxgKrnl","10011","정보",,""
"11:25:08.5481586","DxgKrnl","10011","정보",,""
"11:25:08.5481607","DxgKrnl","10011","정보",,""
"11:25:08.5482359","DxgKrnl","10011","정보",,""
"11:25:08.5482382","DxgKrnl","10011","정보",,""
"11:25:08.5483113","DxgKrnl","10011","정보",,""
"11:25:08.5483200","DxgKrnl","10011","정보",,""
"11:25:08.5483934","DxgKrnl","10011","정보",,""
"11:25:09.5056602","DxgKrnl","10011","정보",,""
"11:25:09.5057798","DxgKrnl","10011","정보",,""
"11:25:09.6770672","DxgKrnl","10011","정보",,""
"11:25:09.6771876","DxgKrnl","10011","정보",,""
"11:25:09.6771899","DxgKrnl","10011","정보",,""
"11:25:09.6772725","DxgKrnl","10011","정보",,""
"11:25:09.6772750","DxgKrnl","10011","정보",,""
"11:25:09.6773497","DxgKrnl","10011","정보",,""
"11:25:09.6773616","DxgKrnl","10011","정보",,""
"11:25:09.6775043","DxgKrnl","10011","정보",,""
"11:25:10.0891465","DxgKrnl","10011","정보",,""
"11:25:10.0892982","DxgKrnl","10011","정보",,""
"11:25:10.1041233","DxgKrnl","10011","정보",,""
"11:25:15.1507526","DxgKrnl","10011","정보",,""
"11:25:15.1508501","DxgKrnl","10011","정보",,""
"11:25:15.1522114","DxgKrnl","10011","정보",,""
"11:25:15.1522554","DxgKrnl","10011","정보",,""
"11:25:15.1523468","DxgKrnl","10011","정보",,""
"11:25:15.1523521","DxgKrnl","10011","정보",,""
"11:25:15.1523552","DxgKrnl","10011","정보",,""
"11:25:15.1527597","DxgKrnl","10011","정보",,""
"11:25:15.1528336","DxgKrnl","10011","정보",,""
"11:25:15.3947898","DxgKrnl","10011","정보",,""
"11:25:15.3948235","DxgKrnl","10011","정보",,""
"11:25:15.4082509","DxgKrnl","10011","정보",,""
"11:25:15.4083173","DxgKrnl","10011","정보",,""
"11:25:15.4083671","DxgKrnl","10011","정보",,""
"11:25:15.4098282","DxgKrnl","10011","정보",,""
"11:25:15.4098747","DxgKrnl","10011","정보",,""
"11:25:15.4100856","DxgKrnl","10011","정보",,""
"11:25:15.4101402","DxgKrnl","10011","정보",,""
"11:25:15.4101418","DxgKrnl","10011","정보",,""
"11:25:15.4101861","DxgKrnl","10011","정보",,""
"11:25:15.4212629","DxgKrnl","10011","정보",,""
"11:25:15.4213318","DxgKrnl","10011","정보",,""
"11:25:15.4227133","DxgKrnl","10011","정보",,""
"11:25:15.4237796","DxgKrnl","10011","정보",,""
"11:25:15.4238363","DxgKrnl","10011","정보",,""
"11:25:15.4242931","DxgKrnl","10011","정보",,""
"11:25:15.4243653","DxgKrnl","10011","정보",,""
"11:25:15.4243691","DxgKrnl","10011","정보",,""
"11:25:15.4244272","DxgKrnl","10011","정보",,""
"11:25:15.4249629","DxgKrnl","10011","정보",,""
"11:25:15.4250208","DxgKrnl","10011","정보",,""
"11:25:15.4253862","DxgKrnl","10011","정보",,""
"11:25:15.4256029","DxgKrnl","10011","정보",,""
"11:25:15.4270115","DxgKrnl","10011","정보",,""
"11:25:15.4280107","DxgKrnl","10011","정보",,""
"11:25:15.4298239","DxgKrnl","10011","정보",,""
"11:25:15.4298584","DxgKrnl","10011","정보",,""
"11:25:15.4299245","DxgKrnl","10011","정보",,""
"11:25:15.4305225","DxgKrnl","10011","정보",,""
"11:25:15.4305914","DxgKrnl","10011","정보",,""
"11:25:15.4310508","DxgKrnl","10011","정보",,""
"11:25:15.4311110","DxgKrnl","10011","정보",,""
"11:25:15.4320798","DxgKrnl","10011","정보",,""
"11:25:15.4321425","DxgKrnl","10011","정보",,""
"11:25:15.4326984","DxgKrnl","10011","정보",,""
"11:25:15.4330105","DxgKrnl","10011","정보",,""
"11:25:15.4330677","DxgKrnl","10011","정보",,""
"11:25:15.4331041","DxgKrnl","10011","정보",,""
"11:25:15.4332038","DxgKrnl","10011","정보",,""
"11:25:15.4338796","DxgKrnl","10011","정보",,""
"11:25:15.4339408","DxgKrnl","10011","정보",,""
"11:25:15.4339913","DxgKrnl","10011","정보",,""
"11:25:15.4342546","DxgKrnl","10011","정보",,""
"11:25:15.4343073","DxgKrnl","10011","정보",,""
"11:25:15.4348777","DxgKrnl","10011","정보",,""
"11:25:15.4349343","DxgKrnl","10011","정보",,""
"11:25:15.4349952","DxgKrnl","10011","정보",,""
"11:25:15.4356745","DxgKrnl","10011","정보",,""
"11:25:15.4357371","DxgKrnl","10011","정보",,""
"11:25:15.4361996","DxgKrnl","10011","정보",,""
"11:25:15.4362578","DxgKrnl","10011","정보",,""
"11:25:15.4362663","DxgKrnl","10011","정보",,""
"11:25:15.4363719","DxgKrnl","10011","정보",,""
"11:25:15.4363741","DxgKrnl","10011","정보",,""
"11:25:15.4373242","DxgKrnl","10011","정보",,""
"11:25:15.4374351","DxgKrnl","10011","정보",,""
"11:25:15.4376773","DxgKrnl","10011","정보",,""
"11:25:15.4377299","DxgKrnl","10011","정보",,""
"11:25:15.4377314","DxgKrnl","10011","정보",,""
"11:25:15.4378324","DxgKrnl","10011","정보",,""
"11:25:15.4378333","DxgKrnl","10011","정보",,""
"11:25:15.4383309","DxgKrnl","10011","정보",,""
"11:25:15.4384314","DxgKrnl","10011","정보",,""
"11:25:15.4385145","DxgKrnl","10011","정보",,""
"11:25:15.4388604","DxgKrnl","10011","정보",,""
"11:25:15.4388930","DxgKrnl","10011","정보",,""
"11:25:15.4389522","DxgKrnl","10011","정보",,""
"11:25:15.4389706","DxgKrnl","10011","정보",,""
"11:25:15.4390530","DxgKrnl","10011","정보",,""
"11:25:15.4432376","DxgKrnl","10011","정보",,""
"11:25:15.4433104","DxgKrnl","10011","정보",,""
"11:25:15.4454968","DxgKrnl","10011","정보",,""
"11:25:15.4458652","DxgKrnl","10011","정보",,""
"11:25:15.4458785","DxgKrnl","10011","정보",,""
"11:25:15.4458802","DxgKrnl","10011","정보",,""
"11:25:15.4458809","DxgKrnl","10011","정보",,""
"11:25:15.4459551","DxgKrnl","10011","정보",,""
"11:25:15.4460223","DxgKrnl","10011","정보",,""
"11:25:15.4482571","DxgKrnl","10011","정보",,""
"11:25:15.4483085","DxgKrnl","10011","정보",,""
"11:25:15.4517592","DxgKrnl","10011","정보",,""
"11:25:15.4522896","DxgKrnl","10011","정보",,""
"11:25:15.4523580","DxgKrnl","10011","정보",,""
"11:25:15.4523634","DxgKrnl","10011","정보",,""
"11:25:15.4523657","DxgKrnl","10011","정보",,""
"11:25:15.4527175","DxgKrnl","10011","정보",,""
"11:25:15.4527616","DxgKrnl","10011","정보",,""
"11:25:15.4548150","DxgKrnl","10011","정보",,""
"11:25:15.4548588","DxgKrnl","10011","정보",,""
"11:25:15.4549107","DxgKrnl","10011","정보",,""
"11:25:15.4550710","DxgKrnl","10011","정보",,""
"11:25:15.4551029","DxgKrnl","10011","정보",,""
"11:25:15.4551032","DxgKrnl","10011","정보",,""
"11:25:15.4551045","DxgKrnl","10011","정보",,""
"11:25:15.4551173","DxgKrnl","10011","정보",,""
"11:25:15.4553698","DxgKrnl","10011","정보",,""
"11:25:15.4553708","DxgKrnl","10011","정보",,""
"11:25:15.4553708","DxgKrnl","10011","정보",,""
"11:25:15.4554295","DxgKrnl","10011","정보",,""
"11:25:15.4554346","DxgKrnl","10011","정보",,""
"11:25:15.4554357","DxgKrnl","10011","정보",,""
"11:25:15.4557144","DxgKrnl","10011","정보",,""
"11:25:15.4587739","DxgKrnl","10011","정보",,""
"11:25:15.4588315","DxgKrnl","10011","정보",,""
"11:25:15.4612580","DxgKrnl","10011","정보",,""
"11:25:15.4613237","DxgKrnl","10011","정보",,""
"11:25:15.4648008","DxgKrnl","10011","정보",,""
"11:25:15.4648220","DxgKrnl","10011","정보",,""
"11:25:15.4649327","DxgKrnl","10011","정보",,""
"11:25:15.4649360","DxgKrnl","10011","정보",,""
"11:25:15.4652570","DxgKrnl","10011","정보",,""
"11:25:15.4653156","DxgKrnl","10011","정보",,""
"11:25:15.5819408","DxgKrnl","10011","정보",,""
"11:25:15.5820079","DxgKrnl","10011","정보",,""
"11:25:18.7642356","DxgKrnl","10011","정보",,""
"11:25:18.7648490","DxgKrnl","10011","정보",,""
"11:25:32.0694803","Kernel-PnP","220","시작",,"Begin querying bus relations for device ROOT\SYSTEM\0001"
"11:25:32.0694854","Kernel-PnP","222","시작",,"End querying bus relations for device ROOT\SYSTEM\0001"
"11:25:32.0819698","Kernel-PnP","808","시작",,"End device add, status (STATUS_SUCCESS)"
"11:25:32.0822604","Kernel-PnP","808","시작",,"End device add, status (STATUS_SUCCESS)"
"11:25:32.0826597","Kernel-PnP","220","시작",,"Begin querying bus relations for device LGHUBDevice\VID_046D&PID_C232\1&79f5d87&0&01"
"11:25:32.0826789","Kernel-PnP","222","시작",,"End querying bus relations for device LGHUBDevice\VID_046D&PID_C232\1&79f5d87&0&01"
"11:25:32.0835360","Kernel-PnP","808","시작",,"End device add, status (STATUS_SUCCESS)"
"11:25:32.0836365","Kernel-PnP","808","시작",,"End device add, status (STATUS_SUCCESS)"
"11:25:32.0843243","Kernel-PnP","220","시작",,"Begin querying bus relations for device HID\VID_046D&PID_C232\2&1a87f3a8&0&0000"
"11:25:32.0843268","Kernel-PnP","222","시작",,"End querying bus relations for device HID\VID_046D&PID_C232\2&1a87f3a8&0&0000"
"11:25:32.0843915","Kernel-PnP","220","시작",,"Begin querying bus relations for device LGHUBDevice\VID_046D&PID_C232\1&79f5d87&0&01"
"11:25:32.0843969","Kernel-PnP","222","시작",,"End querying bus relations for device LGHUBDevice\VID_046D&PID_C232\1&79f5d87&0&01"
"11:25:32.0844095","Kernel-PnP","220","시작",,"Begin querying bus relations for device HID\VID_046D&PID_C232\2&1a87f3a8&0&0000"
"11:25:32.0844116","Kernel-PnP","222","시작",,"End querying bus relations for device HID\VID_046D&PID_C232\2&1a87f3a8&0&0000"
"11:25:46.4079120","DxgKrnl","10011","정보",,""
"11:25:46.4079915","DxgKrnl","10011","정보",,""
"11:26:31.6842583","Kernel-PnP","220","시작",,"Begin querying bus relations for device HTREE\ROOT\0"
"11:26:31.6844969","Kernel-PnP","222","시작",,"End querying bus relations for device HTREE\ROOT\0"
"11:26:31.7074097","Kernel-PnP","220","시작",,"Begin querying bus relations for device SWD\PRINTENUM\PrintQueues"
"11:26:31.7074130","Kernel-PnP","222","시작",,"End querying bus relations for device SWD\PRINTENUM\PrintQueues"
"11:26:31.7085546","Kernel-PnP","220","시작",,"Begin querying bus relations for device SWD\PRINTENUM\PrintQueues"
"11:26:31.7085572","Kernel-PnP","222","시작",,"End querying bus relations for device SWD\PRINTENUM\PrintQueues"
"11:26:53.4312473","DxgKrnl","10011","정보",,""
"11:26:53.4313118","DxgKrnl","10011","정보",,""
"11:26:53.4369783","DxgKrnl","10011","정보",,""
"11:26:53.4370119","DxgKrnl","10011","정보",,""
"11:26:53.4370841","DxgKrnl","10011","정보",,""
"11:26:53.4370893","DxgKrnl","10011","정보",,""
"11:26:53.4370916","DxgKrnl","10011","정보",,""
"11:26:53.4415879","DxgKrnl","10011","정보",,""
"11:26:53.4416410","DxgKrnl","10011","정보",,""
"11:26:53.7251670","DxgKrnl","10011","정보",,""
"11:26:53.7251886","DxgKrnl","10011","정보",,""
"11:26:53.7353064","DxgKrnl","10011","정보",,""
"11:26:53.7354360","DxgKrnl","10011","정보",,""
"11:26:53.7355015","DxgKrnl","10011","정보",,""
"11:26:53.7367614","DxgKrnl","10011","정보",,""
"11:26:53.7368185","DxgKrnl","10011","정보",,""
"11:26:53.7371041","DxgKrnl","10011","정보",,""
"11:26:53.7371678","DxgKrnl","10011","정보",,""
"11:26:53.7371695","DxgKrnl","10011","정보",,""
"11:26:53.7372449","DxgKrnl","10011","정보",,""
"11:26:53.7372477","DxgKrnl","10011","정보",,""
"11:26:53.7373037","DxgKrnl","10011","정보",,""
"11:26:53.7373104","DxgKrnl","10011","정보",,""
"11:26:53.7373654","DxgKrnl","10011","정보",,""
"11:26:53.7393515","DxgKrnl","10011","정보",,""
"11:26:53.7394363","DxgKrnl","10011","정보",,""
"11:26:53.7404073","DxgKrnl","10011","정보",,""
"11:26:53.7405190","DxgKrnl","10011","정보",,""
"11:26:53.7405817","DxgKrnl","10011","정보",,""
"11:26:53.7411680","DxgKrnl","10011","정보",,""
"11:26:53.7411832","DxgKrnl","10011","정보",,""
"11:26:53.7412630","DxgKrnl","10011","정보",,""
"11:26:53.7413360","DxgKrnl","10011","정보",,""
"11:26:53.7413382","DxgKrnl","10011","정보",,""
"11:26:53.7425703","DxgKrnl","10011","정보",,""
"11:26:53.7426268","DxgKrnl","10011","정보",,""
"11:26:53.7426282","DxgKrnl","10011","정보",,""
"11:26:53.7427026","DxgKrnl","10011","정보",,""
"11:26:53.7427818","DxgKrnl","10011","정보",,""
"11:26:53.7428499","DxgKrnl","10011","정보",,""
"11:26:53.7429255","DxgKrnl","10011","정보",,""
"11:26:53.7429291","DxgKrnl","10011","정보",,""
"11:26:53.7429973","DxgKrnl","10011","정보",,""
"11:26:53.7429996","DxgKrnl","10011","정보",,""
"11:26:53.7430547","DxgKrnl","10011","정보",,""
"11:26:53.7430609","DxgKrnl","10011","정보",,""
"11:26:53.7431197","DxgKrnl","10011","정보",,""
"11:26:53.7437671","DxgKrnl","10011","정보",,""
"11:26:53.7438211","DxgKrnl","10011","정보",,""
"11:26:53.7454040","DxgKrnl","10011","정보",,""
"11:26:53.7454733","DxgKrnl","10011","정보",,""
"11:26:53.7455409","DxgKrnl","10011","정보",,""
"11:26:53.7470830","DxgKrnl","10011","정보",,""
"11:26:53.7471526","DxgKrnl","10011","정보",,""
"11:26:53.7490805","DxgKrnl","10011","정보",,""
"11:26:53.7506918","DxgKrnl","10011","정보",,""
"11:26:53.7507684","DxgKrnl","10011","정보",,""
"11:26:53.7508438","DxgKrnl","10011","정보",,""
"11:26:53.7509116","DxgKrnl","10011","정보",,""
"11:26:53.7510508","DxgKrnl","10011","정보",,""
"11:26:53.7511202","DxgKrnl","10011","정보",,""
"11:26:53.7524450","DxgKrnl","10011","정보",,""
"11:26:53.7526582","DxgKrnl","10011","정보",,""
"11:26:53.7531144","DxgKrnl","10011","정보",,""
"11:26:53.7569692","DxgKrnl","10011","정보",,""
"11:26:53.7570606","DxgKrnl","10011","정보",,""
"11:26:53.7572571","DxgKrnl","10011","정보",,""
"11:26:53.7572582","DxgKrnl","10011","정보",,""
"11:26:53.7573451","DxgKrnl","10011","정보",,""
"11:26:53.7574202","DxgKrnl","10011","정보",,""
"11:26:53.7586080","DxgKrnl","10011","정보",,""
"11:26:53.7587067","DxgKrnl","10011","정보",,""
"11:26:53.7595859","DxgKrnl","10011","정보",,""
"11:26:53.7597006","DxgKrnl","10011","정보",,""
"11:26:53.7597647","DxgKrnl","10011","정보",,""
"11:26:53.7600445","DxgKrnl","10011","정보",,""
"11:26:53.7601171","DxgKrnl","10011","정보",,""
"11:26:53.7647850","DxgKrnl","10011","정보",,""
"11:26:53.7648302","DxgKrnl","10011","정보",,""
"11:26:53.7648983","DxgKrnl","10011","정보",,""
"11:26:53.7653323","DxgKrnl","10011","정보",,""
"11:26:53.7656626","DxgKrnl","10011","정보",,""
"11:26:53.7656740","DxgKrnl","10011","정보",,""
"11:26:53.7656888","DxgKrnl","10011","정보",,""
"11:26:53.7658131","DxgKrnl","10011","정보",,""
"11:26:53.7658174","DxgKrnl","10011","정보",,""
"11:26:53.7658195","DxgKrnl","10011","정보",,""
"11:26:53.7660495","DxgKrnl","10011","정보",,""
"11:26:53.7660540","DxgKrnl","10011","정보",,""
"11:26:53.7660566","DxgKrnl","10011","정보",,""
"11:26:53.7670279","DxgKrnl","10011","정보",,""
"11:26:53.7670853","DxgKrnl","10011","정보",,""
"11:26:53.7670942","DxgKrnl","10011","정보",,""
"11:26:53.7672184","DxgKrnl","10011","정보",,""
"11:26:53.7672200","DxgKrnl","10011","정보",,""
"11:26:53.7674282","DxgKrnl","10011","정보",,""
"11:26:53.7675210","DxgKrnl","10011","정보",,""
"11:26:53.7723597","DxgKrnl","10011","정보",,""
"11:26:53.7724462","DxgKrnl","10011","정보",,""
"11:26:53.7725357","DxgKrnl","10011","정보",,""
"11:26:53.7727043","DxgKrnl","10011","정보",,""
"11:26:53.7727249","DxgKrnl","10011","정보",,""
"11:26:53.7727395","DxgKrnl","10011","정보",,""
"11:26:53.7729512","DxgKrnl","10011","정보",,""
"11:26:53.7729631","DxgKrnl","10011","정보",,""
"11:26:53.7731089","DxgKrnl","10011","정보",,""
"11:26:53.7731929","DxgKrnl","10011","정보",,""
"11:26:53.7733247","DxgKrnl","10011","정보",,""
"11:26:53.7734317","DxgKrnl","10011","정보",,""
"11:26:53.7735085","DxgKrnl","10011","정보",,""
"11:26:53.7747800","DxgKrnl","10011","정보",,""
"11:26:53.7748640","DxgKrnl","10011","정보",,""
"11:26:53.7803190","DxgKrnl","10011","정보",,""
"11:26:53.7804067","DxgKrnl","10011","정보",,""
"11:26:53.7818443","DxgKrnl","10011","정보",,""
"11:26:53.7819452","DxgKrnl","10011","정보",,""
"11:26:53.7894343","DxgKrnl","10011","정보",,""
"11:26:53.7910352","DxgKrnl","10011","정보",,""
"11:26:53.7910577","DxgKrnl","10011","정보",,""
"11:26:53.7910602","DxgKrnl","10011","정보",,""
"11:26:53.7910610","DxgKrnl","10011","정보",,""
"11:26:53.7911991","DxgKrnl","10011","정보",,""
"11:26:53.7912013","DxgKrnl","10011","정보",,""
"11:26:53.7913657","DxgKrnl","10011","정보",,""
"11:26:53.7913676","DxgKrnl","10011","정보",,""
"11:26:53.7961027","DxgKrnl","10011","정보",,""
"11:26:53.7961624","DxgKrnl","10011","정보",,""
"11:26:53.8036095","DxgKrnl","10011","정보",,""
"11:26:53.8036866","DxgKrnl","10011","정보",,""
"11:26:53.8037176","DxgKrnl","10011","정보",,""
"11:26:53.8037202","DxgKrnl","10011","정보",,""
"11:26:53.8039331","DxgKrnl","10011","정보",,""
"11:26:53.8039354","DxgKrnl","10011","정보",,""
"11:26:53.8039363","DxgKrnl","10011","정보",,""
"11:26:53.8046508","DxgKrnl","10011","정보",,""
"11:26:53.8046753","DxgKrnl","10011","정보",,""
"11:26:53.8047396","DxgKrnl","10011","정보",,""
"11:26:53.8047452","DxgKrnl","10011","정보",,""
"11:26:53.8047475","DxgKrnl","10011","정보",,""
"11:26:53.8093286","DxgKrnl","10011","정보",,""
"11:26:53.8093886","DxgKrnl","10011","정보",,""
"11:26:53.8154225","DxgKrnl","10011","정보",,""
"11:26:53.8154871","DxgKrnl","10011","정보",,""
"11:26:53.8155386","DxgKrnl","10011","정보",,""
"11:26:53.8166302","DxgKrnl","10011","정보",,""
"11:26:53.8166823","DxgKrnl","10011","정보",,""
"11:26:53.8167527","DxgKrnl","10011","정보",,""
"11:26:53.8168050","DxgKrnl","10011","정보",,""
"11:26:53.8168062","DxgKrnl","10011","정보",,""
"11:26:53.8168580","DxgKrnl","10011","정보",,""
"11:26:53.8168600","DxgKrnl","10011","정보",,""
"11:26:53.8169087","DxgKrnl","10011","정보",,""
"11:26:53.8169142","DxgKrnl","10011","정보",,""
"11:26:53.8169651","DxgKrnl","10011","정보",,""
"11:26:53.8186018","DxgKrnl","10011","정보",,""
"11:26:53.8186153","DxgKrnl","10011","정보",,""
"11:26:53.8186279","DxgKrnl","10011","정보",,""
"11:26:53.8186313","DxgKrnl","10011","정보",,""
"11:26:53.8186321","DxgKrnl","10011","정보",,""
"11:26:53.8189404","DxgKrnl","10011","정보",,""
"11:26:53.8189408","DxgKrnl","10011","정보",,""
"11:26:53.8190834","DxgKrnl","10011","정보",,""
"11:26:53.8190880","DxgKrnl","10011","정보",,""
"11:26:53.8190892","DxgKrnl","10011","정보",,""
"11:26:53.8234500","DxgKrnl","10011","정보",,""
"11:26:53.8245754","DxgKrnl","10011","정보",,""
"11:26:53.8245939","DxgKrnl","10011","정보",,""
"11:26:53.8245993","DxgKrnl","10011","정보",,""
"11:26:53.8246000","DxgKrnl","10011","정보",,""
"11:26:53.8247247","DxgKrnl","10011","정보",,""
"11:26:53.8248970","DxgKrnl","10011","정보",,""
"11:26:53.8272692","DxgKrnl","10011","정보",,""
"11:26:53.8273456","DxgKrnl","10011","정보",,""
"11:26:53.8304046","DxgKrnl","10011","정보",,""
"11:26:53.8304776","DxgKrnl","10011","정보",,""
"11:26:53.8334435","DxgKrnl","10011","정보",,""
"11:26:53.8340257","DxgKrnl","10011","정보",,""
"11:26:53.8340314","DxgKrnl","10011","정보",,""
"11:26:53.8340353","DxgKrnl","10011","정보",,""
"11:26:53.8340579","DxgKrnl","10011","정보",,""
"11:26:53.8343679","DxgKrnl","10011","정보",,""
"11:26:53.8343734","DxgKrnl","10011","정보",,""
"11:26:53.8343755","DxgKrnl","10011","정보",,""
"11:26:53.8343895","DxgKrnl","10011","정보",,""
"11:26:53.8344843","DxgKrnl","10011","정보",,""
"11:26:53.8347060","DxgKrnl","10011","정보",,""
"11:26:53.8376080","DxgKrnl","10011","정보",,""
"11:26:53.8388269","DxgKrnl","10011","정보",,""
"11:26:53.8404237","DxgKrnl","10011","정보",,""
"11:26:53.8406300","DxgKrnl","10011","정보",,""
"11:26:53.8479049","DxgKrnl","10011","정보",,""
"11:26:53.8479774","DxgKrnl","10011","정보",,""
"11:26:53.8545578","DxgKrnl","10011","정보",,""
"11:26:53.8545602","DxgKrnl","10011","정보",,""
"11:26:53.8545643","DxgKrnl","10011","정보",,""
"11:26:53.8549423","DxgKrnl","10011","정보",,""
"11:26:53.8549514","DxgKrnl","10011","정보",,""
"11:26:53.8549525","DxgKrnl","10011","정보",,""
"11:26:53.8554108","DxgKrnl","10011","정보",,""
"11:26:53.8554723","DxgKrnl","10011","정보",,""
"11:26:53.8559005","DxgKrnl","10011","정보",,""
"11:26:53.8559680","DxgKrnl","10011","정보",,""
"11:26:53.8572336","DxgKrnl","10011","정보",,""
"11:26:53.8573023","DxgKrnl","10011","정보",,""
"11:26:53.8693131","DxgKrnl","10011","정보",,""
"11:26:53.8693148","DxgKrnl","10011","정보",,""
"11:26:53.8693485","DxgKrnl","10011","정보",,""
"11:26:53.8695038","DxgKrnl","10011","정보",,""
"11:26:53.8695837","DxgKrnl","10011","정보",,""
"11:26:53.8695839","DxgKrnl","10011","정보",,""
"11:26:53.8709635","DxgKrnl","10011","정보",,""
"11:26:53.8710433","DxgKrnl","10011","정보",,""
"11:26:53.8856017","Kernel-PnP","220","시작",,"Begin querying bus relations for device PCI\VEN_1002&DEV_7550&SUBSYS_E4891DA2&REV_C0\6&8916a45&0&00000009"
"11:26:53.9877259","DxgKrnl","10011","정보",,""
"11:26:53.9879105","DxgKrnl","10011","정보",,""
"11:26:53.9879153","DxgKrnl","10011","정보",,""
"11:26:53.9879177","DxgKrnl","10011","정보",,""
"11:26:53.9879195","DxgKrnl","10011","정보",,""
"11:26:53.9885328","DxgKrnl","10011","정보",,""
"11:26:53.9885366","DxgKrnl","10011","정보",,""
"11:26:53.9885488","DxgKrnl","10011","정보",,""
"11:26:53.9885496","DxgKrnl","10011","정보",,""
"11:26:53.9913320","Kernel-PnP","222","시작",,"End querying bus relations for device PCI\VEN_1002&DEV_7550&SUBSYS_E4891DA2&REV_C0\6&8916a45&0&00000009"
"11:26:53.9913700","DxgKrnl","10011","정보",,""
"11:26:53.9915769","Kernel-PnP","1010","시작",,"버스에 누락 된 것으로 보고 된 장치 DISPLAY\SAM79DF\7&16b8ddb4&0&UID256이 (가) 제거 되었습니다. 제거 된 장치 수 | 개수: 1"
"11:26:53.9921743","Kernel-PnP","220","시작",,"Begin querying bus relations for device SWD\DRIVERENUM\AMDCP&7&16b8ddb4&0"
"11:26:53.9921774","Kernel-PnP","222","시작",,"End querying bus relations for device SWD\DRIVERENUM\AMDCP&7&16b8ddb4&0"
"11:26:53.9921905","Kernel-PnP","220","시작",,"Begin querying bus relations for device SWD\DRIVERENUM\AMDFDANS&7&16b8ddb4&0"
"11:26:53.9921916","Kernel-PnP","222","시작",,"End querying bus relations for device SWD\DRIVERENUM\AMDFDANS&7&16b8ddb4&0"
"11:26:53.9921990","Kernel-PnP","220","시작",,"Begin querying bus relations for device SWD\DRIVERENUM\AMDOCL&7&16b8ddb4&0"
"11:26:53.9922011","Kernel-PnP","222","시작",,"End querying bus relations for device SWD\DRIVERENUM\AMDOCL&7&16b8ddb4&0"
"11:26:53.9922154","Kernel-PnP","220","시작",,"Begin querying bus relations for device SWD\DRIVERENUM\AMDOGL&7&16b8ddb4&0"
"11:26:53.9922166","Kernel-PnP","222","시작",,"End querying bus relations for device SWD\DRIVERENUM\AMDOGL&7&16b8ddb4&0"
"11:26:53.9922252","Kernel-PnP","220","시작",,"Begin querying bus relations for device SWD\DRIVERENUM\AMDVLK&7&16b8ddb4&0"
"11:26:53.9922263","Kernel-PnP","222","시작",,"End querying bus relations for device SWD\DRIVERENUM\AMDVLK&7&16b8ddb4&0"
"11:26:53.9922327","Kernel-PnP","220","시작",,"Begin querying bus relations for device SWD\DRIVERENUM\AMDWIN&7&16b8ddb4&0"
"11:26:53.9922344","Kernel-PnP","222","시작",,"End querying bus relations for device SWD\DRIVERENUM\AMDWIN&7&16b8ddb4&0"
"11:26:53.9922408","Kernel-PnP","220","시작",,"Begin querying bus relations for device DISPLAY\SAM7B0C\7&16b8ddb4&0&UID260"
"11:26:53.9922475","Kernel-PnP","222","시작",,"End querying bus relations for device DISPLAY\SAM7B0C\7&16b8ddb4&0&UID260"
"11:26:53.9922557","Kernel-PnP","220","시작",,"Begin querying bus relations for device DISPLAY\BBC0104\7&16b8ddb4&0&UID265"
"11:26:53.9922588","Kernel-PnP","222","시작",,"End querying bus relations for device DISPLAY\BBC0104\7&16b8ddb4&0&UID265"
"11:26:54.0214411","DxgKrnl","10011","정보",,""
"11:26:54.0241092","DxgKrnl","10011","정보",,""
"11:26:54.0241832","DxgKrnl","10011","정보",,""
"11:26:54.0330659","DxgKrnl","10011","정보",,""
"11:26:54.0331095","DxgKrnl","10011","정보",,""
"11:26:54.0331140","DxgKrnl","10011","정보",,""
"11:26:54.0331407","DxgKrnl","10011","정보",,""
"11:26:54.0333191","DxgKrnl","10011","정보",,""
"11:26:54.0333201","DxgKrnl","10011","정보",,""
"11:26:54.0333228","DxgKrnl","10011","정보",,""
"11:26:54.0341299","DxgKrnl","10011","정보",,""
"11:26:54.0341946","DxgKrnl","10011","정보",,""
"11:26:54.0349285","DxgKrnl","10011","정보",,""
"11:26:54.0351105","DxgKrnl","10011","정보",,""
"11:26:54.0351172","DxgKrnl","10011","정보",,""
"11:26:54.0351996","DxgKrnl","10011","정보",,""
"11:26:54.0352767","DxgKrnl","10011","정보",,""
"11:26:54.0352979","DxgKrnl","10011","정보",,""
"11:26:54.0358186","DxgKrnl","10011","정보",,""
"11:26:54.0359502","DxgKrnl","10011","정보",,""
"11:26:54.0362128","DxgKrnl","10011","정보",,""
"11:26:54.0362804","DxgKrnl","10011","정보",,""
"11:26:54.0374383","DxgKrnl","10011","정보",,""
"11:26:54.0374976","DxgKrnl","10011","정보",,""
"11:26:54.0378810","DxgKrnl","10011","정보",,""
"11:26:54.0378811","DxgKrnl","10011","정보",,""
"11:26:54.0380212","DxgKrnl","10011","정보",,""
"11:26:54.0380225","DxgKrnl","10011","정보",,""
"11:26:54.0384252","DxgKrnl","10011","정보",,""
"11:26:54.0385076","DxgKrnl","10011","정보",,""
"11:26:54.0385435","DxgKrnl","10011","정보",,""
"11:26:54.0392518","DxgKrnl","10011","정보",,""
"11:26:54.0403184","DxgKrnl","10011","정보",,""
"11:26:54.0403788","DxgKrnl","10011","정보",,""
"11:26:54.0406237","DxgKrnl","10011","정보",,""
"11:26:54.0406417","DxgKrnl","10011","정보",,""
"11:26:54.0407040","DxgKrnl","10011","정보",,""
"11:26:54.0413473","DxgKrnl","10011","정보",,""
"11:26:54.0413475","DxgKrnl","10011","정보",,""
"11:26:54.0413923","DxgKrnl","10011","정보",,""
"11:26:54.0414043","DxgKrnl","10011","정보",,""
"11:26:54.0415326","DxgKrnl","10011","정보",,""
"11:26:54.0415838","DxgKrnl","10011","정보",,""
"11:26:54.0416695","DxgKrnl","10011","정보",,""
"11:26:54.0417447","DxgKrnl","10011","정보",,""
"11:26:54.0417494","DxgKrnl","10011","정보",,""
"11:26:54.0417495","DxgKrnl","10011","정보",,""
"11:26:54.0421262","DxgKrnl","10011","정보",,""
"11:26:54.0422126","DxgKrnl","10011","정보",,""
"11:26:54.0422888","DxgKrnl","10011","정보",,""
"11:26:54.0426549","DxgKrnl","10011","정보",,""
"11:26:54.0427168","DxgKrnl","10011","정보",,""
"11:26:54.0455439","DxgKrnl","10011","정보",,""
"11:26:54.0456022","DxgKrnl","10011","정보",,""
"11:26:54.0458367","DxgKrnl","10011","정보",,""
"11:26:54.0469208","DxgKrnl","10011","정보",,""
"11:26:54.0469908","DxgKrnl","10011","정보",,""
"11:26:54.0470581","DxgKrnl","10011","정보",,""
"11:26:54.0472550","DxgKrnl","10011","정보",,""
"11:26:54.0473198","DxgKrnl","10011","정보",,""
"11:26:54.0493345","DxgKrnl","10011","정보",,""
"11:26:54.0493950","DxgKrnl","10011","정보",,""
"11:26:54.0497867","DxgKrnl","10011","정보",,""
"11:26:54.0504660","DxgKrnl","10011","정보",,""
"11:26:54.0505413","DxgKrnl","10011","정보",,""
"11:26:54.0510439","DxgKrnl","10011","정보",,""
"11:26:54.0510639","DxgKrnl","10011","정보",,""
"11:26:54.0511299","DxgKrnl","10011","정보",,""
"11:26:54.0511729","DxgKrnl","10011","정보",,""
"11:26:54.0513497","DxgKrnl","10011","정보",,""
"11:26:54.0534604","DxgKrnl","10011","정보",,""
"11:26:54.0535235","DxgKrnl","10011","정보",,""
"11:26:54.0537496","DxgKrnl","10011","정보",,""
"11:26:54.0544812","DxgKrnl","10011","정보",,""
"11:26:54.0545459","DxgKrnl","10011","정보",,""
"11:26:54.0547062","DxgKrnl","10011","정보",,""
"11:26:54.0548787","DxgKrnl","10011","정보",,""
"11:26:54.0552654","DxgKrnl","10011","정보",,""
"11:26:54.0554424","DxgKrnl","10011","정보",,""
"11:26:54.0555027","DxgKrnl","10011","정보",,""
"11:26:54.0557660","DxgKrnl","10011","정보",,""
"11:26:54.0558442","DxgKrnl","10011","정보",,""
"11:26:54.0559353","DxgKrnl","10011","정보",,""
"11:26:54.0559375","DxgKrnl","10011","정보",,""
"11:26:54.0589848","DxgKrnl","10011","정보",,""
"11:26:54.0590439","DxgKrnl","10011","정보",,""
"11:26:54.0592438","DxgKrnl","10011","정보",,""
"11:26:54.0602396","DxgKrnl","10011","정보",,""
"11:26:54.0603242","DxgKrnl","10011","정보",,""
"11:26:54.0605684","DxgKrnl","10011","정보",,""
"11:26:54.0606915","DxgKrnl","10011","정보",,""
"11:26:54.0607631","DxgKrnl","10011","정보",,""
"11:26:54.0610878","DxgKrnl","10011","정보",,""
"11:26:54.0618348","DxgKrnl","10011","정보",,""
"11:26:54.0627165","DxgKrnl","10011","정보",,""
"11:26:54.0627969","DxgKrnl","10011","정보",,""
"11:26:54.0629913","DxgKrnl","10011","정보",,""
"11:26:54.0630119","DxgKrnl","10011","정보",,""
"11:26:54.0630145","DxgKrnl","10011","정보",,""
"11:26:54.0630233","DxgKrnl","10011","정보",,""
"11:26:54.0631510","DxgKrnl","10011","정보",,""
"11:26:54.0632202","DxgKrnl","10011","정보",,""
"11:26:54.0632202","DxgKrnl","10011","정보",,""
"11:26:54.0643244","DxgKrnl","10011","정보",,""
"11:26:54.0643840","DxgKrnl","10011","정보",,""
"11:26:54.0644446","DxgKrnl","10011","정보",,""
"11:26:54.0647936","DxgKrnl","10011","정보",,""
"11:26:54.0648283","DxgKrnl","10011","정보",,""
"11:26:54.0649366","DxgKrnl","10011","정보",,""
"11:26:54.0649417","DxgKrnl","10011","정보",,""
"11:26:54.0685204","Kernel-PnP","220","시작",,"Begin querying bus relations for device PCI\VEN_1002&DEV_7550&SUBSYS_E4891DA2&REV_C0\6&8916a45&0&00000009"
"11:26:54.1560123","DxgKrnl","10011","정보",,""
"11:26:54.1560749","Kernel-PnP","222","시작",,"End querying bus relations for device PCI\VEN_1002&DEV_7550&SUBSYS_E4891DA2&REV_C0\6&8916a45&0&00000009"
"11:26:54.1562111","DxgKrnl","10011","정보",,""
"11:26:54.1562192","DxgKrnl","10011","정보",,""
"11:26:54.1562236","DxgKrnl","10011","정보",,""
"11:26:54.1562758","Kernel-PnP","1010","시작",,"버스에 누락 된 것으로 보고 된 장치 DISPLAY\SAM7B0C\7&16b8ddb4&0&UID260이 (가) 제거 되었습니다. 제거 된 장치 수 | 개수: 1"
"11:26:54.1564254","DxgKrnl","10011","정보",,""
"11:26:54.1565988","DxgKrnl","10011","정보",,""
"11:26:54.1565988","DxgKrnl","10011","정보",,""
"11:26:54.1567406","Kernel-PnP","220","시작",,"Begin querying bus relations for device SWD\DRIVERENUM\AMDCP&7&16b8ddb4&0"
"11:26:54.1567432","Kernel-PnP","222","시작",,"End querying bus relations for device SWD\DRIVERENUM\AMDCP&7&16b8ddb4&0"
"11:26:54.1567522","Kernel-PnP","220","시작",,"Begin querying bus relations for device SWD\DRIVERENUM\AMDFDANS&7&16b8ddb4&0"
"11:26:54.1567533","Kernel-PnP","222","시작",,"End querying bus relations for device SWD\DRIVERENUM\AMDFDANS&7&16b8ddb4&0"
"11:26:54.1567580","Kernel-PnP","220","시작",,"Begin querying bus relations for device SWD\DRIVERENUM\AMDOCL&7&16b8ddb4&0"
"11:26:54.1567589","Kernel-PnP","222","시작",,"End querying bus relations for device SWD\DRIVERENUM\AMDOCL&7&16b8ddb4&0"
"11:26:54.1567647","Kernel-PnP","220","시작",,"Begin querying bus relations for device SWD\DRIVERENUM\AMDOGL&7&16b8ddb4&0"
"11:26:54.1567656","Kernel-PnP","222","시작",,"End querying bus relations for device SWD\DRIVERENUM\AMDOGL&7&16b8ddb4&0"
"11:26:54.1567719","Kernel-PnP","220","시작",,"Begin querying bus relations for device SWD\DRIVERENUM\AMDVLK&7&16b8ddb4&0"
"11:26:54.1567730","Kernel-PnP","222","시작",,"End querying bus relations for device SWD\DRIVERENUM\AMDVLK&7&16b8ddb4&0"
"11:26:54.1567785","Kernel-PnP","220","시작",,"Begin querying bus relations for device SWD\DRIVERENUM\AMDWIN&7&16b8ddb4&0"
"11:26:54.1567795","Kernel-PnP","222","시작",,"End querying bus relations for device SWD\DRIVERENUM\AMDWIN&7&16b8ddb4&0"
"11:26:54.1567910","Kernel-PnP","220","시작",,"Begin querying bus relations for device DISPLAY\BBC0104\7&16b8ddb4&0&UID265"
"11:26:54.1567977","Kernel-PnP","222","시작",,"End querying bus relations for device DISPLAY\BBC0104\7&16b8ddb4&0&UID265"
"11:26:54.1583465","DxgKrnl","10011","정보",,""
"11:26:54.1584071","DxgKrnl","10011","정보",,""
"11:26:54.1815474","DxgKrnl","10011","정보",,""
"11:26:54.1825612","DxgKrnl","10011","정보",,""
"11:26:54.1825633","DxgKrnl","10011","정보",,""
"11:26:54.1825983","DxgKrnl","10011","정보",,""
"11:26:54.1827787","DxgKrnl","10011","정보",,""
"11:26:54.1827838","DxgKrnl","10011","정보",,""
"11:26:54.1827899","DxgKrnl","10011","정보",,""
"11:26:54.1843580","DxgKrnl","10011","정보",,""
"11:26:54.1844090","DxgKrnl","10011","정보",,""
"11:26:54.1844781","DxgKrnl","10011","정보",,""
"11:26:54.1845086","DxgKrnl","10011","정보",,""
"11:26:54.1845927","DxgKrnl","10011","정보",,""
"11:26:54.1875078","DxgKrnl","10011","정보",,""
"11:26:54.1875703","DxgKrnl","10011","정보",,""
"11:26:54.1877329","DxgKrnl","10011","정보",,""
"11:26:54.1885595","DxgKrnl","10011","정보",,""
"11:26:54.1885600","DxgKrnl","10011","정보",,""
"11:26:54.1885664","DxgKrnl","10011","정보",,""
"11:26:54.1887966","DxgKrnl","10011","정보",,""
"11:26:54.1888387","DxgKrnl","10011","정보",,""
"11:26:54.1888484","DxgKrnl","10011","정보",,""
"11:26:54.1889909","DxgKrnl","10011","정보",,""
"11:26:54.1890964","DxgKrnl","10011","정보",,""
"11:26:54.1891721","DxgKrnl","10011","정보",,""
"11:26:54.1896838","DxgKrnl","10011","정보",,""
"11:26:54.1897447","DxgKrnl","10011","정보",,""
"11:26:54.1919782","DxgKrnl","10011","정보",,""
"11:26:54.1920371","DxgKrnl","10011","정보",,""
"11:26:54.1922016","DxgKrnl","10011","정보",,""
"11:26:54.1927983","DxgKrnl","10011","정보",,""
"11:26:54.1928596","DxgKrnl","10011","정보",,""
"11:26:54.1930516","DxgKrnl","10011","정보",,""
"11:26:54.1930987","DxgKrnl","10011","정보",,""
"11:26:54.1931652","DxgKrnl","10011","정보",,""
"11:26:54.1942744","DxgKrnl","10011","정보",,""
"11:26:54.1962632","DxgKrnl","10011","정보",,""
"11:26:54.1963251","DxgKrnl","10011","정보",,""
"11:26:54.1963422","DxgKrnl","10011","정보",,""
"11:26:54.1963428","DxgKrnl","10011","정보",,""
"11:26:54.1963531","DxgKrnl","10011","정보",,""
"11:26:54.1964961","DxgKrnl","10011","정보",,""
"11:26:54.1965611","DxgKrnl","10011","정보",,""
"11:26:54.1965624","DxgKrnl","10011","정보",,""
"11:26:54.1965640","DxgKrnl","10011","정보",,""
"11:26:54.1966599","DxgKrnl","10011","정보",,""
"11:26:54.1972321","DxgKrnl","10011","정보",,""
"11:26:54.1979266","DxgKrnl","10011","정보",,""
"11:26:54.1979278","DxgKrnl","10011","정보",,""
"11:26:54.1979317","DxgKrnl","10011","정보",,""
"11:26:54.1979346","DxgKrnl","10011","정보",,""
"11:26:54.1981488","DxgKrnl","10011","정보",,""
"11:26:54.1981552","DxgKrnl","10011","정보",,""
"11:26:54.1982241","DxgKrnl","10011","정보",,""
"11:26:54.1982323","DxgKrnl","10011","정보",,""
"11:26:54.1982349","DxgKrnl","10011","정보",,""
"11:26:54.1984174","DxgKrnl","10011","정보",,""
"11:26:54.1984539","DxgKrnl","10011","정보",,""
"11:26:54.1984599","DxgKrnl","10011","정보",,""
"11:26:54.1984785","DxgKrnl","10011","정보",,""
"11:26:54.1984866","DxgKrnl","10011","정보",,""
"11:26:54.1986533","DxgKrnl","10011","정보",,""
"11:26:54.1987291","DxgKrnl","10011","정보",,""
"11:26:54.1987315","DxgKrnl","10011","정보",,""
"11:26:54.1987333","DxgKrnl","10011","정보",,""
"11:26:54.1999663","DxgKrnl","10011","정보",,""
"11:26:54.2014185","DxgKrnl","10011","정보",,""
"11:26:54.2014744","DxgKrnl","10011","정보",,""
"11:26:54.2018633","DxgKrnl","10011","정보",,""
"11:26:54.2019793","DxgKrnl","10011","정보",,""
"11:26:54.2027771","DxgKrnl","10011","정보",,""
"11:26:54.2035776","DxgKrnl","10011","정보",,""
"11:26:54.2036995","DxgKrnl","10011","정보",,""
"11:26:54.2037542","DxgKrnl","10011","정보",,""
"11:26:54.2037646","DxgKrnl","10011","정보",,""
"11:26:54.2038157","DxgKrnl","10011","정보",,""
"11:26:54.2038940","DxgKrnl","10011","정보",,""
"11:26:54.2061123","DxgKrnl","10011","정보",,""
"11:26:54.2061694","DxgKrnl","10011","정보",,""
"11:26:54.2061879","DxgKrnl","10011","정보",,""
"11:26:54.2062498","DxgKrnl","10011","정보",,""
"11:26:54.2068031","DxgKrnl","10011","정보",,""
"11:26:54.2075055","DxgKrnl","10011","정보",,""
"11:26:54.2081661","DxgKrnl","10011","정보",,""
"11:26:54.2082680","DxgKrnl","10011","정보",,""
"11:26:54.2082689","DxgKrnl","10011","정보",,""
"11:26:54.2105503","DxgKrnl","10011","정보",,""
"11:26:54.2106225","DxgKrnl","10011","정보",,""
"11:26:54.2106336","DxgKrnl","10011","정보",,""
"11:26:54.2106906","DxgKrnl","10011","정보",,""
"11:26:54.2108317","DxgKrnl","10011","정보",,""
"11:26:54.2132184","DxgKrnl","10011","정보",,""
"11:26:54.2132740","DxgKrnl","10011","정보",,""
"11:26:54.2134717","DxgKrnl","10011","정보",,""
"11:26:54.2135384","DxgKrnl","10011","정보",,""
"11:26:54.2141899","DxgKrnl","10011","정보",,""
"11:26:54.2148784","DxgKrnl","10011","정보",,""
"11:26:54.2155712","DxgKrnl","10011","정보",,""
"11:26:54.2156409","DxgKrnl","10011","정보",,""
"11:26:54.2156980","DxgKrnl","10011","정보",,""
"11:26:54.2157007","DxgKrnl","10011","정보",,""
"11:26:54.2158226","DxgKrnl","10011","정보",,""
"11:26:54.2159591","DxgKrnl","10011","정보",,""
"11:26:54.2160960","DxgKrnl","10011","정보",,""
"11:26:54.2161177","DxgKrnl","10011","정보",,""
"11:26:54.2161188","DxgKrnl","10011","정보",,""
"11:26:54.2161197","DxgKrnl","10011","정보",,""
"11:26:54.2161254","DxgKrnl","10011","정보",,""
"11:26:54.2163756","DxgKrnl","10011","정보",,""
"11:26:54.2163816","DxgKrnl","10011","정보",,""
"11:26:54.2163819","DxgKrnl","10011","정보",,""
"11:26:54.2163823","DxgKrnl","10011","정보",,""
"11:26:54.2165007","DxgKrnl","10011","정보",,""
"11:26:54.2187864","DxgKrnl","10011","정보",,""
"11:26:54.2188494","DxgKrnl","10011","정보",,""
"11:26:54.2188665","DxgKrnl","10011","정보",,""
"11:26:54.2189260","DxgKrnl","10011","정보",,""
"11:26:54.2194873","DxgKrnl","10011","정보",,""
"11:26:54.2201447","DxgKrnl","10011","정보",,""
"11:26:54.2208195","DxgKrnl","10011","정보",,""
"11:26:54.2209210","DxgKrnl","10011","정보",,""
"11:26:54.2209855","DxgKrnl","10011","정보",,""
"11:26:54.2211543","DxgKrnl","10011","정보",,""
"11:26:54.2212147","DxgKrnl","10011","정보",,""
"11:26:54.2212910","DxgKrnl","10011","정보",,""
"11:26:54.2213350","DxgKrnl","10011","정보",,""
"11:26:54.2213459","DxgKrnl","10011","정보",,""
"11:26:54.2214708","DxgKrnl","10011","정보",,""
"11:26:54.2214725","DxgKrnl","10011","정보",,""
"11:26:54.2237982","DxgKrnl","10011","정보",,""
"11:26:54.2238565","DxgKrnl","10011","정보",,""
"11:26:54.2240211","DxgKrnl","10011","정보",,""
"11:26:54.2249204","DxgKrnl","10011","정보",,""
"11:26:54.2258772","DxgKrnl","10011","정보",,""
"11:26:54.2259070","DxgKrnl","10011","정보",,""
"11:26:54.2259688","DxgKrnl","10011","정보",,""
"11:26:54.2260322","DxgKrnl","10011","정보",,""
"11:26:54.2260875","DxgKrnl","10011","정보",,""
"11:26:54.2260941","DxgKrnl","10011","정보",,""
"11:26:54.2267919","DxgKrnl","10011","정보",,""
"11:26:54.2268104","DxgKrnl","10011","정보",,""
"11:26:54.2271096","DxgKrnl","10011","정보",,""
"11:26:54.2271693","DxgKrnl","10011","정보",,""
"11:26:54.2288349","DxgKrnl","10011","정보",,""
"11:26:54.2288923","DxgKrnl","10011","정보",,""
"11:26:54.2291003","DxgKrnl","10011","정보",,""
"11:26:54.2297762","DxgKrnl","10011","정보",,""
"11:26:54.2297807","DxgKrnl","10011","정보",,""
"11:26:54.2297857","DxgKrnl","10011","정보",,""
"11:26:54.2298848","DxgKrnl","10011","정보",,""
"11:26:54.2300247","DxgKrnl","10011","정보",,""
"11:26:54.2300252","DxgKrnl","10011","정보",,""
"11:26:54.2302085","DxgKrnl","10011","정보",,""
"11:26:54.2302288","DxgKrnl","10011","정보",,""
"11:26:54.2302551","DxgKrnl","10011","정보",,""
"11:26:54.2302917","DxgKrnl","10011","정보",,""
"11:26:54.2303100","DxgKrnl","10011","정보",,""
"11:26:54.2304462","DxgKrnl","10011","정보",,""
"11:26:54.2304473","DxgKrnl","10011","정보",,""
"11:26:54.2327179","DxgKrnl","10011","정보",,""
"11:26:54.2327806","DxgKrnl","10011","정보",,""
"11:26:54.2331906","DxgKrnl","10011","정보",,""
"11:26:54.2336612","DxgKrnl","10011","정보",,""
"11:26:54.2337290","DxgKrnl","10011","정보",,""
"11:26:54.2342089","DxgKrnl","10011","정보",,""
"11:26:54.2342889","DxgKrnl","10011","정보",,""
"11:26:54.2343648","DxgKrnl","10011","정보",,""
"11:26:54.2344577","DxgKrnl","10011","정보",,""
"11:26:54.2345470","DxgKrnl","10011","정보",,""
"11:26:54.2345721","DxgKrnl","10011","정보",,""
"11:26:54.2346631","DxgKrnl","10011","정보",,""
"11:26:54.2369058","DxgKrnl","10011","정보",,""
"11:26:54.2369610","DxgKrnl","10011","정보",,""
"11:26:54.2371752","DxgKrnl","10011","정보",,""
"11:26:54.2378879","DxgKrnl","10011","정보",,""
"11:26:54.2378895","DxgKrnl","10011","정보",,""
"11:26:54.2379902","DxgKrnl","10011","정보",,""
"11:26:54.2381141","DxgKrnl","10011","정보",,""
"11:26:54.2384736","DxgKrnl","10011","정보",,""
"11:26:54.2385595","DxgKrnl","10011","정보",,""
"11:26:54.2386328","DxgKrnl","10011","정보",,""
"11:26:54.2412315","DxgKrnl","10011","정보",,""
"11:26:54.2412939","DxgKrnl","10011","정보",,""
"11:26:54.2413742","DxgKrnl","10011","정보",,""
"11:26:54.2414537","DxgKrnl","10011","정보",,""
"11:26:54.2418404","DxgKrnl","10011","정보",,""
"11:26:54.2425962","DxgKrnl","10011","정보",,""
"11:26:54.2426971","DxgKrnl","10011","정보",,""
"11:26:54.2429000","DxgKrnl","10011","정보",,""
"11:26:54.2429580","DxgKrnl","10011","정보",,""
"11:26:54.2429673","DxgKrnl","10011","정보",,""
"11:26:54.2431040","DxgKrnl","10011","정보",,""
"11:26:54.2431050","DxgKrnl","10011","정보",,""
"11:26:54.2449728","DxgKrnl","10011","정보",,""
"11:26:54.2450332","DxgKrnl","10011","정보",,""
"11:26:54.2453168","DxgKrnl","10011","정보",,""
"11:26:54.2460412","DxgKrnl","10011","정보",,""
"11:26:54.2460430","DxgKrnl","10011","정보",,""
"11:26:54.2461828","DxgKrnl","10011","정보",,""
"11:26:54.2461829","DxgKrnl","10011","정보",,""
"11:26:54.2464317","DxgKrnl","10011","정보",,""
"11:26:54.2464566","DxgKrnl","10011","정보",,""
"11:26:54.2465295","DxgKrnl","10011","정보",,""
"11:26:54.2465828","DxgKrnl","10011","정보",,""
"11:26:54.2467074","DxgKrnl","10011","정보",,""
"11:26:54.2486560","DxgKrnl","10011","정보",,""
"11:26:54.2487111","DxgKrnl","10011","정보",,""
"11:26:54.2488878","DxgKrnl","10011","정보",,""
"11:26:54.2489076","DxgKrnl","10011","정보",,""
"11:26:54.2489789","DxgKrnl","10011","정보",,""
"11:26:54.2497708","DxgKrnl","10011","정보",,""
"11:26:54.2499413","DxgKrnl","10011","정보",,""
"11:26:54.2500732","DxgKrnl","10011","정보",,""
"11:26:54.2501449","DxgKrnl","10011","정보",,""
"11:26:54.2502086","DxgKrnl","10011","정보",,""
"11:26:54.2521320","DxgKrnl","10011","정보",,""
"11:26:54.2522248","DxgKrnl","10011","정보",,""
"11:26:54.2522987","DxgKrnl","10011","정보",,""
"11:26:54.2523041","DxgKrnl","10011","정보",,""
"11:26:54.2524241","DxgKrnl","10011","정보",,""
"11:26:54.2524246","DxgKrnl","10011","정보",,""
"11:26:54.2525099","DxgKrnl","10011","정보",,""
"11:26:54.2532160","DxgKrnl","10011","정보",,""
"11:26:54.2532162","DxgKrnl","10011","정보",,""
"11:26:54.2533452","DxgKrnl","10011","정보",,""
"11:26:54.2533487","DxgKrnl","10011","정보",,""
"11:26:54.2535387","DxgKrnl","10011","정보",,""
"11:26:54.2536075","DxgKrnl","10011","정보",,""
"11:26:54.2536777","DxgKrnl","10011","정보",,""
"11:26:54.2538497","DxgKrnl","10011","정보",,""
"11:26:54.2539215","DxgKrnl","10011","정보",,""
"11:26:54.2559411","DxgKrnl","10011","정보",,""
"11:26:54.2560006","DxgKrnl","10011","정보",,""
"11:26:54.2561798","DxgKrnl","10011","정보",,""
"11:26:54.2562157","DxgKrnl","10011","정보",,""
"11:26:54.2563388","DxgKrnl","10011","정보",,""
"11:26:54.2570967","DxgKrnl","10011","정보",,""
"11:26:54.2572317","DxgKrnl","10011","정보",,""
"11:26:54.2572499","DxgKrnl","10011","정보",,""
"11:26:54.2573310","DxgKrnl","10011","정보",,""
"11:26:54.2574625","DxgKrnl","10011","정보",,""
"11:26:54.2575180","DxgKrnl","10011","정보",,""
"11:26:54.2575811","DxgKrnl","10011","정보",,""
"11:26:54.2584729","DxgKrnl","10011","정보",,""
"11:26:54.2598035","DxgKrnl","10011","정보",,""
"11:26:54.2598588","DxgKrnl","10011","정보",,""
"11:26:54.2598775","DxgKrnl","10011","정보",,""
"11:26:54.2600270","DxgKrnl","10011","정보",,""
"11:26:54.2600493","DxgKrnl","10011","정보",,""
"11:26:54.2600542","DxgKrnl","10011","정보",,""
"11:26:54.2603458","DxgKrnl","10011","정보",,""
"11:26:54.2603509","DxgKrnl","10011","정보",,""
"11:26:54.2612340","DxgKrnl","10011","정보",,""
"11:26:54.2612392","DxgKrnl","10011","정보",,""
"11:26:54.2613842","DxgKrnl","10011","정보",,""
"11:26:54.2613844","DxgKrnl","10011","정보",,""
"11:26:54.2614372","DxgKrnl","10011","정보",,""
"11:26:54.2614935","DxgKrnl","10011","정보",,""
"11:26:54.2615508","DxgKrnl","10011","정보",,""
"11:26:54.2634812","DxgKrnl","10011","정보",,""
"11:26:54.2635363","DxgKrnl","10011","정보",,""
"11:26:54.2636956","DxgKrnl","10011","정보",,""
"11:26:54.2637275","DxgKrnl","10011","정보",,""
"11:26:54.2637982","DxgKrnl","10011","정보",,""
"11:26:54.2644767","DxgKrnl","10011","정보",,""
"11:26:54.2645467","DxgKrnl","10011","정보",,""
"11:26:54.2647479","DxgKrnl","10011","정보",,""
"11:26:54.2648330","DxgKrnl","10011","정보",,""
"11:26:54.2648679","DxgKrnl","10011","정보",,""
"11:26:54.2649670","DxgKrnl","10011","정보",,""
"11:26:54.2649684","DxgKrnl","10011","정보",,""
"11:26:54.2672072","DxgKrnl","10011","정보",,""
"11:26:54.2672612","DxgKrnl","10011","정보",,""
"11:26:54.2675303","DxgKrnl","10011","정보",,""
"11:26:54.2681698","DxgKrnl","10011","정보",,""
"11:26:54.2682321","DxgKrnl","10011","정보",,""
"11:26:54.2685011","DxgKrnl","10011","정보",,""
"11:26:54.2685467","DxgKrnl","10011","정보",,""
"11:26:54.2686092","DxgKrnl","10011","정보",,""
"11:26:54.2690135","DxgKrnl","10011","정보",,""
"11:26:54.2690734","DxgKrnl","10011","정보",,""
"11:26:54.2704098","DxgKrnl","10011","정보",,""
"11:26:54.2704690","DxgKrnl","10011","정보",,""
"11:26:54.2706607","DxgKrnl","10011","정보",,""
"11:26:54.2707826","DxgKrnl","10011","정보",,""
"11:26:54.2708417","DxgKrnl","10011","정보",,""
"11:26:54.2717585","DxgKrnl","10011","정보",,""
"11:26:54.2718887","DxgKrnl","10011","정보",,""
"11:26:54.2719534","DxgKrnl","10011","정보",,""
"11:26:54.2725775","DxgKrnl","10011","정보",,""
"11:26:54.2726365","DxgKrnl","10011","정보",,""
"11:26:54.2739395","DxgKrnl","10011","정보",,""
"11:26:54.2739976","DxgKrnl","10011","정보",,""
"11:26:54.2741776","DxgKrnl","10011","정보",,""
"11:26:54.2748339","DxgKrnl","10011","정보",,""
"11:26:54.2748663","DxgKrnl","10011","정보",,""
"11:26:54.2749897","DxgKrnl","10011","정보",,""
"11:26:54.2749942","DxgKrnl","10011","정보",,""
"11:26:54.2752112","DxgKrnl","10011","정보",,""
"11:26:54.2752702","DxgKrnl","10011","정보",,""
"11:26:54.2753347","DxgKrnl","10011","정보",,""
"11:26:54.2755266","DxgKrnl","10011","정보",,""
"11:26:54.2755954","DxgKrnl","10011","정보",,""
"11:26:54.2770685","DxgKrnl","10011","정보",,""
"11:26:54.2771277","DxgKrnl","10011","정보",,""
"11:26:54.2773856","DxgKrnl","10011","정보",,""
"11:26:54.2783310","DxgKrnl","10011","정보",,""
"11:26:54.2783960","DxgKrnl","10011","정보",,""
"11:26:54.2784471","DxgKrnl","10011","정보",,""
"11:26:54.2784651","DxgKrnl","10011","정보",,""
"11:26:54.2785391","DxgKrnl","10011","정보",,""
"11:26:54.2785395","DxgKrnl","10011","정보",,""
"11:26:54.2786048","DxgKrnl","10011","정보",,""
"11:26:54.2804887","DxgKrnl","10011","정보",,""
"11:26:54.2805492","DxgKrnl","10011","정보",,""
"11:26:54.2808099","DxgKrnl","10011","정보",,""
"11:26:54.2808601","DxgKrnl","10011","정보",,""
"11:26:54.2808625","DxgKrnl","10011","정보",,""
"11:26:54.2809931","DxgKrnl","10011","정보",,""
"11:26:54.2809936","DxgKrnl","10011","정보",,""
"11:26:54.2815627","DxgKrnl","10011","정보",,""
"11:26:54.2816329","DxgKrnl","10011","정보",,""
"11:26:54.2816351","DxgKrnl","10011","정보",,""
"11:26:54.2817058","DxgKrnl","10011","정보",,""
"11:26:54.2818876","DxgKrnl","10011","정보",,""
"11:26:54.2819517","DxgKrnl","10011","정보",,""
"11:26:54.2821249","DxgKrnl","10011","정보",,""
"11:26:54.2821423","DxgKrnl","10011","정보",,""
"11:26:54.2823339","DxgKrnl","10011","정보",,""
"11:26:54.2823558","DxgKrnl","10011","정보",,""
"11:26:54.2825677","DxgKrnl","10011","정보",,""
"11:26:54.2847353","DxgKrnl","10011","정보",,""
"11:26:54.2847995","DxgKrnl","10011","정보",,""
"11:26:54.2850583","DxgKrnl","10011","정보",,""
"11:26:54.2851266","DxgKrnl","10011","정보",,""
"11:26:54.2851911","DxgKrnl","10011","정보",,""
"11:26:54.2861928","DxgKrnl","10011","정보",,""
"11:26:54.2862628","DxgKrnl","10011","정보",,""
"11:26:54.2863159","DxgKrnl","10011","정보",,""
"11:26:54.2863787","DxgKrnl","10011","정보",,""
"11:26:54.2865357","DxgKrnl","10011","정보",,""
"11:26:54.2871149","DxgKrnl","10011","정보",,""
"11:26:54.2871299","DxgKrnl","10011","정보",,""
"11:26:54.2871592","DxgKrnl","10011","정보",,""
"11:26:54.2872662","DxgKrnl","10011","정보",,""
"11:26:54.2872685","DxgKrnl","10011","정보",,""
"11:26:54.2874252","DxgKrnl","10011","정보",,""
"11:26:54.2886970","DxgKrnl","10011","정보",,""
"11:26:54.2887586","DxgKrnl","10011","정보",,""
"11:26:54.2890000","DxgKrnl","10011","정보",,""
"11:26:54.2890443","DxgKrnl","10011","정보",,""
"11:26:54.2891149","DxgKrnl","10011","정보",,""
"11:26:54.2901001","DxgKrnl","10011","정보",,""
"11:26:54.2901784","DxgKrnl","10011","정보",,""
"11:26:54.2903395","DxgKrnl","10011","정보",,""
"11:26:54.2903825","DxgKrnl","10011","정보",,""
"11:26:54.2904334","DxgKrnl","10011","정보",,""
"11:26:54.2905339","DxgKrnl","10011","정보",,""
"11:26:54.2905365","DxgKrnl","10011","정보",,""
"11:26:54.2930795","DxgKrnl","10011","정보",,""
"11:26:54.2931948","DxgKrnl","10011","정보",,""
"11:26:54.2936937","DxgKrnl","10011","정보",,""
"11:26:54.2942810","DxgKrnl","10011","정보",,""
"11:26:54.2943967","DxgKrnl","10011","정보",,""
"11:26:54.2950007","DxgKrnl","10011","정보",,""
"11:26:54.2950404","DxgKrnl","10011","정보",,""
"11:26:54.2950764","DxgKrnl","10011","정보",,""
"11:26:54.2951054","DxgKrnl","10011","정보",,""
"11:26:54.2952897","DxgKrnl","10011","정보",,""
"11:26:54.2972094","DxgKrnl","10011","정보",,""
"11:26:54.2972704","DxgKrnl","10011","정보",,""
"11:26:54.2974807","DxgKrnl","10011","정보",,""
"11:26:54.2981700","DxgKrnl","10011","정보",,""
"11:26:54.2982457","DxgKrnl","10011","정보",,""
"11:26:54.2984530","DxgKrnl","10011","정보",,""
"11:26:54.2985188","DxgKrnl","10011","정보",,""
"11:26:54.2986627","DxgKrnl","10011","정보",,""
"11:26:54.2987575","DxgKrnl","10011","정보",,""
"11:26:54.2988406","DxgKrnl","10011","정보",,""
"11:26:54.2989094","DxgKrnl","10011","정보",,""
"11:26:54.2989189","DxgKrnl","10011","정보",,""
"11:26:54.2990715","DxgKrnl","10011","정보",,""
"11:26:54.2990755","DxgKrnl","10011","정보",,""
"11:26:54.3010604","DxgKrnl","10011","정보",,""
"11:26:54.3011240","DxgKrnl","10011","정보",,""
"11:26:54.3011525","DxgKrnl","10011","정보",,""
"11:26:54.3012217","DxgKrnl","10011","정보",,""
"11:26:54.3019778","DxgKrnl","10011","정보",,""
"11:26:54.3024900","DxgKrnl","10011","정보",,""
"11:26:54.3024902","DxgKrnl","10011","정보",,""
"11:26:54.3024903","DxgKrnl","10011","정보",,""
"11:26:54.3026927","DxgKrnl","10011","정보",,""
"11:26:54.3026956","DxgKrnl","10011","정보",,""
"11:26:54.3026965","DxgKrnl","10011","정보",,""
"11:26:54.3032168","DxgKrnl","10011","정보",,""
"11:26:54.3032923","DxgKrnl","10011","정보",,""
"11:26:54.3033951","DxgKrnl","10011","정보",,""
"11:26:54.3036865","DxgKrnl","10011","정보",,""
"11:26:54.3037730","DxgKrnl","10011","정보",,""
"11:26:54.3051508","DxgKrnl","10011","정보",,""
"11:26:54.3052095","DxgKrnl","10011","정보",,""
"11:26:54.3054524","DxgKrnl","10011","정보",,""
"11:26:54.3063391","DxgKrnl","10011","정보",,""
"11:26:54.3063720","DxgKrnl","10011","정보",,""
"11:26:54.3064431","DxgKrnl","10011","정보",,""
"11:26:54.3064676","DxgKrnl","10011","정보",,""
"11:26:54.3064698","DxgKrnl","10011","정보",,""
"11:26:54.3067841","DxgKrnl","10011","정보",,""
"11:26:54.3068379","DxgKrnl","10011","정보",,""
"11:26:54.3529648","DxgKrnl","10011","정보",,""
"11:26:54.3641733","DxgKrnl","10011","정보",,""
"11:26:54.3643029","DxgKrnl","10011","정보",,""
"11:26:54.3643415","DxgKrnl","10011","정보",,""
"11:26:54.3645684","DxgKrnl","10011","정보",,""
"11:26:54.3646067","DxgKrnl","10011","정보",,""
"11:26:54.3647719","DxgKrnl","10011","정보",,""
"11:26:54.3648171","DxgKrnl","10011","정보",,""
"11:26:54.3648186","DxgKrnl","10011","정보",,""
"11:26:54.3648549","DxgKrnl","10011","정보",,""
"11:26:54.3665772","DxgKrnl","10011","정보",,""
"11:26:54.3666005","DxgKrnl","10011","정보",,""
"11:26:54.3667960","DxgKrnl","10011","정보",,""
"11:26:54.3667970","DxgKrnl","10011","정보",,""
"11:26:54.3668701","DxgKrnl","10011","정보",,""
"11:26:54.3670038","DxgKrnl","10011","정보",,""
"11:26:54.3671676","DxgKrnl","10011","정보",,""
"11:26:54.3701436","DxgKrnl","10011","정보",,""
"11:26:54.3702322","DxgKrnl","10011","정보",,""
"11:26:54.3708243","DxgKrnl","10011","정보",,""
"11:26:54.3713642","DxgKrnl","10011","정보",,""
"11:26:54.3722760","DxgKrnl","10011","정보",,""
"11:26:54.3723359","DxgKrnl","10011","정보",,""
"11:26:54.3734662","DxgKrnl","10011","정보",,""
"11:26:54.3735440","DxgKrnl","10011","정보",,""
"11:26:54.3735669","DxgKrnl","10011","정보",,""
"11:26:54.3735696","DxgKrnl","10011","정보",,""
"11:26:54.3737194","DxgKrnl","10011","정보",,""
"11:26:54.3737205","DxgKrnl","10011","정보",,""
"11:26:54.3737316","DxgKrnl","10011","정보",,""
"11:26:54.3804143","DxgKrnl","10011","정보",,""
"11:26:54.3804444","DxgKrnl","10011","정보",,""
"11:26:54.3805388","DxgKrnl","10011","정보",,""
"11:26:54.3811481","DxgKrnl","10011","정보",,""
"11:26:54.3811487","DxgKrnl","10011","정보",,""
"11:26:54.3811536","DxgKrnl","10011","정보",,""
"11:26:54.3813324","DxgKrnl","10011","정보",,""
"11:26:54.3813332","DxgKrnl","10011","정보",,""
"11:26:54.3813334","DxgKrnl","10011","정보",,""
"11:26:54.3819946","DxgKrnl","10011","정보",,""
"11:26:54.3820841","DxgKrnl","10011","정보",,""
"11:26:54.3820913","DxgKrnl","10011","정보",,""
"11:26:54.3822120","DxgKrnl","10011","정보",,""
"11:26:54.3822150","DxgKrnl","10011","정보",,""
"11:26:54.3826872","DxgKrnl","10011","정보",,""
"11:26:54.3827418","DxgKrnl","10011","정보",,""
"11:26:54.3831509","DxgKrnl","10011","정보",,""
"11:26:54.3831865","DxgKrnl","10011","정보",,""
"11:26:54.3831925","DxgKrnl","10011","정보",,""
"11:26:54.3832110","DxgKrnl","10011","정보",,""
"11:26:54.3833563","DxgKrnl","10011","정보",,""
"11:26:54.3833587","DxgKrnl","10011","정보",,""
"11:26:54.3833605","DxgKrnl","10011","정보",,""
"11:26:54.3843079","DxgKrnl","10011","정보",,""
"11:26:54.3843576","DxgKrnl","10011","정보",,""
"11:26:54.3849841","DxgKrnl","10011","정보",,""
"11:26:54.3850416","DxgKrnl","10011","정보",,""
"11:26:54.3856908","DxgKrnl","10011","정보",,""
"11:26:54.3856916","DxgKrnl","10011","정보",,""
"11:26:54.3858421","DxgKrnl","10011","정보",,""
"11:26:54.3858422","DxgKrnl","10011","정보",,""
"11:26:54.3874861","DxgKrnl","10011","정보",,""
"11:26:54.3879413","DxgKrnl","10011","정보",,""
"11:26:54.3879566","DxgKrnl","10011","정보",,""
"11:26:54.3879612","DxgKrnl","10011","정보",,""
"11:26:54.3879620","DxgKrnl","10011","정보",,""
"11:26:54.3887566","DxgKrnl","10011","정보",,""
"11:26:54.3891048","DxgKrnl","10011","정보",,""
"11:26:54.3897733","DxgKrnl","10011","정보",,""
"11:26:54.3898255","DxgKrnl","10011","정보",,""
"11:26:54.4057819","DxgKrnl","10011","정보",,""
"11:26:54.4058565","DxgKrnl","10011","정보",,""
"11:26:54.4075049","DxgKrnl","10011","정보",,""
"11:26:54.4076253","DxgKrnl","10011","정보",,""
"11:26:54.4771831","DxgKrnl","10011","정보",,""
"11:26:54.4772652","DxgKrnl","10011","정보",,""
"11:26:54.4772667","DxgKrnl","10011","정보",,""
"11:26:54.4773065","DxgKrnl","10011","정보",,""
"11:26:54.4779015","DxgKrnl","10011","정보",,""
"11:26:54.4779416","DxgKrnl","10011","정보",,""
"11:26:54.4800074","DxgKrnl","10011","정보",,""
"11:26:54.4811163","DxgKrnl","10011","정보",,""
"11:26:54.4823590","DxgKrnl","10011","정보",,""
"11:26:54.4824295","DxgKrnl","10011","정보",,""
"11:26:54.4842100","DxgKrnl","10011","정보",,""
"11:26:54.4842603","DxgKrnl","10011","정보",,""
"11:26:54.4878542","DxgKrnl","10011","정보",,""
"11:26:54.4885294","DxgKrnl","10011","정보",,""
"11:26:55.8387108","DxgKrnl","10011","정보",,""
"11:26:55.8483866","DxgKrnl","10011","정보",,""
"11:26:55.8483878","DxgKrnl","10011","정보",,""
"11:26:55.8947167","DxgKrnl","10011","정보",,""
"11:26:55.9373533","Kernel-PnP","220","시작",,"Begin querying bus relations for device PCI\VEN_1002&DEV_7550&SUBSYS_E4891DA2&REV_C0\6&8916a45&0&00000009"
"11:26:55.9375403","DxgKrnl","10011","정보",,""
"11:26:55.9375410","DxgKrnl","10011","정보",,""
"11:26:55.9375508","DxgKrnl","10011","정보",,""
"11:26:55.9384135","DxgKrnl","10011","정보",,""
"11:26:55.9385036","DxgKrnl","10011","정보",,""
"11:26:55.9385560","DxgKrnl","10011","정보",,""
"11:26:55.9391414","DxgKrnl","10011","정보",,""
"11:26:55.9392095","DxgKrnl","10011","정보",,""
"11:26:55.9396655","DxgKrnl","10011","정보",,""
"11:26:55.9397138","DxgKrnl","10011","정보",,""
"11:26:55.9402960","DxgKrnl","10011","정보",,""
"11:26:55.9403451","DxgKrnl","10011","정보",,""
"11:26:55.9427511","Kernel-PnP","222","시작",,"End querying bus relations for device PCI\VEN_1002&DEV_7550&SUBSYS_E4891DA2&REV_C0\6&8916a45&0&00000009"
"11:26:55.9428181","Kernel-PnP","220","시작",,"Begin querying bus relations for device SWD\DRIVERENUM\AMDCP&7&16b8ddb4&0"
"11:26:55.9428200","Kernel-PnP","222","시작",,"End querying bus relations for device SWD\DRIVERENUM\AMDCP&7&16b8ddb4&0"
"11:26:55.9428257","Kernel-PnP","220","시작",,"Begin querying bus relations for device SWD\DRIVERENUM\AMDFDANS&7&16b8ddb4&0"
"11:26:55.9428265","Kernel-PnP","222","시작",,"End querying bus relations for device SWD\DRIVERENUM\AMDFDANS&7&16b8ddb4&0"
"11:26:55.9428310","Kernel-PnP","220","시작",,"Begin querying bus relations for device SWD\DRIVERENUM\AMDOCL&7&16b8ddb4&0"
"11:26:55.9428318","Kernel-PnP","222","시작",,"End querying bus relations for device SWD\DRIVERENUM\AMDOCL&7&16b8ddb4&0"
"11:26:55.9428372","Kernel-PnP","220","시작",,"Begin querying bus relations for device SWD\DRIVERENUM\AMDOGL&7&16b8ddb4&0"
"11:26:55.9428379","Kernel-PnP","222","시작",,"End querying bus relations for device SWD\DRIVERENUM\AMDOGL&7&16b8ddb4&0"
"11:26:55.9428442","Kernel-PnP","220","시작",,"Begin querying bus relations for device SWD\DRIVERENUM\AMDVLK&7&16b8ddb4&0"
"11:26:55.9428448","Kernel-PnP","222","시작",,"End querying bus relations for device SWD\DRIVERENUM\AMDVLK&7&16b8ddb4&0"
"11:26:55.9428490","Kernel-PnP","220","시작",,"Begin querying bus relations for device SWD\DRIVERENUM\AMDWIN&7&16b8ddb4&0"
"11:26:55.9428497","Kernel-PnP","222","시작",,"End querying bus relations for device SWD\DRIVERENUM\AMDWIN&7&16b8ddb4&0"
"11:26:55.9428541","Kernel-PnP","220","시작",,"Begin querying bus relations for device DISPLAY\BBC0104\7&16b8ddb4&0&UID265"
"11:26:55.9428587","Kernel-PnP","222","시작",,"End querying bus relations for device DISPLAY\BBC0104\7&16b8ddb4&0&UID265"
"11:26:55.9431198","DxgKrnl","10011","정보",,""
"11:26:55.9431531","DxgKrnl","10011","정보",,""
"11:26:55.9432756","DxgKrnl","10011","정보",,""
"11:26:55.9432805","DxgKrnl","10011","정보",,""
"11:26:55.9432828","DxgKrnl","10011","정보",,""
"11:26:55.9436682","DxgKrnl","10011","정보",,""
"11:26:55.9437097","DxgKrnl","10011","정보",,""
"11:26:55.9439946","Kernel-PnP","808","시작",,"End device add, status (STATUS_SUCCESS)"
"11:26:55.9443119","Kernel-PnP","220","시작",,"Begin querying bus relations for device DISPLAY\SAM79DF\7&16b8ddb4&0&UID256"
"11:26:55.9443151","Kernel-PnP","222","시작",,"End querying bus relations for device DISPLAY\SAM79DF\7&16b8ddb4&0&UID256"
"11:26:55.9445408","DxgKrnl","10011","정보",,""
"11:26:56.1644425","DxgKrnl","10011","정보",,""
"11:26:56.1734750","DxgKrnl","10011","정보",,""
"11:26:56.1735366","DxgKrnl","10011","정보",,""
"11:26:56.1735832","DxgKrnl","10011","정보",,""
"11:26:56.1741945","DxgKrnl","10011","정보",,""
"11:26:56.1742242","DxgKrnl","10011","정보",,""
"11:26:56.1742802","DxgKrnl","10011","정보",,""
"11:26:56.1743165","DxgKrnl","10011","정보",,""
"11:26:56.1743181","DxgKrnl","10011","정보",,""
"11:26:56.1743493","DxgKrnl","10011","정보",,""
"11:26:56.1758638","DxgKrnl","10011","정보",,""
"11:26:56.1759892","DxgKrnl","10011","정보",,""
"11:26:56.1791714","DxgKrnl","10011","정보",,""
"11:26:56.1797430","DxgKrnl","10011","정보",,""
"11:26:56.1797883","DxgKrnl","10011","정보",,""
"11:26:56.1832087","DxgKrnl","10011","정보",,""
"11:26:56.1832535","DxgKrnl","10011","정보",,""
"11:26:56.1834523","DxgKrnl","10011","정보",,""
"11:26:56.1835459","DxgKrnl","10011","정보",,""
"11:26:56.1846189","DxgKrnl","10011","정보",,""
"11:26:56.1846573","DxgKrnl","10011","정보",,""
"11:26:56.1870169","DxgKrnl","10011","정보",,""
"11:26:56.1870579","DxgKrnl","10011","정보",,""
"11:26:56.1875977","DxgKrnl","10011","정보",,""
"11:26:56.1876581","DxgKrnl","10011","정보",,""
"11:26:56.1876602","DxgKrnl","10011","정보",,""
"11:26:56.1878040","DxgKrnl","10011","정보",,""
"11:26:56.1878045","DxgKrnl","10011","정보",,""
"11:26:56.1879273","DxgKrnl","10011","정보",,""
"11:26:56.1879705","DxgKrnl","10011","정보",,""
"11:26:56.1880013","DxgKrnl","10011","정보",,""
"11:26:56.1884142","DxgKrnl","10011","정보",,""
"11:26:56.1884540","DxgKrnl","10011","정보",,""
"11:26:56.1885411","DxgKrnl","10011","정보",,""
"11:26:56.1885940","DxgKrnl","10011","정보",,""
"11:26:56.1886344","DxgKrnl","10011","정보",,""
"11:26:56.1908725","DxgKrnl","10011","정보",,""
"11:26:56.1909141","DxgKrnl","10011","정보",,""
"11:26:56.1909391","DxgKrnl","10011","정보",,""
"11:26:56.1915850","DxgKrnl","10011","정보",,""
"11:26:56.1936558","DxgKrnl","10011","정보",,""
"11:26:56.1940505","DxgKrnl","10011","정보",,""
"11:26:56.1940629","DxgKrnl","10011","정보",,""
"11:26:56.1940677","DxgKrnl","10011","정보",,""
"11:26:56.1940685","DxgKrnl","10011","정보",,""
"11:26:56.1942149","DxgKrnl","10011","정보",,""
"11:26:56.1942167","DxgKrnl","10011","정보",,""
"11:26:56.1942782","DxgKrnl","10011","정보",,""
"11:26:56.1943390","DxgKrnl","10011","정보",,""
"11:26:56.1949051","DxgKrnl","10011","정보",,""
"11:26:56.1949514","DxgKrnl","10011","정보",,""
"11:26:56.1988137","DxgKrnl","10011","정보",,""
"11:26:56.1996193","DxgKrnl","10011","정보",,""
"11:26:56.1996407","DxgKrnl","10011","정보",,""
"11:26:56.1996809","DxgKrnl","10011","정보",,""
"11:26:56.1997400","DxgKrnl","10011","정보",,""
"11:26:56.1997432","DxgKrnl","10011","정보",,""
"11:26:56.1997454","DxgKrnl","10011","정보",,""
"11:26:56.2000668","DxgKrnl","10011","정보",,""
"11:26:56.2001005","DxgKrnl","10011","정보",,""
"11:26:56.2016821","DxgKrnl","10011","정보",,""
"11:26:56.2017241","DxgKrnl","10011","정보",,""
"11:26:56.2017846","DxgKrnl","10011","정보",,""
"11:26:56.2019185","DxgKrnl","10011","정보",,""
"11:26:56.2019293","DxgKrnl","10011","정보",,""
"11:26:56.2019396","DxgKrnl","10011","정보",,""
"11:26:56.2019441","DxgKrnl","10011","정보",,""
"11:26:56.2019456","DxgKrnl","10011","정보",,""
"11:26:56.2020356","DxgKrnl","10011","정보",,""
"11:26:56.2021711","DxgKrnl","10011","정보",,""
"11:26:56.2022233","DxgKrnl","10011","정보",,""
"11:26:56.2022243","DxgKrnl","10011","정보",,""
"11:26:56.2023751","DxgKrnl","10011","정보",,""
"11:26:56.2023778","DxgKrnl","10011","정보",,""
"11:26:56.2024343","DxgKrnl","10011","정보",,""
"11:26:56.2066761","DxgKrnl","10011","정보",,""
"11:26:56.2067170","DxgKrnl","10011","정보",,""
"11:26:56.2092593","DxgKrnl","10011","정보",,""
"11:26:56.2093033","DxgKrnl","10011","정보",,""
"11:26:56.2104555","DxgKrnl","10011","정보",,""
"11:26:56.2104966","DxgKrnl","10011","정보",,""
"11:26:56.2114974","DxgKrnl","10011","정보",,""
"11:26:56.2115006","DxgKrnl","10011","정보",,""
"11:26:56.2115048","DxgKrnl","10011","정보",,""
"11:26:56.2115878","DxgKrnl","10011","정보",,""
"11:26:56.2115908","DxgKrnl","10011","정보",,""
"11:26:56.2116292","DxgKrnl","10011","정보",,""
"11:26:56.2152675","DxgKrnl","10011","정보",,""
"11:26:56.2153068","DxgKrnl","10011","정보",,""
"11:26:56.2254006","DxgKrnl","10011","정보",,""
"11:26:56.2261571","DxgKrnl","10011","정보",,""
"11:26:57.5207976","DxgKrnl","10011","정보",,""
"11:26:57.7539157","Kernel-PnP","220","시작",,"Begin querying bus relations for device PCI\VEN_1002&DEV_7550&SUBSYS_E4891DA2&REV_C0\6&8916a45&0&00000009"
"11:26:57.7539877","DxgKrnl","10011","정보",,""
"11:26:57.7541997","DxgKrnl","10011","정보",,""
"11:26:57.7542550","DxgKrnl","10011","정보",,""
"11:26:57.7559400","DxgKrnl","10011","정보",,""
"11:26:57.7559960","DxgKrnl","10011","정보",,""
"11:26:57.7564888","DxgKrnl","10011","정보",,""
"11:26:57.7565304","DxgKrnl","10011","정보",,""
"11:26:57.7582087","DxgKrnl","10011","정보",,""
"11:26:57.7582712","DxgKrnl","10011","정보",,""
"11:26:57.7584750","Kernel-PnP","222","시작",,"End querying bus relations for device PCI\VEN_1002&DEV_7550&SUBSYS_E4891DA2&REV_C0\6&8916a45&0&00000009"
"11:26:57.7585367","Kernel-PnP","220","시작",,"Begin querying bus relations for device SWD\DRIVERENUM\AMDCP&7&16b8ddb4&0"
"11:26:57.7585390","Kernel-PnP","222","시작",,"End querying bus relations for device SWD\DRIVERENUM\AMDCP&7&16b8ddb4&0"
"11:26:57.7585460","Kernel-PnP","220","시작",,"Begin querying bus relations for device SWD\DRIVERENUM\AMDFDANS&7&16b8ddb4&0"
"11:26:57.7585470","Kernel-PnP","222","시작",,"End querying bus relations for device SWD\DRIVERENUM\AMDFDANS&7&16b8ddb4&0"
"11:26:57.7585521","Kernel-PnP","220","시작",,"Begin querying bus relations for device SWD\DRIVERENUM\AMDOCL&7&16b8ddb4&0"
"11:26:57.7585529","Kernel-PnP","222","시작",,"End querying bus relations for device SWD\DRIVERENUM\AMDOCL&7&16b8ddb4&0"
"11:26:57.7585576","Kernel-PnP","220","시작",,"Begin querying bus relations for device SWD\DRIVERENUM\AMDOGL&7&16b8ddb4&0"
"11:26:57.7585587","Kernel-PnP","222","시작",,"End querying bus relations for device SWD\DRIVERENUM\AMDOGL&7&16b8ddb4&0"
"11:26:57.7585630","Kernel-PnP","220","시작",,"Begin querying bus relations for device SWD\DRIVERENUM\AMDVLK&7&16b8ddb4&0"
"11:26:57.7585638","Kernel-PnP","222","시작",,"End querying bus relations for device SWD\DRIVERENUM\AMDVLK&7&16b8ddb4&0"
"11:26:57.7585680","Kernel-PnP","220","시작",,"Begin querying bus relations for device SWD\DRIVERENUM\AMDWIN&7&16b8ddb4&0"
"11:26:57.7585685","Kernel-PnP","222","시작",,"End querying bus relations for device SWD\DRIVERENUM\AMDWIN&7&16b8ddb4&0"
"11:26:57.7585727","Kernel-PnP","220","시작",,"Begin querying bus relations for device DISPLAY\BBC0104\7&16b8ddb4&0&UID265"
"11:26:57.7585785","Kernel-PnP","222","시작",,"End querying bus relations for device DISPLAY\BBC0104\7&16b8ddb4&0&UID265"
"11:26:57.7585846","Kernel-PnP","220","시작",,"Begin querying bus relations for device DISPLAY\SAM79DF\7&16b8ddb4&0&UID256"
"11:26:57.7585869","Kernel-PnP","222","시작",,"End querying bus relations for device DISPLAY\SAM79DF\7&16b8ddb4&0&UID256"
"11:26:57.7634450","DxgKrnl","10011","정보",,""
"11:26:57.7635103","DxgKrnl","10011","정보",,""
"11:26:57.7635584","DxgKrnl","10011","정보",,""
"11:26:57.7635631","DxgKrnl","10011","정보",,""
"11:26:57.7635654","DxgKrnl","10011","정보",,""
"11:26:57.7681803","DxgKrnl","10011","정보",,""
"11:26:57.7682283","DxgKrnl","10011","정보",,""
"11:26:57.7685798","Kernel-PnP","808","시작",,"End device add, status (STATUS_SUCCESS)"
"11:26:57.7688587","Kernel-PnP","220","시작",,"Begin querying bus relations for device DISPLAY\SAM7B0C\7&16b8ddb4&0&UID260"
"11:26:57.7688615","Kernel-PnP","222","시작",,"End querying bus relations for device DISPLAY\SAM7B0C\7&16b8ddb4&0&UID260"
"11:26:57.7691523","DxgKrnl","10011","정보",,""
"11:26:58.0870014","DxgKrnl","10011","정보",,""
"11:26:58.0870506","DxgKrnl","10011","정보",,""
"11:26:58.0964763","DxgKrnl","10011","정보",,""
"11:26:58.0965474","DxgKrnl","10011","정보",,""
"11:26:58.0965988","DxgKrnl","10011","정보",,""
"11:26:58.0979775","DxgKrnl","10011","정보",,""
"11:26:58.0980304","DxgKrnl","10011","정보",,""
"11:26:58.0982631","DxgKrnl","10011","정보",,""
"11:26:58.0983261","DxgKrnl","10011","정보",,""
"11:26:58.0983270","DxgKrnl","10011","정보",,""
"11:26:58.0983789","DxgKrnl","10011","정보",,""
"11:26:58.0983806","DxgKrnl","10011","정보",,""
"11:26:58.0984319","DxgKrnl","10011","정보",,""
"11:26:58.0984376","DxgKrnl","10011","정보",,""
"11:26:58.0984879","DxgKrnl","10011","정보",,""
"11:26:58.1004621","DxgKrnl","10011","정보",,""
"11:26:58.1004919","DxgKrnl","10011","정보",,""
"11:26:58.1005412","DxgKrnl","10011","정보",,""
"11:26:58.1007814","DxgKrnl","10011","정보",,""
"11:26:58.1008722","DxgKrnl","10011","정보",,""
"11:26:58.1008722","DxgKrnl","10011","정보",,""
"11:26:58.1009529","DxgKrnl","10011","정보",,""
"11:26:58.1009570","DxgKrnl","10011","정보",,""
"11:26:58.1032589","DxgKrnl","10011","정보",,""
"11:26:58.1041714","DxgKrnl","10011","정보",,""
"11:26:58.1043614","DxgKrnl","10011","정보",,""
"11:26:58.1045205","DxgKrnl","10011","정보",,""
"11:26:58.1045878","DxgKrnl","10011","정보",,""
"11:26:58.1075924","DxgKrnl","10011","정보",,""
"11:26:58.1076874","DxgKrnl","10011","정보",,""
"11:26:58.1085598","DxgKrnl","10011","정보",,""
"11:26:58.1087891","DxgKrnl","10011","정보",,""
"11:26:58.1087899","DxgKrnl","10011","정보",,""
"11:26:58.1088959","DxgKrnl","10011","정보",,""
"11:26:58.1088971","DxgKrnl","10011","정보",,""
"11:26:58.1089481","DxgKrnl","10011","정보",,""
"11:26:58.1089576","DxgKrnl","10011","정보",,""
"11:26:58.1090092","DxgKrnl","10011","정보",,""
"11:26:58.1094441","DxgKrnl","10011","정보",,""
"11:26:58.1094949","DxgKrnl","10011","정보",,""
"11:26:58.1122723","DxgKrnl","10011","정보",,""
"11:26:58.1123307","DxgKrnl","10011","정보",,""
"11:26:58.1149033","DxgKrnl","10011","정보",,""
"11:26:58.1149662","DxgKrnl","10011","정보",,""
"11:26:58.1197638","DxgKrnl","10011","정보",,""
"11:26:58.1198186","DxgKrnl","10011","정보",,""
"11:26:58.1198201","DxgKrnl","10011","정보",,""
"11:26:58.1199554","DxgKrnl","10011","정보",,""
"11:26:58.1199578","DxgKrnl","10011","정보",,""
"11:26:58.1200041","DxgKrnl","10011","정보",,""
"11:26:58.1200197","DxgKrnl","10011","정보",,""
"11:26:58.1202532","DxgKrnl","10011","정보",,""
"11:26:58.1206657","DxgKrnl","10011","정보",,""
"11:26:58.1207133","DxgKrnl","10011","정보",,""
"11:26:58.1207746","DxgKrnl","10011","정보",,""
"11:26:58.1221339","DxgKrnl","10011","정보",,""
"11:26:58.1221360","DxgKrnl","10011","정보",,""
"11:26:58.1222687","DxgKrnl","10011","정보",,""
"11:26:58.1222698","DxgKrnl","10011","정보",,""
"11:26:58.1231370","DxgKrnl","10011","정보",,""
"11:26:58.1236400","DxgKrnl","10011","정보",,""
"11:26:58.1245325","DxgKrnl","10011","정보",,""
"11:26:58.1245943","DxgKrnl","10011","정보",,""
"11:26:58.1261761","DxgKrnl","10011","정보",,""
"11:26:58.1277511","DxgKrnl","10011","정보",,""
"11:26:58.1277668","DxgKrnl","10011","정보",,""
"11:26:58.1277727","DxgKrnl","10011","정보",,""
"11:26:58.1277734","DxgKrnl","10011","정보",,""
"11:26:58.1280476","DxgKrnl","10011","정보",,""
"11:26:58.1280488","DxgKrnl","10011","정보",,""
"11:26:58.1283298","DxgKrnl","10011","정보",,""
"11:26:58.1283337","DxgKrnl","10011","정보",,""
"11:26:58.1293629","DxgKrnl","10011","정보",,""
"11:26:58.1294238","DxgKrnl","10011","정보",,""
"11:26:58.1314988","DxgKrnl","10011","정보",,""
"11:26:58.1321427","DxgKrnl","10011","정보",,""
"11:26:58.1345412","DxgKrnl","10011","정보",,""
"11:26:58.1345808","DxgKrnl","10011","정보",,""
"11:26:58.1346495","DxgKrnl","10011","정보",,""
"11:26:58.1346553","DxgKrnl","10011","정보",,""
"11:26:58.1346575","DxgKrnl","10011","정보",,""
"11:26:58.1383766","DxgKrnl","10011","정보",,""
"11:26:58.1388160","DxgKrnl","10011","정보",,""
"11:26:58.1416954","DxgKrnl","10011","정보",,""
"11:26:58.1417499","DxgKrnl","10011","정보",,""
"11:26:58.1417968","DxgKrnl","10011","정보",,""
"11:26:58.1420160","DxgKrnl","10011","정보",,""
"11:26:58.1420164","DxgKrnl","10011","정보",,""
"11:26:58.1421666","DxgKrnl","10011","정보",,""
"11:26:58.1423076","DxgKrnl","10011","정보",,""
"11:26:58.1479338","DxgKrnl","10011","정보",,""
"11:26:58.1479691","DxgKrnl","10011","정보",,""
"11:26:58.1479843","DxgKrnl","10011","정보",,""
"11:26:58.1481328","DxgKrnl","10011","정보",,""
"11:26:58.1481370","DxgKrnl","10011","정보",,""
"11:26:58.1486993","DxgKrnl","10011","정보",,""
"11:26:58.1487707","DxgKrnl","10011","정보",,""
"11:26:58.1498587","DxgKrnl","10011","정보",,""
"11:26:58.1499378","DxgKrnl","10011","정보",,""
"11:26:58.1556429","DxgKrnl","10011","정보",,""
"11:26:58.1557095","DxgKrnl","10011","정보",,""
"11:26:58.1602629","DxgKrnl","10011","정보",,""
"11:26:58.1611959","DxgKrnl","10011","정보",,""
"11:26:58.1640181","DxgKrnl","10011","정보",,""
"11:26:58.1652459","DxgKrnl","10011","정보",,""
"11:26:58.1652635","DxgKrnl","10011","정보",,""
"11:26:58.1652705","DxgKrnl","10011","정보",,""
"11:26:58.1652711","DxgKrnl","10011","정보",,""
"11:26:58.1656913","DxgKrnl","10011","정보",,""
"11:26:58.1656928","DxgKrnl","10011","정보",,""
"11:26:58.1659011","DxgKrnl","10011","정보",,""
"11:26:58.1659049","DxgKrnl","10011","정보",,""
"11:26:58.1662967","DxgKrnl","10011","정보",,""
"11:26:58.1670384","DxgKrnl","10011","정보",,""
"11:26:58.1709455","DxgKrnl","10011","정보",,""
"11:26:58.1710121","DxgKrnl","10011","정보",,""
"11:26:58.1761636","DxgKrnl","10011","정보",,""
"11:26:58.1763588","DxgKrnl","10011","정보",,""
"11:26:58.1764257","DxgKrnl","10011","정보",,""
"11:26:58.1764314","DxgKrnl","10011","정보",,""
"11:26:58.1764336","DxgKrnl","10011","정보",,""
"11:26:58.1809329","DxgKrnl","10011","정보",,""
"11:26:58.1810094","DxgKrnl","10011","정보",,""
"11:26:58.1871949","DxgKrnl","10011","정보",,""
"11:26:58.1872641","DxgKrnl","10011","정보",,""
"11:26:58.1873142","DxgKrnl","10011","정보",,""
"11:26:58.1883729","DxgKrnl","10011","정보",,""
"11:26:58.1884253","DxgKrnl","10011","정보",,""
"11:26:58.1884884","DxgKrnl","10011","정보",,""
"11:26:58.1885421","DxgKrnl","10011","정보",,""
"11:26:58.1885429","DxgKrnl","10011","정보",,""
"11:26:58.1885932","DxgKrnl","10011","정보",,""
"11:26:58.1885946","DxgKrnl","10011","정보",,""
"11:26:58.1886440","DxgKrnl","10011","정보",,""
"11:26:58.1886486","DxgKrnl","10011","정보",,""
"11:26:58.1886982","DxgKrnl","10011","정보",,""
"11:26:58.1903284","DxgKrnl","10011","정보",,""
"11:26:58.1903313","DxgKrnl","10011","정보",,""
"11:26:58.1903337","DxgKrnl","10011","정보",,""
"11:26:58.1905588","DxgKrnl","10011","정보",,""
"11:26:58.1905617","DxgKrnl","10011","정보",,""
"11:26:58.1906726","DxgKrnl","10011","정보",,""
"11:26:58.1906746","DxgKrnl","10011","정보",,""
"11:26:58.1906947","DxgKrnl","10011","정보",,""
"11:26:58.1907809","DxgKrnl","10011","정보",,""
"11:26:58.1908765","DxgKrnl","10011","정보",,""
"11:26:58.1909630","DxgKrnl","10011","정보",,""
"11:26:58.1910407","DxgKrnl","10011","정보",,""
"11:26:58.1986989","DxgKrnl","10011","정보",,""
"11:26:58.1987959","DxgKrnl","10011","정보",,""
"11:26:58.1993370","DxgKrnl","10011","정보",,""
"11:26:58.1994037","DxgKrnl","10011","정보",,""
"11:26:58.2000690","DxgKrnl","10011","정보",,""
"11:26:58.2000870","DxgKrnl","10011","정보",,""
"11:26:58.2002477","DxgKrnl","10011","정보",,""
"11:26:58.2002525","DxgKrnl","10011","정보",,""
"11:26:58.2050016","DxgKrnl","10011","정보",,""
"11:26:58.2108947","DxgKrnl","10011","정보",,""
"11:26:58.2227048","DxgKrnl","10011","정보",,""
"11:26:58.2227582","DxgKrnl","10011","정보",,""
"11:26:58.2228558","DxgKrnl","10011","정보",,""
"11:26:58.2250666","DxgKrnl","10011","정보",,""
"11:26:58.2251487","DxgKrnl","10011","정보",,""
"11:26:58.2390973","DxgKrnl","10011","정보",,""
"11:26:58.2391566","DxgKrnl","10011","정보",,""
"11:26:58.2414823","DxgKrnl","10011","정보",,""
"11:26:58.2423188","DxgKrnl","10011","정보",,""
"11:26:58.2438121","DxgKrnl","10011","정보",,""
"11:26:58.2438901","DxgKrnl","10011","정보",,""
"11:26:58.2513545","DxgKrnl","10011","정보",,""
"11:26:58.2514447","DxgKrnl","10011","정보",,""
"11:26:58.2645924","DxgKrnl","10011","정보",,""
"11:26:58.2646593","DxgKrnl","10011","정보",,""
"11:26:58.2803311","DxgKrnl","10011","정보",,""
"11:26:58.2803732","DxgKrnl","10011","정보",,""
"11:26:58.2804458","DxgKrnl","10011","정보",,""
"11:26:58.2804507","DxgKrnl","10011","정보",,""
"11:26:58.2804530","DxgKrnl","10011","정보",,""
"11:26:58.2849988","DxgKrnl","10011","정보",,""
"11:26:58.2850706","DxgKrnl","10011","정보",,""
"11:26:58.2907808","DxgKrnl","10011","정보",,""
"11:26:58.2908480","DxgKrnl","10011","정보",,""
"11:26:58.2908814","DxgKrnl","10011","정보",,""
"11:26:58.2919000","DxgKrnl","10011","정보",,""
"11:26:58.2919501","DxgKrnl","10011","정보",,""
"11:26:58.2920093","DxgKrnl","10011","정보",,""
"11:26:58.2920608","DxgKrnl","10011","정보",,""
"11:26:58.2920616","DxgKrnl","10011","정보",,""
"11:26:58.2921333","DxgKrnl","10011","정보",,""
"11:26:58.2921347","DxgKrnl","10011","정보",,""
"11:26:58.2921842","DxgKrnl","10011","정보",,""
"11:26:58.2921886","DxgKrnl","10011","정보",,""
"11:26:58.2922378","DxgKrnl","10011","정보",,""
"11:26:58.2938624","DxgKrnl","10011","정보",,""
"11:26:58.2938665","DxgKrnl","10011","정보",,""
"11:26:58.2942468","DxgKrnl","10011","정보",,""
"11:26:58.2943567","DxgKrnl","10011","정보",,""
"11:26:58.2943602","DxgKrnl","10011","정보",,""
"11:26:58.2943636","DxgKrnl","10011","정보",,""
"11:26:58.2980149","DxgKrnl","10011","정보",,""
"11:26:58.2981271","DxgKrnl","10011","정보",,""
"11:26:58.2981901","DxgKrnl","10011","정보",,""
"11:26:58.2984699","DxgKrnl","10011","정보",,""
"11:26:58.2986083","DxgKrnl","10011","정보",,""
"11:26:58.3022438","DxgKrnl","10011","정보",,""
"11:26:58.3023332","DxgKrnl","10011","정보",,""
"11:26:58.3064939","DxgKrnl","10011","정보",,""
"11:26:58.3071696","DxgKrnl","10011","정보",,""
"11:26:58.3084840","DxgKrnl","10011","정보",,""
"11:26:58.3085484","DxgKrnl","10011","정보",,""
"11:26:58.3150798","DxgKrnl","10011","정보",,""
"11:26:58.3151460","DxgKrnl","10011","정보",,""
"11:26:58.6533570","DxgKrnl","10011","정보",,""
"11:26:58.6534882","DxgKrnl","10011","정보",,""
"11:26:58.6534899","DxgKrnl","10011","정보",,""
"11:26:58.6535591","DxgKrnl","10011","정보",,""
"11:26:58.6535610","DxgKrnl","10011","정보",,""
"11:26:58.6536584","DxgKrnl","10011","정보",,""
"11:26:58.6536824","DxgKrnl","10011","정보",,""
"11:26:58.6537450","DxgKrnl","10011","정보",,""
"11:27:03.7784134","DxgKrnl","10011","정보",,""
"11:27:03.7785530","DxgKrnl","10011","정보",,""
"11:27:08.5453345","DxgKrnl","10011","정보",,""
"11:27:08.5454244","DxgKrnl","10011","정보",,""
"11:27:08.5469154","DxgKrnl","10011","정보",,""
"11:27:08.5469405","DxgKrnl","10011","정보",,""
"11:27:08.5470109","DxgKrnl","10011","정보",,""
"11:27:08.5470144","DxgKrnl","10011","정보",,""
"11:27:08.5470166","DxgKrnl","10011","정보",,""
"11:27:08.5473781","DxgKrnl","10011","정보",,""
"11:27:08.5474379","DxgKrnl","10011","정보",,""
"11:27:08.8004790","DxgKrnl","10011","정보",,""
"11:27:08.8005335","DxgKrnl","10011","정보",,""
"11:27:08.8190784","DxgKrnl","10011","정보",,""
"11:27:08.8191601","DxgKrnl","10011","정보",,""
"11:27:08.8192133","DxgKrnl","10011","정보",,""
"11:27:08.8206622","DxgKrnl","10011","정보",,""
"11:27:08.8207038","DxgKrnl","10011","정보",,""
"11:27:08.8209395","DxgKrnl","10011","정보",,""
"11:27:08.8209956","DxgKrnl","10011","정보",,""
"11:27:08.8209974","DxgKrnl","10011","정보",,""
"11:27:08.8210368","DxgKrnl","10011","정보",,""
"11:27:08.8229046","DxgKrnl","10011","정보",,""
"11:27:08.8229082","DxgKrnl","10011","정보",,""
"11:27:08.8230319","DxgKrnl","10011","정보",,""
"11:27:08.8230337","DxgKrnl","10011","정보",,""
"11:27:08.8259269","DxgKrnl","10011","정보",,""
"11:27:08.8260505","DxgKrnl","10011","정보",,""
"11:27:08.8261280","DxgKrnl","10011","정보",,""
"11:27:08.8281418","DxgKrnl","10011","정보",,""
"11:27:08.8282074","DxgKrnl","10011","정보",,""
"11:27:08.8282092","DxgKrnl","10011","정보",,""
"11:27:08.8282520","DxgKrnl","10011","정보",,""
"11:27:08.8290835","DxgKrnl","10011","정보",,""
"11:27:08.8291550","DxgKrnl","10011","정보",,""
"11:27:08.8293432","DxgKrnl","10011","정보",,""
"11:27:08.8296163","DxgKrnl","10011","정보",,""
"11:27:08.8319385","DxgKrnl","10011","정보",,""
"11:27:08.8330483","DxgKrnl","10011","정보",,""
"11:27:08.8345179","DxgKrnl","10011","정보",,""
"11:27:08.8345974","DxgKrnl","10011","정보",,""
"11:27:08.8352943","DxgKrnl","10011","정보",,""
"11:27:08.8353601","DxgKrnl","10011","정보",,""
"11:27:08.8354483","DxgKrnl","10011","정보",,""
"11:27:08.8354495","DxgKrnl","10011","정보",,""
"11:27:08.8354501","DxgKrnl","10011","정보",,""
"11:27:08.8359820","DxgKrnl","10011","정보",,""
"11:27:08.8359983","DxgKrnl","10011","정보",,""
"11:27:08.8359997","DxgKrnl","10011","정보",,""
"11:27:08.8360084","DxgKrnl","10011","정보",,""
"11:27:08.8369841","DxgKrnl","10011","정보",,""
"11:27:08.8370385","DxgKrnl","10011","정보",,""
"11:27:08.8376665","DxgKrnl","10011","정보",,""
"11:27:08.8377643","DxgKrnl","10011","정보",,""
"11:27:08.8378252","DxgKrnl","10011","정보",,""
"11:27:08.8382210","DxgKrnl","10011","정보",,""
"11:27:08.8383980","DxgKrnl","10011","정보",,""
"11:27:08.8385549","DxgKrnl","10011","정보",,""
"11:27:08.8386181","DxgKrnl","10011","정보",,""
"11:27:08.8386314","DxgKrnl","10011","정보",,""
"11:27:08.8387611","DxgKrnl","10011","정보",,""
"11:27:08.8387625","DxgKrnl","10011","정보",,""
"11:27:08.8387851","DxgKrnl","10011","정보",,""
"11:27:08.8388426","DxgKrnl","10011","정보",,""
"11:27:08.8391068","DxgKrnl","10011","정보",,""
"11:27:08.8391090","DxgKrnl","10011","정보",,""
"11:27:08.8395985","DxgKrnl","10011","정보",,""
"11:27:08.8403232","DxgKrnl","10011","정보",,""
"11:27:08.8403764","DxgKrnl","10011","정보",,""
"11:27:08.8404297","DxgKrnl","10011","정보",,""
"11:27:08.8406397","DxgKrnl","10011","정보",,""
"11:27:08.8407497","DxgKrnl","10011","정보",,""
"11:27:08.8408071","DxgKrnl","10011","정보",,""
"11:27:08.8413291","DxgKrnl","10011","정보",,""
"11:27:08.8415817","DxgKrnl","10011","정보",,""
"11:27:08.8416507","DxgKrnl","10011","정보",,""
"11:27:08.8417193","DxgKrnl","10011","정보",,""
"11:27:08.8422217","DxgKrnl","10011","정보",,""
"11:27:08.8423667","DxgKrnl","10011","정보",,""
"11:27:08.8423866","DxgKrnl","10011","정보",,""
"11:27:08.8424436","DxgKrnl","10011","정보",,""
"11:27:08.8428808","DxgKrnl","10011","정보",,""
"11:27:08.8429333","DxgKrnl","10011","정보",,""
"11:27:08.8429953","DxgKrnl","10011","정보",,""
"11:27:08.8465973","DxgKrnl","10011","정보",,""
"11:27:08.8466514","DxgKrnl","10011","정보",,""
"11:27:08.8495017","DxgKrnl","10011","정보",,""
"11:27:08.8507755","DxgKrnl","10011","정보",,""
"11:27:08.8511810","DxgKrnl","10011","정보",,""
"11:27:08.8511941","DxgKrnl","10011","정보",,""
"11:27:08.8511990","DxgKrnl","10011","정보",,""
"11:27:08.8511996","DxgKrnl","10011","정보",,""
"11:27:08.8512761","DxgKrnl","10011","정보",,""
"11:27:08.8513943","DxgKrnl","10011","정보",,""
"11:27:08.8524680","DxgKrnl","10011","정보",,""
"11:27:08.8524865","DxgKrnl","10011","정보",,""
"11:27:08.8524921","DxgKrnl","10011","정보",,""
"11:27:08.8525858","DxgKrnl","10011","정보",,""
"11:27:08.8526421","DxgKrnl","10011","정보",,""
"11:27:08.8526470","DxgKrnl","10011","정보",,""
"11:27:08.8526489","DxgKrnl","10011","정보",,""
"11:27:08.8529435","DxgKrnl","10011","정보",,""
"11:27:08.8529962","DxgKrnl","10011","정보",,""
"11:27:08.8627900","DxgKrnl","10011","정보",,""
"11:27:08.8628437","DxgKrnl","10011","정보",,""
"11:27:08.8644936","DxgKrnl","10011","정보",,""
"11:27:08.8645593","DxgKrnl","10011","정보",,""
"11:27:08.8655163","DxgKrnl","10011","정보",,""
"11:27:08.8655530","DxgKrnl","10011","정보",,""
"11:27:08.8656012","DxgKrnl","10011","정보",,""
"11:27:08.8656065","DxgKrnl","10011","정보",,""
"11:27:08.8656095","DxgKrnl","10011","정보",,""
"11:27:08.8660088","DxgKrnl","10011","정보",,""
"11:27:08.8660508","DxgKrnl","10011","정보",,""
"11:27:08.8677069","DxgKrnl","10011","정보",,""
"11:27:08.8677477","DxgKrnl","10011","정보",,""
"11:27:08.8677926","DxgKrnl","10011","정보",,""
"11:27:08.8679885","DxgKrnl","10011","정보",,""
"11:27:08.8680111","DxgKrnl","10011","정보",,""
"11:27:08.8680260","DxgKrnl","10011","정보",,""
"11:27:08.8680663","DxgKrnl","10011","정보",,""
"11:27:08.8681019","DxgKrnl","10011","정보",,""
"11:27:08.8681789","DxgKrnl","10011","정보",,""
"11:27:08.8682697","DxgKrnl","10011","정보",,""
"11:27:08.8682697","DxgKrnl","10011","정보",,""
"11:27:08.8692240","DxgKrnl","10011","정보",,""
"11:27:08.8699677","DxgKrnl","10011","정보",,""
"11:27:08.8715020","DxgKrnl","10011","정보",,""
"11:27:08.8716979","DxgKrnl","10011","정보",,""
"11:27:08.8721250","DxgKrnl","10011","정보",,""
"11:27:08.8726267","DxgKrnl","10011","정보",,""
"11:27:08.8742470","DxgKrnl","10011","정보",,""
"11:27:08.8916929","DxgKrnl","10011","정보",,""
"11:28:03.3284256","DxgKrnl","10011","정보",,""
"11:28:03.3284919","DxgKrnl","10011","정보",,""
"11:28:03.3345945","DxgKrnl","10011","정보",,""
"11:28:03.3346216","DxgKrnl","10011","정보",,""
"11:28:03.3346767","DxgKrnl","10011","정보",,""
"11:28:03.3346818","DxgKrnl","10011","정보",,""
"11:28:03.3346843","DxgKrnl","10011","정보",,""
"11:28:03.3392249","DxgKrnl","10011","정보",,""
"11:28:03.3392750","DxgKrnl","10011","정보",,""
"11:28:03.6157110","DxgKrnl","10011","정보",,""
"11:28:03.6157465","DxgKrnl","10011","정보",,""
"11:28:03.6258815","DxgKrnl","10011","정보",,""
"11:28:03.6260228","DxgKrnl","10011","정보",,""
"11:28:03.6260881","DxgKrnl","10011","정보",,""
"11:28:03.6273704","DxgKrnl","10011","정보",,""
"11:28:03.6274368","DxgKrnl","10011","정보",,""
"11:28:03.6277409","DxgKrnl","10011","정보",,""
"11:28:03.6278057","DxgKrnl","10011","정보",,""
"11:28:03.6278066","DxgKrnl","10011","정보",,""
"11:28:03.6278712","DxgKrnl","10011","정보",,""
"11:28:03.6278728","DxgKrnl","10011","정보",,""
"11:28:03.6279281","DxgKrnl","10011","정보",,""
"11:28:03.6279344","DxgKrnl","10011","정보",,""
"11:28:03.6279907","DxgKrnl","10011","정보",,""
"11:28:03.6300154","DxgKrnl","10011","정보",,""
"11:28:03.6300421","DxgKrnl","10011","정보",,""
"11:28:03.6301638","DxgKrnl","10011","정보",,""
"11:28:03.6302772","DxgKrnl","10011","정보",,""
"11:28:03.6303703","DxgKrnl","10011","정보",,""
"11:28:03.6303762","DxgKrnl","10011","정보",,""
"11:28:03.6314804","DxgKrnl","10011","정보",,""
"11:28:03.6316064","DxgKrnl","10011","정보",,""
"11:28:03.6317131","DxgKrnl","10011","정보",,""
"11:28:03.6323334","DxgKrnl","10011","정보",,""
"11:28:03.6324086","DxgKrnl","10011","정보",,""
"11:28:03.6324901","DxgKrnl","10011","정보",,""
"11:28:03.6336892","DxgKrnl","10011","정보",,""
"11:28:03.6337624","DxgKrnl","10011","정보",,""
"11:28:03.6337747","DxgKrnl","10011","정보",,""
"11:28:03.6338510","DxgKrnl","10011","정보",,""
"11:28:03.6338518","DxgKrnl","10011","정보",,""
"11:28:03.6339137","DxgKrnl","10011","정보",,""
"11:28:03.6339150","DxgKrnl","10011","정보",,""
"11:28:03.6339702","DxgKrnl","10011","정보",,""
"11:28:03.6339761","DxgKrnl","10011","정보",,""
"11:28:03.6340326","DxgKrnl","10011","정보",,""
"11:28:03.6346698","DxgKrnl","10011","정보",,""
"11:28:03.6347357","DxgKrnl","10011","정보",,""
"11:28:03.6349503","DxgKrnl","10011","정보",,""
"11:28:03.6349858","DxgKrnl","10011","정보",,""
"11:28:03.6352108","DxgKrnl","10011","정보",,""
"11:28:03.6352216","DxgKrnl","10011","정보",,""
"11:28:03.6352321","DxgKrnl","10011","정보",,""
"11:28:03.6354714","DxgKrnl","10011","정보",,""
"11:28:03.6354732","DxgKrnl","10011","정보",,""
"11:28:03.6354765","DxgKrnl","10011","정보",,""
"11:28:03.6354769","DxgKrnl","10011","정보",,""
"11:28:03.6363420","DxgKrnl","10011","정보",,""
"11:28:03.6363931","DxgKrnl","10011","정보",,""
"11:28:03.6364633","DxgKrnl","10011","정보",,""
"11:28:03.6364948","DxgKrnl","10011","정보",,""
"11:28:03.6366124","DxgKrnl","10011","정보",,""
"11:28:03.6386637","DxgKrnl","10011","정보",,""
"11:28:03.6395942","DxgKrnl","10011","정보",,""
"11:28:03.6396627","DxgKrnl","10011","정보",,""
"11:28:03.6397158","DxgKrnl","10011","정보",,""
"11:28:03.6397917","DxgKrnl","10011","정보",,""
"11:28:03.6407600","DxgKrnl","10011","정보",,""
"11:28:03.6408299","DxgKrnl","10011","정보",,""
"11:28:03.6413514","DxgKrnl","10011","정보",,""
"11:28:03.6414215","DxgKrnl","10011","정보",,""
"11:28:03.6460913","DxgKrnl","10011","정보",,""
"11:28:03.6461485","DxgKrnl","10011","정보",,""
"11:28:03.6461682","DxgKrnl","10011","정보",,""
"11:28:03.6472585","DxgKrnl","10011","정보",,""
"11:28:03.6472733","DxgKrnl","10011","정보",,""
"11:28:03.6473117","DxgKrnl","10011","정보",,""
"11:28:03.6473174","DxgKrnl","10011","정보",,""
"11:28:03.6476002","DxgKrnl","10011","정보",,""
"11:28:03.6476011","DxgKrnl","10011","정보",,""
"11:28:03.6485077","DxgKrnl","10011","정보",,""
"11:28:03.6485524","DxgKrnl","10011","정보",,""
"11:28:03.6485692","DxgKrnl","10011","정보",,""
"11:28:03.6485779","DxgKrnl","10011","정보",,""
"11:28:03.6486564","DxgKrnl","10011","정보",,""
"11:28:03.6488616","DxgKrnl","10011","정보",,""
"11:28:03.6489465","DxgKrnl","10011","정보",,""
"11:28:03.6489465","DxgKrnl","10011","정보",,""
"11:28:03.6489485","DxgKrnl","10011","정보",,""
"11:28:03.6489541","DxgKrnl","10011","정보",,""
"11:28:03.6537950","DxgKrnl","10011","정보",,""
"11:28:03.6543074","DxgKrnl","10011","정보",,""
"11:28:03.6552053","DxgKrnl","10011","정보",,""
"11:28:03.6552892","DxgKrnl","10011","정보",,""
"11:28:03.6554071","DxgKrnl","10011","정보",,""
"11:28:03.6554074","DxgKrnl","10011","정보",,""
"11:28:03.6554102","DxgKrnl","10011","정보",,""
"11:28:03.6555582","DxgKrnl","10011","정보",,""
"11:28:03.6555600","DxgKrnl","10011","정보",,""
"11:28:03.6555609","DxgKrnl","10011","정보",,""
"11:28:03.6557415","DxgKrnl","10011","정보",,""
"11:28:03.6557428","DxgKrnl","10011","정보",,""
"11:28:03.6606053","DxgKrnl","10011","정보",,""
"11:28:03.6608736","DxgKrnl","10011","정보",,""
"11:28:03.6608775","DxgKrnl","10011","정보",,""
"11:28:03.6610749","DxgKrnl","10011","정보",,""
"11:28:03.6610808","DxgKrnl","10011","정보",,""
"11:28:03.6617649","DxgKrnl","10011","정보",,""
"11:28:03.6618338","DxgKrnl","10011","정보",,""
"11:28:03.6619011","DxgKrnl","10011","정보",,""
"11:28:03.6625045","DxgKrnl","10011","정보",,""
"11:28:03.6625750","DxgKrnl","10011","정보",,""
"11:28:03.6674971","DxgKrnl","10011","정보",,""
"11:28:03.6676833","DxgKrnl","10011","정보",,""
"11:28:03.6677008","DxgKrnl","10011","정보",,""
"11:28:03.6677648","DxgKrnl","10011","정보",,""
"11:28:03.6682007","DxgKrnl","10011","정보",,""
"11:28:03.6683141","DxgKrnl","10011","정보",,""
"11:28:03.6683885","DxgKrnl","10011","정보",,""
"11:28:03.6736295","DxgKrnl","10011","정보",,""
"11:28:03.6736344","DxgKrnl","10011","정보",,""
"11:28:03.6737736","DxgKrnl","10011","정보",,""
"11:28:03.6737772","DxgKrnl","10011","정보",,""
"11:28:03.6754991","DxgKrnl","10011","정보",,""
"11:28:03.6755753","DxgKrnl","10011","정보",,""
"11:28:03.6776451","DxgKrnl","10011","정보",,""
"11:28:03.6783194","DxgKrnl","10011","정보",,""
"11:28:03.6809010","DxgKrnl","10011","정보",,""
"11:28:03.6825071","DxgKrnl","10011","정보",,""
"11:28:03.6825245","DxgKrnl","10011","정보",,""
"11:28:03.6825297","DxgKrnl","10011","정보",,""
"11:28:03.6825305","DxgKrnl","10011","정보",,""
"11:28:03.6826992","DxgKrnl","10011","정보",,""
"11:28:03.6827232","DxgKrnl","10011","정보",,""
"11:28:03.6828913","DxgKrnl","10011","정보",,""
"11:28:03.6828929","DxgKrnl","10011","정보",,""
"11:28:03.6879674","DxgKrnl","10011","정보",,""
"11:28:03.6880386","DxgKrnl","10011","정보",,""
"11:28:03.6936628","DxgKrnl","10011","정보",,""
"11:28:03.6940801","DxgKrnl","10011","정보",,""
"11:28:03.6943696","DxgKrnl","10011","정보",,""
"11:28:03.6944283","DxgKrnl","10011","정보",,""
"11:28:03.6944327","DxgKrnl","10011","정보",,""
"11:28:03.6944350","DxgKrnl","10011","정보",,""
"11:28:03.6988755","DxgKrnl","10011","정보",,""
"11:28:03.6988760","DxgKrnl","10011","정보",,""
"11:28:03.6989325","DxgKrnl","10011","정보",,""
"11:28:03.7051192","DxgKrnl","10011","정보",,""
"11:28:03.7051820","DxgKrnl","10011","정보",,""
"11:28:03.7052378","DxgKrnl","10011","정보",,""
"11:28:03.7062610","DxgKrnl","10011","정보",,""
"11:28:03.7063096","DxgKrnl","10011","정보",,""
"11:28:03.7063791","DxgKrnl","10011","정보",,""
"11:28:03.7064310","DxgKrnl","10011","정보",,""
"11:28:03.7064318","DxgKrnl","10011","정보",,""
"11:28:03.7064844","DxgKrnl","10011","정보",,""
"11:28:03.7064859","DxgKrnl","10011","정보",,""
"11:28:03.7065355","DxgKrnl","10011","정보",,""
"11:28:03.7065402","DxgKrnl","10011","정보",,""
"11:28:03.7065885","DxgKrnl","10011","정보",,""
"11:28:03.7082496","DxgKrnl","10011","정보",,""
"11:28:03.7082507","DxgKrnl","10011","정보",,""
"11:28:03.7082549","DxgKrnl","10011","정보",,""
"11:28:03.7082608","DxgKrnl","10011","정보",,""
"11:28:03.7082823","DxgKrnl","10011","정보",,""
"11:28:03.7082829","DxgKrnl","10011","정보",,""
"11:28:03.7082842","DxgKrnl","10011","정보",,""
"11:28:03.7083026","DxgKrnl","10011","정보",,""
"11:28:03.7093952","DxgKrnl","10011","정보",,""
"11:28:03.7094740","DxgKrnl","10011","정보",,""
"11:28:03.7094767","DxgKrnl","10011","정보",,""
"11:28:03.7094789","DxgKrnl","10011","정보",,""
"11:28:03.7094817","DxgKrnl","10011","정보",,""
"11:28:03.7094861","DxgKrnl","10011","정보",,""
"11:28:03.7094989","DxgKrnl","10011","정보",,""
"11:28:03.7096259","DxgKrnl","10011","정보",,""
"11:28:03.7147841","DxgKrnl","10011","정보",,""
"11:28:03.7148489","DxgKrnl","10011","정보",,""
"11:28:03.7154149","DxgKrnl","10011","정보",,""
"11:28:03.7163673","DxgKrnl","10011","정보",,""
"11:28:03.7164555","DxgKrnl","10011","정보",,""
"11:28:03.7222787","DxgKrnl","10011","정보",,""
"11:28:03.7241011","DxgKrnl","10011","정보",,""
"11:28:03.7241272","DxgKrnl","10011","정보",,""
"11:28:03.7241349","DxgKrnl","10011","정보",,""
"11:28:03.7241361","DxgKrnl","10011","정보",,""
"11:28:03.7242885","DxgKrnl","10011","정보",,""
"11:28:03.7242924","DxgKrnl","10011","정보",,""
"11:28:03.7245729","DxgKrnl","10011","정보",,""
"11:28:03.7245763","DxgKrnl","10011","정보",,""
"11:28:03.7247089","DxgKrnl","10011","정보",,""
"11:28:03.7266297","DxgKrnl","10011","정보",,""
"11:28:03.7266308","DxgKrnl","10011","정보",,""
"11:28:03.7266401","DxgKrnl","10011","정보",,""
"11:28:03.7269253","DxgKrnl","10011","정보",,""
"11:28:03.7269274","DxgKrnl","10011","정보",,""
"11:28:03.7269287","DxgKrnl","10011","정보",,""
"11:28:03.7278945","DxgKrnl","10011","정보",,""
"11:28:03.7280359","DxgKrnl","10011","정보",,""
"11:28:03.7437618","DxgKrnl","10011","정보",,""
"11:28:03.7437888","DxgKrnl","10011","정보",,""
"11:28:03.7441039","DxgKrnl","10011","정보",,""
"11:28:03.7441046","DxgKrnl","10011","정보",,""
"11:28:03.7530217","DxgKrnl","10011","정보",,""
"11:28:03.7620875","DxgKrnl","10011","정보",,""
"11:28:03.8142418","DxgKrnl","10011","정보",,""
"11:28:03.8142423","DxgKrnl","10011","정보",,""
"11:28:03.8143143","Kernel-PnP","220","시작",,"Begin querying bus relations for device PCI\VEN_1002&DEV_7550&SUBSYS_E4891DA2&REV_C0\6&8916a45&0&00000009"
"11:28:03.9156683","DxgKrnl","10011","정보",,""
"11:28:03.9157702","Kernel-PnP","222","시작",,"End querying bus relations for device PCI\VEN_1002&DEV_7550&SUBSYS_E4891DA2&REV_C0\6&8916a45&0&00000009"
"11:28:03.9160152","Kernel-PnP","1010","시작",,"버스에 누락 된 것으로 보고 된 장치 DISPLAY\SAM79DF\7&16b8ddb4&0&UID256이 (가) 제거 되었습니다. 제거 된 장치 수 | 개수: 1"
"11:28:03.9165070","Kernel-PnP","220","시작",,"Begin querying bus relations for device SWD\DRIVERENUM\AMDCP&7&16b8ddb4&0"
"11:28:03.9165112","Kernel-PnP","222","시작",,"End querying bus relations for device SWD\DRIVERENUM\AMDCP&7&16b8ddb4&0"
"11:28:03.9166536","Kernel-PnP","220","시작",,"Begin querying bus relations for device SWD\DRIVERENUM\AMDFDANS&7&16b8ddb4&0"
"11:28:03.9166562","Kernel-PnP","222","시작",,"End querying bus relations for device SWD\DRIVERENUM\AMDFDANS&7&16b8ddb4&0"
"11:28:03.9167305","Kernel-PnP","220","시작",,"Begin querying bus relations for device SWD\DRIVERENUM\AMDOCL&7&16b8ddb4&0"
"11:28:03.9167325","Kernel-PnP","222","시작",,"End querying bus relations for device SWD\DRIVERENUM\AMDOCL&7&16b8ddb4&0"
"11:28:03.9167633","Kernel-PnP","220","시작",,"Begin querying bus relations for device SWD\DRIVERENUM\AMDOGL&7&16b8ddb4&0"
"11:28:03.9167658","Kernel-PnP","222","시작",,"End querying bus relations for device SWD\DRIVERENUM\AMDOGL&7&16b8ddb4&0"
"11:28:03.9167755","Kernel-PnP","220","시작",,"Begin querying bus relations for device SWD\DRIVERENUM\AMDVLK&7&16b8ddb4&0"
"11:28:03.9167764","Kernel-PnP","222","시작",,"End querying bus relations for device SWD\DRIVERENUM\AMDVLK&7&16b8ddb4&0"
"11:28:03.9168256","Kernel-PnP","220","시작",,"Begin querying bus relations for device SWD\DRIVERENUM\AMDWIN&7&16b8ddb4&0"
"11:28:03.9168266","Kernel-PnP","222","시작",,"End querying bus relations for device SWD\DRIVERENUM\AMDWIN&7&16b8ddb4&0"
"11:28:03.9168326","Kernel-PnP","220","시작",,"Begin querying bus relations for device DISPLAY\BBC0104\7&16b8ddb4&0&UID265"
"11:28:03.9168386","Kernel-PnP","222","시작",,"End querying bus relations for device DISPLAY\BBC0104\7&16b8ddb4&0&UID265"
"11:28:03.9168481","Kernel-PnP","220","시작",,"Begin querying bus relations for device DISPLAY\SAM7B0C\7&16b8ddb4&0&UID260"
"11:28:03.9168509","Kernel-PnP","222","시작",,"End querying bus relations for device DISPLAY\SAM7B0C\7&16b8ddb4&0&UID260"
"11:28:03.9169932","Kernel-PnP","220","시작",,"Begin querying bus relations for device PCI\VEN_1002&DEV_7550&SUBSYS_E4891DA2&REV_C0\6&8916a45&0&00000009"
"11:28:04.0168063","DxgKrnl","10011","정보",,""
"11:28:04.0168837","DxgKrnl","10011","정보",,""
"11:28:04.0168932","DxgKrnl","10011","정보",,""
"11:28:04.0168935","Kernel-PnP","222","시작",,"End querying bus relations for device PCI\VEN_1002&DEV_7550&SUBSYS_E4891DA2&REV_C0\6&8916a45&0&00000009"
"11:28:04.0171695","DxgKrnl","10011","정보",,""
"11:28:04.0171798","DxgKrnl","10011","정보",,""
"11:28:04.0171869","Kernel-PnP","1010","시작",,"버스에 누락 된 것으로 보고 된 장치 DISPLAY\SAM7B0C\7&16b8ddb4&0&UID260이 (가) 제거 되었습니다. 제거 된 장치 수 | 개수: 1"
"11:28:04.0171951","DxgKrnl","10011","정보",,""
"11:28:04.0174226","DxgKrnl","10011","정보",,""
"11:28:04.0178949","Kernel-PnP","220","시작",,"Begin querying bus relations for device SWD\DRIVERENUM\AMDCP&7&16b8ddb4&0"
"11:28:04.0178981","Kernel-PnP","222","시작",,"End querying bus relations for device SWD\DRIVERENUM\AMDCP&7&16b8ddb4&0"
"11:28:04.0179112","Kernel-PnP","220","시작",,"Begin querying bus relations for device SWD\DRIVERENUM\AMDFDANS&7&16b8ddb4&0"
"11:28:04.0179125","Kernel-PnP","222","시작",,"End querying bus relations for device SWD\DRIVERENUM\AMDFDANS&7&16b8ddb4&0"
"11:28:04.0179197","Kernel-PnP","220","시작",,"Begin querying bus relations for device SWD\DRIVERENUM\AMDOCL&7&16b8ddb4&0"
"11:28:04.0179210","Kernel-PnP","222","시작",,"End querying bus relations for device SWD\DRIVERENUM\AMDOCL&7&16b8ddb4&0"
"11:28:04.0179278","Kernel-PnP","220","시작",,"Begin querying bus relations for device SWD\DRIVERENUM\AMDOGL&7&16b8ddb4&0"
"11:28:04.0179288","Kernel-PnP","222","시작",,"End querying bus relations for device SWD\DRIVERENUM\AMDOGL&7&16b8ddb4&0"
"11:28:04.0179346","Kernel-PnP","220","시작",,"Begin querying bus relations for device SWD\DRIVERENUM\AMDVLK&7&16b8ddb4&0"
"11:28:04.0179357","Kernel-PnP","222","시작",,"End querying bus relations for device SWD\DRIVERENUM\AMDVLK&7&16b8ddb4&0"
"11:28:04.0179427","Kernel-PnP","220","시작",,"Begin querying bus relations for device SWD\DRIVERENUM\AMDWIN&7&16b8ddb4&0"
"11:28:04.0179438","Kernel-PnP","222","시작",,"End querying bus relations for device SWD\DRIVERENUM\AMDWIN&7&16b8ddb4&0"
"11:28:04.0179505","Kernel-PnP","220","시작",,"Begin querying bus relations for device DISPLAY\BBC0104\7&16b8ddb4&0&UID265"
"11:28:04.0179561","Kernel-PnP","222","시작",,"End querying bus relations for device DISPLAY\BBC0104\7&16b8ddb4&0&UID265"
"11:28:04.0387985","DxgKrnl","10011","정보",,""
"11:28:04.0387988","DxgKrnl","10011","정보",,""
"11:28:04.0399552","DxgKrnl","10011","정보",,""
"11:28:04.0400359","DxgKrnl","10011","정보",,""
"11:28:04.0403728","DxgKrnl","10011","정보",,""
"11:28:04.0404402","DxgKrnl","10011","정보",,""
"11:28:04.0473539","DxgKrnl","10011","정보",,""
"11:28:04.0474174","DxgKrnl","10011","정보",,""
"11:28:04.0490918","DxgKrnl","10011","정보",,""
"11:28:04.0491652","DxgKrnl","10011","정보",,""
"11:28:04.0497079","DxgKrnl","10011","정보",,""
"11:28:04.0724698","DxgKrnl","10011","정보",,""
"11:28:04.1044584","DxgKrnl","10011","정보",,""
"11:28:04.1045301","DxgKrnl","10011","정보",,""
"11:28:04.1063525","DxgKrnl","10011","정보",,""
"11:28:04.1063709","DxgKrnl","10011","정보",,""
"11:28:04.1064385","DxgKrnl","10011","정보",,""
"11:28:04.1064426","DxgKrnl","10011","정보",,""
"11:28:04.1064446","DxgKrnl","10011","정보",,""
"11:28:04.1067924","DxgKrnl","10011","정보",,""
"11:28:04.1068574","DxgKrnl","10011","정보",,""
"11:28:04.1520607","DxgKrnl","10011","정보",,""
"11:28:04.1600494","DxgKrnl","10011","정보",,""
"11:28:04.1601446","DxgKrnl","10011","정보",,""
"11:28:04.1601837","DxgKrnl","10011","정보",,""
"11:28:04.1604109","DxgKrnl","10011","정보",,""
"11:28:04.1604468","DxgKrnl","10011","정보",,""
"11:28:04.1606335","DxgKrnl","10011","정보",,""
"11:28:04.1606825","DxgKrnl","10011","정보",,""
"11:28:04.1606841","DxgKrnl","10011","정보",,""
"11:28:04.1607226","DxgKrnl","10011","정보",,""
"11:28:04.1629659","DxgKrnl","10011","정보",,""
"11:28:04.1630120","DxgKrnl","10011","정보",,""
"11:28:04.1630209","DxgKrnl","10011","정보",,""
"11:28:04.1631457","DxgKrnl","10011","정보",,""
"11:28:04.1631529","DxgKrnl","10011","정보",,""
"11:28:04.1632233","DxgKrnl","10011","정보",,""
"11:28:04.1632810","DxgKrnl","10011","정보",,""
"11:28:04.1676443","DxgKrnl","10011","정보",,""
"11:28:04.1676728","DxgKrnl","10011","정보",,""
"11:28:04.1677725","DxgKrnl","10011","정보",,""
"11:28:04.1706885","DxgKrnl","10011","정보",,""
"11:28:04.1707422","DxgKrnl","10011","정보",,""
"11:28:04.1711031","DxgKrnl","10011","정보",,""
"11:28:04.1711195","DxgKrnl","10011","정보",,""
"11:28:04.1711702","DxgKrnl","10011","정보",,""
"11:28:04.1711948","DxgKrnl","10011","정보",,""
"11:28:04.1712431","DxgKrnl","10011","정보",,""
"11:28:04.1717967","DxgKrnl","10011","정보",,""
"11:28:04.1718946","DxgKrnl","10011","정보",,""
"11:28:04.1719105","DxgKrnl","10011","정보",,""
"11:28:04.1719148","DxgKrnl","10011","정보",,""
"11:28:04.1719973","DxgKrnl","10011","정보",,""
"11:28:04.1720583","DxgKrnl","10011","정보",,""
"11:28:04.1721046","DxgKrnl","10011","정보",,""
"11:28:04.1729066","DxgKrnl","10011","정보",,""
"11:28:04.1729664","DxgKrnl","10011","정보",,""
"11:28:04.1733011","DxgKrnl","10011","정보",,""
"11:28:04.1734037","DxgKrnl","10011","정보",,""
"11:28:04.1734635","DxgKrnl","10011","정보",,""
"11:28:04.1737175","DxgKrnl","10011","정보",,""
"11:28:04.1737477","DxgKrnl","10011","정보",,""
"11:28:04.1738157","DxgKrnl","10011","정보",,""
"11:28:04.1738440","DxgKrnl","10011","정보",,""
"11:28:04.1738921","DxgKrnl","10011","정보",,""
"11:28:04.1763445","DxgKrnl","10011","정보",,""
"11:28:04.1763967","DxgKrnl","10011","정보",,""
"11:28:04.1767753","DxgKrnl","10011","정보",,""
"11:28:04.1767903","DxgKrnl","10011","정보",,""
"11:28:04.1776818","DxgKrnl","10011","정보",,""
"11:28:04.1781149","DxgKrnl","10011","정보",,""
"11:28:04.1781282","DxgKrnl","10011","정보",,""
"11:28:04.1781350","DxgKrnl","10011","정보",,""
"11:28:04.1781357","DxgKrnl","10011","정보",,""
"11:28:04.1782783","DxgKrnl","10011","정보",,""
"11:28:04.1782825","DxgKrnl","10011","정보",,""
"11:28:04.1783848","DxgKrnl","10011","정보",,""
"11:28:04.1784268","DxgKrnl","10011","정보",,""
"11:28:04.1785554","DxgKrnl","10011","정보",,""
"11:28:04.1785560","DxgKrnl","10011","정보",,""
"11:28:04.1797471","DxgKrnl","10011","정보",,""
"11:28:04.1798036","DxgKrnl","10011","정보",,""
"11:28:04.1881632","DxgKrnl","10011","정보",,""
"11:28:04.1882454","DxgKrnl","10011","정보",,""
"11:28:04.1897923","DxgKrnl","10011","정보",,""
"11:28:04.1898627","DxgKrnl","10011","정보",,""
"11:28:04.1928392","DxgKrnl","10011","정보",,""
"11:28:04.1928945","DxgKrnl","10011","정보",,""
"11:28:04.2708383","DxgKrnl","10011","정보",,""
"11:28:04.2715746","DxgKrnl","10011","정보",,""
"11:28:04.3235548","DxgKrnl","10011","정보",,""
"11:28:04.3236191","DxgKrnl","10011","정보",,""
"11:28:04.3236205","DxgKrnl","10011","정보",,""
"11:28:04.3236633","DxgKrnl","10011","정보",,""
"11:28:04.3244779","DxgKrnl","10011","정보",,""
"11:28:04.3245458","DxgKrnl","10011","정보",,""
"11:28:04.3301276","DxgKrnl","10011","정보",,""
"11:28:04.3302069","DxgKrnl","10011","정보",,""
"11:28:04.3337497","DxgKrnl","10011","정보",,""
"11:28:04.3338172","DxgKrnl","10011","정보",,""
"11:28:04.3358896","DxgKrnl","10011","정보",,""
"11:28:04.3359641","DxgKrnl","10011","정보",,""
"11:28:04.3375611","DxgKrnl","10011","정보",,""
"11:28:04.3376163","DxgKrnl","10011","정보",,""
"11:28:05.7610368","DxgKrnl","10011","정보",,""
"11:28:05.7630846","DxgKrnl","10011","정보",,""
"11:28:05.7630873","DxgKrnl","10011","정보",,""
"11:28:05.8608656","Kernel-PnP","220","시작",,"Begin querying bus relations for device PCI\VEN_1002&DEV_7550&SUBSYS_E4891DA2&REV_C0\6&8916a45&0&00000009"
"11:28:05.8611077","DxgKrnl","10011","정보",,""
"11:28:05.8611115","DxgKrnl","10011","정보",,""
"11:28:05.8611140","DxgKrnl","10011","정보",,""
"11:28:05.8611896","DxgKrnl","10011","정보",,""
"11:28:05.8612465","DxgKrnl","10011","정보",,""
"11:28:05.8618634","DxgKrnl","10011","정보",,""
"11:28:05.8619369","DxgKrnl","10011","정보",,""
"11:28:05.8623313","DxgKrnl","10011","정보",,""
"11:28:05.8624005","DxgKrnl","10011","정보",,""
"11:28:05.8630789","DxgKrnl","10011","정보",,""
"11:28:05.8631384","DxgKrnl","10011","정보",,""
"11:28:05.8651659","Kernel-PnP","222","시작",,"End querying bus relations for device PCI\VEN_1002&DEV_7550&SUBSYS_E4891DA2&REV_C0\6&8916a45&0&00000009"
"11:28:05.8652431","Kernel-PnP","220","시작",,"Begin querying bus relations for device SWD\DRIVERENUM\AMDCP&7&16b8ddb4&0"
"11:28:05.8652445","Kernel-PnP","222","시작",,"End querying bus relations for device SWD\DRIVERENUM\AMDCP&7&16b8ddb4&0"
"11:28:05.8652516","Kernel-PnP","220","시작",,"Begin querying bus relations for device SWD\DRIVERENUM\AMDFDANS&7&16b8ddb4&0"
"11:28:05.8652526","Kernel-PnP","222","시작",,"End querying bus relations for device SWD\DRIVERENUM\AMDFDANS&7&16b8ddb4&0"
"11:28:05.8652576","Kernel-PnP","220","시작",,"Begin querying bus relations for device SWD\DRIVERENUM\AMDOCL&7&16b8ddb4&0"
"11:28:05.8652586","Kernel-PnP","222","시작",,"End querying bus relations for device SWD\DRIVERENUM\AMDOCL&7&16b8ddb4&0"
"11:28:05.8652692","Kernel-PnP","220","시작",,"Begin querying bus relations for device SWD\DRIVERENUM\AMDOGL&7&16b8ddb4&0"
"11:28:05.8652700","Kernel-PnP","222","시작",,"End querying bus relations for device SWD\DRIVERENUM\AMDOGL&7&16b8ddb4&0"
"11:28:05.8652751","Kernel-PnP","220","시작",,"Begin querying bus relations for device SWD\DRIVERENUM\AMDVLK&7&16b8ddb4&0"
"11:28:05.8652758","Kernel-PnP","222","시작",,"End querying bus relations for device SWD\DRIVERENUM\AMDVLK&7&16b8ddb4&0"
"11:28:05.8652812","Kernel-PnP","220","시작",,"Begin querying bus relations for device SWD\DRIVERENUM\AMDWIN&7&16b8ddb4&0"
"11:28:05.8652821","Kernel-PnP","222","시작",,"End querying bus relations for device SWD\DRIVERENUM\AMDWIN&7&16b8ddb4&0"
"11:28:05.8652877","Kernel-PnP","220","시작",,"Begin querying bus relations for device DISPLAY\BBC0104\7&16b8ddb4&0&UID265"
"11:28:05.8652931","Kernel-PnP","222","시작",,"End querying bus relations for device DISPLAY\BBC0104\7&16b8ddb4&0&UID265"
"11:28:05.8655959","DxgKrnl","10011","정보",,""
"11:28:05.8656284","DxgKrnl","10011","정보",,""
"11:28:05.8657425","DxgKrnl","10011","정보",,""
"11:28:05.8657473","DxgKrnl","10011","정보",,""
"11:28:05.8657496","DxgKrnl","10011","정보",,""
"11:28:05.8662611","DxgKrnl","10011","정보",,""
"11:28:05.8663114","DxgKrnl","10011","정보",,""
"11:28:05.8666253","Kernel-PnP","808","시작",,"End device add, status (STATUS_SUCCESS)"
"11:28:05.8669131","Kernel-PnP","220","시작",,"Begin querying bus relations for device DISPLAY\SAM79DF\7&16b8ddb4&0&UID256"
"11:28:05.8669164","Kernel-PnP","222","시작",,"End querying bus relations for device DISPLAY\SAM79DF\7&16b8ddb4&0&UID256"
"11:28:05.8671135","DxgKrnl","10011","정보",,""
"11:28:06.1019356","DxgKrnl","10011","정보",,""
"11:28:06.1103475","DxgKrnl","10011","정보",,""
"11:28:06.1104596","DxgKrnl","10011","정보",,""
"11:28:06.1105488","DxgKrnl","10011","정보",,""
"11:28:06.1113115","DxgKrnl","10011","정보",,""
"11:28:06.1113442","DxgKrnl","10011","정보",,""
"11:28:06.1114018","DxgKrnl","10011","정보",,""
"11:28:06.1114335","DxgKrnl","10011","정보",,""
"11:28:06.1114351","DxgKrnl","10011","정보",,""
"11:28:06.1114651","DxgKrnl","10011","정보",,""
"11:28:06.1129761","DxgKrnl","10011","정보",,""
"11:28:06.1131244","DxgKrnl","10011","정보",,""
"11:28:06.1160374","DxgKrnl","10011","정보",,""
"11:28:06.1166998","DxgKrnl","10011","정보",,""
"11:28:06.1167428","DxgKrnl","10011","정보",,""
"11:28:06.1190012","DxgKrnl","10011","정보",,""
"11:28:06.1190393","DxgKrnl","10011","정보",,""
"11:28:06.1192507","DxgKrnl","10011","정보",,""
"11:28:06.1193676","DxgKrnl","10011","정보",,""
"11:28:06.1214211","DxgKrnl","10011","정보",,""
"11:28:06.1214880","DxgKrnl","10011","정보",,""
"11:28:06.1215375","DxgKrnl","10011","정보",,""
"11:28:06.1221914","DxgKrnl","10011","정보",,""
"11:28:06.1222284","DxgKrnl","10011","정보",,""
"11:28:06.1226663","DxgKrnl","10011","정보",,""
"11:28:06.1227081","DxgKrnl","10011","정보",,""
"11:28:06.1229289","DxgKrnl","10011","정보",,""
"11:28:06.1229689","DxgKrnl","10011","정보",,""
"11:28:06.1238945","DxgKrnl","10011","정보",,""
"11:28:06.1239092","DxgKrnl","10011","정보",,""
"11:28:06.1239101","DxgKrnl","10011","정보",,""
"11:28:06.1240684","DxgKrnl","10011","정보",,""
"11:28:06.1240701","DxgKrnl","10011","정보",,""
"11:28:06.1241733","DxgKrnl","10011","정보",,""
"11:28:06.1243412","DxgKrnl","10011","정보",,""
"11:28:06.1243848","DxgKrnl","10011","정보",,""
"11:28:06.1246120","DxgKrnl","10011","정보",,""
"11:28:06.1246622","DxgKrnl","10011","정보",,""
"11:28:06.1247025","DxgKrnl","10011","정보",,""
"11:28:06.1267739","DxgKrnl","10011","정보",,""
"11:28:06.1268135","DxgKrnl","10011","정보",,""
"11:28:06.1298549","DxgKrnl","10011","정보",,""
"11:28:06.1302560","DxgKrnl","10011","정보",,""
"11:28:06.1302678","DxgKrnl","10011","정보",,""
"11:28:06.1302727","DxgKrnl","10011","정보",,""
"11:28:06.1302734","DxgKrnl","10011","정보",,""
"11:28:06.1305330","DxgKrnl","10011","정보",,""
"11:28:06.1305507","DxgKrnl","10011","정보",,""
"11:28:06.1306126","DxgKrnl","10011","정보",,""
"11:28:06.1306366","DxgKrnl","10011","정보",,""
"11:28:06.1306839","DxgKrnl","10011","정보",,""
"11:28:06.1306882","DxgKrnl","10011","정보",,""
"11:28:06.1312449","DxgKrnl","10011","정보",,""
"11:28:06.1318412","DxgKrnl","10011","정보",,""
"11:28:06.1319803","DxgKrnl","10011","정보",,""
"11:28:06.1320193","DxgKrnl","10011","정보",,""
"11:28:06.1357079","DxgKrnl","10011","정보",,""
"11:28:06.1357546","DxgKrnl","10011","정보",,""
"11:28:06.1357940","DxgKrnl","10011","정보",,""
"11:28:06.1357979","DxgKrnl","10011","정보",,""
"11:28:06.1358000","DxgKrnl","10011","정보",,""
"11:28:06.1361708","DxgKrnl","10011","정보",,""
"11:28:06.1362064","DxgKrnl","10011","정보",,""
"11:28:06.1378001","DxgKrnl","10011","정보",,""
"11:28:06.1378449","DxgKrnl","10011","정보",,""
"11:28:06.1378764","DxgKrnl","10011","정보",,""
"11:28:06.1381291","DxgKrnl","10011","정보",,""
"11:28:06.1381310","DxgKrnl","10011","정보",,""
"11:28:06.1381310","DxgKrnl","10011","정보",,""
"11:28:06.1381408","DxgKrnl","10011","정보",,""
"11:28:06.1382118","DxgKrnl","10011","정보",,""
"11:28:06.1382118","DxgKrnl","10011","정보",,""
"11:28:06.1382768","DxgKrnl","10011","정보",,""
"11:28:06.1384278","DxgKrnl","10011","정보",,""
"11:28:06.1384306","DxgKrnl","10011","정보",,""
"11:28:06.1385521","DxgKrnl","10011","정보",,""
"11:28:06.1385528","DxgKrnl","10011","정보",,""
"11:28:06.1385537","DxgKrnl","10011","정보",,""
"11:28:06.1385580","DxgKrnl","10011","정보",,""
"11:28:06.1385650","DxgKrnl","10011","정보",,""
"11:28:06.1385712","DxgKrnl","10011","정보",,""
"11:28:06.1385908","DxgKrnl","10011","정보",,""
"11:28:06.1416407","DxgKrnl","10011","정보",,""
"11:28:06.1423484","DxgKrnl","10011","정보",,""
"11:28:06.1427627","DxgKrnl","10011","정보",,""
"11:28:06.1428131","DxgKrnl","10011","정보",,""
"11:28:06.1442927","DxgKrnl","10011","정보",,""
"11:28:06.1442978","DxgKrnl","10011","정보",,""
"11:28:06.1443871","DxgKrnl","10011","정보",,""
"11:28:06.1443896","DxgKrnl","10011","정보",,""
"11:28:06.1447853","DxgKrnl","10011","정보",,""
"11:28:06.1448261","DxgKrnl","10011","정보",,""
"11:28:06.1458675","DxgKrnl","10011","정보",,""
"11:28:06.1459137","DxgKrnl","10011","정보",,""
"11:28:06.1467827","DxgKrnl","10011","정보",,""
"11:28:06.1468327","DxgKrnl","10011","정보",,""
"11:28:06.1485895","DxgKrnl","10011","정보",,""
"11:28:06.1485965","DxgKrnl","10011","정보",,""
"11:28:06.1486867","DxgKrnl","10011","정보",,""
"11:28:06.1486969","DxgKrnl","10011","정보",,""
"11:28:06.1652304","DxgKrnl","10011","정보",,""
"11:28:06.1658483","DxgKrnl","10011","정보",,""
"11:28:07.2011721","DxgKrnl","10011","정보",,""
"11:28:07.2028022","DxgKrnl","10011","정보",,""
"11:28:07.2028059","DxgKrnl","10011","정보",,""
"11:28:07.4534530","Kernel-PnP","220","시작",,"Begin querying bus relations for device PCI\VEN_1002&DEV_7550&SUBSYS_E4891DA2&REV_C0\6&8916a45&0&00000009"
"11:28:07.4537389","DxgKrnl","10011","정보",,""
"11:28:07.4537390","DxgKrnl","10011","정보",,""
"11:28:07.4537594","DxgKrnl","10011","정보",,""
"11:28:07.4538282","DxgKrnl","10011","정보",,""
"11:28:07.4539011","DxgKrnl","10011","정보",,""
"11:28:07.4549008","DxgKrnl","10011","정보",,""
"11:28:07.4549469","DxgKrnl","10011","정보",,""
"11:28:07.4562510","DxgKrnl","10011","정보",,""
"11:28:07.4572430","DxgKrnl","10011","정보",,""
"11:28:07.4576439","Kernel-PnP","222","시작",,"End querying bus relations for device PCI\VEN_1002&DEV_7550&SUBSYS_E4891DA2&REV_C0\6&8916a45&0&00000009"
"11:28:07.4577506","Kernel-PnP","220","시작",,"Begin querying bus relations for device SWD\DRIVERENUM\AMDCP&7&16b8ddb4&0"
"11:28:07.4577573","Kernel-PnP","222","시작",,"End querying bus relations for device SWD\DRIVERENUM\AMDCP&7&16b8ddb4&0"
"11:28:07.4577675","Kernel-PnP","220","시작",,"Begin querying bus relations for device SWD\DRIVERENUM\AMDFDANS&7&16b8ddb4&0"
"11:28:07.4577685","Kernel-PnP","222","시작",,"End querying bus relations for device SWD\DRIVERENUM\AMDFDANS&7&16b8ddb4&0"
"11:28:07.4577793","Kernel-PnP","220","시작",,"Begin querying bus relations for device SWD\DRIVERENUM\AMDOCL&7&16b8ddb4&0"
"11:28:07.4577805","Kernel-PnP","222","시작",,"End querying bus relations for device SWD\DRIVERENUM\AMDOCL&7&16b8ddb4&0"
"11:28:07.4577893","Kernel-PnP","220","시작",,"Begin querying bus relations for device SWD\DRIVERENUM\AMDOGL&7&16b8ddb4&0"
"11:28:07.4577903","Kernel-PnP","222","시작",,"End querying bus relations for device SWD\DRIVERENUM\AMDOGL&7&16b8ddb4&0"
"11:28:07.4577950","Kernel-PnP","220","시작",,"Begin querying bus relations for device SWD\DRIVERENUM\AMDVLK&7&16b8ddb4&0"
"11:28:07.4577958","Kernel-PnP","222","시작",,"End querying bus relations for device SWD\DRIVERENUM\AMDVLK&7&16b8ddb4&0"
"11:28:07.4578018","Kernel-PnP","220","시작",,"Begin querying bus relations for device SWD\DRIVERENUM\AMDWIN&7&16b8ddb4&0"
"11:28:07.4578027","Kernel-PnP","222","시작",,"End querying bus relations for device SWD\DRIVERENUM\AMDWIN&7&16b8ddb4&0"
"11:28:07.4578096","Kernel-PnP","220","시작",,"Begin querying bus relations for device DISPLAY\BBC0104\7&16b8ddb4&0&UID265"
"11:28:07.4578186","Kernel-PnP","222","시작",,"End querying bus relations for device DISPLAY\BBC0104\7&16b8ddb4&0&UID265"
"11:28:07.4578275","Kernel-PnP","220","시작",,"Begin querying bus relations for device DISPLAY\SAM79DF\7&16b8ddb4&0&UID256"
"11:28:07.4578307","Kernel-PnP","222","시작",,"End querying bus relations for device DISPLAY\SAM79DF\7&16b8ddb4&0&UID256"
"11:28:07.4617678","DxgKrnl","10011","정보",,""
"11:28:07.4617701","DxgKrnl","10011","정보",,""
"11:28:07.4617779","DxgKrnl","10011","정보",,""
"11:28:07.4618872","DxgKrnl","10011","정보",,""
"11:28:07.4618914","DxgKrnl","10011","정보",,""
"11:28:07.4619415","DxgKrnl","10011","정보",,""
"11:28:07.4626604","DxgKrnl","10011","정보",,""
"11:28:07.4627071","DxgKrnl","10011","정보",,""
"11:28:07.4627276","Kernel-PnP","808","시작",,"End device add, status (STATUS_SUCCESS)"
"11:28:07.4627495","DxgKrnl","10011","정보",,""
"11:28:07.4627543","DxgKrnl","10011","정보",,""
"11:28:07.4627566","DxgKrnl","10011","정보",,""
"11:28:07.4672765","DxgKrnl","10011","정보",,""
"11:28:07.4673678","DxgKrnl","10011","정보",,""
"11:28:07.4674346","Kernel-PnP","220","시작",,"Begin querying bus relations for device DISPLAY\SAM7B0C\7&16b8ddb4&0&UID260"
"11:28:07.4674375","Kernel-PnP","222","시작",,"End querying bus relations for device DISPLAY\SAM7B0C\7&16b8ddb4&0&UID260"
"11:28:07.4676975","DxgKrnl","10011","정보",,""
"11:28:07.7941929","DxgKrnl","10011","정보",,""
"11:28:07.7942275","DxgKrnl","10011","정보",,""
"11:28:07.8036082","DxgKrnl","10011","정보",,""
"11:28:07.8036822","DxgKrnl","10011","정보",,""
"11:28:07.8037293","DxgKrnl","10011","정보",,""
"11:28:07.8052907","DxgKrnl","10011","정보",,""
"11:28:07.8053481","DxgKrnl","10011","정보",,""
"11:28:07.8055868","DxgKrnl","10011","정보",,""
"11:28:07.8056475","DxgKrnl","10011","정보",,""
"11:28:07.8056498","DxgKrnl","10011","정보",,""
"11:28:07.8057108","DxgKrnl","10011","정보",,""
"11:28:07.8057131","DxgKrnl","10011","정보",,""
"11:28:07.8057680","DxgKrnl","10011","정보",,""
"11:28:07.8057831","DxgKrnl","10011","정보",,""
"11:28:07.8058359","DxgKrnl","10011","정보",,""
"11:28:07.8079664","DxgKrnl","10011","정보",,""
"11:28:07.8080615","DxgKrnl","10011","정보",,""
"11:28:07.8094272","DxgKrnl","10011","정보",,""
"11:28:07.8095084","DxgKrnl","10011","정보",,""
"11:28:07.8136034","DxgKrnl","10011","정보",,""
"11:28:07.8136331","DxgKrnl","10011","정보",,""
"11:28:07.8137186","DxgKrnl","10011","정보",,""
"11:28:07.8161826","DxgKrnl","10011","정보",,""
"11:28:07.8162617","DxgKrnl","10011","정보",,""
"11:28:07.8170289","DxgKrnl","10011","정보",,""
"11:28:07.8174278","DxgKrnl","10011","정보",,""
"11:28:07.8174299","DxgKrnl","10011","정보",,""
"11:28:07.8174851","DxgKrnl","10011","정보",,""
"11:28:07.8174873","DxgKrnl","10011","정보",,""
"11:28:07.8175413","DxgKrnl","10011","정보",,""
"11:28:07.8175489","DxgKrnl","10011","정보",,""
"11:28:07.8176017","DxgKrnl","10011","정보",,""
"11:28:07.8180524","DxgKrnl","10011","정보",,""
"11:28:07.8181125","DxgKrnl","10011","정보",,""
"11:28:07.8194589","DxgKrnl","10011","정보",,""
"11:28:07.8195880","DxgKrnl","10011","정보",,""
"11:28:07.8216518","DxgKrnl","10011","정보",,""
"11:28:07.8219522","DxgKrnl","10011","정보",,""
"11:28:07.8220062","DxgKrnl","10011","정보",,""
"11:28:07.8221047","DxgKrnl","10011","정보",,""
"11:28:07.8224084","DxgKrnl","10011","정보",,""
"11:28:07.8224803","DxgKrnl","10011","정보",,""
"11:28:07.8274904","DxgKrnl","10011","정보",,""
"11:28:07.8275345","DxgKrnl","10011","정보",,""
"11:28:07.8275934","DxgKrnl","10011","정보",,""
"11:28:07.8277305","DxgKrnl","10011","정보",,""
"11:28:07.8277357","DxgKrnl","10011","정보",,""
"11:28:07.8277421","DxgKrnl","10011","정보",,""
"11:28:07.8280004","DxgKrnl","10011","정보",,""
"11:28:07.8303137","DxgKrnl","10011","정보",,""
"11:28:07.8303773","DxgKrnl","10011","정보",,""
"11:28:07.8318168","DxgKrnl","10011","정보",,""
"11:28:07.8323291","DxgKrnl","10011","정보",,""
"11:28:07.8345373","DxgKrnl","10011","정보",,""
"11:28:07.8360163","DxgKrnl","10011","정보",,""
"11:28:07.8360342","DxgKrnl","10011","정보",,""
"11:28:07.8360411","DxgKrnl","10011","정보",,""
"11:28:07.8360420","DxgKrnl","10011","정보",,""
"11:28:07.8362202","DxgKrnl","10011","정보",,""
"11:28:07.8363205","DxgKrnl","10011","정보",,""
"11:28:07.8372228","DxgKrnl","10011","정보",,""
"11:28:07.8372857","DxgKrnl","10011","정보",,""
"11:28:07.8408542","DxgKrnl","10011","정보",,""
"11:28:07.8416110","DxgKrnl","10011","정보",,""
"11:28:07.8452953","DxgKrnl","10011","정보",,""
"11:28:07.8457547","DxgKrnl","10011","정보",,""
"11:28:07.8458256","DxgKrnl","10011","정보",,""
"11:28:07.8458313","DxgKrnl","10011","정보",,""
"11:28:07.8458335","DxgKrnl","10011","정보",,""
"11:28:07.8504138","DxgKrnl","10011","정보",,""
"11:28:07.8504729","DxgKrnl","10011","정보",,""
"11:28:07.8534370","DxgKrnl","10011","정보",,""
"11:28:07.8535039","DxgKrnl","10011","정보",,""
"11:28:07.8535348","DxgKrnl","10011","정보",,""
"11:28:07.8537308","DxgKrnl","10011","정보",,""
"11:28:07.8537337","DxgKrnl","10011","정보",,""
"11:28:07.8540025","DxgKrnl","10011","정보",,""
"11:28:07.8540047","DxgKrnl","10011","정보",,""
"11:28:07.8581046","DxgKrnl","10011","정보",,""
"11:28:07.8582034","DxgKrnl","10011","정보",,""
"11:28:07.8582861","DxgKrnl","10011","정보",,""
"11:28:07.8582876","DxgKrnl","10011","정보",,""
"11:28:07.8583785","DxgKrnl","10011","정보",,""
"11:28:07.8625954","DxgKrnl","10011","정보",,""
"11:28:07.8639768","DxgKrnl","10011","정보",,""
"11:28:07.8639995","DxgKrnl","10011","정보",,""
"11:28:07.8640065","DxgKrnl","10011","정보",,""
"11:28:07.8640073","DxgKrnl","10011","정보",,""
"11:28:07.8640952","DxgKrnl","10011","정보",,""
"11:28:07.8642382","DxgKrnl","10011","정보",,""
"11:28:07.8687606","DxgKrnl","10011","정보",,""
"11:28:07.8687872","DxgKrnl","10011","정보",,""
"11:28:07.8695661","DxgKrnl","10011","정보",,""
"11:28:07.8695891","DxgKrnl","10011","정보",,""
"11:28:07.8696079","DxgKrnl","10011","정보",,""
"11:28:07.8696884","DxgKrnl","10011","정보",,""
"11:28:07.8710701","DxgKrnl","10011","정보",,""
"11:28:07.8711328","DxgKrnl","10011","정보",,""
"11:28:07.8980229","DxgKrnl","10011","정보",,""
"11:28:07.8980840","DxgKrnl","10011","정보",,""
"11:28:07.8986254","DxgKrnl","10011","정보",,""
"11:28:07.8988374","DxgKrnl","10011","정보",,""
"11:28:07.8993497","DxgKrnl","10011","정보",,""
"11:28:07.8994258","DxgKrnl","10011","정보",,""
"11:28:07.9013094","DxgKrnl","10011","정보",,""
"11:28:07.9013934","DxgKrnl","10011","정보",,""
"11:28:08.0638926","DxgKrnl","10011","정보",,""
"11:28:08.0646861","DxgKrnl","10011","정보",,""
"11:28:08.0862675","DxgKrnl","10011","정보",,""
"11:28:08.0863566","DxgKrnl","10011","정보",,""
"11:28:08.1329976","DxgKrnl","10011","정보",,""
"11:28:08.1330814","DxgKrnl","10011","정보",,""
"11:28:08.1385366","DxgKrnl","10011","정보",,""
"11:28:08.1385916","DxgKrnl","10011","정보",,""
"11:28:08.1386693","DxgKrnl","10011","정보",,""
"11:28:08.1386763","DxgKrnl","10011","정보",,""
"11:28:08.1386794","DxgKrnl","10011","정보",,""
"11:28:08.1434158","DxgKrnl","10011","정보",,""
"11:28:08.1434858","DxgKrnl","10011","정보",,""
"11:28:08.1495052","DxgKrnl","10011","정보",,""
"11:28:08.1495708","DxgKrnl","10011","정보",,""
"11:28:08.1496381","DxgKrnl","10011","정보",,""
"11:28:08.1507605","DxgKrnl","10011","정보",,""
"11:28:08.1508129","DxgKrnl","10011","정보",,""
"11:28:08.1508854","DxgKrnl","10011","정보",,""
"11:28:08.1509423","DxgKrnl","10011","정보",,""
"11:28:08.1509451","DxgKrnl","10011","정보",,""
"11:28:08.1509987","DxgKrnl","10011","정보",,""
"11:28:08.1510009","DxgKrnl","10011","정보",,""
"11:28:08.1510531","DxgKrnl","10011","정보",,""
"11:28:08.1510585","DxgKrnl","10011","정보",,""
"11:28:08.1511109","DxgKrnl","10011","정보",,""
"11:28:08.1527444","DxgKrnl","10011","정보",,""
"11:28:08.1527479","DxgKrnl","10011","정보",,""
"11:28:08.1527482","DxgKrnl","10011","정보",,""
"11:28:08.1527834","DxgKrnl","10011","정보",,""
"11:28:08.1527869","DxgKrnl","10011","정보",,""
"11:28:08.1529024","DxgKrnl","10011","정보",,""
"11:28:08.1531247","DxgKrnl","10011","정보",,""
"11:28:08.1532785","DxgKrnl","10011","정보",,""
"11:28:08.1532806","DxgKrnl","10011","정보",,""
"11:28:08.1532873","DxgKrnl","10011","정보",,""
"11:28:08.1532895","DxgKrnl","10011","정보",,""
"11:28:08.1532911","DxgKrnl","10011","정보",,""
"11:28:08.1541250","DxgKrnl","10011","정보",,""
"11:28:08.1556022","DxgKrnl","10011","정보",,""
"11:28:08.1556609","DxgKrnl","10011","정보",,""
"11:28:08.1559492","DxgKrnl","10011","정보",,""
"11:28:08.1559524","DxgKrnl","10011","정보",,""
"11:28:08.1561862","DxgKrnl","10011","정보",,""
"11:28:08.1563275","DxgKrnl","10011","정보",,""
"11:28:08.1563306","DxgKrnl","10011","정보",,""
"11:28:08.1563339","DxgKrnl","10011","정보",,""
"11:28:08.1611807","DxgKrnl","10011","정보",,""
"11:28:08.1621615","DxgKrnl","10011","정보",,""
"11:28:08.1647394","DxgKrnl","10011","정보",,""
"11:28:08.1648106","DxgKrnl","10011","정보",,""
"11:28:08.1716301","DxgKrnl","10011","정보",,""
"11:28:08.1717388","DxgKrnl","10011","정보",,""
"11:28:08.1790522","DxgKrnl","10011","정보",,""
"11:28:08.1798389","DxgKrnl","10011","정보",,""
"11:28:08.1822567","DxgKrnl","10011","정보",,""
"11:28:08.1823301","DxgKrnl","10011","정보",,""
"11:28:08.1989796","DxgKrnl","10011","정보",,""
"11:28:08.1990270","DxgKrnl","10011","정보",,""
"11:28:08.1990947","DxgKrnl","10011","정보",,""
"11:28:08.1990991","DxgKrnl","10011","정보",,""
"11:28:08.1991012","DxgKrnl","10011","정보",,""
"11:28:08.2037282","DxgKrnl","10011","정보",,""
"11:28:08.2038000","DxgKrnl","10011","정보",,""
"11:28:08.2103851","DxgKrnl","10011","정보",,""
"11:28:08.2104652","DxgKrnl","10011","정보",,""
"11:28:08.2105080","DxgKrnl","10011","정보",,""
"11:28:08.2117109","DxgKrnl","10011","정보",,""
"11:28:08.2117641","DxgKrnl","10011","정보",,""
"11:28:08.2118330","DxgKrnl","10011","정보",,""
"11:28:08.2118894","DxgKrnl","10011","정보",,""
"11:28:08.2118912","DxgKrnl","10011","정보",,""
"11:28:08.2119453","DxgKrnl","10011","정보",,""
"11:28:08.2119481","DxgKrnl","10011","정보",,""
"11:28:08.2120020","DxgKrnl","10011","정보",,""
"11:28:08.2120126","DxgKrnl","10011","정보",,""
"11:28:08.2120647","DxgKrnl","10011","정보",,""
"11:28:08.2139501","DxgKrnl","10011","정보",,""
"11:28:08.2141520","DxgKrnl","10011","정보",,""
"11:28:08.2141536","DxgKrnl","10011","정보",,""
"11:28:08.2141569","DxgKrnl","10011","정보",,""
"11:28:08.2142382","DxgKrnl","10011","정보",,""
"11:28:08.2144409","DxgKrnl","10011","정보",,""
"11:28:08.2144495","DxgKrnl","10011","정보",,""
"11:28:08.2144601","DxgKrnl","10011","정보",,""
"11:28:08.2208064","DxgKrnl","10011","정보",,""
"11:28:08.2212331","DxgKrnl","10011","정보",,""
"11:28:08.2213036","DxgKrnl","10011","정보",,""
"11:28:08.2215614","DxgKrnl","10011","정보",,""
"11:28:08.2216330","DxgKrnl","10011","정보",,""
"11:28:08.2220897","DxgKrnl","10011","정보",,""
"11:28:08.2221509","DxgKrnl","10011","정보",,""
"11:28:08.2282861","DxgKrnl","10011","정보",,""
"11:28:08.2283629","DxgKrnl","10011","정보",,""
"11:28:08.2353629","DxgKrnl","10011","정보",,""
"11:28:08.2354438","DxgKrnl","10011","정보",,""
"11:28:08.2432735","DxgKrnl","10011","정보",,""
"11:28:08.2442446","DxgKrnl","10011","정보",,""
"11:28:08.3813654","DxgKrnl","10011","정보",,""
"11:28:08.3814896","DxgKrnl","10011","정보",,""
"11:28:08.3814927","DxgKrnl","10011","정보",,""
"11:28:08.3815636","DxgKrnl","10011","정보",,""
"11:28:08.3815685","DxgKrnl","10011","정보",,""
"11:28:08.3816340","DxgKrnl","10011","정보",,""
"11:28:08.3816600","DxgKrnl","10011","정보",,""
"11:28:08.3817402","DxgKrnl","10011","정보",,""
