"Time","Provider","Id","Opcode","Task","Message"
"18:14:07.3884168","DxgKrnl","10011","정보",,""
"18:14:07.6718226","DxgKrnl","10011","정보",,""
"18:14:07.6723819","DxgKrnl","10011","정보",,""
"18:14:07.6743690","DxgKrnl","10011","정보",,""
"18:14:07.6744263","DxgKrnl","10011","정보",,""
"18:14:07.6755478","DxgKrnl","10011","정보",,""
"18:14:07.6756474","DxgKrnl","10011","정보",,""
"18:14:07.7049071","DxgKrnl","10011","정보",,""
"18:14:07.7064717","DxgKrnl","10011","정보",,""
"18:14:07.7065541","DxgKrnl","10011","정보",,""
"18:14:07.7072971","DxgKrnl","10011","정보",,""
"18:14:07.7073443","DxgKrnl","10011","정보",,""
"18:15:04.3952390","DxgKrnl","10011","정보",,""
"18:15:04.3952541","DxgKrnl","10011","정보",,""
"18:15:04.3952552","DxgKrnl","10011","정보",,""
"18:15:04.3952562","DxgKrnl","10011","정보",,""
"18:15:04.3952570","DxgKrnl","10011","정보",,""
"18:15:04.3952578","DxgKrnl","10011","정보",,""
"18:15:04.3952586","DxgKrnl","10011","정보",,""
"18:15:04.3952595","DxgKrnl","10011","정보",,""
"18:15:04.3952603","DxgKrnl","10011","정보",,""
"18:15:04.3952611","DxgKrnl","10011","정보",,""
"18:15:04.3952622","DxgKrnl","10011","정보",,""
"18:15:04.4920205","DxgKrnl","10011","정보",,""
"18:15:04.4920330","DxgKrnl","10011","정보",,""
"18:15:04.5046252","DxgKrnl","10011","정보",,""
"18:15:04.5046367","DxgKrnl","10011","정보",,""
"18:15:04.5046384","DxgKrnl","10011","정보",,""
"18:15:04.5046409","DxgKrnl","10011","정보",,""
"18:15:04.5046539","DxgKrnl","10011","정보",,""
"18:15:04.5046587","DxgKrnl","10011","정보",,""
"18:15:04.5046648","DxgKrnl","10011","정보",,""
"18:15:04.5046662","DxgKrnl","10011","정보",,""
"18:15:04.5046674","DxgKrnl","10011","정보",,""
"18:15:04.5046687","DxgKrnl","10011","정보",,""
"18:15:04.5046701","DxgKrnl","10011","정보",,""
"18:15:04.5046714","DxgKrnl","10011","정보",,""
"18:15:04.5046727","DxgKrnl","10011","정보",,""
"18:15:04.5046740","DxgKrnl","10011","정보",,""
"18:15:04.5046768","DxgKrnl","10011","정보",,""
"18:15:04.5053718","DxgKrnl","10011","정보",,""
"18:15:04.5054444","DxgKrnl","10011","정보",,""
"18:15:04.5078391","DxgKrnl","10011","정보",,""
"18:15:04.5078994","DxgKrnl","10011","정보",,""
"18:21:48.0364822","DxgKrnl","10011","정보",,""
"18:21:48.0364909","DxgKrnl","10011","정보",,""
"18:21:48.0364916","DxgKrnl","10011","정보",,""
"18:21:48.0364922","DxgKrnl","10011","정보",,""
"18:21:48.0364927","DxgKrnl","10011","정보",,""
"18:21:48.0364932","DxgKrnl","10011","정보",,""
"18:21:48.0364937","DxgKrnl","10011","정보",,""
"18:21:48.0364943","DxgKrnl","10011","정보",,""
"18:21:48.0364948","DxgKrnl","10011","정보",,""
"18:21:48.0364954","DxgKrnl","10011","정보",,""
"18:21:48.0364960","DxgKrnl","10011","정보",,""
"18:21:48.0584660","DxgKrnl","10011","정보",,""
"18:21:48.0584793","DxgKrnl","10011","정보",,""
"18:21:48.0585685","DxgKrnl","10011","정보",,""
"18:21:48.0585732","DxgKrnl","10011","정보",,""
"18:21:48.0585738","DxgKrnl","10011","정보",,""
"18:21:48.0585743","DxgKrnl","10011","정보",,""
"18:21:48.0585748","DxgKrnl","10011","정보",,""
"18:21:48.0585752","DxgKrnl","10011","정보",,""
"18:21:48.0585757","DxgKrnl","10011","정보",,""
"18:21:48.0585761","DxgKrnl","10011","정보",,""
"18:21:48.0585765","DxgKrnl","10011","정보",,""
"18:21:48.0585769","DxgKrnl","10011","정보",,""
"18:21:48.0585773","DxgKrnl","10011","정보",,""
"18:21:48.0585777","DxgKrnl","10011","정보",,""
"18:21:48.0585792","DxgKrnl","10011","정보",,""
"18:21:48.0585796","DxgKrnl","10011","정보",,""
"18:21:48.0585807","DxgKrnl","10011","정보",,""
"18:21:48.0608045","DxgKrnl","10011","정보",,""
"18:21:48.0611285","DxgKrnl","10011","정보",,""
"18:21:48.0634426","DxgKrnl","10011","정보",,""
"18:21:48.0634937","DxgKrnl","10011","정보",,""
"18:21:48.0748621","DxgKrnl","10011","정보",,""
"18:21:48.0749529","DxgKrnl","10011","정보",,""
"18:21:48.0750642","DxgKrnl","10011","정보",,""
"18:21:48.0753548","DxgKrnl","10011","정보",,""
"18:21:48.0754444","DxgKrnl","10011","정보",,""
"18:21:48.0766777","DxgKrnl","10011","정보",,""
"18:21:48.0771499","DxgKrnl","10011","정보",,""
"18:21:48.0771648","DxgKrnl","10011","정보",,""
"18:21:48.0771709","DxgKrnl","10011","정보",,""
"18:21:48.0771717","DxgKrnl","10011","정보",,""
"18:21:48.0775613","DxgKrnl","10011","정보",,""
"18:21:48.0776301","DxgKrnl","10011","정보",,""
"18:21:48.0778356","DxgKrnl","10011","정보",,""
"18:21:48.0779174","DxgKrnl","10011","정보",,""
"18:21:49.0723350","DxgKrnl","10011","정보",,""
"18:21:50.7587271","DxgKrnl","10011","정보",,""
"18:21:50.7597408","DxgKrnl","10011","정보",,""
"18:21:50.7598012","DxgKrnl","10011","정보",,""
"18:21:50.7627556","DxgKrnl","10011","정보",,""
"18:21:50.7628334","DxgKrnl","10011","정보",,""
"18:21:50.7643214","DxgKrnl","10011","정보",,""
"18:21:50.7643808","DxgKrnl","10011","정보",,""
"18:21:50.7770453","DxgKrnl","10011","정보",,""
"18:21:50.7848018","DxgKrnl","10011","정보",,""
"18:21:50.7859116","DxgKrnl","10011","정보",,""
"18:21:50.7939663","DxgKrnl","10011","정보",,""
"18:21:50.7954781","DxgKrnl","10011","정보",,""
"18:21:50.7956023","DxgKrnl","10011","정보",,""
"18:21:50.7966272","DxgKrnl","10011","정보",,""
"18:21:50.7966776","DxgKrnl","10011","정보",,""
"18:21:50.8220211","DxgKrnl","10011","정보",,""
"18:21:50.8227922","DxgKrnl","10011","정보",,""
"18:21:51.0066519","DxgKrnl","10011","정보",,""
"18:21:51.0067488","DxgKrnl","10011","정보",,""
"19:08:35.4710758","DxgKrnl","10011","정보",,""
"19:08:35.6711921","DxgKrnl","10011","정보",,""
"19:08:35.6862761","DxgKrnl","10011","정보",,""
"19:08:35.6876331","DxgKrnl","10011","정보",,""
"19:08:35.6876974","DxgKrnl","10011","정보",,""
"19:08:35.6886168","DxgKrnl","10011","정보",,""
"19:08:35.6887487","DxgKrnl","10011","정보",,""
"19:09:31.5746803","DxgKrnl","10011","정보",,""
"19:09:31.5746948","DxgKrnl","10011","정보",,""
"19:09:31.5746961","DxgKrnl","10011","정보",,""
"19:09:31.5746970","DxgKrnl","10011","정보",,""
"19:09:31.5746979","DxgKrnl","10011","정보",,""
"19:09:31.5746997","DxgKrnl","10011","정보",,""
"19:09:31.5747005","DxgKrnl","10011","정보",,""
"19:09:31.5747013","DxgKrnl","10011","정보",,""
"19:09:31.5747022","DxgKrnl","10011","정보",,""
"19:09:31.5747031","DxgKrnl","10011","정보",,""
"19:09:31.5747040","DxgKrnl","10011","정보",,""
"19:09:31.6708602","DxgKrnl","10011","정보",,""
"19:09:31.6708767","DxgKrnl","10011","정보",,""
"19:09:31.6837903","DxgKrnl","10011","정보",,""
"19:09:31.6837948","DxgKrnl","10011","정보",,""
"19:09:31.6837957","DxgKrnl","10011","정보",,""
"19:09:31.6837964","DxgKrnl","10011","정보",,""
"19:09:31.6837971","DxgKrnl","10011","정보",,""
"19:09:31.6837977","DxgKrnl","10011","정보",,""
"19:09:31.6837983","DxgKrnl","10011","정보",,""
"19:09:31.6837990","DxgKrnl","10011","정보",,""
"19:09:31.6837996","DxgKrnl","10011","정보",,""
"19:09:31.6838004","DxgKrnl","10011","정보",,""
"19:09:31.6838011","DxgKrnl","10011","정보",,""
"19:09:31.6838019","DxgKrnl","10011","정보",,""
"19:09:31.6838026","DxgKrnl","10011","정보",,""
"19:09:31.6838033","DxgKrnl","10011","정보",,""
"19:09:31.6838050","DxgKrnl","10011","정보",,""
"19:09:31.6844812","DxgKrnl","10011","정보",,""
"19:09:31.6845681","DxgKrnl","10011","정보",,""
"19:09:31.6869603","DxgKrnl","10011","정보",,""
"19:09:31.6870151","DxgKrnl","10011","정보",,""
"19:13:46.8255567","DxgKrnl","10011","정보",,""
"19:13:46.8255653","DxgKrnl","10011","정보",,""
"19:13:46.8255659","DxgKrnl","10011","정보",,""
"19:13:46.8255665","DxgKrnl","10011","정보",,""
"19:13:46.8255671","DxgKrnl","10011","정보",,""
"19:13:46.8255675","DxgKrnl","10011","정보",,""
"19:13:46.8255680","DxgKrnl","10011","정보",,""
"19:13:46.8255687","DxgKrnl","10011","정보",,""
"19:13:46.8255692","DxgKrnl","10011","정보",,""
"19:13:46.8255698","DxgKrnl","10011","정보",,""
"19:13:46.8255704","DxgKrnl","10011","정보",,""
"19:13:46.8365063","DxgKrnl","10011","정보",,""
"19:13:46.8365182","DxgKrnl","10011","정보",,""
"19:13:46.8365967","DxgKrnl","10011","정보",,""
"19:13:46.8366033","DxgKrnl","10011","정보",,""
"19:13:46.8366040","DxgKrnl","10011","정보",,""
"19:13:46.8366045","DxgKrnl","10011","정보",,""
"19:13:46.8366050","DxgKrnl","10011","정보",,""
"19:13:46.8366054","DxgKrnl","10011","정보",,""
"19:13:46.8366058","DxgKrnl","10011","정보",,""
"19:13:46.8366062","DxgKrnl","10011","정보",,""
"19:13:46.8366066","DxgKrnl","10011","정보",,""
"19:13:46.8366070","DxgKrnl","10011","정보",,""
"19:13:46.8366087","DxgKrnl","10011","정보",,""
"19:13:46.8366092","DxgKrnl","10011","정보",,""
"19:13:46.8366097","DxgKrnl","10011","정보",,""
"19:13:46.8366101","DxgKrnl","10011","정보",,""
"19:13:46.8366138","DxgKrnl","10011","정보",,""
"19:13:46.8400176","DxgKrnl","10011","정보",,""
"19:13:46.8400791","DxgKrnl","10011","정보",,""
"19:13:46.8411098","DxgKrnl","10011","정보",,""
"19:13:46.8411736","DxgKrnl","10011","정보",,""
"19:13:46.8559585","DxgKrnl","10011","정보",,""
"19:13:46.8560152","DxgKrnl","10011","정보",,""
"19:13:46.8561573","DxgKrnl","10011","정보",,""
"19:13:46.8578848","DxgKrnl","10011","정보",,""
"19:13:46.8583477","DxgKrnl","10011","정보",,""
"19:13:46.8583618","DxgKrnl","10011","정보",,""
"19:13:46.8583678","DxgKrnl","10011","정보",,""
"19:13:46.8583686","DxgKrnl","10011","정보",,""
"19:13:46.8587623","DxgKrnl","10011","정보",,""
"19:13:46.8588826","DxgKrnl","10011","정보",,""
"19:13:46.8613853","DxgKrnl","10011","정보",,""
"19:13:46.8614512","DxgKrnl","10011","정보",,""
"19:13:46.9351297","DxgKrnl","10011","정보",,""
"19:13:53.0353472","DxgKrnl","10011","정보",,""
"19:13:53.0403670","DxgKrnl","10011","정보",,""
"19:13:53.0404307","DxgKrnl","10011","정보",,""
"19:13:53.0409002","DxgKrnl","10011","정보",,""
"19:13:53.0419770","DxgKrnl","10011","정보",,""
"19:13:53.0420561","DxgKrnl","10011","정보",,""
"19:13:53.0421212","DxgKrnl","10011","정보",,""
"19:13:53.0629962","DxgKrnl","10011","정보",,""
"19:13:53.0779992","DxgKrnl","10011","정보",,""
"19:13:53.0798886","DxgKrnl","10011","정보",,""
"19:13:53.0800095","DxgKrnl","10011","정보",,""
"19:13:53.0810223","DxgKrnl","10011","정보",,""
"19:13:53.0810810","DxgKrnl","10011","정보",,""
"19:13:53.1076967","DxgKrnl","10011","정보",,""
"19:13:53.1084713","DxgKrnl","10011","정보",,""
"19:13:53.2850425","DxgKrnl","10011","정보",,""
"19:13:53.2851170","DxgKrnl","10011","정보",,""
"20:46:56.3597765","DxgKrnl","10011","정보",,""
"20:46:56.3598457","DxgKrnl","10011","정보",,""
"20:46:56.3653308","DxgKrnl","10011","정보",,""
"20:46:56.3653653","DxgKrnl","10011","정보",,""
"20:46:56.3654395","DxgKrnl","10011","정보",,""
"20:46:56.3654443","DxgKrnl","10011","정보",,""
"20:46:56.3654467","DxgKrnl","10011","정보",,""
"20:46:56.3701221","DxgKrnl","10011","정보",,""
"20:46:56.3701777","DxgKrnl","10011","정보",,""
"20:46:56.6614618","DxgKrnl","10011","정보",,""
"20:46:56.6614907","DxgKrnl","10011","정보",,""
"20:46:56.6707056","DxgKrnl","10011","정보",,""
"20:46:56.6707810","DxgKrnl","10011","정보",,""
"20:46:56.6708313","DxgKrnl","10011","정보",,""
"20:46:56.6723289","DxgKrnl","10011","정보",,""
"20:46:56.6723835","DxgKrnl","10011","정보",,""
"20:46:56.6726865","DxgKrnl","10011","정보",,""
"20:46:56.6727517","DxgKrnl","10011","정보",,""
"20:46:56.6727536","DxgKrnl","10011","정보",,""
"20:46:56.6728074","DxgKrnl","10011","정보",,""
"20:46:56.6728099","DxgKrnl","10011","정보",,""
"20:46:56.6728679","DxgKrnl","10011","정보",,""
"20:46:56.6728745","DxgKrnl","10011","정보",,""
"20:46:56.6729288","DxgKrnl","10011","정보",,""
"20:46:56.6753297","DxgKrnl","10011","정보",,""
"20:46:56.6754067","DxgKrnl","10011","정보",,""
"20:46:56.6762830","DxgKrnl","10011","정보",,""
"20:46:56.6763719","DxgKrnl","10011","정보",,""
"20:46:56.6766417","DxgKrnl","10011","정보",,""
"20:46:56.6773326","DxgKrnl","10011","정보",,""
"20:46:56.6775210","DxgKrnl","10011","정보",,""
"20:46:56.6777464","DxgKrnl","10011","정보",,""
"20:46:56.6778358","DxgKrnl","10011","정보",,""
"20:46:56.6778367","DxgKrnl","10011","정보",,""
"20:46:56.6780238","DxgKrnl","10011","정보",,""
"20:46:56.6780249","DxgKrnl","10011","정보",,""
"20:46:56.6787109","DxgKrnl","10011","정보",,""
"20:46:56.6787816","DxgKrnl","10011","정보",,""
"20:46:56.6787845","DxgKrnl","10011","정보",,""
"20:46:56.6788381","DxgKrnl","10011","정보",,""
"20:46:56.6788402","DxgKrnl","10011","정보",,""
"20:46:56.6788979","DxgKrnl","10011","정보",,""
"20:46:56.6789043","DxgKrnl","10011","정보",,""
"20:46:56.6789579","DxgKrnl","10011","정보",,""
"20:46:56.6795696","DxgKrnl","10011","정보",,""
"20:46:56.6796263","DxgKrnl","10011","정보",,""
"20:46:56.6809316","DxgKrnl","10011","정보",,""
"20:46:56.6809980","DxgKrnl","10011","정보",,""
"20:46:56.6810003","DxgKrnl","10011","정보",,""
"20:46:56.6811362","DxgKrnl","10011","정보",,""
"20:46:56.6811397","DxgKrnl","10011","정보",,""
"20:46:56.6822223","DxgKrnl","10011","정보",,""
"20:46:56.6822804","DxgKrnl","10011","정보",,""
"20:46:56.6823486","DxgKrnl","10011","정보",,""
"20:46:56.6835327","DxgKrnl","10011","정보",,""
"20:46:56.6836092","DxgKrnl","10011","정보",,""
"20:46:56.6842716","DxgKrnl","10011","정보",,""
"20:46:56.6849429","DxgKrnl","10011","정보",,""
"20:46:56.6864250","DxgKrnl","10011","정보",,""
"20:46:56.6864944","DxgKrnl","10011","정보",,""
"20:46:56.6865200","DxgKrnl","10011","정보",,""
"20:46:56.6866770","DxgKrnl","10011","정보",,""
"20:46:56.6866807","DxgKrnl","10011","정보",,""
"20:46:56.6881175","DxgKrnl","10011","정보",,""
"20:46:56.6882001","DxgKrnl","10011","정보",,""
"20:46:56.6933967","DxgKrnl","10011","정보",,""
"20:46:56.6934698","DxgKrnl","10011","정보",,""
"20:46:56.6934895","DxgKrnl","10011","정보",,""
"20:46:56.6945555","DxgKrnl","10011","정보",,""
"20:46:56.6946561","DxgKrnl","10011","정보",,""
"20:46:56.6946682","DxgKrnl","10011","정보",,""
"20:46:56.6947513","DxgKrnl","10011","정보",,""
"20:46:56.6948297","DxgKrnl","10011","정보",,""
"20:46:56.6948340","DxgKrnl","10011","정보",,""
"20:46:56.6955282","DxgKrnl","10011","정보",,""
"20:46:56.6955676","DxgKrnl","10011","정보",,""
"20:46:56.6955684","DxgKrnl","10011","정보",,""
"20:46:56.6956701","DxgKrnl","10011","정보",,""
"20:46:56.6956978","DxgKrnl","10011","정보",,""
"20:46:56.6957790","DxgKrnl","10011","정보",,""
"20:46:56.6959134","DxgKrnl","10011","정보",,""
"20:46:56.6959147","DxgKrnl","10011","정보",,""
"20:46:56.6959152","DxgKrnl","10011","정보",,""
"20:46:56.7008490","DxgKrnl","10011","정보",,""
"20:46:56.7009189","DxgKrnl","10011","정보",,""
"20:46:56.7009215","DxgKrnl","10011","정보",,""
"20:46:56.7010889","DxgKrnl","10011","정보",,""
"20:46:56.7010901","DxgKrnl","10011","정보",,""
"20:46:56.7013002","DxgKrnl","10011","정보",,""
"20:46:56.7013998","DxgKrnl","10011","정보",,""
"20:46:56.7020484","DxgKrnl","10011","정보",,""
"20:46:56.7020521","DxgKrnl","10011","정보",,""
"20:46:56.7027709","DxgKrnl","10011","정보",,""
"20:46:56.7075703","DxgKrnl","10011","정보",,""
"20:46:56.7076960","DxgKrnl","10011","정보",,""
"20:46:56.7078500","DxgKrnl","10011","정보",,""
"20:46:56.7078529","DxgKrnl","10011","정보",,""
"20:46:56.7079906","DxgKrnl","10011","정보",,""
"20:46:56.7085120","DxgKrnl","10011","정보",,""
"20:46:56.7085141","DxgKrnl","10011","정보",,""
"20:46:56.7086208","DxgKrnl","10011","정보",,""
"20:46:56.7092775","DxgKrnl","10011","정보",,""
"20:46:56.7093962","DxgKrnl","10011","정보",,""
"20:46:56.7094644","DxgKrnl","10011","정보",,""
"20:46:56.7095786","DxgKrnl","10011","정보",,""
"20:46:56.7096652","DxgKrnl","10011","정보",,""
"20:46:56.7097723","DxgKrnl","10011","정보",,""
"20:46:56.7098455","DxgKrnl","10011","정보",,""
"20:46:56.7147395","DxgKrnl","10011","정보",,""
"20:46:56.7148975","DxgKrnl","10011","정보",,""
"20:46:56.7154303","DxgKrnl","10011","정보",,""
"20:46:56.7154969","DxgKrnl","10011","정보",,""
"20:46:56.7156266","DxgKrnl","10011","정보",,""
"20:46:56.7158059","DxgKrnl","10011","정보",,""
"20:46:56.7158889","DxgKrnl","10011","정보",,""
"20:46:56.7164846","DxgKrnl","10011","정보",,""
"20:46:56.7165558","DxgKrnl","10011","정보",,""
"20:46:56.7171425","DxgKrnl","10011","정보",,""
"20:46:56.7172495","DxgKrnl","10011","정보",,""
"20:46:56.7183384","DxgKrnl","10011","정보",,""
"20:46:56.7184295","DxgKrnl","10011","정보",,""
"20:46:56.7261271","DxgKrnl","10011","정보",,""
"20:46:56.7277052","DxgKrnl","10011","정보",,""
"20:46:56.7277232","DxgKrnl","10011","정보",,""
"20:46:56.7277340","DxgKrnl","10011","정보",,""
"20:46:56.7277347","DxgKrnl","10011","정보",,""
"20:46:56.7281371","DxgKrnl","10011","정보",,""
"20:46:56.7282071","DxgKrnl","10011","정보",,""
"20:46:56.7316544","DxgKrnl","10011","정보",,""
"20:46:56.7318832","DxgKrnl","10011","정보",,""
"20:46:56.7390110","DxgKrnl","10011","정보",,""
"20:46:56.7390848","DxgKrnl","10011","정보",,""
"20:46:56.7391254","DxgKrnl","10011","정보",,""
"20:46:56.7392439","DxgKrnl","10011","정보",,""
"20:46:56.7392458","DxgKrnl","10011","정보",,""
"20:46:56.7459460","DxgKrnl","10011","정보",,""
"20:46:56.7459731","DxgKrnl","10011","정보",,""
"20:46:56.7460412","DxgKrnl","10011","정보",,""
"20:46:56.7460463","DxgKrnl","10011","정보",,""
"20:46:56.7460486","DxgKrnl","10011","정보",,""
"20:46:56.7507105","DxgKrnl","10011","정보",,""
"20:46:56.7507711","DxgKrnl","10011","정보",,""
"20:46:56.7604208","DxgKrnl","10011","정보",,""
"20:46:56.7605012","DxgKrnl","10011","정보",,""
"20:46:56.7605468","DxgKrnl","10011","정보",,""
"20:46:56.7619505","DxgKrnl","10011","정보",,""
"20:46:56.7620039","DxgKrnl","10011","정보",,""
"20:46:56.7621132","DxgKrnl","10011","정보",,""
"20:46:56.7621700","DxgKrnl","10011","정보",,""
"20:46:56.7621714","DxgKrnl","10011","정보",,""
"20:46:56.7622326","DxgKrnl","10011","정보",,""
"20:46:56.7622347","DxgKrnl","10011","정보",,""
"20:46:56.7622938","DxgKrnl","10011","정보",,""
"20:46:56.7622994","DxgKrnl","10011","정보",,""
"20:46:56.7623574","DxgKrnl","10011","정보",,""
"20:46:56.7641194","DxgKrnl","10011","정보",,""
"20:46:56.7641371","DxgKrnl","10011","정보",,""
"20:46:56.7643415","DxgKrnl","10011","정보",,""
"20:46:56.7645092","DxgKrnl","10011","정보",,""
"20:46:56.7658071","DxgKrnl","10011","정보",,""
"20:46:56.7659024","DxgKrnl","10011","정보",,""
"20:46:56.7695958","DxgKrnl","10011","정보",,""
"20:46:56.7711500","DxgKrnl","10011","정보",,""
"20:46:56.7711689","DxgKrnl","10011","정보",,""
"20:46:56.7711775","DxgKrnl","10011","정보",,""
"20:46:56.7711784","DxgKrnl","10011","정보",,""
"20:46:56.7717704","DxgKrnl","10011","정보",,""
"20:46:56.7717737","DxgKrnl","10011","정보",,""
"20:46:56.7719462","DxgKrnl","10011","정보",,""
"20:46:56.7719466","DxgKrnl","10011","정보",,""
"20:46:56.7758564","DxgKrnl","10011","정보",,""
"20:46:56.7760625","DxgKrnl","10011","정보",,""
"20:46:56.7761783","DxgKrnl","10011","정보",,""
"20:46:56.7763457","DxgKrnl","10011","정보",,""
"20:46:56.7764196","DxgKrnl","10011","정보",,""
"20:46:56.7765420","DxgKrnl","10011","정보",,""
"20:46:56.7766182","DxgKrnl","10011","정보",,""
"20:46:56.7962203","DxgKrnl","10011","정보",,""
"20:46:56.7963449","DxgKrnl","10011","정보",,""
"20:46:56.7968052","DxgKrnl","10011","정보",,""
"20:46:56.7968062","DxgKrnl","10011","정보",,""
"20:46:56.7969794","DxgKrnl","10011","정보",,""
"20:46:56.7969834","DxgKrnl","10011","정보",,""
"20:46:56.7982899","DxgKrnl","10011","정보",,""
"20:46:56.7984084","DxgKrnl","10011","정보",,""
"20:46:56.7997960","DxgKrnl","10011","정보",,""
"20:46:56.7998035","DxgKrnl","10011","정보",,""
"20:46:56.7998070","DxgKrnl","10011","정보",,""
"20:46:56.7998131","DxgKrnl","10011","정보",,""
"20:46:56.8000687","DxgKrnl","10011","정보",,""
"20:46:56.8004451","DxgKrnl","10011","정보",,""
"20:46:56.8004477","DxgKrnl","10011","정보",,""
"20:46:56.8004496","DxgKrnl","10011","정보",,""
"20:46:56.8004537","DxgKrnl","10011","정보",,""
"20:46:56.8004738","DxgKrnl","10011","정보",,""
"20:46:56.8004759","DxgKrnl","10011","정보",,""
"20:46:56.8007291","DxgKrnl","10011","정보",,""
"20:46:56.8016718","DxgKrnl","10011","정보",,""
"20:46:56.8026145","DxgKrnl","10011","정보",,""
"20:46:56.8203733","DxgKrnl","10011","정보",,""
"20:46:56.8205102","DxgKrnl","10011","정보",,""
"20:46:56.8683050","Kernel-PnP","220","시작",,"Begin querying bus relations for device PCI\VEN_1002&DEV_7550&SUBSYS_E4891DA2&REV_C0\6&8916a45&0&00000009"
"20:46:57.0497980","DxgKrnl","10011","정보",,""
"20:46:57.0504732","DxgKrnl","10011","정보",,""
"20:46:57.0505850","Kernel-PnP","222","시작",,"End querying bus relations for device PCI\VEN_1002&DEV_7550&SUBSYS_E4891DA2&REV_C0\6&8916a45&0&00000009"
"20:46:57.0509776","Kernel-PnP","1010","시작",,"버스에 누락 된 것으로 보고 된 장치 DISPLAY\SAM79DF\7&16b8ddb4&0&UID256이 (가) 제거 되었습니다. 제거 된 장치 수 | 개수: 1"
"20:46:57.0514654","Kernel-PnP","1010","시작",,"버스에 누락 된 것으로 보고 된 장치 DISPLAY\SAM7B0C\7&16b8ddb4&0&UID260이 (가) 제거 되었습니다. 제거 된 장치 수 | 개수: 1"
"20:46:57.0519237","Kernel-PnP","220","시작",,"Begin querying bus relations for device SWD\DRIVERENUM\AMDCP&7&16b8ddb4&0"
"20:46:57.0519264","Kernel-PnP","222","시작",,"End querying bus relations for device SWD\DRIVERENUM\AMDCP&7&16b8ddb4&0"
"20:46:57.0519366","Kernel-PnP","220","시작",,"Begin querying bus relations for device SWD\DRIVERENUM\AMDFDANS&7&16b8ddb4&0"
"20:46:57.0519377","Kernel-PnP","222","시작",,"End querying bus relations for device SWD\DRIVERENUM\AMDFDANS&7&16b8ddb4&0"
"20:46:57.0519443","Kernel-PnP","220","시작",,"Begin querying bus relations for device SWD\DRIVERENUM\AMDOCL&7&16b8ddb4&0"
"20:46:57.0519452","Kernel-PnP","222","시작",,"End querying bus relations for device SWD\DRIVERENUM\AMDOCL&7&16b8ddb4&0"
"20:46:57.0519516","Kernel-PnP","220","시작",,"Begin querying bus relations for device SWD\DRIVERENUM\AMDOGL&7&16b8ddb4&0"
"20:46:57.0519526","Kernel-PnP","222","시작",,"End querying bus relations for device SWD\DRIVERENUM\AMDOGL&7&16b8ddb4&0"
"20:46:57.0519588","Kernel-PnP","220","시작",,"Begin querying bus relations for device SWD\DRIVERENUM\AMDVLK&7&16b8ddb4&0"
"20:46:57.0519597","Kernel-PnP","222","시작",,"End querying bus relations for device SWD\DRIVERENUM\AMDVLK&7&16b8ddb4&0"
"20:46:57.0519653","Kernel-PnP","220","시작",,"Begin querying bus relations for device SWD\DRIVERENUM\AMDWIN&7&16b8ddb4&0"
"20:46:57.0519663","Kernel-PnP","222","시작",,"End querying bus relations for device SWD\DRIVERENUM\AMDWIN&7&16b8ddb4&0"
"20:46:57.0519720","Kernel-PnP","220","시작",,"Begin querying bus relations for device DISPLAY\BBC0104\7&16b8ddb4&0&UID265"
"20:46:57.0519790","Kernel-PnP","222","시작",,"End querying bus relations for device DISPLAY\BBC0104\7&16b8ddb4&0&UID265"
"20:46:57.0522010","DxgKrnl","10011","정보",,""
"20:46:57.0522024","DxgKrnl","10011","정보",,""
"20:46:57.0523255","DxgKrnl","10011","정보",,""
"20:46:57.0526396","DxgKrnl","10011","정보",,""
"20:46:57.0526432","DxgKrnl","10011","정보",,""
"20:46:57.0526561","DxgKrnl","10011","정보",,""
"20:46:57.0529446","DxgKrnl","10011","정보",,""
"20:46:57.0530378","DxgKrnl","10011","정보",,""
"20:46:57.0543342","DxgKrnl","10011","정보",,""
"20:46:57.0544209","DxgKrnl","10011","정보",,""
"20:46:57.0655487","DxgKrnl","10011","정보",,""
"20:46:57.0662901","DxgKrnl","10011","정보",,""
"20:46:57.1015832","DxgKrnl","10011","정보",,""
"20:46:57.1018269","DxgKrnl","10011","정보",,""
"20:46:57.1019243","DxgKrnl","10011","정보",,""
"20:46:57.1021160","DxgKrnl","10011","정보",,""
"20:46:57.1021354","DxgKrnl","10011","정보",,""
"20:46:57.1022475","DxgKrnl","10011","정보",,""
"20:46:57.1024052","DxgKrnl","10011","정보",,""
"20:46:57.1027835","DxgKrnl","10011","정보",,""
"20:46:57.1029144","DxgKrnl","10011","정보",,""
"20:46:57.1030115","DxgKrnl","10011","정보",,""
"20:46:57.1031151","DxgKrnl","10011","정보",,""
"20:46:57.1032128","DxgKrnl","10011","정보",,""
"20:46:57.1045549","DxgKrnl","10011","정보",,""
"20:46:57.1046036","DxgKrnl","10011","정보",,""
"20:46:57.1046333","DxgKrnl","10011","정보",,""
"20:46:57.1048829","DxgKrnl","10011","정보",,""
"20:46:57.1048853","DxgKrnl","10011","정보",,""
"20:46:57.1058374","DxgKrnl","10011","정보",,""
"20:46:57.1059413","DxgKrnl","10011","정보",,""
"20:46:57.1065232","DxgKrnl","10011","정보",,""
"20:46:57.1066131","DxgKrnl","10011","정보",,""
"20:46:57.1078689","DxgKrnl","10011","정보",,""
"20:46:57.1079412","DxgKrnl","10011","정보",,""
"20:46:57.1091844","DxgKrnl","10011","정보",,""
"20:46:57.1092849","DxgKrnl","10011","정보",,""
"20:46:57.1112180","DxgKrnl","10011","정보",,""
"20:46:57.1112824","DxgKrnl","10011","정보",,""
"20:46:57.1115505","DxgKrnl","10011","정보",,""
"20:46:57.1127078","DxgKrnl","10011","정보",,""
"20:46:57.1127790","DxgKrnl","10011","정보",,""
"20:46:57.1128943","DxgKrnl","10011","정보",,""
"20:46:57.1132407","DxgKrnl","10011","정보",,""
"20:46:57.1135236","DxgKrnl","10011","정보",,""
"20:46:57.1162668","DxgKrnl","10011","정보",,""
"20:46:57.1163441","DxgKrnl","10011","정보",,""
"20:46:57.1167770","DxgKrnl","10011","정보",,""
"20:46:57.1168033","DxgKrnl","10011","정보",,""
"20:46:57.1169158","DxgKrnl","10011","정보",,""
"20:46:57.1171611","DxgKrnl","10011","정보",,""
"20:46:57.1171612","DxgKrnl","10011","정보",,""
"20:46:57.1184665","DxgKrnl","10011","정보",,""
"20:46:57.1185783","DxgKrnl","10011","정보",,""
"20:46:57.1190365","DxgKrnl","10011","정보",,""
"20:46:57.1191170","DxgKrnl","10011","정보",,""
"20:46:57.1196975","DxgKrnl","10011","정보",,""
"20:46:57.1196987","DxgKrnl","10011","정보",,""
"20:46:57.1198936","DxgKrnl","10011","정보",,""
"20:46:57.1198997","DxgKrnl","10011","정보",,""
"20:46:57.1225026","DxgKrnl","10011","정보",,""
"20:46:57.1226012","DxgKrnl","10011","정보",,""
"20:46:57.1540622","DxgKrnl","10011","정보",,""
"20:46:57.1541476","DxgKrnl","10011","정보",,""
"20:46:57.1560447","DxgKrnl","10011","정보",,""
"20:46:57.1560704","DxgKrnl","10011","정보",,""
"20:46:57.1561850","DxgKrnl","10011","정보",,""
"20:46:57.1561905","DxgKrnl","10011","정보",,""
"20:46:57.1561932","DxgKrnl","10011","정보",,""
"20:46:57.1566579","DxgKrnl","10011","정보",,""
"20:46:57.1567387","DxgKrnl","10011","정보",,""
"20:46:57.2017879","DxgKrnl","10011","정보",,""
"20:46:57.2146345","DxgKrnl","10011","정보",,""
"20:46:57.2146936","DxgKrnl","10011","정보",,""
"20:46:57.2147295","DxgKrnl","10011","정보",,""
"20:46:57.2150568","DxgKrnl","10011","정보",,""
"20:46:57.2151079","DxgKrnl","10011","정보",,""
"20:46:57.2153222","DxgKrnl","10011","정보",,""
"20:46:57.2154121","DxgKrnl","10011","정보",,""
"20:46:57.2154141","DxgKrnl","10011","정보",,""
"20:46:57.2154569","DxgKrnl","10011","정보",,""
"20:46:57.2171935","DxgKrnl","10011","정보",,""
"20:46:57.2172571","DxgKrnl","10011","정보",,""
"20:46:57.2173044","DxgKrnl","10011","정보",,""
"20:46:57.2175094","DxgKrnl","10011","정보",,""
"20:46:57.2175129","DxgKrnl","10011","정보",,""
"20:46:57.2186844","DxgKrnl","10011","정보",,""
"20:46:57.2187055","DxgKrnl","10011","정보",,""
"20:46:57.2187853","DxgKrnl","10011","정보",,""
"20:46:57.2188239","DxgKrnl","10011","정보",,""
"20:46:57.2188823","DxgKrnl","10011","정보",,""
"20:46:57.2224546","DxgKrnl","10011","정보",,""
"20:46:57.2224636","DxgKrnl","10011","정보",,""
"20:46:57.2279495","DxgKrnl","10011","정보",,""
"20:46:57.2281144","DxgKrnl","10011","정보",,""
"20:46:57.2282175","DxgKrnl","10011","정보",,""
"20:46:57.2282216","DxgKrnl","10011","정보",,""
"20:46:57.2283284","DxgKrnl","10011","정보",,""
"20:46:57.2291666","DxgKrnl","10011","정보",,""
"20:46:57.2292055","DxgKrnl","10011","정보",,""
"20:46:57.2303633","DxgKrnl","10011","정보",,""
"20:46:57.2303844","DxgKrnl","10011","정보",,""
"20:46:57.2303852","DxgKrnl","10011","정보",,""
"20:46:57.2305804","DxgKrnl","10011","정보",,""
"20:46:57.2305827","DxgKrnl","10011","정보",,""
"20:46:57.2305862","DxgKrnl","10011","정보",,""
"20:46:57.2306118","DxgKrnl","10011","정보",,""
"20:46:57.2306310","DxgKrnl","10011","정보",,""
"20:46:57.2306368","DxgKrnl","10011","정보",,""
"20:46:57.2306490","DxgKrnl","10011","정보",,""
"20:46:57.2306623","DxgKrnl","10011","정보",,""
"20:46:57.2306642","DxgKrnl","10011","정보",,""
"20:46:57.2309187","DxgKrnl","10011","정보",,""
"20:46:57.2309858","DxgKrnl","10011","정보",,""
"20:46:57.2309881","DxgKrnl","10011","정보",,""
"20:46:57.2309886","DxgKrnl","10011","정보",,""
"20:46:57.2309964","DxgKrnl","10011","정보",,""
"20:46:57.2344074","DxgKrnl","10011","정보",,""
"20:46:57.2351726","DxgKrnl","10011","정보",,""
"20:46:57.2362169","DxgKrnl","10011","정보",,""
"20:46:57.2362967","DxgKrnl","10011","정보",,""
"20:46:57.2379423","DxgKrnl","10011","정보",,""
"20:46:57.2379954","DxgKrnl","10011","정보",,""
"20:46:57.3059868","DxgKrnl","10011","정보",,""
"20:46:57.3060718","DxgKrnl","10011","정보",,""
"20:46:57.3062030","DxgKrnl","10011","정보",,""
"20:46:57.3063726","DxgKrnl","10011","정보",,""
"20:46:57.3067779","DxgKrnl","10011","정보",,""
"20:46:57.3081296","DxgKrnl","10011","정보",,""
"20:46:57.3086353","DxgKrnl","10011","정보",,""
"20:46:57.3086491","DxgKrnl","10011","정보",,""
"20:46:57.3086552","DxgKrnl","10011","정보",,""
"20:46:57.3086586","DxgKrnl","10011","정보",,""
"20:46:57.3096116","DxgKrnl","10011","정보",,""
"20:46:57.3096180","DxgKrnl","10011","정보",,""
"20:46:57.3097658","DxgKrnl","10011","정보",,""
"20:46:57.3097680","DxgKrnl","10011","정보",,""
"20:46:57.3101468","DxgKrnl","10011","정보",,""
"20:46:57.3102046","DxgKrnl","10011","정보",,""
"20:46:57.3494374","DxgKrnl","10011","정보",,""
"20:46:57.3502930","DxgKrnl","10011","정보",,""
"20:46:57.3638314","DxgKrnl","10011","정보",,""
"20:46:57.3639102","DxgKrnl","10011","정보",,""
"20:46:58.7776428","DxgKrnl","10011","정보",,""
"20:46:58.8766822","Kernel-PnP","220","시작",,"Begin querying bus relations for device PCI\VEN_1002&DEV_7550&SUBSYS_E4891DA2&REV_C0\6&8916a45&0&00000009"
"20:46:58.8767733","DxgKrnl","10011","정보",,""
"20:46:58.8769322","DxgKrnl","10011","정보",,""
"20:46:58.8770055","DxgKrnl","10011","정보",,""
"20:46:58.8772800","DxgKrnl","10011","정보",,""
"20:46:58.8773761","DxgKrnl","10011","정보",,""
"20:46:58.8776561","DxgKrnl","10011","정보",,""
"20:46:58.8777257","DxgKrnl","10011","정보",,""
"20:46:58.8789876","DxgKrnl","10011","정보",,""
"20:46:58.8790445","DxgKrnl","10011","정보",,""
"20:46:58.8808961","Kernel-PnP","222","시작",,"End querying bus relations for device PCI\VEN_1002&DEV_7550&SUBSYS_E4891DA2&REV_C0\6&8916a45&0&00000009"
"20:46:58.8809560","Kernel-PnP","220","시작",,"Begin querying bus relations for device SWD\DRIVERENUM\AMDCP&7&16b8ddb4&0"
"20:46:58.8809577","Kernel-PnP","222","시작",,"End querying bus relations for device SWD\DRIVERENUM\AMDCP&7&16b8ddb4&0"
"20:46:58.8809644","Kernel-PnP","220","시작",,"Begin querying bus relations for device SWD\DRIVERENUM\AMDFDANS&7&16b8ddb4&0"
"20:46:58.8809653","Kernel-PnP","222","시작",,"End querying bus relations for device SWD\DRIVERENUM\AMDFDANS&7&16b8ddb4&0"
"20:46:58.8809733","Kernel-PnP","220","시작",,"Begin querying bus relations for device SWD\DRIVERENUM\AMDOCL&7&16b8ddb4&0"
"20:46:58.8809742","Kernel-PnP","222","시작",,"End querying bus relations for device SWD\DRIVERENUM\AMDOCL&7&16b8ddb4&0"
"20:46:58.8809805","Kernel-PnP","220","시작",,"Begin querying bus relations for device SWD\DRIVERENUM\AMDOGL&7&16b8ddb4&0"
"20:46:58.8809814","Kernel-PnP","222","시작",,"End querying bus relations for device SWD\DRIVERENUM\AMDOGL&7&16b8ddb4&0"
"20:46:58.8809871","Kernel-PnP","220","시작",,"Begin querying bus relations for device SWD\DRIVERENUM\AMDVLK&7&16b8ddb4&0"
"20:46:58.8809880","Kernel-PnP","222","시작",,"End querying bus relations for device SWD\DRIVERENUM\AMDVLK&7&16b8ddb4&0"
"20:46:58.8809971","Kernel-PnP","220","시작",,"Begin querying bus relations for device SWD\DRIVERENUM\AMDWIN&7&16b8ddb4&0"
"20:46:58.8809984","Kernel-PnP","222","시작",,"End querying bus relations for device SWD\DRIVERENUM\AMDWIN&7&16b8ddb4&0"
"20:46:58.8810041","Kernel-PnP","220","시작",,"Begin querying bus relations for device DISPLAY\BBC0104\7&16b8ddb4&0&UID265"
"20:46:58.8810092","Kernel-PnP","222","시작",,"End querying bus relations for device DISPLAY\BBC0104\7&16b8ddb4&0&UID265"
"20:46:58.8815525","DxgKrnl","10011","정보",,""
"20:46:58.8815886","DxgKrnl","10011","정보",,""
"20:46:58.8816417","DxgKrnl","10011","정보",,""
"20:46:58.8816458","DxgKrnl","10011","정보",,""
"20:46:58.8816479","DxgKrnl","10011","정보",,""
"20:46:58.8820877","DxgKrnl","10011","정보",,""
"20:46:58.8821684","DxgKrnl","10011","정보",,""
"20:46:58.8824779","Kernel-PnP","808","시작",,"End device add, status (STATUS_SUCCESS)"
"20:46:58.8829142","Kernel-PnP","220","시작",,"Begin querying bus relations for device DISPLAY\SAM79DF\7&16b8ddb4&0&UID256"
"20:46:58.8829178","Kernel-PnP","222","시작",,"End querying bus relations for device DISPLAY\SAM79DF\7&16b8ddb4&0&UID256"
"20:46:58.8831764","DxgKrnl","10011","정보",,""
"20:46:59.1179146","DxgKrnl","10011","정보",,""
"20:46:59.1263957","DxgKrnl","10011","정보",,""
"20:46:59.1264451","DxgKrnl","10011","정보",,""
"20:46:59.1265016","DxgKrnl","10011","정보",,""
"20:46:59.1272215","DxgKrnl","10011","정보",,""
"20:46:59.1272553","DxgKrnl","10011","정보",,""
"20:46:59.1273194","DxgKrnl","10011","정보",,""
"20:46:59.1273554","DxgKrnl","10011","정보",,""
"20:46:59.1273571","DxgKrnl","10011","정보",,""
"20:46:59.1273876","DxgKrnl","10011","정보",,""
"20:46:59.1289761","DxgKrnl","10011","정보",,""
"20:46:59.1291357","DxgKrnl","10011","정보",,""
"20:46:59.1315453","DxgKrnl","10011","정보",,""
"20:46:59.1332664","DxgKrnl","10011","정보",,""
"20:46:59.1333211","DxgKrnl","10011","정보",,""
"20:46:59.1356666","DxgKrnl","10011","정보",,""
"20:46:59.1357828","DxgKrnl","10011","정보",,""
"20:46:59.1364017","DxgKrnl","10011","정보",,""
"20:46:59.1364429","DxgKrnl","10011","정보",,""
"20:46:59.1410204","DxgKrnl","10011","정보",,""
"20:46:59.1414481","DxgKrnl","10011","정보",,""
"20:46:59.1417731","DxgKrnl","10011","정보",,""
"20:46:59.1418196","DxgKrnl","10011","정보",,""
"20:46:59.1420406","DxgKrnl","10011","정보",,""
"20:46:59.1420938","DxgKrnl","10011","정보",,""
"20:46:59.1421004","DxgKrnl","10011","정보",,""
"20:46:59.1421793","DxgKrnl","10011","정보",,""
"20:46:59.1421829","DxgKrnl","10011","정보",,""
"20:46:59.1446643","DxgKrnl","10011","정보",,""
"20:46:59.1447126","DxgKrnl","10011","정보",,""
"20:46:59.1466994","DxgKrnl","10011","정보",,""
"20:46:59.1470799","DxgKrnl","10011","정보",,""
"20:46:59.1470914","DxgKrnl","10011","정보",,""
"20:46:59.1470967","DxgKrnl","10011","정보",,""
"20:46:59.1470975","DxgKrnl","10011","정보",,""
"20:46:59.1472028","DxgKrnl","10011","정보",,""
"20:46:59.1472628","DxgKrnl","10011","정보",,""
"20:46:59.1476464","DxgKrnl","10011","정보",,""
"20:46:59.1477100","DxgKrnl","10011","정보",,""
"20:46:59.1575090","DxgKrnl","10011","정보",,""
"20:46:59.1575706","DxgKrnl","10011","정보",,""
"20:46:59.1582822","DxgKrnl","10011","정보",,""
"20:46:59.1583267","DxgKrnl","10011","정보",,""
"20:46:59.3337240","DxgKrnl","10011","정보",,""
"20:46:59.3337805","DxgKrnl","10011","정보",,""
"20:46:59.3363125","DxgKrnl","10011","정보",,""
"20:46:59.3370630","DxgKrnl","10011","정보",,""
"20:46:59.3385953","DxgKrnl","10011","정보",,""
"20:46:59.3386985","DxgKrnl","10011","정보",,""
"20:46:59.3426853","DxgKrnl","10011","정보",,""
"20:46:59.3431922","DxgKrnl","10011","정보",,""
"20:46:59.3492976","DxgKrnl","10011","정보",,""
"20:46:59.3493249","DxgKrnl","10011","정보",,""
"20:46:59.3493760","DxgKrnl","10011","정보",,""
"20:46:59.3493798","DxgKrnl","10011","정보",,""
"20:46:59.3493818","DxgKrnl","10011","정보",,""
"20:46:59.3497018","DxgKrnl","10011","정보",,""
"20:46:59.3497344","DxgKrnl","10011","정보",,""
"20:46:59.3513463","DxgKrnl","10011","정보",,""
"20:46:59.3514061","DxgKrnl","10011","정보",,""
"20:46:59.3514419","DxgKrnl","10011","정보",,""
"20:46:59.3516190","DxgKrnl","10011","정보",,""
"20:46:59.3516201","DxgKrnl","10011","정보",,""
"20:46:59.3516948","DxgKrnl","10011","정보",,""
"20:46:59.3516951","DxgKrnl","10011","정보",,""
"20:46:59.3517809","DxgKrnl","10011","정보",,""
"20:46:59.3517824","DxgKrnl","10011","정보",,""
"20:46:59.3517921","DxgKrnl","10011","정보",,""
"20:46:59.3519087","DxgKrnl","10011","정보",,""
"20:46:59.3560009","DxgKrnl","10011","정보",,""
"20:46:59.3566486","DxgKrnl","10011","정보",,""
"20:46:59.3567339","DxgKrnl","10011","정보",,""
"20:46:59.3567841","DxgKrnl","10011","정보",,""
"20:46:59.3593138","DxgKrnl","10011","정보",,""
"20:46:59.3593803","DxgKrnl","10011","정보",,""
"20:47:00.1558186","DxgKrnl","10011","정보",,""
"20:47:00.1591187","DxgKrnl","10011","정보",,""
"20:47:00.4061423","Kernel-PnP","220","시작",,"Begin querying bus relations for device PCI\VEN_1002&DEV_7550&SUBSYS_E4891DA2&REV_C0\6&8916a45&0&00000009"
"20:47:00.4062767","DxgKrnl","10011","정보",,""
"20:47:00.4062779","DxgKrnl","10011","정보",,""
"20:47:00.4066822","DxgKrnl","10011","정보",,""
"20:47:00.4067893","DxgKrnl","10011","정보",,""
"20:47:00.4080244","DxgKrnl","10011","정보",,""
"20:47:00.4080873","DxgKrnl","10011","정보",,""
"20:47:00.4087397","DxgKrnl","10011","정보",,""
"20:47:00.4098925","DxgKrnl","10011","정보",,""
"20:47:00.4101964","Kernel-PnP","222","시작",,"End querying bus relations for device PCI\VEN_1002&DEV_7550&SUBSYS_E4891DA2&REV_C0\6&8916a45&0&00000009"
"20:47:00.4102929","Kernel-PnP","220","시작",,"Begin querying bus relations for device SWD\DRIVERENUM\AMDCP&7&16b8ddb4&0"
"20:47:00.4102957","Kernel-PnP","222","시작",,"End querying bus relations for device SWD\DRIVERENUM\AMDCP&7&16b8ddb4&0"
"20:47:00.4103038","Kernel-PnP","220","시작",,"Begin querying bus relations for device SWD\DRIVERENUM\AMDFDANS&7&16b8ddb4&0"
"20:47:00.4103047","Kernel-PnP","222","시작",,"End querying bus relations for device SWD\DRIVERENUM\AMDFDANS&7&16b8ddb4&0"
"20:47:00.4103102","Kernel-PnP","220","시작",,"Begin querying bus relations for device SWD\DRIVERENUM\AMDOCL&7&16b8ddb4&0"
"20:47:00.4103111","Kernel-PnP","222","시작",,"End querying bus relations for device SWD\DRIVERENUM\AMDOCL&7&16b8ddb4&0"
"20:47:00.4103182","Kernel-PnP","220","시작",,"Begin querying bus relations for device SWD\DRIVERENUM\AMDOGL&7&16b8ddb4&0"
"20:47:00.4103190","Kernel-PnP","222","시작",,"End querying bus relations for device SWD\DRIVERENUM\AMDOGL&7&16b8ddb4&0"
"20:47:00.4103241","Kernel-PnP","220","시작",,"Begin querying bus relations for device SWD\DRIVERENUM\AMDVLK&7&16b8ddb4&0"
"20:47:00.4103249","Kernel-PnP","222","시작",,"End querying bus relations for device SWD\DRIVERENUM\AMDVLK&7&16b8ddb4&0"
"20:47:00.4103373","Kernel-PnP","220","시작",,"Begin querying bus relations for device SWD\DRIVERENUM\AMDWIN&7&16b8ddb4&0"
"20:47:00.4103384","Kernel-PnP","222","시작",,"End querying bus relations for device SWD\DRIVERENUM\AMDWIN&7&16b8ddb4&0"
"20:47:00.4103435","Kernel-PnP","220","시작",,"Begin querying bus relations for device DISPLAY\BBC0104\7&16b8ddb4&0&UID265"
"20:47:00.4103489","Kernel-PnP","222","시작",,"End querying bus relations for device DISPLAY\BBC0104\7&16b8ddb4&0&UID265"
"20:47:00.4103571","Kernel-PnP","220","시작",,"Begin querying bus relations for device DISPLAY\SAM79DF\7&16b8ddb4&0&UID256"
"20:47:00.4103596","Kernel-PnP","222","시작",,"End querying bus relations for device DISPLAY\SAM79DF\7&16b8ddb4&0&UID256"
"20:47:00.4112090","DxgKrnl","10011","정보",,""
"20:47:00.4116822","DxgKrnl","10011","정보",,""
"20:47:00.4175927","Kernel-PnP","808","시작",,"End device add, status (STATUS_SUCCESS)"
"20:47:00.4179943","Kernel-PnP","220","시작",,"Begin querying bus relations for device DISPLAY\SAM7B0C\7&16b8ddb4&0&UID260"
"20:47:00.4179972","Kernel-PnP","222","시작",,"End querying bus relations for device DISPLAY\SAM7B0C\7&16b8ddb4&0&UID260"
"20:47:00.4183050","DxgKrnl","10011","정보",,""
"20:47:00.4209070","DxgKrnl","10011","정보",,""
"20:47:00.4209489","DxgKrnl","10011","정보",,""
"20:47:00.4209912","DxgKrnl","10011","정보",,""
"20:47:00.4209972","DxgKrnl","10011","정보",,""
"20:47:00.4209996","DxgKrnl","10011","정보",,""
"20:47:00.4254100","DxgKrnl","10011","정보",,""
"20:47:00.4254512","DxgKrnl","10011","정보",,""
"20:47:00.5289969","DxgKrnl","10011","정보",,""
"20:47:00.5391242","DxgKrnl","10011","정보",,""
"20:47:00.5392238","DxgKrnl","10011","정보",,""
"20:47:00.5392737","DxgKrnl","10011","정보",,""
"20:47:00.5407199","DxgKrnl","10011","정보",,""
"20:47:00.5407745","DxgKrnl","10011","정보",,""
"20:47:00.5410531","DxgKrnl","10011","정보",,""
"20:47:00.5411247","DxgKrnl","10011","정보",,""
"20:47:00.5411266","DxgKrnl","10011","정보",,""
"20:47:00.5411908","DxgKrnl","10011","정보",,""
"20:47:00.5411931","DxgKrnl","10011","정보",,""
"20:47:00.5412518","DxgKrnl","10011","정보",,""
"20:47:00.5412602","DxgKrnl","10011","정보",,""
"20:47:00.5413220","DxgKrnl","10011","정보",,""
"20:47:00.5433198","DxgKrnl","10011","정보",,""
"20:47:00.5433278","DxgKrnl","10011","정보",,""
"20:47:00.5434652","DxgKrnl","10011","정보",,""
"20:47:00.5434680","DxgKrnl","10011","정보",,""
"20:47:00.5464527","DxgKrnl","10011","정보",,""
"20:47:00.5474238","DxgKrnl","10011","정보",,""
"20:47:00.5474881","DxgKrnl","10011","정보",,""
"20:47:00.5482736","DxgKrnl","10011","정보",,""
"20:47:00.5483621","DxgKrnl","10011","정보",,""
"20:47:00.5501607","DxgKrnl","10011","정보",,""
"20:47:00.5502474","DxgKrnl","10011","정보",,""
"20:47:00.5537124","DxgKrnl","10011","정보",,""
"20:47:00.5539561","DxgKrnl","10011","정보",,""
"20:47:00.5539740","DxgKrnl","10011","정보",,""
"20:47:00.5541047","DxgKrnl","10011","정보",,""
"20:47:00.5541086","DxgKrnl","10011","정보",,""
"20:47:00.5570286","DxgKrnl","10011","정보",,""
"20:47:00.5586171","DxgKrnl","10011","정보",,""
"20:47:00.5586352","DxgKrnl","10011","정보",,""
"20:47:00.5586426","DxgKrnl","10011","정보",,""
"20:47:00.5586434","DxgKrnl","10011","정보",,""
"20:47:00.5591531","DxgKrnl","10011","정보",,""
"20:47:00.5592543","DxgKrnl","10011","정보",,""
"20:47:00.5594913","DxgKrnl","10011","정보",,""
"20:47:00.5595887","DxgKrnl","10011","정보",,""
"20:47:00.5691606","DxgKrnl","10011","정보",,""
"20:47:00.5692322","DxgKrnl","10011","정보",,""
"20:47:00.5692334","DxgKrnl","10011","정보",,""
"20:47:00.5693077","DxgKrnl","10011","정보",,""
"20:47:00.5693099","DxgKrnl","10011","정보",,""
"20:47:00.5693634","DxgKrnl","10011","정보",,""
"20:47:00.5693715","DxgKrnl","10011","정보",,""
"20:47:00.5694283","DxgKrnl","10011","정보",,""
"20:47:00.5700579","DxgKrnl","10011","정보",,""
"20:47:00.5701112","DxgKrnl","10011","정보",,""
"20:47:00.5733279","DxgKrnl","10011","정보",,""
"20:47:00.5740644","DxgKrnl","10011","정보",,""
"20:47:00.5855328","DxgKrnl","10011","정보",,""
"20:47:00.5856019","DxgKrnl","10011","정보",,""
"20:47:00.6040038","DxgKrnl","10011","정보",,""
"20:47:00.6040432","DxgKrnl","10011","정보",,""
"20:47:00.6041109","DxgKrnl","10011","정보",,""
"20:47:00.6041163","DxgKrnl","10011","정보",,""
"20:47:00.6041185","DxgKrnl","10011","정보",,""
"20:47:00.6086130","DxgKrnl","10011","정보",,""
"20:47:00.6086761","DxgKrnl","10011","정보",,""
"20:47:00.6116036","DxgKrnl","10011","정보",,""
"20:47:00.6116575","DxgKrnl","10011","정보",,""
"20:47:00.6116872","DxgKrnl","10011","정보",,""
"20:47:00.6119468","DxgKrnl","10011","정보",,""
"20:47:00.6119585","DxgKrnl","10011","정보",,""
"20:47:00.6119606","DxgKrnl","10011","정보",,""
"20:47:00.6120188","DxgKrnl","10011","정보",,""
"20:47:00.6121629","DxgKrnl","10011","정보",,""
"20:47:00.6121683","DxgKrnl","10011","정보",,""
"20:47:00.6122544","DxgKrnl","10011","정보",,""
"20:47:00.6122551","DxgKrnl","10011","정보",,""
"20:47:00.6125382","DxgKrnl","10011","정보",,""
"20:47:00.6125396","DxgKrnl","10011","정보",,""
"20:47:00.6125478","DxgKrnl","10011","정보",,""
"20:47:00.6125492","DxgKrnl","10011","정보",,""
"20:47:00.6172280","DxgKrnl","10011","정보",,""
"20:47:00.6173165","DxgKrnl","10011","정보",,""
"20:47:00.6238400","DxgKrnl","10011","정보",,""
"20:47:00.6239057","DxgKrnl","10011","정보",,""
"20:47:00.6551251","DxgKrnl","10011","정보",,""
"20:47:00.6559852","DxgKrnl","10011","정보",,""
"20:47:00.8649833","DxgKrnl","10011","정보",,""
"20:47:00.8650613","DxgKrnl","10011","정보",,""
"20:47:00.8650631","DxgKrnl","10011","정보",,""
"20:47:00.8651225","DxgKrnl","10011","정보",,""
"20:47:00.8651244","DxgKrnl","10011","정보",,""
"20:47:00.8651784","DxgKrnl","10011","정보",,""
"20:47:00.8652006","DxgKrnl","10011","정보",,""
"20:47:00.8652545","DxgKrnl","10011","정보",,""
"20:47:01.1510319","DxgKrnl","10011","정보",,""
"20:47:01.1511161","DxgKrnl","10011","정보",,""
"20:47:01.1560868","DxgKrnl","10011","정보",,""
"20:47:01.1561482","DxgKrnl","10011","정보",,""
"20:47:01.1562263","DxgKrnl","10011","정보",,""
"20:47:01.1562303","DxgKrnl","10011","정보",,""
"20:47:01.1562324","DxgKrnl","10011","정보",,""
"20:47:01.1606569","DxgKrnl","10011","정보",,""
"20:47:01.1607179","DxgKrnl","10011","정보",,""
"20:47:01.1682846","DxgKrnl","10011","정보",,""
"20:47:01.1683615","DxgKrnl","10011","정보",,""
"20:47:01.1684374","DxgKrnl","10011","정보",,""
"20:47:01.1698979","DxgKrnl","10011","정보",,""
"20:47:01.1699534","DxgKrnl","10011","정보",,""
"20:47:01.1700211","DxgKrnl","10011","정보",,""
"20:47:01.1700751","DxgKrnl","10011","정보",,""
"20:47:01.1700765","DxgKrnl","10011","정보",,""
"20:47:01.1701317","DxgKrnl","10011","정보",,""
"20:47:01.1701340","DxgKrnl","10011","정보",,""
"20:47:01.1701905","DxgKrnl","10011","정보",,""
"20:47:01.1701963","DxgKrnl","10011","정보",,""
"20:47:01.1702519","DxgKrnl","10011","정보",,""
"20:47:01.1721063","DxgKrnl","10011","정보",,""
"20:47:01.1721205","DxgKrnl","10011","정보",,""
"20:47:01.1721219","DxgKrnl","10011","정보",,""
"20:47:01.1721454","DxgKrnl","10011","정보",,""
"20:47:01.1721770","DxgKrnl","10011","정보",,""
"20:47:01.1723966","DxgKrnl","10011","정보",,""
"20:47:01.1725313","DxgKrnl","10011","정보",,""
"20:47:01.1725357","DxgKrnl","10011","정보",,""
"20:47:01.1732550","DxgKrnl","10011","정보",,""
"20:47:01.1740199","DxgKrnl","10011","정보",,""
"20:47:01.1741195","DxgKrnl","10011","정보",,""
"20:47:01.1753595","DxgKrnl","10011","정보",,""
"20:47:01.1754527","DxgKrnl","10011","정보",,""
"20:47:01.3856779","DxgKrnl","10011","정보",,""
"20:47:01.3857563","DxgKrnl","10011","정보",,""
"20:47:01.3884321","DxgKrnl","10011","정보",,""
"20:47:01.3891537","DxgKrnl","10011","정보",,""
"20:47:01.3912472","DxgKrnl","10011","정보",,""
"20:47:01.3913197","DxgKrnl","10011","정보",,""
"20:47:01.3977307","DxgKrnl","10011","정보",,""
"20:47:01.3978189","DxgKrnl","10011","정보",,""
"20:47:01.4049085","DxgKrnl","10011","정보",,""
"20:47:01.4055732","DxgKrnl","10011","정보",,""
"20:47:01.4098040","DxgKrnl","10011","정보",,""
"20:47:01.4098756","DxgKrnl","10011","정보",,""
"20:47:01.4274621","DxgKrnl","10011","정보",,""
"20:47:01.4275673","DxgKrnl","10011","정보",,""
"20:47:01.4276486","DxgKrnl","10011","정보",,""
"20:47:01.4276533","DxgKrnl","10011","정보",,""
"20:47:01.4276555","DxgKrnl","10011","정보",,""
"20:47:01.4321069","DxgKrnl","10011","정보",,""
"20:47:01.4321835","DxgKrnl","10011","정보",,""
"20:47:01.4394145","DxgKrnl","10011","정보",,""
"20:47:01.4394787","DxgKrnl","10011","정보",,""
"20:47:01.4395284","DxgKrnl","10011","정보",,""
"20:47:01.4408993","DxgKrnl","10011","정보",,""
"20:47:01.4409551","DxgKrnl","10011","정보",,""
"20:47:01.4410216","DxgKrnl","10011","정보",,""
"20:47:01.4410762","DxgKrnl","10011","정보",,""
"20:47:01.4410778","DxgKrnl","10011","정보",,""
"20:47:01.4411348","DxgKrnl","10011","정보",,""
"20:47:01.4411368","DxgKrnl","10011","정보",,""
"20:47:01.4411887","DxgKrnl","10011","정보",,""
"20:47:01.4411947","DxgKrnl","10011","정보",,""
"20:47:01.4412502","DxgKrnl","10011","정보",,""
"20:47:01.4433689","DxgKrnl","10011","정보",,""
"20:47:01.4433745","DxgKrnl","10011","정보",,""
"20:47:01.4436893","DxgKrnl","10011","정보",,""
"20:47:01.4436997","DxgKrnl","10011","정보",,""
"20:47:01.4438968","DxgKrnl","10011","정보",,""
"20:47:01.4439007","DxgKrnl","10011","정보",,""
"20:47:01.4439091","DxgKrnl","10011","정보",,""
"20:47:01.4440221","DxgKrnl","10011","정보",,""
"20:47:01.4480291","DxgKrnl","10011","정보",,""
"20:47:01.4495746","DxgKrnl","10011","정보",,""
"20:47:01.4496620","DxgKrnl","10011","정보",,""
"20:47:01.4498431","DxgKrnl","10011","정보",,""
"20:47:01.4499167","DxgKrnl","10011","정보",,""
"20:47:01.6111029","DxgKrnl","10011","정보",,""
"20:47:01.6118500","DxgKrnl","10011","정보",,""
"20:47:01.6520689","DxgKrnl","10011","정보",,""
"20:47:01.6521587","DxgKrnl","10011","정보",,""
"20:47:01.6571463","DxgKrnl","10011","정보",,""
"20:47:01.6572156","DxgKrnl","10011","정보",,""
"20:47:01.6636435","DxgKrnl","10011","정보",,""
"20:47:01.6637110","DxgKrnl","10011","정보",,""
"20:47:01.6704279","DxgKrnl","10011","정보",,""
"20:47:01.6705066","DxgKrnl","10011","정보",,""
"20:47:01.6766103","DxgKrnl","10011","정보",,""
"20:47:01.6766783","DxgKrnl","10011","정보",,""
"20:52:45.1411478","DxgKrnl","10011","정보",,""
"20:52:45.1412374","DxgKrnl","10011","정보",,""
"20:52:45.1426122","DxgKrnl","10011","정보",,""
"20:52:45.1426622","DxgKrnl","10011","정보",,""
"20:52:45.1427420","DxgKrnl","10011","정보",,""
"20:52:45.1427482","DxgKrnl","10011","정보",,""
"20:52:45.1427506","DxgKrnl","10011","정보",,""
"20:52:45.1430718","DxgKrnl","10011","정보",,""
"20:52:45.1431355","DxgKrnl","10011","정보",,""
"20:52:45.4089317","DxgKrnl","10011","정보",,""
"20:52:45.4089940","DxgKrnl","10011","정보",,""
"20:52:45.4273940","DxgKrnl","10011","정보",,""
"20:52:45.4274567","DxgKrnl","10011","정보",,""
"20:52:45.4275030","DxgKrnl","10011","정보",,""
"20:52:45.4296642","DxgKrnl","10011","정보",,""
"20:52:45.4297221","DxgKrnl","10011","정보",,""
"20:52:45.4299646","DxgKrnl","10011","정보",,""
"20:52:45.4300404","DxgKrnl","10011","정보",,""
"20:52:45.4300426","DxgKrnl","10011","정보",,""
"20:52:45.4300937","DxgKrnl","10011","정보",,""
"20:52:45.4322137","DxgKrnl","10011","정보",,""
"20:52:45.4322329","DxgKrnl","10011","정보",,""
"20:52:45.4322831","DxgKrnl","10011","정보",,""
"20:52:45.4323303","DxgKrnl","10011","정보",,""
"20:52:45.4324056","DxgKrnl","10011","정보",,""
"20:52:45.4324082","DxgKrnl","10011","정보",,""
"20:52:45.4336578","DxgKrnl","10011","정보",,""
"20:52:45.4340922","DxgKrnl","10011","정보",,""
"20:52:45.4341458","DxgKrnl","10011","정보",,""
"20:52:45.4350030","DxgKrnl","10011","정보",,""
"20:52:45.4350607","DxgKrnl","10011","정보",,""
"20:52:45.4350620","DxgKrnl","10011","정보",,""
"20:52:45.4351048","DxgKrnl","10011","정보",,""
"20:52:45.4357850","DxgKrnl","10011","정보",,""
"20:52:45.4358265","DxgKrnl","10011","정보",,""
"20:52:45.4360616","DxgKrnl","10011","정보",,""
"20:52:45.4361306","DxgKrnl","10011","정보",,""
"20:52:45.4400790","DxgKrnl","10011","정보",,""
"20:52:45.4409282","DxgKrnl","10011","정보",,""
"20:52:45.4418086","DxgKrnl","10011","정보",,""
"20:52:45.4418759","DxgKrnl","10011","정보",,""
"20:52:45.4425154","DxgKrnl","10011","정보",,""
"20:52:45.4426834","DxgKrnl","10011","정보",,""
"20:52:45.4427476","DxgKrnl","10011","정보",,""
"20:52:45.4436566","DxgKrnl","10011","정보",,""
"20:52:45.4437344","DxgKrnl","10011","정보",,""
"20:52:45.4444155","DxgKrnl","10011","정보",,""
"20:52:45.4452498","DxgKrnl","10011","정보",,""
"20:52:45.4456384","DxgKrnl","10011","정보",,""
"20:52:45.4456617","DxgKrnl","10011","정보",,""
"20:52:45.4457370","DxgKrnl","10011","정보",,""
"20:52:45.4457761","DxgKrnl","10011","정보",,""
"20:52:45.4458382","DxgKrnl","10011","정보",,""
"20:52:45.4468009","DxgKrnl","10011","정보",,""
"20:52:45.4468655","DxgKrnl","10011","정보",,""
"20:52:45.4468661","DxgKrnl","10011","정보",,""
"20:52:45.4469788","DxgKrnl","10011","정보",,""
"20:52:45.4469831","DxgKrnl","10011","정보",,""
"20:52:45.4476018","DxgKrnl","10011","정보",,""
"20:52:45.4482910","DxgKrnl","10011","정보",,""
"20:52:45.4483416","DxgKrnl","10011","정보",,""
"20:52:45.4484215","DxgKrnl","10011","정보",,""
"20:52:45.4484840","DxgKrnl","10011","정보",,""
"20:52:45.4489220","DxgKrnl","10011","정보",,""
"20:52:45.4489941","DxgKrnl","10011","정보",,""
"20:52:45.4493700","DxgKrnl","10011","정보",,""
"20:52:45.4494331","DxgKrnl","10011","정보",,""
"20:52:45.4506982","DxgKrnl","10011","정보",,""
"20:52:45.4507973","DxgKrnl","10011","정보",,""
"20:52:45.4508225","DxgKrnl","10011","정보",,""
"20:52:45.4509420","DxgKrnl","10011","정보",,""
"20:52:45.4510499","DxgKrnl","10011","정보",,""
"20:52:45.4511571","DxgKrnl","10011","정보",,""
"20:52:45.4514642","DxgKrnl","10011","정보",,""
"20:52:45.4515488","DxgKrnl","10011","정보",,""
"20:52:45.4517054","DxgKrnl","10011","정보",,""
"20:52:45.4518105","DxgKrnl","10011","정보",,""
"20:52:45.4518657","DxgKrnl","10011","정보",,""
"20:52:45.4521479","DxgKrnl","10011","정보",,""
"20:52:45.4522276","DxgKrnl","10011","정보",,""
"20:52:45.4539819","DxgKrnl","10011","정보",,""
"20:52:45.4540408","DxgKrnl","10011","정보",,""
"20:52:45.4552651","DxgKrnl","10011","정보",,""
"20:52:45.4553627","DxgKrnl","10011","정보",,""
"20:52:45.4562411","DxgKrnl","10011","정보",,""
"20:52:45.4562987","DxgKrnl","10011","정보",,""
"20:52:45.4605100","DxgKrnl","10011","정보",,""
"20:52:45.4609690","DxgKrnl","10011","정보",,""
"20:52:45.4609828","DxgKrnl","10011","정보",,""
"20:52:45.4609886","DxgKrnl","10011","정보",,""
"20:52:45.4609893","DxgKrnl","10011","정보",,""
"20:52:45.4621775","DxgKrnl","10011","정보",,""
"20:52:45.4622337","DxgKrnl","10011","정보",,""
"20:52:45.4635950","DxgKrnl","10011","정보",,""
"20:52:45.4636509","DxgKrnl","10011","정보",,""
"20:52:45.4705681","DxgKrnl","10011","정보",,""
"20:52:45.4706008","DxgKrnl","10011","정보",,""
"20:52:45.4706663","DxgKrnl","10011","정보",,""
"20:52:45.4706717","DxgKrnl","10011","정보",,""
"20:52:45.4706750","DxgKrnl","10011","정보",,""
"20:52:45.4712275","DxgKrnl","10011","정보",,""
"20:52:45.4712739","DxgKrnl","10011","정보",,""
"20:52:45.4731015","DxgKrnl","10011","정보",,""
"20:52:45.4731545","DxgKrnl","10011","정보",,""
"20:52:45.4732206","DxgKrnl","10011","정보",,""
"20:52:45.4735913","DxgKrnl","10011","정보",,""
"20:52:45.4735961","DxgKrnl","10011","정보",,""
"20:52:45.4736171","DxgKrnl","10011","정보",,""
"20:52:45.4736338","DxgKrnl","10011","정보",,""
"20:52:45.4736348","DxgKrnl","10011","정보",,""
"20:52:45.4736478","DxgKrnl","10011","정보",,""
"20:52:45.4738209","DxgKrnl","10011","정보",,""
"20:52:45.4738241","DxgKrnl","10011","정보",,""
"20:52:45.4739388","DxgKrnl","10011","정보",,""
"20:52:45.4739391","DxgKrnl","10011","정보",,""
"20:52:45.4739453","DxgKrnl","10011","정보",,""
"20:52:45.4740969","DxgKrnl","10011","정보",,""
"20:52:45.4758211","DxgKrnl","10011","정보",,""
"20:52:45.4758843","DxgKrnl","10011","정보",,""
"20:52:45.4790426","DxgKrnl","10011","정보",,""
"20:52:45.4790960","DxgKrnl","10011","정보",,""
"20:52:45.4802761","DxgKrnl","10011","정보",,""
"20:52:45.4803330","DxgKrnl","10011","정보",,""
"20:52:45.4998834","DxgKrnl","10011","정보",,""
"20:52:45.4999553","DxgKrnl","10011","정보",,""
"20:52:45.5020848","DxgKrnl","10011","정보",,""
"20:52:45.5021475","DxgKrnl","10011","정보",,""
"20:52:45.6700612","DxgKrnl","10011","정보",,""
"20:52:45.6708960","DxgKrnl","10011","정보",,""
"20:52:46.0857792","DxgKrnl","10011","정보",,""
"20:52:46.0858572","DxgKrnl","10011","정보",,""
"20:52:47.4691196","DxgKrnl","10011","정보",,""
"20:52:47.4691915","DxgKrnl","10011","정보",,""
"20:52:47.4780956","DxgKrnl","10011","정보",,""
"20:52:47.4781915","DxgKrnl","10011","정보",,""
"20:52:47.4792759","DxgKrnl","10011","정보",,""
"20:52:47.4793038","DxgKrnl","10011","정보",,""
"20:52:47.4793536","DxgKrnl","10011","정보",,""
"20:52:47.4793570","DxgKrnl","10011","정보",,""
"20:52:47.4793592","DxgKrnl","10011","정보",,""
"20:52:47.4797350","DxgKrnl","10011","정보",,""
"20:52:47.4797792","DxgKrnl","10011","정보",,""
"20:52:47.5334202","DxgKrnl","10011","정보",,""
"20:52:47.5431945","DxgKrnl","10011","정보",,""
"20:52:47.5433382","DxgKrnl","10011","정보",,""
"20:52:47.5434130","DxgKrnl","10011","정보",,""
"20:52:47.5457103","DxgKrnl","10011","정보",,""
"20:52:47.5457566","DxgKrnl","10011","정보",,""
"20:52:47.5458341","DxgKrnl","10011","정보",,""
"20:52:47.5458784","DxgKrnl","10011","정보",,""
"20:52:47.5458800","DxgKrnl","10011","정보",,""
"20:52:47.5459198","DxgKrnl","10011","정보",,""
"20:52:47.5476596","DxgKrnl","10011","정보",,""
"20:52:47.5476723","DxgKrnl","10011","정보",,""
"20:52:47.5477751","DxgKrnl","10011","정보",,""
"20:52:47.5477784","DxgKrnl","10011","정보",,""
"20:52:47.5497467","DxgKrnl","10011","정보",,""
"20:52:47.5508581","DxgKrnl","10011","정보",,""
"20:52:47.5509083","DxgKrnl","10011","정보",,""
"20:52:47.5511792","DxgKrnl","10011","정보",,""
"20:52:47.5511848","DxgKrnl","10011","정보",,""
"20:52:47.5515028","DxgKrnl","10011","정보",,""
"20:52:47.5515094","DxgKrnl","10011","정보",,""
"20:52:47.5515824","DxgKrnl","10011","정보",,""
"20:52:47.5516008","DxgKrnl","10011","정보",,""
"20:52:47.5519678","DxgKrnl","10011","정보",,""
"20:52:47.5523891","DxgKrnl","10011","정보",,""
"20:52:47.5539043","DxgKrnl","10011","정보",,""
"20:52:47.5539916","DxgKrnl","10011","정보",,""
"20:52:47.5561347","DxgKrnl","10011","정보",,""
"20:52:47.5562118","DxgKrnl","10011","정보",,""
"20:52:47.5745772","DxgKrnl","10011","정보",,""
"20:52:47.5746418","DxgKrnl","10011","정보",,""
"20:52:47.5747225","DxgKrnl","10011","정보",,""
"20:52:47.5749602","DxgKrnl","10011","정보",,""
"20:52:47.5750278","DxgKrnl","10011","정보",,""
"20:52:47.5796549","DxgKrnl","10011","정보",,""
"20:52:47.5804074","DxgKrnl","10011","정보",,""
"20:52:47.5804331","DxgKrnl","10011","정보",,""
"20:52:47.5804422","DxgKrnl","10011","정보",,""
"20:52:47.5804446","DxgKrnl","10011","정보",,""
"20:52:47.5820185","DxgKrnl","10011","정보",,""
"20:52:47.5822844","DxgKrnl","10011","정보",,""
"20:52:47.5867333","DxgKrnl","10011","정보",,""
"20:52:47.5868272","DxgKrnl","10011","정보",,""
"20:52:47.6002522","DxgKrnl","10011","정보",,""
"20:52:47.6005880","DxgKrnl","10011","정보",,""
"20:52:47.6006451","DxgKrnl","10011","정보",,""
"20:52:47.6007875","DxgKrnl","10011","정보",,""
"20:52:47.6049270","DxgKrnl","10011","정보",,""
"20:52:47.6050097","DxgKrnl","10011","정보",,""
"20:52:47.6090050","DxgKrnl","10011","정보",,""
"20:52:47.6091256","DxgKrnl","10011","정보",,""
"20:52:47.6124007","DxgKrnl","10011","정보",,""
"20:52:47.6124604","DxgKrnl","10011","정보",,""
"20:52:47.6601036","DxgKrnl","10011","정보",,""
"20:52:47.6602040","DxgKrnl","10011","정보",,""
"20:52:47.6770801","DxgKrnl","10011","정보",,""
"20:52:47.6777635","DxgKrnl","10011","정보",,""
"20:52:47.7630691","DxgKrnl","10011","정보",,""
"20:52:47.7631037","DxgKrnl","10011","정보",,""
"20:52:47.7632177","DxgKrnl","10011","정보",,""
"20:52:47.7648921","DxgKrnl","10011","정보",,""
"20:52:47.7653583","DxgKrnl","10011","정보",,""
"20:52:47.7653740","DxgKrnl","10011","정보",,""
"20:52:47.7653814","DxgKrnl","10011","정보",,""
"20:52:47.7653822","DxgKrnl","10011","정보",,""
"20:52:47.7654905","DxgKrnl","10011","정보",,""
"20:52:47.7655702","DxgKrnl","10011","정보",,""
"20:52:47.7665127","DxgKrnl","10011","정보",,""
"20:52:47.7665740","DxgKrnl","10011","정보",,""
"20:52:47.7799672","DxgKrnl","10011","정보",,""
"20:52:47.7807501","DxgKrnl","10011","정보",,""
"20:52:47.7877317","DxgKrnl","10011","정보",,""
"20:52:47.7877839","DxgKrnl","10011","정보",,""
"21:02:20.5782100","DxgKrnl","10011","정보",,""
"21:02:20.5782938","DxgKrnl","10011","정보",,""
"21:02:20.5844780","DxgKrnl","10011","정보",,""
"21:02:20.5845294","DxgKrnl","10011","정보",,""
"21:02:20.5845890","DxgKrnl","10011","정보",,""
"21:02:20.5845939","DxgKrnl","10011","정보",,""
"21:02:20.5845964","DxgKrnl","10011","정보",,""
"21:02:20.5888096","DxgKrnl","10011","정보",,""
"21:02:20.5888610","DxgKrnl","10011","정보",,""
"21:02:20.8874890","DxgKrnl","10011","정보",,""
"21:02:20.8875234","DxgKrnl","10011","정보",,""
"21:02:20.8950525","DxgKrnl","10011","정보",,""
"21:02:20.8951348","DxgKrnl","10011","정보",,""
"21:02:20.8951919","DxgKrnl","10011","정보",,""
"21:02:20.8966975","DxgKrnl","10011","정보",,""
"21:02:20.8967561","DxgKrnl","10011","정보",,""
"21:02:20.8970469","DxgKrnl","10011","정보",,""
"21:02:20.8971125","DxgKrnl","10011","정보",,""
"21:02:20.8971150","DxgKrnl","10011","정보",,""
"21:02:20.8971723","DxgKrnl","10011","정보",,""
"21:02:20.8971745","DxgKrnl","10011","정보",,""
"21:02:20.8972305","DxgKrnl","10011","정보",,""
"21:02:20.8972373","DxgKrnl","10011","정보",,""
"21:02:20.8972936","DxgKrnl","10011","정보",,""
"21:02:20.8996900","DxgKrnl","10011","정보",,""
"21:02:20.8997632","DxgKrnl","10011","정보",,""
"21:02:20.9015630","DxgKrnl","10011","정보",,""
"21:02:20.9016844","DxgKrnl","10011","정보",,""
"21:02:20.9017934","DxgKrnl","10011","정보",,""
"21:02:20.9020459","DxgKrnl","10011","정보",,""
"21:02:20.9020492","DxgKrnl","10011","정보",,""
"21:02:20.9025820","DxgKrnl","10011","정보",,""
"21:02:20.9027076","DxgKrnl","10011","정보",,""
"21:02:20.9027857","DxgKrnl","10011","정보",,""
"21:02:20.9032901","DxgKrnl","10011","정보",,""
"21:02:20.9033786","DxgKrnl","10011","정보",,""
"21:02:20.9043793","DxgKrnl","10011","정보",,""
"21:02:20.9044495","DxgKrnl","10011","정보",,""
"21:02:20.9044510","DxgKrnl","10011","정보",,""
"21:02:20.9045090","DxgKrnl","10011","정보",,""
"21:02:20.9045116","DxgKrnl","10011","정보",,""
"21:02:20.9045775","DxgKrnl","10011","정보",,""
"21:02:20.9045840","DxgKrnl","10011","정보",,""
"21:02:20.9046401","DxgKrnl","10011","정보",,""
"21:02:20.9052619","DxgKrnl","10011","정보",,""
"21:02:20.9053215","DxgKrnl","10011","정보",,""
"21:02:20.9082367","DxgKrnl","10011","정보",,""
"21:02:20.9083616","DxgKrnl","10011","정보",,""
"21:02:20.9084370","DxgKrnl","10011","정보",,""
"21:02:20.9090379","DxgKrnl","10011","정보",,""
"21:02:20.9091075","DxgKrnl","10011","정보",,""
"21:02:20.9104070","DxgKrnl","10011","정보",,""
"21:02:20.9111957","DxgKrnl","10011","정보",,""
"21:02:20.9112757","DxgKrnl","10011","정보",,""
"21:02:20.9113297","DxgKrnl","10011","정보",,""
"21:02:20.9113352","DxgKrnl","10011","정보",,""
"21:02:20.9114937","DxgKrnl","10011","정보",,""
"21:02:20.9114938","DxgKrnl","10011","정보",,""
"21:02:20.9122130","DxgKrnl","10011","정보",,""
"21:02:20.9122852","DxgKrnl","10011","정보",,""
"21:02:20.9140652","DxgKrnl","10011","정보",,""
"21:02:20.9141421","DxgKrnl","10011","정보",,""
"21:02:20.9184983","DxgKrnl","10011","정보",,""
"21:02:20.9186094","DxgKrnl","10011","정보",,""
"21:02:20.9186120","DxgKrnl","10011","정보",,""
"21:02:20.9197520","DxgKrnl","10011","정보",,""
"21:02:20.9197750","DxgKrnl","10011","정보",,""
"21:02:20.9197764","DxgKrnl","10011","정보",,""
"21:02:20.9200560","DxgKrnl","10011","정보",,""
"21:02:20.9200599","DxgKrnl","10011","정보",,""
"21:02:20.9200640","DxgKrnl","10011","정보",,""
"21:02:20.9206726","DxgKrnl","10011","정보",,""
"21:02:20.9207469","DxgKrnl","10011","정보",,""
"21:02:20.9208270","DxgKrnl","10011","정보",,""
"21:02:20.9211219","DxgKrnl","10011","정보",,""
"21:02:20.9211985","DxgKrnl","10011","정보",,""
"21:02:20.9264372","DxgKrnl","10011","정보",,""
"21:02:20.9265684","DxgKrnl","10011","정보",,""
"21:02:20.9265729","DxgKrnl","10011","정보",,""
"21:02:20.9267755","DxgKrnl","10011","정보",,""
"21:02:20.9267762","DxgKrnl","10011","정보",,""
"21:02:20.9270144","DxgKrnl","10011","정보",,""
"21:02:20.9270467","DxgKrnl","10011","정보",,""
"21:02:20.9274101","DxgKrnl","10011","정보",,""
"21:02:20.9274127","DxgKrnl","10011","정보",,""
"21:02:20.9275635","DxgKrnl","10011","정보",,""
"21:02:20.9276223","DxgKrnl","10011","정보",,""
"21:02:20.9277419","DxgKrnl","10011","정보",,""
"21:02:20.9277831","DxgKrnl","10011","정보",,""
"21:02:20.9281743","DxgKrnl","10011","정보",,""
"21:02:20.9281767","DxgKrnl","10011","정보",,""
"21:02:20.9287318","DxgKrnl","10011","정보",,""
"21:02:20.9335902","DxgKrnl","10011","정보",,""
"21:02:20.9338132","DxgKrnl","10011","정보",,""
"21:02:20.9338791","DxgKrnl","10011","정보",,""
"21:02:20.9338818","DxgKrnl","10011","정보",,""
"21:02:20.9340205","DxgKrnl","10011","정보",,""
"21:02:20.9340386","DxgKrnl","10011","정보",,""
"21:02:20.9340891","DxgKrnl","10011","정보",,""
"21:02:20.9350677","DxgKrnl","10011","정보",,""
"21:02:20.9358175","DxgKrnl","10011","정보",,""
"21:02:20.9359354","DxgKrnl","10011","정보",,""
"21:02:20.9410457","DxgKrnl","10011","정보",,""
"21:02:20.9411160","DxgKrnl","10011","정보",,""
"21:02:20.9431838","DxgKrnl","10011","정보",,""
"21:02:20.9432551","DxgKrnl","10011","정보",,""
"21:02:20.9491350","DxgKrnl","10011","정보",,""
"21:02:20.9507349","DxgKrnl","10011","정보",,""
"21:02:20.9507524","DxgKrnl","10011","정보",,""
"21:02:20.9507595","DxgKrnl","10011","정보",,""
"21:02:20.9507602","DxgKrnl","10011","정보",,""
"21:02:20.9515002","DxgKrnl","10011","정보",,""
"21:02:20.9515719","DxgKrnl","10011","정보",,""
"21:02:20.9546376","DxgKrnl","10011","정보",,""
"21:02:20.9547082","DxgKrnl","10011","정보",,""
"21:02:20.9617875","DxgKrnl","10011","정보",,""
"21:02:20.9618513","DxgKrnl","10011","정보",,""
"21:02:20.9619244","DxgKrnl","10011","정보",,""
"21:02:20.9619517","DxgKrnl","10011","정보",,""
"21:02:20.9620812","DxgKrnl","10011","정보",,""
"21:02:20.9647388","DxgKrnl","10011","정보",,""
"21:02:20.9647766","DxgKrnl","10011","정보",,""
"21:02:20.9648495","DxgKrnl","10011","정보",,""
"21:02:20.9648554","DxgKrnl","10011","정보",,""
"21:02:20.9648577","DxgKrnl","10011","정보",,""
"21:02:20.9695474","DxgKrnl","10011","정보",,""
"21:02:20.9696118","DxgKrnl","10011","정보",,""
"21:02:20.9759600","DxgKrnl","10011","정보",,""
"21:02:20.9760603","DxgKrnl","10011","정보",,""
"21:02:20.9760966","DxgKrnl","10011","정보",,""
"21:02:20.9774453","DxgKrnl","10011","정보",,""
"21:02:20.9775001","DxgKrnl","10011","정보",,""
"21:02:20.9776014","DxgKrnl","10011","정보",,""
"21:02:20.9776612","DxgKrnl","10011","정보",,""
"21:02:20.9776632","DxgKrnl","10011","정보",,""
"21:02:20.9777168","DxgKrnl","10011","정보",,""
"21:02:20.9777198","DxgKrnl","10011","정보",,""
"21:02:20.9777983","DxgKrnl","10011","정보",,""
"21:02:20.9778082","DxgKrnl","10011","정보",,""
"21:02:20.9778867","DxgKrnl","10011","정보",,""
"21:02:20.9797344","DxgKrnl","10011","정보",,""
"21:02:20.9797377","DxgKrnl","10011","정보",,""
"21:02:20.9797400","DxgKrnl","10011","정보",,""
"21:02:20.9797506","DxgKrnl","10011","정보",,""
"21:02:20.9797664","DxgKrnl","10011","정보",,""
"21:02:20.9801401","DxgKrnl","10011","정보",,""
"21:02:20.9801461","DxgKrnl","10011","정보",,""
"21:02:20.9823337","DxgKrnl","10011","정보",,""
"21:02:20.9836020","DxgKrnl","10011","정보",,""
"21:02:20.9836219","DxgKrnl","10011","정보",,""
"21:02:20.9836298","DxgKrnl","10011","정보",,""
"21:02:20.9836307","DxgKrnl","10011","정보",,""
"21:02:20.9837899","DxgKrnl","10011","정보",,""
"21:02:20.9839997","DxgKrnl","10011","정보",,""
"21:02:20.9840153","DxgKrnl","10011","정보",,""
"21:02:20.9845329","DxgKrnl","10011","정보",,""
"21:02:20.9846197","DxgKrnl","10011","정보",,""
"21:02:20.9847148","DxgKrnl","10011","정보",,""
"21:02:20.9847162","DxgKrnl","10011","정보",,""
"21:02:20.9914526","DxgKrnl","10011","정보",,""
"21:02:20.9915178","DxgKrnl","10011","정보",,""
"21:02:20.9916112","DxgKrnl","10011","정보",,""
"21:02:20.9941770","DxgKrnl","10011","정보",,""
"21:02:20.9942850","DxgKrnl","10011","정보",,""
"21:02:21.0004715","DxgKrnl","10011","정보",,""
"21:02:21.0005389","DxgKrnl","10011","정보",,""
"21:02:21.0052721","DxgKrnl","10011","정보",,""
"21:02:21.0053592","DxgKrnl","10011","정보",,""
"21:02:21.0073684","DxgKrnl","10011","정보",,""
"21:02:21.0074807","DxgKrnl","10011","정보",,""
"21:02:21.0075314","DxgKrnl","10011","정보",,""
"21:02:21.0087834","DxgKrnl","10011","정보",,""
"21:02:21.0088019","DxgKrnl","10011","정보",,""
"21:02:21.0088839","DxgKrnl","10011","정보",,""
"21:02:21.0102231","DxgKrnl","10011","정보",,""
"21:02:21.0103135","DxgKrnl","10011","정보",,""
"21:02:21.0235045","DxgKrnl","10011","정보",,""
"21:02:21.0246500","DxgKrnl","10011","정보",,""
"21:02:21.0249989","DxgKrnl","10011","정보",,""
"21:02:21.0250813","DxgKrnl","10011","정보",,""
"21:02:21.0463226","Kernel-PnP","220","시작",,"Begin querying bus relations for device PCI\VEN_1002&DEV_7550&SUBSYS_E4891DA2&REV_C0\6&8916a45&0&00000009"
"21:02:21.1543441","DxgKrnl","10011","정보",,""
"21:02:21.1772471","DxgKrnl","10011","정보",,""
"21:02:21.1775045","DxgKrnl","10011","정보",,""
"21:02:21.1775249","DxgKrnl","10011","정보",,""
"21:02:21.1786614","DxgKrnl","10011","정보",,""
"21:02:21.2694918","DxgKrnl","10011","정보",,""
"21:02:21.2696067","Kernel-PnP","222","시작",,"End querying bus relations for device PCI\VEN_1002&DEV_7550&SUBSYS_E4891DA2&REV_C0\6&8916a45&0&00000009"
"21:02:21.2698139","Kernel-PnP","1010","시작",,"버스에 누락 된 것으로 보고 된 장치 DISPLAY\SAM79DF\7&16b8ddb4&0&UID256이 (가) 제거 되었습니다. 제거 된 장치 수 | 개수: 1"
"21:02:21.2700201","DxgKrnl","10011","정보",,""
"21:02:21.2700277","DxgKrnl","10011","정보",,""
"21:02:21.2700305","DxgKrnl","10011","정보",,""
"21:02:21.2700343","DxgKrnl","10011","정보",,""
"21:02:21.2703379","DxgKrnl","10011","정보",,""
"21:02:21.2704944","Kernel-PnP","1010","시작",,"버스에 누락 된 것으로 보고 된 장치 DISPLAY\SAM7B0C\7&16b8ddb4&0&UID260이 (가) 제거 되었습니다. 제거 된 장치 수 | 개수: 1"
"21:02:21.2705484","DxgKrnl","10011","정보",,""
"21:02:21.2709299","DxgKrnl","10011","정보",,""
"21:02:21.2709333","DxgKrnl","10011","정보",,""
"21:02:21.2710407","Kernel-PnP","220","시작",,"Begin querying bus relations for device SWD\DRIVERENUM\AMDCP&7&16b8ddb4&0"
"21:02:21.2710662","Kernel-PnP","222","시작",,"End querying bus relations for device SWD\DRIVERENUM\AMDCP&7&16b8ddb4&0"
"21:02:21.2710816","Kernel-PnP","220","시작",,"Begin querying bus relations for device SWD\DRIVERENUM\AMDFDANS&7&16b8ddb4&0"
"21:02:21.2710834","Kernel-PnP","222","시작",,"End querying bus relations for device SWD\DRIVERENUM\AMDFDANS&7&16b8ddb4&0"
"21:02:21.2710907","Kernel-PnP","220","시작",,"Begin querying bus relations for device SWD\DRIVERENUM\AMDOCL&7&16b8ddb4&0"
"21:02:21.2710917","Kernel-PnP","222","시작",,"End querying bus relations for device SWD\DRIVERENUM\AMDOCL&7&16b8ddb4&0"
"21:02:21.2710975","Kernel-PnP","220","시작",,"Begin querying bus relations for device SWD\DRIVERENUM\AMDOGL&7&16b8ddb4&0"
"21:02:21.2710986","Kernel-PnP","222","시작",,"End querying bus relations for device SWD\DRIVERENUM\AMDOGL&7&16b8ddb4&0"
"21:02:21.2711044","Kernel-PnP","220","시작",,"Begin querying bus relations for device SWD\DRIVERENUM\AMDVLK&7&16b8ddb4&0"
"21:02:21.2711055","Kernel-PnP","222","시작",,"End querying bus relations for device SWD\DRIVERENUM\AMDVLK&7&16b8ddb4&0"
"21:02:21.2711119","Kernel-PnP","220","시작",,"Begin querying bus relations for device SWD\DRIVERENUM\AMDWIN&7&16b8ddb4&0"
"21:02:21.2711131","Kernel-PnP","222","시작",,"End querying bus relations for device SWD\DRIVERENUM\AMDWIN&7&16b8ddb4&0"
"21:02:21.2711219","Kernel-PnP","220","시작",,"Begin querying bus relations for device DISPLAY\BBC0104\7&16b8ddb4&0&UID265"
"21:02:21.2711275","Kernel-PnP","222","시작",,"End querying bus relations for device DISPLAY\BBC0104\7&16b8ddb4&0&UID265"
"21:02:21.2735385","DxgKrnl","10011","정보",,""
"21:02:21.2966362","DxgKrnl","10011","정보",,""
"21:02:21.3042496","DxgKrnl","10011","정보",,""
"21:02:21.3043563","DxgKrnl","10011","정보",,""
"21:02:21.3053423","DxgKrnl","10011","정보",,""
"21:02:21.3053913","DxgKrnl","10011","정보",,""
"21:02:21.3055151","DxgKrnl","10011","정보",,""
"21:02:21.3065471","DxgKrnl","10011","정보",,""
"21:02:21.3066817","DxgKrnl","10011","정보",,""
"21:02:21.3067219","DxgKrnl","10011","정보",,""
"21:02:21.3068508","DxgKrnl","10011","정보",,""
"21:02:21.3069631","DxgKrnl","10011","정보",,""
"21:02:21.3070648","DxgKrnl","10011","정보",,""
"21:02:21.3076253","DxgKrnl","10011","정보",,""
"21:02:21.3077362","DxgKrnl","10011","정보",,""
"21:02:21.3079092","DxgKrnl","10011","정보",,""
"21:02:21.3082676","DxgKrnl","10011","정보",,""
"21:02:21.3083453","DxgKrnl","10011","정보",,""
"21:02:21.3084441","DxgKrnl","10011","정보",,""
"21:02:21.3085233","DxgKrnl","10011","정보",,""
"21:02:21.3086093","DxgKrnl","10011","정보",,""
"21:02:21.3105407","DxgKrnl","10011","정보",,""
"21:02:21.3106590","DxgKrnl","10011","정보",,""
"21:02:21.3118910","DxgKrnl","10011","정보",,""
"21:02:21.3119651","DxgKrnl","10011","정보",,""
"21:02:21.3129225","DxgKrnl","10011","정보",,""
"21:02:21.3130484","DxgKrnl","10011","정보",,""
"21:02:21.3132203","DxgKrnl","10011","정보",,""
"21:02:21.3133206","DxgKrnl","10011","정보",,""
"21:02:21.3155371","DxgKrnl","10011","정보",,""
"21:02:21.3156023","DxgKrnl","10011","정보",,""
"21:02:21.3161112","DxgKrnl","10011","정보",,""
"21:02:21.3167995","DxgKrnl","10011","정보",,""
"21:02:21.3169437","DxgKrnl","10011","정보",,""
"21:02:21.3170244","DxgKrnl","10011","정보",,""
"21:02:21.3173503","DxgKrnl","10011","정보",,""
"21:02:21.3175698","DxgKrnl","10011","정보",,""
"21:02:21.3211450","DxgKrnl","10011","정보",,""
"21:02:21.3212285","DxgKrnl","10011","정보",,""
"21:02:21.3219069","DxgKrnl","10011","정보",,""
"21:02:21.3219858","DxgKrnl","10011","정보",,""
"21:02:21.3220569","DxgKrnl","10011","정보",,""
"21:02:21.3226236","DxgKrnl","10011","정보",,""
"21:02:21.3226987","DxgKrnl","10011","정보",,""
"21:02:21.3229153","DxgKrnl","10011","정보",,""
"21:02:21.3230213","DxgKrnl","10011","정보",,""
"21:02:21.3253022","DxgKrnl","10011","정보",,""
"21:02:21.3253229","DxgKrnl","10011","정보",,""
"21:02:21.3253946","DxgKrnl","10011","정보",,""
"21:02:21.3253977","DxgKrnl","10011","정보",,""
"21:02:21.3253997","DxgKrnl","10011","정보",,""
"21:02:21.3257396","DxgKrnl","10011","정보",,""
"21:02:21.3258009","DxgKrnl","10011","정보",,""
"21:02:21.3742059","DxgKrnl","10011","정보",,""
"21:02:21.3849980","DxgKrnl","10011","정보",,""
"21:02:21.3850830","DxgKrnl","10011","정보",,""
"21:02:21.3851236","DxgKrnl","10011","정보",,""
"21:02:21.3854071","DxgKrnl","10011","정보",,""
"21:02:21.3854460","DxgKrnl","10011","정보",,""
"21:02:21.3856303","DxgKrnl","10011","정보",,""
"21:02:21.3857209","DxgKrnl","10011","정보",,""
"21:02:21.3857225","DxgKrnl","10011","정보",,""
"21:02:21.3857608","DxgKrnl","10011","정보",,""
"21:02:21.3873799","DxgKrnl","10011","정보",,""
"21:02:21.3874484","DxgKrnl","10011","정보",,""
"21:02:21.3902099","DxgKrnl","10011","정보",,""
"21:02:21.3902613","DxgKrnl","10011","정보",,""
"21:02:21.4035612","DxgKrnl","10011","정보",,""
"21:02:21.4035816","DxgKrnl","10011","정보",,""
"21:02:21.4036529","DxgKrnl","10011","정보",,""
"21:02:21.4038653","DxgKrnl","10011","정보",,""
"21:02:21.4039222","DxgKrnl","10011","정보",,""
"21:02:21.4039264","DxgKrnl","10011","정보",,""
"21:02:21.4040635","DxgKrnl","10011","정보",,""
"21:02:21.4040678","DxgKrnl","10011","정보",,""
"21:02:21.4077538","DxgKrnl","10011","정보",,""
"21:02:21.4077631","DxgKrnl","10011","정보",,""
"21:02:21.4174444","DxgKrnl","10011","정보",,""
"21:02:21.4190845","DxgKrnl","10011","정보",,""
"21:02:21.4190845","DxgKrnl","10011","정보",,""
"21:02:21.4192082","DxgKrnl","10011","정보",,""
"21:02:21.4192110","DxgKrnl","10011","정보",,""
"21:02:21.4222894","DxgKrnl","10011","정보",,""
"21:02:21.4223584","DxgKrnl","10011","정보",,""
"21:02:21.4234215","DxgKrnl","10011","정보",,""
"21:02:21.4241792","DxgKrnl","10011","정보",,""
"21:02:21.4242193","DxgKrnl","10011","정보",,""
"21:02:21.4243364","DxgKrnl","10011","정보",,""
"21:02:21.4244150","DxgKrnl","10011","정보",,""
"21:02:21.4277817","DxgKrnl","10011","정보",,""
"21:02:21.4278434","DxgKrnl","10011","정보",,""
"21:02:21.4358050","DxgKrnl","10011","정보",,""
"21:02:21.4366184","DxgKrnl","10011","정보",,""
"21:02:21.4480839","DxgKrnl","10011","정보",,""
"21:02:21.4481654","DxgKrnl","10011","정보",,""
"21:02:21.4481668","DxgKrnl","10011","정보",,""
"21:02:21.4482310","DxgKrnl","10011","정보",,""
"21:02:21.4489857","DxgKrnl","10011","정보",,""
"21:02:21.4490325","DxgKrnl","10011","정보",,""
"21:02:21.4549472","DxgKrnl","10011","정보",,""
"21:02:21.4550104","DxgKrnl","10011","정보",,""
"21:02:21.4568969","DxgKrnl","10011","정보",,""
"21:02:21.4569598","DxgKrnl","10011","정보",,""
"21:02:21.4584991","DxgKrnl","10011","정보",,""
"21:02:21.4585653","DxgKrnl","10011","정보",,""
"21:02:21.4603091","DxgKrnl","10011","정보",,""
"21:02:21.4604056","DxgKrnl","10011","정보",,""
"21:02:21.4996297","DxgKrnl","10011","정보",,""
"21:02:21.4997139","DxgKrnl","10011","정보",,""
"21:02:21.4998265","DxgKrnl","10011","정보",,""
"21:02:21.4999592","DxgKrnl","10011","정보",,""
"21:02:21.5000792","DxgKrnl","10011","정보",,""
"21:02:21.5025321","DxgKrnl","10011","정보",,""
"21:02:21.5029708","DxgKrnl","10011","정보",,""
"21:02:21.5029856","DxgKrnl","10011","정보",,""
"21:02:21.5029930","DxgKrnl","10011","정보",,""
"21:02:21.5029937","DxgKrnl","10011","정보",,""
"21:02:21.5035518","DxgKrnl","10011","정보",,""
"21:02:21.5035531","DxgKrnl","10011","정보",,""
"21:02:21.5037541","DxgKrnl","10011","정보",,""
"21:02:21.5037561","DxgKrnl","10011","정보",,""
"21:02:21.5040194","DxgKrnl","10011","정보",,""
"21:02:21.5041125","DxgKrnl","10011","정보",,""
"21:02:21.6179518","DxgKrnl","10011","정보",,""
"21:02:21.6180330","DxgKrnl","10011","정보",,""
"21:02:21.6622721","DxgKrnl","10011","정보",,""
"21:02:21.6631286","DxgKrnl","10011","정보",,""
"21:02:23.0035699","DxgKrnl","10011","정보",,""
"21:02:23.0959305","Kernel-PnP","220","시작",,"Begin querying bus relations for device PCI\VEN_1002&DEV_7550&SUBSYS_E4891DA2&REV_C0\6&8916a45&0&00000009"
"21:02:23.0959897","DxgKrnl","10011","정보",,""
"21:02:23.0964402","DxgKrnl","10011","정보",,""
"21:02:23.0965668","DxgKrnl","10011","정보",,""
"21:02:23.0972895","DxgKrnl","10011","정보",,""
"21:02:23.0973429","DxgKrnl","10011","정보",,""
"21:02:23.0980051","DxgKrnl","10011","정보",,""
"21:02:23.0980635","DxgKrnl","10011","정보",,""
"21:02:23.0991630","DxgKrnl","10011","정보",,""
"21:02:23.0992154","DxgKrnl","10011","정보",,""
"21:02:23.1020300","Kernel-PnP","222","시작",,"End querying bus relations for device PCI\VEN_1002&DEV_7550&SUBSYS_E4891DA2&REV_C0\6&8916a45&0&00000009"
"21:02:23.1020843","Kernel-PnP","220","시작",,"Begin querying bus relations for device SWD\DRIVERENUM\AMDCP&7&16b8ddb4&0"
"21:02:23.1020861","Kernel-PnP","222","시작",,"End querying bus relations for device SWD\DRIVERENUM\AMDCP&7&16b8ddb4&0"
"21:02:23.1020922","Kernel-PnP","220","시작",,"Begin querying bus relations for device SWD\DRIVERENUM\AMDFDANS&7&16b8ddb4&0"
"21:02:23.1020931","Kernel-PnP","222","시작",,"End querying bus relations for device SWD\DRIVERENUM\AMDFDANS&7&16b8ddb4&0"
"21:02:23.1020978","Kernel-PnP","220","시작",,"Begin querying bus relations for device SWD\DRIVERENUM\AMDOCL&7&16b8ddb4&0"
"21:02:23.1020986","Kernel-PnP","222","시작",,"End querying bus relations for device SWD\DRIVERENUM\AMDOCL&7&16b8ddb4&0"
"21:02:23.1021033","Kernel-PnP","220","시작",,"Begin querying bus relations for device SWD\DRIVERENUM\AMDOGL&7&16b8ddb4&0"
"21:02:23.1021040","Kernel-PnP","222","시작",,"End querying bus relations for device SWD\DRIVERENUM\AMDOGL&7&16b8ddb4&0"
"21:02:23.1021085","Kernel-PnP","220","시작",,"Begin querying bus relations for device SWD\DRIVERENUM\AMDVLK&7&16b8ddb4&0"
"21:02:23.1021094","Kernel-PnP","222","시작",,"End querying bus relations for device SWD\DRIVERENUM\AMDVLK&7&16b8ddb4&0"
"21:02:23.1021138","Kernel-PnP","220","시작",,"Begin querying bus relations for device SWD\DRIVERENUM\AMDWIN&7&16b8ddb4&0"
"21:02:23.1021146","Kernel-PnP","222","시작",,"End querying bus relations for device SWD\DRIVERENUM\AMDWIN&7&16b8ddb4&0"
"21:02:23.1021190","Kernel-PnP","220","시작",,"Begin querying bus relations for device DISPLAY\BBC0104\7&16b8ddb4&0&UID265"
"21:02:23.1021236","Kernel-PnP","222","시작",,"End querying bus relations for device DISPLAY\BBC0104\7&16b8ddb4&0&UID265"
"21:02:23.1022372","DxgKrnl","10011","정보",,""
"21:02:23.1022697","DxgKrnl","10011","정보",,""
"21:02:23.1023238","DxgKrnl","10011","정보",,""
"21:02:23.1023294","DxgKrnl","10011","정보",,""
"21:02:23.1023315","DxgKrnl","10011","정보",,""
"21:02:23.1027760","DxgKrnl","10011","정보",,""
"21:02:23.1028376","DxgKrnl","10011","정보",,""
"21:02:23.1034059","Kernel-PnP","808","시작",,"End device add, status (STATUS_SUCCESS)"
"21:02:23.1037376","Kernel-PnP","220","시작",,"Begin querying bus relations for device DISPLAY\SAM79DF\7&16b8ddb4&0&UID256"
"21:02:23.1037402","Kernel-PnP","222","시작",,"End querying bus relations for device DISPLAY\SAM79DF\7&16b8ddb4&0&UID256"
"21:02:23.1039703","DxgKrnl","10011","정보",,""
"21:02:23.3457652","DxgKrnl","10011","정보",,""
"21:02:23.3554751","DxgKrnl","10011","정보",,""
"21:02:23.3555599","DxgKrnl","10011","정보",,""
"21:02:23.3558134","DxgKrnl","10011","정보",,""
"21:02:23.3566387","DxgKrnl","10011","정보",,""
"21:02:23.3566691","DxgKrnl","10011","정보",,""
"21:02:23.3567312","DxgKrnl","10011","정보",,""
"21:02:23.3567639","DxgKrnl","10011","정보",,""
"21:02:23.3567655","DxgKrnl","10011","정보",,""
"21:02:23.3567982","DxgKrnl","10011","정보",,""
"21:02:23.3584717","DxgKrnl","10011","정보",,""
"21:02:23.3584723","DxgKrnl","10011","정보",,""
"21:02:23.3587210","DxgKrnl","10011","정보",,""
"21:02:23.3587378","DxgKrnl","10011","정보",,""
"21:02:23.3605961","DxgKrnl","10011","정보",,""
"21:02:23.3617770","DxgKrnl","10011","정보",,""
"21:02:23.3618452","DxgKrnl","10011","정보",,""
"21:02:23.3671183","DxgKrnl","10011","정보",,""
"21:02:23.3671658","DxgKrnl","10011","정보",,""
"21:02:23.3676418","DxgKrnl","10011","정보",,""
"21:02:23.3677364","DxgKrnl","10011","정보",,""
"21:02:23.3681905","DxgKrnl","10011","정보",,""
"21:02:23.3682552","DxgKrnl","10011","정보",,""
"21:02:23.3682980","DxgKrnl","10011","정보",,""
"21:02:23.3686020","DxgKrnl","10011","정보",,""
"21:02:23.3686510","DxgKrnl","10011","정보",,""
"21:02:23.3691867","DxgKrnl","10011","정보",,""
"21:02:23.3691869","DxgKrnl","10011","정보",,""
"21:02:23.3692888","DxgKrnl","10011","정보",,""
"21:02:23.3692893","DxgKrnl","10011","정보",,""
"21:02:23.3703153","DxgKrnl","10011","정보",,""
"21:02:23.3703754","DxgKrnl","10011","정보",,""
"21:02:23.3732985","DxgKrnl","10011","정보",,""
"21:02:23.3736646","DxgKrnl","10011","정보",,""
"21:02:23.3736762","DxgKrnl","10011","정보",,""
"21:02:23.3736817","DxgKrnl","10011","정보",,""
"21:02:23.3736824","DxgKrnl","10011","정보",,""
"21:02:23.3744447","DxgKrnl","10011","정보",,""
"21:02:23.3744949","DxgKrnl","10011","정보",,""
"21:02:23.3744969","DxgKrnl","10011","정보",,""
"21:02:23.3745324","DxgKrnl","10011","정보",,""
"21:02:23.3762964","DxgKrnl","10011","정보",,""
"21:02:23.3763398","DxgKrnl","10011","정보",,""
"21:02:23.3772651","DxgKrnl","10011","정보",,""
"21:02:23.3773725","DxgKrnl","10011","정보",,""
"21:02:23.3846802","DxgKrnl","10011","정보",,""
"21:02:23.3847227","DxgKrnl","10011","정보",,""
"21:02:23.3853067","DxgKrnl","10011","정보",,""
"21:02:23.3853557","DxgKrnl","10011","정보",,""
"21:02:23.3872187","DxgKrnl","10011","정보",,""
"21:02:23.3872626","DxgKrnl","10011","정보",,""
"21:02:23.3872640","DxgKrnl","10011","정보",,""
"21:02:23.3873044","DxgKrnl","10011","정보",,""
"21:02:23.3877656","DxgKrnl","10011","정보",,""
"21:02:23.3878104","DxgKrnl","10011","정보",,""
"21:02:23.3879697","DxgKrnl","10011","정보",,""
"21:02:23.3880150","DxgKrnl","10011","정보",,""
"21:02:23.3898155","DxgKrnl","10011","정보",,""
"21:02:23.3905451","DxgKrnl","10011","정보",,""
"21:02:23.4005296","DxgKrnl","10011","정보",,""
"21:02:23.4005796","DxgKrnl","10011","정보",,""
"21:02:23.4132165","DxgKrnl","10011","정보",,""
"21:02:23.4132443","DxgKrnl","10011","정보",,""
"21:02:23.4132857","DxgKrnl","10011","정보",,""
"21:02:23.4132925","DxgKrnl","10011","정보",,""
"21:02:23.4132946","DxgKrnl","10011","정보",,""
"21:02:23.4136564","DxgKrnl","10011","정보",,""
"21:02:23.4136945","DxgKrnl","10011","정보",,""
"21:02:23.4152773","DxgKrnl","10011","정보",,""
"21:02:23.4153200","DxgKrnl","10011","정보",,""
"21:02:23.4153714","DxgKrnl","10011","정보",,""
"21:02:23.4154771","DxgKrnl","10011","정보",,""
"21:02:23.4154869","DxgKrnl","10011","정보",,""
"21:02:23.4155261","DxgKrnl","10011","정보",,""
"21:02:23.4155565","DxgKrnl","10011","정보",,""
"21:02:23.4156132","DxgKrnl","10011","정보",,""
"21:02:23.4156733","DxgKrnl","10011","정보",,""
"21:02:23.4196745","DxgKrnl","10011","정보",,""
"21:02:23.4197172","DxgKrnl","10011","정보",,""
"21:02:23.4215511","DxgKrnl","10011","정보",,""
"21:02:23.4216553","DxgKrnl","10011","정보",,""
"21:02:23.4385491","DxgKrnl","10011","정보",,""
"21:02:23.4393322","DxgKrnl","10011","정보",,""
"21:02:24.4629440","DxgKrnl","10011","정보",,""
"21:02:24.4645342","DxgKrnl","10011","정보",,""
"21:02:24.7116982","Kernel-PnP","220","시작",,"Begin querying bus relations for device PCI\VEN_1002&DEV_7550&SUBSYS_E4891DA2&REV_C0\6&8916a45&0&00000009"
"21:02:24.7124363","DxgKrnl","10011","정보",,""
"21:02:24.7124367","DxgKrnl","10011","정보",,""
"21:02:24.7125693","DxgKrnl","10011","정보",,""
"21:02:24.7126506","DxgKrnl","10011","정보",,""
"21:02:24.7129804","DxgKrnl","10011","정보",,""
"21:02:24.7131405","DxgKrnl","10011","정보",,""
"21:02:24.7142017","DxgKrnl","10011","정보",,""
"21:02:24.7142597","DxgKrnl","10011","정보",,""
"21:02:24.7176958","DxgKrnl","10011","정보",,""
"21:02:24.7177406","DxgKrnl","10011","정보",,""
"21:02:24.7179647","Kernel-PnP","222","시작",,"End querying bus relations for device PCI\VEN_1002&DEV_7550&SUBSYS_E4891DA2&REV_C0\6&8916a45&0&00000009"
"21:02:24.7180484","Kernel-PnP","220","시작",,"Begin querying bus relations for device SWD\DRIVERENUM\AMDCP&7&16b8ddb4&0"
"21:02:24.7180510","Kernel-PnP","222","시작",,"End querying bus relations for device SWD\DRIVERENUM\AMDCP&7&16b8ddb4&0"
"21:02:24.7180581","Kernel-PnP","220","시작",,"Begin querying bus relations for device SWD\DRIVERENUM\AMDFDANS&7&16b8ddb4&0"
"21:02:24.7180589","Kernel-PnP","222","시작",,"End querying bus relations for device SWD\DRIVERENUM\AMDFDANS&7&16b8ddb4&0"
"21:02:24.7180661","Kernel-PnP","220","시작",,"Begin querying bus relations for device SWD\DRIVERENUM\AMDOCL&7&16b8ddb4&0"
"21:02:24.7180674","Kernel-PnP","222","시작",,"End querying bus relations for device SWD\DRIVERENUM\AMDOCL&7&16b8ddb4&0"
"21:02:24.7180728","Kernel-PnP","220","시작",,"Begin querying bus relations for device SWD\DRIVERENUM\AMDOGL&7&16b8ddb4&0"
"21:02:24.7180737","Kernel-PnP","222","시작",,"End querying bus relations for device SWD\DRIVERENUM\AMDOGL&7&16b8ddb4&0"
"21:02:24.7180780","Kernel-PnP","220","시작",,"Begin querying bus relations for device SWD\DRIVERENUM\AMDVLK&7&16b8ddb4&0"
"21:02:24.7180787","Kernel-PnP","222","시작",,"End querying bus relations for device SWD\DRIVERENUM\AMDVLK&7&16b8ddb4&0"
"21:02:24.7180833","Kernel-PnP","220","시작",,"Begin querying bus relations for device SWD\DRIVERENUM\AMDWIN&7&16b8ddb4&0"
"21:02:24.7180841","Kernel-PnP","222","시작",,"End querying bus relations for device SWD\DRIVERENUM\AMDWIN&7&16b8ddb4&0"
"21:02:24.7180881","Kernel-PnP","220","시작",,"Begin querying bus relations for device DISPLAY\BBC0104\7&16b8ddb4&0&UID265"
"21:02:24.7180928","Kernel-PnP","222","시작",,"End querying bus relations for device DISPLAY\BBC0104\7&16b8ddb4&0&UID265"
"21:02:24.7180980","Kernel-PnP","220","시작",,"Begin querying bus relations for device DISPLAY\SAM79DF\7&16b8ddb4&0&UID256"
"21:02:24.7181002","Kernel-PnP","222","시작",,"End querying bus relations for device DISPLAY\SAM79DF\7&16b8ddb4&0&UID256"
"21:02:24.7232053","DxgKrnl","10011","정보",,""
"21:02:24.7232394","DxgKrnl","10011","정보",,""
"21:02:24.7232970","DxgKrnl","10011","정보",,""
"21:02:24.7233006","DxgKrnl","10011","정보",,""
"21:02:24.7233029","DxgKrnl","10011","정보",,""
"21:02:24.7274183","DxgKrnl","10011","정보",,""
"21:02:24.7275143","DxgKrnl","10011","정보",,""
"21:02:24.7276114","Kernel-PnP","808","시작",,"End device add, status (STATUS_SUCCESS)"
"21:02:24.7278751","Kernel-PnP","220","시작",,"Begin querying bus relations for device DISPLAY\SAM7B0C\7&16b8ddb4&0&UID260"
"21:02:24.7278778","Kernel-PnP","222","시작",,"End querying bus relations for device DISPLAY\SAM7B0C\7&16b8ddb4&0&UID260"
"21:02:24.7281193","DxgKrnl","10011","정보",,""
"21:02:25.0401235","DxgKrnl","10011","정보",,""
"21:02:25.0401589","DxgKrnl","10011","정보",,""
"21:02:25.0486152","DxgKrnl","10011","정보",,""
"21:02:25.0486904","DxgKrnl","10011","정보",,""
"21:02:25.0487381","DxgKrnl","10011","정보",,""
"21:02:25.0504346","DxgKrnl","10011","정보",,""
"21:02:25.0505077","DxgKrnl","10011","정보",,""
"21:02:25.0507899","DxgKrnl","10011","정보",,""
"21:02:25.0508614","DxgKrnl","10011","정보",,""
"21:02:25.0508636","DxgKrnl","10011","정보",,""
"21:02:25.0509315","DxgKrnl","10011","정보",,""
"21:02:25.0509352","DxgKrnl","10011","정보",,""
"21:02:25.0509976","DxgKrnl","10011","정보",,""
"21:02:25.0510055","DxgKrnl","10011","정보",,""
"21:02:25.0510752","DxgKrnl","10011","정보",,""
"21:02:25.0535811","DxgKrnl","10011","정보",,""
"21:02:25.0535846","DxgKrnl","10011","정보",,""
"21:02:25.0535977","DxgKrnl","10011","정보",,""
"21:02:25.0537953","DxgKrnl","10011","정보",,""
"21:02:25.0537984","DxgKrnl","10011","정보",,""
"21:02:25.0538919","DxgKrnl","10011","정보",,""
"21:02:25.0571146","DxgKrnl","10011","정보",,""
"21:02:25.0579774","DxgKrnl","10011","정보",,""
"21:02:25.0580557","DxgKrnl","10011","정보",,""
"21:02:25.0620517","DxgKrnl","10011","정보",,""
"21:02:25.0621499","DxgKrnl","10011","정보",,""
"21:02:25.0628316","DxgKrnl","10011","정보",,""
"21:02:25.0629028","DxgKrnl","10011","정보",,""
"21:02:25.0674330","DxgKrnl","10011","정보",,""
"21:02:25.0675265","DxgKrnl","10011","정보",,""
"21:02:25.0680141","DxgKrnl","10011","정보",,""
"21:02:25.0680864","DxgKrnl","10011","정보",,""
"21:02:25.0681506","DxgKrnl","10011","정보",,""
"21:02:25.0682115","DxgKrnl","10011","정보",,""
"21:02:25.0684074","DxgKrnl","10011","정보",,""
"21:02:25.0690840","DxgKrnl","10011","정보",,""
"21:02:25.0691478","DxgKrnl","10011","정보",,""
"21:02:25.0720641","DxgKrnl","10011","정보",,""
"21:02:25.0739746","DxgKrnl","10011","정보",,""
"21:02:25.0739920","DxgKrnl","10011","정보",,""
"21:02:25.0739993","DxgKrnl","10011","정보",,""
"21:02:25.0740001","DxgKrnl","10011","정보",,""
"21:02:25.0745487","DxgKrnl","10011","정보",,""
"21:02:25.0746231","DxgKrnl","10011","정보",,""
"21:02:25.0765580","DxgKrnl","10011","정보",,""
"21:02:25.0767016","DxgKrnl","10011","정보",,""
"21:02:25.0833300","DxgKrnl","10011","정보",,""
"21:02:25.0834161","DxgKrnl","10011","정보",,""
"21:02:25.0834177","DxgKrnl","10011","정보",,""
"21:02:25.0835634","DxgKrnl","10011","정보",,""
"21:02:25.0835665","DxgKrnl","10011","정보",,""
"21:02:25.0857778","DxgKrnl","10011","정보",,""
"21:02:25.0868637","DxgKrnl","10011","정보",,""
"21:02:25.0868820","DxgKrnl","10011","정보",,""
"21:02:25.0868902","DxgKrnl","10011","정보",,""
"21:02:25.0868910","DxgKrnl","10011","정보",,""
"21:02:25.0873516","DxgKrnl","10011","정보",,""
"21:02:25.0874510","DxgKrnl","10011","정보",,""
"21:02:25.0896906","DxgKrnl","10011","정보",,""
"21:02:25.0898917","DxgKrnl","10011","정보",,""
"21:02:25.1007550","DxgKrnl","10011","정보",,""
"21:02:25.1008606","DxgKrnl","10011","정보",,""
"21:02:25.1012824","DxgKrnl","10011","정보",,""
"21:02:25.1013481","DxgKrnl","10011","정보",,""
"21:02:25.1022276","DxgKrnl","10011","정보",,""
"21:02:25.1022877","DxgKrnl","10011","정보",,""
"21:02:25.2521013","DxgKrnl","10011","정보",,""
"21:02:25.2522337","DxgKrnl","10011","정보",,""
"21:02:25.2522376","DxgKrnl","10011","정보",,""
"21:02:25.2523615","DxgKrnl","10011","정보",,""
"21:02:25.2523645","DxgKrnl","10011","정보",,""
"21:02:25.2524689","DxgKrnl","10011","정보",,""
"21:02:25.2524968","DxgKrnl","10011","정보",,""
"21:02:25.2525973","DxgKrnl","10011","정보",,""
"21:02:25.2533413","DxgKrnl","10011","정보",,""
"21:02:25.2533995","DxgKrnl","10011","정보",,""
"21:02:25.2554873","DxgKrnl","10011","정보",,""
"21:02:25.2561242","DxgKrnl","10011","정보",,""
"21:02:25.2575102","DxgKrnl","10011","정보",,""
"21:02:25.2575944","DxgKrnl","10011","정보",,""
"21:02:25.2661172","DxgKrnl","10011","정보",,""
"21:02:25.2668867","DxgKrnl","10011","정보",,""
"21:02:25.2809012","DxgKrnl","10011","정보",,""
"21:02:25.2809425","DxgKrnl","10011","정보",,""
"21:02:25.2810043","DxgKrnl","10011","정보",,""
"21:02:25.2810102","DxgKrnl","10011","정보",,""
"21:02:25.2810124","DxgKrnl","10011","정보",,""
"21:02:25.2861982","DxgKrnl","10011","정보",,""
"21:02:25.2862634","DxgKrnl","10011","정보",,""
"21:02:25.2897154","DxgKrnl","10011","정보",,""
"21:02:25.2897789","DxgKrnl","10011","정보",,""
"21:02:25.2898116","DxgKrnl","10011","정보",,""
"21:02:25.2899935","DxgKrnl","10011","정보",,""
"21:02:25.2900257","DxgKrnl","10011","정보",,""
"21:02:25.2900284","DxgKrnl","10011","정보",,""
"21:02:25.2903092","DxgKrnl","10011","정보",,""
"21:02:25.2903120","DxgKrnl","10011","정보",,""
"21:02:25.2903218","DxgKrnl","10011","정보",,""
"21:02:25.2903765","DxgKrnl","10011","정보",,""
"21:02:25.2904473","DxgKrnl","10011","정보",,""
"21:02:25.2951950","DxgKrnl","10011","정보",,""
"21:02:25.2952740","DxgKrnl","10011","정보",,""
"21:02:25.3008417","DxgKrnl","10011","정보",,""
"21:02:25.3009057","DxgKrnl","10011","정보",,""
"21:02:25.3796875","DxgKrnl","10011","정보",,""
"21:02:25.3808819","DxgKrnl","10011","정보",,""
"21:02:25.3820434","DxgKrnl","10011","정보",,""
"21:02:25.3821317","DxgKrnl","10011","정보",,""
"21:02:25.3882159","DxgKrnl","10011","정보",,""
"21:02:25.3882542","DxgKrnl","10011","정보",,""
"21:02:25.3883253","DxgKrnl","10011","정보",,""
"21:02:25.3883297","DxgKrnl","10011","정보",,""
"21:02:25.3883320","DxgKrnl","10011","정보",,""
"21:02:25.3928491","DxgKrnl","10011","정보",,""
"21:02:25.3929157","DxgKrnl","10011","정보",,""
"21:02:25.4007551","DxgKrnl","10011","정보",,""
"21:02:25.4008322","DxgKrnl","10011","정보",,""
"21:02:25.4008875","DxgKrnl","10011","정보",,""
"21:02:25.4023969","DxgKrnl","10011","정보",,""
"21:02:25.4024650","DxgKrnl","10011","정보",,""
"21:02:25.4025347","DxgKrnl","10011","정보",,""
"21:02:25.4025923","DxgKrnl","10011","정보",,""
"21:02:25.4025938","DxgKrnl","10011","정보",,""
"21:02:25.4026496","DxgKrnl","10011","정보",,""
"21:02:25.4026526","DxgKrnl","10011","정보",,""
"21:02:25.4027066","DxgKrnl","10011","정보",,""
"21:02:25.4027133","DxgKrnl","10011","정보",,""
"21:02:25.4027672","DxgKrnl","10011","정보",,""
"21:02:25.4045962","DxgKrnl","10011","정보",,""
"21:02:25.4046058","DxgKrnl","10011","정보",,""
"21:02:25.4046361","DxgKrnl","10011","정보",,""
"21:02:25.4046386","DxgKrnl","10011","정보",,""
"21:02:25.4046468","DxgKrnl","10011","정보",,""
"21:02:25.4048797","DxgKrnl","10011","정보",,""
"21:02:25.4050703","DxgKrnl","10011","정보",,""
"21:02:25.4050785","DxgKrnl","10011","정보",,""
"21:02:25.4050790","DxgKrnl","10011","정보",,""
"21:02:25.4050794","DxgKrnl","10011","정보",,""
"21:02:25.4069327","DxgKrnl","10011","정보",,""
"21:02:25.4086622","DxgKrnl","10011","정보",,""
"21:02:25.4087739","DxgKrnl","10011","정보",,""
"21:02:25.4109929","DxgKrnl","10011","정보",,""
"21:02:25.4110757","DxgKrnl","10011","정보",,""
"21:02:25.4609617","DxgKrnl","10011","정보",,""
"21:02:25.4616847","DxgKrnl","10011","정보",,""
"21:02:25.4755399","DxgKrnl","10011","정보",,""
"21:02:25.4756779","DxgKrnl","10011","정보",,""
"21:02:25.4756837","DxgKrnl","10011","정보",,""
"21:02:25.4757589","DxgKrnl","10011","정보",,""
"21:02:25.4757624","DxgKrnl","10011","정보",,""
"21:02:25.4758300","DxgKrnl","10011","정보",,""
"21:02:25.4758513","DxgKrnl","10011","정보",,""
"21:02:25.4759192","DxgKrnl","10011","정보",,""
"21:02:25.5399089","DxgKrnl","10011","정보",,""
"21:02:25.5399866","DxgKrnl","10011","정보",,""
"21:02:25.5399898","DxgKrnl","10011","정보",,""
"21:02:25.5400485","DxgKrnl","10011","정보",,""
"21:02:25.5400506","DxgKrnl","10011","정보",,""
"21:02:25.5401049","DxgKrnl","10011","정보",,""
"21:02:25.5401174","DxgKrnl","10011","정보",,""
"21:02:25.5401709","DxgKrnl","10011","정보",,""
"21:02:25.5408330","DxgKrnl","10011","정보",,""
"21:02:25.5408958","DxgKrnl","10011","정보",,""
"21:02:25.5477390","DxgKrnl","10011","정보",,""
"21:02:25.5478745","DxgKrnl","10011","정보",,""
"21:02:25.5546864","DxgKrnl","10011","정보",,""
"21:02:25.5547611","DxgKrnl","10011","정보",,""
"21:02:25.5616243","DxgKrnl","10011","정보",,""
"21:02:25.5616885","DxgKrnl","10011","정보",,""
"21:02:25.5684860","DxgKrnl","10011","정보",,""
"21:02:25.5685571","DxgKrnl","10011","정보",,""
"21:02:25.5782006","DxgKrnl","10011","정보",,""
"21:02:25.5782721","DxgKrnl","10011","정보",,""
"21:02:25.5982615","DxgKrnl","10011","정보",,""
"21:02:25.5983002","DxgKrnl","10011","정보",,""
"21:02:25.5983686","DxgKrnl","10011","정보",,""
"21:02:25.5984092","DxgKrnl","10011","정보",,""
"21:02:25.5984115","DxgKrnl","10011","정보",,""
"21:02:25.6028665","DxgKrnl","10011","정보",,""
"21:02:25.6029274","DxgKrnl","10011","정보",,""
"21:02:25.6099471","DxgKrnl","10011","정보",,""
"21:02:25.6100280","DxgKrnl","10011","정보",,""
"21:02:25.6100815","DxgKrnl","10011","정보",,""
"21:02:25.6114416","DxgKrnl","10011","정보",,""
"21:02:25.6114930","DxgKrnl","10011","정보",,""
"21:02:25.6115602","DxgKrnl","10011","정보",,""
"21:02:25.6116169","DxgKrnl","10011","정보",,""
"21:02:25.6116184","DxgKrnl","10011","정보",,""
"21:02:25.6116722","DxgKrnl","10011","정보",,""
"21:02:25.6116742","DxgKrnl","10011","정보",,""
"21:02:25.6117268","DxgKrnl","10011","정보",,""
"21:02:25.6117340","DxgKrnl","10011","정보",,""
"21:02:25.6117867","DxgKrnl","10011","정보",,""
"21:02:25.6136074","DxgKrnl","10011","정보",,""
"21:02:25.6136963","DxgKrnl","10011","정보",,""
"21:02:25.6166681","DxgKrnl","10011","정보",,""
"21:02:25.6167570","DxgKrnl","10011","정보",,""
"21:02:25.6191146","DxgKrnl","10011","정보",,""
"21:02:25.6191421","DxgKrnl","10011","정보",,""
"21:02:25.6192095","DxgKrnl","10011","정보",,""
"21:02:25.6223404","DxgKrnl","10011","정보",,""
"21:02:25.6224499","DxgKrnl","10011","정보",,""
"21:02:25.6964694","DxgKrnl","10011","정보",,""
"21:02:25.6966058","DxgKrnl","10011","정보",,""
"21:02:25.6990019","DxgKrnl","10011","정보",,""
"21:02:25.7004069","DxgKrnl","10011","정보",,""
"21:02:25.7028419","DxgKrnl","10011","정보",,""
"21:02:25.7029633","DxgKrnl","10011","정보",,""
"21:02:25.7113089","DxgKrnl","10011","정보",,""
"21:02:25.7113891","DxgKrnl","10011","정보",,""
"21:02:25.8406103","DxgKrnl","10011","정보",,""
"21:02:25.8414554","DxgKrnl","10011","정보",,""
"21:02:25.8630048","DxgKrnl","10011","정보",,""
"21:02:25.8631101","DxgKrnl","10011","정보",,""
"21:02:25.8631143","DxgKrnl","10011","정보",,""
"21:02:25.8631907","DxgKrnl","10011","정보",,""
"21:02:25.8631936","DxgKrnl","10011","정보",,""
"21:02:25.8632697","DxgKrnl","10011","정보",,""
"21:02:25.8632820","DxgKrnl","10011","정보",,""
"21:02:25.8633474","DxgKrnl","10011","정보",,""
"21:17:24.8922964","DxgKrnl","10011","정보",,""
"21:17:24.8923113","DxgKrnl","10011","정보",,""
"21:17:24.8923125","DxgKrnl","10011","정보",,""
"21:17:24.8923134","DxgKrnl","10011","정보",,""
"21:17:24.8923143","DxgKrnl","10011","정보",,""
"21:17:24.8923151","DxgKrnl","10011","정보",,""
"21:17:24.8923160","DxgKrnl","10011","정보",,""
"21:17:24.8923168","DxgKrnl","10011","정보",,""
"21:17:24.8923179","DxgKrnl","10011","정보",,""
"21:17:24.8923187","DxgKrnl","10011","정보",,""
"21:17:24.8923214","DxgKrnl","10011","정보",,""
"21:17:25.0828625","DxgKrnl","10011","정보",,""
"21:17:25.0829083","DxgKrnl","10011","정보",,""
"21:17:25.0829211","DxgKrnl","10011","정보",,""
"21:17:25.0942344","DxgKrnl","10011","정보",,""
"21:17:25.0942420","DxgKrnl","10011","정보",,""
"21:17:25.0942436","DxgKrnl","10011","정보",,""
"21:17:25.0942445","DxgKrnl","10011","정보",,""
"21:17:25.0942454","DxgKrnl","10011","정보",,""
"21:17:25.0942463","DxgKrnl","10011","정보",,""
"21:17:25.0942475","DxgKrnl","10011","정보",,""
"21:17:25.0942519","DxgKrnl","10011","정보",,""
"21:17:25.0942553","DxgKrnl","10011","정보",,""
"21:17:25.0942562","DxgKrnl","10011","정보",,""
"21:17:25.0942572","DxgKrnl","10011","정보",,""
"21:17:25.0942581","DxgKrnl","10011","정보",,""
"21:17:25.0942591","DxgKrnl","10011","정보",,""
"21:17:25.0942628","DxgKrnl","10011","정보",,""
"21:17:25.0942671","DxgKrnl","10011","정보",,""
"21:17:25.0965274","DxgKrnl","10011","정보",,""
"21:17:25.0966222","DxgKrnl","10011","정보",,""
"21:17:25.0982547","DxgKrnl","10011","정보",,""
"21:17:25.0983201","DxgKrnl","10011","정보",,""
"21:17:26.8134422","DxgKrnl","10011","정보",,""
"21:17:26.8141072","DxgKrnl","10011","정보",,""
"21:17:50.5949359","Kernel-PnP","220","시작",,"Begin querying bus relations for device PCI\VEN_1002&DEV_7550&SUBSYS_E4891DA2&REV_C0\6&8916a45&0&00000009"
"21:17:50.5950135","DxgKrnl","10011","정보",,""
"21:17:50.6000567","DxgKrnl","10011","정보",,""
"21:17:50.6885456","Kernel-PnP","222","시작",,"End querying bus relations for device PCI\VEN_1002&DEV_7550&SUBSYS_E4891DA2&REV_C0\6&8916a45&0&00000009"
"21:17:50.6887384","Kernel-PnP","1010","시작",,"버스에 누락 된 것으로 보고 된 장치 DISPLAY\SAM79DF\7&16b8ddb4&0&UID256이 (가) 제거 되었습니다. 제거 된 장치 수 | 개수: 1"
"21:17:50.6887777","DxgKrnl","10011","정보",,""
"21:17:50.6887885","DxgKrnl","10011","정보",,""
"21:17:50.6889385","DxgKrnl","10011","정보",,""
"21:17:50.6890823","DxgKrnl","10011","정보",,""
"21:17:50.6892987","Kernel-PnP","220","시작",,"Begin querying bus relations for device SWD\DRIVERENUM\AMDCP&7&16b8ddb4&0"
"21:17:50.6893047","Kernel-PnP","222","시작",,"End querying bus relations for device SWD\DRIVERENUM\AMDCP&7&16b8ddb4&0"
"21:17:50.6893332","Kernel-PnP","220","시작",,"Begin querying bus relations for device SWD\DRIVERENUM\AMDFDANS&7&16b8ddb4&0"
"21:17:50.6893351","Kernel-PnP","222","시작",,"End querying bus relations for device SWD\DRIVERENUM\AMDFDANS&7&16b8ddb4&0"
"21:17:50.6893527","Kernel-PnP","220","시작",,"Begin querying bus relations for device SWD\DRIVERENUM\AMDOCL&7&16b8ddb4&0"
"21:17:50.6893544","Kernel-PnP","222","시작",,"End querying bus relations for device SWD\DRIVERENUM\AMDOCL&7&16b8ddb4&0"
"21:17:50.6893649","Kernel-PnP","220","시작",,"Begin querying bus relations for device SWD\DRIVERENUM\AMDOGL&7&16b8ddb4&0"
"21:17:50.6893665","Kernel-PnP","222","시작",,"End querying bus relations for device SWD\DRIVERENUM\AMDOGL&7&16b8ddb4&0"
"21:17:50.6893775","Kernel-PnP","220","시작",,"Begin querying bus relations for device SWD\DRIVERENUM\AMDVLK&7&16b8ddb4&0"
"21:17:50.6893796","Kernel-PnP","222","시작",,"End querying bus relations for device SWD\DRIVERENUM\AMDVLK&7&16b8ddb4&0"
"21:17:50.6893896","Kernel-PnP","220","시작",,"Begin querying bus relations for device SWD\DRIVERENUM\AMDWIN&7&16b8ddb4&0"
"21:17:50.6893912","Kernel-PnP","222","시작",,"End querying bus relations for device SWD\DRIVERENUM\AMDWIN&7&16b8ddb4&0"
"21:17:50.6894007","Kernel-PnP","220","시작",,"Begin querying bus relations for device DISPLAY\BBC0104\7&16b8ddb4&0&UID265"
"21:17:50.6894096","Kernel-PnP","222","시작",,"End querying bus relations for device DISPLAY\BBC0104\7&16b8ddb4&0&UID265"
"21:17:50.6894455","Kernel-PnP","220","시작",,"Begin querying bus relations for device DISPLAY\SAM7B0C\7&16b8ddb4&0&UID260"
"21:17:50.6894564","Kernel-PnP","222","시작",,"End querying bus relations for device DISPLAY\SAM7B0C\7&16b8ddb4&0&UID260"
"21:17:50.6908228","Kernel-PnP","808","시작",,"End device add, status (STATUS_SUCCESS)"
"21:17:50.6913282","DxgKrnl","10011","정보",,""
"21:17:50.6914065","Kernel-PnP","220","시작",,"Begin querying bus relations for device DISPLAY\SAM79DF\7&16b8ddb4&0&UID256"
"21:17:50.6914091","Kernel-PnP","222","시작",,"End querying bus relations for device DISPLAY\SAM79DF\7&16b8ddb4&0&UID256"
"21:17:50.6914494","DxgKrnl","10011","정보",,""
"21:17:50.6917603","DxgKrnl","10011","정보",,""
"21:17:50.6924481","DxgKrnl","10011","정보",,""
"21:17:50.6925323","DxgKrnl","10011","정보",,""
"21:17:50.6942588","DxgKrnl","10011","정보",,""
"21:17:50.6943316","DxgKrnl","10011","정보",,""
"21:17:50.7067579","DxgKrnl","10011","정보",,""
"21:17:50.7067812","DxgKrnl","10011","정보",,""
"21:17:50.7068483","DxgKrnl","10011","정보",,""
"21:17:50.7068545","DxgKrnl","10011","정보",,""
"21:17:50.7068569","DxgKrnl","10011","정보",,""
"21:17:50.7108145","DxgKrnl","10011","정보",,""
"21:17:50.7108811","DxgKrnl","10011","정보",,""
"21:17:50.8421942","DxgKrnl","10011","정보",,""
"21:17:50.8422880","DxgKrnl","10011","정보",,""
"21:17:50.8423344","DxgKrnl","10011","정보",,""
"21:17:50.8438323","DxgKrnl","10011","정보",,""
"21:17:50.8438887","DxgKrnl","10011","정보",,""
"21:17:50.8439646","DxgKrnl","10011","정보",,""
"21:17:50.8440232","DxgKrnl","10011","정보",,""
"21:17:50.8440247","DxgKrnl","10011","정보",,""
"21:17:50.8440900","DxgKrnl","10011","정보",,""
"21:17:50.8440928","DxgKrnl","10011","정보",,""
"21:17:50.8441464","DxgKrnl","10011","정보",,""
"21:17:50.8441662","DxgKrnl","10011","정보",,""
"21:17:50.8442217","DxgKrnl","10011","정보",,""
"21:17:50.8462660","DxgKrnl","10011","정보",,""
"21:17:50.8463545","DxgKrnl","10011","정보",,""
"21:17:50.8502823","DxgKrnl","10011","정보",,""
"21:17:50.8503504","DxgKrnl","10011","정보",,""
"21:17:50.8599031","DxgKrnl","10011","정보",,""
"21:17:50.8618452","DxgKrnl","10011","정보",,""
"21:17:50.8619169","DxgKrnl","10011","정보",,""
"21:17:50.8625401","DxgKrnl","10011","정보",,""
"21:17:50.8628202","DxgKrnl","10011","정보",,""
"21:17:50.8634902","DxgKrnl","10011","정보",,""
"21:17:50.8635580","DxgKrnl","10011","정보",,""
"21:17:50.8646286","DxgKrnl","10011","정보",,""
"21:17:50.8650005","DxgKrnl","10011","정보",,""
"21:17:50.8650549","DxgKrnl","10011","정보",,""
"21:17:50.8651296","DxgKrnl","10011","정보",,""
"21:17:50.8652427","DxgKrnl","10011","정보",,""
"21:17:50.8653083","DxgKrnl","10011","정보",,""
"21:17:50.8730433","DxgKrnl","10011","정보",,""
"21:17:50.8731620","DxgKrnl","10011","정보",,""
"21:17:50.8912634","DxgKrnl","10011","정보",,""
"21:17:50.8913937","DxgKrnl","10011","정보",,""
"21:17:50.9020226","DxgKrnl","10011","정보",,""
"21:17:50.9041691","DxgKrnl","10011","정보",,""
"21:17:50.9041844","DxgKrnl","10011","정보",,""
"21:17:50.9041854","DxgKrnl","10011","정보",,""
"21:17:50.9047968","DxgKrnl","10011","정보",,""
"21:17:50.9049504","DxgKrnl","10011","정보",,""
"21:17:50.9056745","DxgKrnl","10011","정보",,""
"21:17:50.9057476","DxgKrnl","10011","정보",,""
"21:17:50.9112958","DxgKrnl","10011","정보",,""
"21:17:50.9113670","DxgKrnl","10011","정보",,""
"21:17:50.9113684","DxgKrnl","10011","정보",,""
"21:17:50.9114436","DxgKrnl","10011","정보",,""
"21:17:50.9114473","DxgKrnl","10011","정보",,""
"21:17:50.9115316","DxgKrnl","10011","정보",,""
"21:17:50.9115427","DxgKrnl","10011","정보",,""
"21:17:50.9115971","DxgKrnl","10011","정보",,""
"21:17:50.9122215","DxgKrnl","10011","정보",,""
"21:17:50.9122743","DxgKrnl","10011","정보",,""
"21:17:50.9153409","DxgKrnl","10011","정보",,""
"21:17:50.9154421","DxgKrnl","10011","정보",,""
"21:17:50.9155170","DxgKrnl","10011","정보",,""
"21:17:50.9168095","DxgKrnl","10011","정보",,""
"21:17:50.9174424","DxgKrnl","10011","정보",,""
"21:17:50.9175424","DxgKrnl","10011","정보",,""
"21:17:50.9175430","DxgKrnl","10011","정보",,""
"21:17:50.9197343","DxgKrnl","10011","정보",,""
"21:17:50.9198637","DxgKrnl","10011","정보",,""
"21:17:50.9265260","DxgKrnl","10011","정보",,""
"21:17:50.9275665","DxgKrnl","10011","정보",,""
"21:17:50.9275788","DxgKrnl","10011","정보",,""
"21:17:50.9275796","DxgKrnl","10011","정보",,""
"21:17:50.9276690","DxgKrnl","10011","정보",,""
"21:17:50.9278053","DxgKrnl","10011","정보",,""
"21:17:50.9326019","DxgKrnl","10011","정보",,""
"21:17:50.9334530","DxgKrnl","10011","정보",,""
"21:17:50.9334623","DxgKrnl","10011","정보",,""
"21:17:50.9334809","DxgKrnl","10011","정보",,""
"21:17:50.9336172","DxgKrnl","10011","정보",,""
"21:17:50.9337043","DxgKrnl","10011","정보",,""
"21:17:50.9337489","DxgKrnl","10011","정보",,""
"21:17:50.9337504","DxgKrnl","10011","정보",,""
"21:17:50.9347198","DxgKrnl","10011","정보",,""
"21:17:50.9347961","DxgKrnl","10011","정보",,""
"21:17:51.1184245","DxgKrnl","10011","정보",,""
"21:17:51.1184996","DxgKrnl","10011","정보",,""
"21:17:51.1185010","DxgKrnl","10011","정보",,""
"21:17:51.1185767","DxgKrnl","10011","정보",,""
"21:17:51.1185788","DxgKrnl","10011","정보",,""
"21:17:51.1186330","DxgKrnl","10011","정보",,""
"21:17:51.1186509","DxgKrnl","10011","정보",,""
"21:17:51.1187114","DxgKrnl","10011","정보",,""
"21:18:06.9487144","Kernel-PnP","220","시작",,"Begin querying bus relations for device PCI\VEN_1002&DEV_7550&SUBSYS_E4891DA2&REV_C0\6&8916a45&0&00000009"
"21:18:06.9850860","DxgKrnl","10011","정보",,""
"21:18:06.9850942","DxgKrnl","10011","정보",,""
"21:18:06.9853890","DxgKrnl","10011","정보",,""
"21:18:06.9854085","DxgKrnl","10011","정보",,""
"21:18:06.9885134","DxgKrnl","10011","정보",,""
"21:18:06.9885809","DxgKrnl","10011","정보",,""
"21:18:06.9889179","Kernel-PnP","222","시작",,"End querying bus relations for device PCI\VEN_1002&DEV_7550&SUBSYS_E4891DA2&REV_C0\6&8916a45&0&00000009"
"21:18:06.9890873","Kernel-PnP","1010","시작",,"버스에 누락 된 것으로 보고 된 장치 DISPLAY\SAM7B0C\7&16b8ddb4&0&UID260이 (가) 제거 되었습니다. 제거 된 장치 수 | 개수: 1"
"21:18:06.9896335","Kernel-PnP","220","시작",,"Begin querying bus relations for device SWD\DRIVERENUM\AMDCP&7&16b8ddb4&0"
"21:18:06.9896365","Kernel-PnP","222","시작",,"End querying bus relations for device SWD\DRIVERENUM\AMDCP&7&16b8ddb4&0"
"21:18:06.9896474","Kernel-PnP","220","시작",,"Begin querying bus relations for device SWD\DRIVERENUM\AMDFDANS&7&16b8ddb4&0"
"21:18:06.9896486","Kernel-PnP","222","시작",,"End querying bus relations for device SWD\DRIVERENUM\AMDFDANS&7&16b8ddb4&0"
"21:18:06.9896552","Kernel-PnP","220","시작",,"Begin querying bus relations for device SWD\DRIVERENUM\AMDOCL&7&16b8ddb4&0"
"21:18:06.9896562","Kernel-PnP","222","시작",,"End querying bus relations for device SWD\DRIVERENUM\AMDOCL&7&16b8ddb4&0"
"21:18:06.9896626","Kernel-PnP","220","시작",,"Begin querying bus relations for device SWD\DRIVERENUM\AMDOGL&7&16b8ddb4&0"
"21:18:06.9896637","Kernel-PnP","222","시작",,"End querying bus relations for device SWD\DRIVERENUM\AMDOGL&7&16b8ddb4&0"
"21:18:06.9896687","Kernel-PnP","220","시작",,"Begin querying bus relations for device SWD\DRIVERENUM\AMDVLK&7&16b8ddb4&0"
"21:18:06.9896696","Kernel-PnP","222","시작",,"End querying bus relations for device SWD\DRIVERENUM\AMDVLK&7&16b8ddb4&0"
"21:18:06.9896750","Kernel-PnP","220","시작",,"Begin querying bus relations for device SWD\DRIVERENUM\AMDWIN&7&16b8ddb4&0"
"21:18:06.9896760","Kernel-PnP","222","시작",,"End querying bus relations for device SWD\DRIVERENUM\AMDWIN&7&16b8ddb4&0"
"21:18:06.9896810","Kernel-PnP","220","시작",,"Begin querying bus relations for device DISPLAY\BBC0104\7&16b8ddb4&0&UID265"
"21:18:06.9896857","Kernel-PnP","222","시작",,"End querying bus relations for device DISPLAY\BBC0104\7&16b8ddb4&0&UID265"
"21:18:06.9896919","Kernel-PnP","220","시작",,"Begin querying bus relations for device DISPLAY\SAM79DF\7&16b8ddb4&0&UID256"
"21:18:06.9896946","Kernel-PnP","222","시작",,"End querying bus relations for device DISPLAY\SAM79DF\7&16b8ddb4&0&UID256"
"21:18:06.9899763","DxgKrnl","10011","정보",,""
"21:18:06.9900676","DxgKrnl","10011","정보",,""
"21:18:06.9954101","DxgKrnl","10011","정보",,""
"21:18:06.9954433","DxgKrnl","10011","정보",,""
"21:18:06.9955102","DxgKrnl","10011","정보",,""
"21:18:06.9955132","DxgKrnl","10011","정보",,""
"21:18:06.9955153","DxgKrnl","10011","정보",,""
"21:18:06.9958085","DxgKrnl","10011","정보",,""
"21:18:06.9958654","DxgKrnl","10011","정보",,""
"21:18:07.0322162","DxgKrnl","10011","정보",,""
"21:18:07.0322695","DxgKrnl","10011","정보",,""
"21:18:07.0323190","DxgKrnl","10011","정보",,""
"21:18:07.0330213","DxgKrnl","10011","정보",,""
"21:18:07.0330571","DxgKrnl","10011","정보",,""
"21:18:07.0331884","DxgKrnl","10011","정보",,""
"21:18:07.0332227","DxgKrnl","10011","정보",,""
"21:18:07.0332243","DxgKrnl","10011","정보",,""
"21:18:07.0332601","DxgKrnl","10011","정보",,""
"21:18:07.0349709","DxgKrnl","10011","정보",,""
"21:18:07.0349842","DxgKrnl","10011","정보",,""
"21:18:07.0350547","DxgKrnl","10011","정보",,""
"21:18:07.0350585","DxgKrnl","10011","정보",,""
"21:18:07.0406861","DxgKrnl","10011","정보",,""
"21:18:07.0406862","DxgKrnl","10011","정보",,""
"21:18:07.0407988","DxgKrnl","10011","정보",,""
"21:18:07.0408007","DxgKrnl","10011","정보",,""
"21:18:07.0432693","DxgKrnl","10011","정보",,""
"21:18:07.0433132","DxgKrnl","10011","정보",,""
"21:18:07.0433145","DxgKrnl","10011","정보",,""
"21:18:07.0433554","DxgKrnl","10011","정보",,""
"21:18:07.0439257","DxgKrnl","10011","정보",,""
"21:18:07.0439567","DxgKrnl","10011","정보",,""
"21:18:07.0469677","DxgKrnl","10011","정보",,""
"21:18:07.0475921","DxgKrnl","10011","정보",,""
"21:18:07.0493555","DxgKrnl","10011","정보",,""
"21:18:07.0494031","DxgKrnl","10011","정보",,""
"21:18:07.0512705","DxgKrnl","10011","정보",,""
"21:18:07.0513167","DxgKrnl","10011","정보",,""
"21:18:07.2965553","DxgKrnl","10011","정보",,""
"21:18:07.2968897","DxgKrnl","10011","정보",,""
"21:18:07.2970837","DxgKrnl","10011","정보",,""
"21:18:07.2972509","DxgKrnl","10011","정보",,""
"21:18:07.2977208","DxgKrnl","10011","정보",,""
"21:18:07.2977620","DxgKrnl","10011","정보",,""
"21:18:07.2982952","DxgKrnl","10011","정보",,""
"21:18:07.2983405","DxgKrnl","10011","정보",,""
"21:18:07.2998794","DxgKrnl","10011","정보",,""
"21:18:07.2998978","DxgKrnl","10011","정보",,""
"21:18:07.2999523","DxgKrnl","10011","정보",,""
"21:18:07.3072829","DxgKrnl","10011","정보",,""
"21:18:07.3073607","DxgKrnl","10011","정보",,""
"21:18:07.3097275","DxgKrnl","10011","정보",,""
"21:18:07.3098390","DxgKrnl","10011","정보",,""
"21:18:07.3142200","DxgKrnl","10011","정보",,""
"21:18:07.3143861","DxgKrnl","10011","정보",,""
"21:18:07.3161314","DxgKrnl","10011","정보",,""
"21:18:07.3161813","DxgKrnl","10011","정보",,""
"21:18:07.3178482","DxgKrnl","10011","정보",,""
"21:18:07.3180141","DxgKrnl","10011","정보",,""
"21:18:07.3190899","DxgKrnl","10011","정보",,""
"21:18:07.3196175","DxgKrnl","10011","정보",,""
"21:18:07.3196345","DxgKrnl","10011","정보",,""
"21:18:07.3196359","DxgKrnl","10011","정보",,""
"21:18:07.3197651","DxgKrnl","10011","정보",,""
"21:18:07.3198506","DxgKrnl","10011","정보",,""
"21:18:07.3204606","DxgKrnl","10011","정보",,""
"21:18:07.3205910","DxgKrnl","10011","정보",,""
"21:18:07.9720162","DxgKrnl","10011","정보",,""
"21:18:07.9730220","DxgKrnl","10011","정보",,""
"21:18:09.1089149","DxgKrnl","10011","정보",,""
"21:18:09.1089738","DxgKrnl","10011","정보",,""
"21:18:10.2564603","DxgKrnl","10011","정보",,""
"21:18:10.5073096","Kernel-PnP","220","시작",,"Begin querying bus relations for device PCI\VEN_1002&DEV_7550&SUBSYS_E4891DA2&REV_C0\6&8916a45&0&00000009"
"21:18:10.5073541","DxgKrnl","10011","정보",,""
"21:18:10.5075467","DxgKrnl","10011","정보",,""
"21:18:10.5075963","DxgKrnl","10011","정보",,""
"21:18:10.5078399","DxgKrnl","10011","정보",,""
"21:18:10.5079454","DxgKrnl","10011","정보",,""
"21:18:10.5084168","DxgKrnl","10011","정보",,""
"21:18:10.5084749","DxgKrnl","10011","정보",,""
"21:18:10.5100342","DxgKrnl","10011","정보",,""
"21:18:10.5100948","DxgKrnl","10011","정보",,""
"21:18:10.5144892","Kernel-PnP","222","시작",,"End querying bus relations for device PCI\VEN_1002&DEV_7550&SUBSYS_E4891DA2&REV_C0\6&8916a45&0&00000009"
"21:18:10.5145430","Kernel-PnP","220","시작",,"Begin querying bus relations for device SWD\DRIVERENUM\AMDCP&7&16b8ddb4&0"
"21:18:10.5145444","Kernel-PnP","222","시작",,"End querying bus relations for device SWD\DRIVERENUM\AMDCP&7&16b8ddb4&0"
"21:18:10.5145502","Kernel-PnP","220","시작",,"Begin querying bus relations for device SWD\DRIVERENUM\AMDFDANS&7&16b8ddb4&0"
"21:18:10.5145509","Kernel-PnP","222","시작",,"End querying bus relations for device SWD\DRIVERENUM\AMDFDANS&7&16b8ddb4&0"
"21:18:10.5145547","Kernel-PnP","220","시작",,"Begin querying bus relations for device SWD\DRIVERENUM\AMDOCL&7&16b8ddb4&0"
"21:18:10.5145555","Kernel-PnP","222","시작",,"End querying bus relations for device SWD\DRIVERENUM\AMDOCL&7&16b8ddb4&0"
"21:18:10.5145598","Kernel-PnP","220","시작",,"Begin querying bus relations for device SWD\DRIVERENUM\AMDOGL&7&16b8ddb4&0"
"21:18:10.5145605","Kernel-PnP","222","시작",,"End querying bus relations for device SWD\DRIVERENUM\AMDOGL&7&16b8ddb4&0"
"21:18:10.5145647","Kernel-PnP","220","시작",,"Begin querying bus relations for device SWD\DRIVERENUM\AMDVLK&7&16b8ddb4&0"
"21:18:10.5145654","Kernel-PnP","222","시작",,"End querying bus relations for device SWD\DRIVERENUM\AMDVLK&7&16b8ddb4&0"
"21:18:10.5145695","Kernel-PnP","220","시작",,"Begin querying bus relations for device SWD\DRIVERENUM\AMDWIN&7&16b8ddb4&0"
"21:18:10.5145704","Kernel-PnP","222","시작",,"End querying bus relations for device SWD\DRIVERENUM\AMDWIN&7&16b8ddb4&0"
"21:18:10.5145746","Kernel-PnP","220","시작",,"Begin querying bus relations for device DISPLAY\BBC0104\7&16b8ddb4&0&UID265"
"21:18:10.5145789","Kernel-PnP","222","시작",,"End querying bus relations for device DISPLAY\BBC0104\7&16b8ddb4&0&UID265"
"21:18:10.5145838","Kernel-PnP","220","시작",,"Begin querying bus relations for device DISPLAY\SAM79DF\7&16b8ddb4&0&UID256"
"21:18:10.5145859","Kernel-PnP","222","시작",,"End querying bus relations for device DISPLAY\SAM79DF\7&16b8ddb4&0&UID256"
"21:18:10.5179974","DxgKrnl","10011","정보",,""
"21:18:10.5180375","DxgKrnl","10011","정보",,""
"21:18:10.5180925","DxgKrnl","10011","정보",,""
"21:18:10.5181010","DxgKrnl","10011","정보",,""
"21:18:10.5181043","DxgKrnl","10011","정보",,""
"21:18:10.5181817","Kernel-PnP","808","시작",,"End device add, status (STATUS_SUCCESS)"
"21:18:10.5222116","DxgKrnl","10011","정보",,""
"21:18:10.5222533","DxgKrnl","10011","정보",,""
"21:18:10.5223900","Kernel-PnP","220","시작",,"Begin querying bus relations for device DISPLAY\SAM7B0C\7&16b8ddb4&0&UID260"
"21:18:10.5223929","Kernel-PnP","222","시작",,"End querying bus relations for device DISPLAY\SAM7B0C\7&16b8ddb4&0&UID260"
"21:18:10.5228728","DxgKrnl","10011","정보",,""
"21:18:10.5416693","DxgKrnl","10011","정보",,""
"21:18:10.5417361","DxgKrnl","10011","정보",,""
"21:18:10.5417792","DxgKrnl","10011","정보",,""
"21:18:10.5431337","DxgKrnl","10011","정보",,""
"21:18:10.5431896","DxgKrnl","10011","정보",,""
"21:18:10.5433355","DxgKrnl","10011","정보",,""
"21:18:10.5433927","DxgKrnl","10011","정보",,""
"21:18:10.5433943","DxgKrnl","10011","정보",,""
"21:18:10.5434504","DxgKrnl","10011","정보",,""
"21:18:10.5434525","DxgKrnl","10011","정보",,""
"21:18:10.5435093","DxgKrnl","10011","정보",,""
"21:18:10.5435165","DxgKrnl","10011","정보",,""
"21:18:10.5435880","DxgKrnl","10011","정보",,""
"21:18:10.5459273","DxgKrnl","10011","정보",,""
"21:18:10.5459336","DxgKrnl","10011","정보",,""
"21:18:10.5461545","DxgKrnl","10011","정보",,""
"21:18:10.5461583","DxgKrnl","10011","정보",,""
"21:18:10.5525301","DxgKrnl","10011","정보",,""
"21:18:10.5525916","DxgKrnl","10011","정보",,""
"21:18:10.5529928","DxgKrnl","10011","정보",,""
"21:18:10.5530657","DxgKrnl","10011","정보",,""
"21:18:10.5530678","DxgKrnl","10011","정보",,""
"21:18:10.5531263","DxgKrnl","10011","정보",,""
"21:18:10.5531283","DxgKrnl","10011","정보",,""
"21:18:10.5531948","DxgKrnl","10011","정보",,""
"21:18:10.5532024","DxgKrnl","10011","정보",,""
"21:18:10.5532630","DxgKrnl","10011","정보",,""
"21:18:10.5536837","DxgKrnl","10011","정보",,""
"21:18:10.5537350","DxgKrnl","10011","정보",,""
"21:18:10.5590222","DxgKrnl","10011","정보",,""
"21:18:10.5591038","DxgKrnl","10011","정보",,""
"21:18:10.5664833","DxgKrnl","10011","정보",,""
"21:18:10.5671874","DxgKrnl","10011","정보",,""
"21:18:10.5722583","DxgKrnl","10011","정보",,""
"21:18:10.5722845","DxgKrnl","10011","정보",,""
"21:18:10.5723481","DxgKrnl","10011","정보",,""
"21:18:10.5723521","DxgKrnl","10011","정보",,""
"21:18:10.5723543","DxgKrnl","10011","정보",,""
"21:18:10.5770268","DxgKrnl","10011","정보",,""
"21:18:10.5770997","DxgKrnl","10011","정보",,""
"21:18:10.5800379","DxgKrnl","10011","정보",,""
"21:18:10.5800967","DxgKrnl","10011","정보",,""
"21:18:10.5801291","DxgKrnl","10011","정보",,""
"21:18:10.5802593","DxgKrnl","10011","정보",,""
"21:18:10.5802612","DxgKrnl","10011","정보",,""
"21:18:10.5806706","DxgKrnl","10011","정보",,""
"21:18:10.5806823","DxgKrnl","10011","정보",,""
"21:18:10.5808410","DxgKrnl","10011","정보",,""
"21:18:10.5809226","DxgKrnl","10011","정보",,""
"21:18:10.5809264","DxgKrnl","10011","정보",,""
"21:18:10.5809292","DxgKrnl","10011","정보",,""
"21:18:10.5860345","DxgKrnl","10011","정보",,""
"21:18:10.5861057","DxgKrnl","10011","정보",,""
"21:18:10.5926132","DxgKrnl","10011","정보",,""
"21:18:10.5926789","DxgKrnl","10011","정보",,""
"21:18:10.7355286","DxgKrnl","10011","정보",,""
"21:18:10.7362189","DxgKrnl","10011","정보",,""
"21:18:10.7697359","DxgKrnl","10011","정보",,""
"21:18:10.7700549","DxgKrnl","10011","정보",,""
"21:18:10.7709987","DxgKrnl","10011","정보",,""
"21:18:10.7711104","DxgKrnl","10011","정보",,""
"21:18:10.7711136","DxgKrnl","10011","정보",,""
"21:18:10.7711738","DxgKrnl","10011","정보",,""
"21:18:10.7723370","DxgKrnl","10011","정보",,""
"21:18:10.7723980","DxgKrnl","10011","정보",,""
"21:18:10.7729374","DxgKrnl","10011","정보",,""
"21:18:10.7729659","DxgKrnl","10011","정보",,""
"21:18:10.7730547","DxgKrnl","10011","정보",,""
"21:18:10.7733276","DxgKrnl","10011","정보",,""
"21:18:10.7733888","DxgKrnl","10011","정보",,""
"21:18:10.7744485","DxgKrnl","10011","정보",,""
"21:18:10.7745250","DxgKrnl","10011","정보",,""
"21:18:10.7764657","DxgKrnl","10011","정보",,""
"21:18:10.7781030","DxgKrnl","10011","정보",,""
"21:18:10.7781151","DxgKrnl","10011","정보",,""
"21:18:10.7781159","DxgKrnl","10011","정보",,""
"21:18:10.7782916","DxgKrnl","10011","정보",,""
"21:18:10.7784515","DxgKrnl","10011","정보",,""
"21:18:10.7792842","DxgKrnl","10011","정보",,""
"21:18:10.7793239","DxgKrnl","10011","정보",,""
"21:18:10.7793394","DxgKrnl","10011","정보",,""
"21:18:10.7795368","DxgKrnl","10011","정보",,""
"21:18:10.7869975","DxgKrnl","10011","정보",,""
"21:18:10.7870241","DxgKrnl","10011","정보",,""
"21:18:10.7870959","DxgKrnl","10011","정보",,""
"21:18:10.7899365","DxgKrnl","10011","정보",,""
"21:18:10.7912679","DxgKrnl","10011","정보",,""
"21:18:10.7912806","DxgKrnl","10011","정보",,""
"21:18:10.7912814","DxgKrnl","10011","정보",,""
"21:18:10.7914168","DxgKrnl","10011","정보",,""
"21:18:10.7914546","DxgKrnl","10011","정보",,""
"21:18:10.7915420","DxgKrnl","10011","정보",,""
"21:18:10.7919356","DxgKrnl","10011","정보",,""
"21:18:10.7920249","DxgKrnl","10011","정보",,""
"21:18:10.7929717","DxgKrnl","10011","정보",,""
"21:18:10.7932435","DxgKrnl","10011","정보",,""
"21:18:10.7933119","DxgKrnl","10011","정보",,""
"21:18:10.7950566","DxgKrnl","10011","정보",,""
"21:18:10.7951333","DxgKrnl","10011","정보",,""
"21:18:11.8044954","DxgKrnl","10011","정보",,""
"21:18:11.8045720","DxgKrnl","10011","정보",,""
"21:18:11.8045734","DxgKrnl","10011","정보",,""
"21:18:11.8046297","DxgKrnl","10011","정보",,""
"21:18:11.8046317","DxgKrnl","10011","정보",,""
"21:18:11.8046887","DxgKrnl","10011","정보",,""
"21:18:11.8047049","DxgKrnl","10011","정보",,""
"21:18:11.8047550","DxgKrnl","10011","정보",,""
"21:18:47.1826946","Kernel-PnP","220","시작",,"Begin querying bus relations for device PCI\VEN_1002&DEV_7550&SUBSYS_E4891DA2&REV_C0\6&8916a45&0&00000009"
"21:18:47.1827357","DxgKrnl","10011","정보",,""
"21:18:47.2207972","DxgKrnl","10011","정보",,""
"21:18:47.2208464","Kernel-PnP","222","시작",,"End querying bus relations for device PCI\VEN_1002&DEV_7550&SUBSYS_E4891DA2&REV_C0\6&8916a45&0&00000009"
"21:18:47.2210089","DxgKrnl","10011","정보",,""
"21:18:47.2210110","DxgKrnl","10011","정보",,""
"21:18:47.2210490","Kernel-PnP","1010","시작",,"버스에 누락 된 것으로 보고 된 장치 DISPLAY\SAM7B0C\7&16b8ddb4&0&UID260이 (가) 제거 되었습니다. 제거 된 장치 수 | 개수: 1"
"21:18:47.2215609","Kernel-PnP","220","시작",,"Begin querying bus relations for device SWD\DRIVERENUM\AMDCP&7&16b8ddb4&0"
"21:18:47.2215637","Kernel-PnP","222","시작",,"End querying bus relations for device SWD\DRIVERENUM\AMDCP&7&16b8ddb4&0"
"21:18:47.2215749","Kernel-PnP","220","시작",,"Begin querying bus relations for device SWD\DRIVERENUM\AMDFDANS&7&16b8ddb4&0"
"21:18:47.2215760","Kernel-PnP","222","시작",,"End querying bus relations for device SWD\DRIVERENUM\AMDFDANS&7&16b8ddb4&0"
"21:18:47.2215826","Kernel-PnP","220","시작",,"Begin querying bus relations for device SWD\DRIVERENUM\AMDOCL&7&16b8ddb4&0"
"21:18:47.2215835","Kernel-PnP","222","시작",,"End querying bus relations for device SWD\DRIVERENUM\AMDOCL&7&16b8ddb4&0"
"21:18:47.2215919","Kernel-PnP","220","시작",,"Begin querying bus relations for device SWD\DRIVERENUM\AMDOGL&7&16b8ddb4&0"
"21:18:47.2215928","Kernel-PnP","222","시작",,"End querying bus relations for device SWD\DRIVERENUM\AMDOGL&7&16b8ddb4&0"
"21:18:47.2215995","Kernel-PnP","220","시작",,"Begin querying bus relations for device SWD\DRIVERENUM\AMDVLK&7&16b8ddb4&0"
"21:18:47.2216002","Kernel-PnP","222","시작",,"End querying bus relations for device SWD\DRIVERENUM\AMDVLK&7&16b8ddb4&0"
"21:18:47.2216058","Kernel-PnP","220","시작",,"Begin querying bus relations for device SWD\DRIVERENUM\AMDWIN&7&16b8ddb4&0"
"21:18:47.2216065","Kernel-PnP","222","시작",,"End querying bus relations for device SWD\DRIVERENUM\AMDWIN&7&16b8ddb4&0"
"21:18:47.2216121","Kernel-PnP","220","시작",,"Begin querying bus relations for device DISPLAY\BBC0104\7&16b8ddb4&0&UID265"
"21:18:47.2216172","Kernel-PnP","222","시작",,"End querying bus relations for device DISPLAY\BBC0104\7&16b8ddb4&0&UID265"
"21:18:47.2216235","Kernel-PnP","220","시작",,"Begin querying bus relations for device DISPLAY\SAM79DF\7&16b8ddb4&0&UID256"
"21:18:47.2216265","Kernel-PnP","222","시작",,"End querying bus relations for device DISPLAY\SAM79DF\7&16b8ddb4&0&UID256"
"21:18:47.2229203","Kernel-PnP","808","시작",,"End device add, status (STATUS_SUCCESS)"
"21:18:47.2233236","Kernel-PnP","220","시작",,"Begin querying bus relations for device DISPLAY\Default_Monitor\7&16b8ddb4&0&UID260"
"21:18:47.2233265","Kernel-PnP","222","시작",,"End querying bus relations for device DISPLAY\Default_Monitor\7&16b8ddb4&0&UID260"
"21:18:47.2239324","DxgKrnl","10011","정보",,""
"21:18:47.2247196","DxgKrnl","10011","정보",,""
"21:18:47.2248237","DxgKrnl","10011","정보",,""
"21:18:47.2270438","DxgKrnl","10011","정보",,""
"21:18:47.2271626","DxgKrnl","10011","정보",,""
"21:18:47.2345164","DxgKrnl","10011","정보",,""
"21:18:47.2345854","DxgKrnl","10011","정보",,""
"21:18:47.2382941","DxgKrnl","10011","정보",,""
"21:18:47.2383176","DxgKrnl","10011","정보",,""
"21:18:47.2384095","DxgKrnl","10011","정보",,""
"21:18:47.2384152","DxgKrnl","10011","정보",,""
"21:18:47.2384175","DxgKrnl","10011","정보",,""
"21:18:47.2418900","DxgKrnl","10011","정보",,""
"21:18:47.2419523","DxgKrnl","10011","정보",,""
"21:18:47.3204441","DxgKrnl","10011","정보",,""
"21:18:47.3205581","DxgKrnl","10011","정보",,""
"21:18:47.3206077","DxgKrnl","10011","정보",,""
"21:18:47.3218784","DxgKrnl","10011","정보",,""
"21:18:47.3219480","DxgKrnl","10011","정보",,""
"21:18:47.3221046","DxgKrnl","10011","정보",,""
"21:18:47.3221784","DxgKrnl","10011","정보",,""
"21:18:47.3221798","DxgKrnl","10011","정보",,""
"21:18:47.3222494","DxgKrnl","10011","정보",,""
"21:18:47.3222510","DxgKrnl","10011","정보",,""
"21:18:47.3223248","DxgKrnl","10011","정보",,""
"21:18:47.3223269","DxgKrnl","10011","정보",,""
"21:18:47.3223951","DxgKrnl","10011","정보",,""
"21:18:47.3224028","DxgKrnl","10011","정보",,""
"21:18:47.3224710","DxgKrnl","10011","정보",,""
"21:18:47.3224742","DxgKrnl","10011","정보",,""
"21:18:47.3225425","DxgKrnl","10011","정보",,""
"21:18:47.3245979","DxgKrnl","10011","정보",,""
"21:18:47.3246003","DxgKrnl","10011","정보",,""
"21:18:47.3248797","DxgKrnl","10011","정보",,""
"21:18:47.3248971","DxgKrnl","10011","정보",,""
"21:18:47.3281831","DxgKrnl","10011","정보",,""
"21:18:47.3282624","DxgKrnl","10011","정보",,""
"21:18:47.3492540","DxgKrnl","10011","정보",,""
"21:18:47.3493467","DxgKrnl","10011","정보",,""
"21:18:47.3493480","DxgKrnl","10011","정보",,""
"21:18:47.3494179","DxgKrnl","10011","정보",,""
"21:18:47.3494189","DxgKrnl","10011","정보",,""
"21:18:47.3494903","DxgKrnl","10011","정보",,""
"21:18:47.3494923","DxgKrnl","10011","정보",,""
"21:18:47.3495652","DxgKrnl","10011","정보",,""
"21:18:47.3495759","DxgKrnl","10011","정보",,""
"21:18:47.3496507","DxgKrnl","10011","정보",,""
"21:18:47.3496537","DxgKrnl","10011","정보",,""
"21:18:47.3497226","DxgKrnl","10011","정보",,""
"21:18:47.3503011","DxgKrnl","10011","정보",,""
"21:18:47.3503813","DxgKrnl","10011","정보",,""
"21:18:47.3546475","DxgKrnl","10011","정보",,""
"21:18:47.3674668","Kernel-PnP","220","시작",,"Begin querying bus relations for device PCI\VEN_1002&DEV_7550&SUBSYS_E4891DA2&REV_C0\6&8916a45&0&00000009"
"21:18:47.4166002","Kernel-PnP","222","시작",,"End querying bus relations for device PCI\VEN_1002&DEV_7550&SUBSYS_E4891DA2&REV_C0\6&8916a45&0&00000009"
"21:18:47.4169025","Kernel-PnP","1010","시작",,"버스에 누락 된 것으로 보고 된 장치 DISPLAY\Default_Monitor\7&16b8ddb4&0&UID260이 (가) 제거 되었습니다. 제거 된 장치 수 | 개수: 1"
"21:18:47.4173785","DxgKrnl","10011","정보",,""
"21:18:47.4174102","Kernel-PnP","220","시작",,"Begin querying bus relations for device SWD\DRIVERENUM\AMDCP&7&16b8ddb4&0"
"21:18:47.4174130","Kernel-PnP","222","시작",,"End querying bus relations for device SWD\DRIVERENUM\AMDCP&7&16b8ddb4&0"
"21:18:47.4174243","Kernel-PnP","220","시작",,"Begin querying bus relations for device SWD\DRIVERENUM\AMDFDANS&7&16b8ddb4&0"
"21:18:47.4174254","Kernel-PnP","222","시작",,"End querying bus relations for device SWD\DRIVERENUM\AMDFDANS&7&16b8ddb4&0"
"21:18:47.4174318","Kernel-PnP","220","시작",,"Begin querying bus relations for device SWD\DRIVERENUM\AMDOCL&7&16b8ddb4&0"
"21:18:47.4174328","Kernel-PnP","222","시작",,"End querying bus relations for device SWD\DRIVERENUM\AMDOCL&7&16b8ddb4&0"
"21:18:47.4174391","Kernel-PnP","220","시작",,"Begin querying bus relations for device SWD\DRIVERENUM\AMDOGL&7&16b8ddb4&0"
"21:18:47.4174403","Kernel-PnP","222","시작",,"End querying bus relations for device SWD\DRIVERENUM\AMDOGL&7&16b8ddb4&0"
"21:18:47.4174457","Kernel-PnP","220","시작",,"Begin querying bus relations for device SWD\DRIVERENUM\AMDVLK&7&16b8ddb4&0"
"21:18:47.4174466","Kernel-PnP","222","시작",,"End querying bus relations for device SWD\DRIVERENUM\AMDVLK&7&16b8ddb4&0"
"21:18:47.4174528","Kernel-PnP","220","시작",,"Begin querying bus relations for device SWD\DRIVERENUM\AMDWIN&7&16b8ddb4&0"
"21:18:47.4174537","Kernel-PnP","222","시작",,"End querying bus relations for device SWD\DRIVERENUM\AMDWIN&7&16b8ddb4&0"
"21:18:47.4174602","Kernel-PnP","220","시작",,"Begin querying bus relations for device DISPLAY\BBC0104\7&16b8ddb4&0&UID265"
"21:18:47.4174673","Kernel-PnP","222","시작",,"End querying bus relations for device DISPLAY\BBC0104\7&16b8ddb4&0&UID265"
"21:18:47.4174736","Kernel-PnP","220","시작",,"Begin querying bus relations for device DISPLAY\SAM79DF\7&16b8ddb4&0&UID256"
"21:18:47.4174764","Kernel-PnP","222","시작",,"End querying bus relations for device DISPLAY\SAM79DF\7&16b8ddb4&0&UID256"
"21:18:47.4185636","DxgKrnl","10011","정보",,""
"21:18:47.4187846","DxgKrnl","10011","정보",,""
"21:18:47.4188337","DxgKrnl","10011","정보",,""
"21:18:47.4189636","DxgKrnl","10011","정보",,""
"21:18:47.4193653","DxgKrnl","10011","정보",,""
"21:18:47.4195691","DxgKrnl","10011","정보",,""
"21:18:47.4198526","DxgKrnl","10011","정보",,""
"21:18:47.4207602","DxgKrnl","10011","정보",,""
"21:18:47.4207901","DxgKrnl","10011","정보",,""
"21:18:47.4208856","DxgKrnl","10011","정보",,""
"21:18:47.4373729","DxgKrnl","10011","정보",,""
"21:18:47.4374295","DxgKrnl","10011","정보",,""
"21:18:47.4375116","DxgKrnl","10011","정보",,""
"21:18:47.4375521","DxgKrnl","10011","정보",,""
"21:18:47.4375553","DxgKrnl","10011","정보",,""
"21:18:47.4378845","DxgKrnl","10011","정보",,""
"21:18:47.4379722","DxgKrnl","10011","정보",,""
"21:18:47.4496290","DxgKrnl","10011","정보",,""
"21:18:47.4595933","DxgKrnl","10011","정보",,""
"21:18:47.4596849","DxgKrnl","10011","정보",,""
"21:18:47.4597471","DxgKrnl","10011","정보",,""
"21:18:47.4604503","DxgKrnl","10011","정보",,""
"21:18:47.4604830","DxgKrnl","10011","정보",,""
"21:18:47.4605459","DxgKrnl","10011","정보",,""
"21:18:47.4605793","DxgKrnl","10011","정보",,""
"21:18:47.4605808","DxgKrnl","10011","정보",,""
"21:18:47.4606164","DxgKrnl","10011","정보",,""
"21:18:47.4624135","DxgKrnl","10011","정보",,""
"21:18:47.4624568","DxgKrnl","10011","정보",,""
"21:18:47.4624889","DxgKrnl","10011","정보",,""
"21:18:47.4626425","DxgKrnl","10011","정보",,""
"21:18:47.4626896","DxgKrnl","10011","정보",,""
"21:18:47.4626904","DxgKrnl","10011","정보",,""
"21:18:47.5153693","DxgKrnl","10011","정보",,""
"21:18:47.5154190","DxgKrnl","10011","정보",,""
"21:18:47.5154205","DxgKrnl","10011","정보",,""
"21:18:47.5154555","DxgKrnl","10011","정보",,""
"21:18:47.5160782","DxgKrnl","10011","정보",,""
"21:18:47.5161186","DxgKrnl","10011","정보",,""
"21:18:47.5167119","DxgKrnl","10011","정보",,""
"21:18:47.5176946","DxgKrnl","10011","정보",,""
"21:18:47.5213788","DxgKrnl","10011","정보",,""
"21:18:47.5214307","DxgKrnl","10011","정보",,""
"21:18:47.5231131","DxgKrnl","10011","정보",,""
"21:18:47.5231841","DxgKrnl","10011","정보",,""
"21:18:47.7207767","DxgKrnl","10011","정보",,""
"21:18:47.7213717","DxgKrnl","10011","정보",,""
"21:18:47.7214389","DxgKrnl","10011","정보",,""
"21:18:47.7215071","DxgKrnl","10011","정보",,""
"21:18:47.7216194","DxgKrnl","10011","정보",,""
"21:18:47.7220080","DxgKrnl","10011","정보",,""
"21:18:47.7223064","DxgKrnl","10011","정보",,""
"21:18:47.7223514","DxgKrnl","10011","정보",,""
"21:18:47.7231200","DxgKrnl","10011","정보",,""
"21:18:47.7231941","DxgKrnl","10011","정보",,""
"21:18:47.7242400","DxgKrnl","10011","정보",,""
"21:18:47.7250986","DxgKrnl","10011","정보",,""
"21:18:47.7297153","DxgKrnl","10011","정보",,""
"21:18:47.7297516","DxgKrnl","10011","정보",,""
"21:18:47.7297517","DxgKrnl","10011","정보",,""
"21:18:47.7304903","DxgKrnl","10011","정보",,""
"21:18:47.7305605","DxgKrnl","10011","정보",,""
"21:18:47.7307445","DxgKrnl","10011","정보",,""
"21:18:47.7308023","DxgKrnl","10011","정보",,""
"21:18:47.7398192","DxgKrnl","10011","정보",,""
"21:18:47.7398683","DxgKrnl","10011","정보",,""
"21:18:47.7422858","DxgKrnl","10011","정보",,""
"21:18:47.7423714","DxgKrnl","10011","정보",,""
"21:18:47.7448444","DxgKrnl","10011","정보",,""
"21:18:47.7450909","DxgKrnl","10011","정보",,""
"21:18:47.7484035","DxgKrnl","10011","정보",,""
"21:18:47.7484918","DxgKrnl","10011","정보",,""
"21:18:47.7501383","DxgKrnl","10011","정보",,""
"21:18:47.7503399","DxgKrnl","10011","정보",,""
"21:18:47.7505718","DxgKrnl","10011","정보",,""
"21:18:47.7518935","DxgKrnl","10011","정보",,""
"21:18:47.7526361","DxgKrnl","10011","정보",,""
"21:18:47.7526601","DxgKrnl","10011","정보",,""
"21:18:47.7526620","DxgKrnl","10011","정보",,""
"21:18:47.7532148","DxgKrnl","10011","정보",,""
"21:18:47.7532472","DxgKrnl","10011","정보",,""
"21:18:47.7533388","DxgKrnl","10011","정보",,""
"21:18:47.7534106","DxgKrnl","10011","정보",,""
"21:18:47.7534170","DxgKrnl","10011","정보",,""
"21:18:47.7537084","DxgKrnl","10011","정보",,""
"21:18:47.7537703","DxgKrnl","10011","정보",,""
"21:18:47.7550213","DxgKrnl","10011","정보",,""
"21:18:47.7551140","DxgKrnl","10011","정보",,""
"21:18:47.7559713","DxgKrnl","10011","정보",,""
"21:18:47.7569946","DxgKrnl","10011","정보",,""
"21:18:50.6699977","DxgKrnl","10011","정보",,""
"21:18:50.9159824","Kernel-PnP","220","시작",,"Begin querying bus relations for device PCI\VEN_1002&DEV_7550&SUBSYS_E4891DA2&REV_C0\6&8916a45&0&00000009"
"21:18:50.9160793","DxgKrnl","10011","정보",,""
"21:18:50.9161721","DxgKrnl","10011","정보",,""
"21:18:50.9162174","DxgKrnl","10011","정보",,""
"21:18:50.9166303","DxgKrnl","10011","정보",,""
"21:18:50.9167828","DxgKrnl","10011","정보",,""
"21:18:50.9179857","DxgKrnl","10011","정보",,""
"21:18:50.9180305","DxgKrnl","10011","정보",,""
"21:18:50.9192891","DxgKrnl","10011","정보",,""
"21:18:50.9193606","DxgKrnl","10011","정보",,""
"21:18:50.9235243","Kernel-PnP","222","시작",,"End querying bus relations for device PCI\VEN_1002&DEV_7550&SUBSYS_E4891DA2&REV_C0\6&8916a45&0&00000009"
"21:18:50.9235834","Kernel-PnP","220","시작",,"Begin querying bus relations for device SWD\DRIVERENUM\AMDCP&7&16b8ddb4&0"
"21:18:50.9235851","Kernel-PnP","222","시작",,"End querying bus relations for device SWD\DRIVERENUM\AMDCP&7&16b8ddb4&0"
"21:18:50.9235908","Kernel-PnP","220","시작",,"Begin querying bus relations for device SWD\DRIVERENUM\AMDFDANS&7&16b8ddb4&0"
"21:18:50.9235915","Kernel-PnP","222","시작",,"End querying bus relations for device SWD\DRIVERENUM\AMDFDANS&7&16b8ddb4&0"
"21:18:50.9236013","Kernel-PnP","220","시작",,"Begin querying bus relations for device SWD\DRIVERENUM\AMDOCL&7&16b8ddb4&0"
"21:18:50.9236021","Kernel-PnP","222","시작",,"End querying bus relations for device SWD\DRIVERENUM\AMDOCL&7&16b8ddb4&0"
"21:18:50.9236068","Kernel-PnP","220","시작",,"Begin querying bus relations for device SWD\DRIVERENUM\AMDOGL&7&16b8ddb4&0"
"21:18:50.9236075","Kernel-PnP","222","시작",,"End querying bus relations for device SWD\DRIVERENUM\AMDOGL&7&16b8ddb4&0"
"21:18:50.9236269","Kernel-PnP","220","시작",,"Begin querying bus relations for device SWD\DRIVERENUM\AMDVLK&7&16b8ddb4&0"
"21:18:50.9236276","Kernel-PnP","222","시작",,"End querying bus relations for device SWD\DRIVERENUM\AMDVLK&7&16b8ddb4&0"
"21:18:50.9236322","Kernel-PnP","220","시작",,"Begin querying bus relations for device SWD\DRIVERENUM\AMDWIN&7&16b8ddb4&0"
"21:18:50.9236330","Kernel-PnP","222","시작",,"End querying bus relations for device SWD\DRIVERENUM\AMDWIN&7&16b8ddb4&0"
"21:18:50.9236374","Kernel-PnP","220","시작",,"Begin querying bus relations for device DISPLAY\BBC0104\7&16b8ddb4&0&UID265"
"21:18:50.9236421","Kernel-PnP","222","시작",,"End querying bus relations for device DISPLAY\BBC0104\7&16b8ddb4&0&UID265"
"21:18:50.9236470","Kernel-PnP","220","시작",,"Begin querying bus relations for device DISPLAY\SAM79DF\7&16b8ddb4&0&UID256"
"21:18:50.9236491","Kernel-PnP","222","시작",,"End querying bus relations for device DISPLAY\SAM79DF\7&16b8ddb4&0&UID256"
"21:18:50.9267003","DxgKrnl","10011","정보",,""
"21:18:50.9268007","DxgKrnl","10011","정보",,""
"21:18:50.9268506","DxgKrnl","10011","정보",,""
"21:18:50.9268542","DxgKrnl","10011","정보",,""
"21:18:50.9268566","DxgKrnl","10011","정보",,""
"21:18:50.9311296","DxgKrnl","10011","정보",,""
"21:18:50.9311781","DxgKrnl","10011","정보",,""
"21:18:50.9314762","Kernel-PnP","808","시작",,"End device add, status (STATUS_SUCCESS)"
"21:18:50.9317939","Kernel-PnP","220","시작",,"Begin querying bus relations for device DISPLAY\SAM7B0C\7&16b8ddb4&0&UID260"
"21:18:50.9317967","Kernel-PnP","222","시작",,"End querying bus relations for device DISPLAY\SAM7B0C\7&16b8ddb4&0&UID260"
"21:18:50.9320252","DxgKrnl","10011","정보",,""
"21:18:50.9528290","DxgKrnl","10011","정보",,""
"21:18:50.9529002","DxgKrnl","10011","정보",,""
"21:18:50.9529497","DxgKrnl","10011","정보",,""
"21:18:50.9543234","DxgKrnl","10011","정보",,""
"21:18:50.9543749","DxgKrnl","10011","정보",,""
"21:18:50.9545179","DxgKrnl","10011","정보",,""
"21:18:50.9545785","DxgKrnl","10011","정보",,""
"21:18:50.9545800","DxgKrnl","10011","정보",,""
"21:18:50.9546329","DxgKrnl","10011","정보",,""
"21:18:50.9546353","DxgKrnl","10011","정보",,""
"21:18:50.9546960","DxgKrnl","10011","정보",,""
"21:18:50.9547027","DxgKrnl","10011","정보",,""
"21:18:50.9547583","DxgKrnl","10011","정보",,""
"21:18:50.9567303","DxgKrnl","10011","정보",,""
"21:18:50.9567500","DxgKrnl","10011","정보",,""
"21:18:50.9570297","DxgKrnl","10011","정보",,""
"21:18:50.9570302","DxgKrnl","10011","정보",,""
"21:18:50.9576982","DxgKrnl","10011","정보",,""
"21:18:50.9577680","DxgKrnl","10011","정보",,""
"21:18:50.9630639","DxgKrnl","10011","정보",,""
"21:18:50.9631322","DxgKrnl","10011","정보",,""
"21:18:50.9631336","DxgKrnl","10011","정보",,""
"21:18:50.9632162","DxgKrnl","10011","정보",,""
"21:18:50.9632182","DxgKrnl","10011","정보",,""
"21:18:50.9632699","DxgKrnl","10011","정보",,""
"21:18:50.9633119","DxgKrnl","10011","정보",,""
"21:18:50.9633678","DxgKrnl","10011","정보",,""
"21:18:50.9637336","DxgKrnl","10011","정보",,""
"21:18:50.9637835","DxgKrnl","10011","정보",,""
"21:18:50.9688827","DxgKrnl","10011","정보",,""
"21:18:50.9689524","DxgKrnl","10011","정보",,""
"21:18:50.9753056","DxgKrnl","10011","정보",,""
"21:18:50.9759377","DxgKrnl","10011","정보",,""
"21:18:50.9823832","DxgKrnl","10011","정보",,""
"21:18:50.9824112","DxgKrnl","10011","정보",,""
"21:18:50.9824763","DxgKrnl","10011","정보",,""
"21:18:50.9824812","DxgKrnl","10011","정보",,""
"21:18:50.9824834","DxgKrnl","10011","정보",,""
"21:18:50.9870482","DxgKrnl","10011","정보",,""
"21:18:50.9871045","DxgKrnl","10011","정보",,""
"21:18:50.9899316","DxgKrnl","10011","정보",,""
"21:18:50.9899898","DxgKrnl","10011","정보",,""
"21:18:50.9900201","DxgKrnl","10011","정보",,""
"21:18:50.9903393","DxgKrnl","10011","정보",,""
"21:18:50.9903576","DxgKrnl","10011","정보",,""
"21:18:50.9903742","DxgKrnl","10011","정보",,""
"21:18:50.9903811","DxgKrnl","10011","정보",,""
"21:18:50.9905085","DxgKrnl","10011","정보",,""
"21:18:50.9906634","DxgKrnl","10011","정보",,""
"21:18:50.9908240","DxgKrnl","10011","정보",,""
"21:18:50.9908263","DxgKrnl","10011","정보",,""
"21:18:50.9938815","DxgKrnl","10011","정보",,""
"21:18:50.9939971","DxgKrnl","10011","정보",,""
"21:18:51.0005311","DxgKrnl","10011","정보",,""
"21:18:51.0005931","DxgKrnl","10011","정보",,""
"21:18:51.1465571","DxgKrnl","10011","정보",,""
"21:18:51.1474036","DxgKrnl","10011","정보",,""
"21:18:51.1853152","DxgKrnl","10011","정보",,""
"21:18:51.1859206","DxgKrnl","10011","정보",,""
"21:18:51.1862768","DxgKrnl","10011","정보",,""
"21:18:51.1863499","DxgKrnl","10011","정보",,""
"21:18:51.1869248","DxgKrnl","10011","정보",,""
"21:18:51.1869893","DxgKrnl","10011","정보",,""
"21:18:51.1875558","DxgKrnl","10011","정보",,""
"21:18:51.1878704","DxgKrnl","10011","정보",,""
"21:18:51.1931745","DxgKrnl","10011","정보",,""
"21:18:51.1932688","DxgKrnl","10011","정보",,""
"21:18:51.1932692","DxgKrnl","10011","정보",,""
"21:18:51.1934069","DxgKrnl","10011","정보",,""
"21:18:51.1934097","DxgKrnl","10011","정보",,""
"21:18:51.1947371","DxgKrnl","10011","정보",,""
"21:18:51.1947428","DxgKrnl","10011","정보",,""
"21:18:51.1949144","DxgKrnl","10011","정보",,""
"21:18:51.1949160","DxgKrnl","10011","정보",,""
"21:18:51.2005827","DxgKrnl","10011","정보",,""
"21:18:51.2005906","DxgKrnl","10011","정보",,""
"21:18:51.2014281","DxgKrnl","10011","정보",,""
"21:18:51.2030075","DxgKrnl","10011","정보",,""
"21:18:51.2030202","DxgKrnl","10011","정보",,""
"21:18:51.2030209","DxgKrnl","10011","정보",,""
"21:18:51.2031253","DxgKrnl","10011","정보",,""
"21:18:51.2037270","DxgKrnl","10011","정보",,""
"21:18:51.2037526","DxgKrnl","10011","정보",,""
"21:18:51.2039144","DxgKrnl","10011","정보",,""
"21:18:51.2039203","DxgKrnl","10011","정보",,""
"21:18:51.2039218","DxgKrnl","10011","정보",,""
"21:18:51.2045690","DxgKrnl","10011","정보",,""
"21:18:51.2046471","DxgKrnl","10011","정보",,""
"21:18:51.2060112","DxgKrnl","10011","정보",,""
"21:18:51.2067651","DxgKrnl","10011","정보",,""
"21:18:51.2111058","DxgKrnl","10011","정보",,""
"21:18:51.2111421","DxgKrnl","10011","정보",,""
"21:18:51.2111513","DxgKrnl","10011","정보",,""
"21:18:51.2112937","DxgKrnl","10011","정보",,""
"21:18:51.2112943","DxgKrnl","10011","정보",,""
"21:18:51.2130614","DxgKrnl","10011","정보",,""
"21:18:51.2143462","DxgKrnl","10011","정보",,""
"21:18:51.2143582","DxgKrnl","10011","정보",,""
"21:18:51.2143591","DxgKrnl","10011","정보",,""
"21:18:51.2150951","DxgKrnl","10011","정보",,""
"21:18:51.2151749","DxgKrnl","10011","정보",,""
"21:18:51.2155296","DxgKrnl","10011","정보",,""
"21:18:51.2156429","DxgKrnl","10011","정보",,""
"21:18:52.2396662","DxgKrnl","10011","정보",,""
"21:18:52.2397494","DxgKrnl","10011","정보",,""
"21:18:52.2397509","DxgKrnl","10011","정보",,""
"21:18:52.2398068","DxgKrnl","10011","정보",,""
"21:18:52.2398090","DxgKrnl","10011","정보",,""
"21:18:52.2398614","DxgKrnl","10011","정보",,""
"21:18:52.2398800","DxgKrnl","10011","정보",,""
"21:18:52.2399325","DxgKrnl","10011","정보",,""
"21:18:53.1570452","DxgKrnl","10011","정보",,""
"21:18:53.1577417","DxgKrnl","10011","정보",,""
"21:18:53.3620943","DxgKrnl","10011","정보",,""
"21:18:53.3621703","DxgKrnl","10011","정보",,""
"21:19:44.0742933","Kernel-PnP","220","시작",,"Begin querying bus relations for device PCI\VEN_1002&DEV_7550&SUBSYS_E4891DA2&REV_C0\6&8916a45&0&00000009"
"21:19:44.0743761","DxgKrnl","10011","정보",,""
"21:19:44.1183466","DxgKrnl","10011","정보",,""
"21:19:44.1186330","DxgKrnl","10011","정보",,""
"21:19:44.1186532","DxgKrnl","10011","정보",,""
"21:19:44.1188209","Kernel-PnP","222","시작",,"End querying bus relations for device PCI\VEN_1002&DEV_7550&SUBSYS_E4891DA2&REV_C0\6&8916a45&0&00000009"
"21:19:44.1190113","Kernel-PnP","1010","시작",,"버스에 누락 된 것으로 보고 된 장치 DISPLAY\SAM7B0C\7&16b8ddb4&0&UID260이 (가) 제거 되었습니다. 제거 된 장치 수 | 개수: 1"
"21:19:44.1191455","DxgKrnl","10011","정보",,""
"21:19:44.1192292","DxgKrnl","10011","정보",,""
"21:19:44.1196317","Kernel-PnP","220","시작",,"Begin querying bus relations for device SWD\DRIVERENUM\AMDCP&7&16b8ddb4&0"
"21:19:44.1196347","Kernel-PnP","222","시작",,"End querying bus relations for device SWD\DRIVERENUM\AMDCP&7&16b8ddb4&0"
"21:19:44.1196513","Kernel-PnP","220","시작",,"Begin querying bus relations for device SWD\DRIVERENUM\AMDFDANS&7&16b8ddb4&0"
"21:19:44.1196535","Kernel-PnP","222","시작",,"End querying bus relations for device SWD\DRIVERENUM\AMDFDANS&7&16b8ddb4&0"
"21:19:44.1196633","Kernel-PnP","220","시작",,"Begin querying bus relations for device SWD\DRIVERENUM\AMDOCL&7&16b8ddb4&0"
"21:19:44.1196644","Kernel-PnP","222","시작",,"End querying bus relations for device SWD\DRIVERENUM\AMDOCL&7&16b8ddb4&0"
"21:19:44.1196712","Kernel-PnP","220","시작",,"Begin querying bus relations for device SWD\DRIVERENUM\AMDOGL&7&16b8ddb4&0"
"21:19:44.1196726","Kernel-PnP","222","시작",,"End querying bus relations for device SWD\DRIVERENUM\AMDOGL&7&16b8ddb4&0"
"21:19:44.1196788","Kernel-PnP","220","시작",,"Begin querying bus relations for device SWD\DRIVERENUM\AMDVLK&7&16b8ddb4&0"
"21:19:44.1196797","Kernel-PnP","222","시작",,"End querying bus relations for device SWD\DRIVERENUM\AMDVLK&7&16b8ddb4&0"
"21:19:44.1196861","Kernel-PnP","220","시작",,"Begin querying bus relations for device SWD\DRIVERENUM\AMDWIN&7&16b8ddb4&0"
"21:19:44.1196871","Kernel-PnP","222","시작",,"End querying bus relations for device SWD\DRIVERENUM\AMDWIN&7&16b8ddb4&0"
"21:19:44.1196934","Kernel-PnP","220","시작",,"Begin querying bus relations for device DISPLAY\BBC0104\7&16b8ddb4&0&UID265"
"21:19:44.1196988","Kernel-PnP","222","시작",,"End querying bus relations for device DISPLAY\BBC0104\7&16b8ddb4&0&UID265"
"21:19:44.1197054","Kernel-PnP","220","시작",,"Begin querying bus relations for device DISPLAY\SAM79DF\7&16b8ddb4&0&UID256"
"21:19:44.1197082","Kernel-PnP","222","시작",,"End querying bus relations for device DISPLAY\SAM79DF\7&16b8ddb4&0&UID256"
"21:19:44.1205579","DxgKrnl","10011","정보",,""
"21:19:44.1206986","DxgKrnl","10011","정보",,""
"21:19:44.1211557","Kernel-PnP","808","시작",,"End device add, status (STATUS_SUCCESS)"
"21:19:44.1215459","Kernel-PnP","220","시작",,"Begin querying bus relations for device DISPLAY\Default_Monitor\7&16b8ddb4&0&UID260"
"21:19:44.1215490","Kernel-PnP","222","시작",,"End querying bus relations for device DISPLAY\Default_Monitor\7&16b8ddb4&0&UID260"
"21:19:44.1218581","DxgKrnl","10011","정보",,""
"21:19:44.1250700","DxgKrnl","10011","정보",,""
"21:19:44.1251786","DxgKrnl","10011","정보",,""
"21:19:44.1341030","DxgKrnl","10011","정보",,""
"21:19:44.1341363","DxgKrnl","10011","정보",,""
"21:19:44.1342083","DxgKrnl","10011","정보",,""
"21:19:44.1342144","DxgKrnl","10011","정보",,""
"21:19:44.1342168","DxgKrnl","10011","정보",,""
"21:19:44.1379659","DxgKrnl","10011","정보",,""
"21:19:44.1380497","DxgKrnl","10011","정보",,""
"21:19:44.2194604","DxgKrnl","10011","정보",,""
"21:19:44.2195586","DxgKrnl","10011","정보",,""
"21:19:44.2196162","DxgKrnl","10011","정보",,""
"21:19:44.2208654","DxgKrnl","10011","정보",,""
"21:19:44.2209354","DxgKrnl","10011","정보",,""
"21:19:44.2210954","DxgKrnl","10011","정보",,""
"21:19:44.2211706","DxgKrnl","10011","정보",,""
"21:19:44.2211720","DxgKrnl","10011","정보",,""
"21:19:44.2212417","DxgKrnl","10011","정보",,""
"21:19:44.2212430","DxgKrnl","10011","정보",,""
"21:19:44.2213116","DxgKrnl","10011","정보",,""
"21:19:44.2213138","DxgKrnl","10011","정보",,""
"21:19:44.2213881","DxgKrnl","10011","정보",,""
"21:19:44.2213959","DxgKrnl","10011","정보",,""
"21:19:44.2214646","DxgKrnl","10011","정보",,""
"21:19:44.2214684","DxgKrnl","10011","정보",,""
"21:19:44.2215367","DxgKrnl","10011","정보",,""
"21:19:44.2237061","DxgKrnl","10011","정보",,""
"21:19:44.2237158","DxgKrnl","10011","정보",,""
"21:19:44.2240722","DxgKrnl","10011","정보",,""
"21:19:44.2240769","DxgKrnl","10011","정보",,""
"21:19:44.2278914","DxgKrnl","10011","정보",,""
"21:19:44.2279779","DxgKrnl","10011","정보",,""
"21:19:44.2429370","DxgKrnl","10011","정보",,""
"21:19:44.2430366","DxgKrnl","10011","정보",,""
"21:19:44.2430382","DxgKrnl","10011","정보",,""
"21:19:44.2431249","DxgKrnl","10011","정보",,""
"21:19:44.2431260","DxgKrnl","10011","정보",,""
"21:19:44.2431999","DxgKrnl","10011","정보",,""
"21:19:44.2432023","DxgKrnl","10011","정보",,""
"21:19:44.2432754","DxgKrnl","10011","정보",,""
"21:19:44.2432830","DxgKrnl","10011","정보",,""
"21:19:44.2433498","DxgKrnl","10011","정보",,""
"21:19:44.2433532","DxgKrnl","10011","정보",,""
"21:19:44.2434255","DxgKrnl","10011","정보",,""
"21:19:44.2439835","DxgKrnl","10011","정보",,""
"21:19:44.2440571","DxgKrnl","10011","정보",,""
"21:19:44.2483565","DxgKrnl","10011","정보",,""
"21:19:44.2490394","DxgKrnl","10011","정보",,""
"21:19:44.2511424","DxgKrnl","10011","정보",,""
"21:19:44.2513830","DxgKrnl","10011","정보",,""
"21:19:44.2573176","DxgKrnl","10011","정보",,""
"21:19:44.2576042","DxgKrnl","10011","정보",,""
"21:19:44.4356007","Kernel-PnP","220","시작",,"Begin querying bus relations for device PCI\VEN_1002&DEV_7550&SUBSYS_E4891DA2&REV_C0\6&8916a45&0&00000009"
"21:19:44.4790600","Kernel-PnP","222","시작",,"End querying bus relations for device PCI\VEN_1002&DEV_7550&SUBSYS_E4891DA2&REV_C0\6&8916a45&0&00000009"
"21:19:44.4792670","Kernel-PnP","1010","시작",,"버스에 누락 된 것으로 보고 된 장치 DISPLAY\Default_Monitor\7&16b8ddb4&0&UID260이 (가) 제거 되었습니다. 제거 된 장치 수 | 개수: 1"
"21:19:44.4793141","DxgKrnl","10011","정보",,""
"21:19:44.4793190","DxgKrnl","10011","정보",,""
"21:19:44.4793191","DxgKrnl","10011","정보",,""
"21:19:44.4794246","DxgKrnl","10011","정보",,""
"21:19:44.4797437","Kernel-PnP","220","시작",,"Begin querying bus relations for device SWD\DRIVERENUM\AMDCP&7&16b8ddb4&0"
"21:19:44.4797473","Kernel-PnP","222","시작",,"End querying bus relations for device SWD\DRIVERENUM\AMDCP&7&16b8ddb4&0"
"21:19:44.4797599","Kernel-PnP","220","시작",,"Begin querying bus relations for device SWD\DRIVERENUM\AMDFDANS&7&16b8ddb4&0"
"21:19:44.4797611","Kernel-PnP","222","시작",,"End querying bus relations for device SWD\DRIVERENUM\AMDFDANS&7&16b8ddb4&0"
"21:19:44.4797682","Kernel-PnP","220","시작",,"Begin querying bus relations for device SWD\DRIVERENUM\AMDOCL&7&16b8ddb4&0"
"21:19:44.4797691","Kernel-PnP","222","시작",,"End querying bus relations for device SWD\DRIVERENUM\AMDOCL&7&16b8ddb4&0"
"21:19:44.4798559","Kernel-PnP","220","시작",,"Begin querying bus relations for device SWD\DRIVERENUM\AMDOGL&7&16b8ddb4&0"
"21:19:44.4798580","Kernel-PnP","222","시작",,"End querying bus relations for device SWD\DRIVERENUM\AMDOGL&7&16b8ddb4&0"
"21:19:44.4798672","Kernel-PnP","220","시작",,"Begin querying bus relations for device SWD\DRIVERENUM\AMDVLK&7&16b8ddb4&0"
"21:19:44.4798681","Kernel-PnP","222","시작",,"End querying bus relations for device SWD\DRIVERENUM\AMDVLK&7&16b8ddb4&0"
"21:19:44.4798756","Kernel-PnP","220","시작",,"Begin querying bus relations for device SWD\DRIVERENUM\AMDWIN&7&16b8ddb4&0"
"21:19:44.4798768","Kernel-PnP","222","시작",,"End querying bus relations for device SWD\DRIVERENUM\AMDWIN&7&16b8ddb4&0"
"21:19:44.4798829","Kernel-PnP","220","시작",,"Begin querying bus relations for device DISPLAY\BBC0104\7&16b8ddb4&0&UID265"
"21:19:44.4798881","Kernel-PnP","222","시작",,"End querying bus relations for device DISPLAY\BBC0104\7&16b8ddb4&0&UID265"
"21:19:44.4798936","Kernel-PnP","220","시작",,"Begin querying bus relations for device DISPLAY\SAM79DF\7&16b8ddb4&0&UID256"
"21:19:44.4798965","Kernel-PnP","222","시작",,"End querying bus relations for device DISPLAY\SAM79DF\7&16b8ddb4&0&UID256"
"21:19:44.4800000","DxgKrnl","10011","정보",,""
"21:19:44.4800091","DxgKrnl","10011","정보",,""
"21:19:44.4800096","DxgKrnl","10011","정보",,""
"21:19:44.4800137","DxgKrnl","10011","정보",,""
"21:19:44.4952977","DxgKrnl","10011","정보",,""
"21:19:44.4954499","DxgKrnl","10011","정보",,""
"21:19:44.4971885","DxgKrnl","10011","정보",,""
"21:19:44.4972977","DxgKrnl","10011","정보",,""
"21:19:44.4995663","DxgKrnl","10011","정보",,""
"21:19:44.4996070","DxgKrnl","10011","정보",,""
"21:19:44.4997020","DxgKrnl","10011","정보",,""
"21:19:44.4997063","DxgKrnl","10011","정보",,""
"21:19:44.4997098","DxgKrnl","10011","정보",,""
"21:19:44.5000248","DxgKrnl","10011","정보",,""
"21:19:44.5001000","DxgKrnl","10011","정보",,""
"21:19:44.5130660","DxgKrnl","10011","정보",,""
"21:19:44.5235166","DxgKrnl","10011","정보",,""
"21:19:44.5235952","DxgKrnl","10011","정보",,""
"21:19:44.5236353","DxgKrnl","10011","정보",,""
"21:19:44.5243711","DxgKrnl","10011","정보",,""
"21:19:44.5244017","DxgKrnl","10011","정보",,""
"21:19:44.5244837","DxgKrnl","10011","정보",,""
"21:19:44.5245234","DxgKrnl","10011","정보",,""
"21:19:44.5245250","DxgKrnl","10011","정보",,""
"21:19:44.5245545","DxgKrnl","10011","정보",,""
"21:19:44.5263063","DxgKrnl","10011","정보",,""
"21:19:44.5263783","DxgKrnl","10011","정보",,""
"21:19:44.5265906","DxgKrnl","10011","정보",,""
"21:19:44.5266191","DxgKrnl","10011","정보",,""
"21:19:44.5316639","DxgKrnl","10011","정보",,""
"21:19:44.5324832","DxgKrnl","10011","정보",,""
"21:19:44.5326828","DxgKrnl","10011","정보",,""
"21:19:44.5327783","DxgKrnl","10011","정보",,""
"21:19:44.5495890","DxgKrnl","10011","정보",,""
"21:19:44.5496199","DxgKrnl","10011","정보",,""
"21:19:44.5496682","DxgKrnl","10011","정보",,""
"21:19:44.5503955","DxgKrnl","10011","정보",,""
"21:19:44.5505299","DxgKrnl","10011","정보",,""
"21:19:44.5507022","DxgKrnl","10011","정보",,""
"21:19:44.5507460","DxgKrnl","10011","정보",,""
"21:19:44.5510726","DxgKrnl","10011","정보",,""
"21:19:44.5514451","DxgKrnl","10011","정보",,""
"21:19:44.5514896","DxgKrnl","10011","정보",,""
"21:19:44.5529982","DxgKrnl","10011","정보",,""
"21:19:44.5530417","DxgKrnl","10011","정보",,""
"21:19:44.5564452","DxgKrnl","10011","정보",,""
"21:19:44.5565001","DxgKrnl","10011","정보",,""
"21:19:44.5565997","DxgKrnl","10011","정보",,""
"21:19:44.5661573","DxgKrnl","10011","정보",,""
"21:19:44.5664458","DxgKrnl","10011","정보",,""
"21:19:44.5709103","DxgKrnl","10011","정보",,""
"21:19:44.5710491","DxgKrnl","10011","정보",,""
"21:19:44.5727308","DxgKrnl","10011","정보",,""
"21:19:44.5728204","DxgKrnl","10011","정보",,""
"21:19:44.5746870","DxgKrnl","10011","정보",,""
"21:19:44.5747042","DxgKrnl","10011","정보",,""
"21:19:44.5748073","DxgKrnl","10011","정보",,""
"21:19:44.5748094","DxgKrnl","10011","정보",,""
"21:19:44.5762126","DxgKrnl","10011","정보",,""
"21:19:44.5767228","DxgKrnl","10011","정보",,""
"21:19:44.5767436","DxgKrnl","10011","정보",,""
"21:19:44.5767453","DxgKrnl","10011","정보",,""
"21:19:44.5769146","DxgKrnl","10011","정보",,""
"21:19:44.5769804","DxgKrnl","10011","정보",,""
"21:19:44.5777336","DxgKrnl","10011","정보",,""
"21:19:44.5778080","DxgKrnl","10011","정보",,""
"21:19:44.6114752","DxgKrnl","10011","정보",,""
"21:19:44.6115399","DxgKrnl","10011","정보",,""
"21:19:44.6115412","DxgKrnl","10011","정보",,""
"21:19:44.6115905","DxgKrnl","10011","정보",,""
"21:19:44.6122006","DxgKrnl","10011","정보",,""
"21:19:44.6122363","DxgKrnl","10011","정보",,""
"21:19:44.6141139","DxgKrnl","10011","정보",,""
"21:19:44.6149062","DxgKrnl","10011","정보",,""
"21:19:44.6159356","DxgKrnl","10011","정보",,""
"21:19:44.6159785","DxgKrnl","10011","정보",,""
"21:19:44.6177691","DxgKrnl","10011","정보",,""
"21:19:44.6178269","DxgKrnl","10011","정보",,""
"21:19:44.6194079","DxgKrnl","10011","정보",,""
"21:19:44.6194523","DxgKrnl","10011","정보",,""
"21:19:44.6209122","DxgKrnl","10011","정보",,""
"21:19:44.6209532","DxgKrnl","10011","정보",,""
"21:19:44.6216394","DxgKrnl","10011","정보",,""
"21:19:44.6222443","DxgKrnl","10011","정보",,""
"21:19:44.6946108","DxgKrnl","10011","정보",,""
"21:19:44.6946895","DxgKrnl","10011","정보",,""
"21:19:44.6946909","DxgKrnl","10011","정보",,""
"21:19:44.6947245","DxgKrnl","10011","정보",,""
"21:19:47.7674480","DxgKrnl","10011","정보",,""
"21:19:48.0132720","Kernel-PnP","220","시작",,"Begin querying bus relations for device PCI\VEN_1002&DEV_7550&SUBSYS_E4891DA2&REV_C0\6&8916a45&0&00000009"
"21:19:48.0133790","DxgKrnl","10011","정보",,""
"21:19:48.0135481","DxgKrnl","10011","정보",,""
"21:19:48.0135920","DxgKrnl","10011","정보",,""
"21:19:48.0140849","DxgKrnl","10011","정보",,""
"21:19:48.0148098","DxgKrnl","10011","정보",,""
"21:19:48.0149325","DxgKrnl","10011","정보",,""
"21:19:48.0149774","DxgKrnl","10011","정보",,""
"21:19:48.0163763","DxgKrnl","10011","정보",,""
"21:19:48.0164246","DxgKrnl","10011","정보",,""
"21:19:48.0198909","Kernel-PnP","222","시작",,"End querying bus relations for device PCI\VEN_1002&DEV_7550&SUBSYS_E4891DA2&REV_C0\6&8916a45&0&00000009"
"21:19:48.0199508","Kernel-PnP","220","시작",,"Begin querying bus relations for device SWD\DRIVERENUM\AMDCP&7&16b8ddb4&0"
"21:19:48.0199526","Kernel-PnP","222","시작",,"End querying bus relations for device SWD\DRIVERENUM\AMDCP&7&16b8ddb4&0"
"21:19:48.0199596","Kernel-PnP","220","시작",,"Begin querying bus relations for device SWD\DRIVERENUM\AMDFDANS&7&16b8ddb4&0"
"21:19:48.0199605","Kernel-PnP","222","시작",,"End querying bus relations for device SWD\DRIVERENUM\AMDFDANS&7&16b8ddb4&0"
"21:19:48.0199660","Kernel-PnP","220","시작",,"Begin querying bus relations for device SWD\DRIVERENUM\AMDOCL&7&16b8ddb4&0"
"21:19:48.0199669","Kernel-PnP","222","시작",,"End querying bus relations for device SWD\DRIVERENUM\AMDOCL&7&16b8ddb4&0"
"21:19:48.0199721","Kernel-PnP","220","시작",,"Begin querying bus relations for device SWD\DRIVERENUM\AMDOGL&7&16b8ddb4&0"
"21:19:48.0199729","Kernel-PnP","222","시작",,"End querying bus relations for device SWD\DRIVERENUM\AMDOGL&7&16b8ddb4&0"
"21:19:48.0199782","Kernel-PnP","220","시작",,"Begin querying bus relations for device SWD\DRIVERENUM\AMDVLK&7&16b8ddb4&0"
"21:19:48.0199791","Kernel-PnP","222","시작",,"End querying bus relations for device SWD\DRIVERENUM\AMDVLK&7&16b8ddb4&0"
"21:19:48.0199844","Kernel-PnP","220","시작",,"Begin querying bus relations for device SWD\DRIVERENUM\AMDWIN&7&16b8ddb4&0"
"21:19:48.0199852","Kernel-PnP","222","시작",,"End querying bus relations for device SWD\DRIVERENUM\AMDWIN&7&16b8ddb4&0"
"21:19:48.0199911","Kernel-PnP","220","시작",,"Begin querying bus relations for device DISPLAY\BBC0104\7&16b8ddb4&0&UID265"
"21:19:48.0199963","Kernel-PnP","222","시작",,"End querying bus relations for device DISPLAY\BBC0104\7&16b8ddb4&0&UID265"
"21:19:48.0200023","Kernel-PnP","220","시작",,"Begin querying bus relations for device DISPLAY\SAM79DF\7&16b8ddb4&0&UID256"
"21:19:48.0200046","Kernel-PnP","222","시작",,"End querying bus relations for device DISPLAY\SAM79DF\7&16b8ddb4&0&UID256"
"21:19:48.0244214","DxgKrnl","10011","정보",,""
"21:19:48.0244502","DxgKrnl","10011","정보",,""
"21:19:48.0244893","DxgKrnl","10011","정보",,""
"21:19:48.0244926","DxgKrnl","10011","정보",,""
"21:19:48.0244949","DxgKrnl","10011","정보",,""
"21:19:48.0291475","DxgKrnl","10011","정보",,""
"21:19:48.0292259","DxgKrnl","10011","정보",,""
"21:19:48.0295128","Kernel-PnP","808","시작",,"End device add, status (STATUS_SUCCESS)"
"21:19:48.0298750","Kernel-PnP","220","시작",,"Begin querying bus relations for device DISPLAY\SAM7B0C\7&16b8ddb4&0&UID260"
"21:19:48.0298782","Kernel-PnP","222","시작",,"End querying bus relations for device DISPLAY\SAM7B0C\7&16b8ddb4&0&UID260"
"21:19:48.0301153","DxgKrnl","10011","정보",,""
"21:19:48.0497406","DxgKrnl","10011","정보",,""
"21:19:48.0498559","DxgKrnl","10011","정보",,""
"21:19:48.0498986","DxgKrnl","10011","정보",,""
"21:19:48.0512453","DxgKrnl","10011","정보",,""
"21:19:48.0512965","DxgKrnl","10011","정보",,""
"21:19:48.0514321","DxgKrnl","10011","정보",,""
"21:19:48.0514947","DxgKrnl","10011","정보",,""
"21:19:48.0514955","DxgKrnl","10011","정보",,""
"21:19:48.0515467","DxgKrnl","10011","정보",,""
"21:19:48.0515482","DxgKrnl","10011","정보",,""
"21:19:48.0516037","DxgKrnl","10011","정보",,""
"21:19:48.0516145","DxgKrnl","10011","정보",,""
"21:19:48.0516649","DxgKrnl","10011","정보",,""
"21:19:48.0536873","DxgKrnl","10011","정보",,""
"21:19:48.0537100","DxgKrnl","10011","정보",,""
"21:19:48.0538485","DxgKrnl","10011","정보",,""
"21:19:48.0538506","DxgKrnl","10011","정보",,""
"21:19:48.0572491","DxgKrnl","10011","정보",,""
"21:19:48.0573117","DxgKrnl","10011","정보",,""
"21:19:48.0609475","DxgKrnl","10011","정보",,""
"21:19:48.0610251","DxgKrnl","10011","정보",,""
"21:19:48.0610258","DxgKrnl","10011","정보",,""
"21:19:48.0610947","DxgKrnl","10011","정보",,""
"21:19:48.0610960","DxgKrnl","10011","정보",,""
"21:19:48.0611498","DxgKrnl","10011","정보",,""
"21:19:48.0611558","DxgKrnl","10011","정보",,""
"21:19:48.0612112","DxgKrnl","10011","정보",,""
"21:19:48.0616499","DxgKrnl","10011","정보",,""
"21:19:48.0616991","DxgKrnl","10011","정보",,""
"21:19:48.0659155","DxgKrnl","10011","정보",,""
"21:19:48.0659787","DxgKrnl","10011","정보",,""
"21:19:48.0726807","DxgKrnl","10011","정보",,""
"21:19:48.0735186","DxgKrnl","10011","정보",,""
"21:19:48.0781039","DxgKrnl","10011","정보",,""
"21:19:48.0781298","DxgKrnl","10011","정보",,""
"21:19:48.0782029","DxgKrnl","10011","정보",,""
"21:19:48.0782226","DxgKrnl","10011","정보",,""
"21:19:48.0782249","DxgKrnl","10011","정보",,""
"21:19:48.0825726","DxgKrnl","10011","정보",,""
"21:19:48.0826297","DxgKrnl","10011","정보",,""
"21:19:48.0854780","DxgKrnl","10011","정보",,""
"21:19:48.0855470","DxgKrnl","10011","정보",,""
"21:19:48.0855798","DxgKrnl","10011","정보",,""
"21:19:48.0856996","DxgKrnl","10011","정보",,""
"21:19:48.0857126","DxgKrnl","10011","정보",,""
"21:19:48.0857293","DxgKrnl","10011","정보",,""
"21:19:48.0857430","DxgKrnl","10011","정보",,""
"21:19:48.0858902","DxgKrnl","10011","정보",,""
"21:19:48.0859727","DxgKrnl","10011","정보",,""
"21:19:48.0860728","DxgKrnl","10011","정보",,""
"21:19:48.0860767","DxgKrnl","10011","정보",,""
"21:19:48.0901776","DxgKrnl","10011","정보",,""
"21:19:48.0902423","DxgKrnl","10011","정보",,""
"21:19:48.0959207","DxgKrnl","10011","정보",,""
"21:19:48.0959891","DxgKrnl","10011","정보",,""
"21:19:48.2540747","DxgKrnl","10011","정보",,""
"21:19:48.2549253","DxgKrnl","10011","정보",,""
"21:19:48.2833680","DxgKrnl","10011","정보",,""
"21:19:48.2842574","DxgKrnl","10011","정보",,""
"21:19:48.2842970","DxgKrnl","10011","정보",,""
"21:19:48.2845495","DxgKrnl","10011","정보",,""
"21:19:48.2875186","DxgKrnl","10011","정보",,""
"21:19:48.2875606","DxgKrnl","10011","정보",,""
"21:19:48.2875746","DxgKrnl","10011","정보",,""
"21:19:48.2876901","DxgKrnl","10011","정보",,""
"21:19:48.2876902","DxgKrnl","10011","정보",,""
"21:19:48.2889819","DxgKrnl","10011","정보",,""
"21:19:48.2890516","DxgKrnl","10011","정보",,""
"21:19:48.2912872","DxgKrnl","10011","정보",,""
"21:19:48.2928514","DxgKrnl","10011","정보",,""
"21:19:48.2928633","DxgKrnl","10011","정보",,""
"21:19:48.2928642","DxgKrnl","10011","정보",,""
"21:19:48.2929475","DxgKrnl","10011","정보",,""
"21:19:48.2929488","DxgKrnl","10011","정보",,""
"21:19:48.2930535","DxgKrnl","10011","정보",,""
"21:19:48.2931871","DxgKrnl","10011","정보",,""
"21:19:48.2944563","DxgKrnl","10011","정보",,""
"21:19:48.2944743","DxgKrnl","10011","정보",,""
"21:19:48.2945853","DxgKrnl","10011","정보",,""
"21:19:48.2946515","DxgKrnl","10011","정보",,""
"21:19:48.3025633","DxgKrnl","10011","정보",,""
"21:19:48.3026014","DxgKrnl","10011","정보",,""
"21:19:48.3026063","DxgKrnl","10011","정보",,""
"21:19:48.3026793","DxgKrnl","10011","정보",,""
"21:19:48.3033319","DxgKrnl","10011","정보",,""
"21:19:48.3033367","DxgKrnl","10011","정보",,""
"21:19:48.3035584","DxgKrnl","10011","정보",,""
"21:19:48.3062147","DxgKrnl","10011","정보",,""
"21:19:48.3078955","DxgKrnl","10011","정보",,""
"21:19:48.3079085","DxgKrnl","10011","정보",,""
"21:19:48.3079093","DxgKrnl","10011","정보",,""
"21:19:48.3083284","DxgKrnl","10011","정보",,""
"21:19:48.3083408","DxgKrnl","10011","정보",,""
"21:19:48.3094271","DxgKrnl","10011","정보",,""
"21:19:48.3094275","DxgKrnl","10011","정보",,""
"21:19:48.3095537","DxgKrnl","10011","정보",,""
"21:19:48.3095615","DxgKrnl","10011","정보",,""
"21:19:48.3098051","DxgKrnl","10011","정보",,""
"21:19:48.3100782","DxgKrnl","10011","정보",,""
"21:19:48.3128690","DxgKrnl","10011","정보",,""
"21:19:48.3129450","DxgKrnl","10011","정보",,""
"21:19:49.3277035","DxgKrnl","10011","정보",,""
"21:19:49.3277803","DxgKrnl","10011","정보",,""
"21:19:49.3277811","DxgKrnl","10011","정보",,""
"21:19:49.3278443","DxgKrnl","10011","정보",,""
"21:19:49.3278455","DxgKrnl","10011","정보",,""
"21:19:49.3278961","DxgKrnl","10011","정보",,""
"21:19:49.3279138","DxgKrnl","10011","정보",,""
"21:19:49.3279687","DxgKrnl","10011","정보",,""
"21:20:33.9950648","Kernel-PnP","220","시작",,"Begin querying bus relations for device PCI\VEN_1002&DEV_7550&SUBSYS_E4891DA2&REV_C0\6&8916a45&0&00000009"
"21:20:33.9951828","DxgKrnl","10011","정보",,""
"21:20:34.0349189","DxgKrnl","10011","정보",,""
"21:20:34.0350449","DxgKrnl","10011","정보",,""
"21:20:34.0352536","DxgKrnl","10011","정보",,""
"21:20:34.0353830","Kernel-PnP","222","시작",,"End querying bus relations for device PCI\VEN_1002&DEV_7550&SUBSYS_E4891DA2&REV_C0\6&8916a45&0&00000009"
"21:20:34.0355546","DxgKrnl","10011","정보",,""
"21:20:34.0355703","Kernel-PnP","1010","시작",,"버스에 누락 된 것으로 보고 된 장치 DISPLAY\SAM7B0C\7&16b8ddb4&0&UID260이 (가) 제거 되었습니다. 제거 된 장치 수 | 개수: 1"
"21:20:34.0356357","DxgKrnl","10011","정보",,""
"21:20:34.0362400","Kernel-PnP","220","시작",,"Begin querying bus relations for device SWD\DRIVERENUM\AMDCP&7&16b8ddb4&0"
"21:20:34.0362449","Kernel-PnP","222","시작",,"End querying bus relations for device SWD\DRIVERENUM\AMDCP&7&16b8ddb4&0"
"21:20:34.0362568","Kernel-PnP","220","시작",,"Begin querying bus relations for device SWD\DRIVERENUM\AMDFDANS&7&16b8ddb4&0"
"21:20:34.0362581","Kernel-PnP","222","시작",,"End querying bus relations for device SWD\DRIVERENUM\AMDFDANS&7&16b8ddb4&0"
"21:20:34.0362646","Kernel-PnP","220","시작",,"Begin querying bus relations for device SWD\DRIVERENUM\AMDOCL&7&16b8ddb4&0"
"21:20:34.0362655","Kernel-PnP","222","시작",,"End querying bus relations for device SWD\DRIVERENUM\AMDOCL&7&16b8ddb4&0"
"21:20:34.0362726","Kernel-PnP","220","시작",,"Begin querying bus relations for device SWD\DRIVERENUM\AMDOGL&7&16b8ddb4&0"
"21:20:34.0362736","Kernel-PnP","222","시작",,"End querying bus relations for device SWD\DRIVERENUM\AMDOGL&7&16b8ddb4&0"
"21:20:34.0362796","Kernel-PnP","220","시작",,"Begin querying bus relations for device SWD\DRIVERENUM\AMDVLK&7&16b8ddb4&0"
"21:20:34.0362805","Kernel-PnP","222","시작",,"End querying bus relations for device SWD\DRIVERENUM\AMDVLK&7&16b8ddb4&0"
"21:20:34.0362871","Kernel-PnP","220","시작",,"Begin querying bus relations for device SWD\DRIVERENUM\AMDWIN&7&16b8ddb4&0"
"21:20:34.0362882","Kernel-PnP","222","시작",,"End querying bus relations for device SWD\DRIVERENUM\AMDWIN&7&16b8ddb4&0"
"21:20:34.0362949","Kernel-PnP","220","시작",,"Begin querying bus relations for device DISPLAY\BBC0104\7&16b8ddb4&0&UID265"
"21:20:34.0363005","Kernel-PnP","222","시작",,"End querying bus relations for device DISPLAY\BBC0104\7&16b8ddb4&0&UID265"
"21:20:34.0363108","Kernel-PnP","220","시작",,"Begin querying bus relations for device DISPLAY\SAM79DF\7&16b8ddb4&0&UID256"
"21:20:34.0363160","Kernel-PnP","222","시작",,"End querying bus relations for device DISPLAY\SAM79DF\7&16b8ddb4&0&UID256"
"21:20:34.0371607","DxgKrnl","10011","정보",,""
"21:20:34.0373282","DxgKrnl","10011","정보",,""
"21:20:34.0378182","Kernel-PnP","808","시작",,"End device add, status (STATUS_SUCCESS)"
"21:20:34.0383275","Kernel-PnP","220","시작",,"Begin querying bus relations for device DISPLAY\Default_Monitor\7&16b8ddb4&0&UID260"
"21:20:34.0383307","Kernel-PnP","222","시작",,"End querying bus relations for device DISPLAY\Default_Monitor\7&16b8ddb4&0&UID260"
"21:20:34.0385907","DxgKrnl","10011","정보",,""
"21:20:34.0413616","DxgKrnl","10011","정보",,""
"21:20:34.0414391","DxgKrnl","10011","정보",,""
"21:20:34.0506130","DxgKrnl","10011","정보",,""
"21:20:34.0506467","DxgKrnl","10011","정보",,""
"21:20:34.0507137","DxgKrnl","10011","정보",,""
"21:20:34.0507181","DxgKrnl","10011","정보",,""
"21:20:34.0507205","DxgKrnl","10011","정보",,""
"21:20:34.0542319","DxgKrnl","10011","정보",,""
"21:20:34.0542961","DxgKrnl","10011","정보",,""
"21:20:34.1387010","DxgKrnl","10011","정보",,""
"21:20:34.1387950","DxgKrnl","10011","정보",,""
"21:20:34.1388420","DxgKrnl","10011","정보",,""
"21:20:34.1400862","DxgKrnl","10011","정보",,""
"21:20:34.1401554","DxgKrnl","10011","정보",,""
"21:20:34.1403052","DxgKrnl","10011","정보",,""
"21:20:34.1403790","DxgKrnl","10011","정보",,""
"21:20:34.1403806","DxgKrnl","10011","정보",,""
"21:20:34.1404498","DxgKrnl","10011","정보",,""
"21:20:34.1404511","DxgKrnl","10011","정보",,""
"21:20:34.1405203","DxgKrnl","10011","정보",,""
"21:20:34.1405224","DxgKrnl","10011","정보",,""
"21:20:34.1405964","DxgKrnl","10011","정보",,""
"21:20:34.1406027","DxgKrnl","10011","정보",,""
"21:20:34.1406719","DxgKrnl","10011","정보",,""
"21:20:34.1406752","DxgKrnl","10011","정보",,""
"21:20:34.1407464","DxgKrnl","10011","정보",,""
"21:20:34.1428839","DxgKrnl","10011","정보",,""
"21:20:34.1429003","DxgKrnl","10011","정보",,""
"21:20:34.1429205","DxgKrnl","10011","정보",,""
"21:20:34.1430952","DxgKrnl","10011","정보",,""
"21:20:34.1431868","DxgKrnl","10011","정보",,""
"21:20:34.1431963","DxgKrnl","10011","정보",,""
"21:20:34.1437814","DxgKrnl","10011","정보",,""
"21:20:34.1438615","DxgKrnl","10011","정보",,""
"21:20:34.1608665","DxgKrnl","10011","정보",,""
"21:20:34.1609518","DxgKrnl","10011","정보",,""
"21:20:34.1609542","DxgKrnl","10011","정보",,""
"21:20:34.1610304","DxgKrnl","10011","정보",,""
"21:20:34.1610315","DxgKrnl","10011","정보",,""
"21:20:34.1611086","DxgKrnl","10011","정보",,""
"21:20:34.1611108","DxgKrnl","10011","정보",,""
"21:20:34.1611791","DxgKrnl","10011","정보",,""
"21:20:34.1611859","DxgKrnl","10011","정보",,""
"21:20:34.1612634","DxgKrnl","10011","정보",,""
"21:20:34.1612677","DxgKrnl","10011","정보",,""
"21:20:34.1613419","DxgKrnl","10011","정보",,""
"21:20:34.1619073","DxgKrnl","10011","정보",,""
"21:20:34.1619819","DxgKrnl","10011","정보",,""
"21:20:34.1628812","DxgKrnl","10011","정보",,""
"21:20:34.1638365","DxgKrnl","10011","정보",,""
"21:20:34.1726319","DxgKrnl","10011","정보",,""
"21:20:34.1727451","DxgKrnl","10011","정보",,""
"21:20:34.1792623","DxgKrnl","10011","정보",,""
"21:20:34.1793527","DxgKrnl","10011","정보",,""
"21:20:34.2545158","DxgKrnl","10011","정보",,""
"21:20:34.2545637","Kernel-PnP","220","시작",,"Begin querying bus relations for device PCI\VEN_1002&DEV_7550&SUBSYS_E4891DA2&REV_C0\6&8916a45&0&00000009"
"21:20:34.2977147","Kernel-PnP","222","시작",,"End querying bus relations for device PCI\VEN_1002&DEV_7550&SUBSYS_E4891DA2&REV_C0\6&8916a45&0&00000009"
"21:20:34.2979322","Kernel-PnP","1010","시작",,"버스에 누락 된 것으로 보고 된 장치 DISPLAY\Default_Monitor\7&16b8ddb4&0&UID260이 (가) 제거 되었습니다. 제거 된 장치 수 | 개수: 1"
"21:20:34.2980812","DxgKrnl","10011","정보",,""
"21:20:34.2983182","DxgKrnl","10011","정보",,""
"21:20:34.2983241","DxgKrnl","10011","정보",,""
"21:20:34.2983285","DxgKrnl","10011","정보",,""
"21:20:34.2983337","DxgKrnl","10011","정보",,""
"21:20:34.2985277","Kernel-PnP","220","시작",,"Begin querying bus relations for device SWD\DRIVERENUM\AMDCP&7&16b8ddb4&0"
"21:20:34.2985310","Kernel-PnP","222","시작",,"End querying bus relations for device SWD\DRIVERENUM\AMDCP&7&16b8ddb4&0"
"21:20:34.2985452","Kernel-PnP","220","시작",,"Begin querying bus relations for device SWD\DRIVERENUM\AMDFDANS&7&16b8ddb4&0"
"21:20:34.2985463","Kernel-PnP","222","시작",,"End querying bus relations for device SWD\DRIVERENUM\AMDFDANS&7&16b8ddb4&0"
"21:20:34.2985553","Kernel-PnP","220","시작",,"Begin querying bus relations for device SWD\DRIVERENUM\AMDOCL&7&16b8ddb4&0"
"21:20:34.2985563","Kernel-PnP","222","시작",,"End querying bus relations for device SWD\DRIVERENUM\AMDOCL&7&16b8ddb4&0"
"21:20:34.2985630","Kernel-PnP","220","시작",,"Begin querying bus relations for device SWD\DRIVERENUM\AMDOGL&7&16b8ddb4&0"
"21:20:34.2985639","Kernel-PnP","222","시작",,"End querying bus relations for device SWD\DRIVERENUM\AMDOGL&7&16b8ddb4&0"
"21:20:34.2985704","Kernel-PnP","220","시작",,"Begin querying bus relations for device SWD\DRIVERENUM\AMDVLK&7&16b8ddb4&0"
"21:20:34.2985712","Kernel-PnP","222","시작",,"End querying bus relations for device SWD\DRIVERENUM\AMDVLK&7&16b8ddb4&0"
"21:20:34.2985761","Kernel-PnP","220","시작",,"Begin querying bus relations for device SWD\DRIVERENUM\AMDWIN&7&16b8ddb4&0"
"21:20:34.2985771","Kernel-PnP","222","시작",,"End querying bus relations for device SWD\DRIVERENUM\AMDWIN&7&16b8ddb4&0"
"21:20:34.2985836","Kernel-PnP","220","시작",,"Begin querying bus relations for device DISPLAY\BBC0104\7&16b8ddb4&0&UID265"
"21:20:34.2985896","Kernel-PnP","222","시작",,"End querying bus relations for device DISPLAY\BBC0104\7&16b8ddb4&0&UID265"
"21:20:34.2985958","Kernel-PnP","220","시작",,"Begin querying bus relations for device DISPLAY\SAM79DF\7&16b8ddb4&0&UID256"
"21:20:34.2985991","Kernel-PnP","222","시작",,"End querying bus relations for device DISPLAY\SAM79DF\7&16b8ddb4&0&UID256"
"21:20:34.2989201","DxgKrnl","10011","정보",,""
"21:20:34.2989210","DxgKrnl","10011","정보",,""
"21:20:34.2989230","DxgKrnl","10011","정보",,""
"21:20:34.2993032","DxgKrnl","10011","정보",,""
"21:20:34.3200226","DxgKrnl","10011","정보",,""
"21:20:34.3201446","DxgKrnl","10011","정보",,""
"21:20:34.3213330","DxgKrnl","10011","정보",,""
"21:20:34.3214208","DxgKrnl","10011","정보",,""
"21:20:34.3264471","DxgKrnl","10011","정보",,""
"21:20:34.3264704","DxgKrnl","10011","정보",,""
"21:20:34.3265934","DxgKrnl","10011","정보",,""
"21:20:34.3265976","DxgKrnl","10011","정보",,""
"21:20:34.3265998","DxgKrnl","10011","정보",,""
"21:20:34.3269289","DxgKrnl","10011","정보",,""
"21:20:34.3270167","DxgKrnl","10011","정보",,""
"21:20:34.3486649","DxgKrnl","10011","정보",,""
"21:20:34.3595665","DxgKrnl","10011","정보",,""
"21:20:34.3596221","DxgKrnl","10011","정보",,""
"21:20:34.3596732","DxgKrnl","10011","정보",,""
"21:20:34.3604345","DxgKrnl","10011","정보",,""
"21:20:34.3604642","DxgKrnl","10011","정보",,""
"21:20:34.3605259","DxgKrnl","10011","정보",,""
"21:20:34.3605578","DxgKrnl","10011","정보",,""
"21:20:34.3605594","DxgKrnl","10011","정보",,""
"21:20:34.3605950","DxgKrnl","10011","정보",,""
"21:20:34.3623213","DxgKrnl","10011","정보",,""
"21:20:34.3627067","DxgKrnl","10011","정보",,""
"21:20:34.3675213","DxgKrnl","10011","정보",,""
"21:20:34.3675696","DxgKrnl","10011","정보",,""
"21:20:34.4182443","DxgKrnl","10011","정보",,""
"21:20:34.4190305","DxgKrnl","10011","정보",,""
"21:20:34.4339001","DxgKrnl","10011","정보",,""
"21:20:34.4339792","DxgKrnl","10011","정보",,""
"21:20:34.4339806","DxgKrnl","10011","정보",,""
"21:20:34.4340136","DxgKrnl","10011","정보",,""
"21:20:34.4346271","DxgKrnl","10011","정보",,""
"21:20:34.4346596","DxgKrnl","10011","정보",,""
"21:20:34.4386432","DxgKrnl","10011","정보",,""
"21:20:34.4387273","DxgKrnl","10011","정보",,""
"21:20:34.4403933","DxgKrnl","10011","정보",,""
"21:20:34.4404351","DxgKrnl","10011","정보",,""
"21:20:34.4419523","DxgKrnl","10011","정보",,""
"21:20:34.4420032","DxgKrnl","10011","정보",,""
"21:20:34.4436122","DxgKrnl","10011","정보",,""
"21:20:34.4436553","DxgKrnl","10011","정보",,""
"21:20:34.4546939","DxgKrnl","10011","정보",,""
"21:20:34.4550003","DxgKrnl","10011","정보",,""
"21:20:34.4550472","DxgKrnl","10011","정보",,""
"21:20:34.4551899","DxgKrnl","10011","정보",,""
"21:20:34.4552274","DxgKrnl","10011","정보",,""
"21:20:34.4552655","DxgKrnl","10011","정보",,""
"21:20:34.4553089","DxgKrnl","10011","정보",,""
"21:20:34.4553376","DxgKrnl","10011","정보",,""
"21:20:34.4554097","DxgKrnl","10011","정보",,""
"21:20:34.4561147","DxgKrnl","10011","정보",,""
"21:20:34.4578027","DxgKrnl","10011","정보",,""
"21:20:34.4578541","DxgKrnl","10011","정보",,""
"21:20:34.4596090","DxgKrnl","10011","정보",,""
"21:20:34.4596992","DxgKrnl","10011","정보",,""
"21:20:34.4612546","DxgKrnl","10011","정보",,""
"21:20:34.4613111","DxgKrnl","10011","정보",,""
"21:20:34.4613548","DxgKrnl","10011","정보",,""
"21:20:34.4706952","DxgKrnl","10011","정보",,""
"21:20:34.4707171","DxgKrnl","10011","정보",,""
"21:20:34.4708305","DxgKrnl","10011","정보",,""
"21:20:34.4708321","DxgKrnl","10011","정보",,""
"21:20:34.4773276","DxgKrnl","10011","정보",,""
"21:20:34.4773557","DxgKrnl","10011","정보",,""
"21:20:34.4774165","DxgKrnl","10011","정보",,""
"21:20:34.4774905","DxgKrnl","10011","정보",,""
"21:20:34.4793161","DxgKrnl","10011","정보",,""
"21:20:34.4793969","DxgKrnl","10011","정보",,""
"21:20:34.4810866","DxgKrnl","10011","정보",,""
"21:20:34.4815522","DxgKrnl","10011","정보",,""
"21:20:34.4815705","DxgKrnl","10011","정보",,""
"21:20:34.4815722","DxgKrnl","10011","정보",,""
"21:20:34.4825659","DxgKrnl","10011","정보",,""
"21:20:34.4826161","DxgKrnl","10011","정보",,""
"21:20:34.4832418","DxgKrnl","10011","정보",,""
"21:20:34.4832836","DxgKrnl","10011","정보",,""
"21:20:34.5858427","DxgKrnl","10011","정보",,""
"21:20:34.5859345","DxgKrnl","10011","정보",,""
"21:20:34.5952264","DxgKrnl","10011","정보",,""
"21:20:34.5960064","DxgKrnl","10011","정보",,""
"21:20:37.5738689","DxgKrnl","10011","정보",,""
"21:20:37.8203376","Kernel-PnP","220","시작",,"Begin querying bus relations for device PCI\VEN_1002&DEV_7550&SUBSYS_E4891DA2&REV_C0\6&8916a45&0&00000009"
"21:20:37.8203846","DxgKrnl","10011","정보",,""
"21:20:37.8205214","DxgKrnl","10011","정보",,""
"21:20:37.8205894","DxgKrnl","10011","정보",,""
"21:20:37.8207028","DxgKrnl","10011","정보",,""
"21:20:37.8207771","DxgKrnl","10011","정보",,""
"21:20:37.8216926","DxgKrnl","10011","정보",,""
"21:20:37.8217907","DxgKrnl","10011","정보",,""
"21:20:37.8233906","DxgKrnl","10011","정보",,""
"21:20:37.8259092","DxgKrnl","10011","정보",,""
"21:20:37.8263446","Kernel-PnP","222","시작",,"End querying bus relations for device PCI\VEN_1002&DEV_7550&SUBSYS_E4891DA2&REV_C0\6&8916a45&0&00000009"
"21:20:37.8264244","Kernel-PnP","220","시작",,"Begin querying bus relations for device SWD\DRIVERENUM\AMDCP&7&16b8ddb4&0"
"21:20:37.8264263","Kernel-PnP","222","시작",,"End querying bus relations for device SWD\DRIVERENUM\AMDCP&7&16b8ddb4&0"
"21:20:37.8264336","Kernel-PnP","220","시작",,"Begin querying bus relations for device SWD\DRIVERENUM\AMDFDANS&7&16b8ddb4&0"
"21:20:37.8264345","Kernel-PnP","222","시작",,"End querying bus relations for device SWD\DRIVERENUM\AMDFDANS&7&16b8ddb4&0"
"21:20:37.8264400","Kernel-PnP","220","시작",,"Begin querying bus relations for device SWD\DRIVERENUM\AMDOCL&7&16b8ddb4&0"
"21:20:37.8264410","Kernel-PnP","222","시작",,"End querying bus relations for device SWD\DRIVERENUM\AMDOCL&7&16b8ddb4&0"
"21:20:37.8264467","Kernel-PnP","220","시작",,"Begin querying bus relations for device SWD\DRIVERENUM\AMDOGL&7&16b8ddb4&0"
"21:20:37.8264477","Kernel-PnP","222","시작",,"End querying bus relations for device SWD\DRIVERENUM\AMDOGL&7&16b8ddb4&0"
"21:20:37.8264540","Kernel-PnP","220","시작",,"Begin querying bus relations for device SWD\DRIVERENUM\AMDVLK&7&16b8ddb4&0"
"21:20:37.8264549","Kernel-PnP","222","시작",,"End querying bus relations for device SWD\DRIVERENUM\AMDVLK&7&16b8ddb4&0"
"21:20:37.8264604","Kernel-PnP","220","시작",,"Begin querying bus relations for device SWD\DRIVERENUM\AMDWIN&7&16b8ddb4&0"
"21:20:37.8264613","Kernel-PnP","222","시작",,"End querying bus relations for device SWD\DRIVERENUM\AMDWIN&7&16b8ddb4&0"
"21:20:37.8264671","Kernel-PnP","220","시작",,"Begin querying bus relations for device DISPLAY\BBC0104\7&16b8ddb4&0&UID265"
"21:20:37.8264733","Kernel-PnP","222","시작",,"End querying bus relations for device DISPLAY\BBC0104\7&16b8ddb4&0&UID265"
"21:20:37.8264797","Kernel-PnP","220","시작",,"Begin querying bus relations for device DISPLAY\SAM79DF\7&16b8ddb4&0&UID256"
"21:20:37.8264821","Kernel-PnP","222","시작",,"End querying bus relations for device DISPLAY\SAM79DF\7&16b8ddb4&0&UID256"
"21:20:37.8314242","DxgKrnl","10011","정보",,""
"21:20:37.8315388","DxgKrnl","10011","정보",,""
"21:20:37.8315873","DxgKrnl","10011","정보",,""
"21:20:37.8316092","DxgKrnl","10011","정보",,""
"21:20:37.8316117","DxgKrnl","10011","정보",,""
"21:20:37.8356667","DxgKrnl","10011","정보",,""
"21:20:37.8357061","DxgKrnl","10011","정보",,""
"21:20:37.8361354","Kernel-PnP","808","시작",,"End device add, status (STATUS_SUCCESS)"
"21:20:37.8365966","Kernel-PnP","220","시작",,"Begin querying bus relations for device DISPLAY\SAM7B0C\7&16b8ddb4&0&UID260"
"21:20:37.8365992","Kernel-PnP","222","시작",,"End querying bus relations for device DISPLAY\SAM7B0C\7&16b8ddb4&0&UID260"
"21:20:37.8370389","DxgKrnl","10011","정보",,""
"21:20:37.8565417","DxgKrnl","10011","정보",,""
"21:20:37.8566146","DxgKrnl","10011","정보",,""
"21:20:37.8566580","DxgKrnl","10011","정보",,""
"21:20:37.8580380","DxgKrnl","10011","정보",,""
"21:20:37.8580905","DxgKrnl","10011","정보",,""
"21:20:37.8582702","DxgKrnl","10011","정보",,""
"21:20:37.8583323","DxgKrnl","10011","정보",,""
"21:20:37.8583332","DxgKrnl","10011","정보",,""
"21:20:37.8583865","DxgKrnl","10011","정보",,""
"21:20:37.8583883","DxgKrnl","10011","정보",,""
"21:20:37.8584451","DxgKrnl","10011","정보",,""
"21:20:37.8584502","DxgKrnl","10011","정보",,""
"21:20:37.8585012","DxgKrnl","10011","정보",,""
"21:20:37.8605730","DxgKrnl","10011","정보",,""
"21:20:37.8605927","DxgKrnl","10011","정보",,""
"21:20:37.8605989","DxgKrnl","10011","정보",,""
"21:20:37.8607665","DxgKrnl","10011","정보",,""
"21:20:37.8607668","DxgKrnl","10011","정보",,""
"21:20:37.8608377","DxgKrnl","10011","정보",,""
"21:20:37.8682042","DxgKrnl","10011","정보",,""
"21:20:37.8682913","DxgKrnl","10011","정보",,""
"21:20:37.8682920","DxgKrnl","10011","정보",,""
"21:20:37.8683456","DxgKrnl","10011","정보",,""
"21:20:37.8683468","DxgKrnl","10011","정보",,""
"21:20:37.8684042","DxgKrnl","10011","정보",,""
"21:20:37.8684100","DxgKrnl","10011","정보",,""
"21:20:37.8684764","DxgKrnl","10011","정보",,""
"21:20:37.8688442","DxgKrnl","10011","정보",,""
"21:20:37.8688988","DxgKrnl","10011","정보",,""
"21:20:37.8725864","DxgKrnl","10011","정보",,""
"21:20:37.8726512","DxgKrnl","10011","정보",,""
"21:20:37.8797500","DxgKrnl","10011","정보",,""
"21:20:37.8804026","DxgKrnl","10011","정보",,""
"21:20:37.8865438","DxgKrnl","10011","정보",,""
"21:20:37.8866395","DxgKrnl","10011","정보",,""
"21:20:37.8867365","DxgKrnl","10011","정보",,""
"21:20:37.8867417","DxgKrnl","10011","정보",,""
"21:20:37.8867439","DxgKrnl","10011","정보",,""
"21:20:37.8904670","DxgKrnl","10011","정보",,""
"21:20:37.8905343","DxgKrnl","10011","정보",,""
"21:20:37.8931495","DxgKrnl","10011","정보",,""
"21:20:37.8932146","DxgKrnl","10011","정보",,""
"21:20:37.8932681","DxgKrnl","10011","정보",,""
"21:20:37.8933770","DxgKrnl","10011","정보",,""
"21:20:37.8933790","DxgKrnl","10011","정보",,""
"21:20:37.8934055","DxgKrnl","10011","정보",,""
"21:20:37.8935077","DxgKrnl","10011","정보",,""
"21:20:37.8935427","DxgKrnl","10011","정보",,""
"21:20:37.8936530","DxgKrnl","10011","정보",,""
"21:20:37.8936584","DxgKrnl","10011","정보",,""
"21:20:37.8938699","DxgKrnl","10011","정보",,""
"21:20:37.8968802","DxgKrnl","10011","정보",,""
"21:20:37.8969497","DxgKrnl","10011","정보",,""
"21:20:37.9029064","DxgKrnl","10011","정보",,""
"21:20:37.9029700","DxgKrnl","10011","정보",,""
"21:20:38.0701563","DxgKrnl","10011","정보",,""
"21:20:38.0710052","DxgKrnl","10011","정보",,""
"21:20:38.0867188","DxgKrnl","10011","정보",,""
"21:20:38.0873366","DxgKrnl","10011","정보",,""
"21:20:38.0877905","DxgKrnl","10011","정보",,""
"21:20:38.0878503","DxgKrnl","10011","정보",,""
"21:20:38.0883273","DxgKrnl","10011","정보",,""
"21:20:38.0891435","DxgKrnl","10011","정보",,""
"21:20:38.0891716","DxgKrnl","10011","정보",,""
"21:20:38.0892382","DxgKrnl","10011","정보",,""
"21:20:38.0898724","DxgKrnl","10011","정보",,""
"21:20:38.0901074","DxgKrnl","10011","정보",,""
"21:20:38.0901109","DxgKrnl","10011","정보",,""
"21:20:38.0902420","DxgKrnl","10011","정보",,""
"21:20:38.0902426","DxgKrnl","10011","정보",,""
"21:20:38.0903384","DxgKrnl","10011","정보",,""
"21:20:38.0903429","DxgKrnl","10011","정보",,""
"21:20:38.0911654","DxgKrnl","10011","정보",,""
"21:20:38.0912688","DxgKrnl","10011","정보",,""
"21:20:38.0922079","DxgKrnl","10011","정보",,""
"21:20:38.0931669","DxgKrnl","10011","정보",,""
"21:20:38.0949871","DxgKrnl","10011","정보",,""
"21:20:38.0949999","DxgKrnl","10011","정보",,""
"21:20:38.0950007","DxgKrnl","10011","정보",,""
"21:20:38.0956045","DxgKrnl","10011","정보",,""
"21:20:38.0959403","DxgKrnl","10011","정보",,""
"21:20:38.0959460","DxgKrnl","10011","정보",,""
"21:20:38.0960496","DxgKrnl","10011","정보",,""
"21:20:38.0966048","DxgKrnl","10011","정보",,""
"21:20:38.0966074","DxgKrnl","10011","정보",,""
"21:20:38.0966256","DxgKrnl","10011","정보",,""
"21:20:38.0966470","DxgKrnl","10011","정보",,""
"21:20:38.0969129","DxgKrnl","10011","정보",,""
"21:20:38.0987086","DxgKrnl","10011","정보",,""
"21:20:38.0987913","DxgKrnl","10011","정보",,""
"21:20:38.1074130","DxgKrnl","10011","정보",,""
"21:20:38.1074429","DxgKrnl","10011","정보",,""
"21:20:38.1074475","DxgKrnl","10011","정보",,""
"21:20:38.1075677","DxgKrnl","10011","정보",,""
"21:20:38.1075711","DxgKrnl","10011","정보",,""
"21:20:38.1093746","DxgKrnl","10011","정보",,""
"21:20:38.1106151","DxgKrnl","10011","정보",,""
"21:20:38.1106278","DxgKrnl","10011","정보",,""
"21:20:38.1106286","DxgKrnl","10011","정보",,""
"21:20:38.1107285","DxgKrnl","10011","정보",,""
"21:20:38.1110073","DxgKrnl","10011","정보",,""
"21:20:38.1112822","DxgKrnl","10011","정보",,""
"21:20:38.1114383","DxgKrnl","10011","정보",,""
"21:20:38.1114455","DxgKrnl","10011","정보",,""
"21:20:38.1115775","DxgKrnl","10011","정보",,""
"21:20:38.1115828","DxgKrnl","10011","정보",,""
"21:20:38.1115837","DxgKrnl","10011","정보",,""
"21:20:38.1121819","DxgKrnl","10011","정보",,""
"21:20:38.1122517","DxgKrnl","10011","정보",,""
"21:20:38.1172645","DxgKrnl","10011","정보",,""
"21:20:38.1182575","DxgKrnl","10011","정보",,""
"21:20:39.1724574","DxgKrnl","10011","정보",,""
"21:20:39.1725424","DxgKrnl","10011","정보",,""
"21:20:39.1725452","DxgKrnl","10011","정보",,""
"21:20:39.1726024","DxgKrnl","10011","정보",,""
"21:20:39.1726045","DxgKrnl","10011","정보",,""
"21:20:39.1726585","DxgKrnl","10011","정보",,""
"21:20:39.1726818","DxgKrnl","10011","정보",,""
"21:20:39.1727350","DxgKrnl","10011","정보",,""
"21:20:40.2828290","DxgKrnl","10011","정보",,""
"21:20:40.2829030","DxgKrnl","10011","정보",,""
"21:21:17.6240184","Kernel-PnP","220","시작",,"Begin querying bus relations for device PCI\VEN_1002&DEV_7550&SUBSYS_E4891DA2&REV_C0\6&8916a45&0&00000009"
"21:21:17.6241178","DxgKrnl","10011","정보",,""
"21:21:17.6614126","DxgKrnl","10011","정보",,""
"21:21:17.6614535","Kernel-PnP","222","시작",,"End querying bus relations for device PCI\VEN_1002&DEV_7550&SUBSYS_E4891DA2&REV_C0\6&8916a45&0&00000009"
"21:21:17.6616674","DxgKrnl","10011","정보",,""
"21:21:17.6616698","DxgKrnl","10011","정보",,""
"21:21:17.6617103","Kernel-PnP","1010","시작",,"버스에 누락 된 것으로 보고 된 장치 DISPLAY\SAM7B0C\7&16b8ddb4&0&UID260이 (가) 제거 되었습니다. 제거 된 장치 수 | 개수: 1"
"21:21:17.6623647","Kernel-PnP","220","시작",,"Begin querying bus relations for device SWD\DRIVERENUM\AMDCP&7&16b8ddb4&0"
"21:21:17.6623682","Kernel-PnP","222","시작",,"End querying bus relations for device SWD\DRIVERENUM\AMDCP&7&16b8ddb4&0"
"21:21:17.6623981","Kernel-PnP","220","시작",,"Begin querying bus relations for device SWD\DRIVERENUM\AMDFDANS&7&16b8ddb4&0"
"21:21:17.6624002","Kernel-PnP","222","시작",,"End querying bus relations for device SWD\DRIVERENUM\AMDFDANS&7&16b8ddb4&0"
"21:21:17.6624539","Kernel-PnP","220","시작",,"Begin querying bus relations for device SWD\DRIVERENUM\AMDOCL&7&16b8ddb4&0"
"21:21:17.6624550","Kernel-PnP","222","시작",,"End querying bus relations for device SWD\DRIVERENUM\AMDOCL&7&16b8ddb4&0"
"21:21:17.6624653","Kernel-PnP","220","시작",,"Begin querying bus relations for device SWD\DRIVERENUM\AMDOGL&7&16b8ddb4&0"
"21:21:17.6624675","Kernel-PnP","222","시작",,"End querying bus relations for device SWD\DRIVERENUM\AMDOGL&7&16b8ddb4&0"
"21:21:17.6624773","Kernel-PnP","220","시작",,"Begin querying bus relations for device SWD\DRIVERENUM\AMDVLK&7&16b8ddb4&0"
"21:21:17.6624783","Kernel-PnP","222","시작",,"End querying bus relations for device SWD\DRIVERENUM\AMDVLK&7&16b8ddb4&0"
"21:21:17.6624850","Kernel-PnP","220","시작",,"Begin querying bus relations for device SWD\DRIVERENUM\AMDWIN&7&16b8ddb4&0"
"21:21:17.6624859","Kernel-PnP","222","시작",,"End querying bus relations for device SWD\DRIVERENUM\AMDWIN&7&16b8ddb4&0"
"21:21:17.6624919","Kernel-PnP","220","시작",,"Begin querying bus relations for device DISPLAY\BBC0104\7&16b8ddb4&0&UID265"
"21:21:17.6624978","Kernel-PnP","222","시작",,"End querying bus relations for device DISPLAY\BBC0104\7&16b8ddb4&0&UID265"
"21:21:17.6625058","Kernel-PnP","220","시작",,"Begin querying bus relations for device DISPLAY\SAM79DF\7&16b8ddb4&0&UID256"
"21:21:17.6625093","Kernel-PnP","222","시작",,"End querying bus relations for device DISPLAY\SAM79DF\7&16b8ddb4&0&UID256"
"21:21:17.6639447","Kernel-PnP","808","시작",,"End device add, status (STATUS_SUCCESS)"
"21:21:17.6641912","DxgKrnl","10011","정보",,""
"21:21:17.6642780","DxgKrnl","10011","정보",,""
"21:21:17.6643048","Kernel-PnP","220","시작",,"Begin querying bus relations for device DISPLAY\Default_Monitor\7&16b8ddb4&0&UID260"
"21:21:17.6643079","Kernel-PnP","222","시작",,"End querying bus relations for device DISPLAY\Default_Monitor\7&16b8ddb4&0&UID260"
"21:21:17.6645381","DxgKrnl","10011","정보",,""
"21:21:17.6653931","DxgKrnl","10011","정보",,""
"21:21:17.6654842","DxgKrnl","10011","정보",,""
"21:21:17.6675462","DxgKrnl","10011","정보",,""
"21:21:17.6676326","DxgKrnl","10011","정보",,""
"21:21:17.6795004","DxgKrnl","10011","정보",,""
"21:21:17.6795539","DxgKrnl","10011","정보",,""
"21:21:17.6796444","DxgKrnl","10011","정보",,""
"21:21:17.6796512","DxgKrnl","10011","정보",,""
"21:21:17.6796545","DxgKrnl","10011","정보",,""
"21:21:17.6832177","DxgKrnl","10011","정보",,""
"21:21:17.6833082","DxgKrnl","10011","정보",,""
"21:21:17.7614878","DxgKrnl","10011","정보",,""
"21:21:17.7615847","DxgKrnl","10011","정보",,""
"21:21:17.7616548","DxgKrnl","10011","정보",,""
"21:21:17.7629071","DxgKrnl","10011","정보",,""
"21:21:17.7629846","DxgKrnl","10011","정보",,""
"21:21:17.7631405","DxgKrnl","10011","정보",,""
"21:21:17.7632158","DxgKrnl","10011","정보",,""
"21:21:17.7632173","DxgKrnl","10011","정보",,""
"21:21:17.7632864","DxgKrnl","10011","정보",,""
"21:21:17.7632887","DxgKrnl","10011","정보",,""
"21:21:17.7633568","DxgKrnl","10011","정보",,""
"21:21:17.7633592","DxgKrnl","10011","정보",,""
"21:21:17.7634894","DxgKrnl","10011","정보",,""
"21:21:17.7634996","DxgKrnl","10011","정보",,""
"21:21:17.7635735","DxgKrnl","10011","정보",,""
"21:21:17.7635774","DxgKrnl","10011","정보",,""
"21:21:17.7636507","DxgKrnl","10011","정보",,""
"21:21:17.7656373","DxgKrnl","10011","정보",,""
"21:21:17.7656481","DxgKrnl","10011","정보",,""
"21:21:17.7656847","DxgKrnl","10011","정보",,""
"21:21:17.7657550","DxgKrnl","10011","정보",,""
"21:21:17.7660219","DxgKrnl","10011","정보",,""
"21:21:17.7660323","DxgKrnl","10011","정보",,""
"21:21:17.7694427","DxgKrnl","10011","정보",,""
"21:21:17.7695252","DxgKrnl","10011","정보",,""
"21:21:17.7908445","DxgKrnl","10011","정보",,""
"21:21:17.7909255","DxgKrnl","10011","정보",,""
"21:21:17.7909266","DxgKrnl","10011","정보",,""
"21:21:17.7909974","DxgKrnl","10011","정보",,""
"21:21:17.7909985","DxgKrnl","10011","정보",,""
"21:21:17.7910807","DxgKrnl","10011","정보",,""
"21:21:17.7910822","DxgKrnl","10011","정보",,""
"21:21:17.7911506","DxgKrnl","10011","정보",,""
"21:21:17.7911566","DxgKrnl","10011","정보",,""
"21:21:17.7912275","DxgKrnl","10011","정보",,""
"21:21:17.7912320","DxgKrnl","10011","정보",,""
"21:21:17.7913037","DxgKrnl","10011","정보",,""
"21:21:17.7918591","DxgKrnl","10011","정보",,""
"21:21:17.7919265","DxgKrnl","10011","정보",,""
"21:21:17.7959816","DxgKrnl","10011","정보",,""
"21:21:17.7974568","DxgKrnl","10011","정보",,""
"21:21:17.7990008","DxgKrnl","10011","정보",,""
"21:21:17.7990159","DxgKrnl","10011","정보",,""
"21:21:17.7997496","DxgKrnl","10011","정보",,""
"21:21:17.8034593","DxgKrnl","10011","정보",,""
"21:21:17.8055533","DxgKrnl","10011","정보",,""
"21:21:17.8056666","DxgKrnl","10011","정보",,""
"21:21:17.9916551","Kernel-PnP","220","시작",,"Begin querying bus relations for device PCI\VEN_1002&DEV_7550&SUBSYS_E4891DA2&REV_C0\6&8916a45&0&00000009"
"21:21:18.0403974","DxgKrnl","10011","정보",,""
"21:21:18.0404114","Kernel-PnP","222","시작",,"End querying bus relations for device PCI\VEN_1002&DEV_7550&SUBSYS_E4891DA2&REV_C0\6&8916a45&0&00000009"
"21:21:18.0405558","DxgKrnl","10011","정보",,""
"21:21:18.0406119","Kernel-PnP","1010","시작",,"버스에 누락 된 것으로 보고 된 장치 DISPLAY\Default_Monitor\7&16b8ddb4&0&UID260이 (가) 제거 되었습니다. 제거 된 장치 수 | 개수: 1"
"21:21:18.0411418","Kernel-PnP","220","시작",,"Begin querying bus relations for device SWD\DRIVERENUM\AMDCP&7&16b8ddb4&0"
"21:21:18.0411458","Kernel-PnP","222","시작",,"End querying bus relations for device SWD\DRIVERENUM\AMDCP&7&16b8ddb4&0"
"21:21:18.0411626","Kernel-PnP","220","시작",,"Begin querying bus relations for device SWD\DRIVERENUM\AMDFDANS&7&16b8ddb4&0"
"21:21:18.0411637","Kernel-PnP","222","시작",,"End querying bus relations for device SWD\DRIVERENUM\AMDFDANS&7&16b8ddb4&0"
"21:21:18.0411700","Kernel-PnP","220","시작",,"Begin querying bus relations for device SWD\DRIVERENUM\AMDOCL&7&16b8ddb4&0"
"21:21:18.0411710","Kernel-PnP","222","시작",,"End querying bus relations for device SWD\DRIVERENUM\AMDOCL&7&16b8ddb4&0"
"21:21:18.0411763","Kernel-PnP","220","시작",,"Begin querying bus relations for device SWD\DRIVERENUM\AMDOGL&7&16b8ddb4&0"
"21:21:18.0411773","Kernel-PnP","222","시작",,"End querying bus relations for device SWD\DRIVERENUM\AMDOGL&7&16b8ddb4&0"
"21:21:18.0411832","Kernel-PnP","220","시작",,"Begin querying bus relations for device SWD\DRIVERENUM\AMDVLK&7&16b8ddb4&0"
"21:21:18.0411843","Kernel-PnP","222","시작",,"End querying bus relations for device SWD\DRIVERENUM\AMDVLK&7&16b8ddb4&0"
"21:21:18.0411969","Kernel-PnP","220","시작",,"Begin querying bus relations for device SWD\DRIVERENUM\AMDWIN&7&16b8ddb4&0"
"21:21:18.0411980","Kernel-PnP","222","시작",,"End querying bus relations for device SWD\DRIVERENUM\AMDWIN&7&16b8ddb4&0"
"21:21:18.0412051","Kernel-PnP","220","시작",,"Begin querying bus relations for device DISPLAY\BBC0104\7&16b8ddb4&0&UID265"
"21:21:18.0412115","Kernel-PnP","222","시작",,"End querying bus relations for device DISPLAY\BBC0104\7&16b8ddb4&0&UID265"
"21:21:18.0412187","Kernel-PnP","220","시작",,"Begin querying bus relations for device DISPLAY\SAM79DF\7&16b8ddb4&0&UID256"
"21:21:18.0412214","Kernel-PnP","222","시작",,"End querying bus relations for device DISPLAY\SAM79DF\7&16b8ddb4&0&UID256"
"21:21:18.0583852","DxgKrnl","10011","정보",,""
"21:21:18.0585232","DxgKrnl","10011","정보",,""
"21:21:18.0599016","DxgKrnl","10011","정보",,""
"21:21:18.0599777","DxgKrnl","10011","정보",,""
"21:21:18.0623783","DxgKrnl","10011","정보",,""
"21:21:18.0624165","DxgKrnl","10011","정보",,""
"21:21:18.0625003","DxgKrnl","10011","정보",,""
"21:21:18.0625036","DxgKrnl","10011","정보",,""
"21:21:18.0625057","DxgKrnl","10011","정보",,""
"21:21:18.0627655","DxgKrnl","10011","정보",,""
"21:21:18.0628458","DxgKrnl","10011","정보",,""
"21:21:18.0752111","DxgKrnl","10011","정보",,""
"21:21:18.0858032","DxgKrnl","10011","정보",,""
"21:21:18.0858505","DxgKrnl","10011","정보",,""
"21:21:18.0858906","DxgKrnl","10011","정보",,""
"21:21:18.0865255","DxgKrnl","10011","정보",,""
"21:21:18.0865597","DxgKrnl","10011","정보",,""
"21:21:18.0866213","DxgKrnl","10011","정보",,""
"21:21:18.0866994","DxgKrnl","10011","정보",,""
"21:21:18.0867010","DxgKrnl","10011","정보",,""
"21:21:18.0867326","DxgKrnl","10011","정보",,""
"21:21:18.0884621","DxgKrnl","10011","정보",,""
"21:21:18.0885517","DxgKrnl","10011","정보",,""
"21:21:18.0885979","DxgKrnl","10011","정보",,""
"21:21:18.0887333","DxgKrnl","10011","정보",,""
"21:21:18.0887910","DxgKrnl","10011","정보",,""
"21:21:18.0889601","DxgKrnl","10011","정보",,""
"21:21:18.0897417","DxgKrnl","10011","정보",,""
"21:21:18.0898694","DxgKrnl","10011","정보",,""
"21:21:18.0899268","DxgKrnl","10011","정보",,""
"21:21:18.0901605","DxgKrnl","10011","정보",,""
"21:21:18.0903359","DxgKrnl","10011","정보",,""
"21:21:18.0903514","DxgKrnl","10011","정보",,""
"21:21:18.0904009","DxgKrnl","10011","정보",,""
"21:21:18.0905186","DxgKrnl","10011","정보",,""
"21:21:18.0905212","DxgKrnl","10011","정보",,""
"21:21:18.0906180","DxgKrnl","10011","정보",,""
"21:21:18.0907159","DxgKrnl","10011","정보",,""
"21:21:18.0909946","DxgKrnl","10011","정보",,""
"21:21:18.0910294","DxgKrnl","10011","정보",,""
"21:21:18.0911452","DxgKrnl","10011","정보",,""
"21:21:18.0912249","DxgKrnl","10011","정보",,""
"21:21:18.0913468","DxgKrnl","10011","정보",,""
"21:21:18.0943634","DxgKrnl","10011","정보",,""
"21:21:18.0944802","DxgKrnl","10011","정보",,""
"21:21:18.0973160","DxgKrnl","10011","정보",,""
"21:21:18.0974086","DxgKrnl","10011","정보",,""
"21:21:18.0974898","DxgKrnl","10011","정보",,""
"21:21:18.0975920","DxgKrnl","10011","정보",,""
"21:21:18.0978302","DxgKrnl","10011","정보",,""
"21:21:18.0978752","DxgKrnl","10011","정보",,""
"21:21:18.0979687","DxgKrnl","10011","정보",,""
"21:21:18.0980888","DxgKrnl","10011","정보",,""
"21:21:18.0982011","DxgKrnl","10011","정보",,""
"21:21:18.1105687","DxgKrnl","10011","정보",,""
"21:21:18.1106753","DxgKrnl","10011","정보",,""
"21:21:18.1120816","DxgKrnl","10011","정보",,""
"21:21:18.1121051","DxgKrnl","10011","정보",,""
"21:21:18.1121965","DxgKrnl","10011","정보",,""
"21:21:18.1122003","DxgKrnl","10011","정보",,""
"21:21:18.1139389","DxgKrnl","10011","정보",,""
"21:21:18.1140395","DxgKrnl","10011","정보",,""
"21:21:18.1159298","DxgKrnl","10011","정보",,""
"21:21:18.1160502","DxgKrnl","10011","정보",,""
"21:21:18.1172736","DxgKrnl","10011","정보",,""
"21:21:18.1177106","DxgKrnl","10011","정보",,""
"21:21:18.1177272","DxgKrnl","10011","정보",,""
"21:21:18.1177288","DxgKrnl","10011","정보",,""
"21:21:18.1182304","DxgKrnl","10011","정보",,""
"21:21:18.1182891","DxgKrnl","10011","정보",,""
"21:21:18.1197631","DxgKrnl","10011","정보",,""
"21:21:18.1205651","DxgKrnl","10011","정보",,""
"21:21:18.1206391","DxgKrnl","10011","정보",,""
"21:21:18.1206604","DxgKrnl","10011","정보",,""
"21:21:18.1207401","DxgKrnl","10011","정보",,""
"21:21:18.1207405","DxgKrnl","10011","정보",,""
"21:21:18.1425614","DxgKrnl","10011","정보",,""
"21:21:18.1426340","DxgKrnl","10011","정보",,""
"21:21:18.1426354","DxgKrnl","10011","정보",,""
"21:21:18.1426821","DxgKrnl","10011","정보",,""
"21:21:18.1433030","DxgKrnl","10011","정보",,""
"21:21:18.1433641","DxgKrnl","10011","정보",,""
"21:21:18.1476545","DxgKrnl","10011","정보",,""
"21:21:18.1477024","DxgKrnl","10011","정보",,""
"21:21:18.1493807","DxgKrnl","10011","정보",,""
"21:21:18.1494217","DxgKrnl","10011","정보",,""
"21:21:18.1508213","DxgKrnl","10011","정보",,""
"21:21:18.1508613","DxgKrnl","10011","정보",,""
"21:21:18.1522289","DxgKrnl","10011","정보",,""
"21:21:18.1522730","DxgKrnl","10011","정보",,""
"21:21:18.2324829","DxgKrnl","10011","정보",,""
"21:21:18.2325837","DxgKrnl","10011","정보",,""
"21:21:18.2325852","DxgKrnl","10011","정보",,""
"21:21:18.2326183","DxgKrnl","10011","정보",,""
"21:21:21.3183037","DxgKrnl","10011","정보",,""
"21:21:21.5651341","Kernel-PnP","220","시작",,"Begin querying bus relations for device PCI\VEN_1002&DEV_7550&SUBSYS_E4891DA2&REV_C0\6&8916a45&0&00000009"
"21:21:21.5652492","DxgKrnl","10011","정보",,""
"21:21:21.5653244","DxgKrnl","10011","정보",,""
"21:21:21.5653790","DxgKrnl","10011","정보",,""
"21:21:21.5658718","DxgKrnl","10011","정보",,""
"21:21:21.5672444","DxgKrnl","10011","정보",,""
"21:21:21.5673679","DxgKrnl","10011","정보",,""
"21:21:21.5674259","DxgKrnl","10011","정보",,""
"21:21:21.5713446","DxgKrnl","10011","정보",,""
"21:21:21.5713989","DxgKrnl","10011","정보",,""
"21:21:21.5715729","Kernel-PnP","222","시작",,"End querying bus relations for device PCI\VEN_1002&DEV_7550&SUBSYS_E4891DA2&REV_C0\6&8916a45&0&00000009"
"21:21:21.5716418","Kernel-PnP","220","시작",,"Begin querying bus relations for device SWD\DRIVERENUM\AMDCP&7&16b8ddb4&0"
"21:21:21.5716441","Kernel-PnP","222","시작",,"End querying bus relations for device SWD\DRIVERENUM\AMDCP&7&16b8ddb4&0"
"21:21:21.5716513","Kernel-PnP","220","시작",,"Begin querying bus relations for device SWD\DRIVERENUM\AMDFDANS&7&16b8ddb4&0"
"21:21:21.5716523","Kernel-PnP","222","시작",,"End querying bus relations for device SWD\DRIVERENUM\AMDFDANS&7&16b8ddb4&0"
"21:21:21.5716577","Kernel-PnP","220","시작",,"Begin querying bus relations for device SWD\DRIVERENUM\AMDOCL&7&16b8ddb4&0"
"21:21:21.5716587","Kernel-PnP","222","시작",,"End querying bus relations for device SWD\DRIVERENUM\AMDOCL&7&16b8ddb4&0"
"21:21:21.5716641","Kernel-PnP","220","시작",,"Begin querying bus relations for device SWD\DRIVERENUM\AMDOGL&7&16b8ddb4&0"
"21:21:21.5716650","Kernel-PnP","222","시작",,"End querying bus relations for device SWD\DRIVERENUM\AMDOGL&7&16b8ddb4&0"
"21:21:21.5716705","Kernel-PnP","220","시작",,"Begin querying bus relations for device SWD\DRIVERENUM\AMDVLK&7&16b8ddb4&0"
"21:21:21.5716714","Kernel-PnP","222","시작",,"End querying bus relations for device SWD\DRIVERENUM\AMDVLK&7&16b8ddb4&0"
"21:21:21.5716769","Kernel-PnP","220","시작",,"Begin querying bus relations for device SWD\DRIVERENUM\AMDWIN&7&16b8ddb4&0"
"21:21:21.5716780","Kernel-PnP","222","시작",,"End querying bus relations for device SWD\DRIVERENUM\AMDWIN&7&16b8ddb4&0"
"21:21:21.5716846","Kernel-PnP","220","시작",,"Begin querying bus relations for device DISPLAY\BBC0104\7&16b8ddb4&0&UID265"
"21:21:21.5716921","Kernel-PnP","222","시작",,"End querying bus relations for device DISPLAY\BBC0104\7&16b8ddb4&0&UID265"
"21:21:21.5717001","Kernel-PnP","220","시작",,"Begin querying bus relations for device DISPLAY\SAM79DF\7&16b8ddb4&0&UID256"
"21:21:21.5717039","Kernel-PnP","222","시작",,"End querying bus relations for device DISPLAY\SAM79DF\7&16b8ddb4&0&UID256"
"21:21:21.5772291","Kernel-PnP","808","시작",,"End device add, status (STATUS_SUCCESS)"
"21:21:21.5772411","DxgKrnl","10011","정보",,""
"21:21:21.5772887","DxgKrnl","10011","정보",,""
"21:21:21.5773875","DxgKrnl","10011","정보",,""
"21:21:21.5773932","DxgKrnl","10011","정보",,""
"21:21:21.5773960","DxgKrnl","10011","정보",,""
"21:21:21.5775772","Kernel-PnP","220","시작",,"Begin querying bus relations for device DISPLAY\SAM7B0C\7&16b8ddb4&0&UID260"
"21:21:21.5775802","Kernel-PnP","222","시작",,"End querying bus relations for device DISPLAY\SAM7B0C\7&16b8ddb4&0&UID260"
"21:21:21.5811268","DxgKrnl","10011","정보",,""
"21:21:21.5814273","DxgKrnl","10011","정보",,""
"21:21:21.5815398","DxgKrnl","10011","정보",,""
"21:21:21.6004726","DxgKrnl","10011","정보",,""
"21:21:21.6005647","DxgKrnl","10011","정보",,""
"21:21:21.6006246","DxgKrnl","10011","정보",,""
"21:21:21.6020708","DxgKrnl","10011","정보",,""
"21:21:21.6021368","DxgKrnl","10011","정보",,""
"21:21:21.6022843","DxgKrnl","10011","정보",,""
"21:21:21.6023495","DxgKrnl","10011","정보",,""
"21:21:21.6023503","DxgKrnl","10011","정보",,""
"21:21:21.6024078","DxgKrnl","10011","정보",,""
"21:21:21.6024095","DxgKrnl","10011","정보",,""
"21:21:21.6024701","DxgKrnl","10011","정보",,""
"21:21:21.6024764","DxgKrnl","10011","정보",,""
"21:21:21.6025353","DxgKrnl","10011","정보",,""
"21:21:21.6048009","DxgKrnl","10011","정보",,""
"21:21:21.6048280","DxgKrnl","10011","정보",,""
"21:21:21.6050295","DxgKrnl","10011","정보",,""
"21:21:21.6050305","DxgKrnl","10011","정보",,""
"21:21:21.6086755","DxgKrnl","10011","정보",,""
"21:21:21.6087454","DxgKrnl","10011","정보",,""
"21:21:21.6128175","DxgKrnl","10011","정보",,""
"21:21:21.6134154","DxgKrnl","10011","정보",,""
"21:21:21.6172151","DxgKrnl","10011","정보",,""
"21:21:21.6172873","DxgKrnl","10011","정보",,""
"21:21:21.6172880","DxgKrnl","10011","정보",,""
"21:21:21.6173462","DxgKrnl","10011","정보",,""
"21:21:21.6173479","DxgKrnl","10011","정보",,""
"21:21:21.6174080","DxgKrnl","10011","정보",,""
"21:21:21.6174153","DxgKrnl","10011","정보",,""
"21:21:21.6174698","DxgKrnl","10011","정보",,""
"21:21:21.6179006","DxgKrnl","10011","정보",,""
"21:21:21.6179551","DxgKrnl","10011","정보",,""
"21:21:21.6223084","DxgKrnl","10011","정보",,""
"21:21:21.6224040","DxgKrnl","10011","정보",,""
"21:21:21.6371184","DxgKrnl","10011","정보",,""
"21:21:21.6371588","DxgKrnl","10011","정보",,""
"21:21:21.6372292","DxgKrnl","10011","정보",,""
"21:21:21.6372345","DxgKrnl","10011","정보",,""
"21:21:21.6372367","DxgKrnl","10011","정보",,""
"21:21:21.6418679","DxgKrnl","10011","정보",,""
"21:21:21.6419350","DxgKrnl","10011","정보",,""
"21:21:21.6451407","DxgKrnl","10011","정보",,""
"21:21:21.6452045","DxgKrnl","10011","정보",,""
"21:21:21.6452370","DxgKrnl","10011","정보",,""
"21:21:21.6453537","DxgKrnl","10011","정보",,""
"21:21:21.6456111","DxgKrnl","10011","정보",,""
"21:21:21.6456793","DxgKrnl","10011","정보",,""
"21:21:21.6457597","DxgKrnl","10011","정보",,""
"21:21:21.6523996","DxgKrnl","10011","정보",,""
"21:21:21.6524741","DxgKrnl","10011","정보",,""
"21:21:21.6587242","DxgKrnl","10011","정보",,""
"21:21:21.6588014","DxgKrnl","10011","정보",,""
"21:21:21.8162550","DxgKrnl","10011","정보",,""
"21:21:21.8170939","DxgKrnl","10011","정보",,""
"21:21:21.8355829","DxgKrnl","10011","정보",,""
"21:21:21.8359583","DxgKrnl","10011","정보",,""
"21:21:21.8360318","DxgKrnl","10011","정보",,""
"21:21:21.8362322","DxgKrnl","10011","정보",,""
"21:21:21.8363802","DxgKrnl","10011","정보",,""
"21:21:21.8364758","DxgKrnl","10011","정보",,""
"21:21:21.8390085","DxgKrnl","10011","정보",,""
"21:21:21.8391278","DxgKrnl","10011","정보",,""
"21:21:21.8392366","DxgKrnl","10011","정보",,""
"21:21:21.8392908","DxgKrnl","10011","정보",,""
"21:21:21.8393809","DxgKrnl","10011","정보",,""
"21:21:21.8406808","DxgKrnl","10011","정보",,""
"21:21:21.8407486","DxgKrnl","10011","정보",,""
"21:21:21.8414492","DxgKrnl","10011","정보",,""
"21:21:21.8429305","DxgKrnl","10011","정보",,""
"21:21:21.8445471","DxgKrnl","10011","정보",,""
"21:21:21.8445594","DxgKrnl","10011","정보",,""
"21:21:21.8445603","DxgKrnl","10011","정보",,""
"21:21:21.8446469","DxgKrnl","10011","정보",,""
"21:21:21.8454001","DxgKrnl","10011","정보",,""
"21:21:21.8454927","DxgKrnl","10011","정보",,""
"21:21:21.8457133","DxgKrnl","10011","정보",,""
"21:21:21.8457138","DxgKrnl","10011","정보",,""
"21:21:21.8457197","DxgKrnl","10011","정보",,""
"21:21:21.8457203","DxgKrnl","10011","정보",,""
"21:21:21.8460961","DxgKrnl","10011","정보",,""
"21:21:21.8467866","DxgKrnl","10011","정보",,""
"21:21:21.8469942","DxgKrnl","10011","정보",,""
"21:21:21.8469996","DxgKrnl","10011","정보",,""
"21:21:21.8509337","DxgKrnl","10011","정보",,""
"21:21:21.8510522","DxgKrnl","10011","정보",,""
"21:21:21.8608134","DxgKrnl","10011","정보",,""
"21:21:21.8608818","DxgKrnl","10011","정보",,""
"21:21:21.8608868","DxgKrnl","10011","정보",,""
"21:21:21.8615907","DxgKrnl","10011","정보",,""
"21:21:21.8619332","DxgKrnl","10011","정보",,""
"21:21:21.8635364","DxgKrnl","10011","정보",,""
"21:21:21.8650129","DxgKrnl","10011","정보",,""
"21:21:21.8650256","DxgKrnl","10011","정보",,""
"21:21:21.8650265","DxgKrnl","10011","정보",,""
"21:21:21.8659713","DxgKrnl","10011","정보",,""
"21:21:21.8661612","DxgKrnl","10011","정보",,""
"21:21:21.8661681","DxgKrnl","10011","정보",,""
"21:21:21.8662391","DxgKrnl","10011","정보",,""
"21:21:21.8663277","DxgKrnl","10011","정보",,""
"21:21:21.8663323","DxgKrnl","10011","정보",,""
"21:21:21.8671191","DxgKrnl","10011","정보",,""
"21:21:21.8672050","DxgKrnl","10011","정보",,""
"21:21:21.8673066","DxgKrnl","10011","정보",,""
"21:21:21.8681701","DxgKrnl","10011","정보",,""
"21:21:22.8853593","DxgKrnl","10011","정보",,""
"21:21:22.8854515","DxgKrnl","10011","정보",,""
"21:21:22.8854524","DxgKrnl","10011","정보",,""
"21:21:22.8855062","DxgKrnl","10011","정보",,""
"21:21:22.8855075","DxgKrnl","10011","정보",,""
"21:21:22.8855648","DxgKrnl","10011","정보",,""
"21:21:22.8855806","DxgKrnl","10011","정보",,""
"21:21:22.8856309","DxgKrnl","10011","정보",,""
"21:21:24.0360146","DxgKrnl","10011","정보",,""
"21:21:24.0360975","DxgKrnl","10011","정보",,""
