"Time","Provider","Id","Opcode","Task","Message"
"11:07:09.1370373","DxgKrnl","10011","정보",,""
"11:07:09.1370479","DxgKrnl","10011","정보",,""
"11:07:09.1370488","DxgKrnl","10011","정보",,""
"11:07:09.1370495","DxgKrnl","10011","정보",,""
"11:07:09.1370502","DxgKrnl","10011","정보",,""
"11:07:09.1370508","DxgKrnl","10011","정보",,""
"11:07:09.1370513","DxgKrnl","10011","정보",,""
"11:07:09.1370519","DxgKrnl","10011","정보",,""
"11:07:09.1370526","DxgKrnl","10011","정보",,""
"11:07:09.1370532","DxgKrnl","10011","정보",,""
"11:07:09.1370537","DxgKrnl","10011","정보",,""
"11:07:09.2957486","DxgKrnl","10011","정보",,""
"11:07:09.2957596","DxgKrnl","10011","정보",,""
"11:07:09.2957677","DxgKrnl","10011","정보",,""
"11:07:09.2958506","DxgKrnl","10011","정보",,""
"11:07:09.2958570","DxgKrnl","10011","정보",,""
"11:07:09.2958577","DxgKrnl","10011","정보",,""
"11:07:09.2958582","DxgKrnl","10011","정보",,""
"11:07:09.2958586","DxgKrnl","10011","정보",,""
"11:07:09.2958591","DxgKrnl","10011","정보",,""
"11:07:09.2958595","DxgKrnl","10011","정보",,""
"11:07:09.2958600","DxgKrnl","10011","정보",,""
"11:07:09.2958604","DxgKrnl","10011","정보",,""
"11:07:09.2958608","DxgKrnl","10011","정보",,""
"11:07:09.2958613","DxgKrnl","10011","정보",,""
"11:07:09.2958617","DxgKrnl","10011","정보",,""
"11:07:09.2958621","DxgKrnl","10011","정보",,""
"11:07:09.2958625","DxgKrnl","10011","정보",,""
"11:07:09.2958643","DxgKrnl","10011","정보",,""
"11:07:09.2987103","DxgKrnl","10011","정보",,""
"11:07:09.2987851","DxgKrnl","10011","정보",,""
"11:07:09.3005946","DxgKrnl","10011","정보",,""
"11:07:09.3006639","DxgKrnl","10011","정보",,""
"11:07:09.3171323","DxgKrnl","10011","정보",,""
"11:07:09.3174714","DxgKrnl","10011","정보",,""
"11:07:09.3175544","DxgKrnl","10011","정보",,""
"11:07:09.3190943","DxgKrnl","10011","정보",,""
"11:07:09.3191961","DxgKrnl","10011","정보",,""
"11:07:09.3452886","DxgKrnl","10011","정보",,""
"11:07:09.3470101","DxgKrnl","10011","정보",,""
"11:07:09.3470362","DxgKrnl","10011","정보",,""
"11:07:09.3470404","DxgKrnl","10011","정보",,""
"11:07:09.3470412","DxgKrnl","10011","정보",,""
"11:07:09.3474795","DxgKrnl","10011","정보",,""
"11:07:09.3476322","DxgKrnl","10011","정보",,""
"11:07:09.3479561","DxgKrnl","10011","정보",,""
"11:07:09.3480487","DxgKrnl","10011","정보",,""
"11:07:09.3609426","DxgKrnl","10011","정보",,""
"11:07:09.3610957","DxgKrnl","10011","정보",,""
"11:07:09.3611938","DxgKrnl","10011","정보",,""
"11:07:09.3628460","DxgKrnl","10011","정보",,""
"11:07:09.3629392","DxgKrnl","10011","정보",,""
"11:07:09.3993715","DxgKrnl","10011","정보",,""
"11:07:09.4007741","DxgKrnl","10011","정보",,""
"11:07:09.4007940","DxgKrnl","10011","정보",,""
"11:07:09.4007986","DxgKrnl","10011","정보",,""
"11:07:09.4007993","DxgKrnl","10011","정보",,""
"11:07:09.4019158","DxgKrnl","10011","정보",,""
"11:07:09.4019737","DxgKrnl","10011","정보",,""
"11:07:09.4020751","DxgKrnl","10011","정보",,""
"11:07:09.4020840","DxgKrnl","10011","정보",,""
"11:07:09.4198926","DxgKrnl","10011","정보",,""
"11:07:09.4199887","DxgKrnl","10011","정보",,""
"11:07:09.4593828","Kernel-PnP","220","시작",,"Begin querying bus relations for device PCI\VEN_1002&DEV_7550&SUBSYS_E4891DA2&REV_C0\6&8916a45&0&00000009"
"11:07:09.5713870","DxgKrnl","10011","정보",,""
"11:07:09.5714787","Kernel-PnP","222","시작",,"End querying bus relations for device PCI\VEN_1002&DEV_7550&SUBSYS_E4891DA2&REV_C0\6&8916a45&0&00000009"
"11:07:09.5717567","Kernel-PnP","1010","시작",,"버스에 누락 된 것으로 보고 된 장치 DISPLAY\SAM79DF\7&16b8ddb4&0&UID256이 (가) 제거 되었습니다. 제거 된 장치 수 | 개수: 1"
"11:07:09.5724391","Kernel-PnP","220","시작",,"Begin querying bus relations for device SWD\DRIVERENUM\AMDCP&7&16b8ddb4&0"
"11:07:09.5724424","Kernel-PnP","222","시작",,"End querying bus relations for device SWD\DRIVERENUM\AMDCP&7&16b8ddb4&0"
"11:07:09.5724582","Kernel-PnP","220","시작",,"Begin querying bus relations for device SWD\DRIVERENUM\AMDFDANS&7&16b8ddb4&0"
"11:07:09.5724594","Kernel-PnP","222","시작",,"End querying bus relations for device SWD\DRIVERENUM\AMDFDANS&7&16b8ddb4&0"
"11:07:09.5724679","Kernel-PnP","220","시작",,"Begin querying bus relations for device SWD\DRIVERENUM\AMDOCL&7&16b8ddb4&0"
"11:07:09.5724690","Kernel-PnP","222","시작",,"End querying bus relations for device SWD\DRIVERENUM\AMDOCL&7&16b8ddb4&0"
"11:07:09.5724758","Kernel-PnP","220","시작",,"Begin querying bus relations for device SWD\DRIVERENUM\AMDOGL&7&16b8ddb4&0"
"11:07:09.5724771","Kernel-PnP","222","시작",,"End querying bus relations for device SWD\DRIVERENUM\AMDOGL&7&16b8ddb4&0"
"11:07:09.5724828","Kernel-PnP","220","시작",,"Begin querying bus relations for device SWD\DRIVERENUM\AMDVLK&7&16b8ddb4&0"
"11:07:09.5724838","Kernel-PnP","222","시작",,"End querying bus relations for device SWD\DRIVERENUM\AMDVLK&7&16b8ddb4&0"
"11:07:09.5724904","Kernel-PnP","220","시작",,"Begin querying bus relations for device SWD\DRIVERENUM\AMDWIN&7&16b8ddb4&0"
"11:07:09.5724914","Kernel-PnP","222","시작",,"End querying bus relations for device SWD\DRIVERENUM\AMDWIN&7&16b8ddb4&0"
"11:07:09.5724976","Kernel-PnP","220","시작",,"Begin querying bus relations for device DISPLAY\BBC0104\7&16b8ddb4&0&UID265"
"11:07:09.5725039","Kernel-PnP","222","시작",,"End querying bus relations for device DISPLAY\BBC0104\7&16b8ddb4&0&UID265"
"11:07:09.5725112","Kernel-PnP","220","시작",,"Begin querying bus relations for device DISPLAY\SAM7B0C\7&16b8ddb4&0&UID260"
"11:07:09.5725143","Kernel-PnP","222","시작",,"End querying bus relations for device DISPLAY\SAM7B0C\7&16b8ddb4&0&UID260"
"11:07:09.5950852","DxgKrnl","10011","정보",,""
"11:07:09.5956710","Kernel-PnP","220","시작",,"Begin querying bus relations for device PCI\VEN_1002&DEV_7550&SUBSYS_E4891DA2&REV_C0\6&8916a45&0&00000009"
"11:07:09.6963532","DxgKrnl","10011","정보",,""
"11:07:09.6964560","Kernel-PnP","222","시작",,"End querying bus relations for device PCI\VEN_1002&DEV_7550&SUBSYS_E4891DA2&REV_C0\6&8916a45&0&00000009"
"11:07:09.6965397","DxgKrnl","10011","정보",,""
"11:07:09.6967005","Kernel-PnP","1010","시작",,"버스에 누락 된 것으로 보고 된 장치 DISPLAY\SAM7B0C\7&16b8ddb4&0&UID260이 (가) 제거 되었습니다. 제거 된 장치 수 | 개수: 1"
"11:07:09.6974562","Kernel-PnP","220","시작",,"Begin querying bus relations for device SWD\DRIVERENUM\AMDCP&7&16b8ddb4&0"
"11:07:09.6974594","Kernel-PnP","222","시작",,"End querying bus relations for device SWD\DRIVERENUM\AMDCP&7&16b8ddb4&0"
"11:07:09.6974776","Kernel-PnP","220","시작",,"Begin querying bus relations for device SWD\DRIVERENUM\AMDFDANS&7&16b8ddb4&0"
"11:07:09.6974800","Kernel-PnP","222","시작",,"End querying bus relations for device SWD\DRIVERENUM\AMDFDANS&7&16b8ddb4&0"
"11:07:09.6974891","Kernel-PnP","220","시작",,"Begin querying bus relations for device SWD\DRIVERENUM\AMDOCL&7&16b8ddb4&0"
"11:07:09.6974902","Kernel-PnP","222","시작",,"End querying bus relations for device SWD\DRIVERENUM\AMDOCL&7&16b8ddb4&0"
"11:07:09.6974962","Kernel-PnP","220","시작",,"Begin querying bus relations for device SWD\DRIVERENUM\AMDOGL&7&16b8ddb4&0"
"11:07:09.6974973","Kernel-PnP","222","시작",,"End querying bus relations for device SWD\DRIVERENUM\AMDOGL&7&16b8ddb4&0"
"11:07:09.6975027","Kernel-PnP","220","시작",,"Begin querying bus relations for device SWD\DRIVERENUM\AMDVLK&7&16b8ddb4&0"
"11:07:09.6975037","Kernel-PnP","222","시작",,"End querying bus relations for device SWD\DRIVERENUM\AMDVLK&7&16b8ddb4&0"
"11:07:09.6975088","Kernel-PnP","220","시작",,"Begin querying bus relations for device SWD\DRIVERENUM\AMDWIN&7&16b8ddb4&0"
"11:07:09.6975100","Kernel-PnP","222","시작",,"End querying bus relations for device SWD\DRIVERENUM\AMDWIN&7&16b8ddb4&0"
"11:07:09.6975152","Kernel-PnP","220","시작",,"Begin querying bus relations for device DISPLAY\BBC0104\7&16b8ddb4&0&UID265"
"11:07:09.6975204","Kernel-PnP","222","시작",,"End querying bus relations for device DISPLAY\BBC0104\7&16b8ddb4&0&UID265"
"11:07:09.6986428","DxgKrnl","10011","정보",,""
"11:07:09.6987401","DxgKrnl","10011","정보",,""
"11:07:09.7131265","DxgKrnl","10011","정보",,""
"11:07:09.7132448","DxgKrnl","10011","정보",,""
"11:07:09.7509122","DxgKrnl","10011","정보",,""
"11:07:09.7510109","DxgKrnl","10011","정보",,""
"11:07:09.7526931","DxgKrnl","10011","정보",,""
"11:07:09.7527179","DxgKrnl","10011","정보",,""
"11:07:09.7528097","DxgKrnl","10011","정보",,""
"11:07:09.7528161","DxgKrnl","10011","정보",,""
"11:07:09.7528191","DxgKrnl","10011","정보",,""
"11:07:09.7532971","DxgKrnl","10011","정보",,""
"11:07:09.7533740","DxgKrnl","10011","정보",,""
"11:07:09.8174781","DxgKrnl","10011","정보",,""
"11:07:09.8295067","DxgKrnl","10011","정보",,""
"11:07:09.8295702","DxgKrnl","10011","정보",,""
"11:07:09.8296191","DxgKrnl","10011","정보",,""
"11:07:09.8298584","DxgKrnl","10011","정보",,""
"11:07:09.8299011","DxgKrnl","10011","정보",,""
"11:07:09.8300757","DxgKrnl","10011","정보",,""
"11:07:09.8301205","DxgKrnl","10011","정보",,""
"11:07:09.8301223","DxgKrnl","10011","정보",,""
"11:07:09.8301690","DxgKrnl","10011","정보",,""
"11:07:09.8360261","DxgKrnl","10011","정보",,""
"11:07:09.8360265","DxgKrnl","10011","정보",,""
"11:07:09.8361484","DxgKrnl","10011","정보",,""
"11:07:09.8361521","DxgKrnl","10011","정보",,""
"11:07:09.8395780","DxgKrnl","10011","정보",,""
"11:07:09.8396620","DxgKrnl","10011","정보",,""
"11:07:09.8396634","DxgKrnl","10011","정보",,""
"11:07:09.8397065","DxgKrnl","10011","정보",,""
"11:07:09.8404066","DxgKrnl","10011","정보",,""
"11:07:09.8404696","DxgKrnl","10011","정보",,""
"11:07:09.8406440","DxgKrnl","10011","정보",,""
"11:07:09.8407188","DxgKrnl","10011","정보",,""
"11:07:09.8440404","DxgKrnl","10011","정보",,""
"11:07:09.8671530","DxgKrnl","10011","정보",,""
"11:07:09.8674424","DxgKrnl","10011","정보",,""
"11:07:09.8674925","DxgKrnl","10011","정보",,""
"11:07:09.8675893","DxgKrnl","10011","정보",,""
"11:07:09.8677339","DxgKrnl","10011","정보",,""
"11:07:09.8678019","DxgKrnl","10011","정보",,""
"11:07:09.8693512","DxgKrnl","10011","정보",,""
"11:07:09.8694405","DxgKrnl","10011","정보",,""
"11:07:09.8703063","DxgKrnl","10011","정보",,""
"11:07:09.8703599","DxgKrnl","10011","정보",,""
"11:07:09.8703671","DxgKrnl","10011","정보",,""
"11:07:09.8703840","DxgKrnl","10011","정보",,""
"11:07:09.8705447","DxgKrnl","10011","정보",,""
"11:07:09.8705465","DxgKrnl","10011","정보",,""
"11:07:09.8705521","DxgKrnl","10011","정보",,""
"11:07:09.8711803","DxgKrnl","10011","정보",,""
"11:07:09.8719037","DxgKrnl","10011","정보",,""
"11:07:09.8719647","DxgKrnl","10011","정보",,""
"11:07:09.8730714","DxgKrnl","10011","정보",,""
"11:07:09.8731646","DxgKrnl","10011","정보",,""
"11:07:09.8732316","DxgKrnl","10011","정보",,""
"11:07:09.8732971","DxgKrnl","10011","정보",,""
"11:07:09.8742700","DxgKrnl","10011","정보",,""
"11:07:09.8743250","DxgKrnl","10011","정보",,""
"11:07:09.8749715","DxgKrnl","10011","정보",,""
"11:07:09.8750488","DxgKrnl","10011","정보",,""
"11:07:09.8750999","DxgKrnl","10011","정보",,""
"11:07:09.8751932","DxgKrnl","10011","정보",,""
"11:07:09.8752670","DxgKrnl","10011","정보",,""
"11:07:09.8755183","DxgKrnl","10011","정보",,""
"11:07:09.8755814","DxgKrnl","10011","정보",,""
"11:07:09.8756561","DxgKrnl","10011","정보",,""
"11:07:09.8759229","DxgKrnl","10011","정보",,""
"11:07:09.8760179","DxgKrnl","10011","정보",,""
"11:07:09.8768298","DxgKrnl","10011","정보",,""
"11:07:09.8768831","DxgKrnl","10011","정보",,""
"11:07:09.8779741","DxgKrnl","10011","정보",,""
"11:07:09.8780409","DxgKrnl","10011","정보",,""
"11:07:09.8791931","DxgKrnl","10011","정보",,""
"11:07:09.8793038","DxgKrnl","10011","정보",,""
"11:07:09.8808652","DxgKrnl","10011","정보",,""
"11:07:09.8809331","DxgKrnl","10011","정보",,""
"11:07:09.8852611","DxgKrnl","10011","정보",,""
"11:07:09.8857007","DxgKrnl","10011","정보",,""
"11:07:09.8857167","DxgKrnl","10011","정보",,""
"11:07:09.8857215","DxgKrnl","10011","정보",,""
"11:07:09.8857224","DxgKrnl","10011","정보",,""
"11:07:09.8878342","DxgKrnl","10011","정보",,""
"11:07:09.8879385","DxgKrnl","10011","정보",,""
"11:07:09.8884107","DxgKrnl","10011","정보",,""
"11:07:09.8885781","DxgKrnl","10011","정보",,""
"11:07:09.8969531","DxgKrnl","10011","정보",,""
"11:07:09.8970625","DxgKrnl","10011","정보",,""
"11:07:09.8971031","DxgKrnl","10011","정보",,""
"11:07:09.8971631","DxgKrnl","10011","정보",,""
"11:07:09.8973772","DxgKrnl","10011","정보",,""
"11:07:09.8973778","DxgKrnl","10011","정보",,""
"11:07:10.1295715","DxgKrnl","10011","정보",,""
"11:07:10.1296940","DxgKrnl","10011","정보",,""
"11:07:10.1809247","DxgKrnl","10011","정보",,""
"11:07:10.1820164","DxgKrnl","10011","정보",,""
"11:07:11.4053020","DxgKrnl","10011","정보",,""
"11:07:11.5040387","Kernel-PnP","220","시작",,"Begin querying bus relations for device PCI\VEN_1002&DEV_7550&SUBSYS_E4891DA2&REV_C0\6&8916a45&0&00000009"
"11:07:11.5041184","DxgKrnl","10011","정보",,""
"11:07:11.5042119","DxgKrnl","10011","정보",,""
"11:07:11.5043007","DxgKrnl","10011","정보",,""
"11:07:11.5043839","DxgKrnl","10011","정보",,""
"11:07:11.5044459","DxgKrnl","10011","정보",,""
"11:07:11.5051225","DxgKrnl","10011","정보",,""
"11:07:11.5051780","DxgKrnl","10011","정보",,""
"11:07:11.5063210","DxgKrnl","10011","정보",,""
"11:07:11.5063735","DxgKrnl","10011","정보",,""
"11:07:11.5087977","DxgKrnl","10011","정보",,""
"11:07:11.5088228","DxgKrnl","10011","정보",,""
"11:07:11.5088636","Kernel-PnP","222","시작",,"End querying bus relations for device PCI\VEN_1002&DEV_7550&SUBSYS_E4891DA2&REV_C0\6&8916a45&0&00000009"
"11:07:11.5088697","DxgKrnl","10011","정보",,""
"11:07:11.5088724","DxgKrnl","10011","정보",,""
"11:07:11.5088746","DxgKrnl","10011","정보",,""
"11:07:11.5089270","Kernel-PnP","220","시작",,"Begin querying bus relations for device SWD\DRIVERENUM\AMDCP&7&16b8ddb4&0"
"11:07:11.5089286","Kernel-PnP","222","시작",,"End querying bus relations for device SWD\DRIVERENUM\AMDCP&7&16b8ddb4&0"
"11:07:11.5089340","Kernel-PnP","220","시작",,"Begin querying bus relations for device SWD\DRIVERENUM\AMDFDANS&7&16b8ddb4&0"
"11:07:11.5089348","Kernel-PnP","222","시작",,"End querying bus relations for device SWD\DRIVERENUM\AMDFDANS&7&16b8ddb4&0"
"11:07:11.5089388","Kernel-PnP","220","시작",,"Begin querying bus relations for device SWD\DRIVERENUM\AMDOCL&7&16b8ddb4&0"
"11:07:11.5089395","Kernel-PnP","222","시작",,"End querying bus relations for device SWD\DRIVERENUM\AMDOCL&7&16b8ddb4&0"
"11:07:11.5089438","Kernel-PnP","220","시작",,"Begin querying bus relations for device SWD\DRIVERENUM\AMDOGL&7&16b8ddb4&0"
"11:07:11.5089445","Kernel-PnP","222","시작",,"End querying bus relations for device SWD\DRIVERENUM\AMDOGL&7&16b8ddb4&0"
"11:07:11.5089497","Kernel-PnP","220","시작",,"Begin querying bus relations for device SWD\DRIVERENUM\AMDVLK&7&16b8ddb4&0"
"11:07:11.5089503","Kernel-PnP","222","시작",,"End querying bus relations for device SWD\DRIVERENUM\AMDVLK&7&16b8ddb4&0"
"11:07:11.5089551","Kernel-PnP","220","시작",,"Begin querying bus relations for device SWD\DRIVERENUM\AMDWIN&7&16b8ddb4&0"
"11:07:11.5089558","Kernel-PnP","222","시작",,"End querying bus relations for device SWD\DRIVERENUM\AMDWIN&7&16b8ddb4&0"
"11:07:11.5089603","Kernel-PnP","220","시작",,"Begin querying bus relations for device DISPLAY\BBC0104\7&16b8ddb4&0&UID265"
"11:07:11.5089651","Kernel-PnP","222","시작",,"End querying bus relations for device DISPLAY\BBC0104\7&16b8ddb4&0&UID265"
"11:07:11.5094411","DxgKrnl","10011","정보",,""
"11:07:11.5094994","DxgKrnl","10011","정보",,""
"11:07:11.5104811","Kernel-PnP","808","시작",,"End device add, status (STATUS_SUCCESS)"
"11:07:11.7317542","DxgKrnl","10011","정보",,""
"11:07:11.7329258","Kernel-PnP","220","시작",,"Begin querying bus relations for device DISPLAY\SAM79DF\7&16b8ddb4&0&UID256"
"11:07:11.7329293","Kernel-PnP","222","시작",,"End querying bus relations for device DISPLAY\SAM79DF\7&16b8ddb4&0&UID256"
"11:07:11.7332736","DxgKrnl","10011","정보",,""
"11:07:11.7413850","DxgKrnl","10011","정보",,""
"11:07:11.7414437","DxgKrnl","10011","정보",,""
"11:07:11.7414904","DxgKrnl","10011","정보",,""
"11:07:11.7421566","DxgKrnl","10011","정보",,""
"11:07:11.7421880","DxgKrnl","10011","정보",,""
"11:07:11.7422457","DxgKrnl","10011","정보",,""
"11:07:11.7422795","DxgKrnl","10011","정보",,""
"11:07:11.7422812","DxgKrnl","10011","정보",,""
"11:07:11.7423129","DxgKrnl","10011","정보",,""
"11:07:11.7444802","DxgKrnl","10011","정보",,""
"11:07:11.7445051","DxgKrnl","10011","정보",,""
"11:07:11.7445081","DxgKrnl","10011","정보",,""
"11:07:11.7446289","DxgKrnl","10011","정보",,""
"11:07:11.7447387","DxgKrnl","10011","정보",,""
"11:07:11.7447442","DxgKrnl","10011","정보",,""
"11:07:11.7450354","DxgKrnl","10011","정보",,""
"11:07:11.7451699","DxgKrnl","10011","정보",,""
"11:07:11.7452149","DxgKrnl","10011","정보",,""
"11:07:11.7471583","DxgKrnl","10011","정보",,""
"11:07:11.7472757","DxgKrnl","10011","정보",,""
"11:07:11.7481709","DxgKrnl","10011","정보",,""
"11:07:11.7481968","DxgKrnl","10011","정보",,""
"11:07:11.7482236","DxgKrnl","10011","정보",,""
"11:07:11.7482983","DxgKrnl","10011","정보",,""
"11:07:11.7482999","DxgKrnl","10011","정보",,""
"11:07:11.7519593","DxgKrnl","10011","정보",,""
"11:07:11.7520065","DxgKrnl","10011","정보",,""
"11:07:11.7520499","DxgKrnl","10011","정보",,""
"11:07:11.7526177","DxgKrnl","10011","정보",,""
"11:07:11.7526563","DxgKrnl","10011","정보",,""
"11:07:11.7528016","DxgKrnl","10011","정보",,""
"11:07:11.7528219","DxgKrnl","10011","정보",,""
"11:07:11.7529012","DxgKrnl","10011","정보",,""
"11:07:11.7529045","DxgKrnl","10011","정보",,""
"11:07:11.7564731","DxgKrnl","10011","정보",,""
"11:07:11.7565453","DxgKrnl","10011","정보",,""
"11:07:11.7577254","DxgKrnl","10011","정보",,""
"11:07:11.7578062","DxgKrnl","10011","정보",,""
"11:07:11.7581083","DxgKrnl","10011","정보",,""
"11:07:11.7581808","DxgKrnl","10011","정보",,""
"11:07:11.7582899","DxgKrnl","10011","정보",,""
"11:07:11.7584437","DxgKrnl","10011","정보",,""
"11:07:11.7584857","DxgKrnl","10011","정보",,""
"11:07:11.7585028","DxgKrnl","10011","정보",,""
"11:07:11.7585727","DxgKrnl","10011","정보",,""
"11:07:11.7598430","DxgKrnl","10011","정보",,""
"11:07:11.7598938","DxgKrnl","10011","정보",,""
"11:07:11.7599223","DxgKrnl","10011","정보",,""
"11:07:11.7606767","DxgKrnl","10011","정보",,""
"11:07:11.7619756","DxgKrnl","10011","정보",,""
"11:07:11.7620183","DxgKrnl","10011","정보",,""
"11:07:11.7630584","DxgKrnl","10011","정보",,""
"11:07:11.7634304","DxgKrnl","10011","정보",,""
"11:07:11.7634420","DxgKrnl","10011","정보",,""
"11:07:11.7634462","DxgKrnl","10011","정보",,""
"11:07:11.7634470","DxgKrnl","10011","정보",,""
"11:07:11.7640625","DxgKrnl","10011","정보",,""
"11:07:11.7641067","DxgKrnl","10011","정보",,""
"11:07:11.7664950","DxgKrnl","10011","정보",,""
"11:07:11.7665341","DxgKrnl","10011","정보",,""
"11:07:11.7681753","DxgKrnl","10011","정보",,""
"11:07:11.7682122","DxgKrnl","10011","정보",,""
"11:07:11.7682773","DxgKrnl","10011","정보",,""
"11:07:11.7682809","DxgKrnl","10011","정보",,""
"11:07:11.7682830","DxgKrnl","10011","정보",,""
"11:07:11.7686004","DxgKrnl","10011","정보",,""
"11:07:11.7686333","DxgKrnl","10011","정보",,""
"11:07:11.7703091","DxgKrnl","10011","정보",,""
"11:07:11.7703594","DxgKrnl","10011","정보",,""
"11:07:11.7704175","DxgKrnl","10011","정보",,""
"11:07:11.7705578","DxgKrnl","10011","정보",,""
"11:07:11.7705596","DxgKrnl","10011","정보",,""
"11:07:11.7705723","DxgKrnl","10011","정보",,""
"11:07:11.7705882","DxgKrnl","10011","정보",,""
"11:07:11.7705931","DxgKrnl","10011","정보",,""
"11:07:11.7707668","DxgKrnl","10011","정보",,""
"11:07:11.7707710","DxgKrnl","10011","정보",,""
"11:07:11.7707720","DxgKrnl","10011","정보",,""
"11:07:11.7708500","DxgKrnl","10011","정보",,""
"11:07:11.7708558","DxgKrnl","10011","정보",,""
"11:07:11.7759605","DxgKrnl","10011","정보",,""
"11:07:11.7760266","DxgKrnl","10011","정보",,""
"11:07:11.7772560","DxgKrnl","10011","정보",,""
"11:07:11.7773021","DxgKrnl","10011","정보",,""
"11:07:11.7791938","DxgKrnl","10011","정보",,""
"11:07:11.7792542","DxgKrnl","10011","정보",,""
"11:07:11.7801275","DxgKrnl","10011","정보",,""
"11:07:11.7801738","DxgKrnl","10011","정보",,""
"11:07:11.7810995","DxgKrnl","10011","정보",,""
"11:07:11.7811696","DxgKrnl","10011","정보",,""
"11:07:11.8110229","DxgKrnl","10011","정보",,""
"11:07:11.8110874","DxgKrnl","10011","정보",,""
"11:07:11.9833789","DxgKrnl","10011","정보",,""
"11:07:11.9840828","DxgKrnl","10011","정보",,""
"11:07:12.8132395","DxgKrnl","10011","정보",,""
"11:07:13.0637719","Kernel-PnP","220","시작",,"Begin querying bus relations for device PCI\VEN_1002&DEV_7550&SUBSYS_E4891DA2&REV_C0\6&8916a45&0&00000009"
"11:07:13.0638458","DxgKrnl","10011","정보",,""
"11:07:13.0640269","DxgKrnl","10011","정보",,""
"11:07:13.0640938","DxgKrnl","10011","정보",,""
"11:07:13.0643694","DxgKrnl","10011","정보",,""
"11:07:13.0645856","DxgKrnl","10011","정보",,""
"11:07:13.0662849","DxgKrnl","10011","정보",,""
"11:07:13.0663288","DxgKrnl","10011","정보",,""
"11:07:13.0689111","DxgKrnl","10011","정보",,""
"11:07:13.0689564","DxgKrnl","10011","정보",,""
"11:07:13.0692064","Kernel-PnP","222","시작",,"End querying bus relations for device PCI\VEN_1002&DEV_7550&SUBSYS_E4891DA2&REV_C0\6&8916a45&0&00000009"
"11:07:13.0692766","Kernel-PnP","220","시작",,"Begin querying bus relations for device SWD\DRIVERENUM\AMDCP&7&16b8ddb4&0"
"11:07:13.0692783","Kernel-PnP","222","시작",,"End querying bus relations for device SWD\DRIVERENUM\AMDCP&7&16b8ddb4&0"
"11:07:13.0692852","Kernel-PnP","220","시작",,"Begin querying bus relations for device SWD\DRIVERENUM\AMDFDANS&7&16b8ddb4&0"
"11:07:13.0692860","Kernel-PnP","222","시작",,"End querying bus relations for device SWD\DRIVERENUM\AMDFDANS&7&16b8ddb4&0"
"11:07:13.0692917","Kernel-PnP","220","시작",,"Begin querying bus relations for device SWD\DRIVERENUM\AMDOCL&7&16b8ddb4&0"
"11:07:13.0692925","Kernel-PnP","222","시작",,"End querying bus relations for device SWD\DRIVERENUM\AMDOCL&7&16b8ddb4&0"
"11:07:13.0692979","Kernel-PnP","220","시작",,"Begin querying bus relations for device SWD\DRIVERENUM\AMDOGL&7&16b8ddb4&0"
"11:07:13.0692988","Kernel-PnP","222","시작",,"End querying bus relations for device SWD\DRIVERENUM\AMDOGL&7&16b8ddb4&0"
"11:07:13.0693054","Kernel-PnP","220","시작",,"Begin querying bus relations for device SWD\DRIVERENUM\AMDVLK&7&16b8ddb4&0"
"11:07:13.0693064","Kernel-PnP","222","시작",,"End querying bus relations for device SWD\DRIVERENUM\AMDVLK&7&16b8ddb4&0"
"11:07:13.0693121","Kernel-PnP","220","시작",,"Begin querying bus relations for device SWD\DRIVERENUM\AMDWIN&7&16b8ddb4&0"
"11:07:13.0693129","Kernel-PnP","222","시작",,"End querying bus relations for device SWD\DRIVERENUM\AMDWIN&7&16b8ddb4&0"
"11:07:13.0693184","Kernel-PnP","220","시작",,"Begin querying bus relations for device DISPLAY\BBC0104\7&16b8ddb4&0&UID265"
"11:07:13.0693257","Kernel-PnP","222","시작",,"End querying bus relations for device DISPLAY\BBC0104\7&16b8ddb4&0&UID265"
"11:07:13.0693349","Kernel-PnP","220","시작",,"Begin querying bus relations for device DISPLAY\SAM79DF\7&16b8ddb4&0&UID256"
"11:07:13.0693379","Kernel-PnP","222","시작",,"End querying bus relations for device DISPLAY\SAM79DF\7&16b8ddb4&0&UID256"
"11:07:13.0744142","DxgKrnl","10011","정보",,""
"11:07:13.0745728","DxgKrnl","10011","정보",,""
"11:07:13.0746203","DxgKrnl","10011","정보",,""
"11:07:13.0746255","DxgKrnl","10011","정보",,""
"11:07:13.0746279","DxgKrnl","10011","정보",,""
"11:07:13.0789962","DxgKrnl","10011","정보",,""
"11:07:13.0790660","DxgKrnl","10011","정보",,""
"11:07:13.0791674","Kernel-PnP","808","시작",,"End device add, status (STATUS_SUCCESS)"
"11:07:13.0794307","Kernel-PnP","220","시작",,"Begin querying bus relations for device DISPLAY\SAM7B0C\7&16b8ddb4&0&UID260"
"11:07:13.0794333","Kernel-PnP","222","시작",,"End querying bus relations for device DISPLAY\SAM7B0C\7&16b8ddb4&0&UID260"
"11:07:13.0797320","DxgKrnl","10011","정보",,""
"11:07:13.3919219","DxgKrnl","10011","정보",,""
"11:07:13.3919450","DxgKrnl","10011","정보",,""
"11:07:13.4017874","DxgKrnl","10011","정보",,""
"11:07:13.4018638","DxgKrnl","10011","정보",,""
"11:07:13.4019103","DxgKrnl","10011","정보",,""
"11:07:13.4033996","DxgKrnl","10011","정보",,""
"11:07:13.4034524","DxgKrnl","10011","정보",,""
"11:07:13.4036866","DxgKrnl","10011","정보",,""
"11:07:13.4037523","DxgKrnl","10011","정보",,""
"11:07:13.4037539","DxgKrnl","10011","정보",,""
"11:07:13.4038080","DxgKrnl","10011","정보",,""
"11:07:13.4038103","DxgKrnl","10011","정보",,""
"11:07:13.4038673","DxgKrnl","10011","정보",,""
"11:07:13.4038738","DxgKrnl","10011","정보",,""
"11:07:13.4039257","DxgKrnl","10011","정보",,""
"11:07:13.4059353","DxgKrnl","10011","정보",,""
"11:07:13.4059757","DxgKrnl","10011","정보",,""
"11:07:13.4064073","DxgKrnl","10011","정보",,""
"11:07:13.4064179","DxgKrnl","10011","정보",,""
"11:07:13.4071684","DxgKrnl","10011","정보",,""
"11:07:13.4074262","DxgKrnl","10011","정보",,""
"11:07:13.4074984","DxgKrnl","10011","정보",,""
"11:07:13.4075449","DxgKrnl","10011","정보",,""
"11:07:13.4076916","DxgKrnl","10011","정보",,""
"11:07:13.4109308","DxgKrnl","10011","정보",,""
"11:07:13.4126094","DxgKrnl","10011","정보",,""
"11:07:13.4126257","DxgKrnl","10011","정보",,""
"11:07:13.4126310","DxgKrnl","10011","정보",,""
"11:07:13.4126317","DxgKrnl","10011","정보",,""
"11:07:13.4128098","DxgKrnl","10011","정보",,""
"11:07:13.4128867","DxgKrnl","10011","정보",,""
"11:07:13.4140069","DxgKrnl","10011","정보",,""
"11:07:13.4140754","DxgKrnl","10011","정보",,""
"11:07:13.4217876","DxgKrnl","10011","정보",,""
"11:07:13.4218504","DxgKrnl","10011","정보",,""
"11:07:13.4222272","DxgKrnl","10011","정보",,""
"11:07:13.4222897","DxgKrnl","10011","정보",,""
"11:07:13.4222912","DxgKrnl","10011","정보",,""
"11:07:13.4223607","DxgKrnl","10011","정보",,""
"11:07:13.4223627","DxgKrnl","10011","정보",,""
"11:07:13.4224171","DxgKrnl","10011","정보",,""
"11:07:13.4224239","DxgKrnl","10011","정보",,""
"11:07:13.4224799","DxgKrnl","10011","정보",,""
"11:07:13.4229351","DxgKrnl","10011","정보",,""
"11:07:13.4229849","DxgKrnl","10011","정보",,""
"11:07:13.4267685","DxgKrnl","10011","정보",,""
"11:07:13.4314238","DxgKrnl","10011","정보",,""
"11:07:13.4486736","DxgKrnl","10011","정보",,""
"11:07:13.4487515","DxgKrnl","10011","정보",,""
"11:07:13.4488322","DxgKrnl","10011","정보",,""
"11:07:13.4488910","DxgKrnl","10011","정보",,""
"11:07:13.4495015","DxgKrnl","10011","정보",,""
"11:07:13.4495518","DxgKrnl","10011","정보",,""
"11:07:13.4495881","DxgKrnl","10011","정보",,""
"11:07:13.4497258","DxgKrnl","10011","정보",,""
"11:07:13.4497259","DxgKrnl","10011","정보",,""
"11:07:13.4507613","DxgKrnl","10011","정보",,""
"11:07:13.4507642","DxgKrnl","10011","정보",,""
"11:07:13.4508918","DxgKrnl","10011","정보",,""
"11:07:13.4508962","DxgKrnl","10011","정보",,""
"11:07:13.4559369","DxgKrnl","10011","정보",,""
"11:07:13.4560231","DxgKrnl","10011","정보",,""
"11:07:13.4564467","DxgKrnl","10011","정보",,""
"11:07:13.4565156","DxgKrnl","10011","정보",,""
"11:07:13.4588769","DxgKrnl","10011","정보",,""
"11:07:13.4601646","DxgKrnl","10011","정보",,""
"11:07:13.4601801","DxgKrnl","10011","정보",,""
"11:07:13.4601852","DxgKrnl","10011","정보",,""
"11:07:13.4601859","DxgKrnl","10011","정보",,""
"11:07:13.4606684","DxgKrnl","10011","정보",,""
"11:07:13.4607427","DxgKrnl","10011","정보",,""
"11:07:13.4644160","DxgKrnl","10011","정보",,""
"11:07:13.4644875","DxgKrnl","10011","정보",,""
"11:07:13.4706911","DxgKrnl","10011","정보",,""
"11:07:13.4707290","DxgKrnl","10011","정보",,""
"11:07:13.4707946","DxgKrnl","10011","정보",,""
"11:07:13.4707985","DxgKrnl","10011","정보",,""
"11:07:13.4708008","DxgKrnl","10011","정보",,""
"11:07:13.4753280","DxgKrnl","10011","정보",,""
"11:07:13.4753866","DxgKrnl","10011","정보",,""
"11:07:13.4785695","DxgKrnl","10011","정보",,""
"11:07:13.4786254","DxgKrnl","10011","정보",,""
"11:07:13.4786657","DxgKrnl","10011","정보",,""
"11:07:13.4788914","DxgKrnl","10011","정보",,""
"11:07:13.4788970","DxgKrnl","10011","정보",,""
"11:07:13.4789153","DxgKrnl","10011","정보",,""
"11:07:13.4789169","DxgKrnl","10011","정보",,""
"11:07:13.4791663","DxgKrnl","10011","정보",,""
"11:07:13.4793077","DxgKrnl","10011","정보",,""
"11:07:13.4793091","DxgKrnl","10011","정보",,""
"11:07:13.4793104","DxgKrnl","10011","정보",,""
"11:07:13.4799790","DxgKrnl","10011","정보",,""
"11:07:13.4800408","DxgKrnl","10011","정보",,""
"11:07:13.4800683","DxgKrnl","10011","정보",,""
"11:07:13.4801979","DxgKrnl","10011","정보",,""
"11:07:13.4802036","DxgKrnl","10011","정보",,""
"11:07:13.4849760","DxgKrnl","10011","정보",,""
"11:07:13.4862203","DxgKrnl","10011","정보",,""
"11:07:13.4862370","DxgKrnl","10011","정보",,""
"11:07:13.4862443","DxgKrnl","10011","정보",,""
"11:07:13.4862449","DxgKrnl","10011","정보",,""
"11:07:13.4863389","DxgKrnl","10011","정보",,""
"11:07:13.4864157","DxgKrnl","10011","정보",,""
"11:07:13.4936070","DxgKrnl","10011","정보",,""
"11:07:13.4938553","DxgKrnl","10011","정보",,""
"11:07:13.4939667","DxgKrnl","10011","정보",,""
"11:07:13.4940453","DxgKrnl","10011","정보",,""
"11:07:13.4950349","DxgKrnl","10011","정보",,""
"11:07:13.4951028","DxgKrnl","10011","정보",,""
"11:07:13.5154316","DxgKrnl","10011","정보",,""
"11:07:13.5154553","DxgKrnl","10011","정보",,""
"11:07:13.5156427","DxgKrnl","10011","정보",,""
"11:07:13.5156427","DxgKrnl","10011","정보",,""
"11:07:13.5261824","DxgKrnl","10011","정보",,""
"11:07:13.5263132","DxgKrnl","10011","정보",,""
"11:07:13.6598861","DxgKrnl","10011","정보",,""
"11:07:13.6610499","DxgKrnl","10011","정보",,""
"11:07:13.7186742","DxgKrnl","10011","정보",,""
"11:07:13.7187619","DxgKrnl","10011","정보",,""
"11:07:14.0954276","DxgKrnl","10011","정보",,""
"11:07:14.0955512","DxgKrnl","10011","정보",,""
"11:07:14.0955552","DxgKrnl","10011","정보",,""
"11:07:14.0956376","DxgKrnl","10011","정보",,""
"11:07:14.0956416","DxgKrnl","10011","정보",,""
"11:07:14.0957232","DxgKrnl","10011","정보",,""
"11:07:14.0957512","DxgKrnl","10011","정보",,""
"11:07:14.0958216","DxgKrnl","10011","정보",,""
"11:08:45.4171607","DxgKrnl","10011","정보",,""
"11:08:45.4171703","DxgKrnl","10011","정보",,""
"11:08:45.4171710","DxgKrnl","10011","정보",,""
"11:08:45.4171716","DxgKrnl","10011","정보",,""
"11:08:45.4171721","DxgKrnl","10011","정보",,""
"11:08:45.4171726","DxgKrnl","10011","정보",,""
"11:08:45.4171731","DxgKrnl","10011","정보",,""
"11:08:45.4171736","DxgKrnl","10011","정보",,""
"11:08:45.4171741","DxgKrnl","10011","정보",,""
"11:08:45.4171747","DxgKrnl","10011","정보",,""
"11:08:45.4171752","DxgKrnl","10011","정보",,""
"11:08:45.6323071","DxgKrnl","10011","정보",,""
"11:08:45.6333025","DxgKrnl","10011","정보",,""
"11:08:45.6333180","DxgKrnl","10011","정보",,""
"11:08:45.6421717","DxgKrnl","10011","정보",,""
"11:08:45.6421802","DxgKrnl","10011","정보",,""
"11:08:45.6421815","DxgKrnl","10011","정보",,""
"11:08:45.6421826","DxgKrnl","10011","정보",,""
"11:08:45.6421835","DxgKrnl","10011","정보",,""
"11:08:45.6421846","DxgKrnl","10011","정보",,""
"11:08:45.6421855","DxgKrnl","10011","정보",,""
"11:08:45.6421866","DxgKrnl","10011","정보",,""
"11:08:45.6421874","DxgKrnl","10011","정보",,""
"11:08:45.6421885","DxgKrnl","10011","정보",,""
"11:08:45.6421895","DxgKrnl","10011","정보",,""
"11:08:45.6421906","DxgKrnl","10011","정보",,""
"11:08:45.6421914","DxgKrnl","10011","정보",,""
"11:08:45.6421923","DxgKrnl","10011","정보",,""
"11:08:45.6421946","DxgKrnl","10011","정보",,""
"11:08:45.6444714","DxgKrnl","10011","정보",,""
"11:08:45.6445500","DxgKrnl","10011","정보",,""
"11:08:45.6463649","DxgKrnl","10011","정보",,""
"11:08:45.6464627","DxgKrnl","10011","정보",,""
"11:08:47.3638194","DxgKrnl","10011","정보",,""
"11:08:47.3644399","DxgKrnl","10011","정보",,""
"11:09:40.3757672","Kernel-PnP","220","시작",,"Begin querying bus relations for device PCI\VEN_1002&DEV_7550&SUBSYS_E4891DA2&REV_C0\6&8916a45&0&00000009"
"11:09:40.3760718","DxgKrnl","10011","정보",,""
"11:09:40.3773507","DxgKrnl","10011","정보",,""
"11:09:40.4661641","Kernel-PnP","222","시작",,"End querying bus relations for device PCI\VEN_1002&DEV_7550&SUBSYS_E4891DA2&REV_C0\6&8916a45&0&00000009"
"11:09:40.4663773","DxgKrnl","10011","정보",,""
"11:09:40.4663785","DxgKrnl","10011","정보",,""
"11:09:40.4663965","Kernel-PnP","1010","시작",,"버스에 누락 된 것으로 보고 된 장치 DISPLAY\SAM79DF\7&16b8ddb4&0&UID256이 (가) 제거 되었습니다. 제거 된 장치 수 | 개수: 1"
"11:09:40.4666445","DxgKrnl","10011","정보",,""
"11:09:40.4667445","DxgKrnl","10011","정보",,""
"11:09:40.4670408","Kernel-PnP","220","시작",,"Begin querying bus relations for device SWD\DRIVERENUM\AMDCP&7&16b8ddb4&0"
"11:09:40.4670442","Kernel-PnP","222","시작",,"End querying bus relations for device SWD\DRIVERENUM\AMDCP&7&16b8ddb4&0"
"11:09:40.4670547","Kernel-PnP","220","시작",,"Begin querying bus relations for device SWD\DRIVERENUM\AMDFDANS&7&16b8ddb4&0"
"11:09:40.4670558","Kernel-PnP","222","시작",,"End querying bus relations for device SWD\DRIVERENUM\AMDFDANS&7&16b8ddb4&0"
"11:09:40.4670632","Kernel-PnP","220","시작",,"Begin querying bus relations for device SWD\DRIVERENUM\AMDOCL&7&16b8ddb4&0"
"11:09:40.4670642","Kernel-PnP","222","시작",,"End querying bus relations for device SWD\DRIVERENUM\AMDOCL&7&16b8ddb4&0"
"11:09:40.4670708","Kernel-PnP","220","시작",,"Begin querying bus relations for device SWD\DRIVERENUM\AMDOGL&7&16b8ddb4&0"
"11:09:40.4670718","Kernel-PnP","222","시작",,"End querying bus relations for device SWD\DRIVERENUM\AMDOGL&7&16b8ddb4&0"
"11:09:40.4670873","Kernel-PnP","220","시작",,"Begin querying bus relations for device SWD\DRIVERENUM\AMDVLK&7&16b8ddb4&0"
"11:09:40.4670896","Kernel-PnP","222","시작",,"End querying bus relations for device SWD\DRIVERENUM\AMDVLK&7&16b8ddb4&0"
"11:09:40.4670967","Kernel-PnP","220","시작",,"Begin querying bus relations for device SWD\DRIVERENUM\AMDWIN&7&16b8ddb4&0"
"11:09:40.4670977","Kernel-PnP","222","시작",,"End querying bus relations for device SWD\DRIVERENUM\AMDWIN&7&16b8ddb4&0"
"11:09:40.4671046","Kernel-PnP","220","시작",,"Begin querying bus relations for device DISPLAY\BBC0104\7&16b8ddb4&0&UID265"
"11:09:40.4671108","Kernel-PnP","222","시작",,"End querying bus relations for device DISPLAY\BBC0104\7&16b8ddb4&0&UID265"
"11:09:40.4671194","Kernel-PnP","220","시작",,"Begin querying bus relations for device DISPLAY\SAM7B0C\7&16b8ddb4&0&UID260"
"11:09:40.4671225","Kernel-PnP","222","시작",,"End querying bus relations for device DISPLAY\SAM7B0C\7&16b8ddb4&0&UID260"
"11:09:40.4683467","Kernel-PnP","808","시작",,"End device add, status (STATUS_SUCCESS)"
"11:09:40.4686668","Kernel-PnP","220","시작",,"Begin querying bus relations for device DISPLAY\SAM79DF\7&16b8ddb4&0&UID256"
"11:09:40.4686697","Kernel-PnP","222","시작",,"End querying bus relations for device DISPLAY\SAM79DF\7&16b8ddb4&0&UID256"
"11:09:40.4690360","DxgKrnl","10011","정보",,""
"11:09:40.4699293","DxgKrnl","10011","정보",,""
"11:09:40.4700461","DxgKrnl","10011","정보",,""
"11:09:40.4705352","DxgKrnl","10011","정보",,""
"11:09:40.4706157","DxgKrnl","10011","정보",,""
"11:09:40.4725176","DxgKrnl","10011","정보",,""
"11:09:40.4726086","DxgKrnl","10011","정보",,""
"11:09:40.4859549","DxgKrnl","10011","정보",,""
"11:09:40.4859830","DxgKrnl","10011","정보",,""
"11:09:40.4860706","DxgKrnl","10011","정보",,""
"11:09:40.4860759","DxgKrnl","10011","정보",,""
"11:09:40.4860784","DxgKrnl","10011","정보",,""
"11:09:40.4896302","DxgKrnl","10011","정보",,""
"11:09:40.4897318","DxgKrnl","10011","정보",,""
"11:09:40.5642846","DxgKrnl","10011","정보",,""
"11:09:40.5643850","DxgKrnl","10011","정보",,""
"11:09:40.5644402","DxgKrnl","10011","정보",,""
"11:09:40.5659285","DxgKrnl","10011","정보",,""
"11:09:40.5659829","DxgKrnl","10011","정보",,""
"11:09:40.5660589","DxgKrnl","10011","정보",,""
"11:09:40.5661170","DxgKrnl","10011","정보",,""
"11:09:40.5661184","DxgKrnl","10011","정보",,""
"11:09:40.5661719","DxgKrnl","10011","정보",,""
"11:09:40.5661789","DxgKrnl","10011","정보",,""
"11:09:40.5662318","DxgKrnl","10011","정보",,""
"11:09:40.5662375","DxgKrnl","10011","정보",,""
"11:09:40.5662930","DxgKrnl","10011","정보",,""
"11:09:40.5681912","DxgKrnl","10011","정보",,""
"11:09:40.5682129","DxgKrnl","10011","정보",,""
"11:09:40.5682231","DxgKrnl","10011","정보",,""
"11:09:40.5684159","DxgKrnl","10011","정보",,""
"11:09:40.5684180","DxgKrnl","10011","정보",,""
"11:09:40.5684907","DxgKrnl","10011","정보",,""
"11:09:40.5705466","DxgKrnl","10011","정보",,""
"11:09:40.5706424","DxgKrnl","10011","정보",,""
"11:09:40.5855884","DxgKrnl","10011","정보",,""
"11:09:40.5856922","DxgKrnl","10011","정보",,""
"11:09:40.5856935","DxgKrnl","10011","정보",,""
"11:09:40.5857713","DxgKrnl","10011","정보",,""
"11:09:40.5857730","DxgKrnl","10011","정보",,""
"11:09:40.5858443","DxgKrnl","10011","정보",,""
"11:09:40.5858518","DxgKrnl","10011","정보",,""
"11:09:40.5859203","DxgKrnl","10011","정보",,""
"11:09:40.5865859","DxgKrnl","10011","정보",,""
"11:09:40.5866605","DxgKrnl","10011","정보",,""
"11:09:40.6351895","Kernel-PnP","220","시작",,"Begin querying bus relations for device PCI\VEN_1002&DEV_7550&SUBSYS_E4891DA2&REV_C0\6&8916a45&0&00000009"
"11:09:40.6597206","Kernel-PnP","222","시작",,"End querying bus relations for device PCI\VEN_1002&DEV_7550&SUBSYS_E4891DA2&REV_C0\6&8916a45&0&00000009"
"11:09:40.6599855","Kernel-PnP","1010","시작",,"버스에 누락 된 것으로 보고 된 장치 DISPLAY\SAM7B0C\7&16b8ddb4&0&UID260이 (가) 제거 되었습니다. 제거 된 장치 수 | 개수: 1"
"11:09:40.6604380","DxgKrnl","10011","정보",,""
"11:09:40.6604841","Kernel-PnP","220","시작",,"Begin querying bus relations for device SWD\DRIVERENUM\AMDCP&7&16b8ddb4&0"
"11:09:40.6604869","Kernel-PnP","222","시작",,"End querying bus relations for device SWD\DRIVERENUM\AMDCP&7&16b8ddb4&0"
"11:09:40.6604968","Kernel-PnP","220","시작",,"Begin querying bus relations for device SWD\DRIVERENUM\AMDFDANS&7&16b8ddb4&0"
"11:09:40.6604978","Kernel-PnP","222","시작",,"End querying bus relations for device SWD\DRIVERENUM\AMDFDANS&7&16b8ddb4&0"
"11:09:40.6605037","Kernel-PnP","220","시작",,"Begin querying bus relations for device SWD\DRIVERENUM\AMDOCL&7&16b8ddb4&0"
"11:09:40.6605046","Kernel-PnP","222","시작",,"End querying bus relations for device SWD\DRIVERENUM\AMDOCL&7&16b8ddb4&0"
"11:09:40.6605113","Kernel-PnP","220","시작",,"Begin querying bus relations for device SWD\DRIVERENUM\AMDOGL&7&16b8ddb4&0"
"11:09:40.6605123","Kernel-PnP","222","시작",,"End querying bus relations for device SWD\DRIVERENUM\AMDOGL&7&16b8ddb4&0"
"11:09:40.6605200","Kernel-PnP","220","시작",,"Begin querying bus relations for device SWD\DRIVERENUM\AMDVLK&7&16b8ddb4&0"
"11:09:40.6605208","Kernel-PnP","222","시작",,"End querying bus relations for device SWD\DRIVERENUM\AMDVLK&7&16b8ddb4&0"
"11:09:40.6605291","Kernel-PnP","220","시작",,"Begin querying bus relations for device SWD\DRIVERENUM\AMDWIN&7&16b8ddb4&0"
"11:09:40.6605299","Kernel-PnP","222","시작",,"End querying bus relations for device SWD\DRIVERENUM\AMDWIN&7&16b8ddb4&0"
"11:09:40.6605358","Kernel-PnP","220","시작",,"Begin querying bus relations for device DISPLAY\BBC0104\7&16b8ddb4&0&UID265"
"11:09:40.6605417","Kernel-PnP","222","시작",,"End querying bus relations for device DISPLAY\BBC0104\7&16b8ddb4&0&UID265"
"11:09:40.6605478","Kernel-PnP","220","시작",,"Begin querying bus relations for device DISPLAY\SAM79DF\7&16b8ddb4&0&UID256"
"11:09:40.6605527","Kernel-PnP","222","시작",,"End querying bus relations for device DISPLAY\SAM79DF\7&16b8ddb4&0&UID256"
"11:09:40.6605553","DxgKrnl","10011","정보",,""
"11:09:40.6623145","DxgKrnl","10011","정보",,""
"11:09:40.6630063","DxgKrnl","10011","정보",,""
"11:09:40.6652686","DxgKrnl","10011","정보",,""
"11:09:40.6653297","DxgKrnl","10011","정보",,""
"11:09:40.6663029","DxgKrnl","10011","정보",,""
"11:09:40.6663948","DxgKrnl","10011","정보",,""
"11:09:40.6749871","DxgKrnl","10011","정보",,""
"11:09:40.6750523","DxgKrnl","10011","정보",,""
"11:09:40.6751193","DxgKrnl","10011","정보",,""
"11:09:40.6751230","DxgKrnl","10011","정보",,""
"11:09:40.6751253","DxgKrnl","10011","정보",,""
"11:09:40.6754373","DxgKrnl","10011","정보",,""
"11:09:40.6754918","DxgKrnl","10011","정보",,""
"11:09:40.6919895","DxgKrnl","10011","정보",,""
"11:09:40.6920535","DxgKrnl","10011","정보",,""
"11:09:40.6920906","DxgKrnl","10011","정보",,""
"11:09:40.6928038","DxgKrnl","10011","정보",,""
"11:09:40.6928336","DxgKrnl","10011","정보",,""
"11:09:40.6929490","DxgKrnl","10011","정보",,""
"11:09:40.6929847","DxgKrnl","10011","정보",,""
"11:09:40.6929862","DxgKrnl","10011","정보",,""
"11:09:40.6930159","DxgKrnl","10011","정보",,""
"11:09:40.6947519","DxgKrnl","10011","정보",,""
"11:09:40.6947898","DxgKrnl","10011","정보",,""
"11:09:40.6948805","DxgKrnl","10011","정보",,""
"11:09:40.6956926","DxgKrnl","10011","정보",,""
"11:09:40.6957377","DxgKrnl","10011","정보",,""
"11:09:40.6967895","DxgKrnl","10011","정보",,""
"11:09:40.6969746","DxgKrnl","10011","정보",,""
"11:09:40.6981221","DxgKrnl","10011","정보",,""
"11:09:40.6987497","DxgKrnl","10011","정보",,""
"11:09:40.6988502","DxgKrnl","10011","정보",,""
"11:09:40.6989893","DxgKrnl","10011","정보",,""
"11:09:40.6990247","DxgKrnl","10011","정보",,""
"11:09:40.6990915","DxgKrnl","10011","정보",,""
"11:09:40.6992014","DxgKrnl","10011","정보",,""
"11:09:40.6992089","DxgKrnl","10011","정보",,""
"11:09:40.6993809","DxgKrnl","10011","정보",,""
"11:09:40.6994235","DxgKrnl","10011","정보",,""
"11:09:40.6994500","DxgKrnl","10011","정보",,""
"11:09:40.6995388","DxgKrnl","10011","정보",,""
"11:09:40.6995413","DxgKrnl","10011","정보",,""
"11:09:40.7088801","DxgKrnl","10011","정보",,""
"11:09:40.7089470","DxgKrnl","10011","정보",,""
"11:09:40.7105467","DxgKrnl","10011","정보",,""
"11:09:40.7106110","DxgKrnl","10011","정보",,""
"11:09:40.7171441","DxgKrnl","10011","정보",,""
"11:09:40.7175472","DxgKrnl","10011","정보",,""
"11:09:40.7175565","DxgKrnl","10011","정보",,""
"11:09:40.7175573","DxgKrnl","10011","정보",,""
"11:09:40.7180446","DxgKrnl","10011","정보",,""
"11:09:40.7180930","DxgKrnl","10011","정보",,""
"11:09:40.7203585","DxgKrnl","10011","정보",,""
"11:09:40.7204139","DxgKrnl","10011","정보",,""
"11:09:40.7232422","DxgKrnl","10011","정보",,""
"11:09:40.7239432","DxgKrnl","10011","정보",,""
"11:09:40.7239990","DxgKrnl","10011","정보",,""
"11:09:40.7253692","DxgKrnl","10011","정보",,""
"11:09:40.7254100","DxgKrnl","10011","정보",,""
"11:09:40.8120883","DxgKrnl","10011","정보",,""
"11:09:40.8121849","DxgKrnl","10011","정보",,""
"11:09:40.8121883","DxgKrnl","10011","정보",,""
"11:09:40.8122499","DxgKrnl","10011","정보",,""
"11:09:40.8131962","DxgKrnl","10011","정보",,""
"11:09:40.8132438","DxgKrnl","10011","정보",,""
"11:09:40.8154334","DxgKrnl","10011","정보",,""
"11:09:40.8161259","DxgKrnl","10011","정보",,""
"11:09:40.8176300","DxgKrnl","10011","정보",,""
"11:09:40.8176936","DxgKrnl","10011","정보",,""
"11:09:40.8196438","DxgKrnl","10011","정보",,""
"11:09:40.8197515","DxgKrnl","10011","정보",,""
"11:09:40.9780328","DxgKrnl","10011","정보",,""
"11:09:40.9780699","DxgKrnl","10011","정보",,""
"11:09:40.9782050","DxgKrnl","10011","정보",,""
"11:09:40.9795804","DxgKrnl","10011","정보",,""
"11:09:40.9802305","DxgKrnl","10011","정보",,""
"11:09:40.9806573","DxgKrnl","10011","정보",,""
"11:09:40.9806698","DxgKrnl","10011","정보",,""
"11:09:40.9806706","DxgKrnl","10011","정보",,""
"11:09:40.9807725","DxgKrnl","10011","정보",,""
"11:09:40.9823767","DxgKrnl","10011","정보",,""
"11:09:40.9824330","DxgKrnl","10011","정보",,""
"11:09:40.9824336","DxgKrnl","10011","정보",,""
"11:09:40.9839084","DxgKrnl","10011","정보",,""
"11:09:40.9844458","DxgKrnl","10011","정보",,""
"11:09:40.9844873","DxgKrnl","10011","정보",,""
"11:09:41.0179255","DxgKrnl","10011","정보",,""
"11:09:41.0186505","DxgKrnl","10011","정보",,""
"11:09:41.0259137","DxgKrnl","10011","정보",,""
"11:09:41.0259607","DxgKrnl","10011","정보",,""
"11:09:43.9639870","DxgKrnl","10011","정보",,""
"11:09:44.1964201","Kernel-PnP","220","시작",,"Begin querying bus relations for device PCI\VEN_1002&DEV_7550&SUBSYS_E4891DA2&REV_C0\6&8916a45&0&00000009"
"11:09:44.1964979","DxgKrnl","10011","정보",,""
"11:09:44.1966745","DxgKrnl","10011","정보",,""
"11:09:44.1967263","DxgKrnl","10011","정보",,""
"11:09:44.1971789","DxgKrnl","10011","정보",,""
"11:09:44.1978292","DxgKrnl","10011","정보",,""
"11:09:44.1979882","DxgKrnl","10011","정보",,""
"11:09:44.1980504","DxgKrnl","10011","정보",,""
"11:09:44.1995336","DxgKrnl","10011","정보",,""
"11:09:44.1995880","DxgKrnl","10011","정보",,""
"11:09:44.2038339","Kernel-PnP","222","시작",,"End querying bus relations for device PCI\VEN_1002&DEV_7550&SUBSYS_E4891DA2&REV_C0\6&8916a45&0&00000009"
"11:09:44.2038978","Kernel-PnP","220","시작",,"Begin querying bus relations for device SWD\DRIVERENUM\AMDCP&7&16b8ddb4&0"
"11:09:44.2038996","Kernel-PnP","222","시작",,"End querying bus relations for device SWD\DRIVERENUM\AMDCP&7&16b8ddb4&0"
"11:09:44.2039052","Kernel-PnP","220","시작",,"Begin querying bus relations for device SWD\DRIVERENUM\AMDFDANS&7&16b8ddb4&0"
"11:09:44.2039060","Kernel-PnP","222","시작",,"End querying bus relations for device SWD\DRIVERENUM\AMDFDANS&7&16b8ddb4&0"
"11:09:44.2039171","Kernel-PnP","220","시작",,"Begin querying bus relations for device SWD\DRIVERENUM\AMDOCL&7&16b8ddb4&0"
"11:09:44.2039182","Kernel-PnP","222","시작",,"End querying bus relations for device SWD\DRIVERENUM\AMDOCL&7&16b8ddb4&0"
"11:09:44.2039244","Kernel-PnP","220","시작",,"Begin querying bus relations for device SWD\DRIVERENUM\AMDOGL&7&16b8ddb4&0"
"11:09:44.2039252","Kernel-PnP","222","시작",,"End querying bus relations for device SWD\DRIVERENUM\AMDOGL&7&16b8ddb4&0"
"11:09:44.2039287","Kernel-PnP","220","시작",,"Begin querying bus relations for device SWD\DRIVERENUM\AMDVLK&7&16b8ddb4&0"
"11:09:44.2039294","Kernel-PnP","222","시작",,"End querying bus relations for device SWD\DRIVERENUM\AMDVLK&7&16b8ddb4&0"
"11:09:44.2039339","Kernel-PnP","220","시작",,"Begin querying bus relations for device SWD\DRIVERENUM\AMDWIN&7&16b8ddb4&0"
"11:09:44.2039346","Kernel-PnP","222","시작",,"End querying bus relations for device SWD\DRIVERENUM\AMDWIN&7&16b8ddb4&0"
"11:09:44.2039399","Kernel-PnP","220","시작",,"Begin querying bus relations for device DISPLAY\BBC0104\7&16b8ddb4&0&UID265"
"11:09:44.2039454","Kernel-PnP","222","시작",,"End querying bus relations for device DISPLAY\BBC0104\7&16b8ddb4&0&UID265"
"11:09:44.2039512","Kernel-PnP","220","시작",,"Begin querying bus relations for device DISPLAY\SAM79DF\7&16b8ddb4&0&UID256"
"11:09:44.2039535","Kernel-PnP","222","시작",,"End querying bus relations for device DISPLAY\SAM79DF\7&16b8ddb4&0&UID256"
"11:09:44.2073475","DxgKrnl","10011","정보",,""
"11:09:44.2074078","DxgKrnl","10011","정보",,""
"11:09:44.2075352","DxgKrnl","10011","정보",,""
"11:09:44.2075421","DxgKrnl","10011","정보",,""
"11:09:44.2075461","DxgKrnl","10011","정보",,""
"11:09:44.2076557","Kernel-PnP","808","시작",,"End device add, status (STATUS_SUCCESS)"
"11:09:44.2112558","DxgKrnl","10011","정보",,""
"11:09:44.2113610","DxgKrnl","10011","정보",,""
"11:09:44.2114081","Kernel-PnP","220","시작",,"Begin querying bus relations for device DISPLAY\SAM7B0C\7&16b8ddb4&0&UID260"
"11:09:44.2114112","Kernel-PnP","222","시작",,"End querying bus relations for device DISPLAY\SAM7B0C\7&16b8ddb4&0&UID260"
"11:09:44.2117077","DxgKrnl","10011","정보",,""
"11:09:44.2321233","DxgKrnl","10011","정보",,""
"11:09:44.2321976","DxgKrnl","10011","정보",,""
"11:09:44.2322449","DxgKrnl","10011","정보",,""
"11:09:44.2337042","DxgKrnl","10011","정보",,""
"11:09:44.2337583","DxgKrnl","10011","정보",,""
"11:09:44.2338946","DxgKrnl","10011","정보",,""
"11:09:44.2339610","DxgKrnl","10011","정보",,""
"11:09:44.2339620","DxgKrnl","10011","정보",,""
"11:09:44.2340171","DxgKrnl","10011","정보",,""
"11:09:44.2340191","DxgKrnl","10011","정보",,""
"11:09:44.2340725","DxgKrnl","10011","정보",,""
"11:09:44.2340781","DxgKrnl","10011","정보",,""
"11:09:44.2341316","DxgKrnl","10011","정보",,""
"11:09:44.2361368","DxgKrnl","10011","정보",,""
"11:09:44.2362366","DxgKrnl","10011","정보",,""
"11:09:44.2362620","DxgKrnl","10011","정보",,""
"11:09:44.2363131","DxgKrnl","10011","정보",,""
"11:09:44.2364878","DxgKrnl","10011","정보",,""
"11:09:44.2364956","DxgKrnl","10011","정보",,""
"11:09:44.2385460","DxgKrnl","10011","정보",,""
"11:09:44.2386293","DxgKrnl","10011","정보",,""
"11:09:44.2448494","DxgKrnl","10011","정보",,""
"11:09:44.2449331","DxgKrnl","10011","정보",,""
"11:09:44.2449338","DxgKrnl","10011","정보",,""
"11:09:44.2449866","DxgKrnl","10011","정보",,""
"11:09:44.2449878","DxgKrnl","10011","정보",,""
"11:09:44.2450562","DxgKrnl","10011","정보",,""
"11:09:44.2450619","DxgKrnl","10011","정보",,""
"11:09:44.2451130","DxgKrnl","10011","정보",,""
"11:09:44.2454973","DxgKrnl","10011","정보",,""
"11:09:44.2455522","DxgKrnl","10011","정보",,""
"11:09:44.2508513","DxgKrnl","10011","정보",,""
"11:09:44.2509152","DxgKrnl","10011","정보",,""
"11:09:44.2576106","DxgKrnl","10011","정보",,""
"11:09:44.2581333","DxgKrnl","10011","정보",,""
"11:09:44.2621021","DxgKrnl","10011","정보",,""
"11:09:44.2621542","DxgKrnl","10011","정보",,""
"11:09:44.2622230","DxgKrnl","10011","정보",,""
"11:09:44.2622267","DxgKrnl","10011","정보",,""
"11:09:44.2622290","DxgKrnl","10011","정보",,""
"11:09:44.2666681","DxgKrnl","10011","정보",,""
"11:09:44.2667322","DxgKrnl","10011","정보",,""
"11:09:44.2695833","DxgKrnl","10011","정보",,""
"11:09:44.2696433","DxgKrnl","10011","정보",,""
"11:09:44.2696753","DxgKrnl","10011","정보",,""
"11:09:44.2698011","DxgKrnl","10011","정보",,""
"11:09:44.2698031","DxgKrnl","10011","정보",,""
"11:09:44.2700363","DxgKrnl","10011","정보",,""
"11:09:44.2700430","DxgKrnl","10011","정보",,""
"11:09:44.2701001","DxgKrnl","10011","정보",,""
"11:09:44.2702588","DxgKrnl","10011","정보",,""
"11:09:44.2702593","DxgKrnl","10011","정보",,""
"11:09:44.2702695","DxgKrnl","10011","정보",,""
"11:09:44.2763664","DxgKrnl","10011","정보",,""
"11:09:44.2764544","DxgKrnl","10011","정보",,""
"11:09:44.2829049","DxgKrnl","10011","정보",,""
"11:09:44.2829977","DxgKrnl","10011","정보",,""
"11:09:44.4524443","DxgKrnl","10011","정보",,""
"11:09:44.4530764","DxgKrnl","10011","정보",,""
"11:09:44.4550590","DxgKrnl","10011","정보",,""
"11:09:44.4552282","DxgKrnl","10011","정보",,""
"11:09:44.4559298","DxgKrnl","10011","정보",,""
"11:09:44.4562665","DxgKrnl","10011","정보",,""
"11:09:44.4563506","DxgKrnl","10011","정보",,""
"11:09:44.4565321","DxgKrnl","10011","정보",,""
"11:09:44.4566234","DxgKrnl","10011","정보",,""
"11:09:44.4593470","DxgKrnl","10011","정보",,""
"11:09:44.4610399","DxgKrnl","10011","정보",,""
"11:09:44.4610533","DxgKrnl","10011","정보",,""
"11:09:44.4610541","DxgKrnl","10011","정보",,""
"11:09:44.4611993","DxgKrnl","10011","정보",,""
"11:09:44.4613268","DxgKrnl","10011","정보",,""
"11:09:44.4616123","DxgKrnl","10011","정보",,""
"11:09:44.4617665","DxgKrnl","10011","정보",,""
"11:09:44.4713144","DxgKrnl","10011","정보",,""
"11:09:44.4713643","DxgKrnl","10011","정보",,""
"11:09:44.4716375","DxgKrnl","10011","정보",,""
"11:09:44.4718026","DxgKrnl","10011","정보",,""
"11:09:44.4718848","DxgKrnl","10011","정보",,""
"11:09:44.4747090","DxgKrnl","10011","정보",,""
"11:09:44.4760939","DxgKrnl","10011","정보",,""
"11:09:44.4761074","DxgKrnl","10011","정보",,""
"11:09:44.4761081","DxgKrnl","10011","정보",,""
"11:09:44.4763598","DxgKrnl","10011","정보",,""
"11:09:44.4766007","DxgKrnl","10011","정보",,""
"11:09:44.4790390","DxgKrnl","10011","정보",,""
"11:09:44.4791132","DxgKrnl","10011","정보",,""
"11:09:44.4811513","DxgKrnl","10011","정보",,""
"11:09:44.4818766","DxgKrnl","10011","정보",,""
"11:09:44.4976470","DxgKrnl","10011","정보",,""
"11:09:44.4977178","DxgKrnl","10011","정보",,""
"11:09:44.7204935","DxgKrnl","10011","정보",,""
"11:09:44.7205813","DxgKrnl","10011","정보",,""
"11:09:44.7205821","DxgKrnl","10011","정보",,""
"11:09:44.7206398","DxgKrnl","10011","정보",,""
"11:09:44.7206411","DxgKrnl","10011","정보",,""
"11:09:44.7207013","DxgKrnl","10011","정보",,""
"11:09:44.7207174","DxgKrnl","10011","정보",,""
"11:09:44.7207720","DxgKrnl","10011","정보",,""
"11:10:33.9861322","Kernel-PnP","220","시작",,"Begin querying bus relations for device PCI\VEN_1002&DEV_7550&SUBSYS_E4891DA2&REV_C0\6&8916a45&0&00000009"
"11:10:33.9864350","DxgKrnl","10011","정보",,""
"11:10:34.0250255","DxgKrnl","10011","정보",,""
"11:10:34.0250776","Kernel-PnP","222","시작",,"End querying bus relations for device PCI\VEN_1002&DEV_7550&SUBSYS_E4891DA2&REV_C0\6&8916a45&0&00000009"
"11:10:34.0252160","DxgKrnl","10011","정보",,""
"11:10:34.0252320","DxgKrnl","10011","정보",,""
"11:10:34.0253397","Kernel-PnP","1010","시작",,"버스에 누락 된 것으로 보고 된 장치 DISPLAY\SAM7B0C\7&16b8ddb4&0&UID260이 (가) 제거 되었습니다. 제거 된 장치 수 | 개수: 1"
"11:10:34.0258746","Kernel-PnP","220","시작",,"Begin querying bus relations for device SWD\DRIVERENUM\AMDCP&7&16b8ddb4&0"
"11:10:34.0258783","Kernel-PnP","222","시작",,"End querying bus relations for device SWD\DRIVERENUM\AMDCP&7&16b8ddb4&0"
"11:10:34.0258912","Kernel-PnP","220","시작",,"Begin querying bus relations for device SWD\DRIVERENUM\AMDFDANS&7&16b8ddb4&0"
"11:10:34.0258921","Kernel-PnP","222","시작",,"End querying bus relations for device SWD\DRIVERENUM\AMDFDANS&7&16b8ddb4&0"
"11:10:34.0258997","Kernel-PnP","220","시작",,"Begin querying bus relations for device SWD\DRIVERENUM\AMDOCL&7&16b8ddb4&0"
"11:10:34.0259004","Kernel-PnP","222","시작",,"End querying bus relations for device SWD\DRIVERENUM\AMDOCL&7&16b8ddb4&0"
"11:10:34.0259062","Kernel-PnP","220","시작",,"Begin querying bus relations for device SWD\DRIVERENUM\AMDOGL&7&16b8ddb4&0"
"11:10:34.0259070","Kernel-PnP","222","시작",,"End querying bus relations for device SWD\DRIVERENUM\AMDOGL&7&16b8ddb4&0"
"11:10:34.0259138","Kernel-PnP","220","시작",,"Begin querying bus relations for device SWD\DRIVERENUM\AMDVLK&7&16b8ddb4&0"
"11:10:34.0259146","Kernel-PnP","222","시작",,"End querying bus relations for device SWD\DRIVERENUM\AMDVLK&7&16b8ddb4&0"
"11:10:34.0259217","Kernel-PnP","220","시작",,"Begin querying bus relations for device SWD\DRIVERENUM\AMDWIN&7&16b8ddb4&0"
"11:10:34.0259225","Kernel-PnP","222","시작",,"End querying bus relations for device SWD\DRIVERENUM\AMDWIN&7&16b8ddb4&0"
"11:10:34.0259283","Kernel-PnP","220","시작",,"Begin querying bus relations for device DISPLAY\BBC0104\7&16b8ddb4&0&UID265"
"11:10:34.0259336","Kernel-PnP","222","시작",,"End querying bus relations for device DISPLAY\BBC0104\7&16b8ddb4&0&UID265"
"11:10:34.0259392","Kernel-PnP","220","시작",,"Begin querying bus relations for device DISPLAY\SAM79DF\7&16b8ddb4&0&UID256"
"11:10:34.0259424","Kernel-PnP","222","시작",,"End querying bus relations for device DISPLAY\SAM79DF\7&16b8ddb4&0&UID256"
"11:10:34.0271268","Kernel-PnP","808","시작",,"End device add, status (STATUS_SUCCESS)"
"11:10:34.0275389","Kernel-PnP","220","시작",,"Begin querying bus relations for device DISPLAY\Default_Monitor\7&16b8ddb4&0&UID260"
"11:10:34.0275437","Kernel-PnP","222","시작",,"End querying bus relations for device DISPLAY\Default_Monitor\7&16b8ddb4&0&UID260"
"11:10:34.0277124","DxgKrnl","10011","정보",,""
"11:10:34.0279175","DxgKrnl","10011","정보",,""
"11:10:34.0280175","DxgKrnl","10011","정보",,""
"11:10:34.0287468","DxgKrnl","10011","정보",,""
"11:10:34.0288371","DxgKrnl","10011","정보",,""
"11:10:34.0306169","DxgKrnl","10011","정보",,""
"11:10:34.0306877","DxgKrnl","10011","정보",,""
"11:10:34.0449338","DxgKrnl","10011","정보",,""
"11:10:34.0449720","DxgKrnl","10011","정보",,""
"11:10:34.0450445","DxgKrnl","10011","정보",,""
"11:10:34.0450494","DxgKrnl","10011","정보",,""
"11:10:34.0450518","DxgKrnl","10011","정보",,""
"11:10:34.0476194","DxgKrnl","10011","정보",,""
"11:10:34.0476879","DxgKrnl","10011","정보",,""
"11:10:34.1480332","DxgKrnl","10011","정보",,""
"11:10:34.1481354","DxgKrnl","10011","정보",,""
"11:10:34.1481839","DxgKrnl","10011","정보",,""
"11:10:34.1494462","DxgKrnl","10011","정보",,""
"11:10:34.1495119","DxgKrnl","10011","정보",,""
"11:10:34.1496521","DxgKrnl","10011","정보",,""
"11:10:34.1497317","DxgKrnl","10011","정보",,""
"11:10:34.1497332","DxgKrnl","10011","정보",,""
"11:10:34.1497994","DxgKrnl","10011","정보",,""
"11:10:34.1498010","DxgKrnl","10011","정보",,""
"11:10:34.1498736","DxgKrnl","10011","정보",,""
"11:10:34.1498759","DxgKrnl","10011","정보",,""
"11:10:34.1499461","DxgKrnl","10011","정보",,""
"11:10:34.1499523","DxgKrnl","10011","정보",,""
"11:10:34.1500236","DxgKrnl","10011","정보",,""
"11:10:34.1500270","DxgKrnl","10011","정보",,""
"11:10:34.1500922","DxgKrnl","10011","정보",,""
"11:10:34.1520822","DxgKrnl","10011","정보",,""
"11:10:34.1521032","DxgKrnl","10011","정보",,""
"11:10:34.1521977","DxgKrnl","10011","정보",,""
"11:10:34.1522910","DxgKrnl","10011","정보",,""
"11:10:34.1560157","DxgKrnl","10011","정보",,""
"11:10:34.1560945","DxgKrnl","10011","정보",,""
"11:10:34.1765704","DxgKrnl","10011","정보",,""
"11:10:34.1766550","DxgKrnl","10011","정보",,""
"11:10:34.1766567","DxgKrnl","10011","정보",,""
"11:10:34.1767287","DxgKrnl","10011","정보",,""
"11:10:34.1767306","DxgKrnl","10011","정보",,""
"11:10:34.1767980","DxgKrnl","10011","정보",,""
"11:10:34.1767997","DxgKrnl","10011","정보",,""
"11:10:34.1768699","DxgKrnl","10011","정보",,""
"11:10:34.1768766","DxgKrnl","10011","정보",,""
"11:10:34.1769464","DxgKrnl","10011","정보",,""
"11:10:34.1769494","DxgKrnl","10011","정보",,""
"11:10:34.1770227","DxgKrnl","10011","정보",,""
"11:10:34.1776077","DxgKrnl","10011","정보",,""
"11:10:34.1776792","DxgKrnl","10011","정보",,""
"11:10:34.1809849","DxgKrnl","10011","정보",,""
"11:10:34.1819776","DxgKrnl","10011","정보",,""
"11:10:34.1857324","DxgKrnl","10011","정보",,""
"11:10:34.1858489","DxgKrnl","10011","정보",,""
"11:10:34.1908666","DxgKrnl","10011","정보",,""
"11:10:34.1909948","DxgKrnl","10011","정보",,""
"11:10:34.2319498","Kernel-PnP","220","시작",,"Begin querying bus relations for device PCI\VEN_1002&DEV_7550&SUBSYS_E4891DA2&REV_C0\6&8916a45&0&00000009"
"11:10:34.2892024","Kernel-PnP","222","시작",,"End querying bus relations for device PCI\VEN_1002&DEV_7550&SUBSYS_E4891DA2&REV_C0\6&8916a45&0&00000009"
"11:10:34.2894733","Kernel-PnP","1010","시작",,"버스에 누락 된 것으로 보고 된 장치 DISPLAY\Default_Monitor\7&16b8ddb4&0&UID260이 (가) 제거 되었습니다. 제거 된 장치 수 | 개수: 1"
"11:10:34.2902108","DxgKrnl","10011","정보",,""
"11:10:34.2903275","DxgKrnl","10011","정보",,""
"11:10:34.2903489","Kernel-PnP","220","시작",,"Begin querying bus relations for device SWD\DRIVERENUM\AMDCP&7&16b8ddb4&0"
"11:10:34.2903515","Kernel-PnP","222","시작",,"End querying bus relations for device SWD\DRIVERENUM\AMDCP&7&16b8ddb4&0"
"11:10:34.2903636","Kernel-PnP","220","시작",,"Begin querying bus relations for device SWD\DRIVERENUM\AMDFDANS&7&16b8ddb4&0"
"11:10:34.2903647","Kernel-PnP","222","시작",,"End querying bus relations for device SWD\DRIVERENUM\AMDFDANS&7&16b8ddb4&0"
"11:10:34.2903708","Kernel-PnP","220","시작",,"Begin querying bus relations for device SWD\DRIVERENUM\AMDOCL&7&16b8ddb4&0"
"11:10:34.2903717","Kernel-PnP","222","시작",,"End querying bus relations for device SWD\DRIVERENUM\AMDOCL&7&16b8ddb4&0"
"11:10:34.2903770","Kernel-PnP","220","시작",,"Begin querying bus relations for device SWD\DRIVERENUM\AMDOGL&7&16b8ddb4&0"
"11:10:34.2903779","Kernel-PnP","222","시작",,"End querying bus relations for device SWD\DRIVERENUM\AMDOGL&7&16b8ddb4&0"
"11:10:34.2903877","Kernel-PnP","220","시작",,"Begin querying bus relations for device SWD\DRIVERENUM\AMDVLK&7&16b8ddb4&0"
"11:10:34.2903886","Kernel-PnP","222","시작",,"End querying bus relations for device SWD\DRIVERENUM\AMDVLK&7&16b8ddb4&0"
"11:10:34.2903944","Kernel-PnP","220","시작",,"Begin querying bus relations for device SWD\DRIVERENUM\AMDWIN&7&16b8ddb4&0"
"11:10:34.2903952","Kernel-PnP","222","시작",,"End querying bus relations for device SWD\DRIVERENUM\AMDWIN&7&16b8ddb4&0"
"11:10:34.2904010","Kernel-PnP","220","시작",,"Begin querying bus relations for device DISPLAY\BBC0104\7&16b8ddb4&0&UID265"
"11:10:34.2904073","Kernel-PnP","222","시작",,"End querying bus relations for device DISPLAY\BBC0104\7&16b8ddb4&0&UID265"
"11:10:34.2904131","Kernel-PnP","220","시작",,"Begin querying bus relations for device DISPLAY\SAM79DF\7&16b8ddb4&0&UID256"
"11:10:34.2904164","Kernel-PnP","222","시작",,"End querying bus relations for device DISPLAY\SAM79DF\7&16b8ddb4&0&UID256"
"11:10:34.3175760","DxgKrnl","10011","정보",,""
"11:10:34.3177558","DxgKrnl","10011","정보",,""
"11:10:34.3180307","DxgKrnl","10011","정보",,""
"11:10:34.3186157","DxgKrnl","10011","정보",,""
"11:10:34.3187359","DxgKrnl","10011","정보",,""
"11:10:34.3187885","DxgKrnl","10011","정보",,""
"11:10:34.3188199","DxgKrnl","10011","정보",,""
"11:10:34.3189298","DxgKrnl","10011","정보",,""
"11:10:34.3189937","DxgKrnl","10011","정보",,""
"11:10:34.3190245","DxgKrnl","10011","정보",,""
"11:10:34.3190304","DxgKrnl","10011","정보",,""
"11:10:34.3192932","DxgKrnl","10011","정보",,""
"11:10:34.3192935","DxgKrnl","10011","정보",,""
"11:10:34.3200542","DxgKrnl","10011","정보",,""
"11:10:34.3201347","DxgKrnl","10011","정보",,""
"11:10:34.3201868","DxgKrnl","10011","정보",,""
"11:10:34.3207562","DxgKrnl","10011","정보",,""
"11:10:34.3210801","DxgKrnl","10011","정보",,""
"11:10:34.3211834","DxgKrnl","10011","정보",,""
"11:10:34.3214077","DxgKrnl","10011","정보",,""
"11:10:34.3214249","DxgKrnl","10011","정보",,""
"11:10:34.3216249","DxgKrnl","10011","정보",,""
"11:10:34.3216281","DxgKrnl","10011","정보",,""
"11:10:34.3309230","DxgKrnl","10011","정보",,""
"11:10:34.3310856","DxgKrnl","10011","정보",,""
"11:10:34.3355564","DxgKrnl","10011","정보",,""
"11:10:34.3358608","DxgKrnl","10011","정보",,""
"11:10:34.3375436","DxgKrnl","10011","정보",,""
"11:10:34.3379371","DxgKrnl","10011","정보",,""
"11:10:34.3400671","DxgKrnl","10011","정보",,""
"11:10:34.3400863","DxgKrnl","10011","정보",,""
"11:10:34.3400934","DxgKrnl","10011","정보",,""
"11:10:34.3403941","DxgKrnl","10011","정보",,""
"11:10:34.3404038","DxgKrnl","10011","정보",,""
"11:10:34.3404081","DxgKrnl","10011","정보",,""
"11:10:34.3443267","DxgKrnl","10011","정보",,""
"11:10:34.3447520","DxgKrnl","10011","정보",,""
"11:10:34.3452100","DxgKrnl","10011","정보",,""
"11:10:34.3461644","DxgKrnl","10011","정보",,""
"11:10:34.3462569","DxgKrnl","10011","정보",,""
"11:10:34.3463434","DxgKrnl","10011","정보",,""
"11:10:34.3465110","DxgKrnl","10011","정보",,""
"11:10:34.3467672","DxgKrnl","10011","정보",,""
"11:10:34.3497635","DxgKrnl","10011","정보",,""
"11:10:34.3497758","DxgKrnl","10011","정보",,""
"11:10:34.3497843","DxgKrnl","10011","정보",,""
"11:10:34.3497850","DxgKrnl","10011","정보",,""
"11:10:34.3506090","DxgKrnl","10011","정보",,""
"11:10:34.3507031","DxgKrnl","10011","정보",,""
"11:10:34.3588009","DxgKrnl","10011","정보",,""
"11:10:34.3589088","DxgKrnl","10011","정보",,""
"11:10:34.3589110","DxgKrnl","10011","정보",,""
"11:10:34.3591112","DxgKrnl","10011","정보",,""
"11:10:34.3591139","DxgKrnl","10011","정보",,""
"11:10:34.3601065","DxgKrnl","10011","정보",,""
"11:10:34.3601443","DxgKrnl","10011","정보",,""
"11:10:34.3602351","DxgKrnl","10011","정보",,""
"11:10:34.3602405","DxgKrnl","10011","정보",,""
"11:10:34.3602428","DxgKrnl","10011","정보",,""
"11:10:34.3605616","DxgKrnl","10011","정보",,""
"11:10:34.3606368","DxgKrnl","10011","정보",,""
"11:10:34.3751095","DxgKrnl","10011","정보",,""
"11:10:34.3852615","DxgKrnl","10011","정보",,""
"11:10:34.3853518","DxgKrnl","10011","정보",,""
"11:10:34.3854258","DxgKrnl","10011","정보",,""
"11:10:34.3859417","DxgKrnl","10011","정보",,""
"11:10:34.3859729","DxgKrnl","10011","정보",,""
"11:10:34.3860413","DxgKrnl","10011","정보",,""
"11:10:34.3860750","DxgKrnl","10011","정보",,""
"11:10:34.3860767","DxgKrnl","10011","정보",,""
"11:10:34.3861068","DxgKrnl","10011","정보",,""
"11:10:34.3880544","DxgKrnl","10011","정보",,""
"11:10:34.3880564","DxgKrnl","10011","정보",,""
"11:10:34.3881863","DxgKrnl","10011","정보",,""
"11:10:34.3881999","DxgKrnl","10011","정보",,""
"11:10:34.3918311","DxgKrnl","10011","정보",,""
"11:10:34.3922595","DxgKrnl","10011","정보",,""
"11:10:34.3922736","DxgKrnl","10011","정보",,""
"11:10:34.3922745","DxgKrnl","10011","정보",,""
"11:10:34.3928584","DxgKrnl","10011","정보",,""
"11:10:34.3929331","DxgKrnl","10011","정보",,""
"11:10:34.3934670","DxgKrnl","10011","정보",,""
"11:10:34.3935219","DxgKrnl","10011","정보",,""
"11:10:34.4103684","DxgKrnl","10011","정보",,""
"11:10:34.4104402","DxgKrnl","10011","정보",,""
"11:10:34.4104429","DxgKrnl","10011","정보",,""
"11:10:34.4104904","DxgKrnl","10011","정보",,""
"11:10:34.4111434","DxgKrnl","10011","정보",,""
"11:10:34.4111784","DxgKrnl","10011","정보",,""
"11:10:34.4152554","DxgKrnl","10011","정보",,""
"11:10:34.4159407","DxgKrnl","10011","정보",,""
"11:10:34.4162648","DxgKrnl","10011","정보",,""
"11:10:34.4168319","DxgKrnl","10011","정보",,""
"11:10:34.4170382","DxgKrnl","10011","정보",,""
"11:10:34.4174622","DxgKrnl","10011","정보",,""
"11:10:34.4188572","DxgKrnl","10011","정보",,""
"11:10:34.4189080","DxgKrnl","10011","정보",,""
"11:10:34.6611254","DxgKrnl","10011","정보",,""
"11:10:34.6615333","DxgKrnl","10011","정보",,""
"11:10:34.6621602","DxgKrnl","10011","정보",,""
"11:10:34.6622204","DxgKrnl","10011","정보",,""
"11:10:34.6627125","DxgKrnl","10011","정보",,""
"11:10:34.6627694","DxgKrnl","10011","정보",,""
"11:10:34.7196133","DxgKrnl","10011","정보",,""
"11:10:34.7203496","DxgKrnl","10011","정보",,""
"11:10:34.7268646","DxgKrnl","10011","정보",,""
"11:10:34.7269099","DxgKrnl","10011","정보",,""
"11:10:37.0131077","DxgKrnl","10011","정보",,""
"11:10:37.0131160","DxgKrnl","10011","정보",,""
"11:10:37.0131167","DxgKrnl","10011","정보",,""
"11:10:37.0131171","DxgKrnl","10011","정보",,""
"11:10:37.0131177","DxgKrnl","10011","정보",,""
"11:10:37.0131181","DxgKrnl","10011","정보",,""
"11:10:37.0131186","DxgKrnl","10011","정보",,""
"11:10:37.0131190","DxgKrnl","10011","정보",,""
"11:10:37.0131195","DxgKrnl","10011","정보",,""
"11:10:37.0131200","DxgKrnl","10011","정보",,""
"11:10:37.0131204","DxgKrnl","10011","정보",,""
"11:10:37.0729969","DxgKrnl","10011","정보",,""
"11:10:37.0730032","DxgKrnl","10011","정보",,""
"11:10:37.0730673","DxgKrnl","10011","정보",,""
"11:10:37.0731009","DxgKrnl","10011","정보",,""
"11:10:37.0731068","DxgKrnl","10011","정보",,""
"11:10:37.1401207","DxgKrnl","10011","정보",,""
"11:10:37.1401272","DxgKrnl","10011","정보",,""
"11:10:37.1401600","DxgKrnl","10011","정보",,""
"11:10:37.1405387","DxgKrnl","10011","정보",,""
"11:10:37.1405404","DxgKrnl","10011","정보",,""
"11:10:37.1405498","DxgKrnl","10011","정보",,""
"11:10:37.1405509","DxgKrnl","10011","정보",,""
"11:10:37.1796510","DxgKrnl","10011","정보",,""
"11:10:37.1796553","DxgKrnl","10011","정보",,""
"11:10:37.7281092","DxgKrnl","10011","정보",,""
"11:10:37.7305721","DxgKrnl","10011","정보",,""
"11:10:37.7305828","DxgKrnl","10011","정보",,""
"11:10:37.7305840","DxgKrnl","10011","정보",,""
"11:10:37.7305845","DxgKrnl","10011","정보",,""
"11:10:37.7305856","DxgKrnl","10011","정보",,""
"11:10:37.7305895","DxgKrnl","10011","정보",,""
"11:10:37.7315921","DxgKrnl","10011","정보",,""
"11:10:37.7316003","DxgKrnl","10011","정보",,""
"11:10:37.8739487","DxgKrnl","10011","정보",,""
"11:10:37.8766488","DxgKrnl","10011","정보",,""
"11:10:37.8766586","DxgKrnl","10011","정보",,""
"11:10:37.8795453","DxgKrnl","10011","정보",,""
"11:10:37.8795583","DxgKrnl","10011","정보",,""
"11:10:37.8808908","DxgKrnl","10011","정보",,""
"11:10:37.8809243","DxgKrnl","10011","정보",,""
"11:10:37.8809350","DxgKrnl","10011","정보",,""
"11:10:37.8809391","DxgKrnl","10011","정보",,""
"11:10:37.8809414","DxgKrnl","10011","정보",,""
"11:10:37.8810133","DxgKrnl","10011","정보",,""
"11:10:37.8810187","DxgKrnl","10011","정보",,""
"11:10:37.8817319","Kernel-PnP","220","시작",,"Begin querying bus relations for device ROOT\BasicDisplay\0000"
"11:10:37.8817383","Kernel-PnP","222","시작",,"End querying bus relations for device ROOT\BasicDisplay\0000"
"11:10:37.8837387","DxgKrnl","10011","정보",,""
"11:10:37.8837809","DxgKrnl","10011","정보",,""
"11:10:37.8838492","DxgKrnl","10011","정보",,""
"11:10:37.8838939","DxgKrnl","10011","정보",,""
"11:10:37.8839059","DxgKrnl","10011","정보",,""
"11:10:37.8839819","DxgKrnl","10011","정보",,""
"11:10:37.8840003","DxgKrnl","10011","정보",,""
"11:10:37.8840025","DxgKrnl","10011","정보",,""
"11:10:37.8840133","DxgKrnl","10011","정보",,""
"11:10:37.8923728","Kernel-PnP","808","시작",,"End device add, status (STATUS_SUCCESS)"
"11:10:37.8926631","Kernel-PnP","220","시작",,"Begin querying bus relations for device DISPLAY\Default_Monitor\1&8713bca&0&UID0"
"11:10:37.8926658","Kernel-PnP","222","시작",,"End querying bus relations for device DISPLAY\Default_Monitor\1&8713bca&0&UID0"
"11:10:37.8929837","DxgKrnl","10011","정보",,""
"11:10:37.9232109","DxgKrnl","10011","정보",,""
"11:10:37.9232111","DxgKrnl","10011","정보",,""
"11:10:37.9232666","DxgKrnl","10011","정보",,""
"11:10:37.9232671","DxgKrnl","10011","정보",,""
"11:10:37.9253671","DxgKrnl","10011","정보",,""
"11:10:37.9260536","DxgKrnl","10011","정보",,""
"11:10:37.9297197","DxgKrnl","10011","정보",,""
"11:10:37.9297492","DxgKrnl","10011","정보",,""
"11:10:37.9872837","DxgKrnl","10011","정보",,""
"11:10:37.9873000","DxgKrnl","10011","정보",,""
"11:10:37.9921919","DxgKrnl","10011","정보",,""
"11:10:37.9922152","DxgKrnl","10011","정보",,""
"11:10:37.9981959","DxgKrnl","10011","정보",,""
"11:10:37.9982756","DxgKrnl","10011","정보",,""
"11:10:37.9983005","DxgKrnl","10011","정보",,""
"11:10:37.9984179","DxgKrnl","10011","정보",,""
"11:10:37.9989808","DxgKrnl","10011","정보",,""
"11:10:37.9990032","DxgKrnl","10011","정보",,""
"11:10:37.9990073","DxgKrnl","10011","정보",,""
"11:10:37.9990085","DxgKrnl","10011","정보",,""
"11:10:37.9990956","DxgKrnl","10011","정보",,""
"11:10:37.9991050","DxgKrnl","10011","정보",,""
"11:10:38.0003422","DxgKrnl","10011","정보",,""
"11:10:38.0003513","DxgKrnl","10011","정보",,""
"11:10:38.0003851","DxgKrnl","10011","정보",,""
"11:10:38.0005052","DxgKrnl","10011","정보",,""
"11:10:38.0005268","DxgKrnl","10011","정보",,""
"11:10:38.0005286","DxgKrnl","10011","정보",,""
"11:10:38.0005441","DxgKrnl","10011","정보",,""
"11:10:38.0005605","DxgKrnl","10011","정보",,""
"11:10:38.0005620","DxgKrnl","10011","정보",,""
"11:10:38.0017506","DxgKrnl","10011","정보",,""
"11:10:38.0017878","DxgKrnl","10011","정보",,""
"11:10:38.0017951","DxgKrnl","10011","정보",,""
"11:10:38.0017960","DxgKrnl","10011","정보",,""
"11:10:38.0153040","DxgKrnl","10011","정보",,""
"11:10:38.0153281","DxgKrnl","10011","정보",,""
"11:10:38.0168515","DxgKrnl","10011","정보",,""
"11:10:38.0168712","DxgKrnl","10011","정보",,""
"11:10:38.0346869","DxgKrnl","10011","정보",,""
"11:10:38.0347002","DxgKrnl","10011","정보",,""
"11:10:38.0347096","DxgKrnl","10011","정보",,""
"11:10:38.0347105","DxgKrnl","10011","정보",,""
"11:10:38.0875999","Kernel-PnP","808","시작",,"End device add, status (STATUS_SUCCESS)"
"11:10:38.1174824","DxgKrnl","10011","정보",,""
"11:10:38.1175240","DxgKrnl","10011","정보",,""
"11:10:38.1175266","DxgKrnl","10011","정보",,""
"11:10:38.1175599","DxgKrnl","10011","정보",,""
"11:10:38.1175902","DxgKrnl","10011","정보",,""
"11:10:38.1175976","DxgKrnl","10011","정보",,""
"11:10:38.1176777","Kernel-PnP","220","시작",,"Begin querying bus relations for device PCI\VEN_1002&DEV_7550&SUBSYS_E4891DA2&REV_C0\6&8916a45&0&00000009"
"11:10:38.1176993","Kernel-PnP","222","시작",,"End querying bus relations for device PCI\VEN_1002&DEV_7550&SUBSYS_E4891DA2&REV_C0\6&8916a45&0&00000009"
"11:10:38.1213577","Kernel-PnP","220","시작",,"Begin querying bus relations for device SWD\DRIVERENUM\AMDCP&7&16b8ddb4&0"
"11:10:38.1213589","Kernel-PnP","222","시작",,"End querying bus relations for device SWD\DRIVERENUM\AMDCP&7&16b8ddb4&0"
"11:10:38.1214505","Kernel-PnP","220","시작",,"Begin querying bus relations for device SWD\DRIVERENUM\AMDFDANS&7&16b8ddb4&0"
"11:10:38.1214513","Kernel-PnP","222","시작",,"End querying bus relations for device SWD\DRIVERENUM\AMDFDANS&7&16b8ddb4&0"
"11:10:38.1215490","Kernel-PnP","220","시작",,"Begin querying bus relations for device SWD\DRIVERENUM\AMDOCL&7&16b8ddb4&0"
"11:10:38.1215510","Kernel-PnP","222","시작",,"End querying bus relations for device SWD\DRIVERENUM\AMDOCL&7&16b8ddb4&0"
"11:10:38.1216722","Kernel-PnP","220","시작",,"Begin querying bus relations for device SWD\DRIVERENUM\AMDOGL&7&16b8ddb4&0"
"11:10:38.1216733","Kernel-PnP","222","시작",,"End querying bus relations for device SWD\DRIVERENUM\AMDOGL&7&16b8ddb4&0"
"11:10:38.1217786","Kernel-PnP","220","시작",,"Begin querying bus relations for device SWD\DRIVERENUM\AMDVLK&7&16b8ddb4&0"
"11:10:38.1217804","Kernel-PnP","222","시작",,"End querying bus relations for device SWD\DRIVERENUM\AMDVLK&7&16b8ddb4&0"
"11:10:38.1218781","Kernel-PnP","220","시작",,"Begin querying bus relations for device SWD\DRIVERENUM\AMDWIN&7&16b8ddb4&0"
"11:10:38.1218788","Kernel-PnP","222","시작",,"End querying bus relations for device SWD\DRIVERENUM\AMDWIN&7&16b8ddb4&0"
"11:10:38.1218906","Kernel-PnP","220","시작",,"Begin querying bus relations for device PCI\VEN_1002&DEV_7550&SUBSYS_E4891DA2&REV_C0\6&8916a45&0&00000009"
"11:10:38.1219087","Kernel-PnP","222","시작",,"End querying bus relations for device PCI\VEN_1002&DEV_7550&SUBSYS_E4891DA2&REV_C0\6&8916a45&0&00000009"
"11:10:38.1219382","Kernel-PnP","220","시작",,"Begin querying bus relations for device PCI\VEN_1002&DEV_7550&SUBSYS_E4891DA2&REV_C0\6&8916a45&0&00000009"
"11:10:38.1219576","Kernel-PnP","222","시작",,"End querying bus relations for device PCI\VEN_1002&DEV_7550&SUBSYS_E4891DA2&REV_C0\6&8916a45&0&00000009"
"11:10:38.1219833","Kernel-PnP","220","시작",,"Begin querying bus relations for device PCI\VEN_1002&DEV_7550&SUBSYS_E4891DA2&REV_C0\6&8916a45&0&00000009"
"11:10:38.1219943","Kernel-PnP","222","시작",,"End querying bus relations for device PCI\VEN_1002&DEV_7550&SUBSYS_E4891DA2&REV_C0\6&8916a45&0&00000009"
"11:10:38.1220101","Kernel-PnP","220","시작",,"Begin querying bus relations for device PCI\VEN_1002&DEV_7550&SUBSYS_E4891DA2&REV_C0\6&8916a45&0&00000009"
"11:10:38.1220181","Kernel-PnP","222","시작",,"End querying bus relations for device PCI\VEN_1002&DEV_7550&SUBSYS_E4891DA2&REV_C0\6&8916a45&0&00000009"
"11:10:38.1220309","Kernel-PnP","220","시작",,"Begin querying bus relations for device PCI\VEN_1002&DEV_7550&SUBSYS_E4891DA2&REV_C0\6&8916a45&0&00000009"
"11:10:38.1220389","Kernel-PnP","222","시작",,"End querying bus relations for device PCI\VEN_1002&DEV_7550&SUBSYS_E4891DA2&REV_C0\6&8916a45&0&00000009"
"11:10:38.1220530","Kernel-PnP","220","시작",,"Begin querying bus relations for device PCI\VEN_1002&DEV_7550&SUBSYS_E4891DA2&REV_C0\6&8916a45&0&00000009"
"11:10:38.1220609","Kernel-PnP","222","시작",,"End querying bus relations for device PCI\VEN_1002&DEV_7550&SUBSYS_E4891DA2&REV_C0\6&8916a45&0&00000009"
"11:10:38.1703893","DxgKrnl","10011","정보",,""
"11:10:38.1714588","DxgKrnl","10011","정보",,""
"11:10:38.1714646","DxgKrnl","10011","정보",,""
"11:10:38.1714965","DxgKrnl","10011","정보",,""
"11:10:38.2338869","DxgKrnl","10011","정보",,""
"11:10:38.2338907","DxgKrnl","10011","정보",,""
"11:10:38.2346057","Kernel-PnP","220","시작",,"Begin querying bus relations for device ROOT\BasicDisplay\0000"
"11:10:38.2346105","Kernel-PnP","222","시작",,"End querying bus relations for device ROOT\BasicDisplay\0000"
"11:10:38.2347785","Kernel-PnP","1010","시작",,"버스에 누락 된 것으로 보고 된 장치 DISPLAY\Default_Monitor\1&8713bca&0&UID0이 (가) 제거 되었습니다. 제거 된 장치 수 | 개수: 1"
"11:10:38.2435614","DxgKrnl","10011","정보",,""
"11:10:38.2460624","DxgKrnl","10011","정보",,""
"11:10:38.2460964","DxgKrnl","10011","정보",,""
"11:10:38.2460977","DxgKrnl","10011","정보",,""
"11:10:38.2460991","DxgKrnl","10011","정보",,""
"11:10:38.2461000","DxgKrnl","10011","정보",,""
"11:10:38.2461055","DxgKrnl","10011","정보",,""
"11:10:38.2472124","DxgKrnl","10011","정보",,""
"11:10:38.2472200","DxgKrnl","10011","정보",,""
"11:10:39.6687972","Kernel-PnP","220","시작",,"Begin querying bus relations for device PCI\VEN_1002&DEV_7550&SUBSYS_E4891DA2&REV_C0\6&8916a45&0&00000009"
"11:10:39.9373281","Kernel-PnP","222","시작",,"End querying bus relations for device PCI\VEN_1002&DEV_7550&SUBSYS_E4891DA2&REV_C0\6&8916a45&0&00000009"
"11:10:39.9373839","Kernel-PnP","220","시작",,"Begin querying bus relations for device SWD\DRIVERENUM\AMDCP&7&16b8ddb4&0"
"11:10:39.9373981","Kernel-PnP","222","시작",,"End querying bus relations for device SWD\DRIVERENUM\AMDCP&7&16b8ddb4&0"
"11:10:39.9374064","Kernel-PnP","220","시작",,"Begin querying bus relations for device SWD\DRIVERENUM\AMDFDANS&7&16b8ddb4&0"
"11:10:39.9374072","Kernel-PnP","222","시작",,"End querying bus relations for device SWD\DRIVERENUM\AMDFDANS&7&16b8ddb4&0"
"11:10:39.9374128","Kernel-PnP","220","시작",,"Begin querying bus relations for device SWD\DRIVERENUM\AMDOCL&7&16b8ddb4&0"
"11:10:39.9374137","Kernel-PnP","222","시작",,"End querying bus relations for device SWD\DRIVERENUM\AMDOCL&7&16b8ddb4&0"
"11:10:39.9374206","Kernel-PnP","220","시작",,"Begin querying bus relations for device SWD\DRIVERENUM\AMDOGL&7&16b8ddb4&0"
"11:10:39.9374217","Kernel-PnP","222","시작",,"End querying bus relations for device SWD\DRIVERENUM\AMDOGL&7&16b8ddb4&0"
"11:10:39.9374219","DxgKrnl","10011","정보",,""
"11:10:39.9374282","Kernel-PnP","220","시작",,"Begin querying bus relations for device SWD\DRIVERENUM\AMDVLK&7&16b8ddb4&0"
"11:10:39.9374290","Kernel-PnP","222","시작",,"End querying bus relations for device SWD\DRIVERENUM\AMDVLK&7&16b8ddb4&0"
"11:10:39.9374340","Kernel-PnP","220","시작",,"Begin querying bus relations for device SWD\DRIVERENUM\AMDWIN&7&16b8ddb4&0"
"11:10:39.9374350","Kernel-PnP","222","시작",,"End querying bus relations for device SWD\DRIVERENUM\AMDWIN&7&16b8ddb4&0"
"11:10:39.9466565","Kernel-PnP","808","시작",,"End device add, status (STATUS_SUCCESS)"
"11:10:39.9479242","Kernel-PnP","808","시작",,"End device add, status (STATUS_SUCCESS)"
"11:10:39.9485887","Kernel-PnP","220","시작",,"Begin querying bus relations for device DISPLAY\SAM7B0C\7&16b8ddb4&0&UID260"
"11:10:39.9485935","Kernel-PnP","222","시작",,"End querying bus relations for device DISPLAY\SAM7B0C\7&16b8ddb4&0&UID260"
"11:10:39.9486992","Kernel-PnP","220","시작",,"Begin querying bus relations for device DISPLAY\BBC0104\7&16b8ddb4&0&UID265"
"11:10:39.9487028","Kernel-PnP","222","시작",,"End querying bus relations for device DISPLAY\BBC0104\7&16b8ddb4&0&UID265"
"11:10:39.9490901","DxgKrnl","10011","정보",,""
"11:10:39.9498662","DxgKrnl","10011","정보",,""
"11:10:39.9500598","DxgKrnl","10011","정보",,""
"11:10:39.9500695","DxgKrnl","10011","정보",,""
"11:10:39.9500714","DxgKrnl","10011","정보",,""
"11:10:39.9500724","DxgKrnl","10011","정보",,""
"11:10:39.9500744","DxgKrnl","10011","정보",,""
"11:10:39.9500751","DxgKrnl","10011","정보",,""
"11:10:39.9500758","DxgKrnl","10011","정보",,""
"11:10:39.9500764","DxgKrnl","10011","정보",,""
"11:10:39.9500775","DxgKrnl","10011","정보",,""
"11:10:39.9500780","DxgKrnl","10011","정보",,""
"11:10:39.9500788","DxgKrnl","10011","정보",,""
"11:10:39.9500808","DxgKrnl","10011","정보",,""
"11:10:39.9663202","DxgKrnl","10011","정보",,""
"11:10:39.9663363","DxgKrnl","10011","정보",,""
"11:10:39.9891672","DxgKrnl","10011","정보",,""
"11:10:39.9901468","DxgKrnl","10011","정보",,""
"11:10:39.9901614","DxgKrnl","10011","정보",,""
"11:10:39.9902028","DxgKrnl","10011","정보",,""
"11:10:39.9902087","DxgKrnl","10011","정보",,""
"11:10:39.9907099","DxgKrnl","10011","정보",,""
"11:10:39.9907220","DxgKrnl","10011","정보",,""
"11:10:40.0433640","DxgKrnl","10011","정보",,""
"11:10:40.0434346","DxgKrnl","10011","정보",,""
"11:10:40.0434780","DxgKrnl","10011","정보",,""
"11:10:40.0442393","DxgKrnl","10011","정보",,""
"11:10:40.0442715","DxgKrnl","10011","정보",,""
"11:10:40.0446197","DxgKrnl","10011","정보",,""
"11:10:40.0446581","DxgKrnl","10011","정보",,""
"11:10:40.0446599","DxgKrnl","10011","정보",,""
"11:10:40.0446920","DxgKrnl","10011","정보",,""
"11:10:40.1208565","DxgKrnl","10011","정보",,""
"11:10:40.1208579","DxgKrnl","10011","정보",,""
"11:10:40.1208588","DxgKrnl","10011","정보",,""
"11:10:40.1208782","DxgKrnl","10011","정보",,""
"11:10:40.1210178","DxgKrnl","10011","정보",,""
"11:10:40.1210203","DxgKrnl","10011","정보",,""
"11:10:40.1217185","DxgKrnl","10011","정보",,""
"11:10:40.1219964","DxgKrnl","10011","정보",,""
"11:10:40.1235121","DxgKrnl","10011","정보",,""
"11:10:40.1235655","DxgKrnl","10011","정보",,""
"11:10:40.2042320","DxgKrnl","10011","정보",,""
"11:10:40.2043971","DxgKrnl","10011","정보",,""
"11:10:40.2044004","DxgKrnl","10011","정보",,""
"11:10:40.2044652","DxgKrnl","10011","정보",,""
"11:10:40.2052859","DxgKrnl","10011","정보",,""
"11:10:40.2053386","DxgKrnl","10011","정보",,""
"11:10:40.2115570","DxgKrnl","10011","정보",,""
"11:10:40.2116321","DxgKrnl","10011","정보",,""
"11:10:40.2132564","DxgKrnl","10011","정보",,""
"11:10:40.2133231","DxgKrnl","10011","정보",,""
"11:10:40.2221885","DxgKrnl","10011","정보",,""
"11:10:40.2269127","DxgKrnl","10011","정보",,""
"11:10:40.2269810","DxgKrnl","10011","정보",,""
"11:10:40.2269856","DxgKrnl","10011","정보",,""
"11:10:40.2269886","DxgKrnl","10011","정보",,""
"11:10:40.2274348","DxgKrnl","10011","정보",,""
"11:10:40.2274806","DxgKrnl","10011","정보",,""
"11:10:40.2296557","DxgKrnl","10011","정보",,""
"11:10:40.2297193","DxgKrnl","10011","정보",,""
"11:10:40.2299808","DxgKrnl","10011","정보",,""
"11:10:40.2301453","DxgKrnl","10011","정보",,""
"11:10:40.2301660","DxgKrnl","10011","정보",,""
"11:10:40.2301666","DxgKrnl","10011","정보",,""
"11:10:40.2303937","DxgKrnl","10011","정보",,""
"11:10:40.2304010","DxgKrnl","10011","정보",,""
"11:10:40.2304147","DxgKrnl","10011","정보",,""
"11:10:40.2363093","DxgKrnl","10011","정보",,""
"11:10:40.2363804","DxgKrnl","10011","정보",,""
"11:10:40.2443797","DxgKrnl","10011","정보",,""
"11:10:40.2444536","DxgKrnl","10011","정보",,""
"11:10:40.2459368","DxgKrnl","10011","정보",,""
"11:10:40.2460003","DxgKrnl","10011","정보",,""
"11:10:40.2570014","DxgKrnl","10011","정보",,""
"11:10:40.2570501","DxgKrnl","10011","정보",,""
"11:10:40.2571178","DxgKrnl","10011","정보",,""
"11:10:40.2571236","DxgKrnl","10011","정보",,""
"11:10:40.2571267","DxgKrnl","10011","정보",,""
"11:10:40.2576010","DxgKrnl","10011","정보",,""
"11:10:40.2576537","DxgKrnl","10011","정보",,""
"11:10:40.2596525","DxgKrnl","10011","정보",,""
"11:10:40.2597088","DxgKrnl","10011","정보",,""
"11:10:40.2597801","DxgKrnl","10011","정보",,""
"11:10:40.2599403","DxgKrnl","10011","정보",,""
"11:10:40.2599404","DxgKrnl","10011","정보",,""
"11:10:40.2600721","DxgKrnl","10011","정보",,""
"11:10:40.2600749","DxgKrnl","10011","정보",,""
"11:10:40.2602411","DxgKrnl","10011","정보",,""
"11:10:40.2603080","DxgKrnl","10011","정보",,""
"11:10:40.2677570","DxgKrnl","10011","정보",,""
"11:10:40.2678214","DxgKrnl","10011","정보",,""
"11:10:40.2701786","DxgKrnl","10011","정보",,""
"11:10:40.2702427","DxgKrnl","10011","정보",,""
"11:10:40.3203591","DxgKrnl","10011","정보",,""
"11:10:40.3235158","DxgKrnl","10011","정보",,""
"11:10:40.6919360","DxgKrnl","10011","정보",,""
"11:10:40.6919865","DxgKrnl","10011","정보",,""
"11:10:40.6921065","DxgKrnl","10011","정보",,""
"11:10:40.6953951","DxgKrnl","10011","정보",,""
"11:10:40.6958322","DxgKrnl","10011","정보",,""
"11:10:40.6958399","DxgKrnl","10011","정보",,""
"11:10:40.6958406","DxgKrnl","10011","정보",,""
"11:10:40.6959876","DxgKrnl","10011","정보",,""
"11:10:40.6960901","DxgKrnl","10011","정보",,""
"11:10:40.6974648","DxgKrnl","10011","정보",,""
"11:10:40.6975144","DxgKrnl","10011","정보",,""
"11:10:41.2216699","DxgKrnl","10011","정보",,""
"11:10:41.2223607","DxgKrnl","10011","정보",,""
"11:10:41.2300802","DxgKrnl","10011","정보",,""
"11:10:41.2301392","DxgKrnl","10011","정보",,""
"11:10:44.2884410","DxgKrnl","10011","정보",,""
"11:10:44.2885031","DxgKrnl","10011","정보",,""
"11:10:44.2890778","DxgKrnl","10011","정보",,""
"11:10:44.2891161","DxgKrnl","10011","정보",,""
"11:10:44.2891815","DxgKrnl","10011","정보",,""
"11:10:44.2891858","DxgKrnl","10011","정보",,""
"11:10:44.2891888","DxgKrnl","10011","정보",,""
"11:10:44.2895940","DxgKrnl","10011","정보",,""
"11:10:44.2896502","DxgKrnl","10011","정보",,""
"11:10:44.2917366","DxgKrnl","10011","정보",,""
"11:10:44.2917812","DxgKrnl","10011","정보",,""
"11:10:44.2918345","DxgKrnl","10011","정보",,""
"11:10:44.2919374","DxgKrnl","10011","정보",,""
"11:10:44.2919489","DxgKrnl","10011","정보",,""
"11:10:44.2919976","DxgKrnl","10011","정보",,""
"11:10:44.2919998","DxgKrnl","10011","정보",,""
"11:10:44.2921380","DxgKrnl","10011","정보",,""
"11:10:44.2922562","DxgKrnl","10011","정보",,""
"11:10:44.2940899","DxgKrnl","10011","정보",,""
"11:10:44.2941356","DxgKrnl","10011","정보",,""
"11:10:44.2950913","DxgKrnl","10011","정보",,""
"11:10:44.2951757","DxgKrnl","10011","정보",,""
"11:10:44.2957169","DxgKrnl","10011","정보",,""
"11:10:44.2957806","DxgKrnl","10011","정보",,""
"11:10:44.2958296","DxgKrnl","10011","정보",,""
"11:10:44.2958327","DxgKrnl","10011","정보",,""
"11:10:44.2958349","DxgKrnl","10011","정보",,""
"11:10:44.2961520","DxgKrnl","10011","정보",,""
"11:10:44.2961893","DxgKrnl","10011","정보",,""
"11:10:44.2978808","DxgKrnl","10011","정보",,""
"11:10:44.2979172","DxgKrnl","10011","정보",,""
"11:10:44.2979468","DxgKrnl","10011","정보",,""
"11:10:44.2980658","DxgKrnl","10011","정보",,""
"11:10:44.2980773","DxgKrnl","10011","정보",,""
"11:10:44.2980804","DxgKrnl","10011","정보",,""
"11:10:44.2980896","DxgKrnl","10011","정보",,""
"11:10:44.2982429","DxgKrnl","10011","정보",,""
"11:10:44.2982447","DxgKrnl","10011","정보",,""
"11:10:44.2982526","DxgKrnl","10011","정보",,""
"11:10:44.2982969","DxgKrnl","10011","정보",,""
"11:10:44.2999354","DxgKrnl","10011","정보",,""
"11:10:44.2999799","DxgKrnl","10011","정보",,""
"11:10:44.3013884","DxgKrnl","10011","정보",,""
"11:10:44.3014346","DxgKrnl","10011","정보",,""
"11:10:44.9758830","Kernel-PnP","220","시작",,"Begin querying bus relations for device HTREE\ROOT\0"
"11:10:44.9761443","Kernel-PnP","222","시작",,"End querying bus relations for device HTREE\ROOT\0"
"11:10:44.9761635","Kernel-PnP","220","시작",,"Begin querying bus relations for device ROOT\volmgr\0000"
"11:10:44.9761654","Kernel-PnP","222","시작",,"End querying bus relations for device ROOT\volmgr\0000"
"11:10:44.9761762","Kernel-PnP","220","시작",,"Begin querying bus relations for device STORAGE\Volume\{99e9578c-928f-11f1-8494-806e6f6e6963}#0000000000100000"
"11:10:44.9761792","Kernel-PnP","222","시작",,"End querying bus relations for device STORAGE\Volume\{99e9578c-928f-11f1-8494-806e6f6e6963}#0000000000100000"
"11:10:44.9761831","Kernel-PnP","220","시작",,"Begin querying bus relations for device STORAGE\Volume\{99e9578c-928f-11f1-8494-806e6f6e6963}#000000000C900000"
"11:10:44.9761848","Kernel-PnP","222","시작",,"End querying bus relations for device STORAGE\Volume\{99e9578c-928f-11f1-8494-806e6f6e6963}#000000000C900000"
"11:10:44.9761909","Kernel-PnP","220","시작",,"Begin querying bus relations for device STORAGE\Volume\{99e9578c-928f-11f1-8494-806e6f6e6963}#000000000D900000"
"11:10:44.9761937","Kernel-PnP","222","시작",,"End querying bus relations for device STORAGE\Volume\{99e9578c-928f-11f1-8494-806e6f6e6963}#000000000D900000"
"11:10:44.9762001","Kernel-PnP","220","시작",,"Begin querying bus relations for device STORAGE\VolumeSnapshot\HarddiskVolumeSnapshot1"
"11:10:44.9762011","Kernel-PnP","222","시작",,"End querying bus relations for device STORAGE\VolumeSnapshot\HarddiskVolumeSnapshot1"
"11:10:44.9762087","Kernel-PnP","220","시작",,"Begin querying bus relations for device STORAGE\VolumeSnapshot\HarddiskVolumeSnapshot2"
"11:10:44.9762096","Kernel-PnP","222","시작",,"End querying bus relations for device STORAGE\VolumeSnapshot\HarddiskVolumeSnapshot2"
"11:10:44.9762138","Kernel-PnP","220","시작",,"Begin querying bus relations for device STORAGE\VolumeSnapshot\HarddiskVolumeSnapshot3"
"11:10:44.9762146","Kernel-PnP","222","시작",,"End querying bus relations for device STORAGE\VolumeSnapshot\HarddiskVolumeSnapshot3"
"11:10:44.9762225","Kernel-PnP","220","시작",,"Begin querying bus relations for device STORAGE\VolumeSnapshot\HarddiskVolumeSnapshot4"
"11:10:44.9762234","Kernel-PnP","222","시작",,"End querying bus relations for device STORAGE\VolumeSnapshot\HarddiskVolumeSnapshot4"
"11:10:44.9762286","Kernel-PnP","220","시작",,"Begin querying bus relations for device STORAGE\VolumeSnapshot\HarddiskVolumeSnapshot5"
"11:10:44.9762295","Kernel-PnP","222","시작",,"End querying bus relations for device STORAGE\VolumeSnapshot\HarddiskVolumeSnapshot5"
"11:10:44.9762346","Kernel-PnP","220","시작",,"Begin querying bus relations for device STORAGE\VolumeSnapshot\HarddiskVolumeSnapshot6"
"11:10:44.9762356","Kernel-PnP","222","시작",,"End querying bus relations for device STORAGE\VolumeSnapshot\HarddiskVolumeSnapshot6"
"11:10:44.9762407","Kernel-PnP","220","시작",,"Begin querying bus relations for device STORAGE\VolumeSnapshot\HarddiskVolumeSnapshot7"
"11:10:44.9762415","Kernel-PnP","222","시작",,"End querying bus relations for device STORAGE\VolumeSnapshot\HarddiskVolumeSnapshot7"
"11:10:44.9762470","Kernel-PnP","220","시작",,"Begin querying bus relations for device STORAGE\VolumeSnapshot\HarddiskVolumeSnapshot8"
"11:10:44.9762481","Kernel-PnP","222","시작",,"End querying bus relations for device STORAGE\VolumeSnapshot\HarddiskVolumeSnapshot8"
"11:10:44.9762537","Kernel-PnP","220","시작",,"Begin querying bus relations for device STORAGE\VolumeSnapshot\HarddiskVolumeSnapshot9"
"11:10:44.9762546","Kernel-PnP","222","시작",,"End querying bus relations for device STORAGE\VolumeSnapshot\HarddiskVolumeSnapshot9"
"11:10:44.9762596","Kernel-PnP","220","시작",,"Begin querying bus relations for device STORAGE\VolumeSnapshot\HarddiskVolumeSnapshot10"
"11:10:44.9762604","Kernel-PnP","222","시작",,"End querying bus relations for device STORAGE\VolumeSnapshot\HarddiskVolumeSnapshot10"
"11:10:44.9762654","Kernel-PnP","220","시작",,"Begin querying bus relations for device STORAGE\VolumeSnapshot\HarddiskVolumeSnapshot11"
"11:10:44.9762664","Kernel-PnP","222","시작",,"End querying bus relations for device STORAGE\VolumeSnapshot\HarddiskVolumeSnapshot11"
"11:10:44.9762713","Kernel-PnP","220","시작",,"Begin querying bus relations for device STORAGE\VolumeSnapshot\HarddiskVolumeSnapshot12"
"11:10:44.9762722","Kernel-PnP","222","시작",,"End querying bus relations for device STORAGE\VolumeSnapshot\HarddiskVolumeSnapshot12"
"11:10:44.9762775","Kernel-PnP","220","시작",,"Begin querying bus relations for device STORAGE\Volume\{99e9578c-928f-11f1-8494-806e6f6e6963}#000001D18A300000"
"11:10:44.9762794","Kernel-PnP","222","시작",,"End querying bus relations for device STORAGE\Volume\{99e9578c-928f-11f1-8494-806e6f6e6963}#000001D18A300000"
"11:10:44.9762850","Kernel-PnP","220","시작",,"Begin querying bus relations for device ROOT\PAWNIO\0000"
"11:10:44.9762863","Kernel-PnP","222","시작",,"End querying bus relations for device ROOT\PAWNIO\0000"
"11:10:44.9762916","Kernel-PnP","220","시작",,"Begin querying bus relations for device ROOT\VMBus\0000"
"11:10:44.9762974","Kernel-PnP","222","시작",,"End querying bus relations for device ROOT\VMBus\0000"
"11:10:44.9763029","Kernel-PnP","220","시작",,"Begin querying bus relations for device ROOT\BasicDisplay\0000"
"11:10:44.9763126","Kernel-PnP","222","시작",,"End querying bus relations for device ROOT\BasicDisplay\0000"
"11:10:44.9763196","Kernel-PnP","220","시작",,"Begin querying bus relations for device ROOT\AMDXE\0000"
"11:10:44.9763221","Kernel-PnP","222","시작",,"End querying bus relations for device ROOT\AMDXE\0000"
"11:10:44.9763288","Kernel-PnP","220","시작",,"Begin querying bus relations for device ROOT\hvservice\0000"
"11:10:44.9763304","Kernel-PnP","222","시작",,"End querying bus relations for device ROOT\hvservice\0000"
"11:10:44.9763344","Kernel-PnP","220","시작",,"Begin querying bus relations for device ROOT\VID\0000"
"11:10:44.9763397","Kernel-PnP","222","시작",,"End querying bus relations for device ROOT\VID\0000"
"11:10:44.9763450","Kernel-PnP","220","시작",,"Begin querying bus relations for device ROOT\CompositeBus\0000"
"11:10:44.9763471","Kernel-PnP","222","시작",,"End querying bus relations for device ROOT\CompositeBus\0000"
"11:10:44.9763502","Kernel-PnP","220","시작",,"Begin querying bus relations for device ROOT\vdrvroot\0000"
"11:10:44.9763521","Kernel-PnP","222","시작",,"End querying bus relations for device ROOT\vdrvroot\0000"
"11:10:44.9763591","Kernel-PnP","220","시작",,"Begin querying bus relations for device ROOT\spaceport\0000"
"11:10:44.9763612","Kernel-PnP","222","시작",,"End querying bus relations for device ROOT\spaceport\0000"
"11:10:44.9763664","Kernel-PnP","220","시작",,"Begin querying bus relations for device ROOT\KDNIC\0000"
"11:10:44.9763678","Kernel-PnP","222","시작",,"End querying bus relations for device ROOT\KDNIC\0000"
"11:10:44.9763729","Kernel-PnP","220","시작",,"Begin querying bus relations for device ROOT\AMDSAFD&FUN_01&REV_01\0000"
"11:10:44.9764184","Kernel-PnP","222","시작",,"End querying bus relations for device ROOT\AMDSAFD&FUN_01&REV_01\0000"
"11:10:44.9764260","Kernel-PnP","220","시작",,"Begin querying bus relations for device ROOT\UMBUS\0000"
"11:10:44.9764283","Kernel-PnP","222","시작",,"End querying bus relations for device ROOT\UMBUS\0000"
"11:10:44.9764323","Kernel-PnP","220","시작",,"Begin querying bus relations for device ROOT\ACPI_HAL\0000"
"11:10:44.9764338","Kernel-PnP","222","시작",,"End querying bus relations for device ROOT\ACPI_HAL\0000"
"11:10:44.9764380","Kernel-PnP","220","시작",,"Begin querying bus relations for device ACPI_HAL\PNP0C08\0"
"11:10:44.9771692","Kernel-PnP","222","시작",,"End querying bus relations for device ACPI_HAL\PNP0C08\0"
"11:10:44.9771774","Kernel-PnP","220","시작",,"Begin querying bus relations for device ACPI\PNP0A08\0"
"11:10:44.9822732","Kernel-PnP","222","시작",,"End querying bus relations for device ACPI\PNP0A08\0"
"11:10:44.9822821","Kernel-PnP","220","시작",,"Begin querying bus relations for device PCI\VEN_1022&DEV_14D8&SUBSYS_14D81022&REV_00\3&11583659&0&00"
"11:10:44.9822923","Kernel-PnP","222","시작",,"End querying bus relations for device PCI\VEN_1022&DEV_14D8&SUBSYS_14D81022&REV_00\3&11583659&0&00"
"11:10:44.9823224","Kernel-PnP","220","시작",,"Begin querying bus relations for device PCI\VEN_1022&DEV_14DA&SUBSYS_00000000&REV_00\3&11583659&0&08"
"11:10:44.9823286","Kernel-PnP","222","시작",,"End querying bus relations for device PCI\VEN_1022&DEV_14DA&SUBSYS_00000000&REV_00\3&11583659&0&08"
"11:10:44.9823343","Kernel-PnP","220","시작",,"Begin querying bus relations for device PCI\VEN_1022&DEV_14DB&SUBSYS_14531022&REV_00\3&11583659&0&09"
"11:10:44.9824570","Kernel-PnP","222","시작",,"End querying bus relations for device PCI\VEN_1022&DEV_14DB&SUBSYS_14531022&REV_00\3&11583659&0&09"
"11:10:44.9824627","Kernel-PnP","220","시작",,"Begin querying bus relations for device PCI\VEN_1002&DEV_1478&SUBSYS_14781DA2&REV_24\4&d0bdf66&0&0009"
"11:10:44.9825101","Kernel-PnP","222","시작",,"End querying bus relations for device PCI\VEN_1002&DEV_1478&SUBSYS_14781DA2&REV_24\4&d0bdf66&0&0009"
"11:10:44.9825159","Kernel-PnP","220","시작",,"Begin querying bus relations for device PCI\VEN_1002&DEV_1479&SUBSYS_14791002&REV_24\5&306737b5&0&000009"
"11:10:44.9825903","Kernel-PnP","222","시작",,"End querying bus relations for device PCI\VEN_1002&DEV_1479&SUBSYS_14791002&REV_24\5&306737b5&0&000009"
"11:10:44.9825961","Kernel-PnP","220","시작",,"Begin querying bus relations for device PCI\VEN_1002&DEV_7550&SUBSYS_E4891DA2&REV_C0\6&8916a45&0&00000009"
"11:10:44.9880673","Kernel-PnP","222","시작",,"End querying bus relations for device PCI\VEN_1002&DEV_7550&SUBSYS_E4891DA2&REV_C0\6&8916a45&0&00000009"
"11:10:44.9881256","Kernel-PnP","220","시작",,"Begin querying bus relations for device SWD\DRIVERENUM\AMDCP&7&16b8ddb4&0"
"11:10:44.9881270","Kernel-PnP","222","시작",,"End querying bus relations for device SWD\DRIVERENUM\AMDCP&7&16b8ddb4&0"
"11:10:44.9881324","Kernel-PnP","220","시작",,"Begin querying bus relations for device SWD\DRIVERENUM\AMDFDANS&7&16b8ddb4&0"
"11:10:44.9881332","Kernel-PnP","222","시작",,"End querying bus relations for device SWD\DRIVERENUM\AMDFDANS&7&16b8ddb4&0"
"11:10:44.9881379","Kernel-PnP","220","시작",,"Begin querying bus relations for device SWD\DRIVERENUM\AMDOCL&7&16b8ddb4&0"
"11:10:44.9881385","Kernel-PnP","222","시작",,"End querying bus relations for device SWD\DRIVERENUM\AMDOCL&7&16b8ddb4&0"
"11:10:44.9881443","Kernel-PnP","220","시작",,"Begin querying bus relations for device SWD\DRIVERENUM\AMDOGL&7&16b8ddb4&0"
"11:10:44.9881449","Kernel-PnP","222","시작",,"End querying bus relations for device SWD\DRIVERENUM\AMDOGL&7&16b8ddb4&0"
"11:10:44.9881484","Kernel-PnP","220","시작",,"Begin querying bus relations for device SWD\DRIVERENUM\AMDVLK&7&16b8ddb4&0"
"11:10:44.9881490","Kernel-PnP","222","시작",,"End querying bus relations for device SWD\DRIVERENUM\AMDVLK&7&16b8ddb4&0"
"11:10:44.9881530","Kernel-PnP","220","시작",,"Begin querying bus relations for device SWD\DRIVERENUM\AMDWIN&7&16b8ddb4&0"
"11:10:44.9881537","Kernel-PnP","222","시작",,"End querying bus relations for device SWD\DRIVERENUM\AMDWIN&7&16b8ddb4&0"
"11:10:44.9881578","Kernel-PnP","220","시작",,"Begin querying bus relations for device DISPLAY\SAM7B0C\7&16b8ddb4&0&UID260"
"11:10:44.9881625","Kernel-PnP","222","시작",,"End querying bus relations for device DISPLAY\SAM7B0C\7&16b8ddb4&0&UID260"
"11:10:44.9881679","Kernel-PnP","220","시작",,"Begin querying bus relations for device DISPLAY\BBC0104\7&16b8ddb4&0&UID265"
"11:10:44.9881703","Kernel-PnP","222","시작",,"End querying bus relations for device DISPLAY\BBC0104\7&16b8ddb4&0&UID265"
"11:10:44.9881757","Kernel-PnP","220","시작",,"Begin querying bus relations for device PCI\VEN_1002&DEV_AB40&SUBSYS_AB401002&REV_00\6&8916a45&0&01000009"
"11:10:44.9881857","Kernel-PnP","222","시작",,"End querying bus relations for device PCI\VEN_1002&DEV_AB40&SUBSYS_AB401002&REV_00\6&8916a45&0&01000009"
"11:10:44.9881921","Kernel-PnP","220","시작",,"Begin querying bus relations for device PCI\VEN_1022&DEV_14DB&SUBSYS_14531022&REV_00\3&11583659&0&0A"
"11:10:44.9883338","Kernel-PnP","222","시작",,"End querying bus relations for device PCI\VEN_1022&DEV_14DB&SUBSYS_14531022&REV_00\3&11583659&0&0A"
"11:10:44.9883398","Kernel-PnP","220","시작",,"Begin querying bus relations for device PCI\VEN_15B7&DEV_5030&SUBSYS_503015B7&REV_01\4&218bd16b&0&000A"
"11:10:44.9907149","Kernel-PnP","222","시작",,"End querying bus relations for device PCI\VEN_15B7&DEV_5030&SUBSYS_503015B7&REV_01\4&218bd16b&0&000A"
"11:10:44.9907261","Kernel-PnP","220","시작",,"Begin querying bus relations for device SCSI\Disk&Ven_NVMe&Prod_WD_BLACK_SN850X\5&1bd8e&0&000000"
"11:10:44.9907708","Kernel-PnP","222","시작",,"End querying bus relations for device SCSI\Disk&Ven_NVMe&Prod_WD_BLACK_SN850X\5&1bd8e&0&000000"
"11:10:44.9907811","Kernel-PnP","220","시작",,"Begin querying bus relations for device PCI\VEN_1022&DEV_14DA&SUBSYS_00000000&REV_00\3&11583659&0&10"
"11:10:44.9907892","Kernel-PnP","222","시작",,"End querying bus relations for device PCI\VEN_1022&DEV_14DA&SUBSYS_00000000&REV_00\3&11583659&0&10"
"11:10:44.9907948","Kernel-PnP","220","시작",,"Begin querying bus relations for device PCI\VEN_1022&DEV_14DB&SUBSYS_14531022&REV_00\3&11583659&0&11"
"11:10:44.9910869","Kernel-PnP","222","시작",,"End querying bus relations for device PCI\VEN_1022&DEV_14DB&SUBSYS_14531022&REV_00\3&11583659&0&11"
"11:10:44.9910936","Kernel-PnP","220","시작",,"Begin querying bus relations for device PCI\VEN_1022&DEV_43F4&SUBSYS_33281B21&REV_01\4&2c14e217&0&0011"
"11:10:44.9926814","Kernel-PnP","222","시작",,"End querying bus relations for device PCI\VEN_1022&DEV_43F4&SUBSYS_33281B21&REV_01\4&2c14e217&0&0011"
"11:10:44.9926884","Kernel-PnP","220","시작",,"Begin querying bus relations for device PCI\VEN_1022&DEV_43F5&SUBSYS_33281B21&REV_01\5&2b8b9e2f&0&000011"
"11:10:44.9927424","Kernel-PnP","222","시작",,"End querying bus relations for device PCI\VEN_1022&DEV_43F5&SUBSYS_33281B21&REV_01\5&2b8b9e2f&0&000011"
"11:10:44.9927541","Kernel-PnP","220","시작",,"Begin querying bus relations for device PCI\VEN_1022&DEV_43F5&SUBSYS_33281B21&REV_01\5&2b8b9e2f&0&080011"
"11:10:44.9927978","Kernel-PnP","222","시작",,"End querying bus relations for device PCI\VEN_1022&DEV_43F5&SUBSYS_33281B21&REV_01\5&2b8b9e2f&0&080011"
"11:10:44.9928038","Kernel-PnP","220","시작",,"Begin querying bus relations for device PCI\VEN_1022&DEV_43F5&SUBSYS_33281B21&REV_01\5&2b8b9e2f&0&100011"
"11:10:44.9930173","Kernel-PnP","222","시작",,"End querying bus relations for device PCI\VEN_1022&DEV_43F5&SUBSYS_33281B21&REV_01\5&2b8b9e2f&0&100011"
"11:10:44.9930234","Kernel-PnP","220","시작",,"Begin querying bus relations for device PCI\VEN_10EC&DEV_8922&SUBSYS_892210EC&REV_01\00E04CFFFE89220100"
"11:10:44.9930315","Kernel-PnP","222","시작",,"End querying bus relations for device PCI\VEN_10EC&DEV_8922&SUBSYS_892210EC&REV_01\00E04CFFFE89220100"
"11:10:44.9930368","Kernel-PnP","220","시작",,"Begin querying bus relations for device PCI\VEN_1022&DEV_43F5&SUBSYS_33281B21&REV_01\5&2b8b9e2f&0&180011"
"11:10:44.9932463","Kernel-PnP","222","시작",,"End querying bus relations for device PCI\VEN_1022&DEV_43F5&SUBSYS_33281B21&REV_01\5&2b8b9e2f&0&180011"
"11:10:44.9932521","Kernel-PnP","220","시작",,"Begin querying bus relations for device PCI\VEN_10EC&DEV_8125&SUBSYS_E0001458&REV_0C\01000000684CE00000"
"11:10:44.9932599","Kernel-PnP","222","시작",,"End querying bus relations for device PCI\VEN_10EC&DEV_8125&SUBSYS_E0001458&REV_0C\01000000684CE00000"
"11:10:44.9932650","Kernel-PnP","220","시작",,"Begin querying bus relations for device PCI\VEN_1022&DEV_43F5&SUBSYS_33281B21&REV_01\5&2b8b9e2f&0&200011"
"11:10:44.9933041","Kernel-PnP","222","시작",,"End querying bus relations for device PCI\VEN_1022&DEV_43F5&SUBSYS_33281B21&REV_01\5&2b8b9e2f&0&200011"
"11:10:44.9933100","Kernel-PnP","220","시작",,"Begin querying bus relations for device PCI\VEN_1022&DEV_43F5&SUBSYS_33281B21&REV_01\5&2b8b9e2f&0&280011"
"11:10:44.9933491","Kernel-PnP","222","시작",,"End querying bus relations for device PCI\VEN_1022&DEV_43F5&SUBSYS_33281B21&REV_01\5&2b8b9e2f&0&280011"
"11:10:44.9933548","Kernel-PnP","220","시작",,"Begin querying bus relations for device PCI\VEN_1022&DEV_43F5&SUBSYS_33281B21&REV_01\5&2b8b9e2f&0&300011"
"11:10:44.9933931","Kernel-PnP","222","시작",,"End querying bus relations for device PCI\VEN_1022&DEV_43F5&SUBSYS_33281B21&REV_01\5&2b8b9e2f&0&300011"
"11:10:44.9933978","Kernel-PnP","220","시작",,"Begin querying bus relations for device PCI\VEN_1022&DEV_43F5&SUBSYS_33281B21&REV_01\5&2b8b9e2f&0&380011"
"11:10:44.9934367","Kernel-PnP","222","시작",,"End querying bus relations for device PCI\VEN_1022&DEV_43F5&SUBSYS_33281B21&REV_01\5&2b8b9e2f&0&380011"
"11:10:44.9934424","Kernel-PnP","220","시작",,"Begin querying bus relations for device PCI\VEN_1022&DEV_43F5&SUBSYS_33281B21&REV_01\5&2b8b9e2f&0&400011"
"11:10:44.9934801","Kernel-PnP","222","시작",,"End querying bus relations for device PCI\VEN_1022&DEV_43F5&SUBSYS_33281B21&REV_01\5&2b8b9e2f&0&400011"
"11:10:44.9934858","Kernel-PnP","220","시작",,"Begin querying bus relations for device PCI\VEN_1022&DEV_43F5&SUBSYS_33281B21&REV_01\5&2b8b9e2f&0&600011"
"11:10:44.9936893","Kernel-PnP","222","시작",,"End querying bus relations for device PCI\VEN_1022&DEV_43F5&SUBSYS_33281B21&REV_01\5&2b8b9e2f&0&600011"
"11:10:44.9936952","Kernel-PnP","220","시작",,"Begin querying bus relations for device PCI\VEN_1022&DEV_43FC&SUBSYS_11421B21&REV_01\6&2766d23f&0&00600011"
"11:10:44.9937049","Kernel-PnP","222","시작",,"End querying bus relations for device PCI\VEN_1022&DEV_43FC&SUBSYS_11421B21&REV_01\6&2766d23f&0&00600011"
"11:10:44.9937106","Kernel-PnP","220","시작",,"Begin querying bus relations for device USB\ROOT_HUB30\7&360c8ead&0&0"
"11:10:45.0041397","Kernel-PnP","222","시작",,"End querying bus relations for device USB\ROOT_HUB30\7&360c8ead&0&0"
"11:10:45.0041472","Kernel-PnP","220","시작",,"Begin querying bus relations for device USB\VID_0BDA&PID_0411\8&6c00884&0&4"
"11:10:45.0041567","Kernel-PnP","222","시작",,"End querying bus relations for device USB\VID_0BDA&PID_0411\8&6c00884&0&4"
"11:10:45.0041627","Kernel-PnP","220","시작",,"Begin querying bus relations for device USB\VID_0BDA&PID_5411\8&6c00884&0&9"
"11:10:45.0041702","Kernel-PnP","222","시작",,"End querying bus relations for device USB\VID_0BDA&PID_5411\8&6c00884&0&9"
"11:10:45.0041760","Kernel-PnP","220","시작",,"Begin querying bus relations for device USB\VID_0D8C&PID_0014\9&f4fb98d&0&1"
"11:10:45.0041781","Kernel-PnP","222","시작",,"End querying bus relations for device USB\VID_0D8C&PID_0014\9&f4fb98d&0&1"
"11:10:45.0041829","Kernel-PnP","220","시작",,"Begin querying bus relations for device USB\VID_0D8C&PID_0014&MI_00\a&2e5a41c3&0&0000"
"11:10:45.0041889","Kernel-PnP","222","시작",,"End querying bus relations for device USB\VID_0D8C&PID_0014&MI_00\a&2e5a41c3&0&0000"
"11:10:45.0041960","Kernel-PnP","220","시작",,"Begin querying bus relations for device SWD\MMDEVAPI\{0.0.1.00000000}.{166a3c95-c80e-4b0b-884e-259588dccdd4}"
"11:10:45.0041970","Kernel-PnP","222","시작",,"End querying bus relations for device SWD\MMDEVAPI\{0.0.1.00000000}.{166a3c95-c80e-4b0b-884e-259588dccdd4}"
"11:10:45.0042016","Kernel-PnP","220","시작",,"Begin querying bus relations for device USB\VID_0D8C&PID_0014&MI_03\a&2e5a41c3&0&0003"
"11:10:45.0042056","Kernel-PnP","222","시작",,"End querying bus relations for device USB\VID_0D8C&PID_0014&MI_03\a&2e5a41c3&0&0003"
"11:10:45.0042115","Kernel-PnP","220","시작",,"Begin querying bus relations for device HID\VID_0D8C&PID_0014&MI_03\b&47075c4&0&0000"
"11:10:45.0042198","Kernel-PnP","222","시작",,"End querying bus relations for device HID\VID_0D8C&PID_0014&MI_03\b&47075c4&0&0000"
"11:10:45.0042258","Kernel-PnP","220","시작",,"Begin querying bus relations for device USB\VID_2F68&PID_0042\9&f4fb98d&0&3"
"11:10:45.0042275","Kernel-PnP","222","시작",,"End querying bus relations for device USB\VID_2F68&PID_0042\9&f4fb98d&0&3"
"11:10:45.0042322","Kernel-PnP","220","시작",,"Begin querying bus relations for device USB\VID_2F68&PID_0042&MI_00\a&3895799&0&0000"
"11:10:45.0042352","Kernel-PnP","222","시작",,"End querying bus relations for device USB\VID_2F68&PID_0042&MI_00\a&3895799&0&0000"
"11:10:45.0042397","Kernel-PnP","220","시작",,"Begin querying bus relations for device HID\VID_2F68&PID_0042&MI_00\b&692e7a3&0&0000"
"11:10:45.0042443","Kernel-PnP","222","시작",,"End querying bus relations for device HID\VID_2F68&PID_0042&MI_00\b&692e7a3&0&0000"
"11:10:45.0042498","Kernel-PnP","220","시작",,"Begin querying bus relations for device USB\VID_2F68&PID_0042&MI_01\a&3895799&0&0001"
"11:10:45.0042528","Kernel-PnP","222","시작",,"End querying bus relations for device USB\VID_2F68&PID_0042&MI_01\a&3895799&0&0001"
"11:10:45.0042575","Kernel-PnP","220","시작",,"Begin querying bus relations for device HID\VID_2F68&PID_0042&MI_01&Col01\b&19c303e1&0&0000"
"11:10:45.0042583","Kernel-PnP","222","시작",,"End querying bus relations for device HID\VID_2F68&PID_0042&MI_01&Col01\b&19c303e1&0&0000"
"11:10:45.0042629","Kernel-PnP","220","시작",,"Begin querying bus relations for device HID\VID_2F68&PID_0042&MI_01&Col02\b&19c303e1&0&0001"
"11:10:45.0042636","Kernel-PnP","222","시작",,"End querying bus relations for device HID\VID_2F68&PID_0042&MI_01&Col02\b&19c303e1&0&0001"
"11:10:45.0042681","Kernel-PnP","220","시작",,"Begin querying bus relations for device HID\VID_2F68&PID_0042&MI_01&Col03\b&19c303e1&0&0002"
"11:10:45.0042691","Kernel-PnP","222","시작",,"End querying bus relations for device HID\VID_2F68&PID_0042&MI_01&Col03\b&19c303e1&0&0002"
"11:10:45.0042735","Kernel-PnP","220","시작",,"Begin querying bus relations for device HID\VID_2F68&PID_0042&MI_01&Col04\b&19c303e1&0&0003"
"11:10:45.0042759","Kernel-PnP","222","시작",,"End querying bus relations for device HID\VID_2F68&PID_0042&MI_01&Col04\b&19c303e1&0&0003"
"11:10:45.0042803","Kernel-PnP","220","시작",,"Begin querying bus relations for device USB\VID_2F68&PID_0042&MI_02\a&3895799&0&0002"
"11:10:45.0043267","Kernel-PnP","222","시작",,"End querying bus relations for device USB\VID_2F68&PID_0042&MI_02\a&3895799&0&0002"
"11:10:45.0043555","Kernel-PnP","220","시작",,"Begin querying bus relations for device HID\VID_2F68&PID_0042&MI_02\b&2cf3201f&0&0000"
"11:10:45.0043566","Kernel-PnP","222","시작",,"End querying bus relations for device HID\VID_2F68&PID_0042&MI_02\b&2cf3201f&0&0000"
"11:10:45.0043608","Kernel-PnP","220","시작",,"Begin querying bus relations for device USB\VID_3537&PID_0575\9&f4fb98d&0&4"
"11:10:45.0043636","Kernel-PnP","222","시작",,"End querying bus relations for device USB\VID_3537&PID_0575\9&f4fb98d&0&4"
"11:10:45.0043682","Kernel-PnP","220","시작",,"Begin querying bus relations for device HID\VID_3537&PID_0575&Col01\a&1ef90b6d&0&0000"
"11:10:45.0043691","Kernel-PnP","222","시작",,"End querying bus relations for device HID\VID_3537&PID_0575&Col01\a&1ef90b6d&0&0000"
"11:10:45.0043727","Kernel-PnP","220","시작",,"Begin querying bus relations for device HID\VID_3537&PID_0575&Col02\a&1ef90b6d&0&0001"
"11:10:45.0043734","Kernel-PnP","222","시작",,"End querying bus relations for device HID\VID_3537&PID_0575&Col02\a&1ef90b6d&0&0001"
"11:10:45.0043776","Kernel-PnP","220","시작",,"Begin querying bus relations for device HID\VID_3537&PID_0575&Col03\a&1ef90b6d&0&0002"
"11:10:45.0043783","Kernel-PnP","222","시작",,"End querying bus relations for device HID\VID_3537&PID_0575&Col03\a&1ef90b6d&0&0002"
"11:10:45.0043823","Kernel-PnP","220","시작",,"Begin querying bus relations for device USB\VID_0BDA&PID_8922\00E04C885A01"
"11:10:45.0043912","Kernel-PnP","222","시작",,"End querying bus relations for device USB\VID_0BDA&PID_8922\00E04C885A01"
"11:10:45.0043960","Kernel-PnP","220","시작",,"Begin querying bus relations for device RTK_BT\{5DBB7054-7951-4B40-B907-52F1E482C57F}&C&0BDA8922\9&6c45e63&0&00"
"11:10:45.0043992","Kernel-PnP","222","시작",,"End querying bus relations for device RTK_BT\{5DBB7054-7951-4B40-B907-52F1E482C57F}&C&0BDA8922\9&6c45e63&0&00"
"11:10:45.0044035","Kernel-PnP","220","시작",,"Begin querying bus relations for device {742787E2-EA40-4366-8FB4-DE98EE777D7C}\RTKFilter0\9&6c45e63&0&00"
"11:10:45.0044046","Kernel-PnP","222","시작",,"End querying bus relations for device {742787E2-EA40-4366-8FB4-DE98EE777D7C}\RTKFilter0\9&6c45e63&0&00"
"11:10:45.0044102","Kernel-PnP","220","시작",,"Begin querying bus relations for device USB\VID_048D&PID_5711\8&6c00884&0&12"
"11:10:45.0044168","Kernel-PnP","222","시작",,"End querying bus relations for device USB\VID_048D&PID_5711\8&6c00884&0&12"
"11:10:45.0044218","Kernel-PnP","220","시작",,"Begin querying bus relations for device USB\VID_048D&PID_5711&MI_00\9&9ec32a6&0&0000"
"11:10:45.0044242","Kernel-PnP","222","시작",,"End querying bus relations for device USB\VID_048D&PID_5711&MI_00\9&9ec32a6&0&0000"
"11:10:45.0044285","Kernel-PnP","220","시작",,"Begin querying bus relations for device HID\VID_048D&PID_5711&MI_00\a&1c89d933&0&0000"
"11:10:45.0044292","Kernel-PnP","222","시작",,"End querying bus relations for device HID\VID_048D&PID_5711&MI_00\a&1c89d933&0&0000"
"11:10:45.0044334","Kernel-PnP","220","시작",,"Begin querying bus relations for device USB\VID_048D&PID_5711&MI_01\9&9ec32a6&0&0001"
"11:10:45.0044356","Kernel-PnP","222","시작",,"End querying bus relations for device USB\VID_048D&PID_5711&MI_01\9&9ec32a6&0&0001"
"11:10:45.0044400","Kernel-PnP","220","시작",,"Begin querying bus relations for device HID\VID_048D&PID_5711&MI_01&Col01\a&2fb9f571&0&0000"
"11:10:45.0044407","Kernel-PnP","222","시작",,"End querying bus relations for device HID\VID_048D&PID_5711&MI_01&Col01\a&2fb9f571&0&0000"
"11:10:45.0044446","Kernel-PnP","220","시작",,"Begin querying bus relations for device HID\VID_048D&PID_5711&MI_01&Col02\a&2fb9f571&0&0001"
"11:10:45.0044453","Kernel-PnP","222","시작",,"End querying bus relations for device HID\VID_048D&PID_5711&MI_01&Col02\a&2fb9f571&0&0001"
"11:10:45.0044493","Kernel-PnP","220","시작",,"Begin querying bus relations for device USB\VID_1D6B&PID_0148\BYZL78DA410808533204"
"11:10:45.0044730","Kernel-PnP","222","시작",,"End querying bus relations for device USB\VID_1D6B&PID_0148\BYZL78DA410808533204"
"11:10:45.0044832","Kernel-PnP","220","시작",,"Begin querying bus relations for device HID\VID_1D6B&PID_0148\9&20459a42&0&0000"
"11:10:45.0044847","Kernel-PnP","222","시작",,"End querying bus relations for device HID\VID_1D6B&PID_0148\9&20459a42&0&0000"
"11:10:45.0044899","Kernel-PnP","220","시작",,"Begin querying bus relations for device USB\VID_0416&PID_8001\8&6c00884&0&17"
"11:10:45.0044974","Kernel-PnP","222","시작",,"End querying bus relations for device USB\VID_0416&PID_8001\8&6c00884&0&17"
"11:10:45.0045025","Kernel-PnP","220","시작",,"Begin querying bus relations for device HID\VID_0416&PID_8001\9&9c7d58d&0&0000"
"11:10:45.0045033","Kernel-PnP","222","시작",,"End querying bus relations for device HID\VID_0416&PID_8001\9&9c7d58d&0&0000"
"11:10:45.0045079","Kernel-PnP","220","시작",,"Begin querying bus relations for device PCI\VEN_1022&DEV_43F5&SUBSYS_33281B21&REV_01\5&2b8b9e2f&0&680011"
"11:10:45.0049597","Kernel-PnP","222","시작",,"End querying bus relations for device PCI\VEN_1022&DEV_43F5&SUBSYS_33281B21&REV_01\5&2b8b9e2f&0&680011"
"11:10:45.0049819","Kernel-PnP","220","시작",,"Begin querying bus relations for device PCI\VEN_1022&DEV_43F6&SUBSYS_10621B21&REV_01\6&3ae87e62&0&00680011"
"11:10:45.0853619","Kernel-PnP","222","시작",,"End querying bus relations for device PCI\VEN_1022&DEV_43F6&SUBSYS_10621B21&REV_01\6&3ae87e62&0&00680011"
"11:10:45.0853877","Kernel-PnP","220","시작",,"Begin querying bus relations for device PCI\VEN_1022&DEV_14DA&SUBSYS_00000000&REV_00\3&11583659&0&18"
"11:10:45.0854023","Kernel-PnP","222","시작",,"End querying bus relations for device PCI\VEN_1022&DEV_14DA&SUBSYS_00000000&REV_00\3&11583659&0&18"
"11:10:45.0854139","Kernel-PnP","220","시작",,"Begin querying bus relations for device PCI\VEN_1022&DEV_14DA&SUBSYS_00000000&REV_00\3&11583659&0&20"
"11:10:45.0854256","Kernel-PnP","222","시작",,"End querying bus relations for device PCI\VEN_1022&DEV_14DA&SUBSYS_00000000&REV_00\3&11583659&0&20"
"11:10:45.0854362","Kernel-PnP","220","시작",,"Begin querying bus relations for device PCI\VEN_1022&DEV_14DA&SUBSYS_00000000&REV_00\3&11583659&0&40"
"11:10:45.0854480","Kernel-PnP","222","시작",,"End querying bus relations for device PCI\VEN_1022&DEV_14DA&SUBSYS_00000000&REV_00\3&11583659&0&40"
"11:10:45.0854577","Kernel-PnP","220","시작",,"Begin querying bus relations for device PCI\VEN_1022&DEV_14DD&SUBSYS_14DD1022&REV_00\3&11583659&0&41"
"11:10:45.0859074","Kernel-PnP","222","시작",,"End querying bus relations for device PCI\VEN_1022&DEV_14DD&SUBSYS_14DD1022&REV_00\3&11583659&0&41"
"11:10:45.0859193","Kernel-PnP","220","시작",,"Begin querying bus relations for device PCI\VEN_1002&DEV_13C0&SUBSYS_D0001458&REV_C6\4&16012499&0&0041"
"11:10:45.0860465","Kernel-PnP","222","시작",,"End querying bus relations for device PCI\VEN_1002&DEV_13C0&SUBSYS_D0001458&REV_C6\4&16012499&0&0041"
"11:10:45.0860760","Kernel-PnP","220","시작",,"Begin querying bus relations for device SWD\DRIVERENUM\AMDFDANS&5&2b152539&0"
"11:10:45.0860778","Kernel-PnP","222","시작",,"End querying bus relations for device SWD\DRIVERENUM\AMDFDANS&5&2b152539&0"
"11:10:45.0860830","Kernel-PnP","220","시작",,"Begin querying bus relations for device SWD\DRIVERENUM\AMDOCL&5&2b152539&0"
"11:10:45.0860836","Kernel-PnP","222","시작",,"End querying bus relations for device SWD\DRIVERENUM\AMDOCL&5&2b152539&0"
"11:10:45.0860881","Kernel-PnP","220","시작",,"Begin querying bus relations for device SWD\DRIVERENUM\AMDWIN&5&2b152539&0"
"11:10:45.0860887","Kernel-PnP","222","시작",,"End querying bus relations for device SWD\DRIVERENUM\AMDWIN&5&2b152539&0"
"11:10:45.0860938","Kernel-PnP","220","시작",,"Begin querying bus relations for device PCI\VEN_1002&DEV_1640&SUBSYS_16401002&REV_00\4&16012499&0&0141"
"11:10:45.1167746","Kernel-PnP","222","시작",,"End querying bus relations for device PCI\VEN_1002&DEV_1640&SUBSYS_16401002&REV_00\4&16012499&0&0141"
"11:10:45.1167979","Kernel-PnP","220","시작",,"Begin querying bus relations for device HDAUDIO\FUNC_01&VEN_1002&DEV_AA01&SUBSYS_00AA0100&REV_1008\5&28a47e64&0&0001"
"11:10:45.1334148","Kernel-PnP","222","시작",,"End querying bus relations for device HDAUDIO\FUNC_01&VEN_1002&DEV_AA01&SUBSYS_00AA0100&REV_1008\5&28a47e64&0&0001"
"11:10:45.1334296","Kernel-PnP","220","시작",,"Begin querying bus relations for device PCI\VEN_1022&DEV_1649&SUBSYS_16491022&REV_00\4&16012499&0&0241"
"11:10:45.1636107","Kernel-PnP","222","시작",,"End querying bus relations for device PCI\VEN_1022&DEV_1649&SUBSYS_16491022&REV_00\4&16012499&0&0241"
"11:10:45.1636235","Kernel-PnP","220","시작",,"Begin querying bus relations for device PCI\VEN_1022&DEV_15B6&SUBSYS_50071458&REV_00\4&16012499&0&0341"
"11:10:45.1765931","Kernel-PnP","222","시작",,"End querying bus relations for device PCI\VEN_1022&DEV_15B6&SUBSYS_50071458&REV_00\4&16012499&0&0341"
"11:10:45.1766048","Kernel-PnP","220","시작",,"Begin querying bus relations for device USB\ROOT_HUB30\5&b188857&0&0"
"11:10:45.1767356","Kernel-PnP","222","시작",,"End querying bus relations for device USB\ROOT_HUB30\5&b188857&0&0"
"11:10:45.1767470","Kernel-PnP","220","시작",,"Begin querying bus relations for device PCI\VEN_1022&DEV_15B7&SUBSYS_50071458&REV_00\4&16012499&0&0441"
"11:10:45.1896089","Kernel-PnP","222","시작",,"End querying bus relations for device PCI\VEN_1022&DEV_15B7&SUBSYS_50071458&REV_00\4&16012499&0&0441"
"11:10:45.1896193","Kernel-PnP","220","시작",,"Begin querying bus relations for device USB\ROOT_HUB30\5&18297c0c&0&0"
"11:10:45.1897454","Kernel-PnP","222","시작",,"End querying bus relations for device USB\ROOT_HUB30\5&18297c0c&0&0"
"11:10:45.1897560","Kernel-PnP","220","시작",,"Begin querying bus relations for device PCI\VEN_1022&DEV_15E3&SUBSYS_A0C31458&REV_00\4&16012499&0&0641"
"11:10:45.1897647","Kernel-PnP","222","시작",,"End querying bus relations for device PCI\VEN_1022&DEV_15E3&SUBSYS_A0C31458&REV_00\4&16012499&0&0641"
"11:10:45.1897712","Kernel-PnP","220","시작",,"Begin querying bus relations for device HDAUDIO\FUNC_01&VEN_10EC&DEV_1220&SUBSYS_1458A0C3&REV_1001\5&32442090&0&0001"
"11:10:45.1897800","Kernel-PnP","222","시작",,"End querying bus relations for device HDAUDIO\FUNC_01&VEN_10EC&DEV_1220&SUBSYS_1458A0C3&REV_1001\5&32442090&0&0001"
"11:10:45.1897916","Kernel-PnP","220","시작",,"Begin querying bus relations for device SWD\DRIVERENUM\{c3a63edd-2d27-4b66-b155-5e94b43d926a}#RealtekAPO&6&2b941894&0"
"11:10:45.1897924","Kernel-PnP","222","시작",,"End querying bus relations for device SWD\DRIVERENUM\{c3a63edd-2d27-4b66-b155-5e94b43d926a}#RealtekAPO&6&2b941894&0"
"11:10:45.1897971","Kernel-PnP","220","시작",,"Begin querying bus relations for device SWD\DRIVERENUM\{c3a63edd-2d27-4b66-b155-5e94b43d926a}#RealtekASIO&6&2b941894&0"
"11:10:45.1897977","Kernel-PnP","222","시작",,"End querying bus relations for device SWD\DRIVERENUM\{c3a63edd-2d27-4b66-b155-5e94b43d926a}#RealtekASIO&6&2b941894&0"
"11:10:45.1898018","Kernel-PnP","220","시작",,"Begin querying bus relations for device SWD\DRIVERENUM\{c3a63edd-2d27-4b66-b155-5e94b43d926a}#RealtekHSA&6&2b941894&0"
"11:10:45.1898023","Kernel-PnP","222","시작",,"End querying bus relations for device SWD\DRIVERENUM\{c3a63edd-2d27-4b66-b155-5e94b43d926a}#RealtekHSA&6&2b941894&0"
"11:10:45.1898063","Kernel-PnP","220","시작",,"Begin querying bus relations for device SWD\DRIVERENUM\{c3a63edd-2d27-4b66-b155-5e94b43d926a}#RealtekSRV&6&2b941894&0"
"11:10:45.1898069","Kernel-PnP","222","시작",,"End querying bus relations for device SWD\DRIVERENUM\{c3a63edd-2d27-4b66-b155-5e94b43d926a}#RealtekSRV&6&2b941894&0"
"11:10:45.1898109","Kernel-PnP","220","시작",,"Begin querying bus relations for device SWD\MMDEVAPI\{0.0.0.00000000}.{261c1393-3b50-4724-b8eb-f908e61492b3}"
"11:10:45.1898115","Kernel-PnP","222","시작",,"End querying bus relations for device SWD\MMDEVAPI\{0.0.0.00000000}.{261c1393-3b50-4724-b8eb-f908e61492b3}"
"11:10:45.1898158","Kernel-PnP","220","시작",,"Begin querying bus relations for device SWD\MMDEVAPI\{0.0.0.00000000}.{745338cb-4004-4003-ac14-505217d00453}"
"11:10:45.1898163","Kernel-PnP","222","시작",,"End querying bus relations for device SWD\MMDEVAPI\{0.0.0.00000000}.{745338cb-4004-4003-ac14-505217d00453}"
"11:10:45.1898205","Kernel-PnP","220","시작",,"Begin querying bus relations for device PCI\VEN_1022&DEV_14DD&SUBSYS_14DD1022&REV_00\3&11583659&0&43"
"11:10:45.1898801","Kernel-PnP","222","시작",,"End querying bus relations for device PCI\VEN_1022&DEV_14DD&SUBSYS_14DD1022&REV_00\3&11583659&0&43"
"11:10:45.1898859","Kernel-PnP","220","시작",,"Begin querying bus relations for device PCI\VEN_1022&DEV_15B8&SUBSYS_50071458&REV_00\4&2c288d56&0&0043"
"11:10:45.1898947","Kernel-PnP","222","시작",,"End querying bus relations for device PCI\VEN_1022&DEV_15B8&SUBSYS_50071458&REV_00\4&2c288d56&0&0043"
"11:10:45.1899001","Kernel-PnP","220","시작",,"Begin querying bus relations for device USB\ROOT_HUB30\5&2de1419a&0&0"
"11:10:45.1899097","Kernel-PnP","222","시작",,"End querying bus relations for device USB\ROOT_HUB30\5&2de1419a&0&0"
"11:10:45.1899153","Kernel-PnP","220","시작",,"Begin querying bus relations for device USB\VID_05E3&PID_0608\6&26c36cb0&0&1"
"11:10:45.1899234","Kernel-PnP","222","시작",,"End querying bus relations for device USB\VID_05E3&PID_0608\6&26c36cb0&0&1"
"11:10:45.1899294","Kernel-PnP","220","시작",,"Begin querying bus relations for device USB\VID_046D&PID_C53F\7&1441131d&0&1"
"11:10:45.1899353","Kernel-PnP","222","시작",,"End querying bus relations for device USB\VID_046D&PID_C53F\7&1441131d&0&1"
"11:10:45.1899415","Kernel-PnP","220","시작",,"Begin querying bus relations for device USB\VID_046D&PID_C53F&MI_00\8&1e3801b7&0&0000"
"11:10:45.1899476","Kernel-PnP","222","시작",,"End querying bus relations for device USB\VID_046D&PID_C53F&MI_00\8&1e3801b7&0&0000"
"11:10:45.1899533","Kernel-PnP","220","시작",,"Begin querying bus relations for device HID\VID_046D&PID_C53F&MI_00\9&2297a1be&0&0000"
"11:10:45.1899554","Kernel-PnP","222","시작",,"End querying bus relations for device HID\VID_046D&PID_C53F&MI_00\9&2297a1be&0&0000"
"11:10:45.1899599","Kernel-PnP","220","시작",,"Begin querying bus relations for device USB\VID_046D&PID_C53F&MI_01\8&1e3801b7&0&0001"
"11:10:45.1899629","Kernel-PnP","222","시작",,"End querying bus relations for device USB\VID_046D&PID_C53F&MI_01\8&1e3801b7&0&0001"
"11:10:45.1899685","Kernel-PnP","220","시작",,"Begin querying bus relations for device HID\VID_046D&PID_C53F&MI_01&Col01\9&6c0c26b&0&0000"
"11:10:45.1899705","Kernel-PnP","222","시작",,"End querying bus relations for device HID\VID_046D&PID_C53F&MI_01&Col01\9&6c0c26b&0&0000"
"11:10:45.1899748","Kernel-PnP","220","시작",,"Begin querying bus relations for device HID\VID_046D&PID_C53F&MI_01&Col02\9&6c0c26b&0&0001"
"11:10:45.1899756","Kernel-PnP","222","시작",,"End querying bus relations for device HID\VID_046D&PID_C53F&MI_01&Col02\9&6c0c26b&0&0001"
"11:10:45.1899797","Kernel-PnP","220","시작",,"Begin querying bus relations for device HID\VID_046D&PID_C53F&MI_01&Col03\9&6c0c26b&0&0002"
"11:10:45.1899804","Kernel-PnP","222","시작",,"End querying bus relations for device HID\VID_046D&PID_C53F&MI_01&Col03\9&6c0c26b&0&0002"
"11:10:45.1899844","Kernel-PnP","220","시작",,"Begin querying bus relations for device HID\VID_046D&PID_C53F&MI_01&Col04\9&6c0c26b&0&0003"
"11:10:45.1899852","Kernel-PnP","222","시작",,"End querying bus relations for device HID\VID_046D&PID_C53F&MI_01&Col04\9&6c0c26b&0&0003"
"11:10:45.1899892","Kernel-PnP","220","시작",,"Begin querying bus relations for device USB\VID_046D&PID_C53F&MI_02\8&1e3801b7&0&0002"
"11:10:45.1899919","Kernel-PnP","222","시작",,"End querying bus relations for device USB\VID_046D&PID_C53F&MI_02\8&1e3801b7&0&0002"
"11:10:45.1899973","Kernel-PnP","220","시작",,"Begin querying bus relations for device HID\VID_046D&PID_C53F&MI_02&Col01\9&1e844eb0&0&0000"
"11:10:45.1899980","Kernel-PnP","222","시작",,"End querying bus relations for device HID\VID_046D&PID_C53F&MI_02&Col01\9&1e844eb0&0&0000"
"11:10:45.1900020","Kernel-PnP","220","시작",,"Begin querying bus relations for device HID\VID_046D&PID_C53F&MI_02&Col02\9&1e844eb0&0&0001"
"11:10:45.1900027","Kernel-PnP","222","시작",,"End querying bus relations for device HID\VID_046D&PID_C53F&MI_02&Col02\9&1e844eb0&0&0001"
"11:10:45.1900069","Kernel-PnP","220","시작",,"Begin querying bus relations for device HID\VID_046D&PID_C53F&MI_02&Col03\9&1e844eb0&0&0002"
"11:10:45.1900076","Kernel-PnP","222","시작",,"End querying bus relations for device HID\VID_046D&PID_C53F&MI_02&Col03\9&1e844eb0&0&0002"
"11:10:45.1900117","Kernel-PnP","220","시작",,"Begin querying bus relations for device USB\VID_046D&PID_C53F&LAMPARRAY\8&1e3801b7&0&1_Slot00"
"11:10:45.1900125","Kernel-PnP","222","시작",,"End querying bus relations for device USB\VID_046D&PID_C53F&LAMPARRAY\8&1e3801b7&0&1_Slot00"
"11:10:45.1900167","Kernel-PnP","220","시작",,"Begin querying bus relations for device USB\VID_046D&PID_C53F&LAMPARRAY\8&1e3801b7&0&1_Slot01"
"11:10:45.1900177","Kernel-PnP","222","시작",,"End querying bus relations for device USB\VID_046D&PID_C53F&LAMPARRAY\8&1e3801b7&0&1_Slot01"
"11:10:45.1900222","Kernel-PnP","220","시작",,"Begin querying bus relations for device USB\VID_046D&PID_C53F&LAMPARRAY\8&1e3801b7&0&1_Slot02"
"11:10:45.1900234","Kernel-PnP","222","시작",,"End querying bus relations for device USB\VID_046D&PID_C53F&LAMPARRAY\8&1e3801b7&0&1_Slot02"
"11:10:45.1900278","Kernel-PnP","220","시작",,"Begin querying bus relations for device USB\VID_046D&PID_C53F&LAMPARRAY\8&1e3801b7&0&1_Slot03"
"11:10:45.1900288","Kernel-PnP","222","시작",,"End querying bus relations for device USB\VID_046D&PID_C53F&LAMPARRAY\8&1e3801b7&0&1_Slot03"
"11:10:45.1900329","Kernel-PnP","220","시작",,"Begin querying bus relations for device USB\VID_046D&PID_C53F&LAMPARRAY\8&1e3801b7&0&1_Slot04"
"11:10:45.1900338","Kernel-PnP","222","시작",,"End querying bus relations for device USB\VID_046D&PID_C53F&LAMPARRAY\8&1e3801b7&0&1_Slot04"
"11:10:45.1900377","Kernel-PnP","220","시작",,"Begin querying bus relations for device USB\VID_046D&PID_C53F&LAMPARRAY\8&1e3801b7&0&1_Slot05"
"11:10:45.1900387","Kernel-PnP","222","시작",,"End querying bus relations for device USB\VID_046D&PID_C53F&LAMPARRAY\8&1e3801b7&0&1_Slot05"
"11:10:45.1900427","Kernel-PnP","220","시작",,"Begin querying bus relations for device USB\VID_046D&PID_C53F&LAMPARRAY\8&1e3801b7&0&1_Slot06"
"11:10:45.1900435","Kernel-PnP","222","시작",,"End querying bus relations for device USB\VID_046D&PID_C53F&LAMPARRAY\8&1e3801b7&0&1_Slot06"
"11:10:45.1900477","Kernel-PnP","220","시작",,"Begin querying bus relations for device USB\VID_046D&PID_C52B\7&1441131d&0&3"
"11:10:45.1900495","Kernel-PnP","222","시작",,"End querying bus relations for device USB\VID_046D&PID_C52B\7&1441131d&0&3"
"11:10:45.1900545","Kernel-PnP","220","시작",,"Begin querying bus relations for device USB\VID_046D&PID_C52B&MI_00\8&2ad984dd&0&0000"
"11:10:45.1900575","Kernel-PnP","222","시작",,"End querying bus relations for device USB\VID_046D&PID_C52B&MI_00\8&2ad984dd&0&0000"
"11:10:45.1900635","Kernel-PnP","220","시작",,"Begin querying bus relations for device HID\VID_046D&PID_C52B&MI_00\9&131befe1&0&0000"
"11:10:45.1900646","Kernel-PnP","222","시작",,"End querying bus relations for device HID\VID_046D&PID_C52B&MI_00\9&131befe1&0&0000"
"11:10:45.1900685","Kernel-PnP","220","시작",,"Begin querying bus relations for device USB\VID_046D&PID_C52B&MI_01\8&2ad984dd&0&0001"
"11:10:45.1900710","Kernel-PnP","222","시작",,"End querying bus relations for device USB\VID_046D&PID_C52B&MI_01\8&2ad984dd&0&0001"
"11:10:45.1900779","Kernel-PnP","220","시작",,"Begin querying bus relations for device HID\VID_046D&PID_C52B&MI_01&Col01\9&36f32da3&0&0000"
"11:10:45.1900790","Kernel-PnP","222","시작",,"End querying bus relations for device HID\VID_046D&PID_C52B&MI_01&Col01\9&36f32da3&0&0000"
"11:10:45.1900829","Kernel-PnP","220","시작",,"Begin querying bus relations for device HID\VID_046D&PID_C52B&MI_01&Col02\9&36f32da3&0&0001"
"11:10:45.1900837","Kernel-PnP","222","시작",,"End querying bus relations for device HID\VID_046D&PID_C52B&MI_01&Col02\9&36f32da3&0&0001"
"11:10:45.1900879","Kernel-PnP","220","시작",,"Begin querying bus relations for device HID\VID_046D&PID_C52B&MI_01&Col03\9&36f32da3&0&0002"
"11:10:45.1900887","Kernel-PnP","222","시작",,"End querying bus relations for device HID\VID_046D&PID_C52B&MI_01&Col03\9&36f32da3&0&0002"
"11:10:45.1900930","Kernel-PnP","220","시작",,"Begin querying bus relations for device HID\VID_046D&PID_C52B&MI_01&Col04\9&36f32da3&0&0003"
"11:10:45.1900936","Kernel-PnP","222","시작",,"End querying bus relations for device HID\VID_046D&PID_C52B&MI_01&Col04\9&36f32da3&0&0003"
"11:10:45.1900975","Kernel-PnP","220","시작",,"Begin querying bus relations for device SWD\DRIVERENUM\{cbfe3ef1-4946-11f1-aa97-0ed72144c585}#logi_download_assistant_component&9&36f32da3&0"
"11:10:45.1900982","Kernel-PnP","222","시작",,"End querying bus relations for device SWD\DRIVERENUM\{cbfe3ef1-4946-11f1-aa97-0ed72144c585}#logi_download_assistant_component&9&36f32da3&0"
"11:10:45.1901024","Kernel-PnP","220","시작",,"Begin querying bus relations for device USB\VID_046D&PID_C52B&MI_02\8&2ad984dd&0&0002"
"11:10:45.1901050","Kernel-PnP","222","시작",,"End querying bus relations for device USB\VID_046D&PID_C52B&MI_02\8&2ad984dd&0&0002"
"11:10:45.1901109","Kernel-PnP","220","시작",,"Begin querying bus relations for device HID\VID_046D&PID_C52B&MI_02&Col01\9&1f2fa15e&0&0000"
"11:10:45.1901116","Kernel-PnP","222","시작",,"End querying bus relations for device HID\VID_046D&PID_C52B&MI_02&Col01\9&1f2fa15e&0&0000"
"11:10:45.1901155","Kernel-PnP","220","시작",,"Begin querying bus relations for device HID\VID_046D&PID_C52B&MI_02&Col02\9&1f2fa15e&0&0001"
"11:10:45.1901162","Kernel-PnP","222","시작",,"End querying bus relations for device HID\VID_046D&PID_C52B&MI_02&Col02\9&1f2fa15e&0&0001"
"11:10:45.1901199","Kernel-PnP","220","시작",,"Begin querying bus relations for device HID\VID_046D&PID_C52B&MI_02&Col03\9&1f2fa15e&0&0002"
"11:10:45.1901206","Kernel-PnP","222","시작",,"End querying bus relations for device HID\VID_046D&PID_C52B&MI_02&Col03\9&1f2fa15e&0&0002"
"11:10:45.1901301","Kernel-PnP","220","시작",,"Begin querying bus relations for device USB\VID_046D&PID_C548\7&1441131d&0&4"
"11:10:45.1901318","Kernel-PnP","222","시작",,"End querying bus relations for device USB\VID_046D&PID_C548\7&1441131d&0&4"
"11:10:45.1901374","Kernel-PnP","220","시작",,"Begin querying bus relations for device USB\VID_046D&PID_C548&MI_00\8&2d3bc3f8&0&0000"
"11:10:45.1901398","Kernel-PnP","222","시작",,"End querying bus relations for device USB\VID_046D&PID_C548&MI_00\8&2d3bc3f8&0&0000"
"11:10:45.1901442","Kernel-PnP","220","시작",,"Begin querying bus relations for device HID\VID_046D&PID_C548&MI_00\9&29112ca5&0&0000"
"11:10:45.1901451","Kernel-PnP","222","시작",,"End querying bus relations for device HID\VID_046D&PID_C548&MI_00\9&29112ca5&0&0000"
"11:10:45.1901491","Kernel-PnP","220","시작",,"Begin querying bus relations for device USB\VID_046D&PID_C548&MI_01\8&2d3bc3f8&0&0001"
"11:10:45.1901515","Kernel-PnP","222","시작",,"End querying bus relations for device USB\VID_046D&PID_C548&MI_01\8&2d3bc3f8&0&0001"
"11:10:45.1901569","Kernel-PnP","220","시작",,"Begin querying bus relations for device HID\VID_046D&PID_C548&MI_01&Col01\9&539eee3&0&0000"
"11:10:45.1901580","Kernel-PnP","222","시작",,"End querying bus relations for device HID\VID_046D&PID_C548&MI_01&Col01\9&539eee3&0&0000"
"11:10:45.1901621","Kernel-PnP","220","시작",,"Begin querying bus relations for device HID\VID_046D&PID_C548&MI_01&Col02\9&539eee3&0&0001"
"11:10:45.1901628","Kernel-PnP","222","시작",,"End querying bus relations for device HID\VID_046D&PID_C548&MI_01&Col02\9&539eee3&0&0001"
"11:10:45.1901665","Kernel-PnP","220","시작",,"Begin querying bus relations for device HID\VID_046D&PID_C548&MI_01&Col03\9&539eee3&0&0002"
"11:10:45.1901672","Kernel-PnP","222","시작",,"End querying bus relations for device HID\VID_046D&PID_C548&MI_01&Col03\9&539eee3&0&0002"
"11:10:45.1901712","Kernel-PnP","220","시작",,"Begin querying bus relations for device USB\VID_046D&PID_C548&MI_02\8&2d3bc3f8&0&0002"
"11:10:45.1901736","Kernel-PnP","222","시작",,"End querying bus relations for device USB\VID_046D&PID_C548&MI_02\8&2d3bc3f8&0&0002"
"11:10:45.1901781","Kernel-PnP","220","시작",,"Begin querying bus relations for device HID\VID_046D&PID_C548&MI_02&Col01\9&1cfd7b28&0&0000"
"11:10:45.1901787","Kernel-PnP","222","시작",,"End querying bus relations for device HID\VID_046D&PID_C548&MI_02&Col01\9&1cfd7b28&0&0000"
"11:10:45.1901827","Kernel-PnP","220","시작",,"Begin querying bus relations for device HID\VID_046D&PID_C548&MI_02&Col02\9&1cfd7b28&0&0001"
"11:10:45.1901835","Kernel-PnP","222","시작",,"End querying bus relations for device HID\VID_046D&PID_C548&MI_02&Col02\9&1cfd7b28&0&0001"
"11:10:45.1902181","Kernel-PnP","220","시작",,"Begin querying bus relations for device PCI\VEN_1022&DEV_790E&SUBSYS_B0A11458&REV_51\3&11583659&0&A3"
"11:10:45.1904249","Kernel-PnP","222","시작",,"End querying bus relations for device PCI\VEN_1022&DEV_790E&SUBSYS_B0A11458&REV_51\3&11583659&0&A3"
"11:10:45.1904755","Kernel-PnP","220","시작",,"Begin querying bus relations for device ACPI\PNP0B00\4&711d042&0"
"11:10:45.1904768","Kernel-PnP","222","시작",,"End querying bus relations for device ACPI\PNP0B00\4&711d042&0"
"11:10:45.1905091","Kernel-PnP","220","시작",,"Begin querying bus relations for device ACPI\PNP0501\0"
"11:10:45.1905314","Kernel-PnP","222","시작",,"End querying bus relations for device ACPI\PNP0501\0"
"11:10:45.1905375","Kernel-PnP","220","시작",,"Begin querying bus relations for device PCI\VEN_1022&DEV_14E0&SUBSYS_00000000&REV_00\3&11583659&0&C0"
"11:10:45.1905381","Kernel-PnP","222","시작",,"End querying bus relations for device PCI\VEN_1022&DEV_14E0&SUBSYS_00000000&REV_00\3&11583659&0&C0"
"11:10:45.1905420","Kernel-PnP","220","시작",,"Begin querying bus relations for device PCI\VEN_1022&DEV_14E1&SUBSYS_00000000&REV_00\3&11583659&0&C1"
"11:10:45.1905427","Kernel-PnP","222","시작",,"End querying bus relations for device PCI\VEN_1022&DEV_14E1&SUBSYS_00000000&REV_00\3&11583659&0&C1"
"11:10:45.1905468","Kernel-PnP","220","시작",,"Begin querying bus relations for device PCI\VEN_1022&DEV_14E2&SUBSYS_00000000&REV_00\3&11583659&0&C2"
"11:10:45.1905476","Kernel-PnP","222","시작",,"End querying bus relations for device PCI\VEN_1022&DEV_14E2&SUBSYS_00000000&REV_00\3&11583659&0&C2"
"11:10:45.1905518","Kernel-PnP","220","시작",,"Begin querying bus relations for device PCI\VEN_1022&DEV_14E3&SUBSYS_00000000&REV_00\3&11583659&0&C3"
"11:10:45.1905524","Kernel-PnP","222","시작",,"End querying bus relations for device PCI\VEN_1022&DEV_14E3&SUBSYS_00000000&REV_00\3&11583659&0&C3"
"11:10:45.1905564","Kernel-PnP","220","시작",,"Begin querying bus relations for device PCI\VEN_1022&DEV_14E4&SUBSYS_00000000&REV_00\3&11583659&0&C4"
"11:10:45.1905571","Kernel-PnP","222","시작",,"End querying bus relations for device PCI\VEN_1022&DEV_14E4&SUBSYS_00000000&REV_00\3&11583659&0&C4"
"11:10:45.1905610","Kernel-PnP","220","시작",,"Begin querying bus relations for device PCI\VEN_1022&DEV_14E5&SUBSYS_00000000&REV_00\3&11583659&0&C5"
"11:10:45.1905617","Kernel-PnP","222","시작",,"End querying bus relations for device PCI\VEN_1022&DEV_14E5&SUBSYS_00000000&REV_00\3&11583659&0&C5"
"11:10:45.1905657","Kernel-PnP","220","시작",,"Begin querying bus relations for device PCI\VEN_1022&DEV_14E6&SUBSYS_00000000&REV_00\3&11583659&0&C6"
"11:10:45.1905664","Kernel-PnP","222","시작",,"End querying bus relations for device PCI\VEN_1022&DEV_14E6&SUBSYS_00000000&REV_00\3&11583659&0&C6"
"11:10:45.1905704","Kernel-PnP","220","시작",,"Begin querying bus relations for device PCI\VEN_1022&DEV_14E7&SUBSYS_00000000&REV_00\3&11583659&0&C7"
"11:10:45.1905712","Kernel-PnP","222","시작",,"End querying bus relations for device PCI\VEN_1022&DEV_14E7&SUBSYS_00000000&REV_00\3&11583659&0&C7"
"11:10:45.1906282","Kernel-PnP","220","시작",,"Begin querying bus relations for device ACPI\MSFT0101\1"
"11:10:45.1910250","Kernel-PnP","222","시작",,"End querying bus relations for device ACPI\MSFT0101\1"
"11:10:45.1910358","Kernel-PnP","220","시작",,"Begin querying bus relations for device ACPI\PNP0C0C\aa"
"11:10:45.1910381","Kernel-PnP","222","시작",,"End querying bus relations for device ACPI\PNP0C0C\aa"
"11:10:45.1910442","Kernel-PnP","220","시작",,"Begin querying bus relations for device ACPI\AMDI0030\0"
"11:10:45.1910817","Kernel-PnP","222","시작",,"End querying bus relations for device ACPI\AMDI0030\0"
"11:10:45.1910933","Kernel-PnP","220","시작",,"Begin querying bus relations for device ACPI\AMDI0052\2&daba3ff&0"
"11:10:45.1911025","Kernel-PnP","222","시작",,"End querying bus relations for device ACPI\AMDI0052\2&daba3ff&0"
"11:10:45.1911185","Kernel-PnP","220","시작",,"Begin querying bus relations for device ACPI\AMDI0010\0"
"11:10:45.1913055","Kernel-PnP","222","시작",,"End querying bus relations for device ACPI\AMDI0010\0"
"11:10:45.1913129","Kernel-PnP","220","시작",,"Begin querying bus relations for device ACPI\AMDI0010\1"
"11:10:45.1914816","Kernel-PnP","222","시작",,"End querying bus relations for device ACPI\AMDI0010\1"
"11:10:45.1914882","Kernel-PnP","220","시작",,"Begin querying bus relations for device ACPI\MSFT8000\1"
"11:10:45.1914960","Kernel-PnP","222","시작",,"End querying bus relations for device ACPI\MSFT8000\1"
"11:10:45.1915016","Kernel-PnP","220","시작",,"Begin querying bus relations for device ACPI\PNP0C14\GSADEV0"
"11:10:45.1915085","Kernel-PnP","222","시작",,"End querying bus relations for device ACPI\PNP0C14\GSADEV0"
"11:10:45.1915139","Kernel-PnP","220","시작",,"Begin querying bus relations for device ACPI\ThermalZone\TZ10"
"11:10:45.1915201","Kernel-PnP","222","시작",,"End querying bus relations for device ACPI\ThermalZone\TZ10"
"11:10:45.1915586","Kernel-PnP","220","시작",,"Begin querying bus relations for device ACPI\ACPI0010\1"
"11:10:45.1915879","Kernel-PnP","222","시작",,"End querying bus relations for device ACPI\ACPI0010\1"
"11:10:45.1915947","Kernel-PnP","220","시작",,"Begin querying bus relations for device ACPI\AuthenticAMD_-_AMD64_Family_26_Model_68_-_AMD_Ryzen_5_9600X_6-Core_Processor_____________\0"
"11:10:45.1915976","Kernel-PnP","222","시작",,"End querying bus relations for device ACPI\AuthenticAMD_-_AMD64_Family_26_Model_68_-_AMD_Ryzen_5_9600X_6-Core_Processor_____________\0"
"11:10:45.1916021","Kernel-PnP","220","시작",,"Begin querying bus relations for device ACPI\AuthenticAMD_-_AMD64_Family_26_Model_68_-_AMD_Ryzen_5_9600X_6-Core_Processor_____________\1"
"11:10:45.1916046","Kernel-PnP","222","시작",,"End querying bus relations for device ACPI\AuthenticAMD_-_AMD64_Family_26_Model_68_-_AMD_Ryzen_5_9600X_6-Core_Processor_____________\1"
"11:10:45.1916102","Kernel-PnP","220","시작",,"Begin querying bus relations for device ACPI\AuthenticAMD_-_AMD64_Family_26_Model_68_-_AMD_Ryzen_5_9600X_6-Core_Processor_____________\2"
"11:10:45.1916125","Kernel-PnP","222","시작",,"End querying bus relations for device ACPI\AuthenticAMD_-_AMD64_Family_26_Model_68_-_AMD_Ryzen_5_9600X_6-Core_Processor_____________\2"
"11:10:45.1916168","Kernel-PnP","220","시작",,"Begin querying bus relations for device ACPI\AuthenticAMD_-_AMD64_Family_26_Model_68_-_AMD_Ryzen_5_9600X_6-Core_Processor_____________\3"
"11:10:45.1916192","Kernel-PnP","222","시작",,"End querying bus relations for device ACPI\AuthenticAMD_-_AMD64_Family_26_Model_68_-_AMD_Ryzen_5_9600X_6-Core_Processor_____________\3"
"11:10:45.1916237","Kernel-PnP","220","시작",,"Begin querying bus relations for device ACPI\AuthenticAMD_-_AMD64_Family_26_Model_68_-_AMD_Ryzen_5_9600X_6-Core_Processor_____________\4"
"11:10:45.1916258","Kernel-PnP","222","시작",,"End querying bus relations for device ACPI\AuthenticAMD_-_AMD64_Family_26_Model_68_-_AMD_Ryzen_5_9600X_6-Core_Processor_____________\4"
"11:10:45.1916312","Kernel-PnP","220","시작",,"Begin querying bus relations for device ACPI\AuthenticAMD_-_AMD64_Family_26_Model_68_-_AMD_Ryzen_5_9600X_6-Core_Processor_____________\5"
"11:10:45.1916333","Kernel-PnP","222","시작",,"End querying bus relations for device ACPI\AuthenticAMD_-_AMD64_Family_26_Model_68_-_AMD_Ryzen_5_9600X_6-Core_Processor_____________\5"
"11:10:45.1916375","Kernel-PnP","220","시작",,"Begin querying bus relations for device ACPI\AuthenticAMD_-_AMD64_Family_26_Model_68_-_AMD_Ryzen_5_9600X_6-Core_Processor_____________\6"
"11:10:45.1916397","Kernel-PnP","222","시작",,"End querying bus relations for device ACPI\AuthenticAMD_-_AMD64_Family_26_Model_68_-_AMD_Ryzen_5_9600X_6-Core_Processor_____________\6"
"11:10:45.1916442","Kernel-PnP","220","시작",,"Begin querying bus relations for device ACPI\AuthenticAMD_-_AMD64_Family_26_Model_68_-_AMD_Ryzen_5_9600X_6-Core_Processor_____________\7"
"11:10:45.1916465","Kernel-PnP","222","시작",,"End querying bus relations for device ACPI\AuthenticAMD_-_AMD64_Family_26_Model_68_-_AMD_Ryzen_5_9600X_6-Core_Processor_____________\7"
"11:10:45.1916507","Kernel-PnP","220","시작",,"Begin querying bus relations for device ACPI\AuthenticAMD_-_AMD64_Family_26_Model_68_-_AMD_Ryzen_5_9600X_6-Core_Processor_____________\8"
"11:10:45.1916531","Kernel-PnP","222","시작",,"End querying bus relations for device ACPI\AuthenticAMD_-_AMD64_Family_26_Model_68_-_AMD_Ryzen_5_9600X_6-Core_Processor_____________\8"
"11:10:45.1916584","Kernel-PnP","220","시작",,"Begin querying bus relations for device ACPI\AuthenticAMD_-_AMD64_Family_26_Model_68_-_AMD_Ryzen_5_9600X_6-Core_Processor_____________\9"
"11:10:45.1916607","Kernel-PnP","222","시작",,"End querying bus relations for device ACPI\AuthenticAMD_-_AMD64_Family_26_Model_68_-_AMD_Ryzen_5_9600X_6-Core_Processor_____________\9"
"11:10:45.1916661","Kernel-PnP","220","시작",,"Begin querying bus relations for device ACPI\AuthenticAMD_-_AMD64_Family_26_Model_68_-_AMD_Ryzen_5_9600X_6-Core_Processor_____________\a"
"11:10:45.1916684","Kernel-PnP","222","시작",,"End querying bus relations for device ACPI\AuthenticAMD_-_AMD64_Family_26_Model_68_-_AMD_Ryzen_5_9600X_6-Core_Processor_____________\a"
"11:10:45.1916738","Kernel-PnP","220","시작",,"Begin querying bus relations for device ACPI\AuthenticAMD_-_AMD64_Family_26_Model_68_-_AMD_Ryzen_5_9600X_6-Core_Processor_____________\b"
"11:10:45.1916762","Kernel-PnP","222","시작",,"End querying bus relations for device ACPI\AuthenticAMD_-_AMD64_Family_26_Model_68_-_AMD_Ryzen_5_9600X_6-Core_Processor_____________\b"
"11:10:45.1916813","Kernel-PnP","220","시작",,"Begin querying bus relations for device ACPI\AMDI0204\2&daba3ff&0"
"11:10:45.1916881","Kernel-PnP","222","시작",,"End querying bus relations for device ACPI\AMDI0204\2&daba3ff&0"
"11:10:45.1916933","Kernel-PnP","220","시작",,"Begin querying bus relations for device ACPI\PNP0C14\AOD"
"11:10:45.1917003","Kernel-PnP","222","시작",,"End querying bus relations for device ACPI\PNP0C14\AOD"
"11:10:45.1917057","Kernel-PnP","220","시작",,"Begin querying bus relations for device ACPI\MSFT0200\1"
"11:10:45.1920811","Kernel-PnP","222","시작",,"End querying bus relations for device ACPI\MSFT0200\1"
"11:10:45.1920875","Kernel-PnP","220","시작",,"Begin querying bus relations for device ACPI\FixedButton\2&daba3ff&0"
"11:10:45.1920888","Kernel-PnP","222","시작",,"End querying bus relations for device ACPI\FixedButton\2&daba3ff&0"
"11:10:45.1920942","Kernel-PnP","220","시작",,"Begin querying bus relations for device ACPI_HAL\UEFI\0"
"11:10:45.1920959","Kernel-PnP","222","시작",,"End querying bus relations for device ACPI_HAL\UEFI\0"
"11:10:45.1921001","Kernel-PnP","220","시작",,"Begin querying bus relations for device UEFI\RES_{00000000-0000-0000-0000-000000000000}\0"
"11:10:45.1921010","Kernel-PnP","222","시작",,"End querying bus relations for device UEFI\RES_{00000000-0000-0000-0000-000000000000}\0"
"11:10:45.1921054","Kernel-PnP","220","시작",,"Begin querying bus relations for device ROOT\VPCIVSP\0000"
"11:10:45.1921076","Kernel-PnP","222","시작",,"End querying bus relations for device ROOT\VPCIVSP\0000"
"11:10:45.1921124","Kernel-PnP","220","시작",,"Begin querying bus relations for device ROOT\BasicRender\0000"
"11:10:45.1921159","Kernel-PnP","222","시작",,"End querying bus relations for device ROOT\BasicRender\0000"
"11:10:45.1921205","Kernel-PnP","220","시작",,"Begin querying bus relations for device ROOT\storvsp\0000"
"11:10:45.1921226","Kernel-PnP","222","시작",,"End querying bus relations for device ROOT\storvsp\0000"
"11:10:45.1921268","Kernel-PnP","220","시작",,"Begin querying bus relations for device ROOT\AMDLOG\0000"
"11:10:45.1921286","Kernel-PnP","222","시작",,"End querying bus relations for device ROOT\AMDLOG\0000"
"11:10:45.1921330","Kernel-PnP","220","시작",,"Begin querying bus relations for device ROOT\NdisVirtualBus\0000"
"11:10:45.1921353","Kernel-PnP","222","시작",,"End querying bus relations for device ROOT\NdisVirtualBus\0000"
"11:10:45.1921396","Kernel-PnP","220","시작",,"Begin querying bus relations for device ROOT\mssmbios\0000"
"11:10:45.1921408","Kernel-PnP","222","시작",,"End querying bus relations for device ROOT\mssmbios\0000"
"11:10:45.1921457","Kernel-PnP","220","시작",,"Begin querying bus relations for device ROOT\SYSTEM\0000"
"11:10:45.1921486","Kernel-PnP","222","시작",,"End querying bus relations for device ROOT\SYSTEM\0000"
"11:10:45.1921542","Kernel-PnP","220","시작",,"Begin querying bus relations for device ROOT\SYSTEM\0001"
"11:10:45.1921566","Kernel-PnP","222","시작",,"End querying bus relations for device ROOT\SYSTEM\0001"
"11:10:45.1921614","Kernel-PnP","220","시작",,"Begin querying bus relations for device LGHUBDevice\VID_046D&PID_C232\1&79f5d87&0&01"
"11:10:45.1921646","Kernel-PnP","222","시작",,"End querying bus relations for device LGHUBDevice\VID_046D&PID_C232\1&79f5d87&0&01"
"11:10:45.1921703","Kernel-PnP","220","시작",,"Begin querying bus relations for device HID\VID_046D&PID_C232\2&1a87f3a8&0&0000"
"11:10:45.1921719","Kernel-PnP","222","시작",,"End querying bus relations for device HID\VID_046D&PID_C232\2&1a87f3a8&0&0000"
"11:10:45.1921762","Kernel-PnP","220","시작",,"Begin querying bus relations for device ROOT\SYSTEM\0002"
"11:10:45.1921781","Kernel-PnP","222","시작",,"End querying bus relations for device ROOT\SYSTEM\0002"
"11:10:45.1921836","Kernel-PnP","220","시작",,"Begin querying bus relations for device ROOT\RDPBUS\0000"
"11:10:45.1921851","Kernel-PnP","222","시작",,"End querying bus relations for device ROOT\RDPBUS\0000"
"11:10:45.1921904","Kernel-PnP","220","시작",,"Begin querying bus relations for device SWD\COMPUTER\MFG_Gigabyte_Technology_Co.__Ltd.&FAM_B850_MB&PROD_B850M_AORUS_ELITE_WIFI7_ICE-P&SKU_Default_string"
"11:10:45.1921914","Kernel-PnP","222","시작",,"End querying bus relations for device SWD\COMPUTER\MFG_Gigabyte_Technology_Co.__Ltd.&FAM_B850_MB&PROD_B850M_AORUS_ELITE_WIFI7_ICE-P&SKU_Default_string"
"11:10:45.1921972","Kernel-PnP","220","시작",,"Begin querying bus relations for device SWD\DRIVERENUM\{96bedf2c-18cb-4a15-b821-5e95ed0fea61}#VocaEffectPack&1&2dce90cc&0"
"11:10:45.1921979","Kernel-PnP","222","시작",,"End querying bus relations for device SWD\DRIVERENUM\{96bedf2c-18cb-4a15-b821-5e95ed0fea61}#VocaEffectPack&1&2dce90cc&0"
"11:10:45.1922020","Kernel-PnP","220","시작",,"Begin querying bus relations for device SWD\RADIO\{3DB5895D-CC28-44B3-AD3D-6F01A782B8D2}"
"11:10:45.1922029","Kernel-PnP","222","시작",,"End querying bus relations for device SWD\RADIO\{3DB5895D-CC28-44B3-AD3D-6F01A782B8D2}"
"11:10:45.1922086","Kernel-PnP","220","시작",,"Begin querying bus relations for device SWD\RADIO\Bluetooth_50ee32aeff2e"
"11:10:45.1922092","Kernel-PnP","222","시작",,"End querying bus relations for device SWD\RADIO\Bluetooth_50ee32aeff2e"
"11:10:45.1922135","Kernel-PnP","220","시작",,"Begin querying bus relations for device SWD\RADIO\{2487A1BC-D114-4052-A1FF-8B0FB39BB71A}"
"11:10:45.1922141","Kernel-PnP","222","시작",,"End querying bus relations for device SWD\RADIO\{2487A1BC-D114-4052-A1FF-8B0FB39BB71A}"
"11:10:45.1922226","Kernel-PnP","220","시작",,"Begin querying bus relations for device SWD\MSDAS\{ce958e9a-424f-4c88-86f4-11314821e75a}"
"11:10:45.1922231","Kernel-PnP","222","시작",,"End querying bus relations for device SWD\MSDAS\{ce958e9a-424f-4c88-86f4-11314821e75a}"
"11:10:45.1922271","Kernel-PnP","220","시작",,"Begin querying bus relations for device SWD\MMDEVAPI\MicrosoftGSWavetableSynth"
"11:10:45.1922281","Kernel-PnP","222","시작",,"End querying bus relations for device SWD\MMDEVAPI\MicrosoftGSWavetableSynth"
"11:10:45.1922320","Kernel-PnP","220","시작",,"Begin querying bus relations for device SWD\PRINTENUM\PrintQueues"
"11:10:45.1922327","Kernel-PnP","222","시작",,"End querying bus relations for device SWD\PRINTENUM\PrintQueues"
"11:10:45.1922386","Kernel-PnP","220","시작",,"Begin querying bus relations for device SWD\PRINTENUM\{4F4DBFA8-F9F4-4861-86D0-58A09F141EEB}"
"11:10:45.1922392","Kernel-PnP","222","시작",,"End querying bus relations for device SWD\PRINTENUM\{4F4DBFA8-F9F4-4861-86D0-58A09F141EEB}"
"11:10:45.1922434","Kernel-PnP","220","시작",,"Begin querying bus relations for device SWD\PRINTENUM\{575C541D-2E72-4D8E-B570-8D04C9A6BA8E}"
"11:10:45.1922440","Kernel-PnP","222","시작",,"End querying bus relations for device SWD\PRINTENUM\{575C541D-2E72-4D8E-B570-8D04C9A6BA8E}"
"11:10:45.1922489","Kernel-PnP","220","시작",,"Begin querying bus relations for device SWD\MSRRAS\{5e259276-bc7e-40e3-b93b-8f89b5f3abc0}"
"11:10:45.1922494","Kernel-PnP","222","시작",,"End querying bus relations for device SWD\MSRRAS\{5e259276-bc7e-40e3-b93b-8f89b5f3abc0}"
"11:10:45.1922610","Kernel-PnP","220","시작",,"Begin querying bus relations for device SWD\MSRRAS\MS_SSTPMINIPORT"
"11:10:45.1922650","Kernel-PnP","222","시작",,"End querying bus relations for device SWD\MSRRAS\MS_SSTPMINIPORT"
"11:10:45.1922714","Kernel-PnP","220","시작",,"Begin querying bus relations for device SWD\MSRRAS\MS_AGILEVPNMINIPORT"
"11:10:45.1922733","Kernel-PnP","222","시작",,"End querying bus relations for device SWD\MSRRAS\MS_AGILEVPNMINIPORT"
"11:10:45.1922780","Kernel-PnP","220","시작",,"Begin querying bus relations for device SWD\MSRRAS\MS_L2TPMINIPORT"
"11:10:45.1922797","Kernel-PnP","222","시작",,"End querying bus relations for device SWD\MSRRAS\MS_L2TPMINIPORT"
"11:10:45.1922845","Kernel-PnP","220","시작",,"Begin querying bus relations for device SWD\MSRRAS\MS_PPTPMINIPORT"
"11:10:45.1922861","Kernel-PnP","222","시작",,"End querying bus relations for device SWD\MSRRAS\MS_PPTPMINIPORT"
"11:10:45.1922908","Kernel-PnP","220","시작",,"Begin querying bus relations for device SWD\MSRRAS\MS_PPPOEMINIPORT"
"11:10:45.1922924","Kernel-PnP","222","시작",,"End querying bus relations for device SWD\MSRRAS\MS_PPPOEMINIPORT"
"11:10:45.1922980","Kernel-PnP","220","시작",,"Begin querying bus relations for device SWD\MSRRAS\MS_NDISWANIP"
"11:10:45.1922996","Kernel-PnP","222","시작",,"End querying bus relations for device SWD\MSRRAS\MS_NDISWANIP"
"11:10:45.1923034","Kernel-PnP","220","시작",,"Begin querying bus relations for device SWD\MSRRAS\MS_NDISWANIPV6"
"11:10:45.1923048","Kernel-PnP","222","시작",,"End querying bus relations for device SWD\MSRRAS\MS_NDISWANIPV6"
"11:10:45.1923094","Kernel-PnP","220","시작",,"Begin querying bus relations for device SWD\MSRRAS\MS_NDISWANBH"
"11:10:45.1923109","Kernel-PnP","222","시작",,"End querying bus relations for device SWD\MSRRAS\MS_NDISWANBH"
"11:10:48.3139555","DxgKrnl","10011","정보",,""
"11:10:48.3145927","DxgKrnl","10011","정보",,""
"11:10:48.3156438","DxgKrnl","10011","정보",,""
"11:10:48.3157146","DxgKrnl","10011","정보",,""
"11:10:48.3162906","DxgKrnl","10011","정보",,""
"11:10:48.3163255","DxgKrnl","10011","정보",,""
"11:10:48.3163693","DxgKrnl","10011","정보",,""
"11:10:48.3163719","DxgKrnl","10011","정보",,""
"11:10:48.3163742","DxgKrnl","10011","정보",,""
"11:10:48.3166827","DxgKrnl","10011","정보",,""
"11:10:48.3167193","DxgKrnl","10011","정보",,""
"11:10:48.3184905","DxgKrnl","10011","정보",,""
"11:10:48.3185304","DxgKrnl","10011","정보",,""
"11:10:48.3185750","DxgKrnl","10011","정보",,""
"11:10:48.3186824","DxgKrnl","10011","정보",,""
"11:10:48.3187015","DxgKrnl","10011","정보",,""
"11:10:48.3187411","DxgKrnl","10011","정보",,""
"11:10:48.3188055","DxgKrnl","10011","정보",,""
"11:10:48.3188061","DxgKrnl","10011","정보",,""
"11:10:48.3188562","DxgKrnl","10011","정보",,""
"11:10:48.3204647","DxgKrnl","10011","정보",,""
"11:10:48.3205123","DxgKrnl","10011","정보",,""
"11:10:48.3214999","DxgKrnl","10011","정보",,""
"11:10:48.3216270","DxgKrnl","10011","정보",,""
"11:10:48.3221349","DxgKrnl","10011","정보",,""
"11:10:48.3221689","DxgKrnl","10011","정보",,""
"11:10:48.3222117","DxgKrnl","10011","정보",,""
"11:10:48.3222150","DxgKrnl","10011","정보",,""
"11:10:48.3222173","DxgKrnl","10011","정보",,""
"11:10:48.3224865","DxgKrnl","10011","정보",,""
"11:10:48.3225269","DxgKrnl","10011","정보",,""
"11:10:48.3242154","DxgKrnl","10011","정보",,""
"11:10:48.3242578","DxgKrnl","10011","정보",,""
"11:10:48.3242996","DxgKrnl","10011","정보",,""
"11:10:48.3244039","DxgKrnl","10011","정보",,""
"11:10:48.3244147","DxgKrnl","10011","정보",,""
"11:10:48.3244239","DxgKrnl","10011","정보",,""
"11:10:48.3244302","DxgKrnl","10011","정보",,""
"11:10:48.3245465","DxgKrnl","10011","정보",,""
"11:10:48.3246056","DxgKrnl","10011","정보",,""
"11:10:48.3246084","DxgKrnl","10011","정보",,""
"11:10:48.3246128","DxgKrnl","10011","정보",,""
"11:10:48.3260874","DxgKrnl","10011","정보",,""
"11:10:48.3261522","DxgKrnl","10011","정보",,""
"11:10:48.3275391","DxgKrnl","10011","정보",,""
"11:10:48.3275827","DxgKrnl","10011","정보",,""
"11:10:49.2041814","Kernel-PnP","220","시작",,"Begin querying bus relations for device ACPI\PNP0501\0"
"11:10:49.2041966","Kernel-PnP","222","시작",,"End querying bus relations for device ACPI\PNP0501\0"
"11:10:54.4080785","DxgKrnl","10011","정보",,""
"11:10:54.4089697","DxgKrnl","10011","정보",,""
"11:10:56.4634969","DxgKrnl","10011","정보",,""
"11:10:56.4635713","DxgKrnl","10011","정보",,""
"11:10:56.4643015","DxgKrnl","10011","정보",,""
"11:10:56.4643389","DxgKrnl","10011","정보",,""
"11:10:56.4643936","DxgKrnl","10011","정보",,""
"11:10:56.4643974","DxgKrnl","10011","정보",,""
"11:10:56.4643997","DxgKrnl","10011","정보",,""
"11:10:56.4648032","DxgKrnl","10011","정보",,""
"11:10:56.4648517","DxgKrnl","10011","정보",,""
"11:10:56.4786919","DxgKrnl","10011","정보",,""
"11:10:56.4787350","DxgKrnl","10011","정보",,""
"11:10:56.4787707","DxgKrnl","10011","정보",,""
"11:10:56.4793892","DxgKrnl","10011","정보",,""
"11:10:56.4794212","DxgKrnl","10011","정보",,""
"11:10:56.4794814","DxgKrnl","10011","정보",,""
"11:10:56.4795167","DxgKrnl","10011","정보",,""
"11:10:56.4795183","DxgKrnl","10011","정보",,""
"11:10:56.4795514","DxgKrnl","10011","정보",,""
"11:10:56.5322055","DxgKrnl","10011","정보",,""
"11:10:56.5322394","DxgKrnl","10011","정보",,""
"11:10:56.5322425","DxgKrnl","10011","정보",,""
"11:10:56.5323649","DxgKrnl","10011","정보",,""
"11:10:56.5323656","DxgKrnl","10011","정보",,""
"11:10:56.5324646","DxgKrnl","10011","정보",,""
"11:10:56.5340133","DxgKrnl","10011","정보",,""
"11:10:56.5340600","DxgKrnl","10011","정보",,""
"11:10:56.5343413","DxgKrnl","10011","정보",,""
"11:10:56.5343885","DxgKrnl","10011","정보",,""
"11:10:56.5366965","DxgKrnl","10011","정보",,""
"11:10:56.5372924","DxgKrnl","10011","정보",,""
"11:10:56.5391372","DxgKrnl","10011","정보",,""
"11:10:56.5391835","DxgKrnl","10011","정보",,""
"11:10:56.5407694","DxgKrnl","10011","정보",,""
"11:10:56.5408157","DxgKrnl","10011","정보",,""
"11:10:56.5452174","DxgKrnl","10011","정보",,""
"11:10:56.5452618","DxgKrnl","10011","정보",,""
"11:10:56.5517466","DxgKrnl","10011","정보",,""
"11:10:56.5517811","DxgKrnl","10011","정보",,""
"11:10:56.5518266","DxgKrnl","10011","정보",,""
"11:10:56.5518297","DxgKrnl","10011","정보",,""
"11:10:56.5518320","DxgKrnl","10011","정보",,""
"11:10:56.5521582","DxgKrnl","10011","정보",,""
"11:10:56.5521931","DxgKrnl","10011","정보",,""
"11:10:56.5539858","DxgKrnl","10011","정보",,""
"11:10:56.5540294","DxgKrnl","10011","정보",,""
"11:10:56.5541057","DxgKrnl","10011","정보",,""
"11:10:56.5541818","DxgKrnl","10011","정보",,""
"11:10:56.5542052","DxgKrnl","10011","정보",,""
"11:10:56.5542300","DxgKrnl","10011","정보",,""
"11:10:56.5542598","DxgKrnl","10011","정보",,""
"11:10:56.5544390","DxgKrnl","10011","정보",,""
"11:10:56.5544406","DxgKrnl","10011","정보",,""
"11:10:56.5576189","DxgKrnl","10011","정보",,""
"11:10:56.5576627","DxgKrnl","10011","정보",,""
"11:10:56.5595199","DxgKrnl","10011","정보",,""
"11:10:56.5595623","DxgKrnl","10011","정보",,""
"11:10:56.6086987","DxgKrnl","10011","정보",,""
"11:10:56.6378755","DxgKrnl","10011","정보",,""
"11:10:56.6379834","DxgKrnl","10011","정보",,""
"11:10:56.6380136","DxgKrnl","10011","정보",,""
"11:10:56.6383059","DxgKrnl","10011","정보",,""
"11:10:56.6383740","DxgKrnl","10011","정보",,""
"11:10:56.6389081","DxgKrnl","10011","정보",,""
"11:10:56.6389487","DxgKrnl","10011","정보",,""
"11:10:56.6422704","DxgKrnl","10011","정보",,""
"11:10:56.6422857","DxgKrnl","10011","정보",,""
"11:10:56.6423288","DxgKrnl","10011","정보",,""
"11:10:56.6512855","DxgKrnl","10011","정보",,""
"11:10:56.6513720","DxgKrnl","10011","정보",,""
"11:10:56.6565722","DxgKrnl","10011","정보",,""
"11:10:56.6574067","DxgKrnl","10011","정보",,""
"11:10:56.6574222","DxgKrnl","10011","정보",,""
"11:10:56.6574250","DxgKrnl","10011","정보",,""
"11:10:56.6576189","DxgKrnl","10011","정보",,""
"11:10:56.6576897","DxgKrnl","10011","정보",,""
"11:10:56.6715736","DxgKrnl","10011","정보",,""
"11:10:56.6716631","DxgKrnl","10011","정보",,""
"11:10:56.6716653","DxgKrnl","10011","정보",,""
"11:10:56.6717353","DxgKrnl","10011","정보",,""
"11:10:56.7493618","DxgKrnl","10011","정보",,""
"11:10:56.7499884","DxgKrnl","10011","정보",,""
"11:10:56.7563805","DxgKrnl","10011","정보",,""
"11:10:56.7564437","DxgKrnl","10011","정보",,""
"11:11:00.5880681","DxgKrnl","10011","정보",,""
"11:11:00.5881399","DxgKrnl","10011","정보",,""
"11:11:00.5887143","DxgKrnl","10011","정보",,""
"11:11:00.5887440","DxgKrnl","10011","정보",,""
"11:11:00.5887883","DxgKrnl","10011","정보",,""
"11:11:00.5887909","DxgKrnl","10011","정보",,""
"11:11:00.5887932","DxgKrnl","10011","정보",,""
"11:11:00.5891081","DxgKrnl","10011","정보",,""
"11:11:00.5891487","DxgKrnl","10011","정보",,""
"11:11:00.5912523","DxgKrnl","10011","정보",,""
"11:11:00.5913070","DxgKrnl","10011","정보",,""
"11:11:00.5913668","DxgKrnl","10011","정보",,""
"11:11:00.5914663","DxgKrnl","10011","정보",,""
"11:11:00.5914845","DxgKrnl","10011","정보",,""
"11:11:00.5915250","DxgKrnl","10011","정보",,""
"11:11:00.5915307","DxgKrnl","10011","정보",,""
"11:11:00.5916232","DxgKrnl","10011","정보",,""
"11:11:00.5916268","DxgKrnl","10011","정보",,""
"11:11:00.5934471","DxgKrnl","10011","정보",,""
"11:11:00.5935098","DxgKrnl","10011","정보",,""
"11:11:00.5947662","DxgKrnl","10011","정보",,""
"11:11:00.5948200","DxgKrnl","10011","정보",,""
"11:11:00.5953658","DxgKrnl","10011","정보",,""
"11:11:00.5953962","DxgKrnl","10011","정보",,""
"11:11:00.5954377","DxgKrnl","10011","정보",,""
"11:11:00.5954408","DxgKrnl","10011","정보",,""
"11:11:00.5954432","DxgKrnl","10011","정보",,""
"11:11:00.5957571","DxgKrnl","10011","정보",,""
"11:11:00.5957991","DxgKrnl","10011","정보",,""
"11:11:00.5975839","DxgKrnl","10011","정보",,""
"11:11:00.5976231","DxgKrnl","10011","정보",,""
"11:11:00.5976574","DxgKrnl","10011","정보",,""
"11:11:00.5977382","DxgKrnl","10011","정보",,""
"11:11:00.5977968","DxgKrnl","10011","정보",,""
"11:11:00.5978014","DxgKrnl","10011","정보",,""
"11:11:00.5978080","DxgKrnl","10011","정보",,""
"11:11:00.5978108","DxgKrnl","10011","정보",,""
"11:11:00.5979757","DxgKrnl","10011","정보",,""
"11:11:00.5979771","DxgKrnl","10011","정보",,""
"11:11:00.5979889","DxgKrnl","10011","정보",,""
"11:11:00.5995439","DxgKrnl","10011","정보",,""
"11:11:00.5995920","DxgKrnl","10011","정보",,""
"11:11:00.6012347","DxgKrnl","10011","정보",,""
"11:11:00.6012950","DxgKrnl","10011","정보",,""
"11:11:04.6257742","DxgKrnl","10011","정보",,""
"11:11:04.6265258","DxgKrnl","10011","정보",,""
"11:11:04.6274364","DxgKrnl","10011","정보",,""
"11:11:04.6274906","DxgKrnl","10011","정보",,""
"11:11:04.6280552","DxgKrnl","10011","정보",,""
"11:11:04.6280982","DxgKrnl","10011","정보",,""
"11:11:04.6281508","DxgKrnl","10011","정보",,""
"11:11:04.6281533","DxgKrnl","10011","정보",,""
"11:11:04.6281558","DxgKrnl","10011","정보",,""
"11:11:04.6284802","DxgKrnl","10011","정보",,""
"11:11:04.6285183","DxgKrnl","10011","정보",,""
"11:11:04.6302262","DxgKrnl","10011","정보",,""
"11:11:04.6302639","DxgKrnl","10011","정보",,""
"11:11:04.6303047","DxgKrnl","10011","정보",,""
"11:11:04.6304303","DxgKrnl","10011","정보",,""
"11:11:04.6304361","DxgKrnl","10011","정보",,""
"11:11:04.6304390","DxgKrnl","10011","정보",,""
"11:11:04.6305923","DxgKrnl","10011","정보",,""
"11:11:04.6306353","DxgKrnl","10011","정보",,""
"11:11:04.6306439","DxgKrnl","10011","정보",,""
"11:11:04.6306441","DxgKrnl","10011","정보",,""
"11:11:04.6306447","DxgKrnl","10011","정보",,""
"11:11:04.6322925","DxgKrnl","10011","정보",,""
"11:11:04.6323408","DxgKrnl","10011","정보",,""
"11:11:04.6333707","DxgKrnl","10011","정보",,""
"11:11:04.6334175","DxgKrnl","10011","정보",,""
"11:11:04.6338738","DxgKrnl","10011","정보",,""
"11:11:04.6339131","DxgKrnl","10011","정보",,""
"11:11:04.6339596","DxgKrnl","10011","정보",,""
"11:11:04.6339632","DxgKrnl","10011","정보",,""
"11:11:04.6339656","DxgKrnl","10011","정보",,""
"11:11:04.6342899","DxgKrnl","10011","정보",,""
"11:11:04.6343282","DxgKrnl","10011","정보",,""
"11:11:04.6359861","DxgKrnl","10011","정보",,""
"11:11:04.6360213","DxgKrnl","10011","정보",,""
"11:11:04.6360571","DxgKrnl","10011","정보",,""
"11:11:04.6361662","DxgKrnl","10011","정보",,""
"11:11:04.6361671","DxgKrnl","10011","정보",,""
"11:11:04.6361681","DxgKrnl","10011","정보",,""
"11:11:04.6361702","DxgKrnl","10011","정보",,""
"11:11:04.6361753","DxgKrnl","10011","정보",,""
"11:11:04.6363386","DxgKrnl","10011","정보",,""
"11:11:04.6363417","DxgKrnl","10011","정보",,""
"11:11:04.6363506","DxgKrnl","10011","정보",,""
"11:11:04.6363569","DxgKrnl","10011","정보",,""
"11:11:04.6364931","DxgKrnl","10011","정보",,""
"11:11:04.6382448","DxgKrnl","10011","정보",,""
"11:11:04.6383238","DxgKrnl","10011","정보",,""
"11:11:04.6397459","DxgKrnl","10011","정보",,""
"11:11:04.6397953","DxgKrnl","10011","정보",,""
"11:11:10.7160444","DxgKrnl","10011","정보",,""
"11:11:10.7166906","DxgKrnl","10011","정보",,""
"11:11:12.7811908","DxgKrnl","10011","정보",,""
"11:11:12.7812708","DxgKrnl","10011","정보",,""
"11:11:12.7818945","DxgKrnl","10011","정보",,""
"11:11:12.7819601","DxgKrnl","10011","정보",,""
"11:11:12.7820587","DxgKrnl","10011","정보",,""
"11:11:12.7820644","DxgKrnl","10011","정보",,""
"11:11:12.7820689","DxgKrnl","10011","정보",,""
"11:11:12.7827013","DxgKrnl","10011","정보",,""
"11:11:12.7827716","DxgKrnl","10011","정보",,""
"11:11:12.7974804","DxgKrnl","10011","정보",,""
"11:11:12.7975244","DxgKrnl","10011","정보",,""
"11:11:12.7975771","DxgKrnl","10011","정보",,""
"11:11:12.7981764","DxgKrnl","10011","정보",,""
"11:11:12.7982071","DxgKrnl","10011","정보",,""
"11:11:12.7982670","DxgKrnl","10011","정보",,""
"11:11:12.7983014","DxgKrnl","10011","정보",,""
"11:11:12.7983031","DxgKrnl","10011","정보",,""
"11:11:12.7983579","DxgKrnl","10011","정보",,""
"11:11:12.8573562","DxgKrnl","10011","정보",,""
"11:11:12.8573643","DxgKrnl","10011","정보",,""
"11:11:12.8573752","DxgKrnl","10011","정보",,""
"11:11:12.8575967","DxgKrnl","10011","정보",,""
"11:11:12.8576066","DxgKrnl","10011","정보",,""
"11:11:12.8576125","DxgKrnl","10011","정보",,""
"11:11:12.8590880","DxgKrnl","10011","정보",,""
"11:11:12.8591278","DxgKrnl","10011","정보",,""
"11:11:12.8594939","DxgKrnl","10011","정보",,""
"11:11:12.8595345","DxgKrnl","10011","정보",,""
"11:11:12.8618635","DxgKrnl","10011","정보",,""
"11:11:12.8625143","DxgKrnl","10011","정보",,""
"11:11:12.8645448","DxgKrnl","10011","정보",,""
"11:11:12.8645882","DxgKrnl","10011","정보",,""
"11:11:12.8662163","DxgKrnl","10011","정보",,""
"11:11:12.8662606","DxgKrnl","10011","정보",,""
"11:11:12.8695872","DxgKrnl","10011","정보",,""
"11:11:12.8696305","DxgKrnl","10011","정보",,""
"11:11:12.8756195","DxgKrnl","10011","정보",,""
"11:11:12.8756467","DxgKrnl","10011","정보",,""
"11:11:12.8756976","DxgKrnl","10011","정보",,""
"11:11:12.8757002","DxgKrnl","10011","정보",,""
"11:11:12.8757026","DxgKrnl","10011","정보",,""
"11:11:12.8760180","DxgKrnl","10011","정보",,""
"11:11:12.8760525","DxgKrnl","10011","정보",,""
"11:11:12.8777292","DxgKrnl","10011","정보",,""
"11:11:12.8777718","DxgKrnl","10011","정보",,""
"11:11:12.8778280","DxgKrnl","10011","정보",,""
"11:11:12.8779224","DxgKrnl","10011","정보",,""
"11:11:12.8780393","DxgKrnl","10011","정보",,""
"11:11:12.8780801","DxgKrnl","10011","정보",,""
"11:11:12.8781263","DxgKrnl","10011","정보",,""
"11:11:12.8810408","DxgKrnl","10011","정보",,""
"11:11:12.8811193","DxgKrnl","10011","정보",,""
"11:11:12.8829771","DxgKrnl","10011","정보",,""
"11:11:12.8830205","DxgKrnl","10011","정보",,""
"11:11:12.9386078","DxgKrnl","10011","정보",,""
"11:11:12.9593484","DxgKrnl","10011","정보",,""
"11:11:12.9599066","DxgKrnl","10011","정보",,""
"11:11:12.9600132","DxgKrnl","10011","정보",,""
"11:11:12.9606549","DxgKrnl","10011","정보",,""
"11:11:12.9607046","DxgKrnl","10011","정보",,""
"11:11:12.9650871","DxgKrnl","10011","정보",,""
"11:11:12.9651078","DxgKrnl","10011","정보",,""
"11:11:12.9651545","DxgKrnl","10011","정보",,""
"11:11:12.9653627","DxgKrnl","10011","정보",,""
"11:11:12.9654442","DxgKrnl","10011","정보",,""
"11:11:12.9802149","DxgKrnl","10011","정보",,""
"11:11:12.9803189","DxgKrnl","10011","정보",,""
"11:11:12.9854725","DxgKrnl","10011","정보",,""
"11:11:12.9859579","DxgKrnl","10011","정보",,""
"11:11:12.9859660","DxgKrnl","10011","정보",,""
"11:11:12.9859669","DxgKrnl","10011","정보",,""
"11:11:12.9867654","DxgKrnl","10011","정보",,""
"11:11:12.9868718","DxgKrnl","10011","정보",,""
"11:11:12.9997649","DxgKrnl","10011","정보",,""
"11:11:12.9998125","DxgKrnl","10011","정보",,""
"11:11:13.0662559","DxgKrnl","10011","정보",,""
"11:11:13.0669123","DxgKrnl","10011","정보",,""
"11:11:13.0733527","DxgKrnl","10011","정보",,""
"11:11:13.0734403","DxgKrnl","10011","정보",,""
"11:11:16.9033964","DxgKrnl","10011","정보",,""
"11:11:16.9034560","DxgKrnl","10011","정보",,""
"11:11:16.9040680","DxgKrnl","10011","정보",,""
"11:11:16.9041037","DxgKrnl","10011","정보",,""
"11:11:16.9041621","DxgKrnl","10011","정보",,""
"11:11:16.9041659","DxgKrnl","10011","정보",,""
"11:11:16.9041683","DxgKrnl","10011","정보",,""
"11:11:16.9045149","DxgKrnl","10011","정보",,""
"11:11:16.9045545","DxgKrnl","10011","정보",,""
"11:11:16.9063503","DxgKrnl","10011","정보",,""
"11:11:16.9063894","DxgKrnl","10011","정보",,""
"11:11:16.9064261","DxgKrnl","10011","정보",,""
"11:11:16.9065621","DxgKrnl","10011","정보",,""
"11:11:16.9065632","DxgKrnl","10011","정보",,""
"11:11:16.9065965","DxgKrnl","10011","정보",,""
"11:11:16.9066131","DxgKrnl","10011","정보",,""
"11:11:16.9066580","DxgKrnl","10011","정보",,""
"11:11:16.9066650","DxgKrnl","10011","정보",,""
"11:11:16.9067261","DxgKrnl","10011","정보",,""
"11:11:16.9068214","DxgKrnl","10011","정보",,""
"11:11:16.9084791","DxgKrnl","10011","정보",,""
"11:11:16.9085259","DxgKrnl","10011","정보",,""
"11:11:16.9095337","DxgKrnl","10011","정보",,""
"11:11:16.9096361","DxgKrnl","10011","정보",,""
"11:11:16.9101355","DxgKrnl","10011","정보",,""
"11:11:16.9101752","DxgKrnl","10011","정보",,""
"11:11:16.9102237","DxgKrnl","10011","정보",,""
"11:11:16.9102272","DxgKrnl","10011","정보",,""
"11:11:16.9102295","DxgKrnl","10011","정보",,""
"11:11:16.9105195","DxgKrnl","10011","정보",,""
"11:11:16.9105592","DxgKrnl","10011","정보",,""
"11:11:16.9121257","DxgKrnl","10011","정보",,""
"11:11:16.9121611","DxgKrnl","10011","정보",,""
"11:11:16.9121932","DxgKrnl","10011","정보",,""
"11:11:16.9122976","DxgKrnl","10011","정보",,""
"11:11:16.9123126","DxgKrnl","10011","정보",,""
"11:11:16.9123173","DxgKrnl","10011","정보",,""
"11:11:16.9123500","DxgKrnl","10011","정보",,""
"11:11:16.9123531","DxgKrnl","10011","정보",,""
"11:11:16.9124836","DxgKrnl","10011","정보",,""
"11:11:16.9124857","DxgKrnl","10011","정보",,""
"11:11:16.9126306","DxgKrnl","10011","정보",,""
"11:11:16.9140089","DxgKrnl","10011","정보",,""
"11:11:16.9140559","DxgKrnl","10011","정보",,""
"11:11:16.9154474","DxgKrnl","10011","정보",,""
"11:11:16.9155082","DxgKrnl","10011","정보",,""
"11:11:20.9262958","DxgKrnl","10011","정보",,""
"11:11:20.9268992","DxgKrnl","10011","정보",,""
"11:11:20.9278010","DxgKrnl","10011","정보",,""
"11:11:20.9278518","DxgKrnl","10011","정보",,""
"11:11:20.9283995","DxgKrnl","10011","정보",,""
"11:11:20.9284308","DxgKrnl","10011","정보",,""
"11:11:20.9284714","DxgKrnl","10011","정보",,""
"11:11:20.9284736","DxgKrnl","10011","정보",,""
"11:11:20.9284760","DxgKrnl","10011","정보",,""
"11:11:20.9288054","DxgKrnl","10011","정보",,""
"11:11:20.9288472","DxgKrnl","10011","정보",,""
"11:11:20.9305764","DxgKrnl","10011","정보",,""
"11:11:20.9306269","DxgKrnl","10011","정보",,""
"11:11:20.9306791","DxgKrnl","10011","정보",,""
"11:11:20.9307734","DxgKrnl","10011","정보",,""
"11:11:20.9307736","DxgKrnl","10011","정보",,""
"11:11:20.9308903","DxgKrnl","10011","정보",,""
"11:11:20.9308925","DxgKrnl","10011","정보",,""
"11:11:20.9308974","DxgKrnl","10011","정보",,""
"11:11:20.9309565","DxgKrnl","10011","정보",,""
"11:11:20.9330328","DxgKrnl","10011","정보",,""
"11:11:20.9331850","DxgKrnl","10011","정보",,""
"11:11:20.9342364","DxgKrnl","10011","정보",,""
"11:11:20.9342845","DxgKrnl","10011","정보",,""
"11:11:20.9349273","DxgKrnl","10011","정보",,""
"11:11:20.9349579","DxgKrnl","10011","정보",,""
"11:11:20.9350164","DxgKrnl","10011","정보",,""
"11:11:20.9350196","DxgKrnl","10011","정보",,""
"11:11:20.9350220","DxgKrnl","10011","정보",,""
"11:11:20.9353552","DxgKrnl","10011","정보",,""
"11:11:20.9353934","DxgKrnl","10011","정보",,""
"11:11:20.9370858","DxgKrnl","10011","정보",,""
"11:11:20.9371248","DxgKrnl","10011","정보",,""
"11:11:20.9371832","DxgKrnl","10011","정보",,""
"11:11:20.9372856","DxgKrnl","10011","정보",,""
"11:11:20.9372886","DxgKrnl","10011","정보",,""
"11:11:20.9373137","DxgKrnl","10011","정보",,""
"11:11:20.9374323","DxgKrnl","10011","정보",,""
"11:11:20.9374326","DxgKrnl","10011","정보",,""
"11:11:20.9374349","DxgKrnl","10011","정보",,""
"11:11:20.9389539","DxgKrnl","10011","정보",,""
"11:11:20.9390523","DxgKrnl","10011","정보",,""
"11:11:20.9404133","DxgKrnl","10011","정보",,""
"11:11:20.9404593","DxgKrnl","10011","정보",,""
"11:11:24.8268071","Kernel-PnP","220","시작",,"Begin querying bus relations for device PCI\VEN_1002&DEV_7550&SUBSYS_E4891DA2&REV_C0\6&8916a45&0&00000009"
"11:11:24.8270861","DxgKrnl","10011","정보",,""
"11:11:24.8554303","DxgKrnl","10011","정보",,""
"11:11:24.8555737","DxgKrnl","10011","정보",,""
"11:11:24.8555747","DxgKrnl","10011","정보",,""
"11:11:24.8559386","DxgKrnl","10011","정보",,""
"11:11:24.8559853","DxgKrnl","10011","정보",,""
"11:11:24.8567668","DxgKrnl","10011","정보",,""
"11:11:24.8568555","DxgKrnl","10011","정보",,""
"11:11:24.8581722","DxgKrnl","10011","정보",,""
"11:11:24.8582313","DxgKrnl","10011","정보",,""
"11:11:24.8598980","Kernel-PnP","222","시작",,"End querying bus relations for device PCI\VEN_1002&DEV_7550&SUBSYS_E4891DA2&REV_C0\6&8916a45&0&00000009"
"11:11:24.8600693","Kernel-PnP","1010","시작",,"버스에 누락 된 것으로 보고 된 장치 DISPLAY\SAM7B0C\7&16b8ddb4&0&UID260이 (가) 제거 되었습니다. 제거 된 장치 수 | 개수: 1"
"11:11:24.8605023","Kernel-PnP","220","시작",,"Begin querying bus relations for device SWD\DRIVERENUM\AMDCP&7&16b8ddb4&0"
"11:11:24.8605047","Kernel-PnP","222","시작",,"End querying bus relations for device SWD\DRIVERENUM\AMDCP&7&16b8ddb4&0"
"11:11:24.8605124","Kernel-PnP","220","시작",,"Begin querying bus relations for device SWD\DRIVERENUM\AMDFDANS&7&16b8ddb4&0"
"11:11:24.8605138","Kernel-PnP","222","시작",,"End querying bus relations for device SWD\DRIVERENUM\AMDFDANS&7&16b8ddb4&0"
"11:11:24.8605204","Kernel-PnP","220","시작",,"Begin querying bus relations for device SWD\DRIVERENUM\AMDOCL&7&16b8ddb4&0"
"11:11:24.8605215","Kernel-PnP","222","시작",,"End querying bus relations for device SWD\DRIVERENUM\AMDOCL&7&16b8ddb4&0"
"11:11:24.8605281","Kernel-PnP","220","시작",,"Begin querying bus relations for device SWD\DRIVERENUM\AMDOGL&7&16b8ddb4&0"
"11:11:24.8605293","Kernel-PnP","222","시작",,"End querying bus relations for device SWD\DRIVERENUM\AMDOGL&7&16b8ddb4&0"
"11:11:24.8605353","Kernel-PnP","220","시작",,"Begin querying bus relations for device SWD\DRIVERENUM\AMDVLK&7&16b8ddb4&0"
"11:11:24.8605367","Kernel-PnP","222","시작",,"End querying bus relations for device SWD\DRIVERENUM\AMDVLK&7&16b8ddb4&0"
"11:11:24.8605437","Kernel-PnP","220","시작",,"Begin querying bus relations for device SWD\DRIVERENUM\AMDWIN&7&16b8ddb4&0"
"11:11:24.8605448","Kernel-PnP","222","시작",,"End querying bus relations for device SWD\DRIVERENUM\AMDWIN&7&16b8ddb4&0"
"11:11:24.8605518","Kernel-PnP","220","시작",,"Begin querying bus relations for device DISPLAY\BBC0104\7&16b8ddb4&0&UID265"
"11:11:24.8605562","Kernel-PnP","222","시작",,"End querying bus relations for device DISPLAY\BBC0104\7&16b8ddb4&0&UID265"
"11:11:24.8615764","DxgKrnl","10011","정보",,""
"11:11:24.8616257","DxgKrnl","10011","정보",,""
"11:11:24.8639740","Kernel-PnP","808","시작",,"End device add, status (STATUS_SUCCESS)"
"11:11:24.8642658","Kernel-PnP","220","시작",,"Begin querying bus relations for device DISPLAY\Default_Monitor\7&16b8ddb4&0&UID260"
"11:11:24.8642692","Kernel-PnP","222","시작",,"End querying bus relations for device DISPLAY\Default_Monitor\7&16b8ddb4&0&UID260"
"11:11:24.8646409","DxgKrnl","10011","정보",,""
"11:11:24.8682810","DxgKrnl","10011","정보",,""
"11:11:24.8683065","DxgKrnl","10011","정보",,""
"11:11:24.8683810","DxgKrnl","10011","정보",,""
"11:11:24.8683857","DxgKrnl","10011","정보",,""
"11:11:24.8683882","DxgKrnl","10011","정보",,""
"11:11:24.8692084","DxgKrnl","10011","정보",,""
"11:11:24.8692530","DxgKrnl","10011","정보",,""
"11:11:24.9744968","DxgKrnl","10011","정보",,""
"11:11:24.9745640","DxgKrnl","10011","정보",,""
"11:11:24.9746126","DxgKrnl","10011","정보",,""
"11:11:24.9751817","DxgKrnl","10011","정보",,""
"11:11:24.9752284","DxgKrnl","10011","정보",,""
"11:11:24.9753048","DxgKrnl","10011","정보",,""
"11:11:24.9753548","DxgKrnl","10011","정보",,""
"11:11:24.9753563","DxgKrnl","10011","정보",,""
"11:11:24.9754096","DxgKrnl","10011","정보",,""
"11:11:24.9754120","DxgKrnl","10011","정보",,""
"11:11:24.9754605","DxgKrnl","10011","정보",,""
"11:11:24.9754673","DxgKrnl","10011","정보",,""
"11:11:24.9755146","DxgKrnl","10011","정보",,""
"11:11:24.9774356","DxgKrnl","10011","정보",,""
"11:11:24.9774385","DxgKrnl","10011","정보",,""
"11:11:24.9775966","DxgKrnl","10011","정보",,""
"11:11:24.9775999","DxgKrnl","10011","정보",,""
"11:11:24.9811837","DxgKrnl","10011","정보",,""
"11:11:24.9812504","DxgKrnl","10011","정보",,""
"11:11:24.9960496","DxgKrnl","10011","정보",,""
"11:11:24.9961373","DxgKrnl","10011","정보",,""
"11:11:24.9961388","DxgKrnl","10011","정보",,""
"11:11:24.9961975","DxgKrnl","10011","정보",,""
"11:11:24.9961995","DxgKrnl","10011","정보",,""
"11:11:24.9962546","DxgKrnl","10011","정보",,""
"11:11:24.9962650","DxgKrnl","10011","정보",,""
"11:11:24.9963161","DxgKrnl","10011","정보",,""
"11:11:24.9968757","DxgKrnl","10011","정보",,""
"11:11:24.9969259","DxgKrnl","10011","정보",,""
"11:11:24.9995164","DxgKrnl","10011","정보",,""
"11:11:25.0001998","DxgKrnl","10011","정보",,""
"11:11:25.0027701","DxgKrnl","10011","정보",,""
"11:11:25.0028566","DxgKrnl","10011","정보",,""
"11:11:25.0180874","DxgKrnl","10011","정보",,""
"11:11:25.0181196","DxgKrnl","10011","정보",,""
"11:11:25.0181928","DxgKrnl","10011","정보",,""
"11:11:25.0182008","DxgKrnl","10011","정보",,""
"11:11:25.0182032","DxgKrnl","10011","정보",,""
"11:11:25.0192286","DxgKrnl","10011","정보",,""
"11:11:25.0192790","DxgKrnl","10011","정보",,""
"11:11:25.0217564","DxgKrnl","10011","정보",,""
"11:11:25.0218090","DxgKrnl","10011","정보",,""
"11:11:25.0218429","DxgKrnl","10011","정보",,""
"11:11:25.0219615","DxgKrnl","10011","정보",,""
"11:11:25.0219964","DxgKrnl","10011","정보",,""
"11:11:25.0220065","DxgKrnl","10011","정보",,""
"11:11:25.0220592","DxgKrnl","10011","정보",,""
"11:11:25.0221763","DxgKrnl","10011","정보",,""
"11:11:25.0222542","DxgKrnl","10011","정보",,""
"11:11:25.0222590","DxgKrnl","10011","정보",,""
"11:11:25.0222642","DxgKrnl","10011","정보",,""
"11:11:25.0280738","DxgKrnl","10011","정보",,""
"11:11:25.0282758","DxgKrnl","10011","정보",,""
"11:11:25.0316171","DxgKrnl","10011","정보",,""
"11:11:25.0316984","DxgKrnl","10011","정보",,""
"11:11:25.0831021","Kernel-PnP","220","시작",,"Begin querying bus relations for device PCI\VEN_1002&DEV_7550&SUBSYS_E4891DA2&REV_C0\6&8916a45&0&00000009"
"11:11:25.1277849","Kernel-PnP","222","시작",,"End querying bus relations for device PCI\VEN_1002&DEV_7550&SUBSYS_E4891DA2&REV_C0\6&8916a45&0&00000009"
"11:11:25.1277849","DxgKrnl","10011","정보",,""
"11:11:25.1279285","DxgKrnl","10011","정보",,""
"11:11:25.1281700","Kernel-PnP","1010","시작",,"버스에 누락 된 것으로 보고 된 장치 DISPLAY\Default_Monitor\7&16b8ddb4&0&UID260이 (가) 제거 되었습니다. 제거 된 장치 수 | 개수: 1"
"11:11:25.1289503","Kernel-PnP","220","시작",,"Begin querying bus relations for device SWD\DRIVERENUM\AMDCP&7&16b8ddb4&0"
"11:11:25.1289540","Kernel-PnP","222","시작",,"End querying bus relations for device SWD\DRIVERENUM\AMDCP&7&16b8ddb4&0"
"11:11:25.1289650","Kernel-PnP","220","시작",,"Begin querying bus relations for device SWD\DRIVERENUM\AMDFDANS&7&16b8ddb4&0"
"11:11:25.1289662","Kernel-PnP","222","시작",,"End querying bus relations for device SWD\DRIVERENUM\AMDFDANS&7&16b8ddb4&0"
"11:11:25.1289848","Kernel-PnP","220","시작",,"Begin querying bus relations for device SWD\DRIVERENUM\AMDOCL&7&16b8ddb4&0"
"11:11:25.1289874","Kernel-PnP","222","시작",,"End querying bus relations for device SWD\DRIVERENUM\AMDOCL&7&16b8ddb4&0"
"11:11:25.1289945","Kernel-PnP","220","시작",,"Begin querying bus relations for device SWD\DRIVERENUM\AMDOGL&7&16b8ddb4&0"
"11:11:25.1289956","Kernel-PnP","222","시작",,"End querying bus relations for device SWD\DRIVERENUM\AMDOGL&7&16b8ddb4&0"
"11:11:25.1290018","Kernel-PnP","220","시작",,"Begin querying bus relations for device SWD\DRIVERENUM\AMDVLK&7&16b8ddb4&0"
"11:11:25.1290029","Kernel-PnP","222","시작",,"End querying bus relations for device SWD\DRIVERENUM\AMDVLK&7&16b8ddb4&0"
"11:11:25.1290246","Kernel-PnP","220","시작",,"Begin querying bus relations for device SWD\DRIVERENUM\AMDWIN&7&16b8ddb4&0"
"11:11:25.1290266","Kernel-PnP","222","시작",,"End querying bus relations for device SWD\DRIVERENUM\AMDWIN&7&16b8ddb4&0"
"11:11:25.1290335","Kernel-PnP","220","시작",,"Begin querying bus relations for device DISPLAY\BBC0104\7&16b8ddb4&0&UID265"
"11:11:25.1290383","Kernel-PnP","222","시작",,"End querying bus relations for device DISPLAY\BBC0104\7&16b8ddb4&0&UID265"
"11:11:25.1389382","DxgKrnl","10011","정보",,""
"11:11:25.1395480","DxgKrnl","10011","정보",,""
"11:11:25.1402627","DxgKrnl","10011","정보",,""
"11:11:25.1403215","DxgKrnl","10011","정보",,""
"11:11:25.1404170","DxgKrnl","10011","정보",,""
"11:11:25.1557309","DxgKrnl","10011","정보",,""
"11:11:25.1557535","DxgKrnl","10011","정보",,""
"11:11:25.1557631","DxgKrnl","10011","정보",,""
"11:11:25.1557645","DxgKrnl","10011","정보",,""
"11:11:25.1561176","DxgKrnl","10011","정보",,""
"11:11:25.1563352","DxgKrnl","10011","정보",,""
"11:11:25.1584951","DxgKrnl","10011","정보",,""
"11:11:25.1585939","DxgKrnl","10011","정보",,""
"11:11:25.1611146","DxgKrnl","10011","정보",,""
"11:11:25.1612067","DxgKrnl","10011","정보",,""
"11:11:25.1643615","DxgKrnl","10011","정보",,""
"11:11:25.1644256","DxgKrnl","10011","정보",,""
"11:11:25.1644916","DxgKrnl","10011","정보",,""
"11:11:25.1647493","DxgKrnl","10011","정보",,""
"11:11:25.1648323","DxgKrnl","10011","정보",,""
"11:11:25.1653711","DxgKrnl","10011","정보",,""
"11:11:25.1653910","DxgKrnl","10011","정보",,""
"11:11:25.1654479","DxgKrnl","10011","정보",,""
"11:11:25.1654547","DxgKrnl","10011","정보",,""
"11:11:25.1654569","DxgKrnl","10011","정보",,""
"11:11:25.1658474","DxgKrnl","10011","정보",,""
"11:11:25.1659042","DxgKrnl","10011","정보",,""
"11:11:25.1788761","DxgKrnl","10011","정보",,""
"11:11:25.1841402","DxgKrnl","10011","정보",,""
"11:11:25.1841988","DxgKrnl","10011","정보",,""
"11:11:25.1842378","DxgKrnl","10011","정보",,""
"11:11:25.1844614","DxgKrnl","10011","정보",,""
"11:11:25.1845094","DxgKrnl","10011","정보",,""
"11:11:25.1845684","DxgKrnl","10011","정보",,""
"11:11:25.1846107","DxgKrnl","10011","정보",,""
"11:11:25.1846139","DxgKrnl","10011","정보",,""
"11:11:25.1846530","DxgKrnl","10011","정보",,""
"11:11:25.1864215","DxgKrnl","10011","정보",,""
"11:11:25.1864459","DxgKrnl","10011","정보",,""
"11:11:25.1865766","DxgKrnl","10011","정보",,""
"11:11:25.1865815","DxgKrnl","10011","정보",,""
"11:11:25.1883813","DxgKrnl","10011","정보",,""
"11:11:25.1888994","DxgKrnl","10011","정보",,""
"11:11:25.1889084","DxgKrnl","10011","정보",,""
"11:11:25.1889093","DxgKrnl","10011","정보",,""
"11:11:25.1889757","DxgKrnl","10011","정보",,""
"11:11:25.1891035","DxgKrnl","10011","정보",,""
"11:11:25.1891130","DxgKrnl","10011","정보",,""
"11:11:25.1892037","DxgKrnl","10011","정보",,""
"11:11:25.1921206","DxgKrnl","10011","정보",,""
"11:11:25.1921891","DxgKrnl","10011","정보",,""
"11:11:25.2024784","DxgKrnl","10011","정보",,""
"11:11:25.2025661","DxgKrnl","10011","정보",,""
"11:11:25.2025683","DxgKrnl","10011","정보",,""
"11:11:25.2026131","DxgKrnl","10011","정보",,""
"11:11:25.2033319","DxgKrnl","10011","정보",,""
"11:11:25.2033827","DxgKrnl","10011","정보",,""
"11:11:25.2064224","DxgKrnl","10011","정보",,""
"11:11:25.2070447","DxgKrnl","10011","정보",,""
"11:11:25.2085258","DxgKrnl","10011","정보",,""
"11:11:25.2086117","DxgKrnl","10011","정보",,""
"11:11:25.2105758","DxgKrnl","10011","정보",,""
"11:11:25.2106420","DxgKrnl","10011","정보",,""
"11:11:25.4174346","DxgKrnl","10011","정보",,""
"11:11:25.4209671","DxgKrnl","10011","정보",,""
"11:11:25.4214831","DxgKrnl","10011","정보",,""
"11:11:25.4215638","DxgKrnl","10011","정보",,""
"11:11:25.4219416","DxgKrnl","10011","정보",,""
"11:11:25.4219964","DxgKrnl","10011","정보",,""
"11:11:25.4714243","DxgKrnl","10011","정보",,""
"11:11:25.4720957","DxgKrnl","10011","정보",,""
"11:11:25.4788372","DxgKrnl","10011","정보",,""
"11:11:25.4788974","DxgKrnl","10011","정보",,""
"11:11:28.4370490","DxgKrnl","10011","정보",,""
"11:11:28.6746052","Kernel-PnP","220","시작",,"Begin querying bus relations for device PCI\VEN_1002&DEV_7550&SUBSYS_E4891DA2&REV_C0\6&8916a45&0&00000009"
"11:11:28.6746632","DxgKrnl","10011","정보",,""
"11:11:28.6747569","DxgKrnl","10011","정보",,""
"11:11:28.6748527","DxgKrnl","10011","정보",,""
"11:11:28.6749265","DxgKrnl","10011","정보",,""
"11:11:28.6749951","DxgKrnl","10011","정보",,""
"11:11:28.6757712","DxgKrnl","10011","정보",,""
"11:11:28.6758515","DxgKrnl","10011","정보",,""
"11:11:28.6770876","DxgKrnl","10011","정보",,""
"11:11:28.6771430","DxgKrnl","10011","정보",,""
"11:11:28.6792814","DxgKrnl","10011","정보",,""
"11:11:28.6793147","DxgKrnl","10011","정보",,""
"11:11:28.6793808","DxgKrnl","10011","정보",,""
"11:11:28.6793842","DxgKrnl","10011","정보",,""
"11:11:28.6793865","DxgKrnl","10011","정보",,""
"11:11:28.6794302","Kernel-PnP","222","시작",,"End querying bus relations for device PCI\VEN_1002&DEV_7550&SUBSYS_E4891DA2&REV_C0\6&8916a45&0&00000009"
"11:11:28.6794909","Kernel-PnP","220","시작",,"Begin querying bus relations for device SWD\DRIVERENUM\AMDCP&7&16b8ddb4&0"
"11:11:28.6794927","Kernel-PnP","222","시작",,"End querying bus relations for device SWD\DRIVERENUM\AMDCP&7&16b8ddb4&0"
"11:11:28.6794981","Kernel-PnP","220","시작",,"Begin querying bus relations for device SWD\DRIVERENUM\AMDFDANS&7&16b8ddb4&0"
"11:11:28.6794990","Kernel-PnP","222","시작",,"End querying bus relations for device SWD\DRIVERENUM\AMDFDANS&7&16b8ddb4&0"
"11:11:28.6795029","Kernel-PnP","220","시작",,"Begin querying bus relations for device SWD\DRIVERENUM\AMDOCL&7&16b8ddb4&0"
"11:11:28.6795039","Kernel-PnP","222","시작",,"End querying bus relations for device SWD\DRIVERENUM\AMDOCL&7&16b8ddb4&0"
"11:11:28.6795083","Kernel-PnP","220","시작",,"Begin querying bus relations for device SWD\DRIVERENUM\AMDOGL&7&16b8ddb4&0"
"11:11:28.6795092","Kernel-PnP","222","시작",,"End querying bus relations for device SWD\DRIVERENUM\AMDOGL&7&16b8ddb4&0"
"11:11:28.6795133","Kernel-PnP","220","시작",,"Begin querying bus relations for device SWD\DRIVERENUM\AMDVLK&7&16b8ddb4&0"
"11:11:28.6795141","Kernel-PnP","222","시작",,"End querying bus relations for device SWD\DRIVERENUM\AMDVLK&7&16b8ddb4&0"
"11:11:28.6795183","Kernel-PnP","220","시작",,"Begin querying bus relations for device SWD\DRIVERENUM\AMDWIN&7&16b8ddb4&0"
"11:11:28.6795191","Kernel-PnP","222","시작",,"End querying bus relations for device SWD\DRIVERENUM\AMDWIN&7&16b8ddb4&0"
"11:11:28.6795232","Kernel-PnP","220","시작",,"Begin querying bus relations for device DISPLAY\BBC0104\7&16b8ddb4&0&UID265"
"11:11:28.6795282","Kernel-PnP","222","시작",,"End querying bus relations for device DISPLAY\BBC0104\7&16b8ddb4&0&UID265"
"11:11:28.6797383","DxgKrnl","10011","정보",,""
"11:11:28.6797883","DxgKrnl","10011","정보",,""
"11:11:28.6806868","Kernel-PnP","808","시작",,"End device add, status (STATUS_SUCCESS)"
"11:11:28.6810154","Kernel-PnP","220","시작",,"Begin querying bus relations for device DISPLAY\SAM7B0C\7&16b8ddb4&0&UID260"
"11:11:28.6810185","Kernel-PnP","222","시작",,"End querying bus relations for device DISPLAY\SAM7B0C\7&16b8ddb4&0&UID260"
"11:11:28.7073797","DxgKrnl","10011","정보",,""
"11:11:28.7156154","DxgKrnl","10011","정보",,""
"11:11:28.7156639","DxgKrnl","10011","정보",,""
"11:11:28.7157228","DxgKrnl","10011","정보",,""
"11:11:28.7164527","DxgKrnl","10011","정보",,""
"11:11:28.7164918","DxgKrnl","10011","정보",,""
"11:11:28.7168326","DxgKrnl","10011","정보",,""
"11:11:28.7168700","DxgKrnl","10011","정보",,""
"11:11:28.7168720","DxgKrnl","10011","정보",,""
"11:11:28.7169044","DxgKrnl","10011","정보",,""
"11:11:28.7184775","DxgKrnl","10011","정보",,""
"11:11:28.7184977","DxgKrnl","10011","정보",,""
"11:11:28.7185392","DxgKrnl","10011","정보",,""
"11:11:28.7185830","DxgKrnl","10011","정보",,""
"11:11:28.7187997","DxgKrnl","10011","정보",,""
"11:11:28.7188063","DxgKrnl","10011","정보",,""
"11:11:28.7259582","DxgKrnl","10011","정보",,""
"11:11:28.7260003","DxgKrnl","10011","정보",,""
"11:11:28.7285433","DxgKrnl","10011","정보",,""
"11:11:28.7286305","DxgKrnl","10011","정보",,""
"11:11:28.7286320","DxgKrnl","10011","정보",,""
"11:11:28.7286690","DxgKrnl","10011","정보",,""
"11:11:28.7290511","DxgKrnl","10011","정보",,""
"11:11:28.7290957","DxgKrnl","10011","정보",,""
"11:11:28.7303200","DxgKrnl","10011","정보",,""
"11:11:28.7309471","DxgKrnl","10011","정보",,""
"11:11:28.7323180","DxgKrnl","10011","정보",,""
"11:11:28.7323649","DxgKrnl","10011","정보",,""
"11:11:28.7406287","DxgKrnl","10011","정보",,""
"11:11:28.7406548","DxgKrnl","10011","정보",,""
"11:11:28.7407071","DxgKrnl","10011","정보",,""
"11:11:28.7407114","DxgKrnl","10011","정보",,""
"11:11:28.7407136","DxgKrnl","10011","정보",,""
"11:11:28.7410683","DxgKrnl","10011","정보",,""
"11:11:28.7411070","DxgKrnl","10011","정보",,""
"11:11:28.7427310","DxgKrnl","10011","정보",,""
"11:11:28.7427743","DxgKrnl","10011","정보",,""
"11:11:28.7428114","DxgKrnl","10011","정보",,""
"11:11:28.7429100","DxgKrnl","10011","정보",,""
"11:11:28.7429137","DxgKrnl","10011","정보",,""
"11:11:28.7429206","DxgKrnl","10011","정보",,""
"11:11:28.7429380","DxgKrnl","10011","정보",,""
"11:11:28.7429694","DxgKrnl","10011","정보",,""
"11:11:28.7431446","DxgKrnl","10011","정보",,""
"11:11:28.7431462","DxgKrnl","10011","정보",,""
"11:11:28.7432013","DxgKrnl","10011","정보",,""
"11:11:28.7459776","DxgKrnl","10011","정보",,""
"11:11:28.7460229","DxgKrnl","10011","정보",,""
"11:11:28.7475451","DxgKrnl","10011","정보",,""
"11:11:28.7476012","DxgKrnl","10011","정보",,""
"11:11:28.9216338","DxgKrnl","10011","정보",,""
"11:11:28.9219219","DxgKrnl","10011","정보",,""
"11:11:28.9227200","DxgKrnl","10011","정보",,""
"11:11:28.9227651","DxgKrnl","10011","정보",,""
"11:11:28.9232859","DxgKrnl","10011","정보",,""
"11:11:28.9233497","DxgKrnl","10011","정보",,""
"11:11:28.9237647","DxgKrnl","10011","정보",,""
"11:11:28.9237942","DxgKrnl","10011","정보",,""
"11:11:28.9238423","DxgKrnl","10011","정보",,""
"11:11:28.9242990","DxgKrnl","10011","정보",,""
"11:11:28.9243454","DxgKrnl","10011","정보",,""
"11:11:28.9246890","DxgKrnl","10011","정보",,""
"11:11:28.9247263","DxgKrnl","10011","정보",,""
"11:11:28.9258186","DxgKrnl","10011","정보",,""
"11:11:28.9258750","DxgKrnl","10011","정보",,""
"11:11:28.9277760","DxgKrnl","10011","정보",,""
"11:11:28.9282021","DxgKrnl","10011","정보",,""
"11:11:28.9282114","DxgKrnl","10011","정보",,""
"11:11:28.9282123","DxgKrnl","10011","정보",,""
"11:11:28.9283590","DxgKrnl","10011","정보",,""
"11:11:28.9284189","DxgKrnl","10011","정보",,""
"11:11:28.9287100","DxgKrnl","10011","정보",,""
"11:11:28.9287661","DxgKrnl","10011","정보",,""
"11:11:28.9443396","DxgKrnl","10011","정보",,""
"11:11:28.9450638","DxgKrnl","10011","정보",,""
"11:11:28.9516751","DxgKrnl","10011","정보",,""
"11:11:28.9517208","DxgKrnl","10011","정보",,""
"11:11:29.1067778","DxgKrnl","10011","정보",,""
"11:11:29.1068328","DxgKrnl","10011","정보",,""
"11:11:29.1073689","DxgKrnl","10011","정보",,""
"11:11:29.1073971","DxgKrnl","10011","정보",,""
"11:11:29.1074380","DxgKrnl","10011","정보",,""
"11:11:29.1074402","DxgKrnl","10011","정보",,""
"11:11:29.1074425","DxgKrnl","10011","정보",,""
"11:11:29.1077709","DxgKrnl","10011","정보",,""
"11:11:29.1078080","DxgKrnl","10011","정보",,""
"11:11:29.1094645","DxgKrnl","10011","정보",,""
"11:11:29.1095020","DxgKrnl","10011","정보",,""
"11:11:29.1095345","DxgKrnl","10011","정보",,""
"11:11:29.1096225","DxgKrnl","10011","정보",,""
"11:11:29.1096444","DxgKrnl","10011","정보",,""
"11:11:29.1096933","DxgKrnl","10011","정보",,""
"11:11:29.1097441","DxgKrnl","10011","정보",,""
"11:11:29.1098137","DxgKrnl","10011","정보",,""
"11:11:29.1098175","DxgKrnl","10011","정보",,""
"11:11:29.1114558","DxgKrnl","10011","정보",,""
"11:11:29.1115053","DxgKrnl","10011","정보",,""
"11:11:29.1124874","DxgKrnl","10011","정보",,""
"11:11:29.1125331","DxgKrnl","10011","정보",,""
"11:11:29.1133652","DxgKrnl","10011","정보",,""
"11:11:29.1133945","DxgKrnl","10011","정보",,""
"11:11:29.1134558","DxgKrnl","10011","정보",,""
"11:11:29.1134601","DxgKrnl","10011","정보",,""
"11:11:29.1134625","DxgKrnl","10011","정보",,""
"11:11:29.1137801","DxgKrnl","10011","정보",,""
"11:11:29.1138175","DxgKrnl","10011","정보",,""
"11:11:29.1154683","DxgKrnl","10011","정보",,""
"11:11:29.1155041","DxgKrnl","10011","정보",,""
"11:11:29.1155342","DxgKrnl","10011","정보",,""
"11:11:29.1156346","DxgKrnl","10011","정보",,""
"11:11:29.1156353","DxgKrnl","10011","정보",,""
"11:11:29.1156518","DxgKrnl","10011","정보",,""
"11:11:29.1157307","DxgKrnl","10011","정보",,""
"11:11:29.1157314","DxgKrnl","10011","정보",,""
"11:11:29.1158253","DxgKrnl","10011","정보",,""
"11:11:29.1158944","DxgKrnl","10011","정보",,""
"11:11:29.1159010","DxgKrnl","10011","정보",,""
"11:11:29.1175215","DxgKrnl","10011","정보",,""
"11:11:29.1176478","DxgKrnl","10011","정보",,""
"11:11:29.1190200","DxgKrnl","10011","정보",,""
"11:11:29.1191241","DxgKrnl","10011","정보",,""
"11:11:33.1427332","DxgKrnl","10011","정보",,""
"11:11:33.1433875","DxgKrnl","10011","정보",,""
"11:11:33.1443973","DxgKrnl","10011","정보",,""
"11:11:33.1444941","DxgKrnl","10011","정보",,""
"11:11:33.1455123","DxgKrnl","10011","정보",,""
"11:11:33.1455560","DxgKrnl","10011","정보",,""
"11:11:33.1456140","DxgKrnl","10011","정보",,""
"11:11:33.1456199","DxgKrnl","10011","정보",,""
"11:11:33.1456222","DxgKrnl","10011","정보",,""
"11:11:33.1459141","DxgKrnl","10011","정보",,""
"11:11:33.1459523","DxgKrnl","10011","정보",,""
"11:11:33.1477124","DxgKrnl","10011","정보",,""
"11:11:33.1477495","DxgKrnl","10011","정보",,""
"11:11:33.1477988","DxgKrnl","10011","정보",,""
"11:11:33.1479388","DxgKrnl","10011","정보",,""
"11:11:33.1479723","DxgKrnl","10011","정보",,""
"11:11:33.1479890","DxgKrnl","10011","정보",,""
"11:11:33.1479974","DxgKrnl","10011","정보",,""
"11:11:33.1481263","DxgKrnl","10011","정보",,""
"11:11:33.1481336","DxgKrnl","10011","정보",,""
"11:11:33.1499686","DxgKrnl","10011","정보",,""
"11:11:33.1500163","DxgKrnl","10011","정보",,""
"11:11:33.1510447","DxgKrnl","10011","정보",,""
"11:11:33.1510981","DxgKrnl","10011","정보",,""
"11:11:33.1515578","DxgKrnl","10011","정보",,""
"11:11:33.1516043","DxgKrnl","10011","정보",,""
"11:11:33.1516528","DxgKrnl","10011","정보",,""
"11:11:33.1516562","DxgKrnl","10011","정보",,""
"11:11:33.1516586","DxgKrnl","10011","정보",,""
"11:11:33.1519888","DxgKrnl","10011","정보",,""
"11:11:33.1520267","DxgKrnl","10011","정보",,""
"11:11:33.1537795","DxgKrnl","10011","정보",,""
"11:11:33.1538206","DxgKrnl","10011","정보",,""
"11:11:33.1538524","DxgKrnl","10011","정보",,""
"11:11:33.1539425","DxgKrnl","10011","정보",,""
"11:11:33.1539590","DxgKrnl","10011","정보",,""
"11:11:33.1539771","DxgKrnl","10011","정보",,""
"11:11:33.1541024","DxgKrnl","10011","정보",,""
"11:11:33.1541042","DxgKrnl","10011","정보",,""
"11:11:33.1541080","DxgKrnl","10011","정보",,""
"11:11:33.1541266","DxgKrnl","10011","정보",,""
"11:11:33.1541758","DxgKrnl","10011","정보",,""
"11:11:33.1559146","DxgKrnl","10011","정보",,""
"11:11:33.1559587","DxgKrnl","10011","정보",,""
"11:11:33.1574636","DxgKrnl","10011","정보",,""
"11:11:33.1575122","DxgKrnl","10011","정보",,""
"11:11:37.1718811","DxgKrnl","10011","정보",,""
"11:11:37.1732347","DxgKrnl","10011","정보",,""
"11:11:37.1741754","DxgKrnl","10011","정보",,""
"11:11:37.1742285","DxgKrnl","10011","정보",,""
"11:11:37.1747645","DxgKrnl","10011","정보",,""
"11:11:37.1748037","DxgKrnl","10011","정보",,""
"11:11:37.1748509","DxgKrnl","10011","정보",,""
"11:11:37.1748536","DxgKrnl","10011","정보",,""
"11:11:37.1748561","DxgKrnl","10011","정보",,""
"11:11:37.1751868","DxgKrnl","10011","정보",,""
"11:11:37.1752325","DxgKrnl","10011","정보",,""
"11:11:37.1770281","DxgKrnl","10011","정보",,""
"11:11:37.1770701","DxgKrnl","10011","정보",,""
"11:11:37.1771057","DxgKrnl","10011","정보",,""
"11:11:37.1772374","DxgKrnl","10011","정보",,""
"11:11:37.1772409","DxgKrnl","10011","정보",,""
"11:11:37.1772701","DxgKrnl","10011","정보",,""
"11:11:37.1772761","DxgKrnl","10011","정보",,""
"11:11:37.1774604","DxgKrnl","10011","정보",,""
"11:11:37.1775041","DxgKrnl","10011","정보",,""
"11:11:37.1775099","DxgKrnl","10011","정보",,""
"11:11:37.1775138","DxgKrnl","10011","정보",,""
"11:11:37.1793123","DxgKrnl","10011","정보",,""
"11:11:37.1793669","DxgKrnl","10011","정보",,""
"11:11:37.1803303","DxgKrnl","10011","정보",,""
"11:11:37.1804058","DxgKrnl","10011","정보",,""
"11:11:37.1809339","DxgKrnl","10011","정보",,""
"11:11:37.1809823","DxgKrnl","10011","정보",,""
"11:11:37.1810273","DxgKrnl","10011","정보",,""
"11:11:37.1810307","DxgKrnl","10011","정보",,""
"11:11:37.1810332","DxgKrnl","10011","정보",,""
"11:11:37.1813048","DxgKrnl","10011","정보",,""
"11:11:37.1813566","DxgKrnl","10011","정보",,""
"11:11:37.1829067","DxgKrnl","10011","정보",,""
"11:11:37.1829419","DxgKrnl","10011","정보",,""
"11:11:37.1829718","DxgKrnl","10011","정보",,""
"11:11:37.1830530","DxgKrnl","10011","정보",,""
"11:11:37.1830760","DxgKrnl","10011","정보",,""
"11:11:37.1831321","DxgKrnl","10011","정보",,""
"11:11:37.1831583","DxgKrnl","10011","정보",,""
"11:11:37.1831610","DxgKrnl","10011","정보",,""
"11:11:37.1832575","DxgKrnl","10011","정보",,""
"11:11:37.1848606","DxgKrnl","10011","정보",,""
"11:11:37.1849664","DxgKrnl","10011","정보",,""
"11:11:37.1864214","DxgKrnl","10011","정보",,""
"11:11:37.1864737","DxgKrnl","10011","정보",,""
"11:11:43.2945878","DxgKrnl","10011","정보",,""
"11:11:43.2952444","DxgKrnl","10011","정보",,""
"11:11:45.3450651","DxgKrnl","10011","정보",,""
"11:11:45.3451238","DxgKrnl","10011","정보",,""
"11:11:45.3456718","DxgKrnl","10011","정보",,""
"11:11:45.3457000","DxgKrnl","10011","정보",,""
"11:11:45.3457445","DxgKrnl","10011","정보",,""
"11:11:45.3457473","DxgKrnl","10011","정보",,""
"11:11:45.3457496","DxgKrnl","10011","정보",,""
"11:11:45.3460538","DxgKrnl","10011","정보",,""
"11:11:45.3460997","DxgKrnl","10011","정보",,""
"11:11:45.3496985","DxgKrnl","10011","정보",,""
"11:11:45.3497818","DxgKrnl","10011","정보",,""
"11:11:45.3498439","DxgKrnl","10011","정보",,""
"11:11:45.3504105","DxgKrnl","10011","정보",,""
"11:11:45.3504433","DxgKrnl","10011","정보",,""
"11:11:45.3505040","DxgKrnl","10011","정보",,""
"11:11:45.3505390","DxgKrnl","10011","정보",,""
"11:11:45.3505406","DxgKrnl","10011","정보",,""
"11:11:45.3505790","DxgKrnl","10011","정보",,""
"11:11:45.3520138","DxgKrnl","10011","정보",,""
"11:11:45.3520387","DxgKrnl","10011","정보",,""
"11:11:45.3520621","DxgKrnl","10011","정보",,""
"11:11:45.3521207","DxgKrnl","10011","정보",,""
"11:11:45.3533731","DxgKrnl","10011","정보",,""
"11:11:45.3534137","DxgKrnl","10011","정보",,""
"11:11:45.3537588","DxgKrnl","10011","정보",,""
"11:11:45.3538024","DxgKrnl","10011","정보",,""
"11:11:45.3560633","DxgKrnl","10011","정보",,""
"11:11:45.3566816","DxgKrnl","10011","정보",,""
"11:11:45.3584764","DxgKrnl","10011","정보",,""
"11:11:45.3585221","DxgKrnl","10011","정보",,""
"11:11:45.3600659","DxgKrnl","10011","정보",,""
"11:11:45.3601415","DxgKrnl","10011","정보",,""
"11:11:45.3639917","DxgKrnl","10011","정보",,""
"11:11:45.3640371","DxgKrnl","10011","정보",,""
"11:11:45.4001911","DxgKrnl","10011","정보",,""
"11:11:45.4002241","DxgKrnl","10011","정보",,""
"11:11:45.4002708","DxgKrnl","10011","정보",,""
"11:11:45.4002748","DxgKrnl","10011","정보",,""
"11:11:45.4002770","DxgKrnl","10011","정보",,""
"11:11:45.4006349","DxgKrnl","10011","정보",,""
"11:11:45.4006866","DxgKrnl","10011","정보",,""
"11:11:45.4022853","DxgKrnl","10011","정보",,""
"11:11:45.4023276","DxgKrnl","10011","정보",,""
"11:11:45.4023681","DxgKrnl","10011","정보",,""
"11:11:45.4024824","DxgKrnl","10011","정보",,""
"11:11:45.4024839","DxgKrnl","10011","정보",,""
"11:11:45.4025119","DxgKrnl","10011","정보",,""
"11:11:45.4025366","DxgKrnl","10011","정보",,""
"11:11:45.4025671","DxgKrnl","10011","정보",,""
"11:11:45.4027135","DxgKrnl","10011","정보",,""
"11:11:45.4027212","DxgKrnl","10011","정보",,""
"11:11:45.4027339","DxgKrnl","10011","정보",,""
"11:11:45.4054187","DxgKrnl","10011","정보",,""
"11:11:45.4054775","DxgKrnl","10011","정보",,""
"11:11:45.4123254","DxgKrnl","10011","정보",,""
"11:11:45.4123734","DxgKrnl","10011","정보",,""
"11:11:45.4371358","DxgKrnl","10011","정보",,""
"11:11:45.4439924","DxgKrnl","10011","정보",,""
"11:11:45.4449461","DxgKrnl","10011","정보",,""
"11:11:45.4451115","DxgKrnl","10011","정보",,""
"11:11:45.4451278","DxgKrnl","10011","정보",,""
"11:11:45.4452083","DxgKrnl","10011","정보",,""
"11:11:45.4452117","DxgKrnl","10011","정보",,""
"11:11:45.4531719","DxgKrnl","10011","정보",,""
"11:11:45.4532453","DxgKrnl","10011","정보",,""
"11:11:45.4587229","DxgKrnl","10011","정보",,""
"11:11:45.4588494","DxgKrnl","10011","정보",,""
"11:11:45.4639387","DxgKrnl","10011","정보",,""
"11:11:45.4645758","DxgKrnl","10011","정보",,""
"11:11:45.4645873","DxgKrnl","10011","정보",,""
"11:11:45.4645881","DxgKrnl","10011","정보",,""
"11:11:45.4652552","DxgKrnl","10011","정보",,""
"11:11:45.4653445","DxgKrnl","10011","정보",,""
"11:11:45.4796867","DxgKrnl","10011","정보",,""
"11:11:45.4797432","DxgKrnl","10011","정보",,""
"11:11:45.5674268","DxgKrnl","10011","정보",,""
"11:11:45.5680353","DxgKrnl","10011","정보",,""
"11:11:45.5745131","DxgKrnl","10011","정보",,""
"11:11:45.5745859","DxgKrnl","10011","정보",,""
"11:11:49.4289475","DxgKrnl","10011","정보",,""
"11:11:49.4290060","DxgKrnl","10011","정보",,""
"11:11:49.4296150","DxgKrnl","10011","정보",,""
"11:11:49.4296665","DxgKrnl","10011","정보",,""
"11:11:49.4297206","DxgKrnl","10011","정보",,""
"11:11:49.4297245","DxgKrnl","10011","정보",,""
"11:11:49.4297268","DxgKrnl","10011","정보",,""
"11:11:49.4300740","DxgKrnl","10011","정보",,""
"11:11:49.4301112","DxgKrnl","10011","정보",,""
"11:11:49.4319325","DxgKrnl","10011","정보",,""
"11:11:49.4319724","DxgKrnl","10011","정보",,""
"11:11:49.4320092","DxgKrnl","10011","정보",,""
"11:11:49.4321076","DxgKrnl","10011","정보",,""
"11:11:49.4321117","DxgKrnl","10011","정보",,""
"11:11:49.4322272","DxgKrnl","10011","정보",,""
"11:11:49.4322355","DxgKrnl","10011","정보",,""
"11:11:49.4322636","DxgKrnl","10011","정보",,""
"11:11:49.4323156","DxgKrnl","10011","정보",,""
"11:11:49.4344830","DxgKrnl","10011","정보",,""
"11:11:49.4345472","DxgKrnl","10011","정보",,""
"11:11:49.4357067","DxgKrnl","10011","정보",,""
"11:11:49.4357549","DxgKrnl","10011","정보",,""
"11:11:49.4362454","DxgKrnl","10011","정보",,""
"11:11:49.4362820","DxgKrnl","10011","정보",,""
"11:11:49.4363291","DxgKrnl","10011","정보",,""
"11:11:49.4363328","DxgKrnl","10011","정보",,""
"11:11:49.4363352","DxgKrnl","10011","정보",,""
"11:11:49.4366713","DxgKrnl","10011","정보",,""
"11:11:49.4367165","DxgKrnl","10011","정보",,""
"11:11:49.4385433","DxgKrnl","10011","정보",,""
"11:11:49.4385848","DxgKrnl","10011","정보",,""
"11:11:49.4386497","DxgKrnl","10011","정보",,""
"11:11:49.4387270","DxgKrnl","10011","정보",,""
"11:11:49.4387345","DxgKrnl","10011","정보",,""
"11:11:49.4387348","DxgKrnl","10011","정보",,""
"11:11:49.4387780","DxgKrnl","10011","정보",,""
"11:11:49.4387810","DxgKrnl","10011","정보",,""
"11:11:49.4389730","DxgKrnl","10011","정보",,""
"11:11:49.4389775","DxgKrnl","10011","정보",,""
"11:11:49.4389861","DxgKrnl","10011","정보",,""
"11:11:49.4405591","DxgKrnl","10011","정보",,""
"11:11:49.4406047","DxgKrnl","10011","정보",,""
"11:11:49.4420028","DxgKrnl","10011","정보",,""
"11:11:49.4420463","DxgKrnl","10011","정보",,""
"11:11:53.4562580","DxgKrnl","10011","정보",,""
"11:11:53.4569830","DxgKrnl","10011","정보",,""
"11:11:53.4579397","DxgKrnl","10011","정보",,""
"11:11:53.4580002","DxgKrnl","10011","정보",,""
"11:11:53.4586364","DxgKrnl","10011","정보",,""
"11:11:53.4586759","DxgKrnl","10011","정보",,""
"11:11:53.4587281","DxgKrnl","10011","정보",,""
"11:11:53.4587322","DxgKrnl","10011","정보",,""
"11:11:53.4587345","DxgKrnl","10011","정보",,""
"11:11:53.4590864","DxgKrnl","10011","정보",,""
"11:11:53.4591255","DxgKrnl","10011","정보",,""
"11:11:53.4609325","DxgKrnl","10011","정보",,""
"11:11:53.4609755","DxgKrnl","10011","정보",,""
"11:11:53.4610199","DxgKrnl","10011","정보",,""
"11:11:53.4611207","DxgKrnl","10011","정보",,""
"11:11:53.4611519","DxgKrnl","10011","정보",,""
"11:11:53.4611831","DxgKrnl","10011","정보",,""
"11:11:53.4611975","DxgKrnl","10011","정보",,""
"11:11:53.4613077","DxgKrnl","10011","정보",,""
"11:11:53.4613203","DxgKrnl","10011","정보",,""
"11:11:53.4629366","DxgKrnl","10011","정보",,""
"11:11:53.4629842","DxgKrnl","10011","정보",,""
"11:11:53.4639523","DxgKrnl","10011","정보",,""
"11:11:53.4640518","DxgKrnl","10011","정보",,""
"11:11:53.4647515","DxgKrnl","10011","정보",,""
"11:11:53.4647823","DxgKrnl","10011","정보",,""
"11:11:53.4648278","DxgKrnl","10011","정보",,""
"11:11:53.4648315","DxgKrnl","10011","정보",,""
"11:11:53.4648339","DxgKrnl","10011","정보",,""
"11:11:53.4651956","DxgKrnl","10011","정보",,""
"11:11:53.4652338","DxgKrnl","10011","정보",,""
"11:11:53.4668717","DxgKrnl","10011","정보",,""
"11:11:53.4669077","DxgKrnl","10011","정보",,""
"11:11:53.4669438","DxgKrnl","10011","정보",,""
"11:11:53.4670438","DxgKrnl","10011","정보",,""
"11:11:53.4670604","DxgKrnl","10011","정보",,""
"11:11:53.4670757","DxgKrnl","10011","정보",,""
"11:11:53.4670974","DxgKrnl","10011","정보",,""
"11:11:53.4672918","DxgKrnl","10011","정보",,""
"11:11:53.4673095","DxgKrnl","10011","정보",,""
"11:11:53.4689782","DxgKrnl","10011","정보",,""
"11:11:53.4690315","DxgKrnl","10011","정보",,""
"11:11:53.4704381","DxgKrnl","10011","정보",,""
"11:11:53.4704910","DxgKrnl","10011","정보",,""
"11:11:59.5439334","DxgKrnl","10011","정보",,""
"11:11:59.5445864","DxgKrnl","10011","정보",,""
"11:12:01.6015463","DxgKrnl","10011","정보",,""
"11:12:01.6016357","DxgKrnl","10011","정보",,""
"11:12:01.6022136","DxgKrnl","10011","정보",,""
"11:12:01.6022553","DxgKrnl","10011","정보",,""
"11:12:01.6023058","DxgKrnl","10011","정보",,""
"11:12:01.6023096","DxgKrnl","10011","정보",,""
"11:12:01.6023120","DxgKrnl","10011","정보",,""
"11:12:01.6026468","DxgKrnl","10011","정보",,""
"11:12:01.6026860","DxgKrnl","10011","정보",,""
"11:12:01.6158632","DxgKrnl","10011","정보",,""
"11:12:01.6159174","DxgKrnl","10011","정보",,""
"11:12:01.6159539","DxgKrnl","10011","정보",,""
"11:12:01.6165486","DxgKrnl","10011","정보",,""
"11:12:01.6165858","DxgKrnl","10011","정보",,""
"11:12:01.6166470","DxgKrnl","10011","정보",,""
"11:12:01.6166822","DxgKrnl","10011","정보",,""
"11:12:01.6166839","DxgKrnl","10011","정보",,""
"11:12:01.6167175","DxgKrnl","10011","정보",,""
"11:12:01.6183025","DxgKrnl","10011","정보",,""
"11:12:01.6183138","DxgKrnl","10011","정보",,""
"11:12:01.6183277","DxgKrnl","10011","정보",,""
"11:12:01.6185378","DxgKrnl","10011","정보",,""
"11:12:01.6185474","DxgKrnl","10011","정보",,""
"11:12:01.6185580","DxgKrnl","10011","정보",,""
"11:12:01.6192972","DxgKrnl","10011","정보",,""
"11:12:01.6193413","DxgKrnl","10011","정보",,""
"11:12:01.6195836","DxgKrnl","10011","정보",,""
"11:12:01.6196267","DxgKrnl","10011","정보",,""
"11:12:01.6219384","DxgKrnl","10011","정보",,""
"11:12:01.6227495","DxgKrnl","10011","정보",,""
"11:12:01.6241564","DxgKrnl","10011","정보",,""
"11:12:01.6241997","DxgKrnl","10011","정보",,""
"11:12:01.6260813","DxgKrnl","10011","정보",,""
"11:12:01.6261271","DxgKrnl","10011","정보",,""
"11:12:01.6303753","DxgKrnl","10011","정보",,""
"11:12:01.6304298","DxgKrnl","10011","정보",,""
"11:12:01.6366669","DxgKrnl","10011","정보",,""
"11:12:01.6367097","DxgKrnl","10011","정보",,""
"11:12:01.6367712","DxgKrnl","10011","정보",,""
"11:12:01.6367746","DxgKrnl","10011","정보",,""
"11:12:01.6367771","DxgKrnl","10011","정보",,""
"11:12:01.6371223","DxgKrnl","10011","정보",,""
"11:12:01.6371588","DxgKrnl","10011","정보",,""
"11:12:01.6388807","DxgKrnl","10011","정보",,""
"11:12:01.6389165","DxgKrnl","10011","정보",,""
"11:12:01.6389572","DxgKrnl","10011","정보",,""
"11:12:01.6390447","DxgKrnl","10011","정보",,""
"11:12:01.6390718","DxgKrnl","10011","정보",,""
"11:12:01.6390784","DxgKrnl","10011","정보",,""
"11:12:01.6391159","DxgKrnl","10011","정보",,""
"11:12:01.6392557","DxgKrnl","10011","정보",,""
"11:12:01.6392558","DxgKrnl","10011","정보",,""
"11:12:01.6392599","DxgKrnl","10011","정보",,""
"11:12:01.6392623","DxgKrnl","10011","정보",,""
"11:12:01.6426800","DxgKrnl","10011","정보",,""
"11:12:01.6427295","DxgKrnl","10011","정보",,""
"11:12:01.6445917","DxgKrnl","10011","정보",,""
"11:12:01.6446494","DxgKrnl","10011","정보",,""
"11:12:01.7205644","DxgKrnl","10011","정보",,""
"11:12:01.7286219","DxgKrnl","10011","정보",,""
"11:12:01.7292179","DxgKrnl","10011","정보",,""
"11:12:01.7292379","DxgKrnl","10011","정보",,""
"11:12:01.7292892","DxgKrnl","10011","정보",,""
"11:12:01.7381232","DxgKrnl","10011","정보",,""
"11:12:01.7382029","DxgKrnl","10011","정보",,""
"11:12:01.7552209","DxgKrnl","10011","정보",,""
"11:12:01.7552874","DxgKrnl","10011","정보",,""
"11:12:01.7574173","DxgKrnl","10011","정보",,""
"11:12:01.7579139","DxgKrnl","10011","정보",,""
"11:12:01.7579273","DxgKrnl","10011","정보",,""
"11:12:01.7579287","DxgKrnl","10011","정보",,""
"11:12:01.7589172","DxgKrnl","10011","정보",,""
"11:12:01.7589759","DxgKrnl","10011","정보",,""
"11:12:01.7590234","DxgKrnl","10011","정보",,""
"11:12:01.7590272","DxgKrnl","10011","정보",,""
"11:12:01.7591446","DxgKrnl","10011","정보",,""
"11:12:01.7591889","DxgKrnl","10011","정보",,""
"11:12:01.8395187","DxgKrnl","10011","정보",,""
"11:12:01.8401733","DxgKrnl","10011","정보",,""
"11:12:01.8466182","DxgKrnl","10011","정보",,""
"11:12:01.8466670","DxgKrnl","10011","정보",,""
"11:12:05.6700746","DxgKrnl","10011","정보",,""
"11:12:05.6701349","DxgKrnl","10011","정보",,""
"11:12:05.6707100","DxgKrnl","10011","정보",,""
"11:12:05.6707649","DxgKrnl","10011","정보",,""
"11:12:05.6708093","DxgKrnl","10011","정보",,""
"11:12:05.6708118","DxgKrnl","10011","정보",,""
"11:12:05.6708143","DxgKrnl","10011","정보",,""
"11:12:05.6711370","DxgKrnl","10011","정보",,""
"11:12:05.6711779","DxgKrnl","10011","정보",,""
"11:12:05.6729178","DxgKrnl","10011","정보",,""
"11:12:05.6729545","DxgKrnl","10011","정보",,""
"11:12:05.6729929","DxgKrnl","10011","정보",,""
"11:12:05.6731386","DxgKrnl","10011","정보",,""
"11:12:05.6731423","DxgKrnl","10011","정보",,""
"11:12:05.6731564","DxgKrnl","10011","정보",,""
"11:12:05.6731607","DxgKrnl","10011","정보",,""
"11:12:05.6733808","DxgKrnl","10011","정보",,""
"11:12:05.6734294","DxgKrnl","10011","정보",,""
"11:12:05.6734383","DxgKrnl","10011","정보",,""
"11:12:05.6734423","DxgKrnl","10011","정보",,""
"11:12:05.6752595","DxgKrnl","10011","정보",,""
"11:12:05.6753088","DxgKrnl","10011","정보",,""
"11:12:05.6763155","DxgKrnl","10011","정보",,""
"11:12:05.6764137","DxgKrnl","10011","정보",,""
"11:12:05.6769201","DxgKrnl","10011","정보",,""
"11:12:05.6769497","DxgKrnl","10011","정보",,""
"11:12:05.6769886","DxgKrnl","10011","정보",,""
"11:12:05.6769908","DxgKrnl","10011","정보",,""
"11:12:05.6769931","DxgKrnl","10011","정보",,""
"11:12:05.6773046","DxgKrnl","10011","정보",,""
"11:12:05.6773440","DxgKrnl","10011","정보",,""
"11:12:05.6789692","DxgKrnl","10011","정보",,""
"11:12:05.6790049","DxgKrnl","10011","정보",,""
"11:12:05.6790470","DxgKrnl","10011","정보",,""
"11:12:05.6791489","DxgKrnl","10011","정보",,""
"11:12:05.6791607","DxgKrnl","10011","정보",,""
"11:12:05.6791703","DxgKrnl","10011","정보",,""
"11:12:05.6791859","DxgKrnl","10011","정보",,""
"11:12:05.6793229","DxgKrnl","10011","정보",,""
"11:12:05.6793272","DxgKrnl","10011","정보",,""
"11:12:05.6793280","DxgKrnl","10011","정보",,""
"11:12:05.6794537","DxgKrnl","10011","정보",,""
"11:12:05.6810222","DxgKrnl","10011","정보",,""
"11:12:05.6810675","DxgKrnl","10011","정보",,""
"11:12:05.6824622","DxgKrnl","10011","정보",,""
"11:12:05.6825106","DxgKrnl","10011","정보",,""
"11:12:09.6982119","DxgKrnl","10011","정보",,""
"11:12:09.6988759","DxgKrnl","10011","정보",,""
"11:12:09.6997642","DxgKrnl","10011","정보",,""
"11:12:09.6998162","DxgKrnl","10011","정보",,""
"11:12:09.7003641","DxgKrnl","10011","정보",,""
"11:12:09.7004130","DxgKrnl","10011","정보",,""
"11:12:09.7004645","DxgKrnl","10011","정보",,""
"11:12:09.7004685","DxgKrnl","10011","정보",,""
"11:12:09.7004708","DxgKrnl","10011","정보",,""
"11:12:09.7007707","DxgKrnl","10011","정보",,""
"11:12:09.7008137","DxgKrnl","10011","정보",,""
"11:12:09.7027678","DxgKrnl","10011","정보",,""
"11:12:09.7028118","DxgKrnl","10011","정보",,""
"11:12:09.7028535","DxgKrnl","10011","정보",,""
"11:12:09.7029750","DxgKrnl","10011","정보",,""
"11:12:09.7029787","DxgKrnl","10011","정보",,""
"11:12:09.7029807","DxgKrnl","10011","정보",,""
"11:12:09.7029829","DxgKrnl","10011","정보",,""
"11:12:09.7030905","DxgKrnl","10011","정보",,""
"11:12:09.7031762","DxgKrnl","10011","정보",,""
"11:12:09.7032377","DxgKrnl","10011","정보",,""
"11:12:09.7032387","DxgKrnl","10011","정보",,""
"11:12:09.7048686","DxgKrnl","10011","정보",,""
"11:12:09.7049141","DxgKrnl","10011","정보",,""
"11:12:09.7058905","DxgKrnl","10011","정보",,""
"11:12:09.7059866","DxgKrnl","10011","정보",,""
"11:12:09.7064812","DxgKrnl","10011","정보",,""
"11:12:09.7065143","DxgKrnl","10011","정보",,""
"11:12:09.7065532","DxgKrnl","10011","정보",,""
"11:12:09.7065553","DxgKrnl","10011","정보",,""
"11:12:09.7065577","DxgKrnl","10011","정보",,""
"11:12:09.7068491","DxgKrnl","10011","정보",,""
"11:12:09.7068914","DxgKrnl","10011","정보",,""
"11:12:09.7085581","DxgKrnl","10011","정보",,""
"11:12:09.7085955","DxgKrnl","10011","정보",,""
"11:12:09.7086397","DxgKrnl","10011","정보",,""
"11:12:09.7087455","DxgKrnl","10011","정보",,""
"11:12:09.7087495","DxgKrnl","10011","정보",,""
"11:12:09.7087688","DxgKrnl","10011","정보",,""
"11:12:09.7089473","DxgKrnl","10011","정보",,""
"11:12:09.7089553","DxgKrnl","10011","정보",,""
"11:12:09.7089632","DxgKrnl","10011","정보",,""
"11:12:09.7104039","DxgKrnl","10011","정보",,""
"11:12:09.7104806","DxgKrnl","10011","정보",,""
"11:12:09.7118610","DxgKrnl","10011","정보",,""
"11:12:09.7119325","DxgKrnl","10011","정보",,""
"11:12:15.7919563","DxgKrnl","10011","정보",,""
"11:12:15.7925324","DxgKrnl","10011","정보",,""
"11:12:17.8558443","DxgKrnl","10011","정보",,""
"11:12:17.8559094","DxgKrnl","10011","정보",,""
"11:12:17.8564709","DxgKrnl","10011","정보",,""
"11:12:17.8564993","DxgKrnl","10011","정보",,""
"11:12:17.8565436","DxgKrnl","10011","정보",,""
"11:12:17.8565471","DxgKrnl","10011","정보",,""
"11:12:17.8565495","DxgKrnl","10011","정보",,""
"11:12:17.8568584","DxgKrnl","10011","정보",,""
"11:12:17.8568967","DxgKrnl","10011","정보",,""
"11:12:17.8585030","DxgKrnl","10011","정보",,""
"11:12:17.8585382","DxgKrnl","10011","정보",,""
"11:12:17.8585712","DxgKrnl","10011","정보",,""
"11:12:17.8586649","DxgKrnl","10011","정보",,""
"11:12:17.8586930","DxgKrnl","10011","정보",,""
"11:12:17.8587215","DxgKrnl","10011","정보",,""
"11:12:17.8587724","DxgKrnl","10011","정보",,""
"11:12:17.8588427","DxgKrnl","10011","정보",,""
"11:12:17.8588491","DxgKrnl","10011","정보",,""
"11:12:17.8607908","DxgKrnl","10011","정보",,""
"11:12:17.8608375","DxgKrnl","10011","정보",,""
"11:12:17.8617906","DxgKrnl","10011","정보",,""
"11:12:17.8619063","DxgKrnl","10011","정보",,""
"11:12:17.8624046","DxgKrnl","10011","정보",,""
"11:12:17.8624289","DxgKrnl","10011","정보",,""
"11:12:17.8624735","DxgKrnl","10011","정보",,""
"11:12:17.8624763","DxgKrnl","10011","정보",,""
"11:12:17.8624786","DxgKrnl","10011","정보",,""
"11:12:17.8627645","DxgKrnl","10011","정보",,""
"11:12:17.8628018","DxgKrnl","10011","정보",,""
"11:12:17.8644741","DxgKrnl","10011","정보",,""
"11:12:17.8645090","DxgKrnl","10011","정보",,""
"11:12:17.8645584","DxgKrnl","10011","정보",,""
"11:12:17.8646589","DxgKrnl","10011","정보",,""
"11:12:17.8646613","DxgKrnl","10011","정보",,""
"11:12:17.8646920","DxgKrnl","10011","정보",,""
"11:12:17.8647162","DxgKrnl","10011","정보",,""
"11:12:17.8647802","DxgKrnl","10011","정보",,""
"11:12:17.8648193","DxgKrnl","10011","정보",,""
"11:12:17.8649129","DxgKrnl","10011","정보",,""
"11:12:17.8649230","DxgKrnl","10011","정보",,""
"11:12:17.8670061","DxgKrnl","10011","정보",,""
"11:12:17.8670579","DxgKrnl","10011","정보",,""
"11:12:17.8684828","DxgKrnl","10011","정보",,""
"11:12:17.8685275","DxgKrnl","10011","정보",,""
"11:12:21.8846067","DxgKrnl","10011","정보",,""
"11:12:21.8851913","DxgKrnl","10011","정보",,""
"11:12:21.8860502","DxgKrnl","10011","정보",,""
"11:12:21.8861009","DxgKrnl","10011","정보",,""
"11:12:21.8866469","DxgKrnl","10011","정보",,""
"11:12:21.8866755","DxgKrnl","10011","정보",,""
"11:12:21.8867231","DxgKrnl","10011","정보",,""
"11:12:21.8867256","DxgKrnl","10011","정보",,""
"11:12:21.8867279","DxgKrnl","10011","정보",,""
"11:12:21.8870504","DxgKrnl","10011","정보",,""
"11:12:21.8870873","DxgKrnl","10011","정보",,""
"11:12:21.8887616","DxgKrnl","10011","정보",,""
"11:12:21.8887985","DxgKrnl","10011","정보",,""
"11:12:21.8888613","DxgKrnl","10011","정보",,""
"11:12:21.8889495","DxgKrnl","10011","정보",,""
"11:12:21.8889517","DxgKrnl","10011","정보",,""
"11:12:21.8890548","DxgKrnl","10011","정보",,""
"11:12:21.8890557","DxgKrnl","10011","정보",,""
"11:12:21.8890620","DxgKrnl","10011","정보",,""
"11:12:21.8891136","DxgKrnl","10011","정보",,""
"11:12:21.8907922","DxgKrnl","10011","정보",,""
"11:12:21.8908408","DxgKrnl","10011","정보",,""
"11:12:21.8918486","DxgKrnl","10011","정보",,""
"11:12:21.8918941","DxgKrnl","10011","정보",,""
"11:12:21.8925479","DxgKrnl","10011","정보",,""
"11:12:21.8925831","DxgKrnl","10011","정보",,""
"11:12:21.8926297","DxgKrnl","10011","정보",,""
"11:12:21.8926330","DxgKrnl","10011","정보",,""
"11:12:21.8926354","DxgKrnl","10011","정보",,""
"11:12:21.8929554","DxgKrnl","10011","정보",,""
"11:12:21.8929921","DxgKrnl","10011","정보",,""
"11:12:21.8946355","DxgKrnl","10011","정보",,""
"11:12:21.8946706","DxgKrnl","10011","정보",,""
"11:12:21.8947015","DxgKrnl","10011","정보",,""
"11:12:21.8947748","DxgKrnl","10011","정보",,""
"11:12:21.8947761","DxgKrnl","10011","정보",,""
"11:12:21.8948728","DxgKrnl","10011","정보",,""
"11:12:21.8948768","DxgKrnl","10011","정보",,""
"11:12:21.8948778","DxgKrnl","10011","정보",,""
"11:12:21.8949637","DxgKrnl","10011","정보",,""
"11:12:21.8949656","DxgKrnl","10011","정보",,""
"11:12:21.8950357","DxgKrnl","10011","정보",,""
"11:12:21.8965688","DxgKrnl","10011","정보",,""
"11:12:21.8966224","DxgKrnl","10011","정보",,""
"11:12:21.8981087","DxgKrnl","10011","정보",,""
"11:12:21.8981923","DxgKrnl","10011","정보",,""
"11:12:25.9121457","DxgKrnl","10011","정보",,""
"11:12:25.9130324","DxgKrnl","10011","정보",,""
"11:12:25.9139213","DxgKrnl","10011","정보",,""
"11:12:25.9139707","DxgKrnl","10011","정보",,""
"11:12:25.9145309","DxgKrnl","10011","정보",,""
"11:12:25.9145860","DxgKrnl","10011","정보",,""
"11:12:25.9146788","DxgKrnl","10011","정보",,""
"11:12:25.9146866","DxgKrnl","10011","정보",,""
"11:12:25.9146913","DxgKrnl","10011","정보",,""
"11:12:25.9150044","DxgKrnl","10011","정보",,""
"11:12:25.9150434","DxgKrnl","10011","정보",,""
"11:12:25.9292985","DxgKrnl","10011","정보",,""
"11:12:25.9293445","DxgKrnl","10011","정보",,""
"11:12:25.9293809","DxgKrnl","10011","정보",,""
"11:12:25.9299523","DxgKrnl","10011","정보",,""
"11:12:25.9299843","DxgKrnl","10011","정보",,""
"11:12:25.9300442","DxgKrnl","10011","정보",,""
"11:12:25.9300856","DxgKrnl","10011","정보",,""
"11:12:25.9300874","DxgKrnl","10011","정보",,""
"11:12:25.9301220","DxgKrnl","10011","정보",,""
"11:12:25.9316549","DxgKrnl","10011","정보",,""
"11:12:25.9316764","DxgKrnl","10011","정보",,""
"11:12:25.9316930","DxgKrnl","10011","정보",,""
"11:12:25.9317571","DxgKrnl","10011","정보",,""
"11:12:25.9318100","DxgKrnl","10011","정보",,""
"11:12:25.9318139","DxgKrnl","10011","정보",,""
"11:12:25.9328136","DxgKrnl","10011","정보",,""
"11:12:25.9328526","DxgKrnl","10011","정보",,""
"11:12:25.9331886","DxgKrnl","10011","정보",,""
"11:12:25.9332471","DxgKrnl","10011","정보",,""
"11:12:25.9358101","DxgKrnl","10011","정보",,""
"11:12:25.9364789","DxgKrnl","10011","정보",,""
"11:12:25.9382514","DxgKrnl","10011","정보",,""
"11:12:25.9382986","DxgKrnl","10011","정보",,""
"11:12:25.9400519","DxgKrnl","10011","정보",,""
"11:12:25.9400997","DxgKrnl","10011","정보",,""
"11:12:25.9440055","DxgKrnl","10011","정보",,""
"11:12:25.9440652","DxgKrnl","10011","정보",,""
"11:12:25.9499894","DxgKrnl","10011","정보",,""
"11:12:25.9500340","DxgKrnl","10011","정보",,""
"11:12:25.9500821","DxgKrnl","10011","정보",,""
"11:12:25.9500856","DxgKrnl","10011","정보",,""
"11:12:25.9500879","DxgKrnl","10011","정보",,""
"11:12:25.9504159","DxgKrnl","10011","정보",,""
"11:12:25.9504665","DxgKrnl","10011","정보",,""
"11:12:25.9522823","DxgKrnl","10011","정보",,""
"11:12:25.9523248","DxgKrnl","10011","정보",,""
"11:12:25.9523900","DxgKrnl","10011","정보",,""
"11:12:25.9525302","DxgKrnl","10011","정보",,""
"11:12:25.9526528","DxgKrnl","10011","정보",,""
"11:12:25.9526951","DxgKrnl","10011","정보",,""
"11:12:25.9527523","DxgKrnl","10011","정보",,""
"11:12:25.9562987","DxgKrnl","10011","정보",,""
"11:12:25.9563578","DxgKrnl","10011","정보",,""
"11:12:25.9581805","DxgKrnl","10011","정보",,""
"11:12:25.9582317","DxgKrnl","10011","정보",,""
"11:12:26.0402977","DxgKrnl","10011","정보",,""
"11:12:26.0643772","DxgKrnl","10011","정보",,""
"11:12:26.0646491","DxgKrnl","10011","정보",,""
"11:12:26.0647550","DxgKrnl","10011","정보",,""
"11:12:26.0657395","DxgKrnl","10011","정보",,""
"11:12:26.0657926","DxgKrnl","10011","정보",,""
"11:12:26.0658892","DxgKrnl","10011","정보",,""
"11:12:26.0659504","DxgKrnl","10011","정보",,""
"11:12:26.0660895","DxgKrnl","10011","정보",,""
"11:12:26.0803980","DxgKrnl","10011","정보",,""
"11:12:26.0832399","DxgKrnl","10011","정보",,""
"11:12:26.0837579","DxgKrnl","10011","정보",,""
"11:12:26.0837673","DxgKrnl","10011","정보",,""
"11:12:26.0837682","DxgKrnl","10011","정보",,""
"11:12:26.0838457","DxgKrnl","10011","정보",,""
"11:12:26.0843293","DxgKrnl","10011","정보",,""
"11:12:26.0844027","DxgKrnl","10011","정보",,""
"11:12:26.0986240","DxgKrnl","10011","정보",,""
"11:12:26.0986932","DxgKrnl","10011","정보",,""
"11:12:26.1433437","DxgKrnl","10011","정보",,""
"11:12:26.1439462","DxgKrnl","10011","정보",,""
"11:12:26.1503700","DxgKrnl","10011","정보",,""
"11:12:26.1504345","DxgKrnl","10011","정보",,""
"11:12:26.6350114","Kernel-PnP","220","시작",,"Begin querying bus relations for device PCI\VEN_1002&DEV_7550&SUBSYS_E4891DA2&REV_C0\6&8916a45&0&00000009"
"11:12:26.6352474","DxgKrnl","10011","정보",,""
"11:12:26.6613968","DxgKrnl","10011","정보",,""
"11:12:26.6614555","Kernel-PnP","222","시작",,"End querying bus relations for device PCI\VEN_1002&DEV_7550&SUBSYS_E4891DA2&REV_C0\6&8916a45&0&00000009"
"11:12:26.6614969","DxgKrnl","10011","정보",,""
"11:12:26.6616224","DxgKrnl","10011","정보",,""
"11:12:26.6618070","Kernel-PnP","1010","시작",,"버스에 누락 된 것으로 보고 된 장치 DISPLAY\SAM7B0C\7&16b8ddb4&0&UID260이 (가) 제거 되었습니다. 제거 된 장치 수 | 개수: 1"
"11:12:26.6622679","DxgKrnl","10011","정보",,""
"11:12:26.6623562","DxgKrnl","10011","정보",,""
"11:12:26.6624965","Kernel-PnP","220","시작",,"Begin querying bus relations for device SWD\DRIVERENUM\AMDCP&7&16b8ddb4&0"
"11:12:26.6624994","Kernel-PnP","222","시작",,"End querying bus relations for device SWD\DRIVERENUM\AMDCP&7&16b8ddb4&0"
"11:12:26.6625406","Kernel-PnP","220","시작",,"Begin querying bus relations for device SWD\DRIVERENUM\AMDFDANS&7&16b8ddb4&0"
"11:12:26.6625429","Kernel-PnP","222","시작",,"End querying bus relations for device SWD\DRIVERENUM\AMDFDANS&7&16b8ddb4&0"
"11:12:26.6625502","Kernel-PnP","220","시작",,"Begin querying bus relations for device SWD\DRIVERENUM\AMDOCL&7&16b8ddb4&0"
"11:12:26.6625513","Kernel-PnP","222","시작",,"End querying bus relations for device SWD\DRIVERENUM\AMDOCL&7&16b8ddb4&0"
"11:12:26.6625670","Kernel-PnP","220","시작",,"Begin querying bus relations for device SWD\DRIVERENUM\AMDOGL&7&16b8ddb4&0"
"11:12:26.6625710","Kernel-PnP","222","시작",,"End querying bus relations for device SWD\DRIVERENUM\AMDOGL&7&16b8ddb4&0"
"11:12:26.6625922","Kernel-PnP","220","시작",,"Begin querying bus relations for device SWD\DRIVERENUM\AMDVLK&7&16b8ddb4&0"
"11:12:26.6625943","Kernel-PnP","222","시작",,"End querying bus relations for device SWD\DRIVERENUM\AMDVLK&7&16b8ddb4&0"
"11:12:26.6626003","Kernel-PnP","220","시작",,"Begin querying bus relations for device SWD\DRIVERENUM\AMDWIN&7&16b8ddb4&0"
"11:12:26.6626016","Kernel-PnP","222","시작",,"End querying bus relations for device SWD\DRIVERENUM\AMDWIN&7&16b8ddb4&0"
"11:12:26.6626080","Kernel-PnP","220","시작",,"Begin querying bus relations for device DISPLAY\BBC0104\7&16b8ddb4&0&UID265"
"11:12:26.6626144","Kernel-PnP","222","시작",,"End querying bus relations for device DISPLAY\BBC0104\7&16b8ddb4&0&UID265"
"11:12:26.6632174","DxgKrnl","10011","정보",,""
"11:12:26.6633390","DxgKrnl","10011","정보",,""
"11:12:26.6640128","Kernel-PnP","808","시작",,"End device add, status (STATUS_SUCCESS)"
"11:12:26.6643304","Kernel-PnP","220","시작",,"Begin querying bus relations for device DISPLAY\Default_Monitor\7&16b8ddb4&0&UID260"
"11:12:26.6643336","Kernel-PnP","222","시작",,"End querying bus relations for device DISPLAY\Default_Monitor\7&16b8ddb4&0&UID260"
"11:12:26.6646679","DxgKrnl","10011","정보",,""
"11:12:26.6666117","DxgKrnl","10011","정보",,""
"11:12:26.6666924","DxgKrnl","10011","정보",,""
"11:12:26.6753465","DxgKrnl","10011","정보",,""
"11:12:26.6753712","DxgKrnl","10011","정보",,""
"11:12:26.6754166","DxgKrnl","10011","정보",,""
"11:12:26.6754211","DxgKrnl","10011","정보",,""
"11:12:26.6754235","DxgKrnl","10011","정보",,""
"11:12:26.6764378","DxgKrnl","10011","정보",,""
"11:12:26.6764806","DxgKrnl","10011","정보",,""
"11:12:26.7293176","DxgKrnl","10011","정보",,""
"11:12:26.7293921","DxgKrnl","10011","정보",,""
"11:12:26.7294494","DxgKrnl","10011","정보",,""
"11:12:26.7299998","DxgKrnl","10011","정보",,""
"11:12:26.7300465","DxgKrnl","10011","정보",,""
"11:12:26.7301192","DxgKrnl","10011","정보",,""
"11:12:26.7301779","DxgKrnl","10011","정보",,""
"11:12:26.7301794","DxgKrnl","10011","정보",,""
"11:12:26.7302273","DxgKrnl","10011","정보",,""
"11:12:26.7302301","DxgKrnl","10011","정보",,""
"11:12:26.7302765","DxgKrnl","10011","정보",,""
"11:12:26.7302827","DxgKrnl","10011","정보",,""
"11:12:26.7303358","DxgKrnl","10011","정보",,""
"11:12:26.7321150","DxgKrnl","10011","정보",,""
"11:12:26.7321359","DxgKrnl","10011","정보",,""
"11:12:26.7322624","DxgKrnl","10011","정보",,""
"11:12:26.7322808","DxgKrnl","10011","정보",,""
"11:12:26.7326425","DxgKrnl","10011","정보",,""
"11:12:26.7327227","DxgKrnl","10011","정보",,""
"11:12:26.7471412","DxgKrnl","10011","정보",,""
"11:12:26.7472132","DxgKrnl","10011","정보",,""
"11:12:26.7472145","DxgKrnl","10011","정보",,""
"11:12:26.7472638","DxgKrnl","10011","정보",,""
"11:12:26.7472659","DxgKrnl","10011","정보",,""
"11:12:26.7473176","DxgKrnl","10011","정보",,""
"11:12:26.7473252","DxgKrnl","10011","정보",,""
"11:12:26.7473795","DxgKrnl","10011","정보",,""
"11:12:26.7479433","DxgKrnl","10011","정보",,""
"11:12:26.7479928","DxgKrnl","10011","정보",,""
"11:12:26.7495545","DxgKrnl","10011","정보",,""
"11:12:26.7501712","DxgKrnl","10011","정보",,""
"11:12:26.7517174","DxgKrnl","10011","정보",,""
"11:12:26.7517759","DxgKrnl","10011","정보",,""
"11:12:26.7541959","DxgKrnl","10011","정보",,""
"11:12:26.7542529","DxgKrnl","10011","정보",,""
"11:12:26.8614748","Kernel-PnP","220","시작",,"Begin querying bus relations for device PCI\VEN_1002&DEV_7550&SUBSYS_E4891DA2&REV_C0\6&8916a45&0&00000009"
"11:12:26.9186311","Kernel-PnP","222","시작",,"End querying bus relations for device PCI\VEN_1002&DEV_7550&SUBSYS_E4891DA2&REV_C0\6&8916a45&0&00000009"
"11:12:26.9186422","DxgKrnl","10011","정보",,""
"11:12:26.9189215","DxgKrnl","10011","정보",,""
"11:12:26.9189442","Kernel-PnP","1010","시작",,"버스에 누락 된 것으로 보고 된 장치 DISPLAY\Default_Monitor\7&16b8ddb4&0&UID260이 (가) 제거 되었습니다. 제거 된 장치 수 | 개수: 1"
"11:12:26.9195196","Kernel-PnP","220","시작",,"Begin querying bus relations for device SWD\DRIVERENUM\AMDCP&7&16b8ddb4&0"
"11:12:26.9195247","Kernel-PnP","222","시작",,"End querying bus relations for device SWD\DRIVERENUM\AMDCP&7&16b8ddb4&0"
"11:12:26.9195456","Kernel-PnP","220","시작",,"Begin querying bus relations for device SWD\DRIVERENUM\AMDFDANS&7&16b8ddb4&0"
"11:12:26.9195479","Kernel-PnP","222","시작",,"End querying bus relations for device SWD\DRIVERENUM\AMDFDANS&7&16b8ddb4&0"
"11:12:26.9195599","Kernel-PnP","220","시작",,"Begin querying bus relations for device SWD\DRIVERENUM\AMDOCL&7&16b8ddb4&0"
"11:12:26.9195617","Kernel-PnP","222","시작",,"End querying bus relations for device SWD\DRIVERENUM\AMDOCL&7&16b8ddb4&0"
"11:12:26.9195727","Kernel-PnP","220","시작",,"Begin querying bus relations for device SWD\DRIVERENUM\AMDOGL&7&16b8ddb4&0"
"11:12:26.9195746","Kernel-PnP","222","시작",,"End querying bus relations for device SWD\DRIVERENUM\AMDOGL&7&16b8ddb4&0"
"11:12:26.9195849","Kernel-PnP","220","시작",,"Begin querying bus relations for device SWD\DRIVERENUM\AMDVLK&7&16b8ddb4&0"
"11:12:26.9195866","Kernel-PnP","222","시작",,"End querying bus relations for device SWD\DRIVERENUM\AMDVLK&7&16b8ddb4&0"
"11:12:26.9195981","Kernel-PnP","220","시작",,"Begin querying bus relations for device SWD\DRIVERENUM\AMDWIN&7&16b8ddb4&0"
"11:12:26.9195999","Kernel-PnP","222","시작",,"End querying bus relations for device SWD\DRIVERENUM\AMDWIN&7&16b8ddb4&0"
"11:12:26.9196460","Kernel-PnP","220","시작",,"Begin querying bus relations for device DISPLAY\BBC0104\7&16b8ddb4&0&UID265"
"11:12:26.9196535","Kernel-PnP","222","시작",,"End querying bus relations for device DISPLAY\BBC0104\7&16b8ddb4&0&UID265"
"11:12:26.9230151","DxgKrnl","10011","정보",,""
"11:12:26.9234659","DxgKrnl","10011","정보",,""
"11:12:26.9247396","DxgKrnl","10011","정보",,""
"11:12:26.9248297","DxgKrnl","10011","정보",,""
"11:12:26.9248835","DxgKrnl","10011","정보",,""
"11:12:26.9249211","DxgKrnl","10011","정보",,""
"11:12:26.9249997","DxgKrnl","10011","정보",,""
"11:12:26.9258849","DxgKrnl","10011","정보",,""
"11:12:26.9259742","DxgKrnl","10011","정보",,""
"11:12:26.9289690","DxgKrnl","10011","정보",,""
"11:12:26.9289816","DxgKrnl","10011","정보",,""
"11:12:26.9289889","DxgKrnl","10011","정보",,""
"11:12:26.9289898","DxgKrnl","10011","정보",,""
"11:12:26.9293462","DxgKrnl","10011","정보",,""
"11:12:26.9294431","DxgKrnl","10011","정보",,""
"11:12:26.9309216","DxgKrnl","10011","정보",,""
"11:12:26.9309563","DxgKrnl","10011","정보",,""
"11:12:26.9311001","DxgKrnl","10011","정보",,""
"11:12:26.9311002","DxgKrnl","10011","정보",,""
"11:12:26.9317265","DxgKrnl","10011","정보",,""
"11:12:26.9317484","DxgKrnl","10011","정보",,""
"11:12:26.9318355","DxgKrnl","10011","정보",,""
"11:12:26.9318397","DxgKrnl","10011","정보",,""
"11:12:26.9318421","DxgKrnl","10011","정보",,""
"11:12:26.9322417","DxgKrnl","10011","정보",,""
"11:12:26.9322929","DxgKrnl","10011","정보",,""
"11:12:26.9526894","DxgKrnl","10011","정보",,""
"11:12:26.9578959","DxgKrnl","10011","정보",,""
"11:12:26.9579465","DxgKrnl","10011","정보",,""
"11:12:26.9579762","DxgKrnl","10011","정보",,""
"11:12:26.9582022","DxgKrnl","10011","정보",,""
"11:12:26.9582385","DxgKrnl","10011","정보",,""
"11:12:26.9583073","DxgKrnl","10011","정보",,""
"11:12:26.9583542","DxgKrnl","10011","정보",,""
"11:12:26.9583560","DxgKrnl","10011","정보",,""
"11:12:26.9583949","DxgKrnl","10011","정보",,""
"11:12:26.9600974","DxgKrnl","10011","정보",,""
"11:12:26.9600976","DxgKrnl","10011","정보",,""
"11:12:26.9602117","DxgKrnl","10011","정보",,""
"11:12:26.9603583","DxgKrnl","10011","정보",,""
"11:12:26.9603642","DxgKrnl","10011","정보",,""
"11:12:26.9603650","DxgKrnl","10011","정보",,""
"11:12:26.9606463","DxgKrnl","10011","정보",,""
"11:12:26.9606818","DxgKrnl","10011","정보",,""
"11:12:26.9607340","DxgKrnl","10011","정보",,""
"11:12:26.9608145","DxgKrnl","10011","정보",,""
"11:12:26.9608208","DxgKrnl","10011","정보",,""
"11:12:26.9609497","DxgKrnl","10011","정보",,""
"11:12:26.9609509","DxgKrnl","10011","정보",,""
"11:12:26.9609817","DxgKrnl","10011","정보",,""
"11:12:26.9612717","DxgKrnl","10011","정보",,""
"11:12:26.9613189","DxgKrnl","10011","정보",,""
"11:12:26.9613781","DxgKrnl","10011","정보",,""
"11:12:26.9613872","DxgKrnl","10011","정보",,""
"11:12:26.9614424","DxgKrnl","10011","정보",,""
"11:12:26.9622889","DxgKrnl","10011","정보",,""
"11:12:26.9623431","DxgKrnl","10011","정보",,""
"11:12:26.9635745","DxgKrnl","10011","정보",,""
"11:12:26.9640424","DxgKrnl","10011","정보",,""
"11:12:26.9640501","DxgKrnl","10011","정보",,""
"11:12:26.9640509","DxgKrnl","10011","정보",,""
"11:12:26.9646158","DxgKrnl","10011","정보",,""
"11:12:26.9646702","DxgKrnl","10011","정보",,""
"11:12:26.9651876","DxgKrnl","10011","정보",,""
"11:12:26.9652511","DxgKrnl","10011","정보",,""
"11:12:26.9755923","DxgKrnl","10011","정보",,""
"11:12:26.9763439","DxgKrnl","10011","정보",,""
"11:12:26.9828203","DxgKrnl","10011","정보",,""
"11:12:26.9829947","DxgKrnl","10011","정보",,""
"11:12:26.9829972","DxgKrnl","10011","정보",,""
"11:12:26.9830575","DxgKrnl","10011","정보",,""
"11:12:26.9843308","DxgKrnl","10011","정보",,""
"11:12:26.9844146","DxgKrnl","10011","정보",,""
"11:12:26.9901746","DxgKrnl","10011","정보",,""
"11:12:26.9902542","DxgKrnl","10011","정보",,""
"11:12:26.9921117","DxgKrnl","10011","정보",,""
"11:12:26.9922015","DxgKrnl","10011","정보",,""
"11:12:26.9936530","DxgKrnl","10011","정보",,""
"11:12:26.9937109","DxgKrnl","10011","정보",,""
"11:12:30.1885395","DxgKrnl","10011","정보",,""
"11:12:30.4258567","Kernel-PnP","220","시작",,"Begin querying bus relations for device PCI\VEN_1002&DEV_7550&SUBSYS_E4891DA2&REV_C0\6&8916a45&0&00000009"
"11:12:30.4259184","DxgKrnl","10011","정보",,""
"11:12:30.4260515","DxgKrnl","10011","정보",,""
"11:12:30.4261118","DxgKrnl","10011","정보",,""
"11:12:30.4265435","DxgKrnl","10011","정보",,""
"11:12:30.4266125","DxgKrnl","10011","정보",,""
"11:12:30.4266646","DxgKrnl","10011","정보",,""
"11:12:30.4267183","DxgKrnl","10011","정보",,""
"11:12:30.4279418","DxgKrnl","10011","정보",,""
"11:12:30.4279946","DxgKrnl","10011","정보",,""
"11:12:30.4286707","DxgKrnl","10011","정보",,""
"11:12:30.4287044","DxgKrnl","10011","정보",,""
"11:12:30.4287580","DxgKrnl","10011","정보",,""
"11:12:30.4287611","DxgKrnl","10011","정보",,""
"11:12:30.4287632","DxgKrnl","10011","정보",,""
"11:12:30.4317661","DxgKrnl","10011","정보",,""
"11:12:30.4318213","DxgKrnl","10011","정보",,""
"11:12:30.4323704","Kernel-PnP","222","시작",,"End querying bus relations for device PCI\VEN_1002&DEV_7550&SUBSYS_E4891DA2&REV_C0\6&8916a45&0&00000009"
"11:12:30.4324210","Kernel-PnP","220","시작",,"Begin querying bus relations for device SWD\DRIVERENUM\AMDCP&7&16b8ddb4&0"
"11:12:30.4324227","Kernel-PnP","222","시작",,"End querying bus relations for device SWD\DRIVERENUM\AMDCP&7&16b8ddb4&0"
"11:12:30.4324284","Kernel-PnP","220","시작",,"Begin querying bus relations for device SWD\DRIVERENUM\AMDFDANS&7&16b8ddb4&0"
"11:12:30.4324292","Kernel-PnP","222","시작",,"End querying bus relations for device SWD\DRIVERENUM\AMDFDANS&7&16b8ddb4&0"
"11:12:30.4324355","Kernel-PnP","220","시작",,"Begin querying bus relations for device SWD\DRIVERENUM\AMDOCL&7&16b8ddb4&0"
"11:12:30.4324362","Kernel-PnP","222","시작",,"End querying bus relations for device SWD\DRIVERENUM\AMDOCL&7&16b8ddb4&0"
"11:12:30.4324407","Kernel-PnP","220","시작",,"Begin querying bus relations for device SWD\DRIVERENUM\AMDOGL&7&16b8ddb4&0"
"11:12:30.4324414","Kernel-PnP","222","시작",,"End querying bus relations for device SWD\DRIVERENUM\AMDOGL&7&16b8ddb4&0"
"11:12:30.4324462","Kernel-PnP","220","시작",,"Begin querying bus relations for device SWD\DRIVERENUM\AMDVLK&7&16b8ddb4&0"
"11:12:30.4324469","Kernel-PnP","222","시작",,"End querying bus relations for device SWD\DRIVERENUM\AMDVLK&7&16b8ddb4&0"
"11:12:30.4324532","Kernel-PnP","220","시작",,"Begin querying bus relations for device SWD\DRIVERENUM\AMDWIN&7&16b8ddb4&0"
"11:12:30.4324540","Kernel-PnP","222","시작",,"End querying bus relations for device SWD\DRIVERENUM\AMDWIN&7&16b8ddb4&0"
"11:12:30.4324583","Kernel-PnP","220","시작",,"Begin querying bus relations for device DISPLAY\BBC0104\7&16b8ddb4&0&UID265"
"11:12:30.4324631","Kernel-PnP","222","시작",,"End querying bus relations for device DISPLAY\BBC0104\7&16b8ddb4&0&UID265"
"11:12:30.4475333","Kernel-PnP","808","시작",,"End device add, status (STATUS_SUCCESS)"
"11:12:30.4478846","Kernel-PnP","220","시작",,"Begin querying bus relations for device DISPLAY\SAM7B0C\7&16b8ddb4&0&UID260"
"11:12:30.4478878","Kernel-PnP","222","시작",,"End querying bus relations for device DISPLAY\SAM7B0C\7&16b8ddb4&0&UID260"
"11:12:30.4481462","DxgKrnl","10011","정보",,""
"11:12:30.4563791","DxgKrnl","10011","정보",,""
"11:12:30.4564317","DxgKrnl","10011","정보",,""
"11:12:30.4564813","DxgKrnl","10011","정보",,""
"11:12:30.4572180","DxgKrnl","10011","정보",,""
"11:12:30.4572552","DxgKrnl","10011","정보",,""
"11:12:30.4575948","DxgKrnl","10011","정보",,""
"11:12:30.4576323","DxgKrnl","10011","정보",,""
"11:12:30.4576340","DxgKrnl","10011","정보",,""
"11:12:30.4576845","DxgKrnl","10011","정보",,""
"11:12:30.4592817","DxgKrnl","10011","정보",,""
"11:12:30.4593571","DxgKrnl","10011","정보",,""
"11:12:30.4593704","DxgKrnl","10011","정보",,""
"11:12:30.4595126","DxgKrnl","10011","정보",,""
"11:12:30.4595214","DxgKrnl","10011","정보",,""
"11:12:30.4595926","DxgKrnl","10011","정보",,""
"11:12:30.4671656","DxgKrnl","10011","정보",,""
"11:12:30.4672108","DxgKrnl","10011","정보",,""
"11:12:30.4672121","DxgKrnl","10011","정보",,""
"11:12:30.4672637","DxgKrnl","10011","정보",,""
"11:12:30.4676454","DxgKrnl","10011","정보",,""
"11:12:30.4676777","DxgKrnl","10011","정보",,""
"11:12:30.4677711","DxgKrnl","10011","정보",,""
"11:12:30.4678270","DxgKrnl","10011","정보",,""
"11:12:30.4717199","DxgKrnl","10011","정보",,""
"11:12:30.4717987","DxgKrnl","10011","정보",,""
"11:12:30.4734567","DxgKrnl","10011","정보",,""
"11:12:30.4741533","DxgKrnl","10011","정보",,""
"11:12:30.4799318","DxgKrnl","10011","정보",,""
"11:12:30.4799686","DxgKrnl","10011","정보",,""
"11:12:30.4800151","DxgKrnl","10011","정보",,""
"11:12:30.4800188","DxgKrnl","10011","정보",,""
"11:12:30.4800210","DxgKrnl","10011","정보",,""
"11:12:30.4803720","DxgKrnl","10011","정보",,""
"11:12:30.4804067","DxgKrnl","10011","정보",,""
"11:12:30.4822761","DxgKrnl","10011","정보",,""
"11:12:30.4823188","DxgKrnl","10011","정보",,""
"11:12:30.4823524","DxgKrnl","10011","정보",,""
"11:12:30.4824611","DxgKrnl","10011","정보",,""
"11:12:30.4824613","DxgKrnl","10011","정보",,""
"11:12:30.4826184","DxgKrnl","10011","정보",,""
"11:12:30.4826295","DxgKrnl","10011","정보",,""
"11:12:30.4827313","DxgKrnl","10011","정보",,""
"11:12:30.4827372","DxgKrnl","10011","정보",,""
"11:12:30.4827406","DxgKrnl","10011","정보",,""
"11:12:30.4827409","DxgKrnl","10011","정보",,""
"11:12:30.4871221","DxgKrnl","10011","정보",,""
"11:12:30.4871688","DxgKrnl","10011","정보",,""
"11:12:30.4889437","DxgKrnl","10011","정보",,""
"11:12:30.4889919","DxgKrnl","10011","정보",,""
"11:12:30.6697332","DxgKrnl","10011","정보",,""
"11:12:30.6700424","DxgKrnl","10011","정보",,""
"11:12:30.6708957","DxgKrnl","10011","정보",,""
"11:12:30.6709702","DxgKrnl","10011","정보",,""
"11:12:30.6716495","DxgKrnl","10011","정보",,""
"11:12:30.6717301","DxgKrnl","10011","정보",,""
"11:12:30.6718414","DxgKrnl","10011","정보",,""
"11:12:30.6718627","DxgKrnl","10011","정보",,""
"11:12:30.6720069","DxgKrnl","10011","정보",,""
"11:12:30.6731822","DxgKrnl","10011","정보",,""
"11:12:30.6732310","DxgKrnl","10011","정보",,""
"11:12:30.6736780","DxgKrnl","10011","정보",,""
"11:12:30.6751806","DxgKrnl","10011","정보",,""
"11:12:30.6756299","DxgKrnl","10011","정보",,""
"11:12:30.6756406","DxgKrnl","10011","정보",,""
"11:12:30.6756420","DxgKrnl","10011","정보",,""
"11:12:30.6757478","DxgKrnl","10011","정보",,""
"11:12:30.6765653","DxgKrnl","10011","정보",,""
"11:12:30.6766349","DxgKrnl","10011","정보",,""
"11:12:30.6770862","DxgKrnl","10011","정보",,""
"11:12:30.6771491","DxgKrnl","10011","정보",,""
"11:12:30.6859255","DxgKrnl","10011","정보",,""
"11:12:30.6866527","DxgKrnl","10011","정보",,""
"11:12:30.6941983","DxgKrnl","10011","정보",,""
"11:12:30.6942448","DxgKrnl","10011","정보",,""
"11:12:34.0985849","DxgKrnl","10011","정보",,""
"11:12:34.0986417","DxgKrnl","10011","정보",,""
"11:12:34.0992262","DxgKrnl","10011","정보",,""
"11:12:34.0992684","DxgKrnl","10011","정보",,""
"11:12:34.0993135","DxgKrnl","10011","정보",,""
"11:12:34.0993167","DxgKrnl","10011","정보",,""
"11:12:34.0993189","DxgKrnl","10011","정보",,""
"11:12:34.0996422","DxgKrnl","10011","정보",,""
"11:12:34.0996770","DxgKrnl","10011","정보",,""
"11:12:34.1016266","DxgKrnl","10011","정보",,""
"11:12:34.1016781","DxgKrnl","10011","정보",,""
"11:12:34.1017357","DxgKrnl","10011","정보",,""
"11:12:34.1018457","DxgKrnl","10011","정보",,""
"11:12:34.1018513","DxgKrnl","10011","정보",,""
"11:12:34.1018547","DxgKrnl","10011","정보",,""
"11:12:34.1018572","DxgKrnl","10011","정보",,""
"11:12:34.1020108","DxgKrnl","10011","정보",,""
"11:12:34.1020146","DxgKrnl","10011","정보",,""
"11:12:34.1020151","DxgKrnl","10011","정보",,""
"11:12:34.1020566","DxgKrnl","10011","정보",,""
"11:12:34.1041524","DxgKrnl","10011","정보",,""
"11:12:34.1041977","DxgKrnl","10011","정보",,""
"11:12:34.1052103","DxgKrnl","10011","정보",,""
"11:12:34.1052556","DxgKrnl","10011","정보",,""
"11:12:34.1058959","DxgKrnl","10011","정보",,""
"11:12:34.1059181","DxgKrnl","10011","정보",,""
"11:12:34.1060030","DxgKrnl","10011","정보",,""
"11:12:34.1060060","DxgKrnl","10011","정보",,""
"11:12:34.1060082","DxgKrnl","10011","정보",,""
"11:12:34.1063183","DxgKrnl","10011","정보",,""
"11:12:34.1063660","DxgKrnl","10011","정보",,""
"11:12:34.1081368","DxgKrnl","10011","정보",,""
"11:12:34.1081792","DxgKrnl","10011","정보",,""
"11:12:34.1082236","DxgKrnl","10011","정보",,""
"11:12:34.1083163","DxgKrnl","10011","정보",,""
"11:12:34.1083313","DxgKrnl","10011","정보",,""
"11:12:34.1083318","DxgKrnl","10011","정보",,""
"11:12:34.1083968","DxgKrnl","10011","정보",,""
"11:12:34.1084131","DxgKrnl","10011","정보",,""
"11:12:34.1085357","DxgKrnl","10011","정보",,""
"11:12:34.1085397","DxgKrnl","10011","정보",,""
"11:12:34.1085460","DxgKrnl","10011","정보",,""
"11:12:34.1100940","DxgKrnl","10011","정보",,""
"11:12:34.1101376","DxgKrnl","10011","정보",,""
"11:12:34.1115422","DxgKrnl","10011","정보",,""
"11:12:34.1116069","DxgKrnl","10011","정보",,""
"11:12:35.6145287","DxgKrnl","10011","정보",,""
"11:12:35.6145368","DxgKrnl","10011","정보",,""
"11:12:35.6145375","DxgKrnl","10011","정보",,""
"11:12:35.6145380","DxgKrnl","10011","정보",,""
"11:12:35.6145385","DxgKrnl","10011","정보",,""
"11:12:35.6145390","DxgKrnl","10011","정보",,""
"11:12:35.6145394","DxgKrnl","10011","정보",,""
"11:12:35.6145398","DxgKrnl","10011","정보",,""
"11:12:35.6145403","DxgKrnl","10011","정보",,""
"11:12:35.6145407","DxgKrnl","10011","정보",,""
"11:12:35.6145411","DxgKrnl","10011","정보",,""
"11:12:35.6973111","DxgKrnl","10011","정보",,""
"11:12:35.6973201","DxgKrnl","10011","정보",,""
"11:12:35.6974050","DxgKrnl","10011","정보",,""
"11:12:35.6974442","DxgKrnl","10011","정보",,""
"11:12:35.6974527","DxgKrnl","10011","정보",,""
"11:12:35.7542471","DxgKrnl","10011","정보",,""
"11:12:35.7542542","DxgKrnl","10011","정보",,""
"11:12:35.7543003","DxgKrnl","10011","정보",,""
"11:12:35.7548937","DxgKrnl","10011","정보",,""
"11:12:35.7548966","DxgKrnl","10011","정보",,""
"11:12:35.7549049","DxgKrnl","10011","정보",,""
"11:12:35.7549061","DxgKrnl","10011","정보",,""
"11:12:35.8168689","DxgKrnl","10011","정보",,""
"11:12:35.8168734","DxgKrnl","10011","정보",,""
"11:12:35.9417387","DxgKrnl","10011","정보",,""
"11:12:35.9437344","DxgKrnl","10011","정보",,""
"11:12:35.9437442","DxgKrnl","10011","정보",,""
"11:12:35.9437452","DxgKrnl","10011","정보",,""
"11:12:35.9437458","DxgKrnl","10011","정보",,""
"11:12:35.9437460","DxgKrnl","10011","정보",,""
"11:12:35.9437498","DxgKrnl","10011","정보",,""
"11:12:35.9445456","DxgKrnl","10011","정보",,""
"11:12:35.9445550","DxgKrnl","10011","정보",,""
"11:12:36.3750218","DxgKrnl","10011","정보",,""
"11:12:36.3767605","DxgKrnl","10011","정보",,""
"11:12:36.3767700","DxgKrnl","10011","정보",,""
"11:12:36.3793692","DxgKrnl","10011","정보",,""
"11:12:36.3793824","DxgKrnl","10011","정보",,""
"11:12:36.3808784","DxgKrnl","10011","정보",,""
"11:12:36.3809101","DxgKrnl","10011","정보",,""
"11:12:36.3809210","DxgKrnl","10011","정보",,""
"11:12:36.3809249","DxgKrnl","10011","정보",,""
"11:12:36.3809272","DxgKrnl","10011","정보",,""
"11:12:36.3809894","DxgKrnl","10011","정보",,""
"11:12:36.3809948","DxgKrnl","10011","정보",,""
"11:12:36.3832790","Kernel-PnP","220","시작",,"Begin querying bus relations for device ROOT\BasicDisplay\0000"
"11:12:36.3832854","Kernel-PnP","222","시작",,"End querying bus relations for device ROOT\BasicDisplay\0000"
"11:12:36.3836546","DxgKrnl","10011","정보",,""
"11:12:36.3837029","DxgKrnl","10011","정보",,""
"11:12:36.3837933","DxgKrnl","10011","정보",,""
"11:12:36.3838372","DxgKrnl","10011","정보",,""
"11:12:36.3838901","DxgKrnl","10011","정보",,""
"11:12:36.3839625","DxgKrnl","10011","정보",,""
"11:12:36.3842142","DxgKrnl","10011","정보",,""
"11:12:36.3842187","DxgKrnl","10011","정보",,""
"11:12:36.3842330","DxgKrnl","10011","정보",,""
"11:12:36.3925011","Kernel-PnP","808","시작",,"End device add, status (STATUS_SUCCESS)"
"11:12:36.3928334","Kernel-PnP","220","시작",,"Begin querying bus relations for device DISPLAY\Default_Monitor\1&8713bca&0&UID0"
"11:12:36.3928364","Kernel-PnP","222","시작",,"End querying bus relations for device DISPLAY\Default_Monitor\1&8713bca&0&UID0"
"11:12:36.3931552","DxgKrnl","10011","정보",,""
"11:12:36.4479669","DxgKrnl","10011","정보",,""
"11:12:36.4479794","DxgKrnl","10011","정보",,""
"11:12:36.4480226","DxgKrnl","10011","정보",,""
"11:12:36.4480277","DxgKrnl","10011","정보",,""
"11:12:36.4614564","DxgKrnl","10011","정보",,""
"11:12:36.4621998","DxgKrnl","10011","정보",,""
"11:12:36.4646850","DxgKrnl","10011","정보",,""
"11:12:36.4647102","DxgKrnl","10011","정보",,""
"11:12:36.5260319","DxgKrnl","10011","정보",,""
"11:12:36.5260630","DxgKrnl","10011","정보",,""
"11:12:36.5260650","DxgKrnl","10011","정보",,""
"11:12:36.5260729","DxgKrnl","10011","정보",,""
"11:12:36.5268800","DxgKrnl","10011","정보",,""
"11:12:36.5268972","DxgKrnl","10011","정보",,""
"11:12:36.5325520","DxgKrnl","10011","정보",,""
"11:12:36.5325775","DxgKrnl","10011","정보",,""
"11:12:36.5382951","DxgKrnl","10011","정보",,""
"11:12:36.5391884","DxgKrnl","10011","정보",,""
"11:12:36.5392437","DxgKrnl","10011","정보",,""
"11:12:36.5402357","DxgKrnl","10011","정보",,""
"11:12:36.5402486","DxgKrnl","10011","정보",,""
"11:12:36.5402576","DxgKrnl","10011","정보",,""
"11:12:36.5402585","DxgKrnl","10011","정보",,""
"11:12:36.5419401","DxgKrnl","10011","정보",,""
"11:12:36.5419702","DxgKrnl","10011","정보",,""
"11:12:36.5420630","DxgKrnl","10011","정보",,""
"11:12:36.5420992","DxgKrnl","10011","정보",,""
"11:12:36.5421150","DxgKrnl","10011","정보",,""
"11:12:36.5421199","DxgKrnl","10011","정보",,""
"11:12:36.5421212","DxgKrnl","10011","정보",,""
"11:12:36.5422043","DxgKrnl","10011","정보",,""
"11:12:36.5422129","DxgKrnl","10011","정보",,""
"11:12:36.5545434","DxgKrnl","10011","정보",,""
"11:12:36.5545581","DxgKrnl","10011","정보",,""
"11:12:36.5545841","DxgKrnl","10011","정보",,""
"11:12:36.5547618","DxgKrnl","10011","정보",,""
"11:12:36.5547668","DxgKrnl","10011","정보",,""
"11:12:36.5548052","DxgKrnl","10011","정보",,""
"11:12:36.5548115","DxgKrnl","10011","정보",,""
"11:12:36.5549208","DxgKrnl","10011","정보",,""
"11:12:36.5549386","DxgKrnl","10011","정보",,""
"11:12:36.5673843","DxgKrnl","10011","정보",,""
"11:12:36.5674020","DxgKrnl","10011","정보",,""
"11:12:36.5686767","DxgKrnl","10011","정보",,""
"11:12:36.5686945","DxgKrnl","10011","정보",,""
"11:12:36.5882376","Kernel-PnP","808","시작",,"End device add, status (STATUS_SUCCESS)"
"11:12:36.6077387","DxgKrnl","10011","정보",,""
"11:12:36.6077530","DxgKrnl","10011","정보",,""
"11:12:36.6077669","DxgKrnl","10011","정보",,""
"11:12:36.6077681","DxgKrnl","10011","정보",,""
"11:12:36.6312135","Kernel-PnP","220","시작",,"Begin querying bus relations for device PCI\VEN_1002&DEV_7550&SUBSYS_E4891DA2&REV_C0\6&8916a45&0&00000009"
"11:12:36.6312382","Kernel-PnP","222","시작",,"End querying bus relations for device PCI\VEN_1002&DEV_7550&SUBSYS_E4891DA2&REV_C0\6&8916a45&0&00000009"
"11:12:36.6312852","DxgKrnl","10011","정보",,""
"11:12:36.6312982","DxgKrnl","10011","정보",,""
"11:12:36.6353802","Kernel-PnP","220","시작",,"Begin querying bus relations for device SWD\DRIVERENUM\AMDCP&7&16b8ddb4&0"
"11:12:36.6353815","Kernel-PnP","222","시작",,"End querying bus relations for device SWD\DRIVERENUM\AMDCP&7&16b8ddb4&0"
"11:12:36.6355427","Kernel-PnP","220","시작",,"Begin querying bus relations for device SWD\DRIVERENUM\AMDFDANS&7&16b8ddb4&0"
"11:12:36.6355447","Kernel-PnP","222","시작",,"End querying bus relations for device SWD\DRIVERENUM\AMDFDANS&7&16b8ddb4&0"
"11:12:36.6357180","Kernel-PnP","220","시작",,"Begin querying bus relations for device SWD\DRIVERENUM\AMDOCL&7&16b8ddb4&0"
"11:12:36.6357200","Kernel-PnP","222","시작",,"End querying bus relations for device SWD\DRIVERENUM\AMDOCL&7&16b8ddb4&0"
"11:12:36.6357235","DxgKrnl","10011","정보",,""
"11:12:36.6357450","DxgKrnl","10011","정보",,""
"11:12:36.6358666","DxgKrnl","10011","정보",,""
"11:12:36.6358749","Kernel-PnP","220","시작",,"Begin querying bus relations for device SWD\DRIVERENUM\AMDOGL&7&16b8ddb4&0"
"11:12:36.6358776","Kernel-PnP","222","시작",,"End querying bus relations for device SWD\DRIVERENUM\AMDOGL&7&16b8ddb4&0"
"11:12:36.6359415","DxgKrnl","10011","정보",,""
"11:12:36.6359485","DxgKrnl","10011","정보",,""
"11:12:36.6359803","DxgKrnl","10011","정보",,""
"11:12:36.6360053","DxgKrnl","10011","정보",,""
"11:12:36.6360112","DxgKrnl","10011","정보",,""
"11:12:36.6360732","Kernel-PnP","220","시작",,"Begin querying bus relations for device SWD\DRIVERENUM\AMDVLK&7&16b8ddb4&0"
"11:12:36.6360743","Kernel-PnP","222","시작",,"End querying bus relations for device SWD\DRIVERENUM\AMDVLK&7&16b8ddb4&0"
"11:12:36.6361649","Kernel-PnP","220","시작",,"Begin querying bus relations for device SWD\DRIVERENUM\AMDWIN&7&16b8ddb4&0"
"11:12:36.6361658","Kernel-PnP","222","시작",,"End querying bus relations for device SWD\DRIVERENUM\AMDWIN&7&16b8ddb4&0"
"11:12:36.6361777","Kernel-PnP","220","시작",,"Begin querying bus relations for device PCI\VEN_1002&DEV_7550&SUBSYS_E4891DA2&REV_C0\6&8916a45&0&00000009"
"11:12:36.6362167","Kernel-PnP","222","시작",,"End querying bus relations for device PCI\VEN_1002&DEV_7550&SUBSYS_E4891DA2&REV_C0\6&8916a45&0&00000009"
"11:12:36.6362466","Kernel-PnP","220","시작",,"Begin querying bus relations for device PCI\VEN_1002&DEV_7550&SUBSYS_E4891DA2&REV_C0\6&8916a45&0&00000009"
"11:12:36.6362555","Kernel-PnP","222","시작",,"End querying bus relations for device PCI\VEN_1002&DEV_7550&SUBSYS_E4891DA2&REV_C0\6&8916a45&0&00000009"
"11:12:36.6362713","Kernel-PnP","220","시작",,"Begin querying bus relations for device PCI\VEN_1002&DEV_7550&SUBSYS_E4891DA2&REV_C0\6&8916a45&0&00000009"
"11:12:36.6362800","Kernel-PnP","222","시작",,"End querying bus relations for device PCI\VEN_1002&DEV_7550&SUBSYS_E4891DA2&REV_C0\6&8916a45&0&00000009"
"11:12:36.6362958","Kernel-PnP","220","시작",,"Begin querying bus relations for device PCI\VEN_1002&DEV_7550&SUBSYS_E4891DA2&REV_C0\6&8916a45&0&00000009"
"11:12:36.6363044","Kernel-PnP","222","시작",,"End querying bus relations for device PCI\VEN_1002&DEV_7550&SUBSYS_E4891DA2&REV_C0\6&8916a45&0&00000009"
"11:12:36.6363194","Kernel-PnP","220","시작",,"Begin querying bus relations for device PCI\VEN_1002&DEV_7550&SUBSYS_E4891DA2&REV_C0\6&8916a45&0&00000009"
"11:12:36.6363280","Kernel-PnP","222","시작",,"End querying bus relations for device PCI\VEN_1002&DEV_7550&SUBSYS_E4891DA2&REV_C0\6&8916a45&0&00000009"
"11:12:36.6363423","Kernel-PnP","220","시작",,"Begin querying bus relations for device PCI\VEN_1002&DEV_7550&SUBSYS_E4891DA2&REV_C0\6&8916a45&0&00000009"
"11:12:36.6363507","Kernel-PnP","222","시작",,"End querying bus relations for device PCI\VEN_1002&DEV_7550&SUBSYS_E4891DA2&REV_C0\6&8916a45&0&00000009"
"11:12:36.7070554","DxgKrnl","10011","정보",,""
"11:12:36.7081318","DxgKrnl","10011","정보",,""
"11:12:36.7081391","DxgKrnl","10011","정보",,""
"11:12:36.7081663","DxgKrnl","10011","정보",,""
"11:12:36.8308086","DxgKrnl","10011","정보",,""
"11:12:36.8308125","DxgKrnl","10011","정보",,""
"11:12:36.8316398","Kernel-PnP","220","시작",,"Begin querying bus relations for device ROOT\BasicDisplay\0000"
"11:12:36.8316445","Kernel-PnP","222","시작",,"End querying bus relations for device ROOT\BasicDisplay\0000"
"11:12:36.8318236","Kernel-PnP","1010","시작",,"버스에 누락 된 것으로 보고 된 장치 DISPLAY\Default_Monitor\1&8713bca&0&UID0이 (가) 제거 되었습니다. 제거 된 장치 수 | 개수: 1"
"11:12:36.8392437","DxgKrnl","10011","정보",,""
"11:12:36.8422885","DxgKrnl","10011","정보",,""
"11:12:36.8423095","DxgKrnl","10011","정보",,""
"11:12:36.8423121","DxgKrnl","10011","정보",,""
"11:12:36.8423128","DxgKrnl","10011","정보",,""
"11:12:36.8423134","DxgKrnl","10011","정보",,""
"11:12:36.8423220","DxgKrnl","10011","정보",,""
"11:12:36.8440247","DxgKrnl","10011","정보",,""
"11:12:36.8440433","DxgKrnl","10011","정보",,""
"11:12:38.2146144","Kernel-PnP","220","시작",,"Begin querying bus relations for device PCI\VEN_1002&DEV_7550&SUBSYS_E4891DA2&REV_C0\6&8916a45&0&00000009"
"11:12:38.4874687","Kernel-PnP","222","시작",,"End querying bus relations for device PCI\VEN_1002&DEV_7550&SUBSYS_E4891DA2&REV_C0\6&8916a45&0&00000009"
"11:12:38.4875246","DxgKrnl","10011","정보",,""
"11:12:38.4875333","Kernel-PnP","220","시작",,"Begin querying bus relations for device SWD\DRIVERENUM\AMDCP&7&16b8ddb4&0"
"11:12:38.4875363","Kernel-PnP","222","시작",,"End querying bus relations for device SWD\DRIVERENUM\AMDCP&7&16b8ddb4&0"
"11:12:38.4875448","Kernel-PnP","220","시작",,"Begin querying bus relations for device SWD\DRIVERENUM\AMDFDANS&7&16b8ddb4&0"
"11:12:38.4875456","Kernel-PnP","222","시작",,"End querying bus relations for device SWD\DRIVERENUM\AMDFDANS&7&16b8ddb4&0"
"11:12:38.4875509","Kernel-PnP","220","시작",,"Begin querying bus relations for device SWD\DRIVERENUM\AMDOCL&7&16b8ddb4&0"
"11:12:38.4875519","Kernel-PnP","222","시작",,"End querying bus relations for device SWD\DRIVERENUM\AMDOCL&7&16b8ddb4&0"
"11:12:38.4876065","Kernel-PnP","220","시작",,"Begin querying bus relations for device SWD\DRIVERENUM\AMDOGL&7&16b8ddb4&0"
"11:12:38.4876132","Kernel-PnP","222","시작",,"End querying bus relations for device SWD\DRIVERENUM\AMDOGL&7&16b8ddb4&0"
"11:12:38.4876324","Kernel-PnP","220","시작",,"Begin querying bus relations for device SWD\DRIVERENUM\AMDVLK&7&16b8ddb4&0"
"11:12:38.4876343","Kernel-PnP","222","시작",,"End querying bus relations for device SWD\DRIVERENUM\AMDVLK&7&16b8ddb4&0"
"11:12:38.4876686","Kernel-PnP","220","시작",,"Begin querying bus relations for device SWD\DRIVERENUM\AMDWIN&7&16b8ddb4&0"
"11:12:38.4876708","Kernel-PnP","222","시작",,"End querying bus relations for device SWD\DRIVERENUM\AMDWIN&7&16b8ddb4&0"
"11:12:38.4968957","Kernel-PnP","808","시작",,"End device add, status (STATUS_SUCCESS)"
"11:12:38.4979667","Kernel-PnP","808","시작",,"End device add, status (STATUS_SUCCESS)"
"11:12:38.4983531","Kernel-PnP","220","시작",,"Begin querying bus relations for device DISPLAY\SAM7B0C\7&16b8ddb4&0&UID260"
"11:12:38.4983566","Kernel-PnP","222","시작",,"End querying bus relations for device DISPLAY\SAM7B0C\7&16b8ddb4&0&UID260"
"11:12:38.4984303","Kernel-PnP","220","시작",,"Begin querying bus relations for device DISPLAY\BBC0104\7&16b8ddb4&0&UID265"
"11:12:38.4984317","Kernel-PnP","222","시작",,"End querying bus relations for device DISPLAY\BBC0104\7&16b8ddb4&0&UID265"
"11:12:38.4986429","DxgKrnl","10011","정보",,""
"11:12:38.4993146","DxgKrnl","10011","정보",,""
"11:12:38.5011939","DxgKrnl","10011","정보",,""
"11:12:38.5012010","DxgKrnl","10011","정보",,""
"11:12:38.5012022","DxgKrnl","10011","정보",,""
"11:12:38.5012033","DxgKrnl","10011","정보",,""
"11:12:38.5012039","DxgKrnl","10011","정보",,""
"11:12:38.5012045","DxgKrnl","10011","정보",,""
"11:12:38.5012051","DxgKrnl","10011","정보",,""
"11:12:38.5012057","DxgKrnl","10011","정보",,""
"11:12:38.5012070","DxgKrnl","10011","정보",,""
"11:12:38.5012088","DxgKrnl","10011","정보",,""
"11:12:38.5012095","DxgKrnl","10011","정보",,""
"11:12:38.5012111","DxgKrnl","10011","정보",,""
"11:12:38.5101709","DxgKrnl","10011","정보",,""
"11:12:38.5101896","DxgKrnl","10011","정보",,""
"11:12:38.5360960","DxgKrnl","10011","정보",,""
"11:12:38.5361496","DxgKrnl","10011","정보",,""
"11:12:38.5361648","DxgKrnl","10011","정보",,""
"11:12:38.5361693","DxgKrnl","10011","정보",,""
"11:12:38.5361731","DxgKrnl","10011","정보",,""
"11:12:38.5367645","DxgKrnl","10011","정보",,""
"11:12:38.5367890","DxgKrnl","10011","정보",,""
"11:12:38.5865335","DxgKrnl","10011","정보",,""
"11:12:38.5865894","DxgKrnl","10011","정보",,""
"11:12:38.5866402","DxgKrnl","10011","정보",,""
"11:12:38.5874903","DxgKrnl","10011","정보",,""
"11:12:38.5875241","DxgKrnl","10011","정보",,""
"11:12:38.5878398","DxgKrnl","10011","정보",,""
"11:12:38.5878780","DxgKrnl","10011","정보",,""
"11:12:38.5878801","DxgKrnl","10011","정보",,""
"11:12:38.5879218","DxgKrnl","10011","정보",,""
"11:12:38.6832616","DxgKrnl","10011","정보",,""
"11:12:38.6832662","DxgKrnl","10011","정보",,""
"11:12:38.6833826","DxgKrnl","10011","정보",,""
"11:12:38.6833894","DxgKrnl","10011","정보",,""
"11:12:38.6868667","DxgKrnl","10011","정보",,""
"11:12:38.6875558","DxgKrnl","10011","정보",,""
"11:12:38.6930322","DxgKrnl","10011","정보",,""
"11:12:38.6930923","DxgKrnl","10011","정보",,""
"11:12:38.8275895","DxgKrnl","10011","정보",,""
"11:12:38.8276814","DxgKrnl","10011","정보",,""
"11:12:38.8276835","DxgKrnl","10011","정보",,""
"11:12:38.8277359","DxgKrnl","10011","정보",,""
"11:12:38.8285609","DxgKrnl","10011","정보",,""
"11:12:38.8286229","DxgKrnl","10011","정보",,""
"11:12:38.8333238","DxgKrnl","10011","정보",,""
"11:12:38.8333899","DxgKrnl","10011","정보",,""
"11:12:38.8379143","DxgKrnl","10011","정보",,""
"11:12:38.8379790","DxgKrnl","10011","정보",,""
"11:12:39.3508009","DxgKrnl","10011","정보",,""
"11:12:39.3508791","DxgKrnl","10011","정보",,""
"11:12:39.3510059","DxgKrnl","10011","정보",,""
"11:12:39.3547562","DxgKrnl","10011","정보",,""
"11:12:39.3552129","DxgKrnl","10011","정보",,""
"11:12:39.3552207","DxgKrnl","10011","정보",,""
"11:12:39.3552216","DxgKrnl","10011","정보",,""
"11:12:39.3556103","DxgKrnl","10011","정보",,""
"11:12:39.3556736","DxgKrnl","10011","정보",,""
"11:12:39.3584536","DxgKrnl","10011","정보",,""
"11:12:39.3585110","DxgKrnl","10011","정보",,""
"11:12:39.8304224","DxgKrnl","10011","정보",,""
"11:12:39.8314526","DxgKrnl","10011","정보",,""
"11:12:39.8431239","DxgKrnl","10011","정보",,""
"11:12:39.8432173","DxgKrnl","10011","정보",,""
"11:12:42.5255484","DxgKrnl","10011","정보",,""
"11:12:42.5256184","DxgKrnl","10011","정보",,""
"11:12:42.5263223","DxgKrnl","10011","정보",,""
"11:12:42.5263733","DxgKrnl","10011","정보",,""
"11:12:42.5264422","DxgKrnl","10011","정보",,""
"11:12:42.5264482","DxgKrnl","10011","정보",,""
"11:12:42.5264512","DxgKrnl","10011","정보",,""
"11:12:42.5268526","DxgKrnl","10011","정보",,""
"11:12:42.5269003","DxgKrnl","10011","정보",,""
"11:12:42.5292170","DxgKrnl","10011","정보",,""
"11:12:42.5292643","DxgKrnl","10011","정보",,""
"11:12:42.5293439","DxgKrnl","10011","정보",,""
"11:12:42.5295086","DxgKrnl","10011","정보",,""
"11:12:42.5295135","DxgKrnl","10011","정보",,""
"11:12:42.5295562","DxgKrnl","10011","정보",,""
"11:12:42.5295613","DxgKrnl","10011","정보",,""
"11:12:42.5297123","DxgKrnl","10011","정보",,""
"11:12:42.5297158","DxgKrnl","10011","정보",,""
"11:12:42.5317257","DxgKrnl","10011","정보",,""
"11:12:42.5317733","DxgKrnl","10011","정보",,""
"11:12:42.5328306","DxgKrnl","10011","정보",,""
"11:12:42.5328759","DxgKrnl","10011","정보",,""
"11:12:42.5333615","DxgKrnl","10011","정보",,""
"11:12:42.5334068","DxgKrnl","10011","정보",,""
"11:12:42.5334607","DxgKrnl","10011","정보",,""
"11:12:42.5334636","DxgKrnl","10011","정보",,""
"11:12:42.5334658","DxgKrnl","10011","정보",,""
"11:12:42.5338131","DxgKrnl","10011","정보",,""
"11:12:42.5338504","DxgKrnl","10011","정보",,""
"11:12:42.5356406","DxgKrnl","10011","정보",,""
"11:12:42.5356822","DxgKrnl","10011","정보",,""
"11:12:42.5357210","DxgKrnl","10011","정보",,""
"11:12:42.5358153","DxgKrnl","10011","정보",,""
"11:12:42.5358247","DxgKrnl","10011","정보",,""
"11:12:42.5358376","DxgKrnl","10011","정보",,""
"11:12:42.5358390","DxgKrnl","10011","정보",,""
"11:12:42.5358443","DxgKrnl","10011","정보",,""
"11:12:42.5359107","DxgKrnl","10011","정보",,""
"11:12:42.5359675","DxgKrnl","10011","정보",,""
"11:12:42.5360774","DxgKrnl","10011","정보",,""
"11:12:42.5360775","DxgKrnl","10011","정보",,""
"11:12:42.5360808","DxgKrnl","10011","정보",,""
"11:12:42.5376687","DxgKrnl","10011","정보",,""
"11:12:42.5377771","DxgKrnl","10011","정보",,""
"11:12:42.5392338","DxgKrnl","10011","정보",,""
"11:12:42.5393294","DxgKrnl","10011","정보",,""
"11:12:43.5273352","Kernel-PnP","220","시작",,"Begin querying bus relations for device HTREE\ROOT\0"
"11:12:43.5276380","Kernel-PnP","222","시작",,"End querying bus relations for device HTREE\ROOT\0"
"11:12:43.5276585","Kernel-PnP","220","시작",,"Begin querying bus relations for device ROOT\volmgr\0000"
"11:12:43.5276607","Kernel-PnP","222","시작",,"End querying bus relations for device ROOT\volmgr\0000"
"11:12:43.5276970","Kernel-PnP","220","시작",,"Begin querying bus relations for device STORAGE\Volume\{99e9578c-928f-11f1-8494-806e6f6e6963}#0000000000100000"
"11:12:43.5277045","Kernel-PnP","222","시작",,"End querying bus relations for device STORAGE\Volume\{99e9578c-928f-11f1-8494-806e6f6e6963}#0000000000100000"
"11:12:43.5277105","Kernel-PnP","220","시작",,"Begin querying bus relations for device STORAGE\Volume\{99e9578c-928f-11f1-8494-806e6f6e6963}#000000000C900000"
"11:12:43.5277123","Kernel-PnP","222","시작",,"End querying bus relations for device STORAGE\Volume\{99e9578c-928f-11f1-8494-806e6f6e6963}#000000000C900000"
"11:12:43.5277167","Kernel-PnP","220","시작",,"Begin querying bus relations for device STORAGE\Volume\{99e9578c-928f-11f1-8494-806e6f6e6963}#000000000D900000"
"11:12:43.5277198","Kernel-PnP","222","시작",,"End querying bus relations for device STORAGE\Volume\{99e9578c-928f-11f1-8494-806e6f6e6963}#000000000D900000"
"11:12:43.5277262","Kernel-PnP","220","시작",,"Begin querying bus relations for device STORAGE\VolumeSnapshot\HarddiskVolumeSnapshot1"
"11:12:43.5277271","Kernel-PnP","222","시작",,"End querying bus relations for device STORAGE\VolumeSnapshot\HarddiskVolumeSnapshot1"
"11:12:43.5277315","Kernel-PnP","220","시작",,"Begin querying bus relations for device STORAGE\VolumeSnapshot\HarddiskVolumeSnapshot2"
"11:12:43.5277325","Kernel-PnP","222","시작",,"End querying bus relations for device STORAGE\VolumeSnapshot\HarddiskVolumeSnapshot2"
"11:12:43.5277366","Kernel-PnP","220","시작",,"Begin querying bus relations for device STORAGE\VolumeSnapshot\HarddiskVolumeSnapshot3"
"11:12:43.5277374","Kernel-PnP","222","시작",,"End querying bus relations for device STORAGE\VolumeSnapshot\HarddiskVolumeSnapshot3"
"11:12:43.5277408","Kernel-PnP","220","시작",,"Begin querying bus relations for device STORAGE\VolumeSnapshot\HarddiskVolumeSnapshot4"
"11:12:43.5277416","Kernel-PnP","222","시작",,"End querying bus relations for device STORAGE\VolumeSnapshot\HarddiskVolumeSnapshot4"
"11:12:43.5277456","Kernel-PnP","220","시작",,"Begin querying bus relations for device STORAGE\VolumeSnapshot\HarddiskVolumeSnapshot5"
"11:12:43.5277463","Kernel-PnP","222","시작",,"End querying bus relations for device STORAGE\VolumeSnapshot\HarddiskVolumeSnapshot5"
"11:12:43.5277505","Kernel-PnP","220","시작",,"Begin querying bus relations for device STORAGE\VolumeSnapshot\HarddiskVolumeSnapshot6"
"11:12:43.5277512","Kernel-PnP","222","시작",,"End querying bus relations for device STORAGE\VolumeSnapshot\HarddiskVolumeSnapshot6"
"11:12:43.5277554","Kernel-PnP","220","시작",,"Begin querying bus relations for device STORAGE\VolumeSnapshot\HarddiskVolumeSnapshot7"
"11:12:43.5277561","Kernel-PnP","222","시작",,"End querying bus relations for device STORAGE\VolumeSnapshot\HarddiskVolumeSnapshot7"
"11:12:43.5277600","Kernel-PnP","220","시작",,"Begin querying bus relations for device STORAGE\VolumeSnapshot\HarddiskVolumeSnapshot8"
"11:12:43.5277607","Kernel-PnP","222","시작",,"End querying bus relations for device STORAGE\VolumeSnapshot\HarddiskVolumeSnapshot8"
"11:12:43.5277647","Kernel-PnP","220","시작",,"Begin querying bus relations for device STORAGE\VolumeSnapshot\HarddiskVolumeSnapshot9"
"11:12:43.5277653","Kernel-PnP","222","시작",,"End querying bus relations for device STORAGE\VolumeSnapshot\HarddiskVolumeSnapshot9"
"11:12:43.5277694","Kernel-PnP","220","시작",,"Begin querying bus relations for device STORAGE\VolumeSnapshot\HarddiskVolumeSnapshot10"
"11:12:43.5277700","Kernel-PnP","222","시작",,"End querying bus relations for device STORAGE\VolumeSnapshot\HarddiskVolumeSnapshot10"
"11:12:43.5277742","Kernel-PnP","220","시작",,"Begin querying bus relations for device STORAGE\VolumeSnapshot\HarddiskVolumeSnapshot11"
"11:12:43.5277748","Kernel-PnP","222","시작",,"End querying bus relations for device STORAGE\VolumeSnapshot\HarddiskVolumeSnapshot11"
"11:12:43.5277788","Kernel-PnP","220","시작",,"Begin querying bus relations for device STORAGE\VolumeSnapshot\HarddiskVolumeSnapshot12"
"11:12:43.5277796","Kernel-PnP","222","시작",,"End querying bus relations for device STORAGE\VolumeSnapshot\HarddiskVolumeSnapshot12"
"11:12:43.5277837","Kernel-PnP","220","시작",,"Begin querying bus relations for device STORAGE\Volume\{99e9578c-928f-11f1-8494-806e6f6e6963}#000001D18A300000"
"11:12:43.5277855","Kernel-PnP","222","시작",,"End querying bus relations for device STORAGE\Volume\{99e9578c-928f-11f1-8494-806e6f6e6963}#000001D18A300000"
"11:12:43.5277896","Kernel-PnP","220","시작",,"Begin querying bus relations for device ROOT\PAWNIO\0000"
"11:12:43.5277903","Kernel-PnP","222","시작",,"End querying bus relations for device ROOT\PAWNIO\0000"
"11:12:43.5277944","Kernel-PnP","220","시작",,"Begin querying bus relations for device ROOT\VMBus\0000"
"11:12:43.5277994","Kernel-PnP","222","시작",,"End querying bus relations for device ROOT\VMBus\0000"
"11:12:43.5278038","Kernel-PnP","220","시작",,"Begin querying bus relations for device ROOT\BasicDisplay\0000"
"11:12:43.5278117","Kernel-PnP","222","시작",,"End querying bus relations for device ROOT\BasicDisplay\0000"
"11:12:43.5278163","Kernel-PnP","220","시작",,"Begin querying bus relations for device ROOT\AMDXE\0000"
"11:12:43.5278187","Kernel-PnP","222","시작",,"End querying bus relations for device ROOT\AMDXE\0000"
"11:12:43.5278226","Kernel-PnP","220","시작",,"Begin querying bus relations for device ROOT\hvservice\0000"
"11:12:43.5278238","Kernel-PnP","222","시작",,"End querying bus relations for device ROOT\hvservice\0000"
"11:12:43.5278278","Kernel-PnP","220","시작",,"Begin querying bus relations for device ROOT\VID\0000"
"11:12:43.5278298","Kernel-PnP","222","시작",,"End querying bus relations for device ROOT\VID\0000"
"11:12:43.5278339","Kernel-PnP","220","시작",,"Begin querying bus relations for device ROOT\CompositeBus\0000"
"11:12:43.5278361","Kernel-PnP","222","시작",,"End querying bus relations for device ROOT\CompositeBus\0000"
"11:12:43.5278401","Kernel-PnP","220","시작",,"Begin querying bus relations for device ROOT\vdrvroot\0000"
"11:12:43.5278423","Kernel-PnP","222","시작",,"End querying bus relations for device ROOT\vdrvroot\0000"
"11:12:43.5278464","Kernel-PnP","220","시작",,"Begin querying bus relations for device ROOT\spaceport\0000"
"11:12:43.5278483","Kernel-PnP","222","시작",,"End querying bus relations for device ROOT\spaceport\0000"
"11:12:43.5278524","Kernel-PnP","220","시작",,"Begin querying bus relations for device ROOT\KDNIC\0000"
"11:12:43.5278537","Kernel-PnP","222","시작",,"End querying bus relations for device ROOT\KDNIC\0000"
"11:12:43.5278579","Kernel-PnP","220","시작",,"Begin querying bus relations for device ROOT\AMDSAFD&FUN_01&REV_01\0000"
"11:12:43.5279169","Kernel-PnP","222","시작",,"End querying bus relations for device ROOT\AMDSAFD&FUN_01&REV_01\0000"
"11:12:43.5279339","Kernel-PnP","220","시작",,"Begin querying bus relations for device ROOT\UMBUS\0000"
"11:12:43.5279385","Kernel-PnP","222","시작",,"End querying bus relations for device ROOT\UMBUS\0000"
"11:12:43.5279465","Kernel-PnP","220","시작",,"Begin querying bus relations for device ROOT\ACPI_HAL\0000"
"11:12:43.5279483","Kernel-PnP","222","시작",,"End querying bus relations for device ROOT\ACPI_HAL\0000"
"11:12:43.5279540","Kernel-PnP","220","시작",,"Begin querying bus relations for device ACPI_HAL\PNP0C08\0"
"11:12:43.5289009","Kernel-PnP","222","시작",,"End querying bus relations for device ACPI_HAL\PNP0C08\0"
"11:12:43.5289162","Kernel-PnP","220","시작",,"Begin querying bus relations for device ACPI\PNP0A08\0"
"11:12:43.5348194","Kernel-PnP","222","시작",,"End querying bus relations for device ACPI\PNP0A08\0"
"11:12:43.5348332","Kernel-PnP","220","시작",,"Begin querying bus relations for device PCI\VEN_1022&DEV_14D8&SUBSYS_14D81022&REV_00\3&11583659&0&00"
"11:12:43.5348461","Kernel-PnP","222","시작",,"End querying bus relations for device PCI\VEN_1022&DEV_14D8&SUBSYS_14D81022&REV_00\3&11583659&0&00"
"11:12:43.5348786","Kernel-PnP","220","시작",,"Begin querying bus relations for device PCI\VEN_1022&DEV_14DA&SUBSYS_00000000&REV_00\3&11583659&0&08"
"11:12:43.5348848","Kernel-PnP","222","시작",,"End querying bus relations for device PCI\VEN_1022&DEV_14DA&SUBSYS_00000000&REV_00\3&11583659&0&08"
"11:12:43.5348909","Kernel-PnP","220","시작",,"Begin querying bus relations for device PCI\VEN_1022&DEV_14DB&SUBSYS_14531022&REV_00\3&11583659&0&09"
"11:12:43.5350187","Kernel-PnP","222","시작",,"End querying bus relations for device PCI\VEN_1022&DEV_14DB&SUBSYS_14531022&REV_00\3&11583659&0&09"
"11:12:43.5350256","Kernel-PnP","220","시작",,"Begin querying bus relations for device PCI\VEN_1002&DEV_1478&SUBSYS_14781DA2&REV_24\4&d0bdf66&0&0009"
"11:12:43.5350735","Kernel-PnP","222","시작",,"End querying bus relations for device PCI\VEN_1002&DEV_1478&SUBSYS_14781DA2&REV_24\4&d0bdf66&0&0009"
"11:12:43.5350796","Kernel-PnP","220","시작",,"Begin querying bus relations for device PCI\VEN_1002&DEV_1479&SUBSYS_14791002&REV_24\5&306737b5&0&000009"
"11:12:43.5351530","Kernel-PnP","222","시작",,"End querying bus relations for device PCI\VEN_1002&DEV_1479&SUBSYS_14791002&REV_24\5&306737b5&0&000009"
"11:12:43.5351592","Kernel-PnP","220","시작",,"Begin querying bus relations for device PCI\VEN_1002&DEV_7550&SUBSYS_E4891DA2&REV_C0\6&8916a45&0&00000009"
"11:12:43.5392802","Kernel-PnP","222","시작",,"End querying bus relations for device PCI\VEN_1002&DEV_7550&SUBSYS_E4891DA2&REV_C0\6&8916a45&0&00000009"
"11:12:43.5393381","Kernel-PnP","220","시작",,"Begin querying bus relations for device SWD\DRIVERENUM\AMDCP&7&16b8ddb4&0"
"11:12:43.5393398","Kernel-PnP","222","시작",,"End querying bus relations for device SWD\DRIVERENUM\AMDCP&7&16b8ddb4&0"
"11:12:43.5393470","Kernel-PnP","220","시작",,"Begin querying bus relations for device SWD\DRIVERENUM\AMDFDANS&7&16b8ddb4&0"
"11:12:43.5393481","Kernel-PnP","222","시작",,"End querying bus relations for device SWD\DRIVERENUM\AMDFDANS&7&16b8ddb4&0"
"11:12:43.5393556","Kernel-PnP","220","시작",,"Begin querying bus relations for device SWD\DRIVERENUM\AMDOCL&7&16b8ddb4&0"
"11:12:43.5393565","Kernel-PnP","222","시작",,"End querying bus relations for device SWD\DRIVERENUM\AMDOCL&7&16b8ddb4&0"
"11:12:43.5393608","Kernel-PnP","220","시작",,"Begin querying bus relations for device SWD\DRIVERENUM\AMDOGL&7&16b8ddb4&0"
"11:12:43.5393616","Kernel-PnP","222","시작",,"End querying bus relations for device SWD\DRIVERENUM\AMDOGL&7&16b8ddb4&0"
"11:12:43.5393672","Kernel-PnP","220","시작",,"Begin querying bus relations for device SWD\DRIVERENUM\AMDVLK&7&16b8ddb4&0"
"11:12:43.5393682","Kernel-PnP","222","시작",,"End querying bus relations for device SWD\DRIVERENUM\AMDVLK&7&16b8ddb4&0"
"11:12:43.5393737","Kernel-PnP","220","시작",,"Begin querying bus relations for device SWD\DRIVERENUM\AMDWIN&7&16b8ddb4&0"
"11:12:43.5393746","Kernel-PnP","222","시작",,"End querying bus relations for device SWD\DRIVERENUM\AMDWIN&7&16b8ddb4&0"
"11:12:43.5393801","Kernel-PnP","220","시작",,"Begin querying bus relations for device DISPLAY\SAM7B0C\7&16b8ddb4&0&UID260"
"11:12:43.5393851","Kernel-PnP","222","시작",,"End querying bus relations for device DISPLAY\SAM7B0C\7&16b8ddb4&0&UID260"
"11:12:43.5393906","Kernel-PnP","220","시작",,"Begin querying bus relations for device DISPLAY\BBC0104\7&16b8ddb4&0&UID265"
"11:12:43.5393933","Kernel-PnP","222","시작",,"End querying bus relations for device DISPLAY\BBC0104\7&16b8ddb4&0&UID265"
"11:12:43.5393989","Kernel-PnP","220","시작",,"Begin querying bus relations for device PCI\VEN_1002&DEV_AB40&SUBSYS_AB401002&REV_00\6&8916a45&0&01000009"
"11:12:43.5394110","Kernel-PnP","222","시작",,"End querying bus relations for device PCI\VEN_1002&DEV_AB40&SUBSYS_AB401002&REV_00\6&8916a45&0&01000009"
"11:12:43.5394184","Kernel-PnP","220","시작",,"Begin querying bus relations for device PCI\VEN_1022&DEV_14DB&SUBSYS_14531022&REV_00\3&11583659&0&0A"
"11:12:43.5395840","Kernel-PnP","222","시작",,"End querying bus relations for device PCI\VEN_1022&DEV_14DB&SUBSYS_14531022&REV_00\3&11583659&0&0A"
"11:12:43.5395912","Kernel-PnP","220","시작",,"Begin querying bus relations for device PCI\VEN_15B7&DEV_5030&SUBSYS_503015B7&REV_01\4&218bd16b&0&000A"
"11:12:43.5433010","Kernel-PnP","222","시작",,"End querying bus relations for device PCI\VEN_15B7&DEV_5030&SUBSYS_503015B7&REV_01\4&218bd16b&0&000A"
"11:12:43.5433155","Kernel-PnP","220","시작",,"Begin querying bus relations for device SCSI\Disk&Ven_NVMe&Prod_WD_BLACK_SN850X\5&1bd8e&0&000000"
"11:12:43.5433448","Kernel-PnP","222","시작",,"End querying bus relations for device SCSI\Disk&Ven_NVMe&Prod_WD_BLACK_SN850X\5&1bd8e&0&000000"
"11:12:43.5433591","Kernel-PnP","220","시작",,"Begin querying bus relations for device PCI\VEN_1022&DEV_14DA&SUBSYS_00000000&REV_00\3&11583659&0&10"
"11:12:43.5433713","Kernel-PnP","222","시작",,"End querying bus relations for device PCI\VEN_1022&DEV_14DA&SUBSYS_00000000&REV_00\3&11583659&0&10"
"11:12:43.5433779","Kernel-PnP","220","시작",,"Begin querying bus relations for device PCI\VEN_1022&DEV_14DB&SUBSYS_14531022&REV_00\3&11583659&0&11"
"11:12:43.5437171","Kernel-PnP","222","시작",,"End querying bus relations for device PCI\VEN_1022&DEV_14DB&SUBSYS_14531022&REV_00\3&11583659&0&11"
"11:12:43.5437246","Kernel-PnP","220","시작",,"Begin querying bus relations for device PCI\VEN_1022&DEV_43F4&SUBSYS_33281B21&REV_01\4&2c14e217&0&0011"
"11:12:43.5453487","Kernel-PnP","222","시작",,"End querying bus relations for device PCI\VEN_1022&DEV_43F4&SUBSYS_33281B21&REV_01\4&2c14e217&0&0011"
"11:12:43.5453568","Kernel-PnP","220","시작",,"Begin querying bus relations for device PCI\VEN_1022&DEV_43F5&SUBSYS_33281B21&REV_01\5&2b8b9e2f&0&000011"
"11:12:43.5454177","Kernel-PnP","222","시작",,"End querying bus relations for device PCI\VEN_1022&DEV_43F5&SUBSYS_33281B21&REV_01\5&2b8b9e2f&0&000011"
"11:12:43.5454308","Kernel-PnP","220","시작",,"Begin querying bus relations for device PCI\VEN_1022&DEV_43F5&SUBSYS_33281B21&REV_01\5&2b8b9e2f&0&080011"
"11:12:43.5454811","Kernel-PnP","222","시작",,"End querying bus relations for device PCI\VEN_1022&DEV_43F5&SUBSYS_33281B21&REV_01\5&2b8b9e2f&0&080011"
"11:12:43.5454897","Kernel-PnP","220","시작",,"Begin querying bus relations for device PCI\VEN_1022&DEV_43F5&SUBSYS_33281B21&REV_01\5&2b8b9e2f&0&100011"
"11:12:43.5457678","Kernel-PnP","222","시작",,"End querying bus relations for device PCI\VEN_1022&DEV_43F5&SUBSYS_33281B21&REV_01\5&2b8b9e2f&0&100011"
"11:12:43.5457779","Kernel-PnP","220","시작",,"Begin querying bus relations for device PCI\VEN_10EC&DEV_8922&SUBSYS_892210EC&REV_01\00E04CFFFE89220100"
"11:12:43.5457897","Kernel-PnP","222","시작",,"End querying bus relations for device PCI\VEN_10EC&DEV_8922&SUBSYS_892210EC&REV_01\00E04CFFFE89220100"
"11:12:43.5457973","Kernel-PnP","220","시작",,"Begin querying bus relations for device PCI\VEN_1022&DEV_43F5&SUBSYS_33281B21&REV_01\5&2b8b9e2f&0&180011"
"11:12:43.5460502","Kernel-PnP","222","시작",,"End querying bus relations for device PCI\VEN_1022&DEV_43F5&SUBSYS_33281B21&REV_01\5&2b8b9e2f&0&180011"
"11:12:43.5460600","Kernel-PnP","220","시작",,"Begin querying bus relations for device PCI\VEN_10EC&DEV_8125&SUBSYS_E0001458&REV_0C\01000000684CE00000"
"11:12:43.5460706","Kernel-PnP","222","시작",,"End querying bus relations for device PCI\VEN_10EC&DEV_8125&SUBSYS_E0001458&REV_0C\01000000684CE00000"
"11:12:43.5460782","Kernel-PnP","220","시작",,"Begin querying bus relations for device PCI\VEN_1022&DEV_43F5&SUBSYS_33281B21&REV_01\5&2b8b9e2f&0&200011"
"11:12:43.5461262","Kernel-PnP","222","시작",,"End querying bus relations for device PCI\VEN_1022&DEV_43F5&SUBSYS_33281B21&REV_01\5&2b8b9e2f&0&200011"
"11:12:43.5461349","Kernel-PnP","220","시작",,"Begin querying bus relations for device PCI\VEN_1022&DEV_43F5&SUBSYS_33281B21&REV_01\5&2b8b9e2f&0&280011"
"11:12:43.5461819","Kernel-PnP","222","시작",,"End querying bus relations for device PCI\VEN_1022&DEV_43F5&SUBSYS_33281B21&REV_01\5&2b8b9e2f&0&280011"
"11:12:43.5461900","Kernel-PnP","220","시작",,"Begin querying bus relations for device PCI\VEN_1022&DEV_43F5&SUBSYS_33281B21&REV_01\5&2b8b9e2f&0&300011"
"11:12:43.5462328","Kernel-PnP","222","시작",,"End querying bus relations for device PCI\VEN_1022&DEV_43F5&SUBSYS_33281B21&REV_01\5&2b8b9e2f&0&300011"
"11:12:43.5462401","Kernel-PnP","220","시작",,"Begin querying bus relations for device PCI\VEN_1022&DEV_43F5&SUBSYS_33281B21&REV_01\5&2b8b9e2f&0&380011"
"11:12:43.5462818","Kernel-PnP","222","시작",,"End querying bus relations for device PCI\VEN_1022&DEV_43F5&SUBSYS_33281B21&REV_01\5&2b8b9e2f&0&380011"
"11:12:43.5462877","Kernel-PnP","220","시작",,"Begin querying bus relations for device PCI\VEN_1022&DEV_43F5&SUBSYS_33281B21&REV_01\5&2b8b9e2f&0&400011"
"11:12:43.5463356","Kernel-PnP","222","시작",,"End querying bus relations for device PCI\VEN_1022&DEV_43F5&SUBSYS_33281B21&REV_01\5&2b8b9e2f&0&400011"
"11:12:43.5463482","Kernel-PnP","220","시작",,"Begin querying bus relations for device PCI\VEN_1022&DEV_43F5&SUBSYS_33281B21&REV_01\5&2b8b9e2f&0&600011"
"11:12:43.5466330","Kernel-PnP","222","시작",,"End querying bus relations for device PCI\VEN_1022&DEV_43F5&SUBSYS_33281B21&REV_01\5&2b8b9e2f&0&600011"
"11:12:43.5466424","Kernel-PnP","220","시작",,"Begin querying bus relations for device PCI\VEN_1022&DEV_43FC&SUBSYS_11421B21&REV_01\6&2766d23f&0&00600011"
"11:12:43.5466579","Kernel-PnP","222","시작",,"End querying bus relations for device PCI\VEN_1022&DEV_43FC&SUBSYS_11421B21&REV_01\6&2766d23f&0&00600011"
"11:12:43.5466663","Kernel-PnP","220","시작",,"Begin querying bus relations for device USB\ROOT_HUB30\7&360c8ead&0&0"
"11:12:43.5582549","Kernel-PnP","222","시작",,"End querying bus relations for device USB\ROOT_HUB30\7&360c8ead&0&0"
"11:12:43.5582682","Kernel-PnP","220","시작",,"Begin querying bus relations for device USB\VID_0BDA&PID_0411\8&6c00884&0&4"
"11:12:43.5582813","Kernel-PnP","222","시작",,"End querying bus relations for device USB\VID_0BDA&PID_0411\8&6c00884&0&4"
"11:12:43.5582879","Kernel-PnP","220","시작",,"Begin querying bus relations for device USB\VID_0BDA&PID_5411\8&6c00884&0&9"
"11:12:43.5582961","Kernel-PnP","222","시작",,"End querying bus relations for device USB\VID_0BDA&PID_5411\8&6c00884&0&9"
"11:12:43.5583022","Kernel-PnP","220","시작",,"Begin querying bus relations for device USB\VID_0D8C&PID_0014\9&f4fb98d&0&1"
"11:12:43.5583048","Kernel-PnP","222","시작",,"End querying bus relations for device USB\VID_0D8C&PID_0014\9&f4fb98d&0&1"
"11:12:43.5583107","Kernel-PnP","220","시작",,"Begin querying bus relations for device USB\VID_0D8C&PID_0014&MI_00\a&2e5a41c3&0&0000"
"11:12:43.5583157","Kernel-PnP","222","시작",,"End querying bus relations for device USB\VID_0D8C&PID_0014&MI_00\a&2e5a41c3&0&0000"
"11:12:43.5583233","Kernel-PnP","220","시작",,"Begin querying bus relations for device SWD\MMDEVAPI\{0.0.1.00000000}.{166a3c95-c80e-4b0b-884e-259588dccdd4}"
"11:12:43.5583246","Kernel-PnP","222","시작",,"End querying bus relations for device SWD\MMDEVAPI\{0.0.1.00000000}.{166a3c95-c80e-4b0b-884e-259588dccdd4}"
"11:12:43.5583303","Kernel-PnP","220","시작",,"Begin querying bus relations for device USB\VID_0D8C&PID_0014&MI_03\a&2e5a41c3&0&0003"
"11:12:43.5583347","Kernel-PnP","222","시작",,"End querying bus relations for device USB\VID_0D8C&PID_0014&MI_03\a&2e5a41c3&0&0003"
"11:12:43.5583406","Kernel-PnP","220","시작",,"Begin querying bus relations for device HID\VID_0D8C&PID_0014&MI_03\b&47075c4&0&0000"
"11:12:43.5583421","Kernel-PnP","222","시작",,"End querying bus relations for device HID\VID_0D8C&PID_0014&MI_03\b&47075c4&0&0000"
"11:12:43.5583465","Kernel-PnP","220","시작",,"Begin querying bus relations for device USB\VID_2F68&PID_0042\9&f4fb98d&0&3"
"11:12:43.5583491","Kernel-PnP","222","시작",,"End querying bus relations for device USB\VID_2F68&PID_0042\9&f4fb98d&0&3"
"11:12:43.5583556","Kernel-PnP","220","시작",,"Begin querying bus relations for device USB\VID_2F68&PID_0042&MI_00\a&3895799&0&0000"
"11:12:43.5583595","Kernel-PnP","222","시작",,"End querying bus relations for device USB\VID_2F68&PID_0042&MI_00\a&3895799&0&0000"
"11:12:43.5583671","Kernel-PnP","220","시작",,"Begin querying bus relations for device HID\VID_2F68&PID_0042&MI_00\b&692e7a3&0&0000"
"11:12:43.5583707","Kernel-PnP","222","시작",,"End querying bus relations for device HID\VID_2F68&PID_0042&MI_00\b&692e7a3&0&0000"
"11:12:43.5583765","Kernel-PnP","220","시작",,"Begin querying bus relations for device USB\VID_2F68&PID_0042&MI_01\a&3895799&0&0001"
"11:12:43.5583799","Kernel-PnP","222","시작",,"End querying bus relations for device USB\VID_2F68&PID_0042&MI_01\a&3895799&0&0001"
"11:12:43.5583878","Kernel-PnP","220","시작",,"Begin querying bus relations for device HID\VID_2F68&PID_0042&MI_01&Col01\b&19c303e1&0&0000"
"11:12:43.5583894","Kernel-PnP","222","시작",,"End querying bus relations for device HID\VID_2F68&PID_0042&MI_01&Col01\b&19c303e1&0&0000"
"11:12:43.5583952","Kernel-PnP","220","시작",,"Begin querying bus relations for device HID\VID_2F68&PID_0042&MI_01&Col02\b&19c303e1&0&0001"
"11:12:43.5583970","Kernel-PnP","222","시작",,"End querying bus relations for device HID\VID_2F68&PID_0042&MI_01&Col02\b&19c303e1&0&0001"
"11:12:43.5584038","Kernel-PnP","220","시작",,"Begin querying bus relations for device HID\VID_2F68&PID_0042&MI_01&Col03\b&19c303e1&0&0002"
"11:12:43.5584059","Kernel-PnP","222","시작",,"End querying bus relations for device HID\VID_2F68&PID_0042&MI_01&Col03\b&19c303e1&0&0002"
"11:12:43.5584111","Kernel-PnP","220","시작",,"Begin querying bus relations for device HID\VID_2F68&PID_0042&MI_01&Col04\b&19c303e1&0&0003"
"11:12:43.5584143","Kernel-PnP","222","시작",,"End querying bus relations for device HID\VID_2F68&PID_0042&MI_01&Col04\b&19c303e1&0&0003"
"11:12:43.5584234","Kernel-PnP","220","시작",,"Begin querying bus relations for device USB\VID_2F68&PID_0042&MI_02\a&3895799&0&0002"
"11:12:43.5584637","Kernel-PnP","222","시작",,"End querying bus relations for device USB\VID_2F68&PID_0042&MI_02\a&3895799&0&0002"
"11:12:43.5584784","Kernel-PnP","220","시작",,"Begin querying bus relations for device HID\VID_2F68&PID_0042&MI_02\b&2cf3201f&0&0000"
"11:12:43.5584804","Kernel-PnP","222","시작",,"End querying bus relations for device HID\VID_2F68&PID_0042&MI_02\b&2cf3201f&0&0000"
"11:12:43.5584962","Kernel-PnP","220","시작",,"Begin querying bus relations for device USB\VID_3537&PID_0575\9&f4fb98d&0&4"
"11:12:43.5585003","Kernel-PnP","222","시작",,"End querying bus relations for device USB\VID_3537&PID_0575\9&f4fb98d&0&4"
"11:12:43.5585062","Kernel-PnP","220","시작",,"Begin querying bus relations for device HID\VID_3537&PID_0575&Col01\a&1ef90b6d&0&0000"
"11:12:43.5585075","Kernel-PnP","222","시작",,"End querying bus relations for device HID\VID_3537&PID_0575&Col01\a&1ef90b6d&0&0000"
"11:12:43.5585125","Kernel-PnP","220","시작",,"Begin querying bus relations for device HID\VID_3537&PID_0575&Col02\a&1ef90b6d&0&0001"
"11:12:43.5585137","Kernel-PnP","222","시작",,"End querying bus relations for device HID\VID_3537&PID_0575&Col02\a&1ef90b6d&0&0001"
"11:12:43.5585184","Kernel-PnP","220","시작",,"Begin querying bus relations for device HID\VID_3537&PID_0575&Col03\a&1ef90b6d&0&0002"
"11:12:43.5585197","Kernel-PnP","222","시작",,"End querying bus relations for device HID\VID_3537&PID_0575&Col03\a&1ef90b6d&0&0002"
"11:12:43.5585242","Kernel-PnP","220","시작",,"Begin querying bus relations for device USB\VID_0BDA&PID_8922\00E04C885A01"
"11:12:43.5585399","Kernel-PnP","222","시작",,"End querying bus relations for device USB\VID_0BDA&PID_8922\00E04C885A01"
"11:12:43.5585466","Kernel-PnP","220","시작",,"Begin querying bus relations for device RTK_BT\{5DBB7054-7951-4B40-B907-52F1E482C57F}&C&0BDA8922\9&6c45e63&0&00"
"11:12:43.5585501","Kernel-PnP","222","시작",,"End querying bus relations for device RTK_BT\{5DBB7054-7951-4B40-B907-52F1E482C57F}&C&0BDA8922\9&6c45e63&0&00"
"11:12:43.5585548","Kernel-PnP","220","시작",,"Begin querying bus relations for device {742787E2-EA40-4366-8FB4-DE98EE777D7C}\RTKFilter0\9&6c45e63&0&00"
"11:12:43.5585565","Kernel-PnP","222","시작",,"End querying bus relations for device {742787E2-EA40-4366-8FB4-DE98EE777D7C}\RTKFilter0\9&6c45e63&0&00"
"11:12:43.5585611","Kernel-PnP","220","시작",,"Begin querying bus relations for device USB\VID_048D&PID_5711\8&6c00884&0&12"
"11:12:43.5585685","Kernel-PnP","222","시작",,"End querying bus relations for device USB\VID_048D&PID_5711\8&6c00884&0&12"
"11:12:43.5585746","Kernel-PnP","220","시작",,"Begin querying bus relations for device USB\VID_048D&PID_5711&MI_00\9&9ec32a6&0&0000"
"11:12:43.5585774","Kernel-PnP","222","시작",,"End querying bus relations for device USB\VID_048D&PID_5711&MI_00\9&9ec32a6&0&0000"
"11:12:43.5585819","Kernel-PnP","220","시작",,"Begin querying bus relations for device HID\VID_048D&PID_5711&MI_00\a&1c89d933&0&0000"
"11:12:43.5585834","Kernel-PnP","222","시작",,"End querying bus relations for device HID\VID_048D&PID_5711&MI_00\a&1c89d933&0&0000"
"11:12:43.5585882","Kernel-PnP","220","시작",,"Begin querying bus relations for device USB\VID_048D&PID_5711&MI_01\9&9ec32a6&0&0001"
"11:12:43.5585906","Kernel-PnP","222","시작",,"End querying bus relations for device USB\VID_048D&PID_5711&MI_01\9&9ec32a6&0&0001"
"11:12:43.5585954","Kernel-PnP","220","시작",,"Begin querying bus relations for device HID\VID_048D&PID_5711&MI_01&Col01\a&2fb9f571&0&0000"
"11:12:43.5585965","Kernel-PnP","222","시작",,"End querying bus relations for device HID\VID_048D&PID_5711&MI_01&Col01\a&2fb9f571&0&0000"
"11:12:43.5586055","Kernel-PnP","220","시작",,"Begin querying bus relations for device HID\VID_048D&PID_5711&MI_01&Col02\a&2fb9f571&0&0001"
"11:12:43.5586066","Kernel-PnP","222","시작",,"End querying bus relations for device HID\VID_048D&PID_5711&MI_01&Col02\a&2fb9f571&0&0001"
"11:12:43.5586219","Kernel-PnP","220","시작",,"Begin querying bus relations for device USB\VID_1D6B&PID_0148\BYZL78DA410808533204"
"11:12:43.5586529","Kernel-PnP","222","시작",,"End querying bus relations for device USB\VID_1D6B&PID_0148\BYZL78DA410808533204"
"11:12:43.5586642","Kernel-PnP","220","시작",,"Begin querying bus relations for device HID\VID_1D6B&PID_0148\9&20459a42&0&0000"
"11:12:43.5586670","Kernel-PnP","222","시작",,"End querying bus relations for device HID\VID_1D6B&PID_0148\9&20459a42&0&0000"
"11:12:43.5586727","Kernel-PnP","220","시작",,"Begin querying bus relations for device USB\VID_0416&PID_8001\8&6c00884&0&17"
"11:12:43.5586800","Kernel-PnP","222","시작",,"End querying bus relations for device USB\VID_0416&PID_8001\8&6c00884&0&17"
"11:12:43.5586864","Kernel-PnP","220","시작",,"Begin querying bus relations for device HID\VID_0416&PID_8001\9&9c7d58d&0&0000"
"11:12:43.5586878","Kernel-PnP","222","시작",,"End querying bus relations for device HID\VID_0416&PID_8001\9&9c7d58d&0&0000"
"11:12:43.5586925","Kernel-PnP","220","시작",,"Begin querying bus relations for device PCI\VEN_1022&DEV_43F5&SUBSYS_33281B21&REV_01\5&2b8b9e2f&0&680011"
"11:12:43.5589603","Kernel-PnP","222","시작",,"End querying bus relations for device PCI\VEN_1022&DEV_43F5&SUBSYS_33281B21&REV_01\5&2b8b9e2f&0&680011"
"11:12:43.5589676","Kernel-PnP","220","시작",,"Begin querying bus relations for device PCI\VEN_1022&DEV_43F6&SUBSYS_10621B21&REV_01\6&3ae87e62&0&00680011"
"11:12:43.6357522","Kernel-PnP","222","시작",,"End querying bus relations for device PCI\VEN_1022&DEV_43F6&SUBSYS_10621B21&REV_01\6&3ae87e62&0&00680011"
"11:12:43.6357710","Kernel-PnP","220","시작",,"Begin querying bus relations for device PCI\VEN_1022&DEV_14DA&SUBSYS_00000000&REV_00\3&11583659&0&18"
"11:12:43.6357800","Kernel-PnP","222","시작",,"End querying bus relations for device PCI\VEN_1022&DEV_14DA&SUBSYS_00000000&REV_00\3&11583659&0&18"
"11:12:43.6357854","Kernel-PnP","220","시작",,"Begin querying bus relations for device PCI\VEN_1022&DEV_14DA&SUBSYS_00000000&REV_00\3&11583659&0&20"
"11:12:43.6357924","Kernel-PnP","222","시작",,"End querying bus relations for device PCI\VEN_1022&DEV_14DA&SUBSYS_00000000&REV_00\3&11583659&0&20"
"11:12:43.6357978","Kernel-PnP","220","시작",,"Begin querying bus relations for device PCI\VEN_1022&DEV_14DA&SUBSYS_00000000&REV_00\3&11583659&0&40"
"11:12:43.6358047","Kernel-PnP","222","시작",,"End querying bus relations for device PCI\VEN_1022&DEV_14DA&SUBSYS_00000000&REV_00\3&11583659&0&40"
"11:12:43.6358108","Kernel-PnP","220","시작",,"Begin querying bus relations for device PCI\VEN_1022&DEV_14DD&SUBSYS_14DD1022&REV_00\3&11583659&0&41"
"11:12:43.6361469","Kernel-PnP","222","시작",,"End querying bus relations for device PCI\VEN_1022&DEV_14DD&SUBSYS_14DD1022&REV_00\3&11583659&0&41"
"11:12:43.6361613","Kernel-PnP","220","시작",,"Begin querying bus relations for device PCI\VEN_1002&DEV_13C0&SUBSYS_D0001458&REV_C6\4&16012499&0&0041"
"11:12:43.6362982","Kernel-PnP","222","시작",,"End querying bus relations for device PCI\VEN_1002&DEV_13C0&SUBSYS_D0001458&REV_C6\4&16012499&0&0041"
"11:12:43.6363306","Kernel-PnP","220","시작",,"Begin querying bus relations for device SWD\DRIVERENUM\AMDFDANS&5&2b152539&0"
"11:12:43.6363327","Kernel-PnP","222","시작",,"End querying bus relations for device SWD\DRIVERENUM\AMDFDANS&5&2b152539&0"
"11:12:43.6363385","Kernel-PnP","220","시작",,"Begin querying bus relations for device SWD\DRIVERENUM\AMDOCL&5&2b152539&0"
"11:12:43.6363392","Kernel-PnP","222","시작",,"End querying bus relations for device SWD\DRIVERENUM\AMDOCL&5&2b152539&0"
"11:12:43.6363430","Kernel-PnP","220","시작",,"Begin querying bus relations for device SWD\DRIVERENUM\AMDWIN&5&2b152539&0"
"11:12:43.6363437","Kernel-PnP","222","시작",,"End querying bus relations for device SWD\DRIVERENUM\AMDWIN&5&2b152539&0"
"11:12:43.6363481","Kernel-PnP","220","시작",,"Begin querying bus relations for device PCI\VEN_1002&DEV_1640&SUBSYS_16401002&REV_00\4&16012499&0&0141"
"11:12:43.6670211","Kernel-PnP","222","시작",,"End querying bus relations for device PCI\VEN_1002&DEV_1640&SUBSYS_16401002&REV_00\4&16012499&0&0141"
"11:12:43.6670364","Kernel-PnP","220","시작",,"Begin querying bus relations for device HDAUDIO\FUNC_01&VEN_1002&DEV_AA01&SUBSYS_00AA0100&REV_1008\5&28a47e64&0&0001"
"11:12:43.6836586","Kernel-PnP","222","시작",,"End querying bus relations for device HDAUDIO\FUNC_01&VEN_1002&DEV_AA01&SUBSYS_00AA0100&REV_1008\5&28a47e64&0&0001"
"11:12:43.6836770","Kernel-PnP","220","시작",,"Begin querying bus relations for device PCI\VEN_1022&DEV_1649&SUBSYS_16491022&REV_00\4&16012499&0&0241"
"11:12:43.7137723","Kernel-PnP","222","시작",,"End querying bus relations for device PCI\VEN_1022&DEV_1649&SUBSYS_16491022&REV_00\4&16012499&0&0241"
"11:12:43.7137909","Kernel-PnP","220","시작",,"Begin querying bus relations for device PCI\VEN_1022&DEV_15B6&SUBSYS_50071458&REV_00\4&16012499&0&0341"
"11:12:43.7263126","Kernel-PnP","222","시작",,"End querying bus relations for device PCI\VEN_1022&DEV_15B6&SUBSYS_50071458&REV_00\4&16012499&0&0341"
"11:12:43.7263274","Kernel-PnP","220","시작",,"Begin querying bus relations for device USB\ROOT_HUB30\5&b188857&0&0"
"11:12:43.7264704","Kernel-PnP","222","시작",,"End querying bus relations for device USB\ROOT_HUB30\5&b188857&0&0"
"11:12:43.7264796","Kernel-PnP","220","시작",,"Begin querying bus relations for device PCI\VEN_1022&DEV_15B7&SUBSYS_50071458&REV_00\4&16012499&0&0441"
"11:12:43.7389843","Kernel-PnP","222","시작",,"End querying bus relations for device PCI\VEN_1022&DEV_15B7&SUBSYS_50071458&REV_00\4&16012499&0&0441"
"11:12:43.7389994","Kernel-PnP","220","시작",,"Begin querying bus relations for device USB\ROOT_HUB30\5&18297c0c&0&0"
"11:12:43.7391429","Kernel-PnP","222","시작",,"End querying bus relations for device USB\ROOT_HUB30\5&18297c0c&0&0"
"11:12:43.7391560","Kernel-PnP","220","시작",,"Begin querying bus relations for device PCI\VEN_1022&DEV_15E3&SUBSYS_A0C31458&REV_00\4&16012499&0&0641"
"11:12:43.7391683","Kernel-PnP","222","시작",,"End querying bus relations for device PCI\VEN_1022&DEV_15E3&SUBSYS_A0C31458&REV_00\4&16012499&0&0641"
"11:12:43.7391768","Kernel-PnP","220","시작",,"Begin querying bus relations for device HDAUDIO\FUNC_01&VEN_10EC&DEV_1220&SUBSYS_1458A0C3&REV_1001\5&32442090&0&0001"
"11:12:43.7391901","Kernel-PnP","222","시작",,"End querying bus relations for device HDAUDIO\FUNC_01&VEN_10EC&DEV_1220&SUBSYS_1458A0C3&REV_1001\5&32442090&0&0001"
"11:12:43.7392063","Kernel-PnP","220","시작",,"Begin querying bus relations for device SWD\DRIVERENUM\{c3a63edd-2d27-4b66-b155-5e94b43d926a}#RealtekAPO&6&2b941894&0"
"11:12:43.7392075","Kernel-PnP","222","시작",,"End querying bus relations for device SWD\DRIVERENUM\{c3a63edd-2d27-4b66-b155-5e94b43d926a}#RealtekAPO&6&2b941894&0"
"11:12:43.7392148","Kernel-PnP","220","시작",,"Begin querying bus relations for device SWD\DRIVERENUM\{c3a63edd-2d27-4b66-b155-5e94b43d926a}#RealtekASIO&6&2b941894&0"
"11:12:43.7392156","Kernel-PnP","222","시작",,"End querying bus relations for device SWD\DRIVERENUM\{c3a63edd-2d27-4b66-b155-5e94b43d926a}#RealtekASIO&6&2b941894&0"
"11:12:43.7392208","Kernel-PnP","220","시작",,"Begin querying bus relations for device SWD\DRIVERENUM\{c3a63edd-2d27-4b66-b155-5e94b43d926a}#RealtekHSA&6&2b941894&0"
"11:12:43.7392216","Kernel-PnP","222","시작",,"End querying bus relations for device SWD\DRIVERENUM\{c3a63edd-2d27-4b66-b155-5e94b43d926a}#RealtekHSA&6&2b941894&0"
"11:12:43.7392281","Kernel-PnP","220","시작",,"Begin querying bus relations for device SWD\DRIVERENUM\{c3a63edd-2d27-4b66-b155-5e94b43d926a}#RealtekSRV&6&2b941894&0"
"11:12:43.7392288","Kernel-PnP","222","시작",,"End querying bus relations for device SWD\DRIVERENUM\{c3a63edd-2d27-4b66-b155-5e94b43d926a}#RealtekSRV&6&2b941894&0"
"11:12:43.7392341","Kernel-PnP","220","시작",,"Begin querying bus relations for device SWD\MMDEVAPI\{0.0.0.00000000}.{261c1393-3b50-4724-b8eb-f908e61492b3}"
"11:12:43.7392350","Kernel-PnP","222","시작",,"End querying bus relations for device SWD\MMDEVAPI\{0.0.0.00000000}.{261c1393-3b50-4724-b8eb-f908e61492b3}"
"11:12:43.7392414","Kernel-PnP","220","시작",,"Begin querying bus relations for device SWD\MMDEVAPI\{0.0.0.00000000}.{745338cb-4004-4003-ac14-505217d00453}"
"11:12:43.7392422","Kernel-PnP","222","시작",,"End querying bus relations for device SWD\MMDEVAPI\{0.0.0.00000000}.{745338cb-4004-4003-ac14-505217d00453}"
"11:12:43.7392479","Kernel-PnP","220","시작",,"Begin querying bus relations for device PCI\VEN_1022&DEV_14DD&SUBSYS_14DD1022&REV_00\3&11583659&0&43"
"11:12:43.7393114","Kernel-PnP","222","시작",,"End querying bus relations for device PCI\VEN_1022&DEV_14DD&SUBSYS_14DD1022&REV_00\3&11583659&0&43"
"11:12:43.7393188","Kernel-PnP","220","시작",,"Begin querying bus relations for device PCI\VEN_1022&DEV_15B8&SUBSYS_50071458&REV_00\4&2c288d56&0&0043"
"11:12:43.7393295","Kernel-PnP","222","시작",,"End querying bus relations for device PCI\VEN_1022&DEV_15B8&SUBSYS_50071458&REV_00\4&2c288d56&0&0043"
"11:12:43.7393367","Kernel-PnP","220","시작",,"Begin querying bus relations for device USB\ROOT_HUB30\5&2de1419a&0&0"
"11:12:43.7393480","Kernel-PnP","222","시작",,"End querying bus relations for device USB\ROOT_HUB30\5&2de1419a&0&0"
"11:12:43.7393548","Kernel-PnP","220","시작",,"Begin querying bus relations for device USB\VID_05E3&PID_0608\6&26c36cb0&0&1"
"11:12:43.7393646","Kernel-PnP","222","시작",,"End querying bus relations for device USB\VID_05E3&PID_0608\6&26c36cb0&0&1"
"11:12:43.7393723","Kernel-PnP","220","시작",,"Begin querying bus relations for device USB\VID_046D&PID_C53F\7&1441131d&0&1"
"11:12:43.7393833","Kernel-PnP","222","시작",,"End querying bus relations for device USB\VID_046D&PID_C53F\7&1441131d&0&1"
"11:12:43.7393923","Kernel-PnP","220","시작",,"Begin querying bus relations for device USB\VID_046D&PID_C53F&MI_00\8&1e3801b7&0&0000"
"11:12:43.7393993","Kernel-PnP","222","시작",,"End querying bus relations for device USB\VID_046D&PID_C53F&MI_00\8&1e3801b7&0&0000"
"11:12:43.7394067","Kernel-PnP","220","시작",,"Begin querying bus relations for device HID\VID_046D&PID_C53F&MI_00\9&2297a1be&0&0000"
"11:12:43.7394108","Kernel-PnP","222","시작",,"End querying bus relations for device HID\VID_046D&PID_C53F&MI_00\9&2297a1be&0&0000"
"11:12:43.7394183","Kernel-PnP","220","시작",,"Begin querying bus relations for device USB\VID_046D&PID_C53F&MI_01\8&1e3801b7&0&0001"
"11:12:43.7394220","Kernel-PnP","222","시작",,"End querying bus relations for device USB\VID_046D&PID_C53F&MI_01\8&1e3801b7&0&0001"
"11:12:43.7394297","Kernel-PnP","220","시작",,"Begin querying bus relations for device HID\VID_046D&PID_C53F&MI_01&Col01\9&6c0c26b&0&0000"
"11:12:43.7394328","Kernel-PnP","222","시작",,"End querying bus relations for device HID\VID_046D&PID_C53F&MI_01&Col01\9&6c0c26b&0&0000"
"11:12:43.7394389","Kernel-PnP","220","시작",,"Begin querying bus relations for device HID\VID_046D&PID_C53F&MI_01&Col02\9&6c0c26b&0&0001"
"11:12:43.7394412","Kernel-PnP","222","시작",,"End querying bus relations for device HID\VID_046D&PID_C53F&MI_01&Col02\9&6c0c26b&0&0001"
"11:12:43.7394484","Kernel-PnP","220","시작",,"Begin querying bus relations for device HID\VID_046D&PID_C53F&MI_01&Col03\9&6c0c26b&0&0002"
"11:12:43.7394499","Kernel-PnP","222","시작",,"End querying bus relations for device HID\VID_046D&PID_C53F&MI_01&Col03\9&6c0c26b&0&0002"
"11:12:43.7394568","Kernel-PnP","220","시작",,"Begin querying bus relations for device HID\VID_046D&PID_C53F&MI_01&Col04\9&6c0c26b&0&0003"
"11:12:43.7394584","Kernel-PnP","222","시작",,"End querying bus relations for device HID\VID_046D&PID_C53F&MI_01&Col04\9&6c0c26b&0&0003"
"11:12:43.7394639","Kernel-PnP","220","시작",,"Begin querying bus relations for device USB\VID_046D&PID_C53F&MI_02\8&1e3801b7&0&0002"
"11:12:43.7394673","Kernel-PnP","222","시작",,"End querying bus relations for device USB\VID_046D&PID_C53F&MI_02\8&1e3801b7&0&0002"
"11:12:43.7395273","Kernel-PnP","220","시작",,"Begin querying bus relations for device HID\VID_046D&PID_C53F&MI_02&Col01\9&1e844eb0&0&0000"
"11:12:43.7395312","Kernel-PnP","222","시작",,"End querying bus relations for device HID\VID_046D&PID_C53F&MI_02&Col01\9&1e844eb0&0&0000"
"11:12:43.7395410","Kernel-PnP","220","시작",,"Begin querying bus relations for device HID\VID_046D&PID_C53F&MI_02&Col02\9&1e844eb0&0&0001"
"11:12:43.7395425","Kernel-PnP","222","시작",,"End querying bus relations for device HID\VID_046D&PID_C53F&MI_02&Col02\9&1e844eb0&0&0001"
"11:12:43.7395476","Kernel-PnP","220","시작",,"Begin querying bus relations for device HID\VID_046D&PID_C53F&MI_02&Col03\9&1e844eb0&0&0002"
"11:12:43.7395489","Kernel-PnP","222","시작",,"End querying bus relations for device HID\VID_046D&PID_C53F&MI_02&Col03\9&1e844eb0&0&0002"
"11:12:43.7395545","Kernel-PnP","220","시작",,"Begin querying bus relations for device USB\VID_046D&PID_C53F&LAMPARRAY\8&1e3801b7&0&1_Slot00"
"11:12:43.7395571","Kernel-PnP","222","시작",,"End querying bus relations for device USB\VID_046D&PID_C53F&LAMPARRAY\8&1e3801b7&0&1_Slot00"
"11:12:43.7395622","Kernel-PnP","220","시작",,"Begin querying bus relations for device USB\VID_046D&PID_C53F&LAMPARRAY\8&1e3801b7&0&1_Slot01"
"11:12:43.7395642","Kernel-PnP","222","시작",,"End querying bus relations for device USB\VID_046D&PID_C53F&LAMPARRAY\8&1e3801b7&0&1_Slot01"
"11:12:43.7395685","Kernel-PnP","220","시작",,"Begin querying bus relations for device USB\VID_046D&PID_C53F&LAMPARRAY\8&1e3801b7&0&1_Slot02"
"11:12:43.7395707","Kernel-PnP","222","시작",,"End querying bus relations for device USB\VID_046D&PID_C53F&LAMPARRAY\8&1e3801b7&0&1_Slot02"
"11:12:43.7395906","Kernel-PnP","220","시작",,"Begin querying bus relations for device USB\VID_046D&PID_C53F&LAMPARRAY\8&1e3801b7&0&1_Slot03"
"11:12:43.7395923","Kernel-PnP","222","시작",,"End querying bus relations for device USB\VID_046D&PID_C53F&LAMPARRAY\8&1e3801b7&0&1_Slot03"
"11:12:43.7395969","Kernel-PnP","220","시작",,"Begin querying bus relations for device USB\VID_046D&PID_C53F&LAMPARRAY\8&1e3801b7&0&1_Slot04"
"11:12:43.7395986","Kernel-PnP","222","시작",,"End querying bus relations for device USB\VID_046D&PID_C53F&LAMPARRAY\8&1e3801b7&0&1_Slot04"
"11:12:43.7396033","Kernel-PnP","220","시작",,"Begin querying bus relations for device USB\VID_046D&PID_C53F&LAMPARRAY\8&1e3801b7&0&1_Slot05"
"11:12:43.7396050","Kernel-PnP","222","시작",,"End querying bus relations for device USB\VID_046D&PID_C53F&LAMPARRAY\8&1e3801b7&0&1_Slot05"
"11:12:43.7396093","Kernel-PnP","220","시작",,"Begin querying bus relations for device USB\VID_046D&PID_C53F&LAMPARRAY\8&1e3801b7&0&1_Slot06"
"11:12:43.7396106","Kernel-PnP","222","시작",,"End querying bus relations for device USB\VID_046D&PID_C53F&LAMPARRAY\8&1e3801b7&0&1_Slot06"
"11:12:43.7396149","Kernel-PnP","220","시작",,"Begin querying bus relations for device USB\VID_046D&PID_C52B\7&1441131d&0&3"
"11:12:43.7396178","Kernel-PnP","222","시작",,"End querying bus relations for device USB\VID_046D&PID_C52B\7&1441131d&0&3"
"11:12:43.7396232","Kernel-PnP","220","시작",,"Begin querying bus relations for device USB\VID_046D&PID_C52B&MI_00\8&2ad984dd&0&0000"
"11:12:43.7396276","Kernel-PnP","222","시작",,"End querying bus relations for device USB\VID_046D&PID_C52B&MI_00\8&2ad984dd&0&0000"
"11:12:43.7396324","Kernel-PnP","220","시작",,"Begin querying bus relations for device HID\VID_046D&PID_C52B&MI_00\9&131befe1&0&0000"
"11:12:43.7396341","Kernel-PnP","222","시작",,"End querying bus relations for device HID\VID_046D&PID_C52B&MI_00\9&131befe1&0&0000"
"11:12:43.7396385","Kernel-PnP","220","시작",,"Begin querying bus relations for device USB\VID_046D&PID_C52B&MI_01\8&2ad984dd&0&0001"
"11:12:43.7396415","Kernel-PnP","222","시작",,"End querying bus relations for device USB\VID_046D&PID_C52B&MI_01\8&2ad984dd&0&0001"
"11:12:43.7396479","Kernel-PnP","220","시작",,"Begin querying bus relations for device HID\VID_046D&PID_C52B&MI_01&Col01\9&36f32da3&0&0000"
"11:12:43.7396495","Kernel-PnP","222","시작",,"End querying bus relations for device HID\VID_046D&PID_C52B&MI_01&Col01\9&36f32da3&0&0000"
"11:12:43.7396549","Kernel-PnP","220","시작",,"Begin querying bus relations for device HID\VID_046D&PID_C52B&MI_01&Col02\9&36f32da3&0&0001"
"11:12:43.7396563","Kernel-PnP","222","시작",,"End querying bus relations for device HID\VID_046D&PID_C52B&MI_01&Col02\9&36f32da3&0&0001"
"11:12:43.7396606","Kernel-PnP","220","시작",,"Begin querying bus relations for device HID\VID_046D&PID_C52B&MI_01&Col03\9&36f32da3&0&0002"
"11:12:43.7396616","Kernel-PnP","222","시작",,"End querying bus relations for device HID\VID_046D&PID_C52B&MI_01&Col03\9&36f32da3&0&0002"
"11:12:43.7396659","Kernel-PnP","220","시작",,"Begin querying bus relations for device HID\VID_046D&PID_C52B&MI_01&Col04\9&36f32da3&0&0003"
"11:12:43.7396670","Kernel-PnP","222","시작",,"End querying bus relations for device HID\VID_046D&PID_C52B&MI_01&Col04\9&36f32da3&0&0003"
"11:12:43.7396711","Kernel-PnP","220","시작",,"Begin querying bus relations for device SWD\DRIVERENUM\{cbfe3ef1-4946-11f1-aa97-0ed72144c585}#logi_download_assistant_component&9&36f32da3&0"
"11:12:43.7396720","Kernel-PnP","222","시작",,"End querying bus relations for device SWD\DRIVERENUM\{cbfe3ef1-4946-11f1-aa97-0ed72144c585}#logi_download_assistant_component&9&36f32da3&0"
"11:12:43.7396765","Kernel-PnP","220","시작",,"Begin querying bus relations for device USB\VID_046D&PID_C52B&MI_02\8&2ad984dd&0&0002"
"11:12:43.7396793","Kernel-PnP","222","시작",,"End querying bus relations for device USB\VID_046D&PID_C52B&MI_02\8&2ad984dd&0&0002"
"11:12:43.7396839","Kernel-PnP","220","시작",,"Begin querying bus relations for device HID\VID_046D&PID_C52B&MI_02&Col01\9&1f2fa15e&0&0000"
"11:12:43.7396850","Kernel-PnP","222","시작",,"End querying bus relations for device HID\VID_046D&PID_C52B&MI_02&Col01\9&1f2fa15e&0&0000"
"11:12:43.7396912","Kernel-PnP","220","시작",,"Begin querying bus relations for device HID\VID_046D&PID_C52B&MI_02&Col02\9&1f2fa15e&0&0001"
"11:12:43.7396921","Kernel-PnP","222","시작",,"End querying bus relations for device HID\VID_046D&PID_C52B&MI_02&Col02\9&1f2fa15e&0&0001"
"11:12:43.7396962","Kernel-PnP","220","시작",,"Begin querying bus relations for device HID\VID_046D&PID_C52B&MI_02&Col03\9&1f2fa15e&0&0002"
"11:12:43.7396972","Kernel-PnP","222","시작",,"End querying bus relations for device HID\VID_046D&PID_C52B&MI_02&Col03\9&1f2fa15e&0&0002"
"11:12:43.7397029","Kernel-PnP","220","시작",,"Begin querying bus relations for device USB\VID_046D&PID_C548\7&1441131d&0&4"
"11:12:43.7397049","Kernel-PnP","222","시작",,"End querying bus relations for device USB\VID_046D&PID_C548\7&1441131d&0&4"
"11:12:43.7397097","Kernel-PnP","220","시작",,"Begin querying bus relations for device USB\VID_046D&PID_C548&MI_00\8&2d3bc3f8&0&0000"
"11:12:43.7397125","Kernel-PnP","222","시작",,"End querying bus relations for device USB\VID_046D&PID_C548&MI_00\8&2d3bc3f8&0&0000"
"11:12:43.7397182","Kernel-PnP","220","시작",,"Begin querying bus relations for device HID\VID_046D&PID_C548&MI_00\9&29112ca5&0&0000"
"11:12:43.7397195","Kernel-PnP","222","시작",,"End querying bus relations for device HID\VID_046D&PID_C548&MI_00\9&29112ca5&0&0000"
"11:12:43.7397237","Kernel-PnP","220","시작",,"Begin querying bus relations for device USB\VID_046D&PID_C548&MI_01\8&2d3bc3f8&0&0001"
"11:12:43.7397263","Kernel-PnP","222","시작",,"End querying bus relations for device USB\VID_046D&PID_C548&MI_01\8&2d3bc3f8&0&0001"
"11:12:43.7397322","Kernel-PnP","220","시작",,"Begin querying bus relations for device HID\VID_046D&PID_C548&MI_01&Col01\9&539eee3&0&0000"
"11:12:43.7397341","Kernel-PnP","222","시작",,"End querying bus relations for device HID\VID_046D&PID_C548&MI_01&Col01\9&539eee3&0&0000"
"11:12:43.7397383","Kernel-PnP","220","시작",,"Begin querying bus relations for device HID\VID_046D&PID_C548&MI_01&Col02\9&539eee3&0&0001"
"11:12:43.7397395","Kernel-PnP","222","시작",,"End querying bus relations for device HID\VID_046D&PID_C548&MI_01&Col02\9&539eee3&0&0001"
"11:12:43.7397444","Kernel-PnP","220","시작",,"Begin querying bus relations for device HID\VID_046D&PID_C548&MI_01&Col03\9&539eee3&0&0002"
"11:12:43.7397455","Kernel-PnP","222","시작",,"End querying bus relations for device HID\VID_046D&PID_C548&MI_01&Col03\9&539eee3&0&0002"
"11:12:43.7397498","Kernel-PnP","220","시작",,"Begin querying bus relations for device USB\VID_046D&PID_C548&MI_02\8&2d3bc3f8&0&0002"
"11:12:43.7397528","Kernel-PnP","222","시작",,"End querying bus relations for device USB\VID_046D&PID_C548&MI_02\8&2d3bc3f8&0&0002"
"11:12:43.7397587","Kernel-PnP","220","시작",,"Begin querying bus relations for device HID\VID_046D&PID_C548&MI_02&Col01\9&1cfd7b28&0&0000"
"11:12:43.7397598","Kernel-PnP","222","시작",,"End querying bus relations for device HID\VID_046D&PID_C548&MI_02&Col01\9&1cfd7b28&0&0000"
"11:12:43.7397642","Kernel-PnP","220","시작",,"Begin querying bus relations for device HID\VID_046D&PID_C548&MI_02&Col02\9&1cfd7b28&0&0001"
"11:12:43.7397656","Kernel-PnP","222","시작",,"End querying bus relations for device HID\VID_046D&PID_C548&MI_02&Col02\9&1cfd7b28&0&0001"
"11:12:43.7398064","Kernel-PnP","220","시작",,"Begin querying bus relations for device PCI\VEN_1022&DEV_790E&SUBSYS_B0A11458&REV_51\3&11583659&0&A3"
"11:12:43.7400379","Kernel-PnP","222","시작",,"End querying bus relations for device PCI\VEN_1022&DEV_790E&SUBSYS_B0A11458&REV_51\3&11583659&0&A3"
"11:12:43.7400935","Kernel-PnP","220","시작",,"Begin querying bus relations for device ACPI\PNP0B00\4&711d042&0"
"11:12:43.7400950","Kernel-PnP","222","시작",,"End querying bus relations for device ACPI\PNP0B00\4&711d042&0"
"11:12:43.7401292","Kernel-PnP","220","시작",,"Begin querying bus relations for device ACPI\PNP0501\0"
"11:12:43.7401519","Kernel-PnP","222","시작",,"End querying bus relations for device ACPI\PNP0501\0"
"11:12:43.7401581","Kernel-PnP","220","시작",,"Begin querying bus relations for device PCI\VEN_1022&DEV_14E0&SUBSYS_00000000&REV_00\3&11583659&0&C0"
"11:12:43.7401593","Kernel-PnP","222","시작",,"End querying bus relations for device PCI\VEN_1022&DEV_14E0&SUBSYS_00000000&REV_00\3&11583659&0&C0"
"11:12:43.7401630","Kernel-PnP","220","시작",,"Begin querying bus relations for device PCI\VEN_1022&DEV_14E1&SUBSYS_00000000&REV_00\3&11583659&0&C1"
"11:12:43.7401639","Kernel-PnP","222","시작",,"End querying bus relations for device PCI\VEN_1022&DEV_14E1&SUBSYS_00000000&REV_00\3&11583659&0&C1"
"11:12:43.7401684","Kernel-PnP","220","시작",,"Begin querying bus relations for device PCI\VEN_1022&DEV_14E2&SUBSYS_00000000&REV_00\3&11583659&0&C2"
"11:12:43.7401693","Kernel-PnP","222","시작",,"End querying bus relations for device PCI\VEN_1022&DEV_14E2&SUBSYS_00000000&REV_00\3&11583659&0&C2"
"11:12:43.7401759","Kernel-PnP","220","시작",,"Begin querying bus relations for device PCI\VEN_1022&DEV_14E3&SUBSYS_00000000&REV_00\3&11583659&0&C3"
"11:12:43.7401771","Kernel-PnP","222","시작",,"End querying bus relations for device PCI\VEN_1022&DEV_14E3&SUBSYS_00000000&REV_00\3&11583659&0&C3"
"11:12:43.7401825","Kernel-PnP","220","시작",,"Begin querying bus relations for device PCI\VEN_1022&DEV_14E4&SUBSYS_00000000&REV_00\3&11583659&0&C4"
"11:12:43.7401836","Kernel-PnP","222","시작",,"End querying bus relations for device PCI\VEN_1022&DEV_14E4&SUBSYS_00000000&REV_00\3&11583659&0&C4"
"11:12:43.7401880","Kernel-PnP","220","시작",,"Begin querying bus relations for device PCI\VEN_1022&DEV_14E5&SUBSYS_00000000&REV_00\3&11583659&0&C5"
"11:12:43.7401890","Kernel-PnP","222","시작",,"End querying bus relations for device PCI\VEN_1022&DEV_14E5&SUBSYS_00000000&REV_00\3&11583659&0&C5"
"11:12:43.7401933","Kernel-PnP","220","시작",,"Begin querying bus relations for device PCI\VEN_1022&DEV_14E6&SUBSYS_00000000&REV_00\3&11583659&0&C6"
"11:12:43.7401943","Kernel-PnP","222","시작",,"End querying bus relations for device PCI\VEN_1022&DEV_14E6&SUBSYS_00000000&REV_00\3&11583659&0&C6"
"11:12:43.7401986","Kernel-PnP","220","시작",,"Begin querying bus relations for device PCI\VEN_1022&DEV_14E7&SUBSYS_00000000&REV_00\3&11583659&0&C7"
"11:12:43.7401995","Kernel-PnP","222","시작",,"End querying bus relations for device PCI\VEN_1022&DEV_14E7&SUBSYS_00000000&REV_00\3&11583659&0&C7"
"11:12:43.7402660","Kernel-PnP","220","시작",,"Begin querying bus relations for device ACPI\MSFT0101\1"
"11:12:43.7407314","Kernel-PnP","222","시작",,"End querying bus relations for device ACPI\MSFT0101\1"
"11:12:43.7407456","Kernel-PnP","220","시작",,"Begin querying bus relations for device ACPI\PNP0C0C\aa"
"11:12:43.7407486","Kernel-PnP","222","시작",,"End querying bus relations for device ACPI\PNP0C0C\aa"
"11:12:43.7407550","Kernel-PnP","220","시작",,"Begin querying bus relations for device ACPI\AMDI0030\0"
"11:12:43.7407986","Kernel-PnP","222","시작",,"End querying bus relations for device ACPI\AMDI0030\0"
"11:12:43.7408177","Kernel-PnP","220","시작",,"Begin querying bus relations for device ACPI\AMDI0052\2&daba3ff&0"
"11:12:43.7408276","Kernel-PnP","222","시작",,"End querying bus relations for device ACPI\AMDI0052\2&daba3ff&0"
"11:12:43.7408354","Kernel-PnP","220","시작",,"Begin querying bus relations for device ACPI\AMDI0010\0"
"11:12:43.7410833","Kernel-PnP","222","시작",,"End querying bus relations for device ACPI\AMDI0010\0"
"11:12:43.7410947","Kernel-PnP","220","시작",,"Begin querying bus relations for device ACPI\AMDI0010\1"
"11:12:43.7413195","Kernel-PnP","222","시작",,"End querying bus relations for device ACPI\AMDI0010\1"
"11:12:43.7413298","Kernel-PnP","220","시작",,"Begin querying bus relations for device ACPI\MSFT8000\1"
"11:12:43.7413379","Kernel-PnP","222","시작",,"End querying bus relations for device ACPI\MSFT8000\1"
"11:12:43.7413443","Kernel-PnP","220","시작",,"Begin querying bus relations for device ACPI\PNP0C14\GSADEV0"
"11:12:43.7413514","Kernel-PnP","222","시작",,"End querying bus relations for device ACPI\PNP0C14\GSADEV0"
"11:12:43.7413573","Kernel-PnP","220","시작",,"Begin querying bus relations for device ACPI\ThermalZone\TZ10"
"11:12:43.7413637","Kernel-PnP","222","시작",,"End querying bus relations for device ACPI\ThermalZone\TZ10"
"11:12:43.7414174","Kernel-PnP","220","시작",,"Begin querying bus relations for device ACPI\ACPI0010\1"
"11:12:43.7414472","Kernel-PnP","222","시작",,"End querying bus relations for device ACPI\ACPI0010\1"
"11:12:43.7414545","Kernel-PnP","220","시작",,"Begin querying bus relations for device ACPI\AuthenticAMD_-_AMD64_Family_26_Model_68_-_AMD_Ryzen_5_9600X_6-Core_Processor_____________\0"
"11:12:43.7414576","Kernel-PnP","222","시작",,"End querying bus relations for device ACPI\AuthenticAMD_-_AMD64_Family_26_Model_68_-_AMD_Ryzen_5_9600X_6-Core_Processor_____________\0"
"11:12:43.7414624","Kernel-PnP","220","시작",,"Begin querying bus relations for device ACPI\AuthenticAMD_-_AMD64_Family_26_Model_68_-_AMD_Ryzen_5_9600X_6-Core_Processor_____________\1"
"11:12:43.7414648","Kernel-PnP","222","시작",,"End querying bus relations for device ACPI\AuthenticAMD_-_AMD64_Family_26_Model_68_-_AMD_Ryzen_5_9600X_6-Core_Processor_____________\1"
"11:12:43.7414703","Kernel-PnP","220","시작",,"Begin querying bus relations for device ACPI\AuthenticAMD_-_AMD64_Family_26_Model_68_-_AMD_Ryzen_5_9600X_6-Core_Processor_____________\2"
"11:12:43.7414728","Kernel-PnP","222","시작",,"End querying bus relations for device ACPI\AuthenticAMD_-_AMD64_Family_26_Model_68_-_AMD_Ryzen_5_9600X_6-Core_Processor_____________\2"
"11:12:43.7414774","Kernel-PnP","220","시작",,"Begin querying bus relations for device ACPI\AuthenticAMD_-_AMD64_Family_26_Model_68_-_AMD_Ryzen_5_9600X_6-Core_Processor_____________\3"
"11:12:43.7414798","Kernel-PnP","222","시작",,"End querying bus relations for device ACPI\AuthenticAMD_-_AMD64_Family_26_Model_68_-_AMD_Ryzen_5_9600X_6-Core_Processor_____________\3"
"11:12:43.7415203","Kernel-PnP","220","시작",,"Begin querying bus relations for device ACPI\AuthenticAMD_-_AMD64_Family_26_Model_68_-_AMD_Ryzen_5_9600X_6-Core_Processor_____________\4"
"11:12:43.7415227","Kernel-PnP","222","시작",,"End querying bus relations for device ACPI\AuthenticAMD_-_AMD64_Family_26_Model_68_-_AMD_Ryzen_5_9600X_6-Core_Processor_____________\4"
"11:12:43.7415283","Kernel-PnP","220","시작",,"Begin querying bus relations for device ACPI\AuthenticAMD_-_AMD64_Family_26_Model_68_-_AMD_Ryzen_5_9600X_6-Core_Processor_____________\5"
"11:12:43.7415305","Kernel-PnP","222","시작",,"End querying bus relations for device ACPI\AuthenticAMD_-_AMD64_Family_26_Model_68_-_AMD_Ryzen_5_9600X_6-Core_Processor_____________\5"
"11:12:43.7415355","Kernel-PnP","220","시작",,"Begin querying bus relations for device ACPI\AuthenticAMD_-_AMD64_Family_26_Model_68_-_AMD_Ryzen_5_9600X_6-Core_Processor_____________\6"
"11:12:43.7415378","Kernel-PnP","222","시작",,"End querying bus relations for device ACPI\AuthenticAMD_-_AMD64_Family_26_Model_68_-_AMD_Ryzen_5_9600X_6-Core_Processor_____________\6"
"11:12:43.7415494","Kernel-PnP","220","시작",,"Begin querying bus relations for device ACPI\AuthenticAMD_-_AMD64_Family_26_Model_68_-_AMD_Ryzen_5_9600X_6-Core_Processor_____________\7"
"11:12:43.7415516","Kernel-PnP","222","시작",,"End querying bus relations for device ACPI\AuthenticAMD_-_AMD64_Family_26_Model_68_-_AMD_Ryzen_5_9600X_6-Core_Processor_____________\7"
"11:12:43.7415558","Kernel-PnP","220","시작",,"Begin querying bus relations for device ACPI\AuthenticAMD_-_AMD64_Family_26_Model_68_-_AMD_Ryzen_5_9600X_6-Core_Processor_____________\8"
"11:12:43.7415582","Kernel-PnP","222","시작",,"End querying bus relations for device ACPI\AuthenticAMD_-_AMD64_Family_26_Model_68_-_AMD_Ryzen_5_9600X_6-Core_Processor_____________\8"
"11:12:43.7415634","Kernel-PnP","220","시작",,"Begin querying bus relations for device ACPI\AuthenticAMD_-_AMD64_Family_26_Model_68_-_AMD_Ryzen_5_9600X_6-Core_Processor_____________\9"
"11:12:43.7415656","Kernel-PnP","222","시작",,"End querying bus relations for device ACPI\AuthenticAMD_-_AMD64_Family_26_Model_68_-_AMD_Ryzen_5_9600X_6-Core_Processor_____________\9"
"11:12:43.7415706","Kernel-PnP","220","시작",,"Begin querying bus relations for device ACPI\AuthenticAMD_-_AMD64_Family_26_Model_68_-_AMD_Ryzen_5_9600X_6-Core_Processor_____________\a"
"11:12:43.7415728","Kernel-PnP","222","시작",,"End querying bus relations for device ACPI\AuthenticAMD_-_AMD64_Family_26_Model_68_-_AMD_Ryzen_5_9600X_6-Core_Processor_____________\a"
"11:12:43.7415781","Kernel-PnP","220","시작",,"Begin querying bus relations for device ACPI\AuthenticAMD_-_AMD64_Family_26_Model_68_-_AMD_Ryzen_5_9600X_6-Core_Processor_____________\b"
"11:12:43.7415804","Kernel-PnP","222","시작",,"End querying bus relations for device ACPI\AuthenticAMD_-_AMD64_Family_26_Model_68_-_AMD_Ryzen_5_9600X_6-Core_Processor_____________\b"
"11:12:43.7415857","Kernel-PnP","220","시작",,"Begin querying bus relations for device ACPI\AMDI0204\2&daba3ff&0"
"11:12:43.7415928","Kernel-PnP","222","시작",,"End querying bus relations for device ACPI\AMDI0204\2&daba3ff&0"
"11:12:43.7415986","Kernel-PnP","220","시작",,"Begin querying bus relations for device ACPI\PNP0C14\AOD"
"11:12:43.7416054","Kernel-PnP","222","시작",,"End querying bus relations for device ACPI\PNP0C14\AOD"
"11:12:43.7416109","Kernel-PnP","220","시작",,"Begin querying bus relations for device ACPI\MSFT0200\1"
"11:12:43.7420891","Kernel-PnP","222","시작",,"End querying bus relations for device ACPI\MSFT0200\1"
"11:12:43.7421037","Kernel-PnP","220","시작",,"Begin querying bus relations for device ACPI\FixedButton\2&daba3ff&0"
"11:12:43.7421060","Kernel-PnP","222","시작",,"End querying bus relations for device ACPI\FixedButton\2&daba3ff&0"
"11:12:43.7421125","Kernel-PnP","220","시작",,"Begin querying bus relations for device ACPI_HAL\UEFI\0"
"11:12:43.7421146","Kernel-PnP","222","시작",,"End querying bus relations for device ACPI_HAL\UEFI\0"
"11:12:43.7421206","Kernel-PnP","220","시작",,"Begin querying bus relations for device UEFI\RES_{00000000-0000-0000-0000-000000000000}\0"
"11:12:43.7421217","Kernel-PnP","222","시작",,"End querying bus relations for device UEFI\RES_{00000000-0000-0000-0000-000000000000}\0"
"11:12:43.7421288","Kernel-PnP","220","시작",,"Begin querying bus relations for device ROOT\VPCIVSP\0000"
"11:12:43.7421317","Kernel-PnP","222","시작",,"End querying bus relations for device ROOT\VPCIVSP\0000"
"11:12:43.7421400","Kernel-PnP","220","시작",,"Begin querying bus relations for device ROOT\BasicRender\0000"
"11:12:43.7421456","Kernel-PnP","222","시작",,"End querying bus relations for device ROOT\BasicRender\0000"
"11:12:43.7421529","Kernel-PnP","220","시작",,"Begin querying bus relations for device ROOT\storvsp\0000"
"11:12:43.7421557","Kernel-PnP","222","시작",,"End querying bus relations for device ROOT\storvsp\0000"
"11:12:43.7421628","Kernel-PnP","220","시작",,"Begin querying bus relations for device ROOT\AMDLOG\0000"
"11:12:43.7421652","Kernel-PnP","222","시작",,"End querying bus relations for device ROOT\AMDLOG\0000"
"11:12:43.7421724","Kernel-PnP","220","시작",,"Begin querying bus relations for device ROOT\NdisVirtualBus\0000"
"11:12:43.7421752","Kernel-PnP","222","시작",,"End querying bus relations for device ROOT\NdisVirtualBus\0000"
"11:12:43.7421824","Kernel-PnP","220","시작",,"Begin querying bus relations for device ROOT\mssmbios\0000"
"11:12:43.7421838","Kernel-PnP","222","시작",,"End querying bus relations for device ROOT\mssmbios\0000"
"11:12:43.7421908","Kernel-PnP","220","시작",,"Begin querying bus relations for device ROOT\SYSTEM\0000"
"11:12:43.7421939","Kernel-PnP","222","시작",,"End querying bus relations for device ROOT\SYSTEM\0000"
"11:12:43.7422012","Kernel-PnP","220","시작",,"Begin querying bus relations for device ROOT\SYSTEM\0001"
"11:12:43.7422041","Kernel-PnP","222","시작",,"End querying bus relations for device ROOT\SYSTEM\0001"
"11:12:43.7422117","Kernel-PnP","220","시작",,"Begin querying bus relations for device LGHUBDevice\VID_046D&PID_C232\1&79f5d87&0&01"
"11:12:43.7422155","Kernel-PnP","222","시작",,"End querying bus relations for device LGHUBDevice\VID_046D&PID_C232\1&79f5d87&0&01"
"11:12:43.7422230","Kernel-PnP","220","시작",,"Begin querying bus relations for device HID\VID_046D&PID_C232\2&1a87f3a8&0&0000"
"11:12:43.7422249","Kernel-PnP","222","시작",,"End querying bus relations for device HID\VID_046D&PID_C232\2&1a87f3a8&0&0000"
"11:12:43.7422316","Kernel-PnP","220","시작",,"Begin querying bus relations for device ROOT\SYSTEM\0002"
"11:12:43.7422338","Kernel-PnP","222","시작",,"End querying bus relations for device ROOT\SYSTEM\0002"
"11:12:43.7422392","Kernel-PnP","220","시작",,"Begin querying bus relations for device ROOT\RDPBUS\0000"
"11:12:43.7422411","Kernel-PnP","222","시작",,"End querying bus relations for device ROOT\RDPBUS\0000"
"11:12:43.7422468","Kernel-PnP","220","시작",,"Begin querying bus relations for device SWD\COMPUTER\MFG_Gigabyte_Technology_Co.__Ltd.&FAM_B850_MB&PROD_B850M_AORUS_ELITE_WIFI7_ICE-P&SKU_Default_string"
"11:12:43.7422483","Kernel-PnP","222","시작",,"End querying bus relations for device SWD\COMPUTER\MFG_Gigabyte_Technology_Co.__Ltd.&FAM_B850_MB&PROD_B850M_AORUS_ELITE_WIFI7_ICE-P&SKU_Default_string"
"11:12:43.7422555","Kernel-PnP","220","시작",,"Begin querying bus relations for device SWD\DRIVERENUM\{96bedf2c-18cb-4a15-b821-5e95ed0fea61}#VocaEffectPack&1&2dce90cc&0"
"11:12:43.7422564","Kernel-PnP","222","시작",,"End querying bus relations for device SWD\DRIVERENUM\{96bedf2c-18cb-4a15-b821-5e95ed0fea61}#VocaEffectPack&1&2dce90cc&0"
"11:12:43.7422617","Kernel-PnP","220","시작",,"Begin querying bus relations for device SWD\RADIO\{3DB5895D-CC28-44B3-AD3D-6F01A782B8D2}"
"11:12:43.7422628","Kernel-PnP","222","시작",,"End querying bus relations for device SWD\RADIO\{3DB5895D-CC28-44B3-AD3D-6F01A782B8D2}"
"11:12:43.7422702","Kernel-PnP","220","시작",,"Begin querying bus relations for device SWD\RADIO\Bluetooth_50ee32aeff2e"
"11:12:43.7422710","Kernel-PnP","222","시작",,"End querying bus relations for device SWD\RADIO\Bluetooth_50ee32aeff2e"
"11:12:43.7422763","Kernel-PnP","220","시작",,"Begin querying bus relations for device SWD\RADIO\{2487A1BC-D114-4052-A1FF-8B0FB39BB71A}"
"11:12:43.7422772","Kernel-PnP","222","시작",,"End querying bus relations for device SWD\RADIO\{2487A1BC-D114-4052-A1FF-8B0FB39BB71A}"
"11:12:43.7422822","Kernel-PnP","220","시작",,"Begin querying bus relations for device SWD\MSDAS\{ce958e9a-424f-4c88-86f4-11314821e75a}"
"11:12:43.7422833","Kernel-PnP","222","시작",,"End querying bus relations for device SWD\MSDAS\{ce958e9a-424f-4c88-86f4-11314821e75a}"
"11:12:43.7422887","Kernel-PnP","220","시작",,"Begin querying bus relations for device SWD\MMDEVAPI\MicrosoftGSWavetableSynth"
"11:12:43.7422898","Kernel-PnP","222","시작",,"End querying bus relations for device SWD\MMDEVAPI\MicrosoftGSWavetableSynth"
"11:12:43.7422952","Kernel-PnP","220","시작",,"Begin querying bus relations for device SWD\PRINTENUM\PrintQueues"
"11:12:43.7422963","Kernel-PnP","222","시작",,"End querying bus relations for device SWD\PRINTENUM\PrintQueues"
"11:12:43.7423056","Kernel-PnP","220","시작",,"Begin querying bus relations for device SWD\PRINTENUM\{4F4DBFA8-F9F4-4861-86D0-58A09F141EEB}"
"11:12:43.7423064","Kernel-PnP","222","시작",,"End querying bus relations for device SWD\PRINTENUM\{4F4DBFA8-F9F4-4861-86D0-58A09F141EEB}"
"11:12:43.7423115","Kernel-PnP","220","시작",,"Begin querying bus relations for device SWD\PRINTENUM\{575C541D-2E72-4D8E-B570-8D04C9A6BA8E}"
"11:12:43.7423122","Kernel-PnP","222","시작",,"End querying bus relations for device SWD\PRINTENUM\{575C541D-2E72-4D8E-B570-8D04C9A6BA8E}"
"11:12:43.7423194","Kernel-PnP","220","시작",,"Begin querying bus relations for device SWD\MSRRAS\{5e259276-bc7e-40e3-b93b-8f89b5f3abc0}"
"11:12:43.7423204","Kernel-PnP","222","시작",,"End querying bus relations for device SWD\MSRRAS\{5e259276-bc7e-40e3-b93b-8f89b5f3abc0}"
"11:12:43.7423354","Kernel-PnP","220","시작",,"Begin querying bus relations for device SWD\MSRRAS\MS_SSTPMINIPORT"
"11:12:43.7423416","Kernel-PnP","222","시작",,"End querying bus relations for device SWD\MSRRAS\MS_SSTPMINIPORT"
"11:12:43.7423495","Kernel-PnP","220","시작",,"Begin querying bus relations for device SWD\MSRRAS\MS_AGILEVPNMINIPORT"
"11:12:43.7423517","Kernel-PnP","222","시작",,"End querying bus relations for device SWD\MSRRAS\MS_AGILEVPNMINIPORT"
"11:12:43.7423592","Kernel-PnP","220","시작",,"Begin querying bus relations for device SWD\MSRRAS\MS_L2TPMINIPORT"
"11:12:43.7423612","Kernel-PnP","222","시작",,"End querying bus relations for device SWD\MSRRAS\MS_L2TPMINIPORT"
"11:12:43.7423684","Kernel-PnP","220","시작",,"Begin querying bus relations for device SWD\MSRRAS\MS_PPTPMINIPORT"
"11:12:43.7423704","Kernel-PnP","222","시작",,"End querying bus relations for device SWD\MSRRAS\MS_PPTPMINIPORT"
"11:12:43.7423760","Kernel-PnP","220","시작",,"Begin querying bus relations for device SWD\MSRRAS\MS_PPPOEMINIPORT"
"11:12:43.7423781","Kernel-PnP","222","시작",,"End querying bus relations for device SWD\MSRRAS\MS_PPPOEMINIPORT"
"11:12:43.7423854","Kernel-PnP","220","시작",,"Begin querying bus relations for device SWD\MSRRAS\MS_NDISWANIP"
"11:12:43.7423875","Kernel-PnP","222","시작",,"End querying bus relations for device SWD\MSRRAS\MS_NDISWANIP"
"11:12:43.7423950","Kernel-PnP","220","시작",,"Begin querying bus relations for device SWD\MSRRAS\MS_NDISWANIPV6"
"11:12:43.7423969","Kernel-PnP","222","시작",,"End querying bus relations for device SWD\MSRRAS\MS_NDISWANIPV6"
"11:12:43.7424042","Kernel-PnP","220","시작",,"Begin querying bus relations for device SWD\MSRRAS\MS_NDISWANBH"
"11:12:43.7424063","Kernel-PnP","222","시작",,"End querying bus relations for device SWD\MSRRAS\MS_NDISWANBH"
"11:12:47.7487630","Kernel-PnP","220","시작",,"Begin querying bus relations for device ACPI\PNP0501\0"
"11:12:47.7487765","Kernel-PnP","222","시작",,"End querying bus relations for device ACPI\PNP0501\0"
"11:12:48.6090647","DxgKrnl","10011","정보",,""
"11:12:48.6096370","DxgKrnl","10011","정보",,""
"11:12:50.6658505","DxgKrnl","10011","정보",,""
"11:12:50.6659082","DxgKrnl","10011","정보",,""
"11:12:50.6664870","DxgKrnl","10011","정보",,""
"11:12:50.6665285","DxgKrnl","10011","정보",,""
"11:12:50.6665799","DxgKrnl","10011","정보",,""
"11:12:50.6665827","DxgKrnl","10011","정보",,""
"11:12:50.6665849","DxgKrnl","10011","정보",,""
"11:12:50.6668719","DxgKrnl","10011","정보",,""
"11:12:50.6669187","DxgKrnl","10011","정보",,""
"11:12:50.6686189","DxgKrnl","10011","정보",,""
"11:12:50.6686697","DxgKrnl","10011","정보",,""
"11:12:50.6687062","DxgKrnl","10011","정보",,""
"11:12:50.6688855","DxgKrnl","10011","정보",,""
"11:12:50.6688924","DxgKrnl","10011","정보",,""
"11:12:50.6688975","DxgKrnl","10011","정보",,""
"11:12:50.6688988","DxgKrnl","10011","정보",,""
"11:12:50.6690911","DxgKrnl","10011","정보",,""
"11:12:50.6690932","DxgKrnl","10011","정보",,""
"11:12:50.6690942","DxgKrnl","10011","정보",,""
"11:12:50.6690948","DxgKrnl","10011","정보",,""
"11:12:50.6708203","DxgKrnl","10011","정보",,""
"11:12:50.6708677","DxgKrnl","10011","정보",,""
"11:12:50.6718408","DxgKrnl","10011","정보",,""
"11:12:50.6719489","DxgKrnl","10011","정보",,""
"11:12:50.6724563","DxgKrnl","10011","정보",,""
"11:12:50.6725378","DxgKrnl","10011","정보",,""
"11:12:50.6725829","DxgKrnl","10011","정보",,""
"11:12:50.6726061","DxgKrnl","10011","정보",,""
"11:12:50.6726084","DxgKrnl","10011","정보",,""
"11:12:50.6729169","DxgKrnl","10011","정보",,""
"11:12:50.6729519","DxgKrnl","10011","정보",,""
"11:12:50.6745055","DxgKrnl","10011","정보",,""
"11:12:50.6745409","DxgKrnl","10011","정보",,""
"11:12:50.6745769","DxgKrnl","10011","정보",,""
"11:12:50.6746695","DxgKrnl","10011","정보",,""
"11:12:50.6747051","DxgKrnl","10011","정보",,""
"11:12:50.6747075","DxgKrnl","10011","정보",,""
"11:12:50.6747103","DxgKrnl","10011","정보",,""
"11:12:50.6748263","DxgKrnl","10011","정보",,""
"11:12:50.6748294","DxgKrnl","10011","정보",,""
"11:12:50.6748304","DxgKrnl","10011","정보",,""
"11:12:50.6748793","DxgKrnl","10011","정보",,""
"11:12:50.6762524","DxgKrnl","10011","정보",,""
"11:12:50.6762941","DxgKrnl","10011","정보",,""
"11:12:50.6776616","DxgKrnl","10011","정보",,""
"11:12:50.6777036","DxgKrnl","10011","정보",,""
"11:12:54.6930782","DxgKrnl","10011","정보",,""
"11:12:54.6936485","DxgKrnl","10011","정보",,""
"11:12:54.6945681","DxgKrnl","10011","정보",,""
"11:12:54.6946166","DxgKrnl","10011","정보",,""
"11:12:54.6951997","DxgKrnl","10011","정보",,""
"11:12:54.6952284","DxgKrnl","10011","정보",,""
"11:12:54.6952782","DxgKrnl","10011","정보",,""
"11:12:54.6952806","DxgKrnl","10011","정보",,""
"11:12:54.6952827","DxgKrnl","10011","정보",,""
"11:12:54.6955831","DxgKrnl","10011","정보",,""
"11:12:54.6956175","DxgKrnl","10011","정보",,""
"11:12:54.7067019","DxgKrnl","10011","정보",,""
"11:12:54.7067616","DxgKrnl","10011","정보",,""
"11:12:54.7068201","DxgKrnl","10011","정보",,""
"11:12:54.7074222","DxgKrnl","10011","정보",,""
"11:12:54.7074548","DxgKrnl","10011","정보",,""
"11:12:54.7075147","DxgKrnl","10011","정보",,""
"11:12:54.7075497","DxgKrnl","10011","정보",,""
"11:12:54.7075514","DxgKrnl","10011","정보",,""
"11:12:54.7075907","DxgKrnl","10011","정보",,""
"11:12:54.7492591","DxgKrnl","10011","정보",,""
"11:12:54.7492659","DxgKrnl","10011","정보",,""
"11:12:54.7492869","DxgKrnl","10011","정보",,""
"11:12:54.7493183","DxgKrnl","10011","정보",,""
"11:12:54.7494531","DxgKrnl","10011","정보",,""
"11:12:54.7494656","DxgKrnl","10011","정보",,""
"11:12:54.7506410","DxgKrnl","10011","정보",,""
"11:12:54.7506819","DxgKrnl","10011","정보",,""
"11:12:54.7509583","DxgKrnl","10011","정보",,""
"11:12:54.7510100","DxgKrnl","10011","정보",,""
"11:12:54.7533577","DxgKrnl","10011","정보",,""
"11:12:54.7538812","DxgKrnl","10011","정보",,""
"11:12:54.7555307","DxgKrnl","10011","정보",,""
"11:12:54.7555899","DxgKrnl","10011","정보",,""
"11:12:54.7572578","DxgKrnl","10011","정보",,""
"11:12:54.7573431","DxgKrnl","10011","정보",,""
"11:12:54.7612193","DxgKrnl","10011","정보",,""
"11:12:54.7612640","DxgKrnl","10011","정보",,""
"11:12:54.7671978","DxgKrnl","10011","정보",,""
"11:12:54.7672338","DxgKrnl","10011","정보",,""
"11:12:54.7672831","DxgKrnl","10011","정보",,""
"11:12:54.7672870","DxgKrnl","10011","정보",,""
"11:12:54.7672892","DxgKrnl","10011","정보",,""
"11:12:54.7676164","DxgKrnl","10011","정보",,""
"11:12:54.7676660","DxgKrnl","10011","정보",,""
"11:12:54.7693800","DxgKrnl","10011","정보",,""
"11:12:54.7694162","DxgKrnl","10011","정보",,""
"11:12:54.7694685","DxgKrnl","10011","정보",,""
"11:12:54.7695645","DxgKrnl","10011","정보",,""
"11:12:54.7696667","DxgKrnl","10011","정보",,""
"11:12:54.7696875","DxgKrnl","10011","정보",,""
"11:12:54.7697472","DxgKrnl","10011","정보",,""
"11:12:54.7726267","DxgKrnl","10011","정보",,""
"11:12:54.7726711","DxgKrnl","10011","정보",,""
"11:12:54.7743594","DxgKrnl","10011","정보",,""
"11:12:54.7744037","DxgKrnl","10011","정보",,""
"11:12:54.8229588","DxgKrnl","10011","정보",,""
"11:12:54.8315441","DxgKrnl","10011","정보",,""
"11:12:54.8322770","DxgKrnl","10011","정보",,""
"11:12:54.8323489","DxgKrnl","10011","정보",,""
"11:12:54.8331193","DxgKrnl","10011","정보",,""
"11:12:54.8332269","DxgKrnl","10011","정보",,""
"11:12:54.8584618","DxgKrnl","10011","정보",,""
"11:12:54.8584838","DxgKrnl","10011","정보",,""
"11:12:54.8585406","DxgKrnl","10011","정보",,""
"11:12:54.8708056","DxgKrnl","10011","정보",,""
"11:12:54.8730508","DxgKrnl","10011","정보",,""
"11:12:54.8735880","DxgKrnl","10011","정보",,""
"11:12:54.8735997","DxgKrnl","10011","정보",,""
"11:12:54.8736010","DxgKrnl","10011","정보",,""
"11:12:54.8737050","DxgKrnl","10011","정보",,""
"11:12:54.8741871","DxgKrnl","10011","정보",,""
"11:12:54.8744132","DxgKrnl","10011","정보",,""
"11:12:54.8872972","DxgKrnl","10011","정보",,""
"11:12:54.8872984","DxgKrnl","10011","정보",,""
"11:12:54.8877736","DxgKrnl","10011","정보",,""
"11:12:54.8878169","DxgKrnl","10011","정보",,""
"11:12:54.9607720","DxgKrnl","10011","정보",,""
"11:12:54.9615288","DxgKrnl","10011","정보",,""
"11:12:54.9681209","DxgKrnl","10011","정보",,""
"11:12:54.9681878","DxgKrnl","10011","정보",,""
"11:12:56.8194168","DxgKrnl","10011","정보",,""
"11:12:56.8194251","DxgKrnl","10011","정보",,""
"11:12:56.8194258","DxgKrnl","10011","정보",,""
"11:12:56.8194264","DxgKrnl","10011","정보",,""
"11:12:56.8194270","DxgKrnl","10011","정보",,""
"11:12:56.8194275","DxgKrnl","10011","정보",,""
"11:12:56.8194279","DxgKrnl","10011","정보",,""
"11:12:56.8194283","DxgKrnl","10011","정보",,""
"11:12:56.8194288","DxgKrnl","10011","정보",,""
"11:12:56.8194293","DxgKrnl","10011","정보",,""
"11:12:56.8194298","DxgKrnl","10011","정보",,""
"11:12:56.8997185","DxgKrnl","10011","정보",,""
"11:12:56.8997278","DxgKrnl","10011","정보",,""
"11:12:56.8998079","DxgKrnl","10011","정보",,""
"11:12:56.8998716","DxgKrnl","10011","정보",,""
"11:12:56.8998793","DxgKrnl","10011","정보",,""
"11:12:56.9726248","DxgKrnl","10011","정보",,""
"11:12:56.9726335","DxgKrnl","10011","정보",,""
"11:12:56.9726714","DxgKrnl","10011","정보",,""
"11:12:56.9733189","DxgKrnl","10011","정보",,""
"11:12:56.9733217","DxgKrnl","10011","정보",,""
"11:12:56.9733314","DxgKrnl","10011","정보",,""
"11:12:56.9733327","DxgKrnl","10011","정보",,""
"11:12:57.0365693","DxgKrnl","10011","정보",,""
"11:12:57.0365745","DxgKrnl","10011","정보",,""
"11:12:57.1773531","DxgKrnl","10011","정보",,""
"11:12:57.1792828","DxgKrnl","10011","정보",,""
"11:12:57.1792950","DxgKrnl","10011","정보",,""
"11:12:57.1792962","DxgKrnl","10011","정보",,""
"11:12:57.1792969","DxgKrnl","10011","정보",,""
"11:12:57.1792979","DxgKrnl","10011","정보",,""
"11:12:57.1793021","DxgKrnl","10011","정보",,""
"11:12:57.1816437","DxgKrnl","10011","정보",,""
"11:12:57.1816519","DxgKrnl","10011","정보",,""
"11:12:57.6090823","DxgKrnl","10011","정보",,""
"11:12:57.6105900","DxgKrnl","10011","정보",,""
"11:12:57.6106007","DxgKrnl","10011","정보",,""
"11:12:57.6129278","DxgKrnl","10011","정보",,""
"11:12:57.6129453","DxgKrnl","10011","정보",,""
"11:12:57.6148359","DxgKrnl","10011","정보",,""
"11:12:57.6148671","DxgKrnl","10011","정보",,""
"11:12:57.6148808","DxgKrnl","10011","정보",,""
"11:12:57.6148847","DxgKrnl","10011","정보",,""
"11:12:57.6148872","DxgKrnl","10011","정보",,""
"11:12:57.6149664","DxgKrnl","10011","정보",,""
"11:12:57.6149729","DxgKrnl","10011","정보",,""
"11:12:57.6171775","Kernel-PnP","220","시작",,"Begin querying bus relations for device ROOT\BasicDisplay\0000"
"11:12:57.6171832","Kernel-PnP","222","시작",,"End querying bus relations for device ROOT\BasicDisplay\0000"
"11:12:57.6176469","DxgKrnl","10011","정보",,""
"11:12:57.6176686","DxgKrnl","10011","정보",,""
"11:12:57.6177192","DxgKrnl","10011","정보",,""
"11:12:57.6177633","DxgKrnl","10011","정보",,""
"11:12:57.6177750","DxgKrnl","10011","정보",,""
"11:12:57.6180125","DxgKrnl","10011","정보",,""
"11:12:57.6180314","DxgKrnl","10011","정보",,""
"11:12:57.6180339","DxgKrnl","10011","정보",,""
"11:12:57.6180428","DxgKrnl","10011","정보",,""
"11:12:57.6275844","Kernel-PnP","808","시작",,"End device add, status (STATUS_SUCCESS)"
"11:12:57.6278262","Kernel-PnP","220","시작",,"Begin querying bus relations for device DISPLAY\Default_Monitor\1&8713bca&0&UID0"
"11:12:57.6278289","Kernel-PnP","222","시작",,"End querying bus relations for device DISPLAY\Default_Monitor\1&8713bca&0&UID0"
"11:12:57.6280587","DxgKrnl","10011","정보",,""
"11:12:57.6842197","DxgKrnl","10011","정보",,""
"11:12:57.6842780","DxgKrnl","10011","정보",,""
"11:12:57.6842790","DxgKrnl","10011","정보",,""
"11:12:57.6843126","DxgKrnl","10011","정보",,""
"11:12:57.6898496","DxgKrnl","10011","정보",,""
"11:12:57.6903351","DxgKrnl","10011","정보",,""
"11:12:57.6956709","DxgKrnl","10011","정보",,""
"11:12:57.6957001","DxgKrnl","10011","정보",,""
"11:12:57.6983689","DxgKrnl","10011","정보",,""
"11:12:57.6983953","DxgKrnl","10011","정보",,""
"11:12:57.6983972","DxgKrnl","10011","정보",,""
"11:12:57.6984061","DxgKrnl","10011","정보",,""
"11:12:57.6990411","DxgKrnl","10011","정보",,""
"11:12:57.6990557","DxgKrnl","10011","정보",,""
"11:12:57.7077446","DxgKrnl","10011","정보",,""
"11:12:57.7077756","DxgKrnl","10011","정보",,""
"11:12:57.7302142","DxgKrnl","10011","정보",,""
"11:12:57.7302540","DxgKrnl","10011","정보",,""
"11:12:57.7302879","DxgKrnl","10011","정보",,""
"11:12:57.7302950","DxgKrnl","10011","정보",,""
"11:12:57.7302965","DxgKrnl","10011","정보",,""
"11:12:57.7304221","DxgKrnl","10011","정보",,""
"11:12:57.7304371","DxgKrnl","10011","정보",,""
"11:12:57.7321244","DxgKrnl","10011","정보",,""
"11:12:57.7321538","DxgKrnl","10011","정보",,""
"11:12:57.7322393","DxgKrnl","10011","정보",,""
"11:12:57.7325174","DxgKrnl","10011","정보",,""
"11:12:57.7325176","DxgKrnl","10011","정보",,""
"11:12:57.7325838","DxgKrnl","10011","정보",,""
"11:12:57.7325839","DxgKrnl","10011","정보",,""
"11:12:57.7326368","DxgKrnl","10011","정보",,""
"11:12:57.7326616","DxgKrnl","10011","정보",,""
"11:12:57.7468996","DxgKrnl","10011","정보",,""
"11:12:57.7469366","DxgKrnl","10011","정보",,""
"11:12:57.7487630","DxgKrnl","10011","정보",,""
"11:12:57.7487850","DxgKrnl","10011","정보",,""
"11:12:57.8440274","Kernel-PnP","808","시작",,"End device add, status (STATUS_SUCCESS)"
"11:12:57.8817095","Kernel-PnP","220","시작",,"Begin querying bus relations for device PCI\VEN_1002&DEV_7550&SUBSYS_E4891DA2&REV_C0\6&8916a45&0&00000009"
"11:12:57.8817374","Kernel-PnP","222","시작",,"End querying bus relations for device PCI\VEN_1002&DEV_7550&SUBSYS_E4891DA2&REV_C0\6&8916a45&0&00000009"
"11:12:57.8863303","DxgKrnl","10011","정보",,""
"11:12:57.8863430","DxgKrnl","10011","정보",,""
"11:12:57.8865445","Kernel-PnP","220","시작",,"Begin querying bus relations for device SWD\DRIVERENUM\AMDCP&7&16b8ddb4&0"
"11:12:57.8865458","Kernel-PnP","222","시작",,"End querying bus relations for device SWD\DRIVERENUM\AMDCP&7&16b8ddb4&0"
"11:12:57.8866239","DxgKrnl","10011","정보",,""
"11:12:57.8866462","Kernel-PnP","220","시작",,"Begin querying bus relations for device SWD\DRIVERENUM\AMDFDANS&7&16b8ddb4&0"
"11:12:57.8866471","Kernel-PnP","222","시작",,"End querying bus relations for device SWD\DRIVERENUM\AMDFDANS&7&16b8ddb4&0"
"11:12:57.8866686","DxgKrnl","10011","정보",,""
"11:12:57.8866707","DxgKrnl","10011","정보",,""
"11:12:57.8867040","DxgKrnl","10011","정보",,""
"11:12:57.8867257","DxgKrnl","10011","정보",,""
"11:12:57.8867326","DxgKrnl","10011","정보",,""
"11:12:57.8867360","Kernel-PnP","220","시작",,"Begin querying bus relations for device SWD\DRIVERENUM\AMDOCL&7&16b8ddb4&0"
"11:12:57.8867369","Kernel-PnP","222","시작",,"End querying bus relations for device SWD\DRIVERENUM\AMDOCL&7&16b8ddb4&0"
"11:12:57.8868707","Kernel-PnP","220","시작",,"Begin querying bus relations for device SWD\DRIVERENUM\AMDOGL&7&16b8ddb4&0"
"11:12:57.8868727","Kernel-PnP","222","시작",,"End querying bus relations for device SWD\DRIVERENUM\AMDOGL&7&16b8ddb4&0"
"11:12:57.8870292","Kernel-PnP","220","시작",,"Begin querying bus relations for device SWD\DRIVERENUM\AMDVLK&7&16b8ddb4&0"
"11:12:57.8870306","Kernel-PnP","222","시작",,"End querying bus relations for device SWD\DRIVERENUM\AMDVLK&7&16b8ddb4&0"
"11:12:57.8871417","Kernel-PnP","220","시작",,"Begin querying bus relations for device SWD\DRIVERENUM\AMDWIN&7&16b8ddb4&0"
"11:12:57.8871425","Kernel-PnP","222","시작",,"End querying bus relations for device SWD\DRIVERENUM\AMDWIN&7&16b8ddb4&0"
"11:12:57.8871558","Kernel-PnP","220","시작",,"Begin querying bus relations for device PCI\VEN_1002&DEV_7550&SUBSYS_E4891DA2&REV_C0\6&8916a45&0&00000009"
"11:12:57.8871781","Kernel-PnP","222","시작",,"End querying bus relations for device PCI\VEN_1002&DEV_7550&SUBSYS_E4891DA2&REV_C0\6&8916a45&0&00000009"
"11:12:57.8872020","Kernel-PnP","220","시작",,"Begin querying bus relations for device PCI\VEN_1002&DEV_7550&SUBSYS_E4891DA2&REV_C0\6&8916a45&0&00000009"
"11:12:57.8872107","Kernel-PnP","222","시작",,"End querying bus relations for device PCI\VEN_1002&DEV_7550&SUBSYS_E4891DA2&REV_C0\6&8916a45&0&00000009"
"11:12:57.8872278","Kernel-PnP","220","시작",,"Begin querying bus relations for device PCI\VEN_1002&DEV_7550&SUBSYS_E4891DA2&REV_C0\6&8916a45&0&00000009"
"11:12:57.8872369","Kernel-PnP","222","시작",,"End querying bus relations for device PCI\VEN_1002&DEV_7550&SUBSYS_E4891DA2&REV_C0\6&8916a45&0&00000009"
"11:12:57.8872522","Kernel-PnP","220","시작",,"Begin querying bus relations for device PCI\VEN_1002&DEV_7550&SUBSYS_E4891DA2&REV_C0\6&8916a45&0&00000009"
"11:12:57.8872605","Kernel-PnP","222","시작",,"End querying bus relations for device PCI\VEN_1002&DEV_7550&SUBSYS_E4891DA2&REV_C0\6&8916a45&0&00000009"
"11:12:57.8872759","Kernel-PnP","220","시작",,"Begin querying bus relations for device PCI\VEN_1002&DEV_7550&SUBSYS_E4891DA2&REV_C0\6&8916a45&0&00000009"
"11:12:57.8872842","Kernel-PnP","222","시작",,"End querying bus relations for device PCI\VEN_1002&DEV_7550&SUBSYS_E4891DA2&REV_C0\6&8916a45&0&00000009"
"11:12:57.8872985","Kernel-PnP","220","시작",,"Begin querying bus relations for device PCI\VEN_1002&DEV_7550&SUBSYS_E4891DA2&REV_C0\6&8916a45&0&00000009"
"11:12:57.8873069","Kernel-PnP","222","시작",,"End querying bus relations for device PCI\VEN_1002&DEV_7550&SUBSYS_E4891DA2&REV_C0\6&8916a45&0&00000009"
"11:12:57.9590276","DxgKrnl","10011","정보",,""
"11:12:57.9601272","DxgKrnl","10011","정보",,""
"11:12:57.9601346","DxgKrnl","10011","정보",,""
"11:12:57.9601710","DxgKrnl","10011","정보",,""
"11:12:58.0281775","DxgKrnl","10011","정보",,""
"11:12:58.0281823","DxgKrnl","10011","정보",,""
"11:12:58.0291320","Kernel-PnP","220","시작",,"Begin querying bus relations for device ROOT\BasicDisplay\0000"
"11:12:58.0291379","Kernel-PnP","222","시작",,"End querying bus relations for device ROOT\BasicDisplay\0000"
"11:12:58.0293101","Kernel-PnP","1010","시작",,"버스에 누락 된 것으로 보고 된 장치 DISPLAY\Default_Monitor\1&8713bca&0&UID0이 (가) 제거 되었습니다. 제거 된 장치 수 | 개수: 1"
"11:12:58.0381954","DxgKrnl","10011","정보",,""
"11:12:58.0414022","DxgKrnl","10011","정보",,""
"11:12:58.0414244","DxgKrnl","10011","정보",,""
"11:12:58.0414263","DxgKrnl","10011","정보",,""
"11:12:58.0414283","DxgKrnl","10011","정보",,""
"11:12:58.0414302","DxgKrnl","10011","정보",,""
"11:12:58.0414381","DxgKrnl","10011","정보",,""
"11:12:58.0431395","DxgKrnl","10011","정보",,""
"11:12:58.0431548","DxgKrnl","10011","정보",,""
"11:12:59.5759884","Kernel-PnP","220","시작",,"Begin querying bus relations for device PCI\VEN_1002&DEV_7550&SUBSYS_E4891DA2&REV_C0\6&8916a45&0&00000009"
"11:12:59.8443209","Kernel-PnP","222","시작",,"End querying bus relations for device PCI\VEN_1002&DEV_7550&SUBSYS_E4891DA2&REV_C0\6&8916a45&0&00000009"
"11:12:59.8443886","Kernel-PnP","220","시작",,"Begin querying bus relations for device SWD\DRIVERENUM\AMDCP&7&16b8ddb4&0"
"11:12:59.8443915","Kernel-PnP","222","시작",,"End querying bus relations for device SWD\DRIVERENUM\AMDCP&7&16b8ddb4&0"
"11:12:59.8443930","DxgKrnl","10011","정보",,""
"11:12:59.8444047","Kernel-PnP","220","시작",,"Begin querying bus relations for device SWD\DRIVERENUM\AMDFDANS&7&16b8ddb4&0"
"11:12:59.8444068","Kernel-PnP","222","시작",,"End querying bus relations for device SWD\DRIVERENUM\AMDFDANS&7&16b8ddb4&0"
"11:12:59.8444156","Kernel-PnP","220","시작",,"Begin querying bus relations for device SWD\DRIVERENUM\AMDOCL&7&16b8ddb4&0"
"11:12:59.8444167","Kernel-PnP","222","시작",,"End querying bus relations for device SWD\DRIVERENUM\AMDOCL&7&16b8ddb4&0"
"11:12:59.8444228","Kernel-PnP","220","시작",,"Begin querying bus relations for device SWD\DRIVERENUM\AMDOGL&7&16b8ddb4&0"
"11:12:59.8444237","Kernel-PnP","222","시작",,"End querying bus relations for device SWD\DRIVERENUM\AMDOGL&7&16b8ddb4&0"
"11:12:59.8444295","Kernel-PnP","220","시작",,"Begin querying bus relations for device SWD\DRIVERENUM\AMDVLK&7&16b8ddb4&0"
"11:12:59.8444304","Kernel-PnP","222","시작",,"End querying bus relations for device SWD\DRIVERENUM\AMDVLK&7&16b8ddb4&0"
"11:12:59.8444364","Kernel-PnP","220","시작",,"Begin querying bus relations for device SWD\DRIVERENUM\AMDWIN&7&16b8ddb4&0"
"11:12:59.8444373","Kernel-PnP","222","시작",,"End querying bus relations for device SWD\DRIVERENUM\AMDWIN&7&16b8ddb4&0"
"11:12:59.8541922","Kernel-PnP","808","시작",,"End device add, status (STATUS_SUCCESS)"
"11:12:59.8554953","Kernel-PnP","808","시작",,"End device add, status (STATUS_SUCCESS)"
"11:12:59.8559804","Kernel-PnP","220","시작",,"Begin querying bus relations for device DISPLAY\SAM7B0C\7&16b8ddb4&0&UID260"
"11:12:59.8559842","Kernel-PnP","222","시작",,"End querying bus relations for device DISPLAY\SAM7B0C\7&16b8ddb4&0&UID260"
"11:12:59.8561155","Kernel-PnP","220","시작",,"Begin querying bus relations for device DISPLAY\BBC0104\7&16b8ddb4&0&UID265"
"11:12:59.8561186","Kernel-PnP","222","시작",,"End querying bus relations for device DISPLAY\BBC0104\7&16b8ddb4&0&UID265"
"11:12:59.8564010","DxgKrnl","10011","정보",,""
"11:12:59.8572463","DxgKrnl","10011","정보",,""
"11:12:59.8614387","DxgKrnl","10011","정보",,""
"11:12:59.8614479","DxgKrnl","10011","정보",,""
"11:12:59.8614488","DxgKrnl","10011","정보",,""
"11:12:59.8614496","DxgKrnl","10011","정보",,""
"11:12:59.8614502","DxgKrnl","10011","정보",,""
"11:12:59.8614508","DxgKrnl","10011","정보",,""
"11:12:59.8614516","DxgKrnl","10011","정보",,""
"11:12:59.8614522","DxgKrnl","10011","정보",,""
"11:12:59.8614530","DxgKrnl","10011","정보",,""
"11:12:59.8614536","DxgKrnl","10011","정보",,""
"11:12:59.8614542","DxgKrnl","10011","정보",,""
"11:12:59.8614570","DxgKrnl","10011","정보",,""
"11:12:59.8719421","DxgKrnl","10011","정보",,""
"11:12:59.8719606","DxgKrnl","10011","정보",,""
"11:12:59.9003971","DxgKrnl","10011","정보",,""
"11:12:59.9004652","DxgKrnl","10011","정보",,""
"11:12:59.9004793","DxgKrnl","10011","정보",,""
"11:12:59.9004831","DxgKrnl","10011","정보",,""
"11:12:59.9004882","DxgKrnl","10011","정보",,""
"11:12:59.9009925","DxgKrnl","10011","정보",,""
"11:12:59.9010040","DxgKrnl","10011","정보",,""
"11:12:59.9421935","DxgKrnl","10011","정보",,""
"11:12:59.9422463","DxgKrnl","10011","정보",,""
"11:12:59.9423184","DxgKrnl","10011","정보",,""
"11:12:59.9431090","DxgKrnl","10011","정보",,""
"11:12:59.9431471","DxgKrnl","10011","정보",,""
"11:12:59.9434290","DxgKrnl","10011","정보",,""
"11:12:59.9434664","DxgKrnl","10011","정보",,""
"11:12:59.9434682","DxgKrnl","10011","정보",,""
"11:12:59.9435010","DxgKrnl","10011","정보",,""
"11:13:00.0179112","DxgKrnl","10011","정보",,""
"11:13:00.0179730","DxgKrnl","10011","정보",,""
"11:13:00.0238776","DxgKrnl","10011","정보",,""
"11:13:00.0239317","DxgKrnl","10011","정보",,""
"11:13:00.0264040","DxgKrnl","10011","정보",,""
"11:13:00.0270426","DxgKrnl","10011","정보",,""
"11:13:00.1054140","DxgKrnl","10011","정보",,""
"11:13:00.1055185","DxgKrnl","10011","정보",,""
"11:13:00.1055206","DxgKrnl","10011","정보",,""
"11:13:00.1055701","DxgKrnl","10011","정보",,""
"11:13:00.1064584","DxgKrnl","10011","정보",,""
"11:13:00.1065285","DxgKrnl","10011","정보",,""
"11:13:00.1113362","DxgKrnl","10011","정보",,""
"11:13:00.1115090","DxgKrnl","10011","정보",,""
"11:13:00.1146680","DxgKrnl","10011","정보",,""
"11:13:00.1147382","DxgKrnl","10011","정보",,""
"11:13:00.4219902","DxgKrnl","10011","정보",,""
"11:13:00.4220813","DxgKrnl","10011","정보",,""
"11:13:00.4220834","DxgKrnl","10011","정보",,""
"11:13:00.4221350","DxgKrnl","10011","정보",,""
"11:13:00.7085069","DxgKrnl","10011","정보",,""
"11:13:00.7085514","DxgKrnl","10011","정보",,""
"11:13:00.7087073","DxgKrnl","10011","정보",,""
"11:13:00.7119238","DxgKrnl","10011","정보",,""
"11:13:00.7125179","DxgKrnl","10011","정보",,""
"11:13:00.7125288","DxgKrnl","10011","정보",,""
"11:13:00.7125300","DxgKrnl","10011","정보",,""
"11:13:00.7126928","DxgKrnl","10011","정보",,""
"11:13:00.7127752","DxgKrnl","10011","정보",,""
"11:13:00.7139807","DxgKrnl","10011","정보",,""
"11:13:00.7140450","DxgKrnl","10011","정보",,""
"11:13:01.1522668","DxgKrnl","10011","정보",,""
"11:13:01.1529353","DxgKrnl","10011","정보",,""
"11:13:01.1635879","DxgKrnl","10011","정보",,""
"11:13:01.1636769","DxgKrnl","10011","정보",,""
"11:13:04.7735105","Kernel-PnP","220","시작",,"Begin querying bus relations for device HTREE\ROOT\0"
"11:13:04.7738003","Kernel-PnP","222","시작",,"End querying bus relations for device HTREE\ROOT\0"
"11:13:04.7738188","Kernel-PnP","220","시작",,"Begin querying bus relations for device ROOT\volmgr\0000"
"11:13:04.7738209","Kernel-PnP","222","시작",,"End querying bus relations for device ROOT\volmgr\0000"
"11:13:04.7738265","Kernel-PnP","220","시작",,"Begin querying bus relations for device STORAGE\Volume\{99e9578c-928f-11f1-8494-806e6f6e6963}#0000000000100000"
"11:13:04.7738297","Kernel-PnP","222","시작",,"End querying bus relations for device STORAGE\Volume\{99e9578c-928f-11f1-8494-806e6f6e6963}#0000000000100000"
"11:13:04.7738344","Kernel-PnP","220","시작",,"Begin querying bus relations for device STORAGE\Volume\{99e9578c-928f-11f1-8494-806e6f6e6963}#000000000C900000"
"11:13:04.7738362","Kernel-PnP","222","시작",,"End querying bus relations for device STORAGE\Volume\{99e9578c-928f-11f1-8494-806e6f6e6963}#000000000C900000"
"11:13:04.7738426","Kernel-PnP","220","시작",,"Begin querying bus relations for device STORAGE\Volume\{99e9578c-928f-11f1-8494-806e6f6e6963}#000000000D900000"
"11:13:04.7738454","Kernel-PnP","222","시작",,"End querying bus relations for device STORAGE\Volume\{99e9578c-928f-11f1-8494-806e6f6e6963}#000000000D900000"
"11:13:04.7738534","Kernel-PnP","220","시작",,"Begin querying bus relations for device STORAGE\VolumeSnapshot\HarddiskVolumeSnapshot1"
"11:13:04.7738544","Kernel-PnP","222","시작",,"End querying bus relations for device STORAGE\VolumeSnapshot\HarddiskVolumeSnapshot1"
"11:13:04.7738610","Kernel-PnP","220","시작",,"Begin querying bus relations for device STORAGE\VolumeSnapshot\HarddiskVolumeSnapshot2"
"11:13:04.7738617","Kernel-PnP","222","시작",,"End querying bus relations for device STORAGE\VolumeSnapshot\HarddiskVolumeSnapshot2"
"11:13:04.7738658","Kernel-PnP","220","시작",,"Begin querying bus relations for device STORAGE\VolumeSnapshot\HarddiskVolumeSnapshot3"
"11:13:04.7738665","Kernel-PnP","222","시작",,"End querying bus relations for device STORAGE\VolumeSnapshot\HarddiskVolumeSnapshot3"
"11:13:04.7738709","Kernel-PnP","220","시작",,"Begin querying bus relations for device STORAGE\VolumeSnapshot\HarddiskVolumeSnapshot4"
"11:13:04.7738717","Kernel-PnP","222","시작",,"End querying bus relations for device STORAGE\VolumeSnapshot\HarddiskVolumeSnapshot4"
"11:13:04.7738758","Kernel-PnP","220","시작",,"Begin querying bus relations for device STORAGE\VolumeSnapshot\HarddiskVolumeSnapshot5"
"11:13:04.7738766","Kernel-PnP","222","시작",,"End querying bus relations for device STORAGE\VolumeSnapshot\HarddiskVolumeSnapshot5"
"11:13:04.7738806","Kernel-PnP","220","시작",,"Begin querying bus relations for device STORAGE\VolumeSnapshot\HarddiskVolumeSnapshot6"
"11:13:04.7738814","Kernel-PnP","222","시작",,"End querying bus relations for device STORAGE\VolumeSnapshot\HarddiskVolumeSnapshot6"
"11:13:04.7738856","Kernel-PnP","220","시작",,"Begin querying bus relations for device STORAGE\VolumeSnapshot\HarddiskVolumeSnapshot7"
"11:13:04.7738863","Kernel-PnP","222","시작",,"End querying bus relations for device STORAGE\VolumeSnapshot\HarddiskVolumeSnapshot7"
"11:13:04.7738905","Kernel-PnP","220","시작",,"Begin querying bus relations for device STORAGE\VolumeSnapshot\HarddiskVolumeSnapshot8"
"11:13:04.7738913","Kernel-PnP","222","시작",,"End querying bus relations for device STORAGE\VolumeSnapshot\HarddiskVolumeSnapshot8"
"11:13:04.7738952","Kernel-PnP","220","시작",,"Begin querying bus relations for device STORAGE\VolumeSnapshot\HarddiskVolumeSnapshot9"
"11:13:04.7738958","Kernel-PnP","222","시작",,"End querying bus relations for device STORAGE\VolumeSnapshot\HarddiskVolumeSnapshot9"
"11:13:04.7738996","Kernel-PnP","220","시작",,"Begin querying bus relations for device STORAGE\VolumeSnapshot\HarddiskVolumeSnapshot10"
"11:13:04.7739004","Kernel-PnP","222","시작",,"End querying bus relations for device STORAGE\VolumeSnapshot\HarddiskVolumeSnapshot10"
"11:13:04.7739045","Kernel-PnP","220","시작",,"Begin querying bus relations for device STORAGE\VolumeSnapshot\HarddiskVolumeSnapshot11"
"11:13:04.7739051","Kernel-PnP","222","시작",,"End querying bus relations for device STORAGE\VolumeSnapshot\HarddiskVolumeSnapshot11"
"11:13:04.7739096","Kernel-PnP","220","시작",,"Begin querying bus relations for device STORAGE\VolumeSnapshot\HarddiskVolumeSnapshot12"
"11:13:04.7739102","Kernel-PnP","222","시작",,"End querying bus relations for device STORAGE\VolumeSnapshot\HarddiskVolumeSnapshot12"
"11:13:04.7739146","Kernel-PnP","220","시작",,"Begin querying bus relations for device STORAGE\Volume\{99e9578c-928f-11f1-8494-806e6f6e6963}#000001D18A300000"
"11:13:04.7739161","Kernel-PnP","222","시작",,"End querying bus relations for device STORAGE\Volume\{99e9578c-928f-11f1-8494-806e6f6e6963}#000001D18A300000"
"11:13:04.7739205","Kernel-PnP","220","시작",,"Begin querying bus relations for device ROOT\PAWNIO\0000"
"11:13:04.7739213","Kernel-PnP","222","시작",,"End querying bus relations for device ROOT\PAWNIO\0000"
"11:13:04.7739249","Kernel-PnP","220","시작",,"Begin querying bus relations for device ROOT\VMBus\0000"
"11:13:04.7739297","Kernel-PnP","222","시작",,"End querying bus relations for device ROOT\VMBus\0000"
"11:13:04.7739354","Kernel-PnP","220","시작",,"Begin querying bus relations for device ROOT\BasicDisplay\0000"
"11:13:04.7739438","Kernel-PnP","222","시작",,"End querying bus relations for device ROOT\BasicDisplay\0000"
"11:13:04.7739482","Kernel-PnP","220","시작",,"Begin querying bus relations for device ROOT\AMDXE\0000"
"11:13:04.7739508","Kernel-PnP","222","시작",,"End querying bus relations for device ROOT\AMDXE\0000"
"11:13:04.7739549","Kernel-PnP","220","시작",,"Begin querying bus relations for device ROOT\hvservice\0000"
"11:13:04.7739561","Kernel-PnP","222","시작",,"End querying bus relations for device ROOT\hvservice\0000"
"11:13:04.7739602","Kernel-PnP","220","시작",,"Begin querying bus relations for device ROOT\VID\0000"
"11:13:04.7739624","Kernel-PnP","222","시작",,"End querying bus relations for device ROOT\VID\0000"
"11:13:04.7739665","Kernel-PnP","220","시작",,"Begin querying bus relations for device ROOT\CompositeBus\0000"
"11:13:04.7739685","Kernel-PnP","222","시작",,"End querying bus relations for device ROOT\CompositeBus\0000"
"11:13:04.7739726","Kernel-PnP","220","시작",,"Begin querying bus relations for device ROOT\vdrvroot\0000"
"11:13:04.7739746","Kernel-PnP","222","시작",,"End querying bus relations for device ROOT\vdrvroot\0000"
"11:13:04.7739785","Kernel-PnP","220","시작",,"Begin querying bus relations for device ROOT\spaceport\0000"
"11:13:04.7739805","Kernel-PnP","222","시작",,"End querying bus relations for device ROOT\spaceport\0000"
"11:13:04.7739846","Kernel-PnP","220","시작",,"Begin querying bus relations for device ROOT\KDNIC\0000"
"11:13:04.7739859","Kernel-PnP","222","시작",,"End querying bus relations for device ROOT\KDNIC\0000"
"11:13:04.7739901","Kernel-PnP","220","시작",,"Begin querying bus relations for device ROOT\AMDSAFD&FUN_01&REV_01\0000"
"11:13:04.7740420","Kernel-PnP","222","시작",,"End querying bus relations for device ROOT\AMDSAFD&FUN_01&REV_01\0000"
"11:13:04.7740491","Kernel-PnP","220","시작",,"Begin querying bus relations for device ROOT\UMBUS\0000"
"11:13:04.7740515","Kernel-PnP","222","시작",,"End querying bus relations for device ROOT\UMBUS\0000"
"11:13:04.7740579","Kernel-PnP","220","시작",,"Begin querying bus relations for device ROOT\ACPI_HAL\0000"
"11:13:04.7740596","Kernel-PnP","222","시작",,"End querying bus relations for device ROOT\ACPI_HAL\0000"
"11:13:04.7740641","Kernel-PnP","220","시작",,"Begin querying bus relations for device ACPI_HAL\PNP0C08\0"
"11:13:04.7747952","Kernel-PnP","222","시작",,"End querying bus relations for device ACPI_HAL\PNP0C08\0"
"11:13:04.7748040","Kernel-PnP","220","시작",,"Begin querying bus relations for device ACPI\PNP0A08\0"
"11:13:04.7797732","Kernel-PnP","222","시작",,"End querying bus relations for device ACPI\PNP0A08\0"
"11:13:04.7797820","Kernel-PnP","220","시작",,"Begin querying bus relations for device PCI\VEN_1022&DEV_14D8&SUBSYS_14D81022&REV_00\3&11583659&0&00"
"11:13:04.7797919","Kernel-PnP","222","시작",,"End querying bus relations for device PCI\VEN_1022&DEV_14D8&SUBSYS_14D81022&REV_00\3&11583659&0&00"
"11:13:04.7798220","Kernel-PnP","220","시작",,"Begin querying bus relations for device PCI\VEN_1022&DEV_14DA&SUBSYS_00000000&REV_00\3&11583659&0&08"
"11:13:04.7798282","Kernel-PnP","222","시작",,"End querying bus relations for device PCI\VEN_1022&DEV_14DA&SUBSYS_00000000&REV_00\3&11583659&0&08"
"11:13:04.7798343","Kernel-PnP","220","시작",,"Begin querying bus relations for device PCI\VEN_1022&DEV_14DB&SUBSYS_14531022&REV_00\3&11583659&0&09"
"11:13:04.7799491","Kernel-PnP","222","시작",,"End querying bus relations for device PCI\VEN_1022&DEV_14DB&SUBSYS_14531022&REV_00\3&11583659&0&09"
"11:13:04.7799548","Kernel-PnP","220","시작",,"Begin querying bus relations for device PCI\VEN_1002&DEV_1478&SUBSYS_14781DA2&REV_24\4&d0bdf66&0&0009"
"11:13:04.7800017","Kernel-PnP","222","시작",,"End querying bus relations for device PCI\VEN_1002&DEV_1478&SUBSYS_14781DA2&REV_24\4&d0bdf66&0&0009"
"11:13:04.7800077","Kernel-PnP","220","시작",,"Begin querying bus relations for device PCI\VEN_1002&DEV_1479&SUBSYS_14791002&REV_24\5&306737b5&0&000009"
"11:13:04.7800887","Kernel-PnP","222","시작",,"End querying bus relations for device PCI\VEN_1002&DEV_1479&SUBSYS_14791002&REV_24\5&306737b5&0&000009"
"11:13:04.7800947","Kernel-PnP","220","시작",,"Begin querying bus relations for device PCI\VEN_1002&DEV_7550&SUBSYS_E4891DA2&REV_C0\6&8916a45&0&00000009"
"11:13:04.7846013","Kernel-PnP","222","시작",,"End querying bus relations for device PCI\VEN_1002&DEV_7550&SUBSYS_E4891DA2&REV_C0\6&8916a45&0&00000009"
"11:13:04.7846503","Kernel-PnP","220","시작",,"Begin querying bus relations for device SWD\DRIVERENUM\AMDCP&7&16b8ddb4&0"
"11:13:04.7846514","Kernel-PnP","222","시작",,"End querying bus relations for device SWD\DRIVERENUM\AMDCP&7&16b8ddb4&0"
"11:13:04.7846565","Kernel-PnP","220","시작",,"Begin querying bus relations for device SWD\DRIVERENUM\AMDFDANS&7&16b8ddb4&0"
"11:13:04.7846571","Kernel-PnP","222","시작",,"End querying bus relations for device SWD\DRIVERENUM\AMDFDANS&7&16b8ddb4&0"
"11:13:04.7846610","Kernel-PnP","220","시작",,"Begin querying bus relations for device SWD\DRIVERENUM\AMDOCL&7&16b8ddb4&0"
"11:13:04.7846617","Kernel-PnP","222","시작",,"End querying bus relations for device SWD\DRIVERENUM\AMDOCL&7&16b8ddb4&0"
"11:13:04.7846657","Kernel-PnP","220","시작",,"Begin querying bus relations for device SWD\DRIVERENUM\AMDOGL&7&16b8ddb4&0"
"11:13:04.7846664","Kernel-PnP","222","시작",,"End querying bus relations for device SWD\DRIVERENUM\AMDOGL&7&16b8ddb4&0"
"11:13:04.7846703","Kernel-PnP","220","시작",,"Begin querying bus relations for device SWD\DRIVERENUM\AMDVLK&7&16b8ddb4&0"
"11:13:04.7846709","Kernel-PnP","222","시작",,"End querying bus relations for device SWD\DRIVERENUM\AMDVLK&7&16b8ddb4&0"
"11:13:04.7846749","Kernel-PnP","220","시작",,"Begin querying bus relations for device SWD\DRIVERENUM\AMDWIN&7&16b8ddb4&0"
"11:13:04.7846754","Kernel-PnP","222","시작",,"End querying bus relations for device SWD\DRIVERENUM\AMDWIN&7&16b8ddb4&0"
"11:13:04.7846794","Kernel-PnP","220","시작",,"Begin querying bus relations for device DISPLAY\SAM7B0C\7&16b8ddb4&0&UID260"
"11:13:04.7846840","Kernel-PnP","222","시작",,"End querying bus relations for device DISPLAY\SAM7B0C\7&16b8ddb4&0&UID260"
"11:13:04.7846881","Kernel-PnP","220","시작",,"Begin querying bus relations for device DISPLAY\BBC0104\7&16b8ddb4&0&UID265"
"11:13:04.7846906","Kernel-PnP","222","시작",,"End querying bus relations for device DISPLAY\BBC0104\7&16b8ddb4&0&UID265"
"11:13:04.7846948","Kernel-PnP","220","시작",,"Begin querying bus relations for device PCI\VEN_1002&DEV_AB40&SUBSYS_AB401002&REV_00\6&8916a45&0&01000009"
"11:13:04.7847052","Kernel-PnP","222","시작",,"End querying bus relations for device PCI\VEN_1002&DEV_AB40&SUBSYS_AB401002&REV_00\6&8916a45&0&01000009"
"11:13:04.7847101","Kernel-PnP","220","시작",,"Begin querying bus relations for device PCI\VEN_1022&DEV_14DB&SUBSYS_14531022&REV_00\3&11583659&0&0A"
"11:13:04.7848281","Kernel-PnP","222","시작",,"End querying bus relations for device PCI\VEN_1022&DEV_14DB&SUBSYS_14531022&REV_00\3&11583659&0&0A"
"11:13:04.7848341","Kernel-PnP","220","시작",,"Begin querying bus relations for device PCI\VEN_15B7&DEV_5030&SUBSYS_503015B7&REV_01\4&218bd16b&0&000A"
"11:13:04.7870967","Kernel-PnP","222","시작",,"End querying bus relations for device PCI\VEN_15B7&DEV_5030&SUBSYS_503015B7&REV_01\4&218bd16b&0&000A"
"11:13:04.7871121","Kernel-PnP","220","시작",,"Begin querying bus relations for device SCSI\Disk&Ven_NVMe&Prod_WD_BLACK_SN850X\5&1bd8e&0&000000"
"11:13:04.7871630","Kernel-PnP","222","시작",,"End querying bus relations for device SCSI\Disk&Ven_NVMe&Prod_WD_BLACK_SN850X\5&1bd8e&0&000000"
"11:13:04.7871806","Kernel-PnP","220","시작",,"Begin querying bus relations for device PCI\VEN_1022&DEV_14DA&SUBSYS_00000000&REV_00\3&11583659&0&10"
"11:13:04.7871943","Kernel-PnP","222","시작",,"End querying bus relations for device PCI\VEN_1022&DEV_14DA&SUBSYS_00000000&REV_00\3&11583659&0&10"
"11:13:04.7872027","Kernel-PnP","220","시작",,"Begin querying bus relations for device PCI\VEN_1022&DEV_14DB&SUBSYS_14531022&REV_00\3&11583659&0&11"
"11:13:04.7875241","Kernel-PnP","222","시작",,"End querying bus relations for device PCI\VEN_1022&DEV_14DB&SUBSYS_14531022&REV_00\3&11583659&0&11"
"11:13:04.7875318","Kernel-PnP","220","시작",,"Begin querying bus relations for device PCI\VEN_1022&DEV_43F4&SUBSYS_33281B21&REV_01\4&2c14e217&0&0011"
"11:13:04.7892633","Kernel-PnP","222","시작",,"End querying bus relations for device PCI\VEN_1022&DEV_43F4&SUBSYS_33281B21&REV_01\4&2c14e217&0&0011"
"11:13:04.7892784","Kernel-PnP","220","시작",,"Begin querying bus relations for device PCI\VEN_1022&DEV_43F5&SUBSYS_33281B21&REV_01\5&2b8b9e2f&0&000011"
"11:13:04.7893326","Kernel-PnP","222","시작",,"End querying bus relations for device PCI\VEN_1022&DEV_43F5&SUBSYS_33281B21&REV_01\5&2b8b9e2f&0&000011"
"11:13:04.7893451","Kernel-PnP","220","시작",,"Begin querying bus relations for device PCI\VEN_1022&DEV_43F5&SUBSYS_33281B21&REV_01\5&2b8b9e2f&0&080011"
"11:13:04.7894002","Kernel-PnP","222","시작",,"End querying bus relations for device PCI\VEN_1022&DEV_43F5&SUBSYS_33281B21&REV_01\5&2b8b9e2f&0&080011"
"11:13:04.7894071","Kernel-PnP","220","시작",,"Begin querying bus relations for device PCI\VEN_1022&DEV_43F5&SUBSYS_33281B21&REV_01\5&2b8b9e2f&0&100011"
"11:13:04.7896632","Kernel-PnP","222","시작",,"End querying bus relations for device PCI\VEN_1022&DEV_43F5&SUBSYS_33281B21&REV_01\5&2b8b9e2f&0&100011"
"11:13:04.7896702","Kernel-PnP","220","시작",,"Begin querying bus relations for device PCI\VEN_10EC&DEV_8922&SUBSYS_892210EC&REV_01\00E04CFFFE89220100"
"11:13:04.7896795","Kernel-PnP","222","시작",,"End querying bus relations for device PCI\VEN_10EC&DEV_8922&SUBSYS_892210EC&REV_01\00E04CFFFE89220100"
"11:13:04.7896854","Kernel-PnP","220","시작",,"Begin querying bus relations for device PCI\VEN_1022&DEV_43F5&SUBSYS_33281B21&REV_01\5&2b8b9e2f&0&180011"
"11:13:04.7899051","Kernel-PnP","222","시작",,"End querying bus relations for device PCI\VEN_1022&DEV_43F5&SUBSYS_33281B21&REV_01\5&2b8b9e2f&0&180011"
"11:13:04.7899115","Kernel-PnP","220","시작",,"Begin querying bus relations for device PCI\VEN_10EC&DEV_8125&SUBSYS_E0001458&REV_0C\01000000684CE00000"
"11:13:04.7899194","Kernel-PnP","222","시작",,"End querying bus relations for device PCI\VEN_10EC&DEV_8125&SUBSYS_E0001458&REV_0C\01000000684CE00000"
"11:13:04.7899251","Kernel-PnP","220","시작",,"Begin querying bus relations for device PCI\VEN_1022&DEV_43F5&SUBSYS_33281B21&REV_01\5&2b8b9e2f&0&200011"
"11:13:04.7899910","Kernel-PnP","222","시작",,"End querying bus relations for device PCI\VEN_1022&DEV_43F5&SUBSYS_33281B21&REV_01\5&2b8b9e2f&0&200011"
"11:13:04.7900125","Kernel-PnP","220","시작",,"Begin querying bus relations for device PCI\VEN_1022&DEV_43F5&SUBSYS_33281B21&REV_01\5&2b8b9e2f&0&280011"
"11:13:04.7900596","Kernel-PnP","222","시작",,"End querying bus relations for device PCI\VEN_1022&DEV_43F5&SUBSYS_33281B21&REV_01\5&2b8b9e2f&0&280011"
"11:13:04.7900657","Kernel-PnP","220","시작",,"Begin querying bus relations for device PCI\VEN_1022&DEV_43F5&SUBSYS_33281B21&REV_01\5&2b8b9e2f&0&300011"
"11:13:04.7901196","Kernel-PnP","222","시작",,"End querying bus relations for device PCI\VEN_1022&DEV_43F5&SUBSYS_33281B21&REV_01\5&2b8b9e2f&0&300011"
"11:13:04.7901311","Kernel-PnP","220","시작",,"Begin querying bus relations for device PCI\VEN_1022&DEV_43F5&SUBSYS_33281B21&REV_01\5&2b8b9e2f&0&380011"
"11:13:04.7901834","Kernel-PnP","222","시작",,"End querying bus relations for device PCI\VEN_1022&DEV_43F5&SUBSYS_33281B21&REV_01\5&2b8b9e2f&0&380011"
"11:13:04.7901897","Kernel-PnP","220","시작",,"Begin querying bus relations for device PCI\VEN_1022&DEV_43F5&SUBSYS_33281B21&REV_01\5&2b8b9e2f&0&400011"
"11:13:04.7902277","Kernel-PnP","222","시작",,"End querying bus relations for device PCI\VEN_1022&DEV_43F5&SUBSYS_33281B21&REV_01\5&2b8b9e2f&0&400011"
"11:13:04.7902335","Kernel-PnP","220","시작",,"Begin querying bus relations for device PCI\VEN_1022&DEV_43F5&SUBSYS_33281B21&REV_01\5&2b8b9e2f&0&600011"
"11:13:04.7904749","Kernel-PnP","222","시작",,"End querying bus relations for device PCI\VEN_1022&DEV_43F5&SUBSYS_33281B21&REV_01\5&2b8b9e2f&0&600011"
"11:13:04.7904815","Kernel-PnP","220","시작",,"Begin querying bus relations for device PCI\VEN_1022&DEV_43FC&SUBSYS_11421B21&REV_01\6&2766d23f&0&00600011"
"11:13:04.7904920","Kernel-PnP","222","시작",,"End querying bus relations for device PCI\VEN_1022&DEV_43FC&SUBSYS_11421B21&REV_01\6&2766d23f&0&00600011"
"11:13:04.7904980","Kernel-PnP","220","시작",,"Begin querying bus relations for device USB\ROOT_HUB30\7&360c8ead&0&0"
"11:13:04.8012604","Kernel-PnP","222","시작",,"End querying bus relations for device USB\ROOT_HUB30\7&360c8ead&0&0"
"11:13:04.8012717","Kernel-PnP","220","시작",,"Begin querying bus relations for device USB\VID_0BDA&PID_0411\8&6c00884&0&4"
"11:13:04.8012837","Kernel-PnP","222","시작",,"End querying bus relations for device USB\VID_0BDA&PID_0411\8&6c00884&0&4"
"11:13:04.8012895","Kernel-PnP","220","시작",,"Begin querying bus relations for device USB\VID_0BDA&PID_5411\8&6c00884&0&9"
"11:13:04.8012974","Kernel-PnP","222","시작",,"End querying bus relations for device USB\VID_0BDA&PID_5411\8&6c00884&0&9"
"11:13:04.8013034","Kernel-PnP","220","시작",,"Begin querying bus relations for device USB\VID_0D8C&PID_0014\9&f4fb98d&0&1"
"11:13:04.8013059","Kernel-PnP","222","시작",,"End querying bus relations for device USB\VID_0D8C&PID_0014\9&f4fb98d&0&1"
"11:13:04.8013118","Kernel-PnP","220","시작",,"Begin querying bus relations for device USB\VID_0D8C&PID_0014&MI_00\a&2e5a41c3&0&0000"
"11:13:04.8013163","Kernel-PnP","222","시작",,"End querying bus relations for device USB\VID_0D8C&PID_0014&MI_00\a&2e5a41c3&0&0000"
"11:13:04.8013234","Kernel-PnP","220","시작",,"Begin querying bus relations for device SWD\MMDEVAPI\{0.0.1.00000000}.{166a3c95-c80e-4b0b-884e-259588dccdd4}"
"11:13:04.8013245","Kernel-PnP","222","시작",,"End querying bus relations for device SWD\MMDEVAPI\{0.0.1.00000000}.{166a3c95-c80e-4b0b-884e-259588dccdd4}"
"11:13:04.8013291","Kernel-PnP","220","시작",,"Begin querying bus relations for device USB\VID_0D8C&PID_0014&MI_03\a&2e5a41c3&0&0003"
"11:13:04.8013327","Kernel-PnP","222","시작",,"End querying bus relations for device USB\VID_0D8C&PID_0014&MI_03\a&2e5a41c3&0&0003"
"11:13:04.8013386","Kernel-PnP","220","시작",,"Begin querying bus relations for device HID\VID_0D8C&PID_0014&MI_03\b&47075c4&0&0000"
"11:13:04.8013397","Kernel-PnP","222","시작",,"End querying bus relations for device HID\VID_0D8C&PID_0014&MI_03\b&47075c4&0&0000"
"11:13:04.8013443","Kernel-PnP","220","시작",,"Begin querying bus relations for device USB\VID_2F68&PID_0042\9&f4fb98d&0&3"
"11:13:04.8013460","Kernel-PnP","222","시작",,"End querying bus relations for device USB\VID_2F68&PID_0042\9&f4fb98d&0&3"
"11:13:04.8013519","Kernel-PnP","220","시작",,"Begin querying bus relations for device USB\VID_2F68&PID_0042&MI_00\a&3895799&0&0000"
"11:13:04.8013544","Kernel-PnP","222","시작",,"End querying bus relations for device USB\VID_2F68&PID_0042&MI_00\a&3895799&0&0000"
"11:13:04.8013596","Kernel-PnP","220","시작",,"Begin querying bus relations for device HID\VID_2F68&PID_0042&MI_00\b&692e7a3&0&0000"
"11:13:04.8013619","Kernel-PnP","222","시작",,"End querying bus relations for device HID\VID_2F68&PID_0042&MI_00\b&692e7a3&0&0000"
"11:13:04.8013673","Kernel-PnP","220","시작",,"Begin querying bus relations for device USB\VID_2F68&PID_0042&MI_01\a&3895799&0&0001"
"11:13:04.8013698","Kernel-PnP","222","시작",,"End querying bus relations for device USB\VID_2F68&PID_0042&MI_01\a&3895799&0&0001"
"11:13:04.8013743","Kernel-PnP","220","시작",,"Begin querying bus relations for device HID\VID_2F68&PID_0042&MI_01&Col01\b&19c303e1&0&0000"
"11:13:04.8013752","Kernel-PnP","222","시작",,"End querying bus relations for device HID\VID_2F68&PID_0042&MI_01&Col01\b&19c303e1&0&0000"
"11:13:04.8013799","Kernel-PnP","220","시작",,"Begin querying bus relations for device HID\VID_2F68&PID_0042&MI_01&Col02\b&19c303e1&0&0001"
"11:13:04.8013807","Kernel-PnP","222","시작",,"End querying bus relations for device HID\VID_2F68&PID_0042&MI_01&Col02\b&19c303e1&0&0001"
"11:13:04.8013855","Kernel-PnP","220","시작",,"Begin querying bus relations for device HID\VID_2F68&PID_0042&MI_01&Col03\b&19c303e1&0&0002"
"11:13:04.8013867","Kernel-PnP","222","시작",,"End querying bus relations for device HID\VID_2F68&PID_0042&MI_01&Col03\b&19c303e1&0&0002"
"11:13:04.8014002","Kernel-PnP","220","시작",,"Begin querying bus relations for device HID\VID_2F68&PID_0042&MI_01&Col04\b&19c303e1&0&0003"
"11:13:04.8014023","Kernel-PnP","222","시작",,"End querying bus relations for device HID\VID_2F68&PID_0042&MI_01&Col04\b&19c303e1&0&0003"
"11:13:04.8014068","Kernel-PnP","220","시작",,"Begin querying bus relations for device USB\VID_2F68&PID_0042&MI_02\a&3895799&0&0002"
"11:13:04.8014466","Kernel-PnP","222","시작",,"End querying bus relations for device USB\VID_2F68&PID_0042&MI_02\a&3895799&0&0002"
"11:13:04.8014703","Kernel-PnP","220","시작",,"Begin querying bus relations for device HID\VID_2F68&PID_0042&MI_02\b&2cf3201f&0&0000"
"11:13:04.8014727","Kernel-PnP","222","시작",,"End querying bus relations for device HID\VID_2F68&PID_0042&MI_02\b&2cf3201f&0&0000"
"11:13:04.8014835","Kernel-PnP","220","시작",,"Begin querying bus relations for device USB\VID_3537&PID_0575\9&f4fb98d&0&4"
"11:13:04.8014893","Kernel-PnP","222","시작",,"End querying bus relations for device USB\VID_3537&PID_0575\9&f4fb98d&0&4"
"11:13:04.8014998","Kernel-PnP","220","시작",,"Begin querying bus relations for device HID\VID_3537&PID_0575&Col01\a&1ef90b6d&0&0000"
"11:13:04.8015018","Kernel-PnP","222","시작",,"End querying bus relations for device HID\VID_3537&PID_0575&Col01\a&1ef90b6d&0&0000"
"11:13:04.8015114","Kernel-PnP","220","시작",,"Begin querying bus relations for device HID\VID_3537&PID_0575&Col02\a&1ef90b6d&0&0001"
"11:13:04.8015143","Kernel-PnP","222","시작",,"End querying bus relations for device HID\VID_3537&PID_0575&Col02\a&1ef90b6d&0&0001"
"11:13:04.8015236","Kernel-PnP","220","시작",,"Begin querying bus relations for device HID\VID_3537&PID_0575&Col03\a&1ef90b6d&0&0002"
"11:13:04.8015260","Kernel-PnP","222","시작",,"End querying bus relations for device HID\VID_3537&PID_0575&Col03\a&1ef90b6d&0&0002"
"11:13:04.8015356","Kernel-PnP","220","시작",,"Begin querying bus relations for device USB\VID_0BDA&PID_8922\00E04C885A01"
"11:13:04.8015635","Kernel-PnP","222","시작",,"End querying bus relations for device USB\VID_0BDA&PID_8922\00E04C885A01"
"11:13:04.8015741","Kernel-PnP","220","시작",,"Begin querying bus relations for device RTK_BT\{5DBB7054-7951-4B40-B907-52F1E482C57F}&C&0BDA8922\9&6c45e63&0&00"
"11:13:04.8015793","Kernel-PnP","222","시작",,"End querying bus relations for device RTK_BT\{5DBB7054-7951-4B40-B907-52F1E482C57F}&C&0BDA8922\9&6c45e63&0&00"
"11:13:04.8015894","Kernel-PnP","220","시작",,"Begin querying bus relations for device {742787E2-EA40-4366-8FB4-DE98EE777D7C}\RTKFilter0\9&6c45e63&0&00"
"11:13:04.8015915","Kernel-PnP","222","시작",,"End querying bus relations for device {742787E2-EA40-4366-8FB4-DE98EE777D7C}\RTKFilter0\9&6c45e63&0&00"
"11:13:04.8016180","Kernel-PnP","220","시작",,"Begin querying bus relations for device USB\VID_048D&PID_5711\8&6c00884&0&12"
"11:13:04.8016311","Kernel-PnP","222","시작",,"End querying bus relations for device USB\VID_048D&PID_5711\8&6c00884&0&12"
"11:13:04.8016416","Kernel-PnP","220","시작",,"Begin querying bus relations for device USB\VID_048D&PID_5711&MI_00\9&9ec32a6&0&0000"
"11:13:04.8016459","Kernel-PnP","222","시작",,"End querying bus relations for device USB\VID_048D&PID_5711&MI_00\9&9ec32a6&0&0000"
"11:13:04.8016539","Kernel-PnP","220","시작",,"Begin querying bus relations for device HID\VID_048D&PID_5711&MI_00\a&1c89d933&0&0000"
"11:13:04.8016562","Kernel-PnP","222","시작",,"End querying bus relations for device HID\VID_048D&PID_5711&MI_00\a&1c89d933&0&0000"
"11:13:04.8016658","Kernel-PnP","220","시작",,"Begin querying bus relations for device USB\VID_048D&PID_5711&MI_01\9&9ec32a6&0&0001"
"11:13:04.8016697","Kernel-PnP","222","시작",,"End querying bus relations for device USB\VID_048D&PID_5711&MI_01\9&9ec32a6&0&0001"
"11:13:04.8016793","Kernel-PnP","220","시작",,"Begin querying bus relations for device HID\VID_048D&PID_5711&MI_01&Col01\a&2fb9f571&0&0000"
"11:13:04.8016812","Kernel-PnP","222","시작",,"End querying bus relations for device HID\VID_048D&PID_5711&MI_01&Col01\a&2fb9f571&0&0000"
"11:13:04.8016905","Kernel-PnP","220","시작",,"Begin querying bus relations for device HID\VID_048D&PID_5711&MI_01&Col02\a&2fb9f571&0&0001"
"11:13:04.8016925","Kernel-PnP","222","시작",,"End querying bus relations for device HID\VID_048D&PID_5711&MI_01&Col02\a&2fb9f571&0&0001"
"11:13:04.8017374","Kernel-PnP","220","시작",,"Begin querying bus relations for device USB\VID_1D6B&PID_0148\BYZL78DA410808533204"
"11:13:04.8017641","Kernel-PnP","222","시작",,"End querying bus relations for device USB\VID_1D6B&PID_0148\BYZL78DA410808533204"
"11:13:04.8017717","Kernel-PnP","220","시작",,"Begin querying bus relations for device HID\VID_1D6B&PID_0148\9&20459a42&0&0000"
"11:13:04.8017731","Kernel-PnP","222","시작",,"End querying bus relations for device HID\VID_1D6B&PID_0148\9&20459a42&0&0000"
"11:13:04.8017779","Kernel-PnP","220","시작",,"Begin querying bus relations for device USB\VID_0416&PID_8001\8&6c00884&0&17"
"11:13:04.8017849","Kernel-PnP","222","시작",,"End querying bus relations for device USB\VID_0416&PID_8001\8&6c00884&0&17"
"11:13:04.8017899","Kernel-PnP","220","시작",,"Begin querying bus relations for device HID\VID_0416&PID_8001\9&9c7d58d&0&0000"
"11:13:04.8017908","Kernel-PnP","222","시작",,"End querying bus relations for device HID\VID_0416&PID_8001\9&9c7d58d&0&0000"
"11:13:04.8017951","Kernel-PnP","220","시작",,"Begin querying bus relations for device PCI\VEN_1022&DEV_43F5&SUBSYS_33281B21&REV_01\5&2b8b9e2f&0&680011"
"11:13:04.8020186","Kernel-PnP","222","시작",,"End querying bus relations for device PCI\VEN_1022&DEV_43F5&SUBSYS_33281B21&REV_01\5&2b8b9e2f&0&680011"
"11:13:04.8020249","Kernel-PnP","220","시작",,"Begin querying bus relations for device PCI\VEN_1022&DEV_43F6&SUBSYS_10621B21&REV_01\6&3ae87e62&0&00680011"
"11:13:04.8020507","Kernel-PnP","222","시작",,"End querying bus relations for device PCI\VEN_1022&DEV_43F6&SUBSYS_10621B21&REV_01\6&3ae87e62&0&00680011"
"11:13:04.8020624","Kernel-PnP","220","시작",,"Begin querying bus relations for device PCI\VEN_1022&DEV_14DA&SUBSYS_00000000&REV_00\3&11583659&0&18"
"11:13:04.8020692","Kernel-PnP","222","시작",,"End querying bus relations for device PCI\VEN_1022&DEV_14DA&SUBSYS_00000000&REV_00\3&11583659&0&18"
"11:13:04.8020749","Kernel-PnP","220","시작",,"Begin querying bus relations for device PCI\VEN_1022&DEV_14DA&SUBSYS_00000000&REV_00\3&11583659&0&20"
"11:13:04.8020811","Kernel-PnP","222","시작",,"End querying bus relations for device PCI\VEN_1022&DEV_14DA&SUBSYS_00000000&REV_00\3&11583659&0&20"
"11:13:04.8020864","Kernel-PnP","220","시작",,"Begin querying bus relations for device PCI\VEN_1022&DEV_14DA&SUBSYS_00000000&REV_00\3&11583659&0&40"
"11:13:04.8020925","Kernel-PnP","222","시작",,"End querying bus relations for device PCI\VEN_1022&DEV_14DA&SUBSYS_00000000&REV_00\3&11583659&0&40"
"11:13:04.8020979","Kernel-PnP","220","시작",,"Begin querying bus relations for device PCI\VEN_1022&DEV_14DD&SUBSYS_14DD1022&REV_00\3&11583659&0&41"
"11:13:04.8023661","Kernel-PnP","222","시작",,"End querying bus relations for device PCI\VEN_1022&DEV_14DD&SUBSYS_14DD1022&REV_00\3&11583659&0&41"
"11:13:04.8023730","Kernel-PnP","220","시작",,"Begin querying bus relations for device PCI\VEN_1002&DEV_13C0&SUBSYS_D0001458&REV_C6\4&16012499&0&0041"
"11:13:04.8024921","Kernel-PnP","222","시작",,"End querying bus relations for device PCI\VEN_1002&DEV_13C0&SUBSYS_D0001458&REV_C6\4&16012499&0&0041"
"11:13:04.8025153","Kernel-PnP","220","시작",,"Begin querying bus relations for device SWD\DRIVERENUM\AMDFDANS&5&2b152539&0"
"11:13:04.8025164","Kernel-PnP","222","시작",,"End querying bus relations for device SWD\DRIVERENUM\AMDFDANS&5&2b152539&0"
"11:13:04.8025211","Kernel-PnP","220","시작",,"Begin querying bus relations for device SWD\DRIVERENUM\AMDOCL&5&2b152539&0"
"11:13:04.8025218","Kernel-PnP","222","시작",,"End querying bus relations for device SWD\DRIVERENUM\AMDOCL&5&2b152539&0"
"11:13:04.8025260","Kernel-PnP","220","시작",,"Begin querying bus relations for device SWD\DRIVERENUM\AMDWIN&5&2b152539&0"
"11:13:04.8025266","Kernel-PnP","222","시작",,"End querying bus relations for device SWD\DRIVERENUM\AMDWIN&5&2b152539&0"
"11:13:04.8025309","Kernel-PnP","220","시작",,"Begin querying bus relations for device PCI\VEN_1002&DEV_1640&SUBSYS_16401002&REV_00\4&16012499&0&0141"
"11:13:04.8357317","Kernel-PnP","222","시작",,"End querying bus relations for device PCI\VEN_1002&DEV_1640&SUBSYS_16401002&REV_00\4&16012499&0&0141"
"11:13:04.8357432","Kernel-PnP","220","시작",,"Begin querying bus relations for device HDAUDIO\FUNC_01&VEN_1002&DEV_AA01&SUBSYS_00AA0100&REV_1008\5&28a47e64&0&0001"
"11:13:04.8523841","Kernel-PnP","222","시작",,"End querying bus relations for device HDAUDIO\FUNC_01&VEN_1002&DEV_AA01&SUBSYS_00AA0100&REV_1008\5&28a47e64&0&0001"
"11:13:04.8523973","Kernel-PnP","220","시작",,"Begin querying bus relations for device PCI\VEN_1022&DEV_1649&SUBSYS_16491022&REV_00\4&16012499&0&0241"
"11:13:04.8820985","Kernel-PnP","222","시작",,"End querying bus relations for device PCI\VEN_1022&DEV_1649&SUBSYS_16491022&REV_00\4&16012499&0&0241"
"11:13:04.8821110","Kernel-PnP","220","시작",,"Begin querying bus relations for device PCI\VEN_1022&DEV_15B6&SUBSYS_50071458&REV_00\4&16012499&0&0341"
"11:13:04.8948431","Kernel-PnP","222","시작",,"End querying bus relations for device PCI\VEN_1022&DEV_15B6&SUBSYS_50071458&REV_00\4&16012499&0&0341"
"11:13:04.8948536","Kernel-PnP","220","시작",,"Begin querying bus relations for device USB\ROOT_HUB30\5&b188857&0&0"
"11:13:04.8949886","Kernel-PnP","222","시작",,"End querying bus relations for device USB\ROOT_HUB30\5&b188857&0&0"
"11:13:04.8949989","Kernel-PnP","220","시작",,"Begin querying bus relations for device PCI\VEN_1022&DEV_15B7&SUBSYS_50071458&REV_00\4&16012499&0&0441"
"11:13:04.9079418","Kernel-PnP","222","시작",,"End querying bus relations for device PCI\VEN_1022&DEV_15B7&SUBSYS_50071458&REV_00\4&16012499&0&0441"
"11:13:04.9079531","Kernel-PnP","220","시작",,"Begin querying bus relations for device USB\ROOT_HUB30\5&18297c0c&0&0"
"11:13:04.9080805","Kernel-PnP","222","시작",,"End querying bus relations for device USB\ROOT_HUB30\5&18297c0c&0&0"
"11:13:04.9080871","Kernel-PnP","220","시작",,"Begin querying bus relations for device PCI\VEN_1022&DEV_15E3&SUBSYS_A0C31458&REV_00\4&16012499&0&0641"
"11:13:04.9080956","Kernel-PnP","222","시작",,"End querying bus relations for device PCI\VEN_1022&DEV_15E3&SUBSYS_A0C31458&REV_00\4&16012499&0&0641"
"11:13:04.9081017","Kernel-PnP","220","시작",,"Begin querying bus relations for device HDAUDIO\FUNC_01&VEN_10EC&DEV_1220&SUBSYS_1458A0C3&REV_1001\5&32442090&0&0001"
"11:13:04.9081104","Kernel-PnP","222","시작",,"End querying bus relations for device HDAUDIO\FUNC_01&VEN_10EC&DEV_1220&SUBSYS_1458A0C3&REV_1001\5&32442090&0&0001"
"11:13:04.9081263","Kernel-PnP","220","시작",,"Begin querying bus relations for device SWD\DRIVERENUM\{c3a63edd-2d27-4b66-b155-5e94b43d926a}#RealtekAPO&6&2b941894&0"
"11:13:04.9081274","Kernel-PnP","222","시작",,"End querying bus relations for device SWD\DRIVERENUM\{c3a63edd-2d27-4b66-b155-5e94b43d926a}#RealtekAPO&6&2b941894&0"
"11:13:04.9081326","Kernel-PnP","220","시작",,"Begin querying bus relations for device SWD\DRIVERENUM\{c3a63edd-2d27-4b66-b155-5e94b43d926a}#RealtekASIO&6&2b941894&0"
"11:13:04.9081332","Kernel-PnP","222","시작",,"End querying bus relations for device SWD\DRIVERENUM\{c3a63edd-2d27-4b66-b155-5e94b43d926a}#RealtekASIO&6&2b941894&0"
"11:13:04.9081383","Kernel-PnP","220","시작",,"Begin querying bus relations for device SWD\DRIVERENUM\{c3a63edd-2d27-4b66-b155-5e94b43d926a}#RealtekHSA&6&2b941894&0"
"11:13:04.9081388","Kernel-PnP","222","시작",,"End querying bus relations for device SWD\DRIVERENUM\{c3a63edd-2d27-4b66-b155-5e94b43d926a}#RealtekHSA&6&2b941894&0"
"11:13:04.9081424","Kernel-PnP","220","시작",,"Begin querying bus relations for device SWD\DRIVERENUM\{c3a63edd-2d27-4b66-b155-5e94b43d926a}#RealtekSRV&6&2b941894&0"
"11:13:04.9081431","Kernel-PnP","222","시작",,"End querying bus relations for device SWD\DRIVERENUM\{c3a63edd-2d27-4b66-b155-5e94b43d926a}#RealtekSRV&6&2b941894&0"
"11:13:04.9081496","Kernel-PnP","220","시작",,"Begin querying bus relations for device SWD\MMDEVAPI\{0.0.0.00000000}.{261c1393-3b50-4724-b8eb-f908e61492b3}"
"11:13:04.9081503","Kernel-PnP","222","시작",,"End querying bus relations for device SWD\MMDEVAPI\{0.0.0.00000000}.{261c1393-3b50-4724-b8eb-f908e61492b3}"
"11:13:04.9081547","Kernel-PnP","220","시작",,"Begin querying bus relations for device SWD\MMDEVAPI\{0.0.0.00000000}.{745338cb-4004-4003-ac14-505217d00453}"
"11:13:04.9081552","Kernel-PnP","222","시작",,"End querying bus relations for device SWD\MMDEVAPI\{0.0.0.00000000}.{745338cb-4004-4003-ac14-505217d00453}"
"11:13:04.9081591","Kernel-PnP","220","시작",,"Begin querying bus relations for device PCI\VEN_1022&DEV_14DD&SUBSYS_14DD1022&REV_00\3&11583659&0&43"
"11:13:04.9082238","Kernel-PnP","222","시작",,"End querying bus relations for device PCI\VEN_1022&DEV_14DD&SUBSYS_14DD1022&REV_00\3&11583659&0&43"
"11:13:04.9082300","Kernel-PnP","220","시작",,"Begin querying bus relations for device PCI\VEN_1022&DEV_15B8&SUBSYS_50071458&REV_00\4&2c288d56&0&0043"
"11:13:04.9082396","Kernel-PnP","222","시작",,"End querying bus relations for device PCI\VEN_1022&DEV_15B8&SUBSYS_50071458&REV_00\4&2c288d56&0&0043"
"11:13:04.9082451","Kernel-PnP","220","시작",,"Begin querying bus relations for device USB\ROOT_HUB30\5&2de1419a&0&0"
"11:13:04.9082553","Kernel-PnP","222","시작",,"End querying bus relations for device USB\ROOT_HUB30\5&2de1419a&0&0"
"11:13:04.9082598","Kernel-PnP","220","시작",,"Begin querying bus relations for device USB\VID_05E3&PID_0608\6&26c36cb0&0&1"
"11:13:04.9082685","Kernel-PnP","222","시작",,"End querying bus relations for device USB\VID_05E3&PID_0608\6&26c36cb0&0&1"
"11:13:04.9082742","Kernel-PnP","220","시작",,"Begin querying bus relations for device USB\VID_046D&PID_C53F\7&1441131d&0&1"
"11:13:04.9082821","Kernel-PnP","222","시작",,"End querying bus relations for device USB\VID_046D&PID_C53F\7&1441131d&0&1"
"11:13:04.9082891","Kernel-PnP","220","시작",,"Begin querying bus relations for device USB\VID_046D&PID_C53F&MI_00\8&1e3801b7&0&0000"
"11:13:04.9082944","Kernel-PnP","222","시작",,"End querying bus relations for device USB\VID_046D&PID_C53F&MI_00\8&1e3801b7&0&0000"
"11:13:04.9082998","Kernel-PnP","220","시작",,"Begin querying bus relations for device HID\VID_046D&PID_C53F&MI_00\9&2297a1be&0&0000"
"11:13:04.9083028","Kernel-PnP","222","시작",,"End querying bus relations for device HID\VID_046D&PID_C53F&MI_00\9&2297a1be&0&0000"
"11:13:04.9083169","Kernel-PnP","220","시작",,"Begin querying bus relations for device USB\VID_046D&PID_C53F&MI_01\8&1e3801b7&0&0001"
"11:13:04.9083197","Kernel-PnP","222","시작",,"End querying bus relations for device USB\VID_046D&PID_C53F&MI_01\8&1e3801b7&0&0001"
"11:13:04.9083260","Kernel-PnP","220","시작",,"Begin querying bus relations for device HID\VID_046D&PID_C53F&MI_01&Col01\9&6c0c26b&0&0000"
"11:13:04.9083284","Kernel-PnP","222","시작",,"End querying bus relations for device HID\VID_046D&PID_C53F&MI_01&Col01\9&6c0c26b&0&0000"
"11:13:04.9083339","Kernel-PnP","220","시작",,"Begin querying bus relations for device HID\VID_046D&PID_C53F&MI_01&Col02\9&6c0c26b&0&0001"
"11:13:04.9083349","Kernel-PnP","222","시작",,"End querying bus relations for device HID\VID_046D&PID_C53F&MI_01&Col02\9&6c0c26b&0&0001"
"11:13:04.9083393","Kernel-PnP","220","시작",,"Begin querying bus relations for device HID\VID_046D&PID_C53F&MI_01&Col03\9&6c0c26b&0&0002"
"11:13:04.9083400","Kernel-PnP","222","시작",,"End querying bus relations for device HID\VID_046D&PID_C53F&MI_01&Col03\9&6c0c26b&0&0002"
"11:13:04.9083440","Kernel-PnP","220","시작",,"Begin querying bus relations for device HID\VID_046D&PID_C53F&MI_01&Col04\9&6c0c26b&0&0003"
"11:13:04.9083448","Kernel-PnP","222","시작",,"End querying bus relations for device HID\VID_046D&PID_C53F&MI_01&Col04\9&6c0c26b&0&0003"
"11:13:04.9083508","Kernel-PnP","220","시작",,"Begin querying bus relations for device USB\VID_046D&PID_C53F&MI_02\8&1e3801b7&0&0002"
"11:13:04.9083540","Kernel-PnP","222","시작",,"End querying bus relations for device USB\VID_046D&PID_C53F&MI_02\8&1e3801b7&0&0002"
"11:13:04.9083596","Kernel-PnP","220","시작",,"Begin querying bus relations for device HID\VID_046D&PID_C53F&MI_02&Col01\9&1e844eb0&0&0000"
"11:13:04.9083603","Kernel-PnP","222","시작",,"End querying bus relations for device HID\VID_046D&PID_C53F&MI_02&Col01\9&1e844eb0&0&0000"
"11:13:04.9083644","Kernel-PnP","220","시작",,"Begin querying bus relations for device HID\VID_046D&PID_C53F&MI_02&Col02\9&1e844eb0&0&0001"
"11:13:04.9083651","Kernel-PnP","222","시작",,"End querying bus relations for device HID\VID_046D&PID_C53F&MI_02&Col02\9&1e844eb0&0&0001"
"11:13:04.9083693","Kernel-PnP","220","시작",,"Begin querying bus relations for device HID\VID_046D&PID_C53F&MI_02&Col03\9&1e844eb0&0&0002"
"11:13:04.9083698","Kernel-PnP","222","시작",,"End querying bus relations for device HID\VID_046D&PID_C53F&MI_02&Col03\9&1e844eb0&0&0002"
"11:13:04.9083739","Kernel-PnP","220","시작",,"Begin querying bus relations for device USB\VID_046D&PID_C53F&LAMPARRAY\8&1e3801b7&0&1_Slot00"
"11:13:04.9083756","Kernel-PnP","222","시작",,"End querying bus relations for device USB\VID_046D&PID_C53F&LAMPARRAY\8&1e3801b7&0&1_Slot00"
"11:13:04.9083799","Kernel-PnP","220","시작",,"Begin querying bus relations for device USB\VID_046D&PID_C53F&LAMPARRAY\8&1e3801b7&0&1_Slot01"
"11:13:04.9083812","Kernel-PnP","222","시작",,"End querying bus relations for device USB\VID_046D&PID_C53F&LAMPARRAY\8&1e3801b7&0&1_Slot01"
"11:13:04.9083854","Kernel-PnP","220","시작",,"Begin querying bus relations for device USB\VID_046D&PID_C53F&LAMPARRAY\8&1e3801b7&0&1_Slot02"
"11:13:04.9083868","Kernel-PnP","222","시작",,"End querying bus relations for device USB\VID_046D&PID_C53F&LAMPARRAY\8&1e3801b7&0&1_Slot02"
"11:13:04.9083920","Kernel-PnP","220","시작",,"Begin querying bus relations for device USB\VID_046D&PID_C53F&LAMPARRAY\8&1e3801b7&0&1_Slot03"
"11:13:04.9083933","Kernel-PnP","222","시작",,"End querying bus relations for device USB\VID_046D&PID_C53F&LAMPARRAY\8&1e3801b7&0&1_Slot03"
"11:13:04.9084018","Kernel-PnP","220","시작",,"Begin querying bus relations for device USB\VID_046D&PID_C53F&LAMPARRAY\8&1e3801b7&0&1_Slot04"
"11:13:04.9084030","Kernel-PnP","222","시작",,"End querying bus relations for device USB\VID_046D&PID_C53F&LAMPARRAY\8&1e3801b7&0&1_Slot04"
"11:13:04.9084082","Kernel-PnP","220","시작",,"Begin querying bus relations for device USB\VID_046D&PID_C53F&LAMPARRAY\8&1e3801b7&0&1_Slot05"
"11:13:04.9084094","Kernel-PnP","222","시작",,"End querying bus relations for device USB\VID_046D&PID_C53F&LAMPARRAY\8&1e3801b7&0&1_Slot05"
"11:13:04.9084135","Kernel-PnP","220","시작",,"Begin querying bus relations for device USB\VID_046D&PID_C53F&LAMPARRAY\8&1e3801b7&0&1_Slot06"
"11:13:04.9084153","Kernel-PnP","222","시작",,"End querying bus relations for device USB\VID_046D&PID_C53F&LAMPARRAY\8&1e3801b7&0&1_Slot06"
"11:13:04.9084205","Kernel-PnP","220","시작",,"Begin querying bus relations for device USB\VID_046D&PID_C52B\7&1441131d&0&3"
"11:13:04.9084223","Kernel-PnP","222","시작",,"End querying bus relations for device USB\VID_046D&PID_C52B\7&1441131d&0&3"
"11:13:04.9084268","Kernel-PnP","220","시작",,"Begin querying bus relations for device USB\VID_046D&PID_C52B&MI_00\8&2ad984dd&0&0000"
"11:13:04.9084299","Kernel-PnP","222","시작",,"End querying bus relations for device USB\VID_046D&PID_C52B&MI_00\8&2ad984dd&0&0000"
"11:13:04.9084355","Kernel-PnP","220","시작",,"Begin querying bus relations for device HID\VID_046D&PID_C52B&MI_00\9&131befe1&0&0000"
"11:13:04.9084365","Kernel-PnP","222","시작",,"End querying bus relations for device HID\VID_046D&PID_C52B&MI_00\9&131befe1&0&0000"
"11:13:04.9084416","Kernel-PnP","220","시작",,"Begin querying bus relations for device USB\VID_046D&PID_C52B&MI_01\8&2ad984dd&0&0001"
"11:13:04.9084444","Kernel-PnP","222","시작",,"End querying bus relations for device USB\VID_046D&PID_C52B&MI_01\8&2ad984dd&0&0001"
"11:13:04.9084511","Kernel-PnP","220","시작",,"Begin querying bus relations for device HID\VID_046D&PID_C52B&MI_01&Col01\9&36f32da3&0&0000"
"11:13:04.9084522","Kernel-PnP","222","시작",,"End querying bus relations for device HID\VID_046D&PID_C52B&MI_01&Col01\9&36f32da3&0&0000"
"11:13:04.9084561","Kernel-PnP","220","시작",,"Begin querying bus relations for device HID\VID_046D&PID_C52B&MI_01&Col02\9&36f32da3&0&0001"
"11:13:04.9084569","Kernel-PnP","222","시작",,"End querying bus relations for device HID\VID_046D&PID_C52B&MI_01&Col02\9&36f32da3&0&0001"
"11:13:04.9084609","Kernel-PnP","220","시작",,"Begin querying bus relations for device HID\VID_046D&PID_C52B&MI_01&Col03\9&36f32da3&0&0002"
"11:13:04.9084616","Kernel-PnP","222","시작",,"End querying bus relations for device HID\VID_046D&PID_C52B&MI_01&Col03\9&36f32da3&0&0002"
"11:13:04.9084656","Kernel-PnP","220","시작",,"Begin querying bus relations for device HID\VID_046D&PID_C52B&MI_01&Col04\9&36f32da3&0&0003"
"11:13:04.9084663","Kernel-PnP","222","시작",,"End querying bus relations for device HID\VID_046D&PID_C52B&MI_01&Col04\9&36f32da3&0&0003"
"11:13:04.9084704","Kernel-PnP","220","시작",,"Begin querying bus relations for device SWD\DRIVERENUM\{cbfe3ef1-4946-11f1-aa97-0ed72144c585}#logi_download_assistant_component&9&36f32da3&0"
"11:13:04.9084710","Kernel-PnP","222","시작",,"End querying bus relations for device SWD\DRIVERENUM\{cbfe3ef1-4946-11f1-aa97-0ed72144c585}#logi_download_assistant_component&9&36f32da3&0"
"11:13:04.9084784","Kernel-PnP","220","시작",,"Begin querying bus relations for device USB\VID_046D&PID_C52B&MI_02\8&2ad984dd&0&0002"
"11:13:04.9084816","Kernel-PnP","222","시작",,"End querying bus relations for device USB\VID_046D&PID_C52B&MI_02\8&2ad984dd&0&0002"
"11:13:04.9084903","Kernel-PnP","220","시작",,"Begin querying bus relations for device HID\VID_046D&PID_C52B&MI_02&Col01\9&1f2fa15e&0&0000"
"11:13:04.9084911","Kernel-PnP","222","시작",,"End querying bus relations for device HID\VID_046D&PID_C52B&MI_02&Col01\9&1f2fa15e&0&0000"
"11:13:04.9084957","Kernel-PnP","220","시작",,"Begin querying bus relations for device HID\VID_046D&PID_C52B&MI_02&Col02\9&1f2fa15e&0&0001"
"11:13:04.9084963","Kernel-PnP","222","시작",,"End querying bus relations for device HID\VID_046D&PID_C52B&MI_02&Col02\9&1f2fa15e&0&0001"
"11:13:04.9085004","Kernel-PnP","220","시작",,"Begin querying bus relations for device HID\VID_046D&PID_C52B&MI_02&Col03\9&1f2fa15e&0&0002"
"11:13:04.9085010","Kernel-PnP","222","시작",,"End querying bus relations for device HID\VID_046D&PID_C52B&MI_02&Col03\9&1f2fa15e&0&0002"
"11:13:04.9085051","Kernel-PnP","220","시작",,"Begin querying bus relations for device USB\VID_046D&PID_C548\7&1441131d&0&4"
"11:13:04.9085070","Kernel-PnP","222","시작",,"End querying bus relations for device USB\VID_046D&PID_C548\7&1441131d&0&4"
"11:13:04.9085124","Kernel-PnP","220","시작",,"Begin querying bus relations for device USB\VID_046D&PID_C548&MI_00\8&2d3bc3f8&0&0000"
"11:13:04.9085150","Kernel-PnP","222","시작",,"End querying bus relations for device USB\VID_046D&PID_C548&MI_00\8&2d3bc3f8&0&0000"
"11:13:04.9085201","Kernel-PnP","220","시작",,"Begin querying bus relations for device HID\VID_046D&PID_C548&MI_00\9&29112ca5&0&0000"
"11:13:04.9085211","Kernel-PnP","222","시작",,"End querying bus relations for device HID\VID_046D&PID_C548&MI_00\9&29112ca5&0&0000"
"11:13:04.9085252","Kernel-PnP","220","시작",,"Begin querying bus relations for device USB\VID_046D&PID_C548&MI_01\8&2d3bc3f8&0&0001"
"11:13:04.9085278","Kernel-PnP","222","시작",,"End querying bus relations for device USB\VID_046D&PID_C548&MI_01\8&2d3bc3f8&0&0001"
"11:13:04.9085336","Kernel-PnP","220","시작",,"Begin querying bus relations for device HID\VID_046D&PID_C548&MI_01&Col01\9&539eee3&0&0000"
"11:13:04.9085345","Kernel-PnP","222","시작",,"End querying bus relations for device HID\VID_046D&PID_C548&MI_01&Col01\9&539eee3&0&0000"
"11:13:04.9085385","Kernel-PnP","220","시작",,"Begin querying bus relations for device HID\VID_046D&PID_C548&MI_01&Col02\9&539eee3&0&0001"
"11:13:04.9085392","Kernel-PnP","222","시작",,"End querying bus relations for device HID\VID_046D&PID_C548&MI_01&Col02\9&539eee3&0&0001"
"11:13:04.9085430","Kernel-PnP","220","시작",,"Begin querying bus relations for device HID\VID_046D&PID_C548&MI_01&Col03\9&539eee3&0&0002"
"11:13:04.9085437","Kernel-PnP","222","시작",,"End querying bus relations for device HID\VID_046D&PID_C548&MI_01&Col03\9&539eee3&0&0002"
"11:13:04.9085478","Kernel-PnP","220","시작",,"Begin querying bus relations for device USB\VID_046D&PID_C548&MI_02\8&2d3bc3f8&0&0002"
"11:13:04.9085502","Kernel-PnP","222","시작",,"End querying bus relations for device USB\VID_046D&PID_C548&MI_02\8&2d3bc3f8&0&0002"
"11:13:04.9085554","Kernel-PnP","220","시작",,"Begin querying bus relations for device HID\VID_046D&PID_C548&MI_02&Col01\9&1cfd7b28&0&0000"
"11:13:04.9085560","Kernel-PnP","222","시작",,"End querying bus relations for device HID\VID_046D&PID_C548&MI_02&Col01\9&1cfd7b28&0&0000"
"11:13:04.9085599","Kernel-PnP","220","시작",,"Begin querying bus relations for device HID\VID_046D&PID_C548&MI_02&Col02\9&1cfd7b28&0&0001"
"11:13:04.9085606","Kernel-PnP","222","시작",,"End querying bus relations for device HID\VID_046D&PID_C548&MI_02&Col02\9&1cfd7b28&0&0001"
"11:13:04.9085957","Kernel-PnP","220","시작",,"Begin querying bus relations for device PCI\VEN_1022&DEV_790E&SUBSYS_B0A11458&REV_51\3&11583659&0&A3"
"11:13:04.9088100","Kernel-PnP","222","시작",,"End querying bus relations for device PCI\VEN_1022&DEV_790E&SUBSYS_B0A11458&REV_51\3&11583659&0&A3"
"11:13:04.9088641","Kernel-PnP","220","시작",,"Begin querying bus relations for device ACPI\PNP0B00\4&711d042&0"
"11:13:04.9088656","Kernel-PnP","222","시작",,"End querying bus relations for device ACPI\PNP0B00\4&711d042&0"
"11:13:04.9088997","Kernel-PnP","220","시작",,"Begin querying bus relations for device ACPI\PNP0501\0"
"11:13:04.9089252","Kernel-PnP","222","시작",,"End querying bus relations for device ACPI\PNP0501\0"
"11:13:04.9089314","Kernel-PnP","220","시작",,"Begin querying bus relations for device PCI\VEN_1022&DEV_14E0&SUBSYS_00000000&REV_00\3&11583659&0&C0"
"11:13:04.9089322","Kernel-PnP","222","시작",,"End querying bus relations for device PCI\VEN_1022&DEV_14E0&SUBSYS_00000000&REV_00\3&11583659&0&C0"
"11:13:04.9089364","Kernel-PnP","220","시작",,"Begin querying bus relations for device PCI\VEN_1022&DEV_14E1&SUBSYS_00000000&REV_00\3&11583659&0&C1"
"11:13:04.9089371","Kernel-PnP","222","시작",,"End querying bus relations for device PCI\VEN_1022&DEV_14E1&SUBSYS_00000000&REV_00\3&11583659&0&C1"
"11:13:04.9089406","Kernel-PnP","220","시작",,"Begin querying bus relations for device PCI\VEN_1022&DEV_14E2&SUBSYS_00000000&REV_00\3&11583659&0&C2"
"11:13:04.9089413","Kernel-PnP","222","시작",,"End querying bus relations for device PCI\VEN_1022&DEV_14E2&SUBSYS_00000000&REV_00\3&11583659&0&C2"
"11:13:04.9089453","Kernel-PnP","220","시작",,"Begin querying bus relations for device PCI\VEN_1022&DEV_14E3&SUBSYS_00000000&REV_00\3&11583659&0&C3"
"11:13:04.9089459","Kernel-PnP","222","시작",,"End querying bus relations for device PCI\VEN_1022&DEV_14E3&SUBSYS_00000000&REV_00\3&11583659&0&C3"
"11:13:04.9089501","Kernel-PnP","220","시작",,"Begin querying bus relations for device PCI\VEN_1022&DEV_14E4&SUBSYS_00000000&REV_00\3&11583659&0&C4"
"11:13:04.9089507","Kernel-PnP","222","시작",,"End querying bus relations for device PCI\VEN_1022&DEV_14E4&SUBSYS_00000000&REV_00\3&11583659&0&C4"
"11:13:04.9089546","Kernel-PnP","220","시작",,"Begin querying bus relations for device PCI\VEN_1022&DEV_14E5&SUBSYS_00000000&REV_00\3&11583659&0&C5"
"11:13:04.9089553","Kernel-PnP","222","시작",,"End querying bus relations for device PCI\VEN_1022&DEV_14E5&SUBSYS_00000000&REV_00\3&11583659&0&C5"
"11:13:04.9089594","Kernel-PnP","220","시작",,"Begin querying bus relations for device PCI\VEN_1022&DEV_14E6&SUBSYS_00000000&REV_00\3&11583659&0&C6"
"11:13:04.9089600","Kernel-PnP","222","시작",,"End querying bus relations for device PCI\VEN_1022&DEV_14E6&SUBSYS_00000000&REV_00\3&11583659&0&C6"
"11:13:04.9089641","Kernel-PnP","220","시작",,"Begin querying bus relations for device PCI\VEN_1022&DEV_14E7&SUBSYS_00000000&REV_00\3&11583659&0&C7"
"11:13:04.9089647","Kernel-PnP","222","시작",,"End querying bus relations for device PCI\VEN_1022&DEV_14E7&SUBSYS_00000000&REV_00\3&11583659&0&C7"
"11:13:04.9090255","Kernel-PnP","220","시작",,"Begin querying bus relations for device ACPI\MSFT0101\1"
"11:13:04.9094199","Kernel-PnP","222","시작",,"End querying bus relations for device ACPI\MSFT0101\1"
"11:13:04.9094272","Kernel-PnP","220","시작",,"Begin querying bus relations for device ACPI\PNP0C0C\aa"
"11:13:04.9094290","Kernel-PnP","222","시작",,"End querying bus relations for device ACPI\PNP0C0C\aa"
"11:13:04.9094350","Kernel-PnP","220","시작",,"Begin querying bus relations for device ACPI\AMDI0030\0"
"11:13:04.9094794","Kernel-PnP","222","시작",,"End querying bus relations for device ACPI\AMDI0030\0"
"11:13:04.9094888","Kernel-PnP","220","시작",,"Begin querying bus relations for device ACPI\AMDI0052\2&daba3ff&0"
"11:13:04.9094965","Kernel-PnP","222","시작",,"End querying bus relations for device ACPI\AMDI0052\2&daba3ff&0"
"11:13:04.9095023","Kernel-PnP","220","시작",,"Begin querying bus relations for device ACPI\AMDI0010\0"
"11:13:04.9097013","Kernel-PnP","222","시작",,"End querying bus relations for device ACPI\AMDI0010\0"
"11:13:04.9097109","Kernel-PnP","220","시작",,"Begin querying bus relations for device ACPI\AMDI0010\1"
"11:13:04.9099023","Kernel-PnP","222","시작",,"End querying bus relations for device ACPI\AMDI0010\1"
"11:13:04.9099084","Kernel-PnP","220","시작",,"Begin querying bus relations for device ACPI\MSFT8000\1"
"11:13:04.9099158","Kernel-PnP","222","시작",,"End querying bus relations for device ACPI\MSFT8000\1"
"11:13:04.9099215","Kernel-PnP","220","시작",,"Begin querying bus relations for device ACPI\PNP0C14\GSADEV0"
"11:13:04.9099284","Kernel-PnP","222","시작",,"End querying bus relations for device ACPI\PNP0C14\GSADEV0"
"11:13:04.9099338","Kernel-PnP","220","시작",,"Begin querying bus relations for device ACPI\ThermalZone\TZ10"
"11:13:04.9099401","Kernel-PnP","222","시작",,"End querying bus relations for device ACPI\ThermalZone\TZ10"
"11:13:04.9099800","Kernel-PnP","220","시작",,"Begin querying bus relations for device ACPI\ACPI0010\1"
"11:13:04.9100081","Kernel-PnP","222","시작",,"End querying bus relations for device ACPI\ACPI0010\1"
"11:13:04.9100144","Kernel-PnP","220","시작",,"Begin querying bus relations for device ACPI\AuthenticAMD_-_AMD64_Family_26_Model_68_-_AMD_Ryzen_5_9600X_6-Core_Processor_____________\0"
"11:13:04.9100170","Kernel-PnP","222","시작",,"End querying bus relations for device ACPI\AuthenticAMD_-_AMD64_Family_26_Model_68_-_AMD_Ryzen_5_9600X_6-Core_Processor_____________\0"
"11:13:04.9100222","Kernel-PnP","220","시작",,"Begin querying bus relations for device ACPI\AuthenticAMD_-_AMD64_Family_26_Model_68_-_AMD_Ryzen_5_9600X_6-Core_Processor_____________\1"
"11:13:04.9100246","Kernel-PnP","222","시작",,"End querying bus relations for device ACPI\AuthenticAMD_-_AMD64_Family_26_Model_68_-_AMD_Ryzen_5_9600X_6-Core_Processor_____________\1"
"11:13:04.9100284","Kernel-PnP","220","시작",,"Begin querying bus relations for device ACPI\AuthenticAMD_-_AMD64_Family_26_Model_68_-_AMD_Ryzen_5_9600X_6-Core_Processor_____________\2"
"11:13:04.9100309","Kernel-PnP","222","시작",,"End querying bus relations for device ACPI\AuthenticAMD_-_AMD64_Family_26_Model_68_-_AMD_Ryzen_5_9600X_6-Core_Processor_____________\2"
"11:13:04.9100353","Kernel-PnP","220","시작",,"Begin querying bus relations for device ACPI\AuthenticAMD_-_AMD64_Family_26_Model_68_-_AMD_Ryzen_5_9600X_6-Core_Processor_____________\3"
"11:13:04.9100376","Kernel-PnP","222","시작",,"End querying bus relations for device ACPI\AuthenticAMD_-_AMD64_Family_26_Model_68_-_AMD_Ryzen_5_9600X_6-Core_Processor_____________\3"
"11:13:04.9100419","Kernel-PnP","220","시작",,"Begin querying bus relations for device ACPI\AuthenticAMD_-_AMD64_Family_26_Model_68_-_AMD_Ryzen_5_9600X_6-Core_Processor_____________\4"
"11:13:04.9100440","Kernel-PnP","222","시작",,"End querying bus relations for device ACPI\AuthenticAMD_-_AMD64_Family_26_Model_68_-_AMD_Ryzen_5_9600X_6-Core_Processor_____________\4"
"11:13:04.9100494","Kernel-PnP","220","시작",,"Begin querying bus relations for device ACPI\AuthenticAMD_-_AMD64_Family_26_Model_68_-_AMD_Ryzen_5_9600X_6-Core_Processor_____________\5"
"11:13:04.9100516","Kernel-PnP","222","시작",,"End querying bus relations for device ACPI\AuthenticAMD_-_AMD64_Family_26_Model_68_-_AMD_Ryzen_5_9600X_6-Core_Processor_____________\5"
"11:13:04.9100568","Kernel-PnP","220","시작",,"Begin querying bus relations for device ACPI\AuthenticAMD_-_AMD64_Family_26_Model_68_-_AMD_Ryzen_5_9600X_6-Core_Processor_____________\6"
"11:13:04.9100587","Kernel-PnP","222","시작",,"End querying bus relations for device ACPI\AuthenticAMD_-_AMD64_Family_26_Model_68_-_AMD_Ryzen_5_9600X_6-Core_Processor_____________\6"
"11:13:04.9100629","Kernel-PnP","220","시작",,"Begin querying bus relations for device ACPI\AuthenticAMD_-_AMD64_Family_26_Model_68_-_AMD_Ryzen_5_9600X_6-Core_Processor_____________\7"
"11:13:04.9100649","Kernel-PnP","222","시작",,"End querying bus relations for device ACPI\AuthenticAMD_-_AMD64_Family_26_Model_68_-_AMD_Ryzen_5_9600X_6-Core_Processor_____________\7"
"11:13:04.9100703","Kernel-PnP","220","시작",,"Begin querying bus relations for device ACPI\AuthenticAMD_-_AMD64_Family_26_Model_68_-_AMD_Ryzen_5_9600X_6-Core_Processor_____________\8"
"11:13:04.9100726","Kernel-PnP","222","시작",,"End querying bus relations for device ACPI\AuthenticAMD_-_AMD64_Family_26_Model_68_-_AMD_Ryzen_5_9600X_6-Core_Processor_____________\8"
"11:13:04.9100778","Kernel-PnP","220","시작",,"Begin querying bus relations for device ACPI\AuthenticAMD_-_AMD64_Family_26_Model_68_-_AMD_Ryzen_5_9600X_6-Core_Processor_____________\9"
"11:13:04.9100800","Kernel-PnP","222","시작",,"End querying bus relations for device ACPI\AuthenticAMD_-_AMD64_Family_26_Model_68_-_AMD_Ryzen_5_9600X_6-Core_Processor_____________\9"
"11:13:04.9100943","Kernel-PnP","220","시작",,"Begin querying bus relations for device ACPI\AuthenticAMD_-_AMD64_Family_26_Model_68_-_AMD_Ryzen_5_9600X_6-Core_Processor_____________\a"
"11:13:04.9100965","Kernel-PnP","222","시작",,"End querying bus relations for device ACPI\AuthenticAMD_-_AMD64_Family_26_Model_68_-_AMD_Ryzen_5_9600X_6-Core_Processor_____________\a"
"11:13:04.9101019","Kernel-PnP","220","시작",,"Begin querying bus relations for device ACPI\AuthenticAMD_-_AMD64_Family_26_Model_68_-_AMD_Ryzen_5_9600X_6-Core_Processor_____________\b"
"11:13:04.9101042","Kernel-PnP","222","시작",,"End querying bus relations for device ACPI\AuthenticAMD_-_AMD64_Family_26_Model_68_-_AMD_Ryzen_5_9600X_6-Core_Processor_____________\b"
"11:13:04.9101095","Kernel-PnP","220","시작",,"Begin querying bus relations for device ACPI\AMDI0204\2&daba3ff&0"
"11:13:04.9101163","Kernel-PnP","222","시작",,"End querying bus relations for device ACPI\AMDI0204\2&daba3ff&0"
"11:13:04.9101219","Kernel-PnP","220","시작",,"Begin querying bus relations for device ACPI\PNP0C14\AOD"
"11:13:04.9101284","Kernel-PnP","222","시작",,"End querying bus relations for device ACPI\PNP0C14\AOD"
"11:13:04.9101338","Kernel-PnP","220","시작",,"Begin querying bus relations for device ACPI\MSFT0200\1"
"11:13:04.9105139","Kernel-PnP","222","시작",,"End querying bus relations for device ACPI\MSFT0200\1"
"11:13:04.9105248","Kernel-PnP","220","시작",,"Begin querying bus relations for device ACPI\FixedButton\2&daba3ff&0"
"11:13:04.9105266","Kernel-PnP","222","시작",,"End querying bus relations for device ACPI\FixedButton\2&daba3ff&0"
"11:13:04.9105314","Kernel-PnP","220","시작",,"Begin querying bus relations for device ACPI_HAL\UEFI\0"
"11:13:04.9105333","Kernel-PnP","222","시작",,"End querying bus relations for device ACPI_HAL\UEFI\0"
"11:13:04.9105379","Kernel-PnP","220","시작",,"Begin querying bus relations for device UEFI\RES_{00000000-0000-0000-0000-000000000000}\0"
"11:13:04.9105386","Kernel-PnP","222","시작",,"End querying bus relations for device UEFI\RES_{00000000-0000-0000-0000-000000000000}\0"
"11:13:04.9105431","Kernel-PnP","220","시작",,"Begin querying bus relations for device ROOT\VPCIVSP\0000"
"11:13:04.9105455","Kernel-PnP","222","시작",,"End querying bus relations for device ROOT\VPCIVSP\0000"
"11:13:04.9105499","Kernel-PnP","220","시작",,"Begin querying bus relations for device ROOT\BasicRender\0000"
"11:13:04.9105547","Kernel-PnP","222","시작",,"End querying bus relations for device ROOT\BasicRender\0000"
"11:13:04.9105605","Kernel-PnP","220","시작",,"Begin querying bus relations for device ROOT\storvsp\0000"
"11:13:04.9105627","Kernel-PnP","222","시작",,"End querying bus relations for device ROOT\storvsp\0000"
"11:13:04.9105669","Kernel-PnP","220","시작",,"Begin querying bus relations for device ROOT\AMDLOG\0000"
"11:13:04.9105688","Kernel-PnP","222","시작",,"End querying bus relations for device ROOT\AMDLOG\0000"
"11:13:04.9105730","Kernel-PnP","220","시작",,"Begin querying bus relations for device ROOT\NdisVirtualBus\0000"
"11:13:04.9105751","Kernel-PnP","222","시작",,"End querying bus relations for device ROOT\NdisVirtualBus\0000"
"11:13:04.9105794","Kernel-PnP","220","시작",,"Begin querying bus relations for device ROOT\mssmbios\0000"
"11:13:04.9105805","Kernel-PnP","222","시작",,"End querying bus relations for device ROOT\mssmbios\0000"
"11:13:04.9105859","Kernel-PnP","220","시작",,"Begin querying bus relations for device ROOT\SYSTEM\0000"
"11:13:04.9105886","Kernel-PnP","222","시작",,"End querying bus relations for device ROOT\SYSTEM\0000"
"11:13:04.9105929","Kernel-PnP","220","시작",,"Begin querying bus relations for device ROOT\SYSTEM\0001"
"11:13:04.9105952","Kernel-PnP","222","시작",,"End querying bus relations for device ROOT\SYSTEM\0001"
"11:13:04.9105990","Kernel-PnP","220","시작",,"Begin querying bus relations for device LGHUBDevice\VID_046D&PID_C232\1&79f5d87&0&01"
"11:13:04.9106028","Kernel-PnP","222","시작",,"End querying bus relations for device LGHUBDevice\VID_046D&PID_C232\1&79f5d87&0&01"
"11:13:04.9106075","Kernel-PnP","220","시작",,"Begin querying bus relations for device HID\VID_046D&PID_C232\2&1a87f3a8&0&0000"
"11:13:04.9106093","Kernel-PnP","222","시작",,"End querying bus relations for device HID\VID_046D&PID_C232\2&1a87f3a8&0&0000"
"11:13:04.9106158","Kernel-PnP","220","시작",,"Begin querying bus relations for device ROOT\SYSTEM\0002"
"11:13:04.9106178","Kernel-PnP","222","시작",,"End querying bus relations for device ROOT\SYSTEM\0002"
"11:13:04.9106220","Kernel-PnP","220","시작",,"Begin querying bus relations for device ROOT\RDPBUS\0000"
"11:13:04.9106237","Kernel-PnP","222","시작",,"End querying bus relations for device ROOT\RDPBUS\0000"
"11:13:04.9106279","Kernel-PnP","220","시작",,"Begin querying bus relations for device SWD\COMPUTER\MFG_Gigabyte_Technology_Co.__Ltd.&FAM_B850_MB&PROD_B850M_AORUS_ELITE_WIFI7_ICE-P&SKU_Default_string"
"11:13:04.9106288","Kernel-PnP","222","시작",,"End querying bus relations for device SWD\COMPUTER\MFG_Gigabyte_Technology_Co.__Ltd.&FAM_B850_MB&PROD_B850M_AORUS_ELITE_WIFI7_ICE-P&SKU_Default_string"
"11:13:04.9106345","Kernel-PnP","220","시작",,"Begin querying bus relations for device SWD\DRIVERENUM\{96bedf2c-18cb-4a15-b821-5e95ed0fea61}#VocaEffectPack&1&2dce90cc&0"
"11:13:04.9106352","Kernel-PnP","222","시작",,"End querying bus relations for device SWD\DRIVERENUM\{96bedf2c-18cb-4a15-b821-5e95ed0fea61}#VocaEffectPack&1&2dce90cc&0"
"11:13:04.9106399","Kernel-PnP","220","시작",,"Begin querying bus relations for device SWD\RADIO\{3DB5895D-CC28-44B3-AD3D-6F01A782B8D2}"
"11:13:04.9106407","Kernel-PnP","222","시작",,"End querying bus relations for device SWD\RADIO\{3DB5895D-CC28-44B3-AD3D-6F01A782B8D2}"
"11:13:04.9106466","Kernel-PnP","220","시작",,"Begin querying bus relations for device SWD\RADIO\Bluetooth_50ee32aeff2e"
"11:13:04.9106472","Kernel-PnP","222","시작",,"End querying bus relations for device SWD\RADIO\Bluetooth_50ee32aeff2e"
"11:13:04.9106545","Kernel-PnP","220","시작",,"Begin querying bus relations for device SWD\RADIO\{2487A1BC-D114-4052-A1FF-8B0FB39BB71A}"
"11:13:04.9106551","Kernel-PnP","222","시작",,"End querying bus relations for device SWD\RADIO\{2487A1BC-D114-4052-A1FF-8B0FB39BB71A}"
"11:13:04.9106584","Kernel-PnP","220","시작",,"Begin querying bus relations for device SWD\MSDAS\{ce958e9a-424f-4c88-86f4-11314821e75a}"
"11:13:04.9106590","Kernel-PnP","222","시작",,"End querying bus relations for device SWD\MSDAS\{ce958e9a-424f-4c88-86f4-11314821e75a}"
"11:13:04.9106632","Kernel-PnP","220","시작",,"Begin querying bus relations for device SWD\MMDEVAPI\MicrosoftGSWavetableSynth"
"11:13:04.9106639","Kernel-PnP","222","시작",,"End querying bus relations for device SWD\MMDEVAPI\MicrosoftGSWavetableSynth"
"11:13:04.9106681","Kernel-PnP","220","시작",,"Begin querying bus relations for device SWD\PRINTENUM\PrintQueues"
"11:13:04.9106689","Kernel-PnP","222","시작",,"End querying bus relations for device SWD\PRINTENUM\PrintQueues"
"11:13:04.9106748","Kernel-PnP","220","시작",,"Begin querying bus relations for device SWD\PRINTENUM\{4F4DBFA8-F9F4-4861-86D0-58A09F141EEB}"
"11:13:04.9106755","Kernel-PnP","222","시작",,"End querying bus relations for device SWD\PRINTENUM\{4F4DBFA8-F9F4-4861-86D0-58A09F141EEB}"
"11:13:04.9106797","Kernel-PnP","220","시작",,"Begin querying bus relations for device SWD\PRINTENUM\{575C541D-2E72-4D8E-B570-8D04C9A6BA8E}"
"11:13:04.9106803","Kernel-PnP","222","시작",,"End querying bus relations for device SWD\PRINTENUM\{575C541D-2E72-4D8E-B570-8D04C9A6BA8E}"
"11:13:04.9106846","Kernel-PnP","220","시작",,"Begin querying bus relations for device SWD\MSRRAS\{5e259276-bc7e-40e3-b93b-8f89b5f3abc0}"
"11:13:04.9106852","Kernel-PnP","222","시작",,"End querying bus relations for device SWD\MSRRAS\{5e259276-bc7e-40e3-b93b-8f89b5f3abc0}"
"11:13:04.9106961","Kernel-PnP","220","시작",,"Begin querying bus relations for device SWD\MSRRAS\MS_SSTPMINIPORT"
"11:13:04.9106999","Kernel-PnP","222","시작",,"End querying bus relations for device SWD\MSRRAS\MS_SSTPMINIPORT"
"11:13:04.9107070","Kernel-PnP","220","시작",,"Begin querying bus relations for device SWD\MSRRAS\MS_AGILEVPNMINIPORT"
"11:13:04.9107086","Kernel-PnP","222","시작",,"End querying bus relations for device SWD\MSRRAS\MS_AGILEVPNMINIPORT"
"11:13:04.9107134","Kernel-PnP","220","시작",,"Begin querying bus relations for device SWD\MSRRAS\MS_L2TPMINIPORT"
"11:13:04.9107149","Kernel-PnP","222","시작",,"End querying bus relations for device SWD\MSRRAS\MS_L2TPMINIPORT"
"11:13:04.9107206","Kernel-PnP","220","시작",,"Begin querying bus relations for device SWD\MSRRAS\MS_PPTPMINIPORT"
"11:13:04.9107220","Kernel-PnP","222","시작",,"End querying bus relations for device SWD\MSRRAS\MS_PPTPMINIPORT"
"11:13:04.9107266","Kernel-PnP","220","시작",,"Begin querying bus relations for device SWD\MSRRAS\MS_PPPOEMINIPORT"
"11:13:04.9107281","Kernel-PnP","222","시작",,"End querying bus relations for device SWD\MSRRAS\MS_PPPOEMINIPORT"
"11:13:04.9107332","Kernel-PnP","220","시작",,"Begin querying bus relations for device SWD\MSRRAS\MS_NDISWANIP"
"11:13:04.9107347","Kernel-PnP","222","시작",,"End querying bus relations for device SWD\MSRRAS\MS_NDISWANIP"
"11:13:04.9107404","Kernel-PnP","220","시작",,"Begin querying bus relations for device SWD\MSRRAS\MS_NDISWANIPV6"
"11:13:04.9107417","Kernel-PnP","222","시작",,"End querying bus relations for device SWD\MSRRAS\MS_NDISWANIPV6"
"11:13:04.9107461","Kernel-PnP","220","시작",,"Begin querying bus relations for device SWD\MSRRAS\MS_NDISWANBH"
"11:13:04.9107474","Kernel-PnP","222","시작",,"End querying bus relations for device SWD\MSRRAS\MS_NDISWANBH"
"11:13:05.9363901","DxgKrnl","10011","정보",,""
"11:13:05.9364641","DxgKrnl","10011","정보",,""
"11:13:05.9370345","DxgKrnl","10011","정보",,""
"11:13:05.9370721","DxgKrnl","10011","정보",,""
"11:13:05.9371438","DxgKrnl","10011","정보",,""
"11:13:05.9371488","DxgKrnl","10011","정보",,""
"11:13:05.9371511","DxgKrnl","10011","정보",,""
"11:13:05.9374898","DxgKrnl","10011","정보",,""
"11:13:05.9375284","DxgKrnl","10011","정보",,""
"11:13:05.9392088","DxgKrnl","10011","정보",,""
"11:13:05.9392444","DxgKrnl","10011","정보",,""
"11:13:05.9392781","DxgKrnl","10011","정보",,""
"11:13:05.9393669","DxgKrnl","10011","정보",,""
"11:13:05.9393897","DxgKrnl","10011","정보",,""
"11:13:05.9394170","DxgKrnl","10011","정보",,""
"11:13:05.9394250","DxgKrnl","10011","정보",,""
"11:13:05.9395602","DxgKrnl","10011","정보",,""
"11:13:05.9395680","DxgKrnl","10011","정보",,""
"11:13:05.9412044","DxgKrnl","10011","정보",,""
"11:13:05.9412728","DxgKrnl","10011","정보",,""
"11:13:05.9423133","DxgKrnl","10011","정보",,""
"11:13:05.9424343","DxgKrnl","10011","정보",,""
"11:13:05.9429031","DxgKrnl","10011","정보",,""
"11:13:05.9429533","DxgKrnl","10011","정보",,""
"11:13:05.9429937","DxgKrnl","10011","정보",,""
"11:13:05.9429970","DxgKrnl","10011","정보",,""
"11:13:05.9429992","DxgKrnl","10011","정보",,""
"11:13:05.9433504","DxgKrnl","10011","정보",,""
"11:13:05.9433923","DxgKrnl","10011","정보",,""
"11:13:05.9449307","DxgKrnl","10011","정보",,""
"11:13:05.9449706","DxgKrnl","10011","정보",,""
"11:13:05.9450028","DxgKrnl","10011","정보",,""
"11:13:05.9450995","DxgKrnl","10011","정보",,""
"11:13:05.9451176","DxgKrnl","10011","정보",,""
"11:13:05.9451281","DxgKrnl","10011","정보",,""
"11:13:05.9451343","DxgKrnl","10011","정보",,""
"11:13:05.9452398","DxgKrnl","10011","정보",,""
"11:13:05.9453289","DxgKrnl","10011","정보",,""
"11:13:05.9453328","DxgKrnl","10011","정보",,""
"11:13:05.9453399","DxgKrnl","10011","정보",,""
"11:13:05.9470361","DxgKrnl","10011","정보",,""
"11:13:05.9471276","DxgKrnl","10011","정보",,""
"11:13:05.9485873","DxgKrnl","10011","정보",,""
"11:13:05.9486316","DxgKrnl","10011","정보",,""
"11:13:08.9231835","Kernel-PnP","220","시작",,"Begin querying bus relations for device ACPI\PNP0501\0"
"11:13:08.9232097","Kernel-PnP","222","시작",,"End querying bus relations for device ACPI\PNP0501\0"
"11:13:09.9680499","DxgKrnl","10011","정보",,""
"11:13:09.9686999","DxgKrnl","10011","정보",,""
"11:13:09.9695976","DxgKrnl","10011","정보",,""
"11:13:09.9696446","DxgKrnl","10011","정보",,""
"11:13:09.9701802","DxgKrnl","10011","정보",,""
"11:13:09.9702186","DxgKrnl","10011","정보",,""
"11:13:09.9702629","DxgKrnl","10011","정보",,""
"11:13:09.9702662","DxgKrnl","10011","정보",,""
"11:13:09.9702686","DxgKrnl","10011","정보",,""
"11:13:09.9705317","DxgKrnl","10011","정보",,""
"11:13:09.9705726","DxgKrnl","10011","정보",,""
"11:13:09.9721776","DxgKrnl","10011","정보",,""
"11:13:09.9722206","DxgKrnl","10011","정보",,""
"11:13:09.9722640","DxgKrnl","10011","정보",,""
"11:13:09.9723659","DxgKrnl","10011","정보",,""
"11:13:09.9723894","DxgKrnl","10011","정보",,""
"11:13:09.9724065","DxgKrnl","10011","정보",,""
"11:13:09.9724119","DxgKrnl","10011","정보",,""
"11:13:09.9725331","DxgKrnl","10011","정보",,""
"11:13:09.9725451","DxgKrnl","10011","정보",,""
"11:13:09.9742043","DxgKrnl","10011","정보",,""
"11:13:09.9742489","DxgKrnl","10011","정보",,""
"11:13:09.9752695","DxgKrnl","10011","정보",,""
"11:13:09.9753175","DxgKrnl","10011","정보",,""
"11:13:09.9757757","DxgKrnl","10011","정보",,""
"11:13:09.9758145","DxgKrnl","10011","정보",,""
"11:13:09.9758664","DxgKrnl","10011","정보",,""
"11:13:09.9758706","DxgKrnl","10011","정보",,""
"11:13:09.9758728","DxgKrnl","10011","정보",,""
"11:13:09.9761896","DxgKrnl","10011","정보",,""
"11:13:09.9762316","DxgKrnl","10011","정보",,""
"11:13:09.9778500","DxgKrnl","10011","정보",,""
"11:13:09.9778852","DxgKrnl","10011","정보",,""
"11:13:09.9779343","DxgKrnl","10011","정보",,""
"11:13:09.9780399","DxgKrnl","10011","정보",,""
"11:13:09.9780399","DxgKrnl","10011","정보",,""
"11:13:09.9780460","DxgKrnl","10011","정보",,""
"11:13:09.9780722","DxgKrnl","10011","정보",,""
"11:13:09.9782174","DxgKrnl","10011","정보",,""
"11:13:09.9782201","DxgKrnl","10011","정보",,""
"11:13:09.9782270","DxgKrnl","10011","정보",,""
"11:13:09.9782376","DxgKrnl","10011","정보",,""
"11:13:09.9797268","DxgKrnl","10011","정보",,""
"11:13:09.9797744","DxgKrnl","10011","정보",,""
"11:13:09.9811762","DxgKrnl","10011","정보",,""
"11:13:09.9812194","DxgKrnl","10011","정보",,""
"11:13:13.9935736","DxgKrnl","10011","정보",,""
"11:13:13.9943840","DxgKrnl","10011","정보",,""
"11:13:13.9956086","DxgKrnl","10011","정보",,""
"11:13:13.9957242","DxgKrnl","10011","정보",,""
"11:13:13.9963990","DxgKrnl","10011","정보",,""
"11:13:13.9964385","DxgKrnl","10011","정보",,""
"11:13:13.9964940","DxgKrnl","10011","정보",,""
"11:13:13.9964973","DxgKrnl","10011","정보",,""
"11:13:13.9964996","DxgKrnl","10011","정보",,""
"11:13:13.9969153","DxgKrnl","10011","정보",,""
"11:13:13.9969542","DxgKrnl","10011","정보",,""
"11:13:13.9986898","DxgKrnl","10011","정보",,""
"11:13:13.9987320","DxgKrnl","10011","정보",,""
"11:13:13.9988057","DxgKrnl","10011","정보",,""
"11:13:13.9989592","DxgKrnl","10011","정보",,""
"11:13:13.9989776","DxgKrnl","10011","정보",,""
"11:13:13.9990298","DxgKrnl","10011","정보",,""
"11:13:13.9990813","DxgKrnl","10011","정보",,""
"11:13:13.9990820","DxgKrnl","10011","정보",,""
"11:13:13.9990852","DxgKrnl","10011","정보",,""
"11:13:13.9991268","DxgKrnl","10011","정보",,""
"11:13:13.9991862","DxgKrnl","10011","정보",,""
"11:13:14.0009294","DxgKrnl","10011","정보",,""
"11:13:14.0009759","DxgKrnl","10011","정보",,""
"11:13:14.0019756","DxgKrnl","10011","정보",,""
"11:13:14.0020253","DxgKrnl","10011","정보",,""
"11:13:14.0024727","DxgKrnl","10011","정보",,""
"11:13:14.0024992","DxgKrnl","10011","정보",,""
"11:13:14.0025366","DxgKrnl","10011","정보",,""
"11:13:14.0025382","DxgKrnl","10011","정보",,""
"11:13:14.0025406","DxgKrnl","10011","정보",,""
"11:13:14.0028415","DxgKrnl","10011","정보",,""
"11:13:14.0028760","DxgKrnl","10011","정보",,""
"11:13:14.0044978","DxgKrnl","10011","정보",,""
"11:13:14.0045330","DxgKrnl","10011","정보",,""
"11:13:14.0045759","DxgKrnl","10011","정보",,""
"11:13:14.0046567","DxgKrnl","10011","정보",,""
"11:13:14.0046572","DxgKrnl","10011","정보",,""
"11:13:14.0046984","DxgKrnl","10011","정보",,""
"11:13:14.0047858","DxgKrnl","10011","정보",,""
"11:13:14.0047946","DxgKrnl","10011","정보",,""
"11:13:14.0048069","DxgKrnl","10011","정보",,""
"11:13:14.0048197","DxgKrnl","10011","정보",,""
"11:13:14.0049394","DxgKrnl","10011","정보",,""
"11:13:14.0049480","DxgKrnl","10011","정보",,""
"11:13:14.0049600","DxgKrnl","10011","정보",,""
"11:13:14.0064965","DxgKrnl","10011","정보",,""
"11:13:14.0065692","DxgKrnl","10011","정보",,""
"11:13:14.0079841","DxgKrnl","10011","정보",,""
"11:13:14.0080369","DxgKrnl","10011","정보",,""
