"Time","Provider","Id","Opcode","Task","Message"
"16:01:21.7822425","DxgKrnl","10011","정보",,""
"16:01:21.7822525","DxgKrnl","10011","정보",,""
"16:01:21.7822533","DxgKrnl","10011","정보",,""
"16:01:21.7822538","DxgKrnl","10011","정보",,""
"16:01:21.7822545","DxgKrnl","10011","정보",,""
"16:01:21.7822551","DxgKrnl","10011","정보",,""
"16:01:21.7822555","DxgKrnl","10011","정보",,""
"16:01:21.7822561","DxgKrnl","10011","정보",,""
"16:01:21.7822566","DxgKrnl","10011","정보",,""
"16:01:21.7822572","DxgKrnl","10011","정보",,""
"16:01:21.7822578","DxgKrnl","10011","정보",,""
"16:01:21.9886006","DxgKrnl","10011","정보",,""
"16:01:21.9886453","DxgKrnl","10011","정보",,""
"16:01:21.9886569","DxgKrnl","10011","정보",,""
"16:01:22.0002072","DxgKrnl","10011","정보",,""
"16:01:22.0002111","DxgKrnl","10011","정보",,""
"16:01:22.0002120","DxgKrnl","10011","정보",,""
"16:01:22.0002125","DxgKrnl","10011","정보",,""
"16:01:22.0002131","DxgKrnl","10011","정보",,""
"16:01:22.0002137","DxgKrnl","10011","정보",,""
"16:01:22.0002142","DxgKrnl","10011","정보",,""
"16:01:22.0002147","DxgKrnl","10011","정보",,""
"16:01:22.0002152","DxgKrnl","10011","정보",,""
"16:01:22.0002158","DxgKrnl","10011","정보",,""
"16:01:22.0002164","DxgKrnl","10011","정보",,""
"16:01:22.0002169","DxgKrnl","10011","정보",,""
"16:01:22.0002174","DxgKrnl","10011","정보",,""
"16:01:22.0002178","DxgKrnl","10011","정보",,""
"16:01:22.0002193","DxgKrnl","10011","정보",,""
"16:01:22.0026157","DxgKrnl","10011","정보",,""
"16:01:22.0026964","DxgKrnl","10011","정보",,""
"16:01:22.0043311","DxgKrnl","10011","정보",,""
"16:01:22.0044036","DxgKrnl","10011","정보",,""
"16:01:22.3579737","DxgKrnl","10011","정보",,""
"16:01:22.3586300","DxgKrnl","10011","정보",,""
"16:06:25.3529123","Kernel-PnP","220","시작",,"Begin querying bus relations for device PCI\VEN_1002&DEV_7550&SUBSYS_E4891DA2&REV_C0\6&8916a45&0&00000009"
"16:06:25.3532949","DxgKrnl","10011","정보",,""
"16:06:25.3548721","DxgKrnl","10011","정보",,""
"16:06:25.4406898","Kernel-PnP","222","시작",,"End querying bus relations for device PCI\VEN_1002&DEV_7550&SUBSYS_E4891DA2&REV_C0\6&8916a45&0&00000009"
"16:06:25.4408433","DxgKrnl","10011","정보",,""
"16:06:25.4408475","DxgKrnl","10011","정보",,""
"16:06:25.4410138","Kernel-PnP","1010","시작",,"버스에 누락 된 것으로 보고 된 장치 DISPLAY\SAM79DF\7&16b8ddb4&0&UID256이 (가) 제거 되었습니다. 제거 된 장치 수 | 개수: 1"
"16:06:25.4412111","DxgKrnl","10011","정보",,""
"16:06:25.4413198","DxgKrnl","10011","정보",,""
"16:06:25.4416383","Kernel-PnP","220","시작",,"Begin querying bus relations for device SWD\DRIVERENUM\AMDCP&7&16b8ddb4&0"
"16:06:25.4416410","Kernel-PnP","222","시작",,"End querying bus relations for device SWD\DRIVERENUM\AMDCP&7&16b8ddb4&0"
"16:06:25.4416532","Kernel-PnP","220","시작",,"Begin querying bus relations for device SWD\DRIVERENUM\AMDFDANS&7&16b8ddb4&0"
"16:06:25.4416544","Kernel-PnP","222","시작",,"End querying bus relations for device SWD\DRIVERENUM\AMDFDANS&7&16b8ddb4&0"
"16:06:25.4416624","Kernel-PnP","220","시작",,"Begin querying bus relations for device SWD\DRIVERENUM\AMDOCL&7&16b8ddb4&0"
"16:06:25.4416633","Kernel-PnP","222","시작",,"End querying bus relations for device SWD\DRIVERENUM\AMDOCL&7&16b8ddb4&0"
"16:06:25.4416746","Kernel-PnP","220","시작",,"Begin querying bus relations for device SWD\DRIVERENUM\AMDOGL&7&16b8ddb4&0"
"16:06:25.4416769","Kernel-PnP","222","시작",,"End querying bus relations for device SWD\DRIVERENUM\AMDOGL&7&16b8ddb4&0"
"16:06:25.4416868","Kernel-PnP","220","시작",,"Begin querying bus relations for device SWD\DRIVERENUM\AMDVLK&7&16b8ddb4&0"
"16:06:25.4416878","Kernel-PnP","222","시작",,"End querying bus relations for device SWD\DRIVERENUM\AMDVLK&7&16b8ddb4&0"
"16:06:25.4416981","Kernel-PnP","220","시작",,"Begin querying bus relations for device SWD\DRIVERENUM\AMDWIN&7&16b8ddb4&0"
"16:06:25.4417000","Kernel-PnP","222","시작",,"End querying bus relations for device SWD\DRIVERENUM\AMDWIN&7&16b8ddb4&0"
"16:06:25.4417072","Kernel-PnP","220","시작",,"Begin querying bus relations for device DISPLAY\BBC0104\7&16b8ddb4&0&UID265"
"16:06:25.4417135","Kernel-PnP","222","시작",,"End querying bus relations for device DISPLAY\BBC0104\7&16b8ddb4&0&UID265"
"16:06:25.4417196","Kernel-PnP","220","시작",,"Begin querying bus relations for device DISPLAY\SAM7B0C\7&16b8ddb4&0&UID260"
"16:06:25.4417226","Kernel-PnP","222","시작",,"End querying bus relations for device DISPLAY\SAM7B0C\7&16b8ddb4&0&UID260"
"16:06:25.4430035","Kernel-PnP","808","시작",,"End device add, status (STATUS_SUCCESS)"
"16:06:25.4433198","Kernel-PnP","220","시작",,"Begin querying bus relations for device DISPLAY\SAM79DF\7&16b8ddb4&0&UID256"
"16:06:25.4433230","Kernel-PnP","222","시작",,"End querying bus relations for device DISPLAY\SAM79DF\7&16b8ddb4&0&UID256"
"16:06:25.4437682","DxgKrnl","10011","정보",,""
"16:06:25.4445577","DxgKrnl","10011","정보",,""
"16:06:25.4446528","DxgKrnl","10011","정보",,""
"16:06:25.4466275","DxgKrnl","10011","정보",,""
"16:06:25.4467263","DxgKrnl","10011","정보",,""
"16:06:25.4468926","DxgKrnl","10011","정보",,""
"16:06:25.4469680","DxgKrnl","10011","정보",,""
"16:06:25.4602473","DxgKrnl","10011","정보",,""
"16:06:25.4602879","DxgKrnl","10011","정보",,""
"16:06:25.4603732","DxgKrnl","10011","정보",,""
"16:06:25.4603803","DxgKrnl","10011","정보",,""
"16:06:25.4603834","DxgKrnl","10011","정보",,""
"16:06:25.4650222","DxgKrnl","10011","정보",,""
"16:06:25.4650852","DxgKrnl","10011","정보",,""
"16:06:25.5041412","DxgKrnl","10011","정보",,""
"16:06:25.5042289","DxgKrnl","10011","정보",,""
"16:06:25.5042799","DxgKrnl","10011","정보",,""
"16:06:25.5056972","DxgKrnl","10011","정보",,""
"16:06:25.5057495","DxgKrnl","10011","정보",,""
"16:06:25.5058267","DxgKrnl","10011","정보",,""
"16:06:25.5058890","DxgKrnl","10011","정보",,""
"16:06:25.5058925","DxgKrnl","10011","정보",,""
"16:06:25.5059435","DxgKrnl","10011","정보",,""
"16:06:25.5059458","DxgKrnl","10011","정보",,""
"16:06:25.5059974","DxgKrnl","10011","정보",,""
"16:06:25.5060046","DxgKrnl","10011","정보",,""
"16:06:25.5060909","DxgKrnl","10011","정보",,""
"16:06:25.5080264","DxgKrnl","10011","정보",,""
"16:06:25.5080476","DxgKrnl","10011","정보",,""
"16:06:25.5082857","DxgKrnl","10011","정보",,""
"16:06:25.5082906","DxgKrnl","10011","정보",,""
"16:06:25.5104349","DxgKrnl","10011","정보",,""
"16:06:25.5105047","DxgKrnl","10011","정보",,""
"16:06:25.5266264","DxgKrnl","10011","정보",,""
"16:06:25.5267014","DxgKrnl","10011","정보",,""
"16:06:25.5267059","DxgKrnl","10011","정보",,""
"16:06:25.5267759","DxgKrnl","10011","정보",,""
"16:06:25.5267785","DxgKrnl","10011","정보",,""
"16:06:25.5268324","DxgKrnl","10011","정보",,""
"16:06:25.5268420","DxgKrnl","10011","정보",,""
"16:06:25.5268941","DxgKrnl","10011","정보",,""
"16:06:25.5274843","DxgKrnl","10011","정보",,""
"16:06:25.5275452","DxgKrnl","10011","정보",,""
"16:06:25.5310635","DxgKrnl","10011","정보",,""
"16:06:25.5316626","DxgKrnl","10011","정보",,""
"16:06:25.5332410","DxgKrnl","10011","정보",,""
"16:06:25.5333086","DxgKrnl","10011","정보",,""
"16:06:25.5400218","DxgKrnl","10011","정보",,""
"16:06:25.5401100","DxgKrnl","10011","정보",,""
"16:06:25.5471664","DxgKrnl","10011","정보",,""
"16:06:25.5479998","DxgKrnl","10011","정보",,""
"16:06:25.6351661","Kernel-PnP","220","시작",,"Begin querying bus relations for device PCI\VEN_1002&DEV_7550&SUBSYS_E4891DA2&REV_C0\6&8916a45&0&00000009"
"16:06:25.6372293","DxgKrnl","10011","정보",,""
"16:06:25.6372303","DxgKrnl","10011","정보",,""
"16:06:25.6372468","Kernel-PnP","222","시작",,"End querying bus relations for device PCI\VEN_1002&DEV_7550&SUBSYS_E4891DA2&REV_C0\6&8916a45&0&00000009"
"16:06:25.6374735","Kernel-PnP","1010","시작",,"버스에 누락 된 것으로 보고 된 장치 DISPLAY\SAM7B0C\7&16b8ddb4&0&UID260이 (가) 제거 되었습니다. 제거 된 장치 수 | 개수: 1"
"16:06:25.6376047","DxgKrnl","10011","정보",,""
"16:06:25.6376082","DxgKrnl","10011","정보",,""
"16:06:25.6380573","Kernel-PnP","220","시작",,"Begin querying bus relations for device SWD\DRIVERENUM\AMDCP&7&16b8ddb4&0"
"16:06:25.6380604","Kernel-PnP","222","시작",,"End querying bus relations for device SWD\DRIVERENUM\AMDCP&7&16b8ddb4&0"
"16:06:25.6380721","Kernel-PnP","220","시작",,"Begin querying bus relations for device SWD\DRIVERENUM\AMDFDANS&7&16b8ddb4&0"
"16:06:25.6380731","Kernel-PnP","222","시작",,"End querying bus relations for device SWD\DRIVERENUM\AMDFDANS&7&16b8ddb4&0"
"16:06:25.6380799","Kernel-PnP","220","시작",,"Begin querying bus relations for device SWD\DRIVERENUM\AMDOCL&7&16b8ddb4&0"
"16:06:25.6380811","Kernel-PnP","222","시작",,"End querying bus relations for device SWD\DRIVERENUM\AMDOCL&7&16b8ddb4&0"
"16:06:25.6380884","Kernel-PnP","220","시작",,"Begin querying bus relations for device SWD\DRIVERENUM\AMDOGL&7&16b8ddb4&0"
"16:06:25.6380894","Kernel-PnP","222","시작",,"End querying bus relations for device SWD\DRIVERENUM\AMDOGL&7&16b8ddb4&0"
"16:06:25.6381577","Kernel-PnP","220","시작",,"Begin querying bus relations for device SWD\DRIVERENUM\AMDVLK&7&16b8ddb4&0"
"16:06:25.6381597","Kernel-PnP","222","시작",,"End querying bus relations for device SWD\DRIVERENUM\AMDVLK&7&16b8ddb4&0"
"16:06:25.6381678","Kernel-PnP","220","시작",,"Begin querying bus relations for device SWD\DRIVERENUM\AMDWIN&7&16b8ddb4&0"
"16:06:25.6381689","Kernel-PnP","222","시작",,"End querying bus relations for device SWD\DRIVERENUM\AMDWIN&7&16b8ddb4&0"
"16:06:25.6381748","Kernel-PnP","220","시작",,"Begin querying bus relations for device DISPLAY\BBC0104\7&16b8ddb4&0&UID265"
"16:06:25.6381801","Kernel-PnP","222","시작",,"End querying bus relations for device DISPLAY\BBC0104\7&16b8ddb4&0&UID265"
"16:06:25.6381865","Kernel-PnP","220","시작",,"Begin querying bus relations for device DISPLAY\SAM79DF\7&16b8ddb4&0&UID256"
"16:06:25.6381897","Kernel-PnP","222","시작",,"End querying bus relations for device DISPLAY\SAM79DF\7&16b8ddb4&0&UID256"
"16:06:25.6487497","DxgKrnl","10011","정보",,""
"16:06:25.6488360","DxgKrnl","10011","정보",,""
"16:06:25.6501422","DxgKrnl","10011","정보",,""
"16:06:25.6519190","DxgKrnl","10011","정보",,""
"16:06:25.6521178","DxgKrnl","10011","정보",,""
"16:06:25.6533539","DxgKrnl","10011","정보",,""
"16:06:25.6540213","DxgKrnl","10011","정보",,""
"16:06:25.6540775","DxgKrnl","10011","정보",,""
"16:06:25.6541573","DxgKrnl","10011","정보",,""
"16:06:25.6611811","DxgKrnl","10011","정보",,""
"16:06:25.6611928","DxgKrnl","10011","정보",,""
"16:06:25.6613671","DxgKrnl","10011","정보",,""
"16:06:25.6613691","DxgKrnl","10011","정보",,""
"16:06:25.6629608","DxgKrnl","10011","정보",,""
"16:06:25.6629645","DxgKrnl","10011","정보",,""
"16:06:25.6632360","DxgKrnl","10011","정보",,""
"16:06:25.6632383","DxgKrnl","10011","정보",,""
"16:06:25.6639127","DxgKrnl","10011","정보",,""
"16:06:25.6639133","DxgKrnl","10011","정보",,""
"16:06:25.6642097","DxgKrnl","10011","정보",,""
"16:06:25.6642112","DxgKrnl","10011","정보",,""
"16:06:25.6764118","DxgKrnl","10011","정보",,""
"16:06:25.6765315","DxgKrnl","10011","정보",,""
"16:06:25.6773894","DxgKrnl","10011","정보",,""
"16:06:25.6774214","DxgKrnl","10011","정보",,""
"16:06:25.6774335","DxgKrnl","10011","정보",,""
"16:06:25.6776516","DxgKrnl","10011","정보",,""
"16:06:25.6776531","DxgKrnl","10011","정보",,""
"16:06:25.6786117","DxgKrnl","10011","정보",,""
"16:06:25.6786479","DxgKrnl","10011","정보",,""
"16:06:25.6786654","DxgKrnl","10011","정보",,""
"16:06:25.6788588","DxgKrnl","10011","정보",,""
"16:06:25.6788594","DxgKrnl","10011","정보",,""
"16:06:25.6788776","DxgKrnl","10011","정보",,""
"16:06:25.6791409","DxgKrnl","10011","정보",,""
"16:06:25.6831505","DxgKrnl","10011","정보",,""
"16:06:25.6832155","DxgKrnl","10011","정보",,""
"16:06:25.6834317","DxgKrnl","10011","정보",,""
"16:06:25.6834809","DxgKrnl","10011","정보",,""
"16:06:25.6835693","DxgKrnl","10011","정보",,""
"16:06:25.6845218","DxgKrnl","10011","정보",,""
"16:06:25.6846850","DxgKrnl","10011","정보",,""
"16:06:25.6854860","DxgKrnl","10011","정보",,""
"16:06:25.6856590","DxgKrnl","10011","정보",,""
"16:06:25.6973181","DxgKrnl","10011","정보",,""
"16:06:25.6974096","DxgKrnl","10011","정보",,""
"16:06:25.7039172","DxgKrnl","10011","정보",,""
"16:06:25.7039574","DxgKrnl","10011","정보",,""
"16:06:25.7040328","DxgKrnl","10011","정보",,""
"16:06:25.7040397","DxgKrnl","10011","정보",,""
"16:06:25.7040418","DxgKrnl","10011","정보",,""
"16:06:25.7043283","DxgKrnl","10011","정보",,""
"16:06:25.7043923","DxgKrnl","10011","정보",,""
"16:06:25.7249695","DxgKrnl","10011","정보",,""
"16:06:25.7250115","DxgKrnl","10011","정보",,""
"16:06:25.7250533","DxgKrnl","10011","정보",,""
"16:06:25.7256459","DxgKrnl","10011","정보",,""
"16:06:25.7256755","DxgKrnl","10011","정보",,""
"16:06:25.7257921","DxgKrnl","10011","정보",,""
"16:06:25.7258259","DxgKrnl","10011","정보",,""
"16:06:25.7258274","DxgKrnl","10011","정보",,""
"16:06:25.7258625","DxgKrnl","10011","정보",,""
"16:06:25.7277727","DxgKrnl","10011","정보",,""
"16:06:25.7277740","DxgKrnl","10011","정보",,""
"16:06:25.7279127","DxgKrnl","10011","정보",,""
"16:06:25.7279239","DxgKrnl","10011","정보",,""
"16:06:25.7290813","DxgKrnl","10011","정보",,""
"16:06:25.7291325","DxgKrnl","10011","정보",,""
"16:06:25.8338314","DxgKrnl","10011","정보",,""
"16:06:25.8338859","DxgKrnl","10011","정보",,""
"16:06:25.8338876","DxgKrnl","10011","정보",,""
"16:06:25.8339319","DxgKrnl","10011","정보",,""
"16:06:25.8346177","DxgKrnl","10011","정보",,""
"16:06:25.8346584","DxgKrnl","10011","정보",,""
"16:06:25.8367699","DxgKrnl","10011","정보",,""
"16:06:25.8376185","DxgKrnl","10011","정보",,""
"16:06:25.8387987","DxgKrnl","10011","정보",,""
"16:06:25.8388574","DxgKrnl","10011","정보",,""
"16:06:25.8408848","DxgKrnl","10011","정보",,""
"16:06:25.8409325","DxgKrnl","10011","정보",,""
"16:06:25.9525218","DxgKrnl","10011","정보",,""
"16:06:25.9525886","DxgKrnl","10011","정보",,""
"16:06:25.9526402","DxgKrnl","10011","정보",,""
"16:06:25.9545249","DxgKrnl","10011","정보",,""
"16:06:25.9549984","DxgKrnl","10011","정보",,""
"16:06:25.9550102","DxgKrnl","10011","정보",,""
"16:06:25.9550111","DxgKrnl","10011","정보",,""
"16:06:25.9555085","DxgKrnl","10011","정보",,""
"16:06:25.9555104","DxgKrnl","10011","정보",,""
"16:06:25.9556383","DxgKrnl","10011","정보",,""
"16:06:25.9556448","DxgKrnl","10011","정보",,""
"16:06:25.9565671","DxgKrnl","10011","정보",,""
"16:06:25.9566168","DxgKrnl","10011","정보",,""
"16:06:25.9677065","DxgKrnl","10011","정보",,""
"16:06:25.9679344","DxgKrnl","10011","정보",,""
"16:06:25.9854741","DxgKrnl","10011","정보",,""
"16:06:25.9862058","DxgKrnl","10011","정보",,""
"16:06:28.9367841","DxgKrnl","10011","정보",,""
"16:06:29.1700000","Kernel-PnP","220","시작",,"Begin querying bus relations for device PCI\VEN_1002&DEV_7550&SUBSYS_E4891DA2&REV_C0\6&8916a45&0&00000009"
"16:06:29.1700403","DxgKrnl","10011","정보",,""
"16:06:29.1702365","DxgKrnl","10011","정보",,""
"16:06:29.1702925","DxgKrnl","10011","정보",,""
"16:06:29.1726630","DxgKrnl","10011","정보",,""
"16:06:29.1727371","DxgKrnl","10011","정보",,""
"16:06:29.1734389","DxgKrnl","10011","정보",,""
"16:06:29.1766131","DxgKrnl","10011","정보",,""
"16:06:29.1769532","Kernel-PnP","222","시작",,"End querying bus relations for device PCI\VEN_1002&DEV_7550&SUBSYS_E4891DA2&REV_C0\6&8916a45&0&00000009"
"16:06:29.1770090","Kernel-PnP","220","시작",,"Begin querying bus relations for device SWD\DRIVERENUM\AMDCP&7&16b8ddb4&0"
"16:06:29.1770117","Kernel-PnP","222","시작",,"End querying bus relations for device SWD\DRIVERENUM\AMDCP&7&16b8ddb4&0"
"16:06:29.1770183","Kernel-PnP","220","시작",,"Begin querying bus relations for device SWD\DRIVERENUM\AMDFDANS&7&16b8ddb4&0"
"16:06:29.1770193","Kernel-PnP","222","시작",,"End querying bus relations for device SWD\DRIVERENUM\AMDFDANS&7&16b8ddb4&0"
"16:06:29.1770247","Kernel-PnP","220","시작",,"Begin querying bus relations for device SWD\DRIVERENUM\AMDOCL&7&16b8ddb4&0"
"16:06:29.1770256","Kernel-PnP","222","시작",,"End querying bus relations for device SWD\DRIVERENUM\AMDOCL&7&16b8ddb4&0"
"16:06:29.1770308","Kernel-PnP","220","시작",,"Begin querying bus relations for device SWD\DRIVERENUM\AMDOGL&7&16b8ddb4&0"
"16:06:29.1770317","Kernel-PnP","222","시작",,"End querying bus relations for device SWD\DRIVERENUM\AMDOGL&7&16b8ddb4&0"
"16:06:29.1770367","Kernel-PnP","220","시작",,"Begin querying bus relations for device SWD\DRIVERENUM\AMDVLK&7&16b8ddb4&0"
"16:06:29.1770377","Kernel-PnP","222","시작",,"End querying bus relations for device SWD\DRIVERENUM\AMDVLK&7&16b8ddb4&0"
"16:06:29.1770433","Kernel-PnP","220","시작",,"Begin querying bus relations for device SWD\DRIVERENUM\AMDWIN&7&16b8ddb4&0"
"16:06:29.1770440","Kernel-PnP","222","시작",,"End querying bus relations for device SWD\DRIVERENUM\AMDWIN&7&16b8ddb4&0"
"16:06:29.1770493","Kernel-PnP","220","시작",,"Begin querying bus relations for device DISPLAY\BBC0104\7&16b8ddb4&0&UID265"
"16:06:29.1770549","Kernel-PnP","222","시작",,"End querying bus relations for device DISPLAY\BBC0104\7&16b8ddb4&0&UID265"
"16:06:29.1770605","Kernel-PnP","220","시작",,"Begin querying bus relations for device DISPLAY\SAM79DF\7&16b8ddb4&0&UID256"
"16:06:29.1770629","Kernel-PnP","222","시작",,"End querying bus relations for device DISPLAY\SAM79DF\7&16b8ddb4&0&UID256"
"16:06:29.1784637","DxgKrnl","10011","정보",,""
"16:06:29.1785213","DxgKrnl","10011","정보",,""
"16:06:29.1828731","Kernel-PnP","808","시작",,"End device add, status (STATUS_SUCCESS)"
"16:06:29.1832213","Kernel-PnP","220","시작",,"Begin querying bus relations for device DISPLAY\SAM7B0C\7&16b8ddb4&0&UID260"
"16:06:29.1832246","Kernel-PnP","222","시작",,"End querying bus relations for device DISPLAY\SAM7B0C\7&16b8ddb4&0&UID260"
"16:06:29.1835654","DxgKrnl","10011","정보",,""
"16:06:29.1878954","DxgKrnl","10011","정보",,""
"16:06:29.1879256","DxgKrnl","10011","정보",,""
"16:06:29.1879712","DxgKrnl","10011","정보",,""
"16:06:29.1879773","DxgKrnl","10011","정보",,""
"16:06:29.1879796","DxgKrnl","10011","정보",,""
"16:06:29.1916893","DxgKrnl","10011","정보",,""
"16:06:29.1917887","DxgKrnl","10011","정보",,""
"16:06:29.2146738","DxgKrnl","10011","정보",,""
"16:06:29.2147579","DxgKrnl","10011","정보",,""
"16:06:29.2148043","DxgKrnl","10011","정보",,""
"16:06:29.2162450","DxgKrnl","10011","정보",,""
"16:06:29.2162981","DxgKrnl","10011","정보",,""
"16:06:29.2164414","DxgKrnl","10011","정보",,""
"16:06:29.2165001","DxgKrnl","10011","정보",,""
"16:06:29.2165018","DxgKrnl","10011","정보",,""
"16:06:29.2165611","DxgKrnl","10011","정보",,""
"16:06:29.2165652","DxgKrnl","10011","정보",,""
"16:06:29.2166177","DxgKrnl","10011","정보",,""
"16:06:29.2166245","DxgKrnl","10011","정보",,""
"16:06:29.2166774","DxgKrnl","10011","정보",,""
"16:06:29.2187310","DxgKrnl","10011","정보",,""
"16:06:29.2187335","DxgKrnl","10011","정보",,""
"16:06:29.2187362","DxgKrnl","10011","정보",,""
"16:06:29.2187419","DxgKrnl","10011","정보",,""
"16:06:29.2191028","DxgKrnl","10011","정보",,""
"16:06:29.2191927","DxgKrnl","10011","정보",,""
"16:06:29.2191934","DxgKrnl","10011","정보",,""
"16:06:29.2192128","DxgKrnl","10011","정보",,""
"16:06:29.2246792","DxgKrnl","10011","정보",,""
"16:06:29.2247417","DxgKrnl","10011","정보",,""
"16:06:29.2389775","DxgKrnl","10011","정보",,""
"16:06:29.2390513","DxgKrnl","10011","정보",,""
"16:06:29.2390533","DxgKrnl","10011","정보",,""
"16:06:29.2391114","DxgKrnl","10011","정보",,""
"16:06:29.2391134","DxgKrnl","10011","정보",,""
"16:06:29.2391827","DxgKrnl","10011","정보",,""
"16:06:29.2391903","DxgKrnl","10011","정보",,""
"16:06:29.2392468","DxgKrnl","10011","정보",,""
"16:06:29.2398649","DxgKrnl","10011","정보",,""
"16:06:29.2399291","DxgKrnl","10011","정보",,""
"16:06:29.2425048","DxgKrnl","10011","정보",,""
"16:06:29.2432806","DxgKrnl","10011","정보",,""
"16:06:29.2445648","DxgKrnl","10011","정보",,""
"16:06:29.2446673","DxgKrnl","10011","정보",,""
"16:06:29.2619610","DxgKrnl","10011","정보",,""
"16:06:29.2619906","DxgKrnl","10011","정보",,""
"16:06:29.2620626","DxgKrnl","10011","정보",,""
"16:06:29.2620685","DxgKrnl","10011","정보",,""
"16:06:29.2620706","DxgKrnl","10011","정보",,""
"16:06:29.2665800","DxgKrnl","10011","정보",,""
"16:06:29.2666457","DxgKrnl","10011","정보",,""
"16:06:29.2695795","DxgKrnl","10011","정보",,""
"16:06:29.2696343","DxgKrnl","10011","정보",,""
"16:06:29.2696760","DxgKrnl","10011","정보",,""
"16:06:29.2698369","DxgKrnl","10011","정보",,""
"16:06:29.2698420","DxgKrnl","10011","정보",,""
"16:06:29.2698529","DxgKrnl","10011","정보",,""
"16:06:29.2699052","DxgKrnl","10011","정보",,""
"16:06:29.2702148","DxgKrnl","10011","정보",,""
"16:06:29.2702211","DxgKrnl","10011","정보",,""
"16:06:29.2703217","DxgKrnl","10011","정보",,""
"16:06:29.2706455","DxgKrnl","10011","정보",,""
"16:06:29.2770984","DxgKrnl","10011","정보",,""
"16:06:29.2771745","DxgKrnl","10011","정보",,""
"16:06:29.2835643","DxgKrnl","10011","정보",,""
"16:06:29.2836327","DxgKrnl","10011","정보",,""
"16:06:29.3961993","DxgKrnl","10011","정보",,""
"16:06:29.3969196","DxgKrnl","10011","정보",,""
"16:06:29.4346903","DxgKrnl","10011","정보",,""
"16:06:29.4350323","DxgKrnl","10011","정보",,""
"16:06:29.4359651","DxgKrnl","10011","정보",,""
"16:06:29.4360303","DxgKrnl","10011","정보",,""
"16:06:29.4361893","DxgKrnl","10011","정보",,""
"16:06:29.4364524","DxgKrnl","10011","정보",,""
"16:06:29.4366587","DxgKrnl","10011","정보",,""
"16:06:29.4367977","DxgKrnl","10011","정보",,""
"16:06:29.4368571","DxgKrnl","10011","정보",,""
"16:06:29.4398206","DxgKrnl","10011","정보",,""
"16:06:29.4414414","DxgKrnl","10011","정보",,""
"16:06:29.4414532","DxgKrnl","10011","정보",,""
"16:06:29.4414539","DxgKrnl","10011","정보",,""
"16:06:29.4416169","DxgKrnl","10011","정보",,""
"16:06:29.4417100","DxgKrnl","10011","정보",,""
"16:06:29.4420601","DxgKrnl","10011","정보",,""
"16:06:29.4421455","DxgKrnl","10011","정보",,""
"16:06:29.4501702","DxgKrnl","10011","정보",,""
"16:06:29.4502124","DxgKrnl","10011","정보",,""
"16:06:29.4502167","DxgKrnl","10011","정보",,""
"16:06:29.4503588","DxgKrnl","10011","정보",,""
"16:06:29.4503602","DxgKrnl","10011","정보",,""
"16:06:29.4531895","DxgKrnl","10011","정보",,""
"16:06:29.4544798","DxgKrnl","10011","정보",,""
"16:06:29.4544909","DxgKrnl","10011","정보",,""
"16:06:29.4544916","DxgKrnl","10011","정보",,""
"16:06:29.4548833","DxgKrnl","10011","정보",,""
"16:06:29.4549900","DxgKrnl","10011","정보",,""
"16:06:29.4554557","DxgKrnl","10011","정보",,""
"16:06:29.4555310","DxgKrnl","10011","정보",,""
"16:06:30.2467775","DxgKrnl","10011","정보",,""
"16:06:30.2468720","DxgKrnl","10011","정보",,""
"16:06:30.2468759","DxgKrnl","10011","정보",,""
"16:06:30.2469570","DxgKrnl","10011","정보",,""
"16:06:30.2469603","DxgKrnl","10011","정보",,""
"16:06:30.2470258","DxgKrnl","10011","정보",,""
"16:06:30.2470438","DxgKrnl","10011","정보",,""
"16:06:30.2471157","DxgKrnl","10011","정보",,""
"16:06:30.8129068","DxgKrnl","10011","정보",,""
"16:06:30.8136737","DxgKrnl","10011","정보",,""
"16:06:31.7201809","DxgKrnl","10011","정보",,""
"16:06:31.7202557","DxgKrnl","10011","정보",,""
"16:12:17.8387599","Kernel-PnP","220","시작",,"Begin querying bus relations for device PCI\VEN_1002&DEV_7550&SUBSYS_E4891DA2&REV_C0\6&8916a45&0&00000009"
"16:12:17.8393702","DxgKrnl","10011","정보",,""
"16:12:17.8809321","DxgKrnl","10011","정보",,""
"16:12:17.8812214","DxgKrnl","10011","정보",,""
"16:12:17.8812389","DxgKrnl","10011","정보",,""
"16:12:17.8813076","Kernel-PnP","222","시작",,"End querying bus relations for device PCI\VEN_1002&DEV_7550&SUBSYS_E4891DA2&REV_C0\6&8916a45&0&00000009"
"16:12:17.8815047","Kernel-PnP","1010","시작",,"버스에 누락 된 것으로 보고 된 장치 DISPLAY\SAM7B0C\7&16b8ddb4&0&UID260이 (가) 제거 되었습니다. 제거 된 장치 수 | 개수: 1"
"16:12:17.8816806","DxgKrnl","10011","정보",,""
"16:12:17.8817729","DxgKrnl","10011","정보",,""
"16:12:17.8820642","Kernel-PnP","220","시작",,"Begin querying bus relations for device SWD\DRIVERENUM\AMDCP&7&16b8ddb4&0"
"16:12:17.8820671","Kernel-PnP","222","시작",,"End querying bus relations for device SWD\DRIVERENUM\AMDCP&7&16b8ddb4&0"
"16:12:17.8820790","Kernel-PnP","220","시작",,"Begin querying bus relations for device SWD\DRIVERENUM\AMDFDANS&7&16b8ddb4&0"
"16:12:17.8820802","Kernel-PnP","222","시작",,"End querying bus relations for device SWD\DRIVERENUM\AMDFDANS&7&16b8ddb4&0"
"16:12:17.8820870","Kernel-PnP","220","시작",,"Begin querying bus relations for device SWD\DRIVERENUM\AMDOCL&7&16b8ddb4&0"
"16:12:17.8820882","Kernel-PnP","222","시작",,"End querying bus relations for device SWD\DRIVERENUM\AMDOCL&7&16b8ddb4&0"
"16:12:17.8820954","Kernel-PnP","220","시작",,"Begin querying bus relations for device SWD\DRIVERENUM\AMDOGL&7&16b8ddb4&0"
"16:12:17.8820965","Kernel-PnP","222","시작",,"End querying bus relations for device SWD\DRIVERENUM\AMDOGL&7&16b8ddb4&0"
"16:12:17.8821028","Kernel-PnP","220","시작",,"Begin querying bus relations for device SWD\DRIVERENUM\AMDVLK&7&16b8ddb4&0"
"16:12:17.8821113","Kernel-PnP","222","시작",,"End querying bus relations for device SWD\DRIVERENUM\AMDVLK&7&16b8ddb4&0"
"16:12:17.8821238","Kernel-PnP","220","시작",,"Begin querying bus relations for device SWD\DRIVERENUM\AMDWIN&7&16b8ddb4&0"
"16:12:17.8821269","Kernel-PnP","222","시작",,"End querying bus relations for device SWD\DRIVERENUM\AMDWIN&7&16b8ddb4&0"
"16:12:17.8821337","Kernel-PnP","220","시작",,"Begin querying bus relations for device DISPLAY\BBC0104\7&16b8ddb4&0&UID265"
"16:12:17.8821396","Kernel-PnP","222","시작",,"End querying bus relations for device DISPLAY\BBC0104\7&16b8ddb4&0&UID265"
"16:12:17.8821457","Kernel-PnP","220","시작",,"Begin querying bus relations for device DISPLAY\SAM79DF\7&16b8ddb4&0&UID256"
"16:12:17.8821484","Kernel-PnP","222","시작",,"End querying bus relations for device DISPLAY\SAM79DF\7&16b8ddb4&0&UID256"
"16:12:17.8824668","DxgKrnl","10011","정보",,""
"16:12:17.8825647","DxgKrnl","10011","정보",,""
"16:12:17.8836016","Kernel-PnP","808","시작",,"End device add, status (STATUS_SUCCESS)"
"16:12:17.8840671","Kernel-PnP","220","시작",,"Begin querying bus relations for device DISPLAY\Default_Monitor\7&16b8ddb4&0&UID260"
"16:12:17.8840713","Kernel-PnP","222","시작",,"End querying bus relations for device DISPLAY\Default_Monitor\7&16b8ddb4&0&UID260"
"16:12:17.8843674","DxgKrnl","10011","정보",,""
"16:12:17.8880072","DxgKrnl","10011","정보",,""
"16:12:17.8880976","DxgKrnl","10011","정보",,""
"16:12:17.8982171","DxgKrnl","10011","정보",,""
"16:12:17.8982647","DxgKrnl","10011","정보",,""
"16:12:17.8983424","DxgKrnl","10011","정보",,""
"16:12:17.8983648","DxgKrnl","10011","정보",,""
"16:12:17.8983671","DxgKrnl","10011","정보",,""
"16:12:17.9010351","DxgKrnl","10011","정보",,""
"16:12:17.9010987","DxgKrnl","10011","정보",,""
"16:12:17.9621735","DxgKrnl","10011","정보",,""
"16:12:17.9622644","DxgKrnl","10011","정보",,""
"16:12:17.9623099","DxgKrnl","10011","정보",,""
"16:12:17.9636165","DxgKrnl","10011","정보",,""
"16:12:17.9636864","DxgKrnl","10011","정보",,""
"16:12:17.9638402","DxgKrnl","10011","정보",,""
"16:12:17.9639097","DxgKrnl","10011","정보",,""
"16:12:17.9639111","DxgKrnl","10011","정보",,""
"16:12:17.9639860","DxgKrnl","10011","정보",,""
"16:12:17.9639872","DxgKrnl","10011","정보",,""
"16:12:17.9640651","DxgKrnl","10011","정보",,""
"16:12:17.9640679","DxgKrnl","10011","정보",,""
"16:12:17.9641326","DxgKrnl","10011","정보",,""
"16:12:17.9641388","DxgKrnl","10011","정보",,""
"16:12:17.9642079","DxgKrnl","10011","정보",,""
"16:12:17.9642109","DxgKrnl","10011","정보",,""
"16:12:17.9642845","DxgKrnl","10011","정보",,""
"16:12:17.9664058","DxgKrnl","10011","정보",,""
"16:12:17.9664126","DxgKrnl","10011","정보",,""
"16:12:17.9664429","DxgKrnl","10011","정보",,""
"16:12:17.9667793","DxgKrnl","10011","정보",,""
"16:12:17.9667794","DxgKrnl","10011","정보",,""
"16:12:17.9667807","DxgKrnl","10011","정보",,""
"16:12:17.9673592","DxgKrnl","10011","정보",,""
"16:12:17.9674355","DxgKrnl","10011","정보",,""
"16:12:17.9821549","DxgKrnl","10011","정보",,""
"16:12:17.9822500","DxgKrnl","10011","정보",,""
"16:12:17.9822512","DxgKrnl","10011","정보",,""
"16:12:17.9823401","DxgKrnl","10011","정보",,""
"16:12:17.9823413","DxgKrnl","10011","정보",,""
"16:12:17.9824198","DxgKrnl","10011","정보",,""
"16:12:17.9824215","DxgKrnl","10011","정보",,""
"16:12:17.9825024","DxgKrnl","10011","정보",,""
"16:12:17.9825111","DxgKrnl","10011","정보",,""
"16:12:17.9826009","DxgKrnl","10011","정보",,""
"16:12:17.9826040","DxgKrnl","10011","정보",,""
"16:12:17.9827059","DxgKrnl","10011","정보",,""
"16:12:17.9832524","DxgKrnl","10011","정보",,""
"16:12:17.9833173","DxgKrnl","10011","정보",,""
"16:12:17.9872926","DxgKrnl","10011","정보",,""
"16:12:17.9887531","DxgKrnl","10011","정보",,""
"16:12:17.9902620","DxgKrnl","10011","정보",,""
"16:12:17.9903701","DxgKrnl","10011","정보",,""
"16:12:17.9957073","DxgKrnl","10011","정보",,""
"16:12:17.9962408","DxgKrnl","10011","정보",,""
"16:12:17.9966192","DxgKrnl","10011","정보",,""
"16:12:17.9966289","DxgKrnl","10011","정보",,""
"16:12:18.0806999","Kernel-PnP","220","시작",,"Begin querying bus relations for device PCI\VEN_1002&DEV_7550&SUBSYS_E4891DA2&REV_C0\6&8916a45&0&00000009"
"16:12:18.1255667","Kernel-PnP","222","시작",,"End querying bus relations for device PCI\VEN_1002&DEV_7550&SUBSYS_E4891DA2&REV_C0\6&8916a45&0&00000009"
"16:12:18.1255837","DxgKrnl","10011","정보",,""
"16:12:18.1257518","Kernel-PnP","1010","시작",,"버스에 누락 된 것으로 보고 된 장치 DISPLAY\Default_Monitor\7&16b8ddb4&0&UID260이 (가) 제거 되었습니다. 제거 된 장치 수 | 개수: 1"
"16:12:18.1257884","DxgKrnl","10011","정보",,""
"16:12:18.1263241","Kernel-PnP","220","시작",,"Begin querying bus relations for device SWD\DRIVERENUM\AMDCP&7&16b8ddb4&0"
"16:12:18.1263272","Kernel-PnP","222","시작",,"End querying bus relations for device SWD\DRIVERENUM\AMDCP&7&16b8ddb4&0"
"16:12:18.1263394","Kernel-PnP","220","시작",,"Begin querying bus relations for device SWD\DRIVERENUM\AMDFDANS&7&16b8ddb4&0"
"16:12:18.1263405","Kernel-PnP","222","시작",,"End querying bus relations for device SWD\DRIVERENUM\AMDFDANS&7&16b8ddb4&0"
"16:12:18.1263489","Kernel-PnP","220","시작",,"Begin querying bus relations for device SWD\DRIVERENUM\AMDOCL&7&16b8ddb4&0"
"16:12:18.1263500","Kernel-PnP","222","시작",,"End querying bus relations for device SWD\DRIVERENUM\AMDOCL&7&16b8ddb4&0"
"16:12:18.1263559","Kernel-PnP","220","시작",,"Begin querying bus relations for device SWD\DRIVERENUM\AMDOGL&7&16b8ddb4&0"
"16:12:18.1263587","Kernel-PnP","222","시작",,"End querying bus relations for device SWD\DRIVERENUM\AMDOGL&7&16b8ddb4&0"
"16:12:18.1263709","Kernel-PnP","220","시작",,"Begin querying bus relations for device SWD\DRIVERENUM\AMDVLK&7&16b8ddb4&0"
"16:12:18.1263721","Kernel-PnP","222","시작",,"End querying bus relations for device SWD\DRIVERENUM\AMDVLK&7&16b8ddb4&0"
"16:12:18.1263784","Kernel-PnP","220","시작",,"Begin querying bus relations for device SWD\DRIVERENUM\AMDWIN&7&16b8ddb4&0"
"16:12:18.1263794","Kernel-PnP","222","시작",,"End querying bus relations for device SWD\DRIVERENUM\AMDWIN&7&16b8ddb4&0"
"16:12:18.1263988","Kernel-PnP","220","시작",,"Begin querying bus relations for device DISPLAY\BBC0104\7&16b8ddb4&0&UID265"
"16:12:18.1264053","Kernel-PnP","222","시작",,"End querying bus relations for device DISPLAY\BBC0104\7&16b8ddb4&0&UID265"
"16:12:18.1264113","Kernel-PnP","220","시작",,"Begin querying bus relations for device DISPLAY\SAM79DF\7&16b8ddb4&0&UID256"
"16:12:18.1264147","Kernel-PnP","222","시작",,"End querying bus relations for device DISPLAY\SAM79DF\7&16b8ddb4&0&UID256"
"16:12:18.1465310","DxgKrnl","10011","정보",,""
"16:12:18.1467070","DxgKrnl","10011","정보",,""
"16:12:18.1480217","DxgKrnl","10011","정보",,""
"16:12:18.1481379","DxgKrnl","10011","정보",,""
"16:12:18.1531147","DxgKrnl","10011","정보",,""
"16:12:18.1531379","DxgKrnl","10011","정보",,""
"16:12:18.1532244","DxgKrnl","10011","정보",,""
"16:12:18.1532275","DxgKrnl","10011","정보",,""
"16:12:18.1532296","DxgKrnl","10011","정보",,""
"16:12:18.1535368","DxgKrnl","10011","정보",,""
"16:12:18.1536218","DxgKrnl","10011","정보",,""
"16:12:18.1604108","DxgKrnl","10011","정보",,""
"16:12:18.1705049","DxgKrnl","10011","정보",,""
"16:12:18.1705521","DxgKrnl","10011","정보",,""
"16:12:18.1706069","DxgKrnl","10011","정보",,""
"16:12:18.1712981","DxgKrnl","10011","정보",,""
"16:12:18.1713290","DxgKrnl","10011","정보",,""
"16:12:18.1713992","DxgKrnl","10011","정보",,""
"16:12:18.1714368","DxgKrnl","10011","정보",,""
"16:12:18.1714389","DxgKrnl","10011","정보",,""
"16:12:18.1714687","DxgKrnl","10011","정보",,""
"16:12:18.1734028","DxgKrnl","10011","정보",,""
"16:12:18.1734135","DxgKrnl","10011","정보",,""
"16:12:18.1734240","DxgKrnl","10011","정보",,""
"16:12:18.1736308","DxgKrnl","10011","정보",,""
"16:12:18.1737323","DxgKrnl","10011","정보",,""
"16:12:18.1737337","DxgKrnl","10011","정보",,""
"16:12:18.1784506","DxgKrnl","10011","정보",,""
"16:12:18.1784931","DxgKrnl","10011","정보",,""
"16:12:18.1853941","DxgKrnl","10011","정보",,""
"16:12:18.1854480","DxgKrnl","10011","정보",,""
"16:12:18.1854493","DxgKrnl","10011","정보",,""
"16:12:18.1854823","DxgKrnl","10011","정보",,""
"16:12:18.1860206","DxgKrnl","10011","정보",,""
"16:12:18.1860515","DxgKrnl","10011","정보",,""
"16:12:18.1904280","DxgKrnl","10011","정보",,""
"16:12:18.1905033","DxgKrnl","10011","정보",,""
"16:12:18.1922758","DxgKrnl","10011","정보",,""
"16:12:18.1923193","DxgKrnl","10011","정보",,""
"16:12:18.1937439","DxgKrnl","10011","정보",,""
"16:12:18.1943075","DxgKrnl","10011","정보",,""
"16:12:18.2839274","DxgKrnl","10011","정보",,""
"16:12:18.2840097","DxgKrnl","10011","정보",,""
"16:12:18.2841240","DxgKrnl","10011","정보",,""
"16:12:18.2842561","DxgKrnl","10011","정보",,""
"16:12:18.2842653","DxgKrnl","10011","정보",,""
"16:12:18.2843569","DxgKrnl","10011","정보",,""
"16:12:18.2845279","DxgKrnl","10011","정보",,""
"16:12:18.2846434","DxgKrnl","10011","정보",,""
"16:12:18.2846964","DxgKrnl","10011","정보",,""
"16:12:18.2849133","DxgKrnl","10011","정보",,""
"16:12:18.2849849","DxgKrnl","10011","정보",,""
"16:12:18.2849861","DxgKrnl","10011","정보",,""
"16:12:18.2851183","DxgKrnl","10011","정보",,""
"16:12:18.2851230","DxgKrnl","10011","정보",,""
"16:12:18.2852204","DxgKrnl","10011","정보",,""
"16:12:18.2856841","DxgKrnl","10011","정보",,""
"16:12:18.2867824","DxgKrnl","10011","정보",,""
"16:12:18.2868677","DxgKrnl","10011","정보",,""
"16:12:18.2890074","DxgKrnl","10011","정보",,""
"16:12:18.2890653","DxgKrnl","10011","정보",,""
"16:12:18.2921916","DxgKrnl","10011","정보",,""
"16:12:18.2922671","DxgKrnl","10011","정보",,""
"16:12:18.2923243","DxgKrnl","10011","정보",,""
"16:12:18.2923747","DxgKrnl","10011","정보",,""
"16:12:18.2924612","DxgKrnl","10011","정보",,""
"16:12:18.3016005","DxgKrnl","10011","정보",,""
"16:12:18.3016724","DxgKrnl","10011","정보",,""
"16:12:18.3049067","DxgKrnl","10011","정보",,""
"16:12:18.3049083","DxgKrnl","10011","정보",,""
"16:12:18.3050252","DxgKrnl","10011","정보",,""
"16:12:18.3050284","DxgKrnl","10011","정보",,""
"16:12:18.3100084","DxgKrnl","10011","정보",,""
"16:12:18.3100749","DxgKrnl","10011","정보",,""
"16:12:18.3100771","DxgKrnl","10011","정보",,""
"16:12:18.3103119","DxgKrnl","10011","정보",,""
"16:12:18.3103147","DxgKrnl","10011","정보",,""
"16:12:18.3103233","DxgKrnl","10011","정보",,""
"16:12:18.3117082","DxgKrnl","10011","정보",,""
"16:12:18.3122978","DxgKrnl","10011","정보",,""
"16:12:18.3123247","DxgKrnl","10011","정보",,""
"16:12:18.3123256","DxgKrnl","10011","정보",,""
"16:12:18.3125014","DxgKrnl","10011","정보",,""
"16:12:18.3125071","DxgKrnl","10011","정보",,""
"16:12:18.3127316","DxgKrnl","10011","정보",,""
"16:12:18.3127432","DxgKrnl","10011","정보",,""
"16:12:18.3134557","DxgKrnl","10011","정보",,""
"16:12:18.3135381","DxgKrnl","10011","정보",,""
"16:12:18.3559284","DxgKrnl","10011","정보",,""
"16:12:18.3559946","DxgKrnl","10011","정보",,""
"16:12:18.3597028","DxgKrnl","10011","정보",,""
"16:12:18.3604713","DxgKrnl","10011","정보",,""
"16:12:21.4006799","DxgKrnl","10011","정보",,""
"16:12:21.6334634","Kernel-PnP","220","시작",,"Begin querying bus relations for device PCI\VEN_1002&DEV_7550&SUBSYS_E4891DA2&REV_C0\6&8916a45&0&00000009"
"16:12:21.6335386","DxgKrnl","10011","정보",,""
"16:12:21.6338638","DxgKrnl","10011","정보",,""
"16:12:21.6339172","DxgKrnl","10011","정보",,""
"16:12:21.6340201","DxgKrnl","10011","정보",,""
"16:12:21.6340996","DxgKrnl","10011","정보",,""
"16:12:21.6361969","DxgKrnl","10011","정보",,""
"16:12:21.6362401","DxgKrnl","10011","정보",,""
"16:12:21.6376215","DxgKrnl","10011","정보",,""
"16:12:21.6376699","DxgKrnl","10011","정보",,""
"16:12:21.6411174","Kernel-PnP","222","시작",,"End querying bus relations for device PCI\VEN_1002&DEV_7550&SUBSYS_E4891DA2&REV_C0\6&8916a45&0&00000009"
"16:12:21.6411752","Kernel-PnP","220","시작",,"Begin querying bus relations for device SWD\DRIVERENUM\AMDCP&7&16b8ddb4&0"
"16:12:21.6411769","Kernel-PnP","222","시작",,"End querying bus relations for device SWD\DRIVERENUM\AMDCP&7&16b8ddb4&0"
"16:12:21.6411828","Kernel-PnP","220","시작",,"Begin querying bus relations for device SWD\DRIVERENUM\AMDFDANS&7&16b8ddb4&0"
"16:12:21.6411836","Kernel-PnP","222","시작",,"End querying bus relations for device SWD\DRIVERENUM\AMDFDANS&7&16b8ddb4&0"
"16:12:21.6411920","Kernel-PnP","220","시작",,"Begin querying bus relations for device SWD\DRIVERENUM\AMDOCL&7&16b8ddb4&0"
"16:12:21.6411929","Kernel-PnP","222","시작",,"End querying bus relations for device SWD\DRIVERENUM\AMDOCL&7&16b8ddb4&0"
"16:12:21.6411984","Kernel-PnP","220","시작",,"Begin querying bus relations for device SWD\DRIVERENUM\AMDOGL&7&16b8ddb4&0"
"16:12:21.6411993","Kernel-PnP","222","시작",,"End querying bus relations for device SWD\DRIVERENUM\AMDOGL&7&16b8ddb4&0"
"16:12:21.6412047","Kernel-PnP","220","시작",,"Begin querying bus relations for device SWD\DRIVERENUM\AMDVLK&7&16b8ddb4&0"
"16:12:21.6412055","Kernel-PnP","222","시작",,"End querying bus relations for device SWD\DRIVERENUM\AMDVLK&7&16b8ddb4&0"
"16:12:21.6412109","Kernel-PnP","220","시작",,"Begin querying bus relations for device SWD\DRIVERENUM\AMDWIN&7&16b8ddb4&0"
"16:12:21.6412117","Kernel-PnP","222","시작",,"End querying bus relations for device SWD\DRIVERENUM\AMDWIN&7&16b8ddb4&0"
"16:12:21.6412170","Kernel-PnP","220","시작",,"Begin querying bus relations for device DISPLAY\BBC0104\7&16b8ddb4&0&UID265"
"16:12:21.6412223","Kernel-PnP","222","시작",,"End querying bus relations for device DISPLAY\BBC0104\7&16b8ddb4&0&UID265"
"16:12:21.6412282","Kernel-PnP","220","시작",,"Begin querying bus relations for device DISPLAY\SAM79DF\7&16b8ddb4&0&UID256"
"16:12:21.6412308","Kernel-PnP","222","시작",,"End querying bus relations for device DISPLAY\SAM79DF\7&16b8ddb4&0&UID256"
"16:12:21.6451296","DxgKrnl","10011","정보",,""
"16:12:21.6451583","DxgKrnl","10011","정보",,""
"16:12:21.6451998","DxgKrnl","10011","정보",,""
"16:12:21.6452036","DxgKrnl","10011","정보",,""
"16:12:21.6452059","DxgKrnl","10011","정보",,""
"16:12:21.6488951","DxgKrnl","10011","정보",,""
"16:12:21.6489714","DxgKrnl","10011","정보",,""
"16:12:21.6490756","Kernel-PnP","808","시작",,"End device add, status (STATUS_SUCCESS)"
"16:12:21.6493827","Kernel-PnP","220","시작",,"Begin querying bus relations for device DISPLAY\SAM7B0C\7&16b8ddb4&0&UID260"
"16:12:21.6493857","Kernel-PnP","222","시작",,"End querying bus relations for device DISPLAY\SAM7B0C\7&16b8ddb4&0&UID260"
"16:12:21.6496130","DxgKrnl","10011","정보",,""
"16:12:21.6704495","DxgKrnl","10011","정보",,""
"16:12:21.6705223","DxgKrnl","10011","정보",,""
"16:12:21.6705635","DxgKrnl","10011","정보",,""
"16:12:21.6719147","DxgKrnl","10011","정보",,""
"16:12:21.6719662","DxgKrnl","10011","정보",,""
"16:12:21.6720991","DxgKrnl","10011","정보",,""
"16:12:21.6721616","DxgKrnl","10011","정보",,""
"16:12:21.6721629","DxgKrnl","10011","정보",,""
"16:12:21.6722150","DxgKrnl","10011","정보",,""
"16:12:21.6722171","DxgKrnl","10011","정보",,""
"16:12:21.6722855","DxgKrnl","10011","정보",,""
"16:12:21.6722910","DxgKrnl","10011","정보",,""
"16:12:21.6723425","DxgKrnl","10011","정보",,""
"16:12:21.6744380","DxgKrnl","10011","정보",,""
"16:12:21.6744581","DxgKrnl","10011","정보",,""
"16:12:21.6745082","DxgKrnl","10011","정보",,""
"16:12:21.6745148","DxgKrnl","10011","정보",,""
"16:12:21.6747001","DxgKrnl","10011","정보",,""
"16:12:21.6749182","DxgKrnl","10011","정보",,""
"16:12:21.6749183","DxgKrnl","10011","정보",,""
"16:12:21.6749221","DxgKrnl","10011","정보",,""
"16:12:21.6749288","DxgKrnl","10011","정보",,""
"16:12:21.6749494","DxgKrnl","10011","정보",,""
"16:12:21.6816919","DxgKrnl","10011","정보",,""
"16:12:21.6817539","DxgKrnl","10011","정보",,""
"16:12:21.6817548","DxgKrnl","10011","정보",,""
"16:12:21.6818136","DxgKrnl","10011","정보",,""
"16:12:21.6818153","DxgKrnl","10011","정보",,""
"16:12:21.6818661","DxgKrnl","10011","정보",,""
"16:12:21.6818725","DxgKrnl","10011","정보",,""
"16:12:21.6819220","DxgKrnl","10011","정보",,""
"16:12:21.6823071","DxgKrnl","10011","정보",,""
"16:12:21.6823625","DxgKrnl","10011","정보",,""
"16:12:21.6824788","DxgKrnl","10011","정보",,""
"16:12:21.6825470","DxgKrnl","10011","정보",,""
"16:12:21.6865739","DxgKrnl","10011","정보",,""
"16:12:21.6866419","DxgKrnl","10011","정보",,""
"16:12:21.6931584","DxgKrnl","10011","정보",,""
"16:12:21.6937552","DxgKrnl","10011","정보",,""
"16:12:21.6994132","DxgKrnl","10011","정보",,""
"16:12:21.6994825","DxgKrnl","10011","정보",,""
"16:12:21.6995534","DxgKrnl","10011","정보",,""
"16:12:21.6995572","DxgKrnl","10011","정보",,""
"16:12:21.6995594","DxgKrnl","10011","정보",,""
"16:12:21.7036446","DxgKrnl","10011","정보",,""
"16:12:21.7037096","DxgKrnl","10011","정보",,""
"16:12:21.7062896","DxgKrnl","10011","정보",,""
"16:12:21.7063544","DxgKrnl","10011","정보",,""
"16:12:21.7063881","DxgKrnl","10011","정보",,""
"16:12:21.7065692","DxgKrnl","10011","정보",,""
"16:12:21.7065819","DxgKrnl","10011","정보",,""
"16:12:21.7066143","DxgKrnl","10011","정보",,""
"16:12:21.7066511","DxgKrnl","10011","정보",,""
"16:12:21.7068434","DxgKrnl","10011","정보",,""
"16:12:21.7068506","DxgKrnl","10011","정보",,""
"16:12:21.7106654","DxgKrnl","10011","정보",,""
"16:12:21.7107900","DxgKrnl","10011","정보",,""
"16:12:21.7164119","DxgKrnl","10011","정보",,""
"16:12:21.7164761","DxgKrnl","10011","정보",,""
"16:12:21.8933860","DxgKrnl","10011","정보",,""
"16:12:21.8941293","DxgKrnl","10011","정보",,""
"16:12:21.8983479","DxgKrnl","10011","정보",,""
"16:12:21.8991957","DxgKrnl","10011","정보",,""
"16:12:21.8992715","DxgKrnl","10011","정보",,""
"16:12:21.8992729","DxgKrnl","10011","정보",,""
"16:12:21.8994764","DxgKrnl","10011","정보",,""
"16:12:21.8994856","DxgKrnl","10011","정보",,""
"16:12:21.9013903","DxgKrnl","10011","정보",,""
"16:12:21.9014807","DxgKrnl","10011","정보",,""
"16:12:21.9015728","DxgKrnl","10011","정보",,""
"16:12:21.9016535","DxgKrnl","10011","정보",,""
"16:12:21.9017715","DxgKrnl","10011","정보",,""
"16:12:21.9023221","DxgKrnl","10011","정보",,""
"16:12:21.9024575","DxgKrnl","10011","정보",,""
"16:12:21.9047447","DxgKrnl","10011","정보",,""
"16:12:21.9064101","DxgKrnl","10011","정보",,""
"16:12:21.9064234","DxgKrnl","10011","정보",,""
"16:12:21.9064242","DxgKrnl","10011","정보",,""
"16:12:21.9066777","DxgKrnl","10011","정보",,""
"16:12:21.9067300","DxgKrnl","10011","정보",,""
"16:12:21.9069247","DxgKrnl","10011","정보",,""
"16:12:21.9069433","DxgKrnl","10011","정보",,""
"16:12:21.9082272","DxgKrnl","10011","정보",,""
"16:12:21.9084954","DxgKrnl","10011","정보",,""
"16:12:21.9153746","DxgKrnl","10011","정보",,""
"16:12:21.9156651","DxgKrnl","10011","정보",,""
"16:12:21.9157491","DxgKrnl","10011","정보",,""
"16:12:21.9175084","DxgKrnl","10011","정보",,""
"16:12:21.9188680","DxgKrnl","10011","정보",,""
"16:12:21.9188804","DxgKrnl","10011","정보",,""
"16:12:21.9188811","DxgKrnl","10011","정보",,""
"16:12:21.9195720","DxgKrnl","10011","정보",,""
"16:12:21.9196160","DxgKrnl","10011","정보",,""
"16:12:21.9197389","DxgKrnl","10011","정보",,""
"16:12:21.9197405","DxgKrnl","10011","정보",,""
"16:12:21.9207039","DxgKrnl","10011","정보",,""
"16:12:21.9209313","DxgKrnl","10011","정보",,""
"16:12:22.6244436","DxgKrnl","10011","정보",,""
"16:12:22.6250393","DxgKrnl","10011","정보",,""
"16:12:22.7690807","DxgKrnl","10011","정보",,""
"16:12:22.7691587","DxgKrnl","10011","정보",,""
"16:12:22.7691603","DxgKrnl","10011","정보",,""
"16:12:22.7692209","DxgKrnl","10011","정보",,""
"16:12:22.7692228","DxgKrnl","10011","정보",,""
"16:12:22.7692734","DxgKrnl","10011","정보",,""
"16:12:22.7692863","DxgKrnl","10011","정보",,""
"16:12:22.7693417","DxgKrnl","10011","정보",,""
"16:12:24.2498357","DxgKrnl","10011","정보",,""
"16:12:24.2499049","DxgKrnl","10011","정보",,""
"16:12:56.3578697","Kernel-PnP","220","시작",,"Begin querying bus relations for device PCI\VEN_1002&DEV_7550&SUBSYS_E4891DA2&REV_C0\6&8916a45&0&00000009"
"16:12:56.3578967","DxgKrnl","10011","정보",,""
"16:12:56.3970365","DxgKrnl","10011","정보",,""
"16:12:56.3970623","Kernel-PnP","222","시작",,"End querying bus relations for device PCI\VEN_1002&DEV_7550&SUBSYS_E4891DA2&REV_C0\6&8916a45&0&00000009"
"16:12:56.3972561","DxgKrnl","10011","정보",,""
"16:12:56.3972596","DxgKrnl","10011","정보",,""
"16:12:56.3972652","Kernel-PnP","1010","시작",,"버스에 누락 된 것으로 보고 된 장치 DISPLAY\SAM7B0C\7&16b8ddb4&0&UID260이 (가) 제거 되었습니다. 제거 된 장치 수 | 개수: 1"
"16:12:56.3978626","Kernel-PnP","220","시작",,"Begin querying bus relations for device SWD\DRIVERENUM\AMDCP&7&16b8ddb4&0"
"16:12:56.3978655","Kernel-PnP","222","시작",,"End querying bus relations for device SWD\DRIVERENUM\AMDCP&7&16b8ddb4&0"
"16:12:56.3978771","Kernel-PnP","220","시작",,"Begin querying bus relations for device SWD\DRIVERENUM\AMDFDANS&7&16b8ddb4&0"
"16:12:56.3978783","Kernel-PnP","222","시작",,"End querying bus relations for device SWD\DRIVERENUM\AMDFDANS&7&16b8ddb4&0"
"16:12:56.3978846","Kernel-PnP","220","시작",,"Begin querying bus relations for device SWD\DRIVERENUM\AMDOCL&7&16b8ddb4&0"
"16:12:56.3978856","Kernel-PnP","222","시작",,"End querying bus relations for device SWD\DRIVERENUM\AMDOCL&7&16b8ddb4&0"
"16:12:56.3978936","Kernel-PnP","220","시작",,"Begin querying bus relations for device SWD\DRIVERENUM\AMDOGL&7&16b8ddb4&0"
"16:12:56.3978946","Kernel-PnP","222","시작",,"End querying bus relations for device SWD\DRIVERENUM\AMDOGL&7&16b8ddb4&0"
"16:12:56.3979008","Kernel-PnP","220","시작",,"Begin querying bus relations for device SWD\DRIVERENUM\AMDVLK&7&16b8ddb4&0"
"16:12:56.3979017","Kernel-PnP","222","시작",,"End querying bus relations for device SWD\DRIVERENUM\AMDVLK&7&16b8ddb4&0"
"16:12:56.3979078","Kernel-PnP","220","시작",,"Begin querying bus relations for device SWD\DRIVERENUM\AMDWIN&7&16b8ddb4&0"
"16:12:56.3979088","Kernel-PnP","222","시작",,"End querying bus relations for device SWD\DRIVERENUM\AMDWIN&7&16b8ddb4&0"
"16:12:56.3979153","Kernel-PnP","220","시작",,"Begin querying bus relations for device DISPLAY\BBC0104\7&16b8ddb4&0&UID265"
"16:12:56.3979207","Kernel-PnP","222","시작",,"End querying bus relations for device DISPLAY\BBC0104\7&16b8ddb4&0&UID265"
"16:12:56.3979275","Kernel-PnP","220","시작",,"Begin querying bus relations for device DISPLAY\SAM79DF\7&16b8ddb4&0&UID256"
"16:12:56.3979307","Kernel-PnP","222","시작",,"End querying bus relations for device DISPLAY\SAM79DF\7&16b8ddb4&0&UID256"
"16:12:56.3998597","DxgKrnl","10011","정보",,""
"16:12:56.4001085","DxgKrnl","10011","정보",,""
"16:12:56.4006420","Kernel-PnP","808","시작",,"End device add, status (STATUS_SUCCESS)"
"16:12:56.4009276","DxgKrnl","10011","정보",,""
"16:12:56.4010146","DxgKrnl","10011","정보",,""
"16:12:56.4011105","Kernel-PnP","220","시작",,"Begin querying bus relations for device DISPLAY\Default_Monitor\7&16b8ddb4&0&UID260"
"16:12:56.4011142","Kernel-PnP","222","시작",,"End querying bus relations for device DISPLAY\Default_Monitor\7&16b8ddb4&0&UID260"
"16:12:56.4013654","DxgKrnl","10011","정보",,""
"16:12:56.4050321","DxgKrnl","10011","정보",,""
"16:12:56.4051073","DxgKrnl","10011","정보",,""
"16:12:56.4143960","DxgKrnl","10011","정보",,""
"16:12:56.4144400","DxgKrnl","10011","정보",,""
"16:12:56.4145178","DxgKrnl","10011","정보",,""
"16:12:56.4145256","DxgKrnl","10011","정보",,""
"16:12:56.4145291","DxgKrnl","10011","정보",,""
"16:12:56.4171765","DxgKrnl","10011","정보",,""
"16:12:56.4172405","DxgKrnl","10011","정보",,""
"16:12:56.5006025","DxgKrnl","10011","정보",,""
"16:12:56.5007130","DxgKrnl","10011","정보",,""
"16:12:56.5007590","DxgKrnl","10011","정보",,""
"16:12:56.5020305","DxgKrnl","10011","정보",,""
"16:12:56.5020995","DxgKrnl","10011","정보",,""
"16:12:56.5022666","DxgKrnl","10011","정보",,""
"16:12:56.5023416","DxgKrnl","10011","정보",,""
"16:12:56.5023428","DxgKrnl","10011","정보",,""
"16:12:56.5024113","DxgKrnl","10011","정보",,""
"16:12:56.5024124","DxgKrnl","10011","정보",,""
"16:12:56.5024851","DxgKrnl","10011","정보",,""
"16:12:56.5024877","DxgKrnl","10011","정보",,""
"16:12:56.5025552","DxgKrnl","10011","정보",,""
"16:12:56.5025601","DxgKrnl","10011","정보",,""
"16:12:56.5026286","DxgKrnl","10011","정보",,""
"16:12:56.5026314","DxgKrnl","10011","정보",,""
"16:12:56.5026988","DxgKrnl","10011","정보",,""
"16:12:56.5047343","DxgKrnl","10011","정보",,""
"16:12:56.5047440","DxgKrnl","10011","정보",,""
"16:12:56.5047563","DxgKrnl","10011","정보",,""
"16:12:56.5047951","DxgKrnl","10011","정보",,""
"16:12:56.5049542","DxgKrnl","10011","정보",,""
"16:12:56.5052805","DxgKrnl","10011","정보",,""
"16:12:56.5052884","DxgKrnl","10011","정보",,""
"16:12:56.5053785","DxgKrnl","10011","정보",,""
"16:12:56.5073765","DxgKrnl","10011","정보",,""
"16:12:56.5074554","DxgKrnl","10011","정보",,""
"16:12:56.5299723","DxgKrnl","10011","정보",,""
"16:12:56.5300569","DxgKrnl","10011","정보",,""
"16:12:56.5300585","DxgKrnl","10011","정보",,""
"16:12:56.5301361","DxgKrnl","10011","정보",,""
"16:12:56.5301373","DxgKrnl","10011","정보",,""
"16:12:56.5302699","DxgKrnl","10011","정보",,""
"16:12:56.5302743","DxgKrnl","10011","정보",,""
"16:12:56.5303592","DxgKrnl","10011","정보",,""
"16:12:56.5303654","DxgKrnl","10011","정보",,""
"16:12:56.5304323","DxgKrnl","10011","정보",,""
"16:12:56.5304364","DxgKrnl","10011","정보",,""
"16:12:56.5305096","DxgKrnl","10011","정보",,""
"16:12:56.5311093","DxgKrnl","10011","정보",,""
"16:12:56.5311739","DxgKrnl","10011","정보",,""
"16:12:56.5351018","DxgKrnl","10011","정보",,""
"16:12:56.5365208","DxgKrnl","10011","정보",,""
"16:12:56.5380505","DxgKrnl","10011","정보",,""
"16:12:56.5384508","DxgKrnl","10011","정보",,""
"16:12:56.5433938","DxgKrnl","10011","정보",,""
"16:12:56.5440957","DxgKrnl","10011","정보",,""
"16:12:56.5442534","DxgKrnl","10011","정보",,""
"16:12:56.5473054","DxgKrnl","10011","정보",,""
"16:12:56.5878656","DxgKrnl","10011","정보",,""
"16:12:56.5879164","Kernel-PnP","220","시작",,"Begin querying bus relations for device PCI\VEN_1002&DEV_7550&SUBSYS_E4891DA2&REV_C0\6&8916a45&0&00000009"
"16:12:56.6418053","Kernel-PnP","222","시작",,"End querying bus relations for device PCI\VEN_1002&DEV_7550&SUBSYS_E4891DA2&REV_C0\6&8916a45&0&00000009"
"16:12:56.6420531","DxgKrnl","10011","정보",,""
"16:12:56.6420683","Kernel-PnP","1010","시작",,"버스에 누락 된 것으로 보고 된 장치 DISPLAY\Default_Monitor\7&16b8ddb4&0&UID260이 (가) 제거 되었습니다. 제거 된 장치 수 | 개수: 1"
"16:12:56.6425466","DxgKrnl","10011","정보",,""
"16:12:56.6427211","Kernel-PnP","220","시작",,"Begin querying bus relations for device SWD\DRIVERENUM\AMDCP&7&16b8ddb4&0"
"16:12:56.6427243","Kernel-PnP","222","시작",,"End querying bus relations for device SWD\DRIVERENUM\AMDCP&7&16b8ddb4&0"
"16:12:56.6427449","Kernel-PnP","220","시작",,"Begin querying bus relations for device SWD\DRIVERENUM\AMDFDANS&7&16b8ddb4&0"
"16:12:56.6427472","Kernel-PnP","222","시작",,"End querying bus relations for device SWD\DRIVERENUM\AMDFDANS&7&16b8ddb4&0"
"16:12:56.6428060","Kernel-PnP","220","시작",,"Begin querying bus relations for device SWD\DRIVERENUM\AMDOCL&7&16b8ddb4&0"
"16:12:56.6428088","Kernel-PnP","222","시작",,"End querying bus relations for device SWD\DRIVERENUM\AMDOCL&7&16b8ddb4&0"
"16:12:56.6428235","Kernel-PnP","220","시작",,"Begin querying bus relations for device SWD\DRIVERENUM\AMDOGL&7&16b8ddb4&0"
"16:12:56.6428260","Kernel-PnP","222","시작",,"End querying bus relations for device SWD\DRIVERENUM\AMDOGL&7&16b8ddb4&0"
"16:12:56.6428377","Kernel-PnP","220","시작",,"Begin querying bus relations for device SWD\DRIVERENUM\AMDVLK&7&16b8ddb4&0"
"16:12:56.6428397","Kernel-PnP","222","시작",,"End querying bus relations for device SWD\DRIVERENUM\AMDVLK&7&16b8ddb4&0"
"16:12:56.6428532","Kernel-PnP","220","시작",,"Begin querying bus relations for device SWD\DRIVERENUM\AMDWIN&7&16b8ddb4&0"
"16:12:56.6428549","Kernel-PnP","222","시작",,"End querying bus relations for device SWD\DRIVERENUM\AMDWIN&7&16b8ddb4&0"
"16:12:56.6428603","Kernel-PnP","220","시작",,"Begin querying bus relations for device DISPLAY\BBC0104\7&16b8ddb4&0&UID265"
"16:12:56.6428666","Kernel-PnP","222","시작",,"End querying bus relations for device DISPLAY\BBC0104\7&16b8ddb4&0&UID265"
"16:12:56.6428735","Kernel-PnP","220","시작",,"Begin querying bus relations for device DISPLAY\SAM79DF\7&16b8ddb4&0&UID256"
"16:12:56.6428765","Kernel-PnP","222","시작",,"End querying bus relations for device DISPLAY\SAM79DF\7&16b8ddb4&0&UID256"
"16:12:56.6429292","DxgKrnl","10011","정보",,""
"16:12:56.6555123","DxgKrnl","10011","정보",,""
"16:12:56.6557577","DxgKrnl","10011","정보",,""
"16:12:56.6829518","DxgKrnl","10011","정보",,""
"16:12:56.6830643","DxgKrnl","10011","정보",,""
"16:12:56.6887219","DxgKrnl","10011","정보",,""
"16:12:56.6950062","DxgKrnl","10011","정보",,""
"16:12:56.6951112","DxgKrnl","10011","정보",,""
"16:12:56.6951150","DxgKrnl","10011","정보",,""
"16:12:56.6951171","DxgKrnl","10011","정보",,""
"16:12:56.6955233","DxgKrnl","10011","정보",,""
"16:12:56.6955988","DxgKrnl","10011","정보",,""
"16:12:56.7116137","DxgKrnl","10011","정보",,""
"16:12:56.7216662","DxgKrnl","10011","정보",,""
"16:12:56.7217147","DxgKrnl","10011","정보",,""
"16:12:56.7217727","DxgKrnl","10011","정보",,""
"16:12:56.7225226","DxgKrnl","10011","정보",,""
"16:12:56.7225570","DxgKrnl","10011","정보",,""
"16:12:56.7226241","DxgKrnl","10011","정보",,""
"16:12:56.7226568","DxgKrnl","10011","정보",,""
"16:12:56.7226588","DxgKrnl","10011","정보",,""
"16:12:56.7226919","DxgKrnl","10011","정보",,""
"16:12:56.7246132","DxgKrnl","10011","정보",,""
"16:12:56.7246171","DxgKrnl","10011","정보",,""
"16:12:56.7246731","DxgKrnl","10011","정보",,""
"16:12:56.7249543","DxgKrnl","10011","정보",,""
"16:12:56.7250402","DxgKrnl","10011","정보",,""
"16:12:56.7250437","DxgKrnl","10011","정보",,""
"16:12:56.7284654","DxgKrnl","10011","정보",,""
"16:12:56.7285170","DxgKrnl","10011","정보",,""
"16:12:56.7320618","DxgKrnl","10011","정보",,""
"16:12:56.7321235","DxgKrnl","10011","정보",,""
"16:12:56.7321247","DxgKrnl","10011","정보",,""
"16:12:56.7321574","DxgKrnl","10011","정보",,""
"16:12:56.7327102","DxgKrnl","10011","정보",,""
"16:12:56.7327388","DxgKrnl","10011","정보",,""
"16:12:56.7342053","DxgKrnl","10011","정보",,""
"16:12:56.7347519","DxgKrnl","10011","정보",,""
"16:12:56.7376400","DxgKrnl","10011","정보",,""
"16:12:56.7376868","DxgKrnl","10011","정보",,""
"16:12:56.7393834","DxgKrnl","10011","정보",,""
"16:12:56.7394681","DxgKrnl","10011","정보",,""
"16:12:56.8433163","DxgKrnl","10011","정보",,""
"16:12:56.8438895","DxgKrnl","10011","정보",,""
"16:12:56.8439058","DxgKrnl","10011","정보",,""
"16:12:56.8440001","DxgKrnl","10011","정보",,""
"16:12:56.8440069","DxgKrnl","10011","정보",,""
"16:12:56.8442114","DxgKrnl","10011","정보",,""
"16:12:56.8443129","DxgKrnl","10011","정보",,""
"16:12:56.8443133","DxgKrnl","10011","정보",,""
"16:12:56.8444554","DxgKrnl","10011","정보",,""
"16:12:56.8444587","DxgKrnl","10011","정보",,""
"16:12:56.8445083","DxgKrnl","10011","정보",,""
"16:12:56.8451372","DxgKrnl","10011","정보",,""
"16:12:56.8465728","DxgKrnl","10011","정보",,""
"16:12:56.8466595","DxgKrnl","10011","정보",,""
"16:12:56.8479820","DxgKrnl","10011","정보",,""
"16:12:56.8480381","DxgKrnl","10011","정보",,""
"16:12:56.8527765","DxgKrnl","10011","정보",,""
"16:12:56.8527994","DxgKrnl","10011","정보",,""
"16:12:56.8528012","DxgKrnl","10011","정보",,""
"16:12:56.8528327","DxgKrnl","10011","정보",,""
"16:12:56.8528347","DxgKrnl","10011","정보",,""
"16:12:56.8530434","DxgKrnl","10011","정보",,""
"16:12:56.8530477","DxgKrnl","10011","정보",,""
"16:12:56.8530502","DxgKrnl","10011","정보",,""
"16:12:56.8530505","DxgKrnl","10011","정보",,""
"16:12:56.8531292","DxgKrnl","10011","정보",,""
"16:12:56.8533803","DxgKrnl","10011","정보",,""
"16:12:56.8601608","DxgKrnl","10011","정보",,""
"16:12:56.8602411","DxgKrnl","10011","정보",,""
"16:12:56.8628242","DxgKrnl","10011","정보",,""
"16:12:56.8629602","DxgKrnl","10011","정보",,""
"16:12:56.8658496","DxgKrnl","10011","정보",,""
"16:12:56.8658534","DxgKrnl","10011","정보",,""
"16:12:56.8661896","DxgKrnl","10011","정보",,""
"16:12:56.8661976","DxgKrnl","10011","정보",,""
"16:12:56.8676679","DxgKrnl","10011","정보",,""
"16:12:56.8677510","DxgKrnl","10011","정보",,""
"16:12:56.8714577","DxgKrnl","10011","정보",,""
"16:12:56.8714593","DxgKrnl","10011","정보",,""
"16:12:56.8715811","DxgKrnl","10011","정보",,""
"16:12:56.8715820","DxgKrnl","10011","정보",,""
"16:12:56.8721592","DxgKrnl","10011","정보",,""
"16:12:56.8735580","DxgKrnl","10011","정보",,""
"16:12:56.8740515","DxgKrnl","10011","정보",,""
"16:12:56.8740657","DxgKrnl","10011","정보",,""
"16:12:56.8740664","DxgKrnl","10011","정보",,""
"16:12:56.8741489","DxgKrnl","10011","정보",,""
"16:12:56.8748612","DxgKrnl","10011","정보",,""
"16:12:56.8749184","DxgKrnl","10011","정보",,""
"16:12:56.8760104","DxgKrnl","10011","정보",,""
"16:12:56.8760575","DxgKrnl","10011","정보",,""
"16:12:56.9170991","DxgKrnl","10011","정보",,""
"16:12:56.9171769","DxgKrnl","10011","정보",,""
"16:12:56.9196119","DxgKrnl","10011","정보",,""
"16:12:56.9203770","DxgKrnl","10011","정보",,""
"16:12:59.9052631","DxgKrnl","10011","정보",,""
"16:13:00.1367656","Kernel-PnP","220","시작",,"Begin querying bus relations for device PCI\VEN_1002&DEV_7550&SUBSYS_E4891DA2&REV_C0\6&8916a45&0&00000009"
"16:13:00.1368583","DxgKrnl","10011","정보",,""
"16:13:00.1369899","DxgKrnl","10011","정보",,""
"16:13:00.1370318","DxgKrnl","10011","정보",,""
"16:13:00.1371517","DxgKrnl","10011","정보",,""
"16:13:00.1372024","DxgKrnl","10011","정보",,""
"16:13:00.1389918","DxgKrnl","10011","정보",,""
"16:13:00.1390407","DxgKrnl","10011","정보",,""
"16:13:00.1402993","DxgKrnl","10011","정보",,""
"16:13:00.1403777","DxgKrnl","10011","정보",,""
"16:13:00.1447192","Kernel-PnP","222","시작",,"End querying bus relations for device PCI\VEN_1002&DEV_7550&SUBSYS_E4891DA2&REV_C0\6&8916a45&0&00000009"
"16:13:00.1447759","Kernel-PnP","220","시작",,"Begin querying bus relations for device SWD\DRIVERENUM\AMDCP&7&16b8ddb4&0"
"16:13:00.1447781","Kernel-PnP","222","시작",,"End querying bus relations for device SWD\DRIVERENUM\AMDCP&7&16b8ddb4&0"
"16:13:00.1447838","Kernel-PnP","220","시작",,"Begin querying bus relations for device SWD\DRIVERENUM\AMDFDANS&7&16b8ddb4&0"
"16:13:00.1447845","Kernel-PnP","222","시작",,"End querying bus relations for device SWD\DRIVERENUM\AMDFDANS&7&16b8ddb4&0"
"16:13:00.1447883","Kernel-PnP","220","시작",,"Begin querying bus relations for device SWD\DRIVERENUM\AMDOCL&7&16b8ddb4&0"
"16:13:00.1447889","Kernel-PnP","222","시작",,"End querying bus relations for device SWD\DRIVERENUM\AMDOCL&7&16b8ddb4&0"
"16:13:00.1447930","Kernel-PnP","220","시작",,"Begin querying bus relations for device SWD\DRIVERENUM\AMDOGL&7&16b8ddb4&0"
"16:13:00.1447935","Kernel-PnP","222","시작",,"End querying bus relations for device SWD\DRIVERENUM\AMDOGL&7&16b8ddb4&0"
"16:13:00.1447978","Kernel-PnP","220","시작",,"Begin querying bus relations for device SWD\DRIVERENUM\AMDVLK&7&16b8ddb4&0"
"16:13:00.1447985","Kernel-PnP","222","시작",,"End querying bus relations for device SWD\DRIVERENUM\AMDVLK&7&16b8ddb4&0"
"16:13:00.1448026","Kernel-PnP","220","시작",,"Begin querying bus relations for device SWD\DRIVERENUM\AMDWIN&7&16b8ddb4&0"
"16:13:00.1448032","Kernel-PnP","222","시작",,"End querying bus relations for device SWD\DRIVERENUM\AMDWIN&7&16b8ddb4&0"
"16:13:00.1448074","Kernel-PnP","220","시작",,"Begin querying bus relations for device DISPLAY\BBC0104\7&16b8ddb4&0&UID265"
"16:13:00.1448121","Kernel-PnP","222","시작",,"End querying bus relations for device DISPLAY\BBC0104\7&16b8ddb4&0&UID265"
"16:13:00.1448179","Kernel-PnP","220","시작",,"Begin querying bus relations for device DISPLAY\SAM79DF\7&16b8ddb4&0&UID256"
"16:13:00.1448199","Kernel-PnP","222","시작",,"End querying bus relations for device DISPLAY\SAM79DF\7&16b8ddb4&0&UID256"
"16:13:00.1490676","DxgKrnl","10011","정보",,""
"16:13:00.1491840","DxgKrnl","10011","정보",,""
"16:13:00.1492288","DxgKrnl","10011","정보",,""
"16:13:00.1492353","DxgKrnl","10011","정보",,""
"16:13:00.1492377","DxgKrnl","10011","정보",,""
"16:13:00.1537688","DxgKrnl","10011","정보",,""
"16:13:00.1538583","DxgKrnl","10011","정보",,""
"16:13:00.1541035","Kernel-PnP","808","시작",,"End device add, status (STATUS_SUCCESS)"
"16:13:00.1544167","Kernel-PnP","220","시작",,"Begin querying bus relations for device DISPLAY\SAM7B0C\7&16b8ddb4&0&UID260"
"16:13:00.1544197","Kernel-PnP","222","시작",,"End querying bus relations for device DISPLAY\SAM7B0C\7&16b8ddb4&0&UID260"
"16:13:00.1546541","DxgKrnl","10011","정보",,""
"16:13:00.1745035","DxgKrnl","10011","정보",,""
"16:13:00.1745700","DxgKrnl","10011","정보",,""
"16:13:00.1746125","DxgKrnl","10011","정보",,""
"16:13:00.1760024","DxgKrnl","10011","정보",,""
"16:13:00.1760564","DxgKrnl","10011","정보",,""
"16:13:00.1761912","DxgKrnl","10011","정보",,""
"16:13:00.1762492","DxgKrnl","10011","정보",,""
"16:13:00.1762501","DxgKrnl","10011","정보",,""
"16:13:00.1763043","DxgKrnl","10011","정보",,""
"16:13:00.1763060","DxgKrnl","10011","정보",,""
"16:13:00.1763651","DxgKrnl","10011","정보",,""
"16:13:00.1763701","DxgKrnl","10011","정보",,""
"16:13:00.1764346","DxgKrnl","10011","정보",,""
"16:13:00.1785193","DxgKrnl","10011","정보",,""
"16:13:00.1785617","DxgKrnl","10011","정보",,""
"16:13:00.1785665","DxgKrnl","10011","정보",,""
"16:13:00.1787815","DxgKrnl","10011","정보",,""
"16:13:00.1790242","DxgKrnl","10011","정보",,""
"16:13:00.1790264","DxgKrnl","10011","정보",,""
"16:13:00.1855838","DxgKrnl","10011","정보",,""
"16:13:00.1856477","DxgKrnl","10011","정보",,""
"16:13:00.1856485","DxgKrnl","10011","정보",,""
"16:13:00.1857087","DxgKrnl","10011","정보",,""
"16:13:00.1857100","DxgKrnl","10011","정보",,""
"16:13:00.1857629","DxgKrnl","10011","정보",,""
"16:13:00.1857680","DxgKrnl","10011","정보",,""
"16:13:00.1858230","DxgKrnl","10011","정보",,""
"16:13:00.1862071","DxgKrnl","10011","정보",,""
"16:13:00.1862561","DxgKrnl","10011","정보",,""
"16:13:00.1863504","DxgKrnl","10011","정보",,""
"16:13:00.1864175","DxgKrnl","10011","정보",,""
"16:13:00.1901887","DxgKrnl","10011","정보",,""
"16:13:00.1902546","DxgKrnl","10011","정보",,""
"16:13:00.1980873","DxgKrnl","10011","정보",,""
"16:13:00.1989556","DxgKrnl","10011","정보",,""
"16:13:00.2041866","DxgKrnl","10011","정보",,""
"16:13:00.2042279","DxgKrnl","10011","정보",,""
"16:13:00.2042930","DxgKrnl","10011","정보",,""
"16:13:00.2042969","DxgKrnl","10011","정보",,""
"16:13:00.2042991","DxgKrnl","10011","정보",,""
"16:13:00.2083686","DxgKrnl","10011","정보",,""
"16:13:00.2084363","DxgKrnl","10011","정보",,""
"16:13:00.2110611","DxgKrnl","10011","정보",,""
"16:13:00.2111262","DxgKrnl","10011","정보",,""
"16:13:00.2111571","DxgKrnl","10011","정보",,""
"16:13:00.2112754","DxgKrnl","10011","정보",,""
"16:13:00.2112769","DxgKrnl","10011","정보",,""
"16:13:00.2112981","DxgKrnl","10011","정보",,""
"16:13:00.2114850","DxgKrnl","10011","정보",,""
"16:13:00.2114928","DxgKrnl","10011","정보",,""
"16:13:00.2114947","DxgKrnl","10011","정보",,""
"16:13:00.2144733","DxgKrnl","10011","정보",,""
"16:13:00.2145400","DxgKrnl","10011","정보",,""
"16:13:00.2206148","DxgKrnl","10011","정보",,""
"16:13:00.2206927","DxgKrnl","10011","정보",,""
"16:13:00.3767009","DxgKrnl","10011","정보",,""
"16:13:00.3774195","DxgKrnl","10011","정보",,""
"16:13:00.4030907","DxgKrnl","10011","정보",,""
"16:13:00.4035339","DxgKrnl","10011","정보",,""
"16:13:00.4045078","DxgKrnl","10011","정보",,""
"16:13:00.4045781","DxgKrnl","10011","정보",,""
"16:13:00.4055949","DxgKrnl","10011","정보",,""
"16:13:00.4056530","DxgKrnl","10011","정보",,""
"16:13:00.4057238","DxgKrnl","10011","정보",,""
"16:13:00.4059245","DxgKrnl","10011","정보",,""
"16:13:00.4059878","DxgKrnl","10011","정보",,""
"16:13:00.4067545","DxgKrnl","10011","정보",,""
"16:13:00.4068202","DxgKrnl","10011","정보",,""
"16:13:00.4081250","DxgKrnl","10011","정보",,""
"16:13:00.4097171","DxgKrnl","10011","정보",,""
"16:13:00.4097293","DxgKrnl","10011","정보",,""
"16:13:00.4097302","DxgKrnl","10011","정보",,""
"16:13:00.4098879","DxgKrnl","10011","정보",,""
"16:13:00.4100959","DxgKrnl","10011","정보",,""
"16:13:00.4112021","DxgKrnl","10011","정보",,""
"16:13:00.4114120","DxgKrnl","10011","정보",,""
"16:13:00.4177219","DxgKrnl","10011","정보",,""
"16:13:00.4177596","DxgKrnl","10011","정보",,""
"16:13:00.4178333","DxgKrnl","10011","정보",,""
"16:13:00.4196358","DxgKrnl","10011","정보",,""
"16:13:00.4209560","DxgKrnl","10011","정보",,""
"16:13:00.4209664","DxgKrnl","10011","정보",,""
"16:13:00.4209671","DxgKrnl","10011","정보",,""
"16:13:00.4210464","DxgKrnl","10011","정보",,""
"16:13:00.4211224","DxgKrnl","10011","정보",,""
"16:13:00.4227784","DxgKrnl","10011","정보",,""
"16:13:00.4228480","DxgKrnl","10011","정보",,""
"16:13:01.2558728","DxgKrnl","10011","정보",,""
"16:13:01.2559686","DxgKrnl","10011","정보",,""
"16:13:01.2559697","DxgKrnl","10011","정보",,""
"16:13:01.2560247","DxgKrnl","10011","정보",,""
"16:13:01.2560265","DxgKrnl","10011","정보",,""
"16:13:01.2560832","DxgKrnl","10011","정보",,""
"16:13:01.2561012","DxgKrnl","10011","정보",,""
"16:13:01.2561522","DxgKrnl","10011","정보",,""
"16:13:01.7035677","DxgKrnl","10011","정보",,""
"16:13:01.7042052","DxgKrnl","10011","정보",,""
"16:13:02.7109348","DxgKrnl","10011","정보",,""
"16:13:02.7110219","DxgKrnl","10011","정보",,""
"16:14:14.8851462","Kernel-PnP","220","시작",,"Begin querying bus relations for device PCI\VEN_1002&DEV_7550&SUBSYS_E4891DA2&REV_C0\6&8916a45&0&00000009"
"16:14:14.8852425","DxgKrnl","10011","정보",,""
"16:14:14.9243827","DxgKrnl","10011","정보",,""
"16:14:14.9244178","Kernel-PnP","222","시작",,"End querying bus relations for device PCI\VEN_1002&DEV_7550&SUBSYS_E4891DA2&REV_C0\6&8916a45&0&00000009"
"16:14:14.9245783","Kernel-PnP","1010","시작",,"버스에 누락 된 것으로 보고 된 장치 DISPLAY\SAM7B0C\7&16b8ddb4&0&UID260이 (가) 제거 되었습니다. 제거 된 장치 수 | 개수: 1"
"16:14:14.9246380","DxgKrnl","10011","정보",,""
"16:14:14.9246434","DxgKrnl","10011","정보",,""
"16:14:14.9251182","Kernel-PnP","220","시작",,"Begin querying bus relations for device SWD\DRIVERENUM\AMDCP&7&16b8ddb4&0"
"16:14:14.9251228","Kernel-PnP","222","시작",,"End querying bus relations for device SWD\DRIVERENUM\AMDCP&7&16b8ddb4&0"
"16:14:14.9251632","Kernel-PnP","220","시작",,"Begin querying bus relations for device SWD\DRIVERENUM\AMDFDANS&7&16b8ddb4&0"
"16:14:14.9251650","Kernel-PnP","222","시작",,"End querying bus relations for device SWD\DRIVERENUM\AMDFDANS&7&16b8ddb4&0"
"16:14:14.9251771","Kernel-PnP","220","시작",,"Begin querying bus relations for device SWD\DRIVERENUM\AMDOCL&7&16b8ddb4&0"
"16:14:14.9251788","Kernel-PnP","222","시작",,"End querying bus relations for device SWD\DRIVERENUM\AMDOCL&7&16b8ddb4&0"
"16:14:14.9251921","Kernel-PnP","220","시작",,"Begin querying bus relations for device SWD\DRIVERENUM\AMDOGL&7&16b8ddb4&0"
"16:14:14.9251937","Kernel-PnP","222","시작",,"End querying bus relations for device SWD\DRIVERENUM\AMDOGL&7&16b8ddb4&0"
"16:14:14.9252050","Kernel-PnP","220","시작",,"Begin querying bus relations for device SWD\DRIVERENUM\AMDVLK&7&16b8ddb4&0"
"16:14:14.9252072","Kernel-PnP","222","시작",,"End querying bus relations for device SWD\DRIVERENUM\AMDVLK&7&16b8ddb4&0"
"16:14:14.9252195","Kernel-PnP","220","시작",,"Begin querying bus relations for device SWD\DRIVERENUM\AMDWIN&7&16b8ddb4&0"
"16:14:14.9252208","Kernel-PnP","222","시작",,"End querying bus relations for device SWD\DRIVERENUM\AMDWIN&7&16b8ddb4&0"
"16:14:14.9252324","Kernel-PnP","220","시작",,"Begin querying bus relations for device DISPLAY\BBC0104\7&16b8ddb4&0&UID265"
"16:14:14.9252418","Kernel-PnP","222","시작",,"End querying bus relations for device DISPLAY\BBC0104\7&16b8ddb4&0&UID265"
"16:14:14.9252532","Kernel-PnP","220","시작",,"Begin querying bus relations for device DISPLAY\SAM79DF\7&16b8ddb4&0&UID256"
"16:14:14.9252590","Kernel-PnP","222","시작",,"End querying bus relations for device DISPLAY\SAM79DF\7&16b8ddb4&0&UID256"
"16:14:14.9266346","Kernel-PnP","808","시작",,"End device add, status (STATUS_SUCCESS)"
"16:14:14.9269684","Kernel-PnP","220","시작",,"Begin querying bus relations for device DISPLAY\Default_Monitor\7&16b8ddb4&0&UID260"
"16:14:14.9269712","Kernel-PnP","222","시작",,"End querying bus relations for device DISPLAY\Default_Monitor\7&16b8ddb4&0&UID260"
"16:14:14.9272467","DxgKrnl","10011","정보",,""
"16:14:14.9279878","DxgKrnl","10011","정보",,""
"16:14:14.9280876","DxgKrnl","10011","정보",,""
"16:14:14.9297704","DxgKrnl","10011","정보",,""
"16:14:14.9298433","DxgKrnl","10011","정보",,""
"16:14:14.9352892","DxgKrnl","10011","정보",,""
"16:14:14.9353636","DxgKrnl","10011","정보",,""
"16:14:14.9414159","DxgKrnl","10011","정보",,""
"16:14:14.9414456","DxgKrnl","10011","정보",,""
"16:14:14.9415179","DxgKrnl","10011","정보",,""
"16:14:14.9415244","DxgKrnl","10011","정보",,""
"16:14:14.9415266","DxgKrnl","10011","정보",,""
"16:14:14.9449240","DxgKrnl","10011","정보",,""
"16:14:14.9449860","DxgKrnl","10011","정보",,""
"16:14:15.0298081","DxgKrnl","10011","정보",,""
"16:14:15.0299134","DxgKrnl","10011","정보",,""
"16:14:15.0299595","DxgKrnl","10011","정보",,""
"16:14:15.0312529","DxgKrnl","10011","정보",,""
"16:14:15.0313240","DxgKrnl","10011","정보",,""
"16:14:15.0314930","DxgKrnl","10011","정보",,""
"16:14:15.0315685","DxgKrnl","10011","정보",,""
"16:14:15.0315706","DxgKrnl","10011","정보",,""
"16:14:15.0316410","DxgKrnl","10011","정보",,""
"16:14:15.0316426","DxgKrnl","10011","정보",,""
"16:14:15.0317162","DxgKrnl","10011","정보",,""
"16:14:15.0317181","DxgKrnl","10011","정보",,""
"16:14:15.0317863","DxgKrnl","10011","정보",,""
"16:14:15.0317917","DxgKrnl","10011","정보",,""
"16:14:15.0318607","DxgKrnl","10011","정보",,""
"16:14:15.0318639","DxgKrnl","10011","정보",,""
"16:14:15.0319327","DxgKrnl","10011","정보",,""
"16:14:15.0340039","DxgKrnl","10011","정보",,""
"16:14:15.0340119","DxgKrnl","10011","정보",,""
"16:14:15.0340271","DxgKrnl","10011","정보",,""
"16:14:15.0340500","DxgKrnl","10011","정보",,""
"16:14:15.0343359","DxgKrnl","10011","정보",,""
"16:14:15.0345555","DxgKrnl","10011","정보",,""
"16:14:15.0345600","DxgKrnl","10011","정보",,""
"16:14:15.0345638","DxgKrnl","10011","정보",,""
"16:14:15.0378781","DxgKrnl","10011","정보",,""
"16:14:15.0379576","DxgKrnl","10011","정보",,""
"16:14:15.0567976","DxgKrnl","10011","정보",,""
"16:14:15.0568902","DxgKrnl","10011","정보",,""
"16:14:15.0568943","DxgKrnl","10011","정보",,""
"16:14:15.0569984","DxgKrnl","10011","정보",,""
"16:14:15.0569998","DxgKrnl","10011","정보",,""
"16:14:15.0570858","DxgKrnl","10011","정보",,""
"16:14:15.0570911","DxgKrnl","10011","정보",,""
"16:14:15.0571585","DxgKrnl","10011","정보",,""
"16:14:15.0571651","DxgKrnl","10011","정보",,""
"16:14:15.0572387","DxgKrnl","10011","정보",,""
"16:14:15.0572415","DxgKrnl","10011","정보",,""
"16:14:15.0573057","DxgKrnl","10011","정보",,""
"16:14:15.0579083","DxgKrnl","10011","정보",,""
"16:14:15.0579877","DxgKrnl","10011","정보",,""
"16:14:15.0636507","DxgKrnl","10011","정보",,""
"16:14:15.0647964","DxgKrnl","10011","정보",,""
"16:14:15.0661745","DxgKrnl","10011","정보",,""
"16:14:15.0662470","DxgKrnl","10011","정보",,""
"16:14:15.0669415","DxgKrnl","10011","정보",,""
"16:14:15.0706585","DxgKrnl","10011","정보",,""
"16:14:15.0726292","DxgKrnl","10011","정보",,""
"16:14:15.0727436","DxgKrnl","10011","정보",,""
"16:14:15.1249324","DxgKrnl","10011","정보",,""
"16:14:15.1249812","Kernel-PnP","220","시작",,"Begin querying bus relations for device PCI\VEN_1002&DEV_7550&SUBSYS_E4891DA2&REV_C0\6&8916a45&0&00000009"
"16:14:15.1704326","Kernel-PnP","222","시작",,"End querying bus relations for device PCI\VEN_1002&DEV_7550&SUBSYS_E4891DA2&REV_C0\6&8916a45&0&00000009"
"16:14:15.1706709","DxgKrnl","10011","정보",,""
"16:14:15.1706817","Kernel-PnP","1010","시작",,"버스에 누락 된 것으로 보고 된 장치 DISPLAY\Default_Monitor\7&16b8ddb4&0&UID260이 (가) 제거 되었습니다. 제거 된 장치 수 | 개수: 1"
"16:14:15.1707907","DxgKrnl","10011","정보",,""
"16:14:15.1710976","Kernel-PnP","220","시작",,"Begin querying bus relations for device SWD\DRIVERENUM\AMDCP&7&16b8ddb4&0"
"16:14:15.1711007","Kernel-PnP","222","시작",,"End querying bus relations for device SWD\DRIVERENUM\AMDCP&7&16b8ddb4&0"
"16:14:15.1711101","Kernel-PnP","220","시작",,"Begin querying bus relations for device SWD\DRIVERENUM\AMDFDANS&7&16b8ddb4&0"
"16:14:15.1711112","Kernel-PnP","222","시작",,"End querying bus relations for device SWD\DRIVERENUM\AMDFDANS&7&16b8ddb4&0"
"16:14:15.1711185","Kernel-PnP","220","시작",,"Begin querying bus relations for device SWD\DRIVERENUM\AMDOCL&7&16b8ddb4&0"
"16:14:15.1711196","Kernel-PnP","222","시작",,"End querying bus relations for device SWD\DRIVERENUM\AMDOCL&7&16b8ddb4&0"
"16:14:15.1711270","Kernel-PnP","220","시작",,"Begin querying bus relations for device SWD\DRIVERENUM\AMDOGL&7&16b8ddb4&0"
"16:14:15.1711279","Kernel-PnP","222","시작",,"End querying bus relations for device SWD\DRIVERENUM\AMDOGL&7&16b8ddb4&0"
"16:14:15.1711356","Kernel-PnP","220","시작",,"Begin querying bus relations for device SWD\DRIVERENUM\AMDVLK&7&16b8ddb4&0"
"16:14:15.1711365","Kernel-PnP","222","시작",,"End querying bus relations for device SWD\DRIVERENUM\AMDVLK&7&16b8ddb4&0"
"16:14:15.1711421","Kernel-PnP","220","시작",,"Begin querying bus relations for device SWD\DRIVERENUM\AMDWIN&7&16b8ddb4&0"
"16:14:15.1711431","Kernel-PnP","222","시작",,"End querying bus relations for device SWD\DRIVERENUM\AMDWIN&7&16b8ddb4&0"
"16:14:15.1711494","Kernel-PnP","220","시작",,"Begin querying bus relations for device DISPLAY\BBC0104\7&16b8ddb4&0&UID265"
"16:14:15.1711556","Kernel-PnP","222","시작",,"End querying bus relations for device DISPLAY\BBC0104\7&16b8ddb4&0&UID265"
"16:14:15.1711623","Kernel-PnP","220","시작",,"Begin querying bus relations for device DISPLAY\SAM79DF\7&16b8ddb4&0&UID256"
"16:14:15.1711655","Kernel-PnP","222","시작",,"End querying bus relations for device DISPLAY\SAM79DF\7&16b8ddb4&0&UID256"
"16:14:15.1712956","DxgKrnl","10011","정보",,""
"16:14:15.1795931","DxgKrnl","10011","정보",,""
"16:14:15.1796859","DxgKrnl","10011","정보",,""
"16:14:15.2072427","DxgKrnl","10011","정보",,""
"16:14:15.2073568","DxgKrnl","10011","정보",,""
"16:14:15.2137621","DxgKrnl","10011","정보",,""
"16:14:15.2180430","DxgKrnl","10011","정보",,""
"16:14:15.2181234","DxgKrnl","10011","정보",,""
"16:14:15.2181379","DxgKrnl","10011","정보",,""
"16:14:15.2181401","DxgKrnl","10011","정보",,""
"16:14:15.2184596","DxgKrnl","10011","정보",,""
"16:14:15.2185320","DxgKrnl","10011","정보",,""
"16:14:15.2384317","DxgKrnl","10011","정보",,""
"16:14:15.2485759","DxgKrnl","10011","정보",,""
"16:14:15.2486582","DxgKrnl","10011","정보",,""
"16:14:15.2487223","DxgKrnl","10011","정보",,""
"16:14:15.2494457","DxgKrnl","10011","정보",,""
"16:14:15.2494768","DxgKrnl","10011","정보",,""
"16:14:15.2495418","DxgKrnl","10011","정보",,""
"16:14:15.2495773","DxgKrnl","10011","정보",,""
"16:14:15.2495788","DxgKrnl","10011","정보",,""
"16:14:15.2496087","DxgKrnl","10011","정보",,""
"16:14:15.2514759","DxgKrnl","10011","정보",,""
"16:14:15.2514995","DxgKrnl","10011","정보",,""
"16:14:15.2516399","DxgKrnl","10011","정보",,""
"16:14:15.2517801","DxgKrnl","10011","정보",,""
"16:14:15.2538221","DxgKrnl","10011","정보",,""
"16:14:15.2538991","DxgKrnl","10011","정보",,""
"16:14:15.2565833","DxgKrnl","10011","정보",,""
"16:14:15.2566709","DxgKrnl","10011","정보",,""
"16:14:15.2566723","DxgKrnl","10011","정보",,""
"16:14:15.2567043","DxgKrnl","10011","정보",,""
"16:14:15.2572774","DxgKrnl","10011","정보",,""
"16:14:15.2573085","DxgKrnl","10011","정보",,""
"16:14:15.2581608","DxgKrnl","10011","정보",,""
"16:14:15.2589064","DxgKrnl","10011","정보",,""
"16:14:15.2624235","DxgKrnl","10011","정보",,""
"16:14:15.2624712","DxgKrnl","10011","정보",,""
"16:14:15.2642202","DxgKrnl","10011","정보",,""
"16:14:15.2642636","DxgKrnl","10011","정보",,""
"16:14:15.3442491","DxgKrnl","10011","정보",,""
"16:14:15.3449126","DxgKrnl","10011","정보",,""
"16:14:15.3451361","DxgKrnl","10011","정보",,""
"16:14:15.3456743","DxgKrnl","10011","정보",,""
"16:14:15.3459168","DxgKrnl","10011","정보",,""
"16:14:15.3459772","DxgKrnl","10011","정보",,""
"16:14:15.3476357","DxgKrnl","10011","정보",,""
"16:14:15.3476925","DxgKrnl","10011","정보",,""
"16:14:15.3514883","DxgKrnl","10011","정보",,""
"16:14:15.3516780","DxgKrnl","10011","정보",,""
"16:14:15.3517231","DxgKrnl","10011","정보",,""
"16:14:15.3518500","DxgKrnl","10011","정보",,""
"16:14:15.3518525","DxgKrnl","10011","정보",,""
"16:14:15.3519572","DxgKrnl","10011","정보",,""
"16:14:15.3519653","DxgKrnl","10011","정보",,""
"16:14:15.3641702","DxgKrnl","10011","정보",,""
"16:14:15.3641716","DxgKrnl","10011","정보",,""
"16:14:15.3641719","DxgKrnl","10011","정보",,""
"16:14:15.3643633","DxgKrnl","10011","정보",,""
"16:14:15.3643676","DxgKrnl","10011","정보",,""
"16:14:15.3643705","DxgKrnl","10011","정보",,""
"16:14:15.3695243","DxgKrnl","10011","정보",,""
"16:14:15.3695255","DxgKrnl","10011","정보",,""
"16:14:15.3695552","DxgKrnl","10011","정보",,""
"16:14:15.3697989","DxgKrnl","10011","정보",,""
"16:14:15.3697993","DxgKrnl","10011","정보",,""
"16:14:15.3698024","DxgKrnl","10011","정보",,""
"16:14:15.3707900","DxgKrnl","10011","정보",,""
"16:14:15.3712964","DxgKrnl","10011","정보",,""
"16:14:15.3713109","DxgKrnl","10011","정보",,""
"16:14:15.3713118","DxgKrnl","10011","정보",,""
"16:14:15.3717016","DxgKrnl","10011","정보",,""
"16:14:15.3717231","DxgKrnl","10011","정보",,""
"16:14:15.3719476","DxgKrnl","10011","정보",,""
"16:14:15.3719496","DxgKrnl","10011","정보",,""
"16:14:15.3729201","DxgKrnl","10011","정보",,""
"16:14:15.3729950","DxgKrnl","10011","정보",,""
"16:14:15.4132662","DxgKrnl","10011","정보",,""
"16:14:15.4133235","DxgKrnl","10011","정보",,""
"16:14:15.4170313","DxgKrnl","10011","정보",,""
"16:14:15.4178431","DxgKrnl","10011","정보",,""
"16:14:18.4498356","DxgKrnl","10011","정보",,""
"16:14:18.6977152","Kernel-PnP","220","시작",,"Begin querying bus relations for device PCI\VEN_1002&DEV_7550&SUBSYS_E4891DA2&REV_C0\6&8916a45&0&00000009"
"16:14:18.6977993","DxgKrnl","10011","정보",,""
"16:14:18.6979547","DxgKrnl","10011","정보",,""
"16:14:18.6980090","DxgKrnl","10011","정보",,""
"16:14:18.6981435","DxgKrnl","10011","정보",,""
"16:14:18.6982037","DxgKrnl","10011","정보",,""
"16:14:18.7009589","DxgKrnl","10011","정보",,""
"16:14:18.7010175","DxgKrnl","10011","정보",,""
"16:14:18.7024574","DxgKrnl","10011","정보",,""
"16:14:18.7056285","DxgKrnl","10011","정보",,""
"16:14:18.7061090","Kernel-PnP","222","시작",,"End querying bus relations for device PCI\VEN_1002&DEV_7550&SUBSYS_E4891DA2&REV_C0\6&8916a45&0&00000009"
"16:14:18.7061706","Kernel-PnP","220","시작",,"Begin querying bus relations for device SWD\DRIVERENUM\AMDCP&7&16b8ddb4&0"
"16:14:18.7061725","Kernel-PnP","222","시작",,"End querying bus relations for device SWD\DRIVERENUM\AMDCP&7&16b8ddb4&0"
"16:14:18.7061783","Kernel-PnP","220","시작",,"Begin querying bus relations for device SWD\DRIVERENUM\AMDFDANS&7&16b8ddb4&0"
"16:14:18.7061791","Kernel-PnP","222","시작",,"End querying bus relations for device SWD\DRIVERENUM\AMDFDANS&7&16b8ddb4&0"
"16:14:18.7061841","Kernel-PnP","220","시작",,"Begin querying bus relations for device SWD\DRIVERENUM\AMDOCL&7&16b8ddb4&0"
"16:14:18.7061848","Kernel-PnP","222","시작",,"End querying bus relations for device SWD\DRIVERENUM\AMDOCL&7&16b8ddb4&0"
"16:14:18.7061903","Kernel-PnP","220","시작",,"Begin querying bus relations for device SWD\DRIVERENUM\AMDOGL&7&16b8ddb4&0"
"16:14:18.7061910","Kernel-PnP","222","시작",,"End querying bus relations for device SWD\DRIVERENUM\AMDOGL&7&16b8ddb4&0"
"16:14:18.7061962","Kernel-PnP","220","시작",,"Begin querying bus relations for device SWD\DRIVERENUM\AMDVLK&7&16b8ddb4&0"
"16:14:18.7061969","Kernel-PnP","222","시작",,"End querying bus relations for device SWD\DRIVERENUM\AMDVLK&7&16b8ddb4&0"
"16:14:18.7062012","Kernel-PnP","220","시작",,"Begin querying bus relations for device SWD\DRIVERENUM\AMDWIN&7&16b8ddb4&0"
"16:14:18.7062019","Kernel-PnP","222","시작",,"End querying bus relations for device SWD\DRIVERENUM\AMDWIN&7&16b8ddb4&0"
"16:14:18.7062060","Kernel-PnP","220","시작",,"Begin querying bus relations for device DISPLAY\BBC0104\7&16b8ddb4&0&UID265"
"16:14:18.7062110","Kernel-PnP","222","시작",,"End querying bus relations for device DISPLAY\BBC0104\7&16b8ddb4&0&UID265"
"16:14:18.7062170","Kernel-PnP","220","시작",,"Begin querying bus relations for device DISPLAY\SAM79DF\7&16b8ddb4&0&UID256"
"16:14:18.7062192","Kernel-PnP","222","시작",,"End querying bus relations for device DISPLAY\SAM79DF\7&16b8ddb4&0&UID256"
"16:14:18.7111588","DxgKrnl","10011","정보",,""
"16:14:18.7113230","DxgKrnl","10011","정보",,""
"16:14:18.7114338","DxgKrnl","10011","정보",,""
"16:14:18.7114431","DxgKrnl","10011","정보",,""
"16:14:18.7114496","DxgKrnl","10011","정보",,""
"16:14:18.7114629","Kernel-PnP","808","시작",,"End device add, status (STATUS_SUCCESS)"
"16:14:18.7151974","DxgKrnl","10011","정보",,""
"16:14:18.7152781","DxgKrnl","10011","정보",,""
"16:14:18.7153822","Kernel-PnP","220","시작",,"Begin querying bus relations for device DISPLAY\SAM7B0C\7&16b8ddb4&0&UID260"
"16:14:18.7153878","Kernel-PnP","222","시작",,"End querying bus relations for device DISPLAY\SAM7B0C\7&16b8ddb4&0&UID260"
"16:14:18.7155988","DxgKrnl","10011","정보",,""
"16:14:18.7357318","DxgKrnl","10011","정보",,""
"16:14:18.7357969","DxgKrnl","10011","정보",,""
"16:14:18.7358389","DxgKrnl","10011","정보",,""
"16:14:18.7371791","DxgKrnl","10011","정보",,""
"16:14:18.7372357","DxgKrnl","10011","정보",,""
"16:14:18.7373869","DxgKrnl","10011","정보",,""
"16:14:18.7374429","DxgKrnl","10011","정보",,""
"16:14:18.7374441","DxgKrnl","10011","정보",,""
"16:14:18.7375104","DxgKrnl","10011","정보",,""
"16:14:18.7375124","DxgKrnl","10011","정보",,""
"16:14:18.7375765","DxgKrnl","10011","정보",,""
"16:14:18.7375824","DxgKrnl","10011","정보",,""
"16:14:18.7376380","DxgKrnl","10011","정보",,""
"16:14:18.7397152","DxgKrnl","10011","정보",,""
"16:14:18.7397272","DxgKrnl","10011","정보",,""
"16:14:18.7397383","DxgKrnl","10011","정보",,""
"16:14:18.7397398","DxgKrnl","10011","정보",,""
"16:14:18.7398337","DxgKrnl","10011","정보",,""
"16:14:18.7400847","DxgKrnl","10011","정보",,""
"16:14:18.7400859","DxgKrnl","10011","정보",,""
"16:14:18.7400872","DxgKrnl","10011","정보",,""
"16:14:18.7454021","DxgKrnl","10011","정보",,""
"16:14:18.7454772","DxgKrnl","10011","정보",,""
"16:14:18.7455083","DxgKrnl","10011","정보",,""
"16:14:18.7455640","DxgKrnl","10011","정보",,""
"16:14:18.7455654","DxgKrnl","10011","정보",,""
"16:14:18.7456193","DxgKrnl","10011","정보",,""
"16:14:18.7456255","DxgKrnl","10011","정보",,""
"16:14:18.7456791","DxgKrnl","10011","정보",,""
"16:14:18.7460650","DxgKrnl","10011","정보",,""
"16:14:18.7461167","DxgKrnl","10011","정보",,""
"16:14:18.7462250","DxgKrnl","10011","정보",,""
"16:14:18.7462891","DxgKrnl","10011","정보",,""
"16:14:18.7501410","DxgKrnl","10011","정보",,""
"16:14:18.7502065","DxgKrnl","10011","정보",,""
"16:14:18.7580870","DxgKrnl","10011","정보",,""
"16:14:18.7588802","DxgKrnl","10011","정보",,""
"16:14:18.7638522","DxgKrnl","10011","정보",,""
"16:14:18.7638805","DxgKrnl","10011","정보",,""
"16:14:18.7639431","DxgKrnl","10011","정보",,""
"16:14:18.7639474","DxgKrnl","10011","정보",,""
"16:14:18.7639495","DxgKrnl","10011","정보",,""
"16:14:18.7675463","DxgKrnl","10011","정보",,""
"16:14:18.7676117","DxgKrnl","10011","정보",,""
"16:14:18.7701120","DxgKrnl","10011","정보",,""
"16:14:18.7701721","DxgKrnl","10011","정보",,""
"16:14:18.7702011","DxgKrnl","10011","정보",,""
"16:14:18.7703222","DxgKrnl","10011","정보",,""
"16:14:18.7703239","DxgKrnl","10011","정보",,""
"16:14:18.7703283","DxgKrnl","10011","정보",,""
"16:14:18.7703579","DxgKrnl","10011","정보",,""
"16:14:18.7705816","DxgKrnl","10011","정보",,""
"16:14:18.7707600","DxgKrnl","10011","정보",,""
"16:14:18.7707644","DxgKrnl","10011","정보",,""
"16:14:18.7707647","DxgKrnl","10011","정보",,""
"16:14:18.7707652","DxgKrnl","10011","정보",,""
"16:14:18.7708416","DxgKrnl","10011","정보",,""
"16:14:18.7741305","DxgKrnl","10011","정보",,""
"16:14:18.7742082","DxgKrnl","10011","정보",,""
"16:14:18.7805406","DxgKrnl","10011","정보",,""
"16:14:18.7806053","DxgKrnl","10011","정보",,""
"16:14:18.9497827","DxgKrnl","10011","정보",,""
"16:14:18.9505201","DxgKrnl","10011","정보",,""
"16:14:18.9632185","DxgKrnl","10011","정보",,""
"16:14:18.9636112","DxgKrnl","10011","정보",,""
"16:14:18.9646409","DxgKrnl","10011","정보",,""
"16:14:18.9646460","DxgKrnl","10011","정보",,""
"16:14:18.9647999","DxgKrnl","10011","정보",,""
"16:14:18.9648019","DxgKrnl","10011","정보",,""
"16:14:18.9657192","DxgKrnl","10011","정보",,""
"16:14:18.9659676","DxgKrnl","10011","정보",,""
"16:14:18.9660353","DxgKrnl","10011","정보",,""
"16:14:18.9662450","DxgKrnl","10011","정보",,""
"16:14:18.9663151","DxgKrnl","10011","정보",,""
"16:14:18.9671293","DxgKrnl","10011","정보",,""
"16:14:18.9672174","DxgKrnl","10011","정보",,""
"16:14:18.9687260","DxgKrnl","10011","정보",,""
"16:14:18.9703036","DxgKrnl","10011","정보",,""
"16:14:18.9703149","DxgKrnl","10011","정보",,""
"16:14:18.9703156","DxgKrnl","10011","정보",,""
"16:14:18.9711471","DxgKrnl","10011","정보",,""
"16:14:18.9711633","DxgKrnl","10011","정보",,""
"16:14:18.9711686","DxgKrnl","10011","정보",,""
"16:14:18.9714556","DxgKrnl","10011","정보",,""
"16:14:18.9714652","DxgKrnl","10011","정보",,""
"16:14:18.9714716","DxgKrnl","10011","정보",,""
"16:14:18.9720729","DxgKrnl","10011","정보",,""
"16:14:18.9723508","DxgKrnl","10011","정보",,""
"16:14:18.9783789","DxgKrnl","10011","정보",,""
"16:14:18.9784787","DxgKrnl","10011","정보",,""
"16:14:18.9787162","DxgKrnl","10011","정보",,""
"16:14:18.9788111","DxgKrnl","10011","정보",,""
"16:14:18.9789002","DxgKrnl","10011","정보",,""
"16:14:18.9808259","DxgKrnl","10011","정보",,""
"16:14:18.9821676","DxgKrnl","10011","정보",,""
"16:14:18.9821797","DxgKrnl","10011","정보",,""
"16:14:18.9821804","DxgKrnl","10011","정보",,""
"16:14:18.9823730","DxgKrnl","10011","정보",,""
"16:14:18.9824657","DxgKrnl","10011","정보",,""
"16:14:18.9837747","DxgKrnl","10011","정보",,""
"16:14:18.9838571","DxgKrnl","10011","정보",,""
"16:14:19.8332719","DxgKrnl","10011","정보",,""
"16:14:19.8333482","DxgKrnl","10011","정보",,""
"16:14:19.8333498","DxgKrnl","10011","정보",,""
"16:14:19.8334153","DxgKrnl","10011","정보",,""
"16:14:19.8334177","DxgKrnl","10011","정보",,""
"16:14:19.8334692","DxgKrnl","10011","정보",,""
"16:14:19.8334843","DxgKrnl","10011","정보",,""
"16:14:19.8335443","DxgKrnl","10011","정보",,""
"16:14:20.0946408","DxgKrnl","10011","정보",,""
"16:14:20.0954424","DxgKrnl","10011","정보",,""
"16:14:21.2717724","DxgKrnl","10011","정보",,""
"16:14:21.2718640","DxgKrnl","10011","정보",,""
"16:15:05.3941333","Kernel-PnP","220","시작",,"Begin querying bus relations for device PCI\VEN_1002&DEV_7550&SUBSYS_E4891DA2&REV_C0\6&8916a45&0&00000009"
"16:15:05.3941333","DxgKrnl","10011","정보",,""
"16:15:05.4325386","DxgKrnl","10011","정보",,""
"16:15:05.4325894","Kernel-PnP","222","시작",,"End querying bus relations for device PCI\VEN_1002&DEV_7550&SUBSYS_E4891DA2&REV_C0\6&8916a45&0&00000009"
"16:15:05.4328158","Kernel-PnP","1010","시작",,"버스에 누락 된 것으로 보고 된 장치 DISPLAY\SAM7B0C\7&16b8ddb4&0&UID260이 (가) 제거 되었습니다. 제거 된 장치 수 | 개수: 1"
"16:15:05.4328401","DxgKrnl","10011","정보",,""
"16:15:05.4328586","DxgKrnl","10011","정보",,""
"16:15:05.4333967","Kernel-PnP","220","시작",,"Begin querying bus relations for device SWD\DRIVERENUM\AMDCP&7&16b8ddb4&0"
"16:15:05.4334006","Kernel-PnP","222","시작",,"End querying bus relations for device SWD\DRIVERENUM\AMDCP&7&16b8ddb4&0"
"16:15:05.4334132","Kernel-PnP","220","시작",,"Begin querying bus relations for device SWD\DRIVERENUM\AMDFDANS&7&16b8ddb4&0"
"16:15:05.4334147","Kernel-PnP","222","시작",,"End querying bus relations for device SWD\DRIVERENUM\AMDFDANS&7&16b8ddb4&0"
"16:15:05.4334220","Kernel-PnP","220","시작",,"Begin querying bus relations for device SWD\DRIVERENUM\AMDOCL&7&16b8ddb4&0"
"16:15:05.4334230","Kernel-PnP","222","시작",,"End querying bus relations for device SWD\DRIVERENUM\AMDOCL&7&16b8ddb4&0"
"16:15:05.4334292","Kernel-PnP","220","시작",,"Begin querying bus relations for device SWD\DRIVERENUM\AMDOGL&7&16b8ddb4&0"
"16:15:05.4334301","Kernel-PnP","222","시작",,"End querying bus relations for device SWD\DRIVERENUM\AMDOGL&7&16b8ddb4&0"
"16:15:05.4334367","Kernel-PnP","220","시작",,"Begin querying bus relations for device SWD\DRIVERENUM\AMDVLK&7&16b8ddb4&0"
"16:15:05.4334377","Kernel-PnP","222","시작",,"End querying bus relations for device SWD\DRIVERENUM\AMDVLK&7&16b8ddb4&0"
"16:15:05.4334422","Kernel-PnP","220","시작",,"Begin querying bus relations for device SWD\DRIVERENUM\AMDWIN&7&16b8ddb4&0"
"16:15:05.4334433","Kernel-PnP","222","시작",,"End querying bus relations for device SWD\DRIVERENUM\AMDWIN&7&16b8ddb4&0"
"16:15:05.4334491","Kernel-PnP","220","시작",,"Begin querying bus relations for device DISPLAY\BBC0104\7&16b8ddb4&0&UID265"
"16:15:05.4334547","Kernel-PnP","222","시작",,"End querying bus relations for device DISPLAY\BBC0104\7&16b8ddb4&0&UID265"
"16:15:05.4334624","Kernel-PnP","220","시작",,"Begin querying bus relations for device DISPLAY\SAM79DF\7&16b8ddb4&0&UID256"
"16:15:05.4334662","Kernel-PnP","222","시작",,"End querying bus relations for device DISPLAY\SAM79DF\7&16b8ddb4&0&UID256"
"16:15:05.4349505","Kernel-PnP","808","시작",,"End device add, status (STATUS_SUCCESS)"
"16:15:05.4352789","Kernel-PnP","220","시작",,"Begin querying bus relations for device DISPLAY\Default_Monitor\7&16b8ddb4&0&UID260"
"16:15:05.4352817","Kernel-PnP","222","시작",,"End querying bus relations for device DISPLAY\Default_Monitor\7&16b8ddb4&0&UID260"
"16:15:05.4356484","DxgKrnl","10011","정보",,""
"16:15:05.4365117","DxgKrnl","10011","정보",,""
"16:15:05.4366243","DxgKrnl","10011","정보",,""
"16:15:05.4387595","DxgKrnl","10011","정보",,""
"16:15:05.4388387","DxgKrnl","10011","정보",,""
"16:15:05.4448449","DxgKrnl","10011","정보",,""
"16:15:05.4449121","DxgKrnl","10011","정보",,""
"16:15:05.4505831","DxgKrnl","10011","정보",,""
"16:15:05.4506239","DxgKrnl","10011","정보",,""
"16:15:05.4507037","DxgKrnl","10011","정보",,""
"16:15:05.4507097","DxgKrnl","10011","정보",,""
"16:15:05.4507120","DxgKrnl","10011","정보",,""
"16:15:05.4533070","DxgKrnl","10011","정보",,""
"16:15:05.4533855","DxgKrnl","10011","정보",,""
"16:15:05.5365626","DxgKrnl","10011","정보",,""
"16:15:05.5366707","DxgKrnl","10011","정보",,""
"16:15:05.5367378","DxgKrnl","10011","정보",,""
"16:15:05.5380199","DxgKrnl","10011","정보",,""
"16:15:05.5380892","DxgKrnl","10011","정보",,""
"16:15:05.5382409","DxgKrnl","10011","정보",,""
"16:15:05.5383336","DxgKrnl","10011","정보",,""
"16:15:05.5383353","DxgKrnl","10011","정보",,""
"16:15:05.5384049","DxgKrnl","10011","정보",,""
"16:15:05.5384069","DxgKrnl","10011","정보",,""
"16:15:05.5384810","DxgKrnl","10011","정보",,""
"16:15:05.5384830","DxgKrnl","10011","정보",,""
"16:15:05.5385519","DxgKrnl","10011","정보",,""
"16:15:05.5385577","DxgKrnl","10011","정보",,""
"16:15:05.5386259","DxgKrnl","10011","정보",,""
"16:15:05.5386291","DxgKrnl","10011","정보",,""
"16:15:05.5387012","DxgKrnl","10011","정보",,""
"16:15:05.5407929","DxgKrnl","10011","정보",,""
"16:15:05.5408048","DxgKrnl","10011","정보",,""
"16:15:05.5408268","DxgKrnl","10011","정보",,""
"16:15:05.5408524","DxgKrnl","10011","정보",,""
"16:15:05.5409773","DxgKrnl","10011","정보",,""
"16:15:05.5411289","DxgKrnl","10011","정보",,""
"16:15:05.5411342","DxgKrnl","10011","정보",,""
"16:15:05.5412416","DxgKrnl","10011","정보",,""
"16:15:05.5413453","DxgKrnl","10011","정보",,""
"16:15:05.5413473","DxgKrnl","10011","정보",,""
"16:15:05.5441819","DxgKrnl","10011","정보",,""
"16:15:05.5442616","DxgKrnl","10011","정보",,""
"16:15:05.5665012","DxgKrnl","10011","정보",,""
"16:15:05.5665995","DxgKrnl","10011","정보",,""
"16:15:05.5666019","DxgKrnl","10011","정보",,""
"16:15:05.5666814","DxgKrnl","10011","정보",,""
"16:15:05.5666826","DxgKrnl","10011","정보",,""
"16:15:05.5667483","DxgKrnl","10011","정보",,""
"16:15:05.5667503","DxgKrnl","10011","정보",,""
"16:15:05.5668214","DxgKrnl","10011","정보",,""
"16:15:05.5668277","DxgKrnl","10011","정보",,""
"16:15:05.5668936","DxgKrnl","10011","정보",,""
"16:15:05.5668962","DxgKrnl","10011","정보",,""
"16:15:05.5669688","DxgKrnl","10011","정보",,""
"16:15:05.5675789","DxgKrnl","10011","정보",,""
"16:15:05.5676567","DxgKrnl","10011","정보",,""
"16:15:05.5716934","DxgKrnl","10011","정보",,""
"16:15:05.5731487","DxgKrnl","10011","정보",,""
"16:15:05.5752392","DxgKrnl","10011","정보",,""
"16:15:05.5753622","DxgKrnl","10011","정보",,""
"16:15:05.5791783","DxgKrnl","10011","정보",,""
"16:15:05.5802565","DxgKrnl","10011","정보",,""
"16:15:05.5806820","DxgKrnl","10011","정보",,""
"16:15:05.5807841","DxgKrnl","10011","정보",,""
"16:15:05.7853907","Kernel-PnP","220","시작",,"Begin querying bus relations for device PCI\VEN_1002&DEV_7550&SUBSYS_E4891DA2&REV_C0\6&8916a45&0&00000009"
"16:15:05.8273721","Kernel-PnP","222","시작",,"End querying bus relations for device PCI\VEN_1002&DEV_7550&SUBSYS_E4891DA2&REV_C0\6&8916a45&0&00000009"
"16:15:05.8276326","Kernel-PnP","1010","시작",,"버스에 누락 된 것으로 보고 된 장치 DISPLAY\Default_Monitor\7&16b8ddb4&0&UID260이 (가) 제거 되었습니다. 제거 된 장치 수 | 개수: 1"
"16:15:05.8281723","DxgKrnl","10011","정보",,""
"16:15:05.8281723","DxgKrnl","10011","정보",,""
"16:15:05.8281944","Kernel-PnP","220","시작",,"Begin querying bus relations for device SWD\DRIVERENUM\AMDCP&7&16b8ddb4&0"
"16:15:05.8281974","Kernel-PnP","222","시작",,"End querying bus relations for device SWD\DRIVERENUM\AMDCP&7&16b8ddb4&0"
"16:15:05.8282095","Kernel-PnP","220","시작",,"Begin querying bus relations for device SWD\DRIVERENUM\AMDFDANS&7&16b8ddb4&0"
"16:15:05.8282105","Kernel-PnP","222","시작",,"End querying bus relations for device SWD\DRIVERENUM\AMDFDANS&7&16b8ddb4&0"
"16:15:05.8282172","Kernel-PnP","220","시작",,"Begin querying bus relations for device SWD\DRIVERENUM\AMDOCL&7&16b8ddb4&0"
"16:15:05.8282183","Kernel-PnP","222","시작",,"End querying bus relations for device SWD\DRIVERENUM\AMDOCL&7&16b8ddb4&0"
"16:15:05.8282284","Kernel-PnP","220","시작",,"Begin querying bus relations for device SWD\DRIVERENUM\AMDOGL&7&16b8ddb4&0"
"16:15:05.8282305","Kernel-PnP","222","시작",,"End querying bus relations for device SWD\DRIVERENUM\AMDOGL&7&16b8ddb4&0"
"16:15:05.8282407","Kernel-PnP","220","시작",,"Begin querying bus relations for device SWD\DRIVERENUM\AMDVLK&7&16b8ddb4&0"
"16:15:05.8282418","Kernel-PnP","222","시작",,"End querying bus relations for device SWD\DRIVERENUM\AMDVLK&7&16b8ddb4&0"
"16:15:05.8282472","Kernel-PnP","220","시작",,"Begin querying bus relations for device SWD\DRIVERENUM\AMDWIN&7&16b8ddb4&0"
"16:15:05.8282481","Kernel-PnP","222","시작",,"End querying bus relations for device SWD\DRIVERENUM\AMDWIN&7&16b8ddb4&0"
"16:15:05.8282551","Kernel-PnP","220","시작",,"Begin querying bus relations for device DISPLAY\BBC0104\7&16b8ddb4&0&UID265"
"16:15:05.8282611","Kernel-PnP","222","시작",,"End querying bus relations for device DISPLAY\BBC0104\7&16b8ddb4&0&UID265"
"16:15:05.8282671","Kernel-PnP","220","시작",,"Begin querying bus relations for device DISPLAY\SAM79DF\7&16b8ddb4&0&UID256"
"16:15:05.8282712","Kernel-PnP","222","시작",,"End querying bus relations for device DISPLAY\SAM79DF\7&16b8ddb4&0&UID256"
"16:15:05.8285958","DxgKrnl","10011","정보",,""
"16:15:05.8286062","DxgKrnl","10011","정보",,""
"16:15:05.8306852","DxgKrnl","10011","정보",,""
"16:15:05.8307852","DxgKrnl","10011","정보",,""
"16:15:05.8494007","DxgKrnl","10011","정보",,""
"16:15:05.8494854","DxgKrnl","10011","정보",,""
"16:15:05.8511546","DxgKrnl","10011","정보",,""
"16:15:05.8511901","DxgKrnl","10011","정보",,""
"16:15:05.8512771","DxgKrnl","10011","정보",,""
"16:15:05.8512821","DxgKrnl","10011","정보",,""
"16:15:05.8512842","DxgKrnl","10011","정보",,""
"16:15:05.8515985","DxgKrnl","10011","정보",,""
"16:15:05.8516661","DxgKrnl","10011","정보",,""
"16:15:05.8622347","DxgKrnl","10011","정보",,""
"16:15:05.8725318","DxgKrnl","10011","정보",,""
"16:15:05.8725858","DxgKrnl","10011","정보",,""
"16:15:05.8726436","DxgKrnl","10011","정보",,""
"16:15:05.8733691","DxgKrnl","10011","정보",,""
"16:15:05.8734005","DxgKrnl","10011","정보",,""
"16:15:05.8734777","DxgKrnl","10011","정보",,""
"16:15:05.8735105","DxgKrnl","10011","정보",,""
"16:15:05.8735120","DxgKrnl","10011","정보",,""
"16:15:05.8735459","DxgKrnl","10011","정보",,""
"16:15:05.8754458","DxgKrnl","10011","정보",,""
"16:15:05.8755184","DxgKrnl","10011","정보",,""
"16:15:05.8755209","DxgKrnl","10011","정보",,""
"16:15:05.8755625","DxgKrnl","10011","정보",,""
"16:15:05.8757859","DxgKrnl","10011","정보",,""
"16:15:05.8757873","DxgKrnl","10011","정보",,""
"16:15:05.8758991","DxgKrnl","10011","정보",,""
"16:15:05.8761639","DxgKrnl","10011","정보",,""
"16:15:05.8762509","DxgKrnl","10011","정보",,""
"16:15:05.8767909","DxgKrnl","10011","정보",,""
"16:15:05.8768726","DxgKrnl","10011","정보",,""
"16:15:05.8769208","DxgKrnl","10011","정보",,""
"16:15:05.8770425","DxgKrnl","10011","정보",,""
"16:15:05.8773154","DxgKrnl","10011","정보",,""
"16:15:05.8773704","DxgKrnl","10011","정보",,""
"16:15:05.8776920","DxgKrnl","10011","정보",,""
"16:15:05.8777388","DxgKrnl","10011","정보",,""
"16:15:05.8777780","DxgKrnl","10011","정보",,""
"16:15:05.8779071","DxgKrnl","10011","정보",,""
"16:15:05.8780150","DxgKrnl","10011","정보",,""
"16:15:05.8797900","DxgKrnl","10011","정보",,""
"16:15:05.8801518","DxgKrnl","10011","정보",,""
"16:15:05.8803904","DxgKrnl","10011","정보",,""
"16:15:05.8804566","DxgKrnl","10011","정보",,""
"16:15:05.8805732","DxgKrnl","10011","정보",,""
"16:15:05.8809110","DxgKrnl","10011","정보",,""
"16:15:05.8809990","DxgKrnl","10011","정보",,""
"16:15:05.8899311","DxgKrnl","10011","정보",,""
"16:15:05.8899573","DxgKrnl","10011","정보",,""
"16:15:05.8900540","DxgKrnl","10011","정보",,""
"16:15:05.8900565","DxgKrnl","10011","정보",,""
"16:15:05.8964360","DxgKrnl","10011","정보",,""
"16:15:05.8965879","DxgKrnl","10011","정보",,""
"16:15:05.8987333","DxgKrnl","10011","정보",,""
"16:15:05.8987602","DxgKrnl","10011","정보",,""
"16:15:05.8988604","DxgKrnl","10011","정보",,""
"16:15:05.8988647","DxgKrnl","10011","정보",,""
"16:15:05.9002677","DxgKrnl","10011","정보",,""
"16:15:05.9007203","DxgKrnl","10011","정보",,""
"16:15:05.9007348","DxgKrnl","10011","정보",,""
"16:15:05.9007356","DxgKrnl","10011","정보",,""
"16:15:05.9008295","DxgKrnl","10011","정보",,""
"16:15:05.9009529","DxgKrnl","10011","정보",,""
"16:15:05.9025748","DxgKrnl","10011","정보",,""
"16:15:05.9026607","DxgKrnl","10011","정보",,""
"16:15:05.9564489","DxgKrnl","10011","정보",,""
"16:15:05.9564931","DxgKrnl","10011","정보",,""
"16:15:05.9564943","DxgKrnl","10011","정보",,""
"16:15:05.9565274","DxgKrnl","10011","정보",,""
"16:15:05.9571176","DxgKrnl","10011","정보",,""
"16:15:05.9571482","DxgKrnl","10011","정보",,""
"16:15:05.9593860","DxgKrnl","10011","정보",,""
"16:15:05.9601287","DxgKrnl","10011","정보",,""
"16:15:05.9611169","DxgKrnl","10011","정보",,""
"16:15:05.9611626","DxgKrnl","10011","정보",,""
"16:15:05.9630483","DxgKrnl","10011","정보",,""
"16:15:05.9631713","DxgKrnl","10011","정보",,""
"16:15:05.9667442","DxgKrnl","10011","정보",,""
"16:15:05.9675338","DxgKrnl","10011","정보",,""
"16:15:09.0735575","DxgKrnl","10011","정보",,""
"16:15:09.0793049","DxgKrnl","10011","정보",,""
"16:15:09.3198739","Kernel-PnP","220","시작",,"Begin querying bus relations for device PCI\VEN_1002&DEV_7550&SUBSYS_E4891DA2&REV_C0\6&8916a45&0&00000009"
"16:15:09.3200052","DxgKrnl","10011","정보",,""
"16:15:09.3200219","DxgKrnl","10011","정보",,""
"16:15:09.3203859","DxgKrnl","10011","정보",,""
"16:15:09.3204465","DxgKrnl","10011","정보",,""
"16:15:09.3206742","DxgKrnl","10011","정보",,""
"16:15:09.3207475","DxgKrnl","10011","정보",,""
"16:15:09.3212902","DxgKrnl","10011","정보",,""
"16:15:09.3213446","DxgKrnl","10011","정보",,""
"16:15:09.3228288","DxgKrnl","10011","정보",,""
"16:15:09.3255529","DxgKrnl","10011","정보",,""
"16:15:09.3263125","Kernel-PnP","222","시작",,"End querying bus relations for device PCI\VEN_1002&DEV_7550&SUBSYS_E4891DA2&REV_C0\6&8916a45&0&00000009"
"16:15:09.3263693","Kernel-PnP","220","시작",,"Begin querying bus relations for device SWD\DRIVERENUM\AMDCP&7&16b8ddb4&0"
"16:15:09.3263712","Kernel-PnP","222","시작",,"End querying bus relations for device SWD\DRIVERENUM\AMDCP&7&16b8ddb4&0"
"16:15:09.3263772","Kernel-PnP","220","시작",,"Begin querying bus relations for device SWD\DRIVERENUM\AMDFDANS&7&16b8ddb4&0"
"16:15:09.3263780","Kernel-PnP","222","시작",,"End querying bus relations for device SWD\DRIVERENUM\AMDFDANS&7&16b8ddb4&0"
"16:15:09.3263826","Kernel-PnP","220","시작",,"Begin querying bus relations for device SWD\DRIVERENUM\AMDOCL&7&16b8ddb4&0"
"16:15:09.3263833","Kernel-PnP","222","시작",,"End querying bus relations for device SWD\DRIVERENUM\AMDOCL&7&16b8ddb4&0"
"16:15:09.3263876","Kernel-PnP","220","시작",,"Begin querying bus relations for device SWD\DRIVERENUM\AMDOGL&7&16b8ddb4&0"
"16:15:09.3263883","Kernel-PnP","222","시작",,"End querying bus relations for device SWD\DRIVERENUM\AMDOGL&7&16b8ddb4&0"
"16:15:09.3263926","Kernel-PnP","220","시작",,"Begin querying bus relations for device SWD\DRIVERENUM\AMDVLK&7&16b8ddb4&0"
"16:15:09.3263934","Kernel-PnP","222","시작",,"End querying bus relations for device SWD\DRIVERENUM\AMDVLK&7&16b8ddb4&0"
"16:15:09.3263977","Kernel-PnP","220","시작",,"Begin querying bus relations for device SWD\DRIVERENUM\AMDWIN&7&16b8ddb4&0"
"16:15:09.3263983","Kernel-PnP","222","시작",,"End querying bus relations for device SWD\DRIVERENUM\AMDWIN&7&16b8ddb4&0"
"16:15:09.3264028","Kernel-PnP","220","시작",,"Begin querying bus relations for device DISPLAY\BBC0104\7&16b8ddb4&0&UID265"
"16:15:09.3264073","Kernel-PnP","222","시작",,"End querying bus relations for device DISPLAY\BBC0104\7&16b8ddb4&0&UID265"
"16:15:09.3264131","Kernel-PnP","220","시작",,"Begin querying bus relations for device DISPLAY\SAM79DF\7&16b8ddb4&0&UID256"
"16:15:09.3264152","Kernel-PnP","222","시작",,"End querying bus relations for device DISPLAY\SAM79DF\7&16b8ddb4&0&UID256"
"16:15:09.3313945","DxgKrnl","10011","정보",,""
"16:15:09.3314374","DxgKrnl","10011","정보",,""
"16:15:09.3314896","DxgKrnl","10011","정보",,""
"16:15:09.3314959","DxgKrnl","10011","정보",,""
"16:15:09.3314991","DxgKrnl","10011","정보",,""
"16:15:09.3315007","Kernel-PnP","808","시작",,"End device add, status (STATUS_SUCCESS)"
"16:15:09.3360878","DxgKrnl","10011","정보",,""
"16:15:09.3361683","DxgKrnl","10011","정보",,""
"16:15:09.3362288","Kernel-PnP","220","시작",,"Begin querying bus relations for device DISPLAY\SAM7B0C\7&16b8ddb4&0&UID260"
"16:15:09.3362318","Kernel-PnP","222","시작",,"End querying bus relations for device DISPLAY\SAM7B0C\7&16b8ddb4&0&UID260"
"16:15:09.3367205","DxgKrnl","10011","정보",,""
"16:15:09.3566441","DxgKrnl","10011","정보",,""
"16:15:09.3567158","DxgKrnl","10011","정보",,""
"16:15:09.3567594","DxgKrnl","10011","정보",,""
"16:15:09.3581177","DxgKrnl","10011","정보",,""
"16:15:09.3581719","DxgKrnl","10011","정보",,""
"16:15:09.3583059","DxgKrnl","10011","정보",,""
"16:15:09.3583631","DxgKrnl","10011","정보",,""
"16:15:09.3583639","DxgKrnl","10011","정보",,""
"16:15:09.3584172","DxgKrnl","10011","정보",,""
"16:15:09.3584188","DxgKrnl","10011","정보",,""
"16:15:09.3584777","DxgKrnl","10011","정보",,""
"16:15:09.3584831","DxgKrnl","10011","정보",,""
"16:15:09.3585584","DxgKrnl","10011","정보",,""
"16:15:09.3611054","DxgKrnl","10011","정보",,""
"16:15:09.3611346","DxgKrnl","10011","정보",,""
"16:15:09.3611415","DxgKrnl","10011","정보",,""
"16:15:09.3614518","DxgKrnl","10011","정보",,""
"16:15:09.3615485","DxgKrnl","10011","정보",,""
"16:15:09.3615544","DxgKrnl","10011","정보",,""
"16:15:09.3664593","DxgKrnl","10011","정보",,""
"16:15:09.3665368","DxgKrnl","10011","정보",,""
"16:15:09.3686892","DxgKrnl","10011","정보",,""
"16:15:09.3687589","DxgKrnl","10011","정보",,""
"16:15:09.3687596","DxgKrnl","10011","정보",,""
"16:15:09.3688354","DxgKrnl","10011","정보",,""
"16:15:09.3688368","DxgKrnl","10011","정보",,""
"16:15:09.3688884","DxgKrnl","10011","정보",,""
"16:15:09.3688951","DxgKrnl","10011","정보",,""
"16:15:09.3689472","DxgKrnl","10011","정보",,""
"16:15:09.3693272","DxgKrnl","10011","정보",,""
"16:15:09.3693866","DxgKrnl","10011","정보",,""
"16:15:09.3743883","DxgKrnl","10011","정보",,""
"16:15:09.3744500","DxgKrnl","10011","정보",,""
"16:15:09.3806676","DxgKrnl","10011","정보",,""
"16:15:09.3811888","DxgKrnl","10011","정보",,""
"16:15:09.3865376","DxgKrnl","10011","정보",,""
"16:15:09.3865744","DxgKrnl","10011","정보",,""
"16:15:09.3866427","DxgKrnl","10011","정보",,""
"16:15:09.3866476","DxgKrnl","10011","정보",,""
"16:15:09.3866498","DxgKrnl","10011","정보",,""
"16:15:09.3910862","DxgKrnl","10011","정보",,""
"16:15:09.3911487","DxgKrnl","10011","정보",,""
"16:15:09.3940417","DxgKrnl","10011","정보",,""
"16:15:09.3941119","DxgKrnl","10011","정보",,""
"16:15:09.3941551","DxgKrnl","10011","정보",,""
"16:15:09.3943908","DxgKrnl","10011","정보",,""
"16:15:09.3943954","DxgKrnl","10011","정보",,""
"16:15:09.3943971","DxgKrnl","10011","정보",,""
"16:15:09.3944661","DxgKrnl","10011","정보",,""
"16:15:09.3944734","DxgKrnl","10011","정보",,""
"16:15:09.3948236","DxgKrnl","10011","정보",,""
"16:15:09.3948241","DxgKrnl","10011","정보",,""
"16:15:09.3948267","DxgKrnl","10011","정보",,""
"16:15:09.3948290","DxgKrnl","10011","정보",,""
"16:15:09.3949072","DxgKrnl","10011","정보",,""
"16:15:09.3991779","DxgKrnl","10011","정보",,""
"16:15:09.3992410","DxgKrnl","10011","정보",,""
"16:15:09.4058431","DxgKrnl","10011","정보",,""
"16:15:09.4059073","DxgKrnl","10011","정보",,""
"16:15:09.4709893","DxgKrnl","10011","정보",,""
"16:15:09.4718960","DxgKrnl","10011","정보",,""
"16:15:09.5875836","DxgKrnl","10011","정보",,""
"16:15:09.5880318","DxgKrnl","10011","정보",,""
"16:15:09.5881272","DxgKrnl","10011","정보",,""
"16:15:09.5890331","DxgKrnl","10011","정보",,""
"16:15:09.5905582","DxgKrnl","10011","정보",,""
"16:15:09.5906294","DxgKrnl","10011","정보",,""
"16:15:09.5906316","DxgKrnl","10011","정보",,""
"16:15:09.5907702","DxgKrnl","10011","정보",,""
"16:15:09.5907721","DxgKrnl","10011","정보",,""
"16:15:09.5921195","DxgKrnl","10011","정보",,""
"16:15:09.5921961","DxgKrnl","10011","정보",,""
"16:15:09.5925789","DxgKrnl","10011","정보",,""
"16:15:09.5928236","DxgKrnl","10011","정보",,""
"16:15:09.5939443","DxgKrnl","10011","정보",,""
"16:15:09.5961334","DxgKrnl","10011","정보",,""
"16:15:09.5961464","DxgKrnl","10011","정보",,""
"16:15:09.5961472","DxgKrnl","10011","정보",,""
"16:15:09.5968320","DxgKrnl","10011","정보",,""
"16:15:09.5969333","DxgKrnl","10011","정보",,""
"16:15:09.5971621","DxgKrnl","10011","정보",,""
"16:15:09.5972353","DxgKrnl","10011","정보",,""
"16:15:09.6053141","DxgKrnl","10011","정보",,""
"16:15:09.6053606","DxgKrnl","10011","정보",,""
"16:15:09.6054347","DxgKrnl","10011","정보",,""
"16:15:09.6056529","DxgKrnl","10011","정보",,""
"16:15:09.6057233","DxgKrnl","10011","정보",,""
"16:15:09.6075067","DxgKrnl","10011","정보",,""
"16:15:09.6088474","DxgKrnl","10011","정보",,""
"16:15:09.6088588","DxgKrnl","10011","정보",,""
"16:15:09.6088595","DxgKrnl","10011","정보",,""
"16:15:09.6095192","DxgKrnl","10011","정보",,""
"16:15:09.6096092","DxgKrnl","10011","정보",,""
"16:15:09.6104876","DxgKrnl","10011","정보",,""
"16:15:09.6105669","DxgKrnl","10011","정보",,""
"16:15:10.4073002","DxgKrnl","10011","정보",,""
"16:15:10.4074037","DxgKrnl","10011","정보",,""
"16:15:10.4074059","DxgKrnl","10011","정보",,""
"16:15:10.4074634","DxgKrnl","10011","정보",,""
"16:15:10.4074655","DxgKrnl","10011","정보",,""
"16:15:10.4075336","DxgKrnl","10011","정보",,""
"16:15:10.4075467","DxgKrnl","10011","정보",,""
"16:15:10.4075989","DxgKrnl","10011","정보",,""
"16:15:11.5403905","DxgKrnl","10011","정보",,""
"16:15:11.5409862","DxgKrnl","10011","정보",,""
"16:15:11.9260387","DxgKrnl","10011","정보",,""
"16:15:11.9261048","DxgKrnl","10011","정보",,""
