"Time","Provider","Id","Opcode","Task","Message"
"18:13:37.9844056","Kernel-PnP","220","시작",,"Begin querying bus relations for device HTREE\ROOT\0"
"18:13:37.9845958","Kernel-PnP","222","시작",,"End querying bus relations for device HTREE\ROOT\0"
"18:13:38.0056258","Kernel-PnP","220","시작",,"Begin querying bus relations for device SWD\PRINTENUM\PrintQueues"
"18:13:38.0056283","Kernel-PnP","222","시작",,"End querying bus relations for device SWD\PRINTENUM\PrintQueues"
"18:13:38.0064484","Kernel-PnP","220","시작",,"Begin querying bus relations for device SWD\PRINTENUM\PrintQueues"
"18:13:38.0064508","Kernel-PnP","222","시작",,"End querying bus relations for device SWD\PRINTENUM\PrintQueues"
"18:21:40.2064034","Kernel-PnP","220","시작",,"Begin querying bus relations for device STORAGE\Volume\{99e9578c-928f-11f1-8494-806e6f6e6963}#000000000D900000"
"18:21:40.2064104","Kernel-PnP","222","시작",,"End querying bus relations for device STORAGE\Volume\{99e9578c-928f-11f1-8494-806e6f6e6963}#000000000D900000"
"18:21:40.2064303","Kernel-PnP","220","시작",,"Begin querying bus relations for device STORAGE\VolumeSnapshot\HarddiskVolumeSnapshot1"
"18:21:40.2064313","Kernel-PnP","222","시작",,"End querying bus relations for device STORAGE\VolumeSnapshot\HarddiskVolumeSnapshot1"
"18:21:40.2064373","Kernel-PnP","220","시작",,"Begin querying bus relations for device STORAGE\VolumeSnapshot\HarddiskVolumeSnapshot2"
"18:21:40.2064380","Kernel-PnP","222","시작",,"End querying bus relations for device STORAGE\VolumeSnapshot\HarddiskVolumeSnapshot2"
"18:21:40.2064437","Kernel-PnP","220","시작",,"Begin querying bus relations for device STORAGE\VolumeSnapshot\HarddiskVolumeSnapshot3"
"18:21:40.2064447","Kernel-PnP","222","시작",,"End querying bus relations for device STORAGE\VolumeSnapshot\HarddiskVolumeSnapshot3"
"18:21:40.2064508","Kernel-PnP","220","시작",,"Begin querying bus relations for device STORAGE\VolumeSnapshot\HarddiskVolumeSnapshot4"
"18:21:40.2064516","Kernel-PnP","222","시작",,"End querying bus relations for device STORAGE\VolumeSnapshot\HarddiskVolumeSnapshot4"
"18:21:40.2064585","Kernel-PnP","220","시작",,"Begin querying bus relations for device STORAGE\VolumeSnapshot\HarddiskVolumeSnapshot5"
"18:21:40.2064594","Kernel-PnP","222","시작",,"End querying bus relations for device STORAGE\VolumeSnapshot\HarddiskVolumeSnapshot5"
"18:21:40.2064660","Kernel-PnP","220","시작",,"Begin querying bus relations for device STORAGE\VolumeSnapshot\HarddiskVolumeSnapshot6"
"18:21:40.2064669","Kernel-PnP","222","시작",,"End querying bus relations for device STORAGE\VolumeSnapshot\HarddiskVolumeSnapshot6"
"18:21:40.2064738","Kernel-PnP","220","시작",,"Begin querying bus relations for device STORAGE\VolumeSnapshot\HarddiskVolumeSnapshot7"
"18:21:40.2064746","Kernel-PnP","222","시작",,"End querying bus relations for device STORAGE\VolumeSnapshot\HarddiskVolumeSnapshot7"
"18:21:40.2064813","Kernel-PnP","220","시작",,"Begin querying bus relations for device STORAGE\VolumeSnapshot\HarddiskVolumeSnapshot8"
"18:21:40.2064822","Kernel-PnP","222","시작",,"End querying bus relations for device STORAGE\VolumeSnapshot\HarddiskVolumeSnapshot8"
"18:21:40.2064875","Kernel-PnP","220","시작",,"Begin querying bus relations for device STORAGE\VolumeSnapshot\HarddiskVolumeSnapshot9"
"18:21:40.2064881","Kernel-PnP","222","시작",,"End querying bus relations for device STORAGE\VolumeSnapshot\HarddiskVolumeSnapshot9"
"18:21:40.2064933","Kernel-PnP","220","시작",,"Begin querying bus relations for device STORAGE\VolumeSnapshot\HarddiskVolumeSnapshot10"
"18:21:40.2064940","Kernel-PnP","222","시작",,"End querying bus relations for device STORAGE\VolumeSnapshot\HarddiskVolumeSnapshot10"
"18:21:40.2065014","Kernel-PnP","220","시작",,"Begin querying bus relations for device STORAGE\VolumeSnapshot\HarddiskVolumeSnapshot11"
"18:21:40.2065022","Kernel-PnP","222","시작",,"End querying bus relations for device STORAGE\VolumeSnapshot\HarddiskVolumeSnapshot11"
"18:21:40.2065083","Kernel-PnP","220","시작",,"Begin querying bus relations for device STORAGE\VolumeSnapshot\HarddiskVolumeSnapshot12"
"18:21:40.2065091","Kernel-PnP","222","시작",,"End querying bus relations for device STORAGE\VolumeSnapshot\HarddiskVolumeSnapshot12"
"18:21:40.2065158","Kernel-PnP","220","시작",,"Begin querying bus relations for device STORAGE\VolumeSnapshot\HarddiskVolumeSnapshot13"
"18:21:40.2065166","Kernel-PnP","222","시작",,"End querying bus relations for device STORAGE\VolumeSnapshot\HarddiskVolumeSnapshot13"
"18:21:40.2065234","Kernel-PnP","220","시작",,"Begin querying bus relations for device STORAGE\VolumeSnapshot\HarddiskVolumeSnapshot14"
"18:21:40.2065242","Kernel-PnP","222","시작",,"End querying bus relations for device STORAGE\VolumeSnapshot\HarddiskVolumeSnapshot14"
"18:21:40.2065313","Kernel-PnP","220","시작",,"Begin querying bus relations for device STORAGE\VolumeSnapshot\HarddiskVolumeSnapshot15"
"18:21:40.2065321","Kernel-PnP","222","시작",,"End querying bus relations for device STORAGE\VolumeSnapshot\HarddiskVolumeSnapshot15"
"18:21:40.2065389","Kernel-PnP","220","시작",,"Begin querying bus relations for device STORAGE\VolumeSnapshot\HarddiskVolumeSnapshot16"
"18:21:40.2065397","Kernel-PnP","222","시작",,"End querying bus relations for device STORAGE\VolumeSnapshot\HarddiskVolumeSnapshot16"
"18:21:40.2100843","Kernel-PnP","400","시작",,"장치 STORAGE\VolumeSnapshot\HarddiskVolumeSnapshot17 구성되었습니다. | | 드라이버 이름: volsnap.inf | 드라이버 패키지 ID: volsnap.inf_amd64_da435361dee3ff66 | 클래스 GUID: {533c5b84-ec70-11d2-9505-00c04f79deaf} | 드라이버 버전: 06/21/2006 | 드라이버 버전: 10.0.26100.1 | 드라이버 공급자: Microsoft | 드라이버 섹션: volume_snapshot_install.NTamd64 | 드라이버 순위: 0xFF0000 | 일치하는 장치 ID: STORAGE\VolumeSnapshot | 초과 실행된 드라이버: | 장치 업데이트됨: false | 부모 장치: STORAGE\Volume\{99e9578c-928f-11f1-8494-806e6f6e6963}#000000000D900000"
"18:21:40.2105083","Kernel-PnP","410","시작",,"STORAGE\VolumeSnapshot\HarddiskVolumeSnapshot17 장치가 시작되었습니다. | | 드라이버 이름: volsnap.inf | 클래스 GUID: {533c5b84-ec70-11d2-9505-00c04f79deaf} | 서비스: | 하위 필터: | 상위 필터: "
"18:21:40.2105181","Kernel-PnP","220","시작",,"Begin querying bus relations for device STORAGE\VolumeSnapshot\HarddiskVolumeSnapshot17"
"18:21:40.2105190","Kernel-PnP","222","시작",,"End querying bus relations for device STORAGE\VolumeSnapshot\HarddiskVolumeSnapshot17"
"18:22:51.3682761","DxgKrnl","10011","정보",,""
"18:22:51.3683864","DxgKrnl","10011","정보",,""
"18:23:29.7420439","DxgKrnl","10011","정보",,""
"18:23:29.7421649","DxgKrnl","10011","정보",,""
"18:23:29.7480687","DxgKrnl","10011","정보",,""
"18:23:29.7481181","DxgKrnl","10011","정보",,""
"18:23:29.7482378","DxgKrnl","10011","정보",,""
"18:23:29.7482438","DxgKrnl","10011","정보",,""
"18:23:29.7482470","DxgKrnl","10011","정보",,""
"18:23:29.7535270","DxgKrnl","10011","정보",,""
"18:23:29.7536397","DxgKrnl","10011","정보",,""
"18:23:29.7583444","DxgKrnl","10011","정보",,""
"18:23:29.7584165","DxgKrnl","10011","정보",,""
"18:23:29.7584819","DxgKrnl","10011","정보",,""
"18:23:29.7596512","DxgKrnl","10011","정보",,""
"18:23:29.7597080","DxgKrnl","10011","정보",,""
"18:23:29.7597840","DxgKrnl","10011","정보",,""
"18:23:29.7598533","DxgKrnl","10011","정보",,""
"18:23:29.7598546","DxgKrnl","10011","정보",,""
"18:23:29.7599201","DxgKrnl","10011","정보",,""
"18:23:29.7599230","DxgKrnl","10011","정보",,""
"18:23:29.7599782","DxgKrnl","10011","정보",,""
"18:23:29.7599828","DxgKrnl","10011","정보",,""
"18:23:29.7600368","DxgKrnl","10011","정보",,""
"18:23:29.7613612","DxgKrnl","10011","정보",,""
"18:23:29.7614160","DxgKrnl","10011","정보",,""
"18:23:29.7615308","DxgKrnl","10011","정보",,""
"18:23:29.7615956","DxgKrnl","10011","정보",,""
"18:23:29.7617418","DxgKrnl","10011","정보",,""
"18:23:29.7617429","DxgKrnl","10011","정보",,""
"18:23:29.7708632","DxgKrnl","10011","정보",,""
"18:23:29.7719912","DxgKrnl","10011","정보",,""
"18:23:30.3645020","DxgKrnl","10011","정보",,""
"18:23:30.3646528","DxgKrnl","10011","정보",,""
"18:23:30.5463118","DxgKrnl","10011","정보",,""
"18:23:30.5464527","DxgKrnl","10011","정보",,""
"18:23:30.5464558","DxgKrnl","10011","정보",,""
"18:23:30.5465336","DxgKrnl","10011","정보",,""
"18:23:30.5465366","DxgKrnl","10011","정보",,""
"18:23:30.5466094","DxgKrnl","10011","정보",,""
"18:23:30.5466189","DxgKrnl","10011","정보",,""
"18:23:30.5466906","DxgKrnl","10011","정보",,""
"18:23:30.5469066","DxgKrnl","10011","정보",,""
"18:23:30.5469954","DxgKrnl","10011","정보",,""
"18:23:30.5469969","DxgKrnl","10011","정보",,""
"18:23:30.5470705","DxgKrnl","10011","정보",,""
"18:23:30.5470736","DxgKrnl","10011","정보",,""
"18:23:30.5471359","DxgKrnl","10011","정보",,""
"18:23:30.5471418","DxgKrnl","10011","정보",,""
"18:23:30.5472119","DxgKrnl","10011","정보",,""
"18:23:31.6110995","DxgKrnl","10011","정보",,""
"18:23:31.6112796","DxgKrnl","10011","정보",,""
"18:23:31.6112834","DxgKrnl","10011","정보",,""
"18:23:31.6113635","DxgKrnl","10011","정보",,""
"18:23:31.6113663","DxgKrnl","10011","정보",,""
"18:23:31.6114427","DxgKrnl","10011","정보",,""
"18:23:31.6114579","DxgKrnl","10011","정보",,""
"18:23:31.6115274","DxgKrnl","10011","정보",,""
"18:23:31.9857068","DxgKrnl","10011","정보",,""
"18:23:31.9966743","DxgKrnl","10011","정보",,""
"18:23:31.9967769","DxgKrnl","10011","정보",,""
"18:23:34.3792103","DxgKrnl","10011","정보",,""
"18:23:34.3793261","DxgKrnl","10011","정보",,""
"18:23:34.3806583","DxgKrnl","10011","정보",,""
"18:23:34.3807015","DxgKrnl","10011","정보",,""
"18:23:34.3807767","DxgKrnl","10011","정보",,""
"18:23:34.3807810","DxgKrnl","10011","정보",,""
"18:23:34.3807833","DxgKrnl","10011","정보",,""
"18:23:34.3811149","DxgKrnl","10011","정보",,""
"18:23:34.3811783","DxgKrnl","10011","정보",,""
"18:23:34.6200192","DxgKrnl","10011","정보",,""
"18:23:34.6200505","DxgKrnl","10011","정보",,""
"18:23:34.6356791","DxgKrnl","10011","정보",,""
"18:23:34.6357383","DxgKrnl","10011","정보",,""
"18:23:34.6357780","DxgKrnl","10011","정보",,""
"18:23:34.6370335","DxgKrnl","10011","정보",,""
"18:23:34.6370749","DxgKrnl","10011","정보",,""
"18:23:34.6371444","DxgKrnl","10011","정보",,""
"18:23:34.6371881","DxgKrnl","10011","정보",,""
"18:23:34.6371897","DxgKrnl","10011","정보",,""
"18:23:34.6372284","DxgKrnl","10011","정보",,""
"18:23:34.6396294","DxgKrnl","10011","정보",,""
"18:23:34.6396687","DxgKrnl","10011","정보",,""
"18:23:34.6397301","DxgKrnl","10011","정보",,""
"18:23:34.6398524","DxgKrnl","10011","정보",,""
"18:23:34.6398595","DxgKrnl","10011","정보",,""
"18:23:34.6444673","DxgKrnl","10011","정보",,""
"18:23:34.6445075","DxgKrnl","10011","정보",,""
"18:23:34.6445285","DxgKrnl","10011","정보",,""
"18:23:34.6446439","DxgKrnl","10011","정보",,""
"18:23:34.6446465","DxgKrnl","10011","정보",,""
"18:23:34.6446468","DxgKrnl","10011","정보",,""
"18:23:34.6447082","DxgKrnl","10011","정보",,""
"18:23:34.6447103","DxgKrnl","10011","정보",,""
"18:23:34.6448722","DxgKrnl","10011","정보",,""
"18:23:34.6451885","DxgKrnl","10011","정보",,""
"18:23:34.6452381","DxgKrnl","10011","정보",,""
"18:23:34.6478280","DxgKrnl","10011","정보",,""
"18:23:34.6485425","DxgKrnl","10011","정보",,""
"18:23:34.6500040","DxgKrnl","10011","정보",,""
"18:23:34.6500733","DxgKrnl","10011","정보",,""
"18:23:34.6513183","DxgKrnl","10011","정보",,""
"18:23:34.6513835","DxgKrnl","10011","정보",,""
"18:23:34.6514542","DxgKrnl","10011","정보",,""
"18:23:34.6520930","DxgKrnl","10011","정보",,""
"18:23:34.6521158","DxgKrnl","10011","정보",,""
"18:23:34.6522552","DxgKrnl","10011","정보",,""
"18:23:34.6522555","DxgKrnl","10011","정보",,""
"18:23:34.6522843","DxgKrnl","10011","정보",,""
"18:23:34.6523689","DxgKrnl","10011","정보",,""
"18:23:34.6529087","DxgKrnl","10011","정보",,""
"18:23:34.6531433","DxgKrnl","10011","정보",,""
"18:23:34.6532074","DxgKrnl","10011","정보",,""
"18:23:34.6532405","DxgKrnl","10011","정보",,""
"18:23:34.6533936","DxgKrnl","10011","정보",,""
"18:23:34.6543964","DxgKrnl","10011","정보",,""
"18:23:34.6544573","DxgKrnl","10011","정보",,""
"18:23:34.6545375","DxgKrnl","10011","정보",,""
"18:23:34.6547226","DxgKrnl","10011","정보",,""
"18:23:34.6548179","DxgKrnl","10011","정보",,""
"18:23:34.6554496","DxgKrnl","10011","정보",,""
"18:23:34.6555677","DxgKrnl","10011","정보",,""
"18:23:34.6558402","DxgKrnl","10011","정보",,""
"18:23:34.6559764","DxgKrnl","10011","정보",,""
"18:23:34.6561308","DxgKrnl","10011","정보",,""
"18:23:34.6562011","DxgKrnl","10011","정보",,""
"18:23:34.6563966","DxgKrnl","10011","정보",,""
"18:23:34.6565717","DxgKrnl","10011","정보",,""
"18:23:34.6573701","DxgKrnl","10011","정보",,""
"18:23:34.6574308","DxgKrnl","10011","정보",,""
"18:23:34.6574807","DxgKrnl","10011","정보",,""
"18:23:34.6584124","DxgKrnl","10011","정보",,""
"18:23:34.6584667","DxgKrnl","10011","정보",,""
"18:23:34.6590287","DxgKrnl","10011","정보",,""
"18:23:34.6590856","DxgKrnl","10011","정보",,""
"18:23:34.6625030","DxgKrnl","10011","정보",,""
"18:23:34.6630007","DxgKrnl","10011","정보",,""
"18:23:34.6630144","DxgKrnl","10011","정보",,""
"18:23:34.6630165","DxgKrnl","10011","정보",,""
"18:23:34.6630172","DxgKrnl","10011","정보",,""
"18:23:34.6633015","DxgKrnl","10011","정보",,""
"18:23:34.6633529","DxgKrnl","10011","정보",,""
"18:23:34.6650064","DxgKrnl","10011","정보",,""
"18:23:34.6650646","DxgKrnl","10011","정보",,""
"18:23:34.6657501","DxgKrnl","10011","정보",,""
"18:23:34.6667163","DxgKrnl","10011","정보",,""
"18:23:34.6667873","DxgKrnl","10011","정보",,""
"18:23:34.6667938","DxgKrnl","10011","정보",,""
"18:23:34.6667966","DxgKrnl","10011","정보",,""
"18:23:34.6672468","DxgKrnl","10011","정보",,""
"18:23:34.6673045","DxgKrnl","10011","정보",,""
"18:23:34.6693571","DxgKrnl","10011","정보",,""
"18:23:34.6694029","DxgKrnl","10011","정보",,""
"18:23:34.6694503","DxgKrnl","10011","정보",,""
"18:23:34.6695209","DxgKrnl","10011","정보",,""
"18:23:34.6695252","DxgKrnl","10011","정보",,""
"18:23:34.6695505","DxgKrnl","10011","정보",,""
"18:23:34.6695880","DxgKrnl","10011","정보",,""
"18:23:34.6697369","DxgKrnl","10011","정보",,""
"18:23:34.6697389","DxgKrnl","10011","정보",,""
"18:23:34.6725561","DxgKrnl","10011","정보",,""
"18:23:34.6726215","DxgKrnl","10011","정보",,""
"18:23:34.6750213","DxgKrnl","10011","정보",,""
"18:23:34.6750927","DxgKrnl","10011","정보",,""
"18:23:34.6771591","DxgKrnl","10011","정보",,""
"18:23:34.6771638","DxgKrnl","10011","정보",,""
"18:23:34.6771866","DxgKrnl","10011","정보",,""
"18:23:34.6773456","DxgKrnl","10011","정보",,""
"18:23:34.6773459","DxgKrnl","10011","정보",,""
"18:23:34.6773515","DxgKrnl","10011","정보",,""
"18:23:34.6777935","DxgKrnl","10011","정보",,""
"18:23:34.6781375","DxgKrnl","10011","정보",,""
"18:23:34.6793798","DxgKrnl","10011","정보",,""
"18:23:34.6794307","DxgKrnl","10011","정보",,""
"18:23:34.6806358","DxgKrnl","10011","정보",,""
"18:23:34.6806880","DxgKrnl","10011","정보",,""
"18:23:34.6862324","DxgKrnl","10011","정보",,""
"18:23:34.6863082","DxgKrnl","10011","정보",,""
"18:23:34.7913522","DxgKrnl","10011","정보",,""
"18:23:34.7914794","DxgKrnl","10011","정보",,""
"18:23:38.6014869","DxgKrnl","10011","정보",,""
"18:23:38.6020628","DxgKrnl","10011","정보",,""
"18:23:49.9644505","Kernel-PnP","220","시작",,"Begin querying bus relations for device ROOT\SYSTEM\0001"
"18:23:49.9644553","Kernel-PnP","222","시작",,"End querying bus relations for device ROOT\SYSTEM\0001"
"18:23:49.9767885","Kernel-PnP","808","시작",,"End device add, status (STATUS_SUCCESS)"
"18:23:49.9769230","Kernel-PnP","808","시작",,"End device add, status (STATUS_SUCCESS)"
"18:23:49.9773636","Kernel-PnP","220","시작",,"Begin querying bus relations for device LGHUBDevice\VID_046D&PID_C232\1&79f5d87&0&01"
"18:23:49.9773838","Kernel-PnP","222","시작",,"End querying bus relations for device LGHUBDevice\VID_046D&PID_C232\1&79f5d87&0&01"
"18:23:49.9781361","Kernel-PnP","808","시작",,"End device add, status (STATUS_SUCCESS)"
"18:23:49.9783061","Kernel-PnP","808","시작",,"End device add, status (STATUS_SUCCESS)"
"18:23:49.9789247","Kernel-PnP","220","시작",,"Begin querying bus relations for device HID\VID_046D&PID_C232\2&1a87f3a8&0&0000"
"18:23:49.9789597","Kernel-PnP","222","시작",,"End querying bus relations for device HID\VID_046D&PID_C232\2&1a87f3a8&0&0000"
"18:23:49.9789888","Kernel-PnP","220","시작",,"Begin querying bus relations for device LGHUBDevice\VID_046D&PID_C232\1&79f5d87&0&01"
"18:23:49.9789940","Kernel-PnP","222","시작",,"End querying bus relations for device LGHUBDevice\VID_046D&PID_C232\1&79f5d87&0&01"
"18:23:49.9790045","Kernel-PnP","220","시작",,"Begin querying bus relations for device HID\VID_046D&PID_C232\2&1a87f3a8&0&0000"
"18:23:49.9790072","Kernel-PnP","222","시작",,"End querying bus relations for device HID\VID_046D&PID_C232\2&1a87f3a8&0&0000"
"18:23:53.7963119","DxgKrnl","10011","정보",,""
"18:23:53.7963925","DxgKrnl","10011","정보",,""
"18:23:56.2778554","DxgKrnl","10011","정보",,""
"18:23:56.2779218","DxgKrnl","10011","정보",,""
"18:23:56.2836586","DxgKrnl","10011","정보",,""
"18:23:56.2837134","DxgKrnl","10011","정보",,""
"18:23:56.2837663","DxgKrnl","10011","정보",,""
"18:23:56.2837722","DxgKrnl","10011","정보",,""
"18:23:56.2837745","DxgKrnl","10011","정보",,""
"18:23:56.2877711","DxgKrnl","10011","정보",,""
"18:23:56.2878182","DxgKrnl","10011","정보",,""
"18:23:56.5951633","DxgKrnl","10011","정보",,""
"18:23:56.5951837","DxgKrnl","10011","정보",,""
"18:23:56.6051157","DxgKrnl","10011","정보",,""
"18:23:56.6051882","DxgKrnl","10011","정보",,""
"18:23:56.6052618","DxgKrnl","10011","정보",,""
"18:23:56.6065053","DxgKrnl","10011","정보",,""
"18:23:56.6065597","DxgKrnl","10011","정보",,""
"18:23:56.6068377","DxgKrnl","10011","정보",,""
"18:23:56.6068993","DxgKrnl","10011","정보",,""
"18:23:56.6069005","DxgKrnl","10011","정보",,""
"18:23:56.6069527","DxgKrnl","10011","정보",,""
"18:23:56.6069563","DxgKrnl","10011","정보",,""
"18:23:56.6070497","DxgKrnl","10011","정보",,""
"18:23:56.6070596","DxgKrnl","10011","정보",,""
"18:23:56.6071152","DxgKrnl","10011","정보",,""
"18:23:56.6096791","DxgKrnl","10011","정보",,""
"18:23:56.6097205","DxgKrnl","10011","정보",,""
"18:23:56.6098295","DxgKrnl","10011","정보",,""
"18:23:56.6099910","DxgKrnl","10011","정보",,""
"18:23:56.6100559","DxgKrnl","10011","정보",,""
"18:23:56.6116834","DxgKrnl","10011","정보",,""
"18:23:56.6129218","DxgKrnl","10011","정보",,""
"18:23:56.6129908","DxgKrnl","10011","정보",,""
"18:23:56.6133590","DxgKrnl","10011","정보",,""
"18:23:56.6134257","DxgKrnl","10011","정보",,""
"18:23:56.6134277","DxgKrnl","10011","정보",,""
"18:23:56.6134807","DxgKrnl","10011","정보",,""
"18:23:56.6134827","DxgKrnl","10011","정보",,""
"18:23:56.6135348","DxgKrnl","10011","정보",,""
"18:23:56.6135406","DxgKrnl","10011","정보",,""
"18:23:56.6135930","DxgKrnl","10011","정보",,""
"18:23:56.6141770","DxgKrnl","10011","정보",,""
"18:23:56.6142315","DxgKrnl","10011","정보",,""
"18:23:56.6145391","DxgKrnl","10011","정보",,""
"18:23:56.6145851","DxgKrnl","10011","정보",,""
"18:23:56.6147993","DxgKrnl","10011","정보",,""
"18:23:56.6148203","DxgKrnl","10011","정보",,""
"18:23:56.6148203","DxgKrnl","10011","정보",,""
"18:23:56.6149537","DxgKrnl","10011","정보",,""
"18:23:56.6149571","DxgKrnl","10011","정보",,""
"18:23:56.6157411","DxgKrnl","10011","정보",,""
"18:23:56.6157965","DxgKrnl","10011","정보",,""
"18:23:56.6158905","DxgKrnl","10011","정보",,""
"18:23:56.6169598","DxgKrnl","10011","정보",,""
"18:23:56.6170363","DxgKrnl","10011","정보",,""
"18:23:56.6170870","DxgKrnl","10011","정보",,""
"18:23:56.6180335","DxgKrnl","10011","정보",,""
"18:23:56.6181074","DxgKrnl","10011","정보",,""
"18:23:56.6182478","DxgKrnl","10011","정보",,""
"18:23:56.6183449","DxgKrnl","10011","정보",,""
"18:23:56.6186771","DxgKrnl","10011","정보",,""
"18:23:56.6187618","DxgKrnl","10011","정보",,""
"18:23:56.6206832","DxgKrnl","10011","정보",,""
"18:23:56.6208056","DxgKrnl","10011","정보",,""
"18:23:56.6256353","DxgKrnl","10011","정보",,""
"18:23:56.6256857","DxgKrnl","10011","정보",,""
"18:23:56.6257482","DxgKrnl","10011","정보",,""
"18:23:56.6258190","DxgKrnl","10011","정보",,""
"18:23:56.6258205","DxgKrnl","10011","정보",,""
"18:23:56.6270413","DxgKrnl","10011","정보",,""
"18:23:56.6271360","DxgKrnl","10011","정보",,""
"18:23:56.6273420","DxgKrnl","10011","정보",,""
"18:23:56.6273798","DxgKrnl","10011","정보",,""
"18:23:56.6274738","DxgKrnl","10011","정보",,""
"18:23:56.6322389","DxgKrnl","10011","정보",,""
"18:23:56.6323127","DxgKrnl","10011","정보",,""
"18:23:56.6324528","DxgKrnl","10011","정보",,""
"18:23:56.6329734","DxgKrnl","10011","정보",,""
"18:23:56.6330500","DxgKrnl","10011","정보",,""
"18:23:56.6338470","DxgKrnl","10011","정보",,""
"18:23:56.6339841","DxgKrnl","10011","정보",,""
"18:23:56.6386723","DxgKrnl","10011","정보",,""
"18:23:56.6387037","DxgKrnl","10011","정보",,""
"18:23:56.6387893","DxgKrnl","10011","정보",,""
"18:23:56.6388171","DxgKrnl","10011","정보",,""
"18:23:56.6389664","DxgKrnl","10011","정보",,""
"18:23:56.6400835","DxgKrnl","10011","정보",,""
"18:23:56.6401404","DxgKrnl","10011","정보",,""
"18:23:56.6402342","DxgKrnl","10011","정보",,""
"18:23:56.6403395","DxgKrnl","10011","정보",,""
"18:23:56.6403448","DxgKrnl","10011","정보",,""
"18:23:56.6455389","DxgKrnl","10011","정보",,""
"18:23:56.6456029","DxgKrnl","10011","정보",,""
"18:23:56.6458906","DxgKrnl","10011","정보",,""
"18:23:56.6461745","DxgKrnl","10011","정보",,""
"18:23:56.6462434","DxgKrnl","10011","정보",,""
"18:23:56.6509551","DxgKrnl","10011","정보",,""
"18:23:56.6515899","DxgKrnl","10011","정보",,""
"18:23:56.6516519","DxgKrnl","10011","정보",,""
"18:23:56.6517223","DxgKrnl","10011","정보",,""
"18:23:56.6517433","DxgKrnl","10011","정보",,""
"18:23:56.6519451","DxgKrnl","10011","정보",,""
"18:23:56.6530590","DxgKrnl","10011","정보",,""
"18:23:56.6531369","DxgKrnl","10011","정보",,""
"18:23:56.6535647","DxgKrnl","10011","정보",,""
"18:23:56.6537013","DxgKrnl","10011","정보",,""
"18:23:56.6549311","DxgKrnl","10011","정보",,""
"18:23:56.6550235","DxgKrnl","10011","정보",,""
"18:23:56.6563566","DxgKrnl","10011","정보",,""
"18:23:56.6575924","DxgKrnl","10011","정보",,""
"18:23:56.6576085","DxgKrnl","10011","정보",,""
"18:23:56.6576117","DxgKrnl","10011","정보",,""
"18:23:56.6576124","DxgKrnl","10011","정보",,""
"18:23:56.6579395","DxgKrnl","10011","정보",,""
"18:23:56.6580208","DxgKrnl","10011","정보",,""
"18:23:56.6644988","DxgKrnl","10011","정보",,""
"18:23:56.6647545","DxgKrnl","10011","정보",,""
"18:23:56.6688435","DxgKrnl","10011","정보",,""
"18:23:56.6689554","DxgKrnl","10011","정보",,""
"18:23:56.6690429","DxgKrnl","10011","정보",,""
"18:23:56.6690521","DxgKrnl","10011","정보",,""
"18:23:56.6690551","DxgKrnl","10011","정보",,""
"18:23:56.6733519","DxgKrnl","10011","정보",,""
"18:23:56.6734151","DxgKrnl","10011","정보",,""
"18:23:56.6797634","DxgKrnl","10011","정보",,""
"18:23:56.6798453","DxgKrnl","10011","정보",,""
"18:23:56.6799231","DxgKrnl","10011","정보",,""
"18:23:56.6815228","DxgKrnl","10011","정보",,""
"18:23:56.6815878","DxgKrnl","10011","정보",,""
"18:23:56.6817242","DxgKrnl","10011","정보",,""
"18:23:56.6817963","DxgKrnl","10011","정보",,""
"18:23:56.6817983","DxgKrnl","10011","정보",,""
"18:23:56.6818601","DxgKrnl","10011","정보",,""
"18:23:56.6818632","DxgKrnl","10011","정보",,""
"18:23:56.6819258","DxgKrnl","10011","정보",,""
"18:23:56.6819331","DxgKrnl","10011","정보",,""
"18:23:56.6819975","DxgKrnl","10011","정보",,""
"18:23:56.6843624","DxgKrnl","10011","정보",,""
"18:23:56.6843636","DxgKrnl","10011","정보",,""
"18:23:56.6843705","DxgKrnl","10011","정보",,""
"18:23:56.6843879","DxgKrnl","10011","정보",,""
"18:23:56.6843990","DxgKrnl","10011","정보",,""
"18:23:56.6844145","DxgKrnl","10011","정보",,""
"18:23:56.6848325","DxgKrnl","10011","정보",,""
"18:23:56.6849165","DxgKrnl","10011","정보",,""
"18:23:56.6849169","DxgKrnl","10011","정보",,""
"18:23:56.6849210","DxgKrnl","10011","정보",,""
"18:23:56.6849233","DxgKrnl","10011","정보",,""
"18:23:56.6853975","DxgKrnl","10011","정보",,""
"18:23:56.6917885","DxgKrnl","10011","정보",,""
"18:23:56.6922430","DxgKrnl","10011","정보",,""
"18:23:56.6923407","DxgKrnl","10011","정보",,""
"18:23:56.6929833","DxgKrnl","10011","정보",,""
"18:23:56.6930142","DxgKrnl","10011","정보",,""
"18:23:56.6930251","DxgKrnl","10011","정보",,""
"18:23:56.6931602","DxgKrnl","10011","정보",,""
"18:23:56.6934341","DxgKrnl","10011","정보",,""
"18:23:56.6934365","DxgKrnl","10011","정보",,""
"18:23:56.6947281","DxgKrnl","10011","정보",,""
"18:23:56.6977519","DxgKrnl","10011","정보",,""
"18:23:56.6991514","DxgKrnl","10011","정보",,""
"18:23:56.6991704","DxgKrnl","10011","정보",,""
"18:23:56.6991734","DxgKrnl","10011","정보",,""
"18:23:56.6991743","DxgKrnl","10011","정보",,""
"18:23:56.6994691","DxgKrnl","10011","정보",,""
"18:23:56.6994717","DxgKrnl","10011","정보",,""
"18:23:56.6996669","DxgKrnl","10011","정보",,""
"18:23:56.6996725","DxgKrnl","10011","정보",,""
"18:23:56.7016400","DxgKrnl","10011","정보",,""
"18:23:56.7017354","DxgKrnl","10011","정보",,""
"18:23:56.7185393","DxgKrnl","10011","정보",,""
"18:23:56.7185632","DxgKrnl","10011","정보",,""
"18:23:56.7190530","DxgKrnl","10011","정보",,""
"18:23:56.7192215","DxgKrnl","10011","정보",,""
"18:23:56.7355328","DxgKrnl","10011","정보",,""
"18:23:56.7356904","DxgKrnl","10011","정보",,""
"18:23:56.8877712","DxgKrnl","10011","정보",,""
"18:23:56.8878293","DxgKrnl","10011","정보",,""
"18:23:56.8897690","DxgKrnl","10011","정보",,""
"18:23:56.8905497","DxgKrnl","10011","정보",,""
"18:23:56.8922477","DxgKrnl","10011","정보",,""
"18:23:56.8923275","DxgKrnl","10011","정보",,""
"18:23:56.8988579","DxgKrnl","10011","정보",,""
"18:23:56.8989266","DxgKrnl","10011","정보",,""
"18:23:57.0740448","DxgKrnl","10011","정보",,""
"18:23:57.0741265","DxgKrnl","10011","정보",,""
"18:23:57.3019051","DxgKrnl","10011","정보",,""
"18:23:57.3020343","DxgKrnl","10011","정보",,""
"18:23:57.3020372","DxgKrnl","10011","정보",,""
"18:23:57.3021207","DxgKrnl","10011","정보",,""
"18:23:57.3021230","DxgKrnl","10011","정보",,""
"18:23:57.3021765","DxgKrnl","10011","정보",,""
"18:23:57.3021848","DxgKrnl","10011","정보",,""
"18:23:57.3022387","DxgKrnl","10011","정보",,""
"18:23:58.2486155","DxgKrnl","10011","정보",,""
"18:23:58.2493218","DxgKrnl","10011","정보",,""
"18:24:17.3439171","DxgKrnl","10011","정보",,""
"18:24:17.3440239","DxgKrnl","10011","정보",,""
"18:24:17.3621169","DxgKrnl","10011","정보",,""
"18:24:17.3621530","DxgKrnl","10011","정보",,""
"18:24:17.3622362","DxgKrnl","10011","정보",,""
"18:24:17.3622427","DxgKrnl","10011","정보",,""
"18:24:17.3622450","DxgKrnl","10011","정보",,""
"18:24:17.3626256","DxgKrnl","10011","정보",,""
"18:24:17.3626911","DxgKrnl","10011","정보",,""
"18:24:17.6215323","DxgKrnl","10011","정보",,""
"18:24:17.6215642","DxgKrnl","10011","정보",,""
"18:24:17.6338208","DxgKrnl","10011","정보",,""
"18:24:17.6338798","DxgKrnl","10011","정보",,""
"18:24:17.6339296","DxgKrnl","10011","정보",,""
"18:24:17.6349817","DxgKrnl","10011","정보",,""
"18:24:17.6350302","DxgKrnl","10011","정보",,""
"18:24:17.6352022","DxgKrnl","10011","정보",,""
"18:24:17.6352548","DxgKrnl","10011","정보",,""
"18:24:17.6352566","DxgKrnl","10011","정보",,""
"18:24:17.6352983","DxgKrnl","10011","정보",,""
"18:24:17.6371930","DxgKrnl","10011","정보",,""
"18:24:17.6372080","DxgKrnl","10011","정보",,""
"18:24:17.6373076","DxgKrnl","10011","정보",,""
"18:24:17.6373106","DxgKrnl","10011","정보",,""
"18:24:17.6374170","DxgKrnl","10011","정보",,""
"18:24:17.6374373","DxgKrnl","10011","정보",,""
"18:24:17.6374823","DxgKrnl","10011","정보",,""
"18:24:17.6375078","DxgKrnl","10011","정보",,""
"18:24:17.6375675","DxgKrnl","10011","정보",,""
"18:24:17.6384199","DxgKrnl","10011","정보",,""
"18:24:17.6392836","DxgKrnl","10011","정보",,""
"18:24:17.6393373","DxgKrnl","10011","정보",,""
"18:24:17.6393392","DxgKrnl","10011","정보",,""
"18:24:17.6393802","DxgKrnl","10011","정보",,""
"18:24:17.6399833","DxgKrnl","10011","정보",,""
"18:24:17.6400222","DxgKrnl","10011","정보",,""
"18:24:17.6401337","DxgKrnl","10011","정보",,""
"18:24:17.6401925","DxgKrnl","10011","정보",,""
"18:24:17.6402939","DxgKrnl","10011","정보",,""
"18:24:17.6403725","DxgKrnl","10011","정보",,""
"18:24:17.6419253","DxgKrnl","10011","정보",,""
"18:24:17.6419971","DxgKrnl","10011","정보",,""
"18:24:17.6420478","DxgKrnl","10011","정보",,""
"18:24:17.6427107","DxgKrnl","10011","정보",,""
"18:24:17.6427811","DxgKrnl","10011","정보",,""
"18:24:17.6428359","DxgKrnl","10011","정보",,""
"18:24:17.6429811","DxgKrnl","10011","정보",,""
"18:24:17.6440038","DxgKrnl","10011","정보",,""
"18:24:17.6440674","DxgKrnl","10011","정보",,""
"18:24:17.6440988","DxgKrnl","10011","정보",,""
"18:24:17.6441281","DxgKrnl","10011","정보",,""
"18:24:17.6441525","DxgKrnl","10011","정보",,""
"18:24:17.6442263","DxgKrnl","10011","정보",,""
"18:24:17.6450806","DxgKrnl","10011","정보",,""
"18:24:17.6451240","DxgKrnl","10011","정보",,""
"18:24:17.6451916","DxgKrnl","10011","정보",,""
"18:24:17.6452897","DxgKrnl","10011","정보",,""
"18:24:17.6453415","DxgKrnl","10011","정보",,""
"18:24:17.6455443","DxgKrnl","10011","정보",,""
"18:24:17.6456005","DxgKrnl","10011","정보",,""
"18:24:17.6462016","DxgKrnl","10011","정보",,""
"18:24:17.6464903","DxgKrnl","10011","정보",,""
"18:24:17.6465567","DxgKrnl","10011","정보",,""
"18:24:17.6467152","DxgKrnl","10011","정보",,""
"18:24:17.6473987","DxgKrnl","10011","정보",,""
"18:24:17.6475268","DxgKrnl","10011","정보",,""
"18:24:17.6476152","DxgKrnl","10011","정보",,""
"18:24:17.6494935","DxgKrnl","10011","정보",,""
"18:24:17.6495445","DxgKrnl","10011","정보",,""
"18:24:17.6516163","DxgKrnl","10011","정보",,""
"18:24:17.6517227","DxgKrnl","10011","정보",,""
"18:24:17.6517764","DxgKrnl","10011","정보",,""
"18:24:17.6524280","DxgKrnl","10011","정보",,""
"18:24:17.6525418","DxgKrnl","10011","정보",,""
"18:24:17.6526076","DxgKrnl","10011","정보",,""
"18:24:17.6533022","DxgKrnl","10011","정보",,""
"18:24:17.6534008","DxgKrnl","10011","정보",,""
"18:24:17.6536260","DxgKrnl","10011","정보",,""
"18:24:17.6536589","DxgKrnl","10011","정보",,""
"18:24:17.6537167","DxgKrnl","10011","정보",,""
"18:24:17.6542041","DxgKrnl","10011","정보",,""
"18:24:17.6545657","DxgKrnl","10011","정보",,""
"18:24:17.6546059","DxgKrnl","10011","정보",,""
"18:24:17.6546549","DxgKrnl","10011","정보",,""
"18:24:17.6595042","DxgKrnl","10011","정보",,""
"18:24:17.6595629","DxgKrnl","10011","정보",,""
"18:24:17.6605145","DxgKrnl","10011","정보",,""
"18:24:17.6605752","DxgKrnl","10011","정보",,""
"18:24:17.6615151","DxgKrnl","10011","정보",,""
"18:24:17.6634651","DxgKrnl","10011","정보",,""
"18:24:17.6638897","DxgKrnl","10011","정보",,""
"18:24:17.6639027","DxgKrnl","10011","정보",,""
"18:24:17.6639056","DxgKrnl","10011","정보",,""
"18:24:17.6639064","DxgKrnl","10011","정보",,""
"18:24:17.6639896","DxgKrnl","10011","정보",,""
"18:24:17.6641098","DxgKrnl","10011","정보",,""
"18:24:17.6641153","DxgKrnl","10011","정보",,""
"18:24:17.6642723","DxgKrnl","10011","정보",,""
"18:24:17.6642768","DxgKrnl","10011","정보",,""
"18:24:17.6702025","DxgKrnl","10011","정보",,""
"18:24:17.6702997","DxgKrnl","10011","정보",,""
"18:24:17.6745416","DxgKrnl","10011","정보",,""
"18:24:17.6745751","DxgKrnl","10011","정보",,""
"18:24:17.6746284","DxgKrnl","10011","정보",,""
"18:24:17.6746351","DxgKrnl","10011","정보",,""
"18:24:17.6746374","DxgKrnl","10011","정보",,""
"18:24:17.6749832","DxgKrnl","10011","정보",,""
"18:24:17.6750451","DxgKrnl","10011","정보",,""
"18:24:17.6768223","DxgKrnl","10011","정보",,""
"18:24:17.6768662","DxgKrnl","10011","정보",,""
"18:24:17.6769150","DxgKrnl","10011","정보",,""
"18:24:17.6771364","DxgKrnl","10011","정보",,""
"18:24:17.6771411","DxgKrnl","10011","정보",,""
"18:24:17.6771421","DxgKrnl","10011","정보",,""
"18:24:17.6773809","DxgKrnl","10011","정보",,""
"18:24:17.6774866","DxgKrnl","10011","정보",,""
"18:24:17.6775186","DxgKrnl","10011","정보",,""
"18:24:17.6775669","DxgKrnl","10011","정보",,""
"18:24:17.6776282","DxgKrnl","10011","정보",,""
"18:24:17.6776920","DxgKrnl","10011","정보",,""
"18:24:17.6776953","DxgKrnl","10011","정보",,""
"18:24:17.6823720","DxgKrnl","10011","정보",,""
"18:24:17.6823742","DxgKrnl","10011","정보",,""
"18:24:17.6824857","DxgKrnl","10011","정보",,""
"18:24:17.6824869","DxgKrnl","10011","정보",,""
"18:24:17.6837608","DxgKrnl","10011","정보",,""
"18:24:17.6844773","DxgKrnl","10011","정보",,""
"18:24:17.6851856","DxgKrnl","10011","정보",,""
"18:24:17.6851890","DxgKrnl","10011","정보",,""
"18:24:17.6852938","DxgKrnl","10011","정보",,""
"18:24:17.6852949","DxgKrnl","10011","정보",,""
"18:24:17.6859752","DxgKrnl","10011","정보",,""
"18:24:17.6861821","DxgKrnl","10011","정보",,""
"18:24:17.6866169","DxgKrnl","10011","정보",,""
"18:24:17.6866995","DxgKrnl","10011","정보",,""
"18:24:17.6907908","DxgKrnl","10011","정보",,""
"18:24:17.6915739","DxgKrnl","10011","정보",,""
"18:24:17.6917723","DxgKrnl","10011","정보",,""
"18:24:17.6918406","DxgKrnl","10011","정보",,""
"18:24:17.6934640","DxgKrnl","10011","정보",,""
"18:24:17.6935222","DxgKrnl","10011","정보",,""
"18:24:17.7964157","DxgKrnl","10011","정보",,""
"18:24:17.7964698","DxgKrnl","10011","정보",,""
"18:24:18.6089892","DxgKrnl","10011","정보",,""
"18:24:18.6090890","DxgKrnl","10011","정보",,""
"18:24:37.6472102","Kernel-PnP","220","시작",,"Begin querying bus relations for device HTREE\ROOT\0"
"18:24:37.6475103","Kernel-PnP","222","시작",,"End querying bus relations for device HTREE\ROOT\0"
"18:24:37.6481586","Kernel-PnP","220","시작",,"Begin querying bus relations for device SWD\MSRRAS\{5e259276-bc7e-40e3-b93b-8f89b5f3abc0}"
"18:24:37.6481606","Kernel-PnP","222","시작",,"End querying bus relations for device SWD\MSRRAS\{5e259276-bc7e-40e3-b93b-8f89b5f3abc0}"
"18:24:39.4581534","Kernel-PnP","808","시작",,"End device add, status (STATUS_SUCCESS)"
"18:24:40.2117185","Kernel-PnP","220","시작",,"Begin querying bus relations for device SWD\MSRRAS\{5e259276-bc7e-40e3-b93b-8f89b5f3abc0}"
"18:24:40.2117202","Kernel-PnP","222","시작",,"End querying bus relations for device SWD\MSRRAS\{5e259276-bc7e-40e3-b93b-8f89b5f3abc0}"
"18:24:40.6777957","Kernel-PnP","220","시작",,"Begin querying bus relations for device SWD\MSRRAS\{5e259276-bc7e-40e3-b93b-8f89b5f3abc0}"
"18:24:40.6777987","Kernel-PnP","222","시작",,"End querying bus relations for device SWD\MSRRAS\{5e259276-bc7e-40e3-b93b-8f89b5f3abc0}"
"18:24:40.7177686","Kernel-PnP","808","시작",,"End device add, status (STATUS_SUCCESS)"
"18:24:40.7192997","Kernel-PnP","220","시작",,"Begin querying bus relations for device SWD\MSRRAS\{5e259276-bc7e-40e3-b93b-8f89b5f3abc0}"
"18:24:40.7193019","Kernel-PnP","222","시작",,"End querying bus relations for device SWD\MSRRAS\{5e259276-bc7e-40e3-b93b-8f89b5f3abc0}"
"18:24:40.7574913","Kernel-PnP","808","시작",,"End device add, status (STATUS_SUCCESS)"
"18:24:40.7591003","Kernel-PnP","220","시작",,"Begin querying bus relations for device SWD\MSRRAS\{5e259276-bc7e-40e3-b93b-8f89b5f3abc0}"
"18:24:40.7591021","Kernel-PnP","222","시작",,"End querying bus relations for device SWD\MSRRAS\{5e259276-bc7e-40e3-b93b-8f89b5f3abc0}"
"18:24:40.7978587","Kernel-PnP","808","시작",,"End device add, status (STATUS_SUCCESS)"
"18:24:40.7995062","Kernel-PnP","220","시작",,"Begin querying bus relations for device SWD\MSRRAS\{5e259276-bc7e-40e3-b93b-8f89b5f3abc0}"
"18:24:40.7995082","Kernel-PnP","222","시작",,"End querying bus relations for device SWD\MSRRAS\{5e259276-bc7e-40e3-b93b-8f89b5f3abc0}"
"18:24:40.8373770","Kernel-PnP","808","시작",,"End device add, status (STATUS_SUCCESS)"
"18:24:40.8391203","Kernel-PnP","220","시작",,"Begin querying bus relations for device SWD\MSRRAS\{5e259276-bc7e-40e3-b93b-8f89b5f3abc0}"
"18:24:40.8391226","Kernel-PnP","222","시작",,"End querying bus relations for device SWD\MSRRAS\{5e259276-bc7e-40e3-b93b-8f89b5f3abc0}"
"18:24:40.9169119","Kernel-PnP","808","시작",,"End device add, status (STATUS_SUCCESS)"
"18:24:40.9186786","Kernel-PnP","220","시작",,"Begin querying bus relations for device SWD\MSRRAS\{5e259276-bc7e-40e3-b93b-8f89b5f3abc0}"
"18:24:40.9186811","Kernel-PnP","222","시작",,"End querying bus relations for device SWD\MSRRAS\{5e259276-bc7e-40e3-b93b-8f89b5f3abc0}"
"18:24:40.9208028","Kernel-PnP","808","시작",,"End device add, status (STATUS_SUCCESS)"
"18:24:40.9225259","Kernel-PnP","220","시작",,"Begin querying bus relations for device SWD\MSRRAS\{5e259276-bc7e-40e3-b93b-8f89b5f3abc0}"
"18:24:40.9225282","Kernel-PnP","222","시작",,"End querying bus relations for device SWD\MSRRAS\{5e259276-bc7e-40e3-b93b-8f89b5f3abc0}"
"18:24:40.9244011","Kernel-PnP","808","시작",,"End device add, status (STATUS_SUCCESS)"
"18:26:09.7118454","DxgKrnl","10011","정보",,""
"18:26:09.7119169","DxgKrnl","10011","정보",,""
"18:26:09.7207882","DxgKrnl","10011","정보",,""
"18:26:09.7208604","DxgKrnl","10011","정보",,""
"18:26:09.7209775","DxgKrnl","10011","정보",,""
"18:26:09.7209856","DxgKrnl","10011","정보",,""
"18:26:09.7209901","DxgKrnl","10011","정보",,""
"18:26:09.7257041","DxgKrnl","10011","정보",,""
"18:26:09.7257589","DxgKrnl","10011","정보",,""
"18:26:10.0092884","DxgKrnl","10011","정보",,""
"18:26:10.0093249","DxgKrnl","10011","정보",,""
"18:26:10.0217781","DxgKrnl","10011","정보",,""
"18:26:10.0218529","DxgKrnl","10011","정보",,""
"18:26:10.0219094","DxgKrnl","10011","정보",,""
"18:26:10.0231700","DxgKrnl","10011","정보",,""
"18:26:10.0232239","DxgKrnl","10011","정보",,""
"18:26:10.0234726","DxgKrnl","10011","정보",,""
"18:26:10.0235291","DxgKrnl","10011","정보",,""
"18:26:10.0235308","DxgKrnl","10011","정보",,""
"18:26:10.0235840","DxgKrnl","10011","정보",,""
"18:26:10.0235865","DxgKrnl","10011","정보",,""
"18:26:10.0236386","DxgKrnl","10011","정보",,""
"18:26:10.0236725","DxgKrnl","10011","정보",,""
"18:26:10.0237231","DxgKrnl","10011","정보",,""
"18:26:10.0258384","DxgKrnl","10011","정보",,""
"18:26:10.0258404","DxgKrnl","10011","정보",,""
"18:26:10.0258470","DxgKrnl","10011","정보",,""
"18:26:10.0259567","DxgKrnl","10011","정보",,""
"18:26:10.0262357","DxgKrnl","10011","정보",,""
"18:26:10.0262357","DxgKrnl","10011","정보",,""
"18:26:10.0262387","DxgKrnl","10011","정보",,""
"18:26:10.0262456","DxgKrnl","10011","정보",,""
"18:26:10.0268470","DxgKrnl","10011","정보",,""
"18:26:10.0269844","DxgKrnl","10011","정보",,""
"18:26:10.0270032","DxgKrnl","10011","정보",,""
"18:26:10.0270662","DxgKrnl","10011","정보",,""
"18:26:10.0276485","DxgKrnl","10011","정보",,""
"18:26:10.0278983","DxgKrnl","10011","정보",,""
"18:26:10.0280967","DxgKrnl","10011","정보",,""
"18:26:10.0281614","DxgKrnl","10011","정보",,""
"18:26:10.0281629","DxgKrnl","10011","정보",,""
"18:26:10.0282136","DxgKrnl","10011","정보",,""
"18:26:10.0282154","DxgKrnl","10011","정보",,""
"18:26:10.0282677","DxgKrnl","10011","정보",,""
"18:26:10.0282788","DxgKrnl","10011","정보",,""
"18:26:10.0283299","DxgKrnl","10011","정보",,""
"18:26:10.0289455","DxgKrnl","10011","정보",,""
"18:26:10.0289956","DxgKrnl","10011","정보",,""
"18:26:10.0320022","DxgKrnl","10011","정보",,""
"18:26:10.0320600","DxgKrnl","10011","정보",,""
"18:26:10.0321248","DxgKrnl","10011","정보",,""
"18:26:10.0329130","DxgKrnl","10011","정보",,""
"18:26:10.0329412","DxgKrnl","10011","정보",,""
"18:26:10.0338201","DxgKrnl","10011","정보",,""
"18:26:10.0338428","DxgKrnl","10011","정보",,""
"18:26:10.0340045","DxgKrnl","10011","정보",,""
"18:26:10.0340931","DxgKrnl","10011","정보",,""
"18:26:10.0355912","DxgKrnl","10011","정보",,""
"18:26:10.0356591","DxgKrnl","10011","정보",,""
"18:26:10.0357347","DxgKrnl","10011","정보",,""
"18:26:10.0359359","DxgKrnl","10011","정보",,""
"18:26:10.0360136","DxgKrnl","10011","정보",,""
"18:26:10.0360957","DxgKrnl","10011","정보",,""
"18:26:10.0361017","DxgKrnl","10011","정보",,""
"18:26:10.0408461","DxgKrnl","10011","정보",,""
"18:26:10.0409034","DxgKrnl","10011","정보",,""
"18:26:10.0409285","DxgKrnl","10011","정보",,""
"18:26:10.0415367","DxgKrnl","10011","정보",,""
"18:26:10.0416320","DxgKrnl","10011","정보",,""
"18:26:10.0417004","DxgKrnl","10011","정보",,""
"18:26:10.0417850","DxgKrnl","10011","정보",,""
"18:26:10.0428301","DxgKrnl","10011","정보",,""
"18:26:10.0428987","DxgKrnl","10011","정보",,""
"18:26:10.0478295","DxgKrnl","10011","정보",,""
"18:26:10.0479112","DxgKrnl","10011","정보",,""
"18:26:10.0479854","DxgKrnl","10011","정보",,""
"18:26:10.0480326","DxgKrnl","10011","정보",,""
"18:26:10.0486563","DxgKrnl","10011","정보",,""
"18:26:10.0487554","DxgKrnl","10011","정보",,""
"18:26:10.0488166","DxgKrnl","10011","정보",,""
"18:26:10.0488928","DxgKrnl","10011","정보",,""
"18:26:10.0490174","DxgKrnl","10011","정보",,""
"18:26:10.0490710","DxgKrnl","10011","정보",,""
"18:26:10.0491894","DxgKrnl","10011","정보",,""
"18:26:10.0491975","DxgKrnl","10011","정보",,""
"18:26:10.0535628","DxgKrnl","10011","정보",,""
"18:26:10.0536835","DxgKrnl","10011","정보",,""
"18:26:10.0537516","DxgKrnl","10011","정보",,""
"18:26:10.0539688","DxgKrnl","10011","정보",,""
"18:26:10.0540972","DxgKrnl","10011","정보",,""
"18:26:10.0554322","DxgKrnl","10011","정보",,""
"18:26:10.0555087","DxgKrnl","10011","정보",,""
"18:26:10.0601575","DxgKrnl","10011","정보",,""
"18:26:10.0602055","DxgKrnl","10011","정보",,""
"18:26:10.0602719","DxgKrnl","10011","정보",,""
"18:26:10.0603559","DxgKrnl","10011","정보",,""
"18:26:10.0603571","DxgKrnl","10011","정보",,""
"18:26:10.0611076","DxgKrnl","10011","정보",,""
"18:26:10.0612075","DxgKrnl","10011","정보",,""
"18:26:10.0612728","DxgKrnl","10011","정보",,""
"18:26:10.0626614","DxgKrnl","10011","정보",,""
"18:26:10.0627406","DxgKrnl","10011","정보",,""
"18:26:10.0630772","DxgKrnl","10011","정보",,""
"18:26:10.0632784","DxgKrnl","10011","정보",,""
"18:26:10.0674064","DxgKrnl","10011","정보",,""
"18:26:10.0674630","DxgKrnl","10011","정보",,""
"18:26:10.0674907","DxgKrnl","10011","정보",,""
"18:26:10.0682664","DxgKrnl","10011","정보",,""
"18:26:10.0683040","DxgKrnl","10011","정보",,""
"18:26:10.0683517","DxgKrnl","10011","정보",,""
"18:26:10.0688092","DxgKrnl","10011","정보",,""
"18:26:10.0689116","DxgKrnl","10011","정보",,""
"18:26:10.0690238","DxgKrnl","10011","정보",,""
"18:26:10.0690709","DxgKrnl","10011","정보",,""
"18:26:10.0691582","DxgKrnl","10011","정보",,""
"18:26:10.0691720","DxgKrnl","10011","정보",,""
"18:26:10.0692496","DxgKrnl","10011","정보",,""
"18:26:10.0709586","DxgKrnl","10011","정보",,""
"18:26:10.0710227","DxgKrnl","10011","정보",,""
"18:26:10.0748352","DxgKrnl","10011","정보",,""
"18:26:10.0763983","DxgKrnl","10011","정보",,""
"18:26:10.0764146","DxgKrnl","10011","정보",,""
"18:26:10.0764178","DxgKrnl","10011","정보",,""
"18:26:10.0764185","DxgKrnl","10011","정보",,""
"18:26:10.0765248","DxgKrnl","10011","정보",,""
"18:26:10.0766117","DxgKrnl","10011","정보",,""
"18:26:10.0811082","DxgKrnl","10011","정보",,""
"18:26:10.0811861","DxgKrnl","10011","정보",,""
"18:26:10.0864220","DxgKrnl","10011","정보",,""
"18:26:10.0872114","DxgKrnl","10011","정보",,""
"18:26:10.0903483","DxgKrnl","10011","정보",,""
"18:26:10.0906135","DxgKrnl","10011","정보",,""
"18:26:10.0907045","DxgKrnl","10011","정보",,""
"18:26:10.0907095","DxgKrnl","10011","정보",,""
"18:26:10.0907127","DxgKrnl","10011","정보",,""
"18:26:10.0968654","DxgKrnl","10011","정보",,""
"18:26:10.0969420","DxgKrnl","10011","정보",,""
"18:26:10.1040394","DxgKrnl","10011","정보",,""
"18:26:10.1041308","DxgKrnl","10011","정보",,""
"18:26:10.1041783","DxgKrnl","10011","정보",,""
"18:26:10.1053844","DxgKrnl","10011","정보",,""
"18:26:10.1054392","DxgKrnl","10011","정보",,""
"18:26:10.1055155","DxgKrnl","10011","정보",,""
"18:26:10.1055793","DxgKrnl","10011","정보",,""
"18:26:10.1055935","DxgKrnl","10011","정보",,""
"18:26:10.1056458","DxgKrnl","10011","정보",,""
"18:26:10.1056480","DxgKrnl","10011","정보",,""
"18:26:10.1057031","DxgKrnl","10011","정보",,""
"18:26:10.1057131","DxgKrnl","10011","정보",,""
"18:26:10.1057633","DxgKrnl","10011","정보",,""
"18:26:10.1076302","DxgKrnl","10011","정보",,""
"18:26:10.1076311","DxgKrnl","10011","정보",,""
"18:26:10.1076318","DxgKrnl","10011","정보",,""
"18:26:10.1076334","DxgKrnl","10011","정보",,""
"18:26:10.1078595","DxgKrnl","10011","정보",,""
"18:26:10.1080954","DxgKrnl","10011","정보",,""
"18:26:10.1080964","DxgKrnl","10011","정보",,""
"18:26:10.1080972","DxgKrnl","10011","정보",,""
"18:26:10.1131826","DxgKrnl","10011","정보",,""
"18:26:10.1132329","DxgKrnl","10011","정보",,""
"18:26:10.1132993","DxgKrnl","10011","정보",,""
"18:26:10.1133481","DxgKrnl","10011","정보",,""
"18:26:10.1135447","DxgKrnl","10011","정보",,""
"18:26:10.1188013","DxgKrnl","10011","정보",,""
"18:26:10.1202444","DxgKrnl","10011","정보",,""
"18:26:10.1202615","DxgKrnl","10011","정보",,""
"18:26:10.1202663","DxgKrnl","10011","정보",,""
"18:26:10.1202695","DxgKrnl","10011","정보",,""
"18:26:10.1204226","DxgKrnl","10011","정보",,""
"18:26:10.1204239","DxgKrnl","10011","정보",,""
"18:26:10.1206321","DxgKrnl","10011","정보",,""
"18:26:10.1206347","DxgKrnl","10011","정보",,""
"18:26:10.1210112","DxgKrnl","10011","정보",,""
"18:26:10.1210742","DxgKrnl","10011","정보",,""
"18:26:10.1222023","DxgKrnl","10011","정보",,""
"18:26:10.1222682","DxgKrnl","10011","정보",,""
"18:26:10.1224965","DxgKrnl","10011","정보",,""
"18:26:10.1266756","DxgKrnl","10011","정보",,""
"18:26:10.1267640","DxgKrnl","10011","정보",,""
"18:26:10.1398789","DxgKrnl","10011","정보",,""
"18:26:10.1401622","DxgKrnl","10011","정보",,""
"18:26:10.1406316","DxgKrnl","10011","정보",,""
"18:26:10.1406509","DxgKrnl","10011","정보",,""
"18:26:10.1409076","DxgKrnl","10011","정보",,""
"18:26:10.1409112","DxgKrnl","10011","정보",,""
"18:26:10.1438977","DxgKrnl","10011","정보",,""
"18:26:10.1439810","DxgKrnl","10011","정보",,""
"18:26:10.1705660","Kernel-PnP","220","시작",,"Begin querying bus relations for device PCI\VEN_1002&DEV_7550&SUBSYS_E4891DA2&REV_C0\6&8916a45&0&00000009"
"18:26:10.2709761","DxgKrnl","10011","정보",,""
"18:26:10.2923468","DxgKrnl","10011","정보",,""
"18:26:10.2923813","DxgKrnl","10011","정보",,""
"18:26:10.2923894","DxgKrnl","10011","정보",,""
"18:26:10.2929650","DxgKrnl","10011","정보",,""
"18:26:10.2936098","DxgKrnl","10011","정보",,""
"18:26:10.3902709","DxgKrnl","10011","정보",,""
"18:26:10.3904245","Kernel-PnP","222","시작",,"End querying bus relations for device PCI\VEN_1002&DEV_7550&SUBSYS_E4891DA2&REV_C0\6&8916a45&0&00000009"
"18:26:10.3906818","Kernel-PnP","1010","시작",,"버스에 누락 된 것으로 보고 된 장치 DISPLAY\SAM79DF\7&16b8ddb4&0&UID256이 (가) 제거 되었습니다. 제거 된 장치 수 | 개수: 1"
"18:26:10.3909390","DxgKrnl","10011","정보",,""
"18:26:10.3909395","DxgKrnl","10011","정보",,""
"18:26:10.3909548","DxgKrnl","10011","정보",,""
"18:26:10.3909850","DxgKrnl","10011","정보",,""
"18:26:10.3909895","DxgKrnl","10011","정보",,""
"18:26:10.3913316","Kernel-PnP","1010","시작",,"버스에 누락 된 것으로 보고 된 장치 DISPLAY\SAM7B0C\7&16b8ddb4&0&UID260이 (가) 제거 되었습니다. 제거 된 장치 수 | 개수: 1"
"18:26:10.3915013","DxgKrnl","10011","정보",,""
"18:26:10.3915121","DxgKrnl","10011","정보",,""
"18:26:10.3916785","DxgKrnl","10011","정보",,""
"18:26:10.3916806","DxgKrnl","10011","정보",,""
"18:26:10.3918658","Kernel-PnP","220","시작",,"Begin querying bus relations for device SWD\DRIVERENUM\AMDCP&7&16b8ddb4&0"
"18:26:10.3918688","Kernel-PnP","222","시작",,"End querying bus relations for device SWD\DRIVERENUM\AMDCP&7&16b8ddb4&0"
"18:26:10.3918798","Kernel-PnP","220","시작",,"Begin querying bus relations for device SWD\DRIVERENUM\AMDFDANS&7&16b8ddb4&0"
"18:26:10.3918807","Kernel-PnP","222","시작",,"End querying bus relations for device SWD\DRIVERENUM\AMDFDANS&7&16b8ddb4&0"
"18:26:10.3918867","Kernel-PnP","220","시작",,"Begin querying bus relations for device SWD\DRIVERENUM\AMDOCL&7&16b8ddb4&0"
"18:26:10.3918878","Kernel-PnP","222","시작",,"End querying bus relations for device SWD\DRIVERENUM\AMDOCL&7&16b8ddb4&0"
"18:26:10.3918939","Kernel-PnP","220","시작",,"Begin querying bus relations for device SWD\DRIVERENUM\AMDOGL&7&16b8ddb4&0"
"18:26:10.3918949","Kernel-PnP","222","시작",,"End querying bus relations for device SWD\DRIVERENUM\AMDOGL&7&16b8ddb4&0"
"18:26:10.3919003","Kernel-PnP","220","시작",,"Begin querying bus relations for device SWD\DRIVERENUM\AMDVLK&7&16b8ddb4&0"
"18:26:10.3919013","Kernel-PnP","222","시작",,"End querying bus relations for device SWD\DRIVERENUM\AMDVLK&7&16b8ddb4&0"
"18:26:10.3919071","Kernel-PnP","220","시작",,"Begin querying bus relations for device SWD\DRIVERENUM\AMDWIN&7&16b8ddb4&0"
"18:26:10.3919081","Kernel-PnP","222","시작",,"End querying bus relations for device SWD\DRIVERENUM\AMDWIN&7&16b8ddb4&0"
"18:26:10.3919137","Kernel-PnP","220","시작",,"Begin querying bus relations for device DISPLAY\BBC0104\7&16b8ddb4&0&UID265"
"18:26:10.3919206","Kernel-PnP","222","시작",,"End querying bus relations for device DISPLAY\BBC0104\7&16b8ddb4&0&UID265"
"18:26:10.3933081","DxgKrnl","10011","정보",,""
"18:26:10.3933719","DxgKrnl","10011","정보",,""
"18:26:10.3935601","DxgKrnl","10011","정보",,""
"18:26:10.3936365","DxgKrnl","10011","정보",,""
"18:26:10.3979610","DxgKrnl","10011","정보",,""
"18:26:10.4212137","DxgKrnl","10011","정보",,""
"18:26:10.4256141","DxgKrnl","10011","정보",,""
"18:26:10.4257050","DxgKrnl","10011","정보",,""
"18:26:10.4277377","DxgKrnl","10011","정보",,""
"18:26:10.4278307","DxgKrnl","10011","정보",,""
"18:26:10.4331581","DxgKrnl","10011","정보",,""
"18:26:10.4332665","DxgKrnl","10011","정보",,""
"18:26:10.4347903","DxgKrnl","10011","정보",,""
"18:26:10.4348825","DxgKrnl","10011","정보",,""
"18:26:10.4356418","DxgKrnl","10011","정보",,""
"18:26:10.4369252","DxgKrnl","10011","정보",,""
"18:26:10.4370058","DxgKrnl","10011","정보",,""
"18:26:10.4370449","DxgKrnl","10011","정보",,""
"18:26:10.4373589","DxgKrnl","10011","정보",,""
"18:26:10.4383027","DxgKrnl","10011","정보",,""
"18:26:10.4386509","DxgKrnl","10011","정보",,""
"18:26:10.4387669","DxgKrnl","10011","정보",,""
"18:26:10.4387695","DxgKrnl","10011","정보",,""
"18:26:10.4388556","DxgKrnl","10011","정보",,""
"18:26:10.4389231","DxgKrnl","10011","정보",,""
"18:26:10.4389245","DxgKrnl","10011","정보",,""
"18:26:10.4390042","DxgKrnl","10011","정보",,""
"18:26:10.4391528","DxgKrnl","10011","정보",,""
"18:26:10.4400694","DxgKrnl","10011","정보",,""
"18:26:10.4417444","DxgKrnl","10011","정보",,""
"18:26:10.4424029","DxgKrnl","10011","정보",,""
"18:26:10.4432342","DxgKrnl","10011","정보",,""
"18:26:10.4432980","DxgKrnl","10011","정보",,""
"18:26:10.4436988","DxgKrnl","10011","정보",,""
"18:26:10.4437530","DxgKrnl","10011","정보",,""
"18:26:10.4453235","DxgKrnl","10011","정보",,""
"18:26:10.4459613","DxgKrnl","10011","정보",,""
"18:26:10.4468830","DxgKrnl","10011","정보",,""
"18:26:10.4469475","DxgKrnl","10011","정보",,""
"18:26:10.4473567","DxgKrnl","10011","정보",,""
"18:26:10.4473937","DxgKrnl","10011","정보",,""
"18:26:10.4475171","DxgKrnl","10011","정보",,""
"18:26:10.4475573","DxgKrnl","10011","정보",,""
"18:26:10.4475966","DxgKrnl","10011","정보",,""
"18:26:10.4481643","DxgKrnl","10011","정보",,""
"18:26:10.4482286","DxgKrnl","10011","정보",,""
"18:26:10.4488745","DxgKrnl","10011","정보",,""
"18:26:10.4496083","DxgKrnl","10011","정보",,""
"18:26:10.4496484","DxgKrnl","10011","정보",,""
"18:26:10.4496655","DxgKrnl","10011","정보",,""
"18:26:10.4497002","DxgKrnl","10011","정보",,""
"18:26:10.4498279","DxgKrnl","10011","정보",,""
"18:26:10.4498313","DxgKrnl","10011","정보",,""
"18:26:10.4498375","DxgKrnl","10011","정보",,""
"18:26:10.4498903","DxgKrnl","10011","정보",,""
"18:26:10.4499743","DxgKrnl","10011","정보",,""
"18:26:10.4500522","DxgKrnl","10011","정보",,""
"18:26:10.4501639","DxgKrnl","10011","정보",,""
"18:26:10.4502334","DxgKrnl","10011","정보",,""
"18:26:10.4510432","DxgKrnl","10011","정보",,""
"18:26:10.4518040","DxgKrnl","10011","정보",,""
"18:26:10.4540268","DxgKrnl","10011","정보",,""
"18:26:10.4540928","DxgKrnl","10011","정보",,""
"18:26:10.4542654","DxgKrnl","10011","정보",,""
"18:26:10.4552590","DxgKrnl","10011","정보",,""
"18:26:10.4552607","DxgKrnl","10011","정보",,""
"18:26:10.4554597","DxgKrnl","10011","정보",,""
"18:26:10.4554669","DxgKrnl","10011","정보",,""
"18:26:10.4558052","DxgKrnl","10011","정보",,""
"18:26:10.4558647","DxgKrnl","10011","정보",,""
"18:26:10.4558692","DxgKrnl","10011","정보",,""
"18:26:10.4559128","DxgKrnl","10011","정보",,""
"18:26:10.4559758","DxgKrnl","10011","정보",,""
"18:26:10.4559810","DxgKrnl","10011","정보",,""
"18:26:10.4559830","DxgKrnl","10011","정보",,""
"18:26:10.4563702","DxgKrnl","10011","정보",,""
"18:26:10.4564477","DxgKrnl","10011","정보",,""
"18:26:10.5030191","DxgKrnl","10011","정보",,""
"18:26:10.5100586","DxgKrnl","10011","정보",,""
"18:26:10.5101311","DxgKrnl","10011","정보",,""
"18:26:10.5101732","DxgKrnl","10011","정보",,""
"18:26:10.5104146","DxgKrnl","10011","정보",,""
"18:26:10.5104546","DxgKrnl","10011","정보",,""
"18:26:10.5106329","DxgKrnl","10011","정보",,""
"18:26:10.5106824","DxgKrnl","10011","정보",,""
"18:26:10.5106841","DxgKrnl","10011","정보",,""
"18:26:10.5107291","DxgKrnl","10011","정보",,""
"18:26:10.5124082","DxgKrnl","10011","정보",,""
"18:26:10.5124087","DxgKrnl","10011","정보",,""
"18:26:10.5124102","DxgKrnl","10011","정보",,""
"18:26:10.5124276","DxgKrnl","10011","정보",,""
"18:26:10.5127129","DxgKrnl","10011","정보",,""
"18:26:10.5127157","DxgKrnl","10011","정보",,""
"18:26:10.5127157","DxgKrnl","10011","정보",,""
"18:26:10.5127214","DxgKrnl","10011","정보",,""
"18:26:10.5168458","DxgKrnl","10011","정보",,""
"18:26:10.5169097","DxgKrnl","10011","정보",,""
"18:26:10.5351201","DxgKrnl","10011","정보",,""
"18:26:10.5354452","DxgKrnl","10011","정보",,""
"18:26:10.5355400","DxgKrnl","10011","정보",,""
"18:26:10.5356126","DxgKrnl","10011","정보",,""
"18:26:10.5358412","DxgKrnl","10011","정보",,""
"18:26:10.5361481","DxgKrnl","10011","정보",,""
"18:26:10.5391807","DxgKrnl","10011","정보",,""
"18:26:10.5391881","DxgKrnl","10011","정보",,""
"18:26:10.5470564","DxgKrnl","10011","정보",,""
"18:26:10.5471898","DxgKrnl","10011","정보",,""
"18:26:10.5471954","DxgKrnl","10011","정보",,""
"18:26:10.5474311","DxgKrnl","10011","정보",,""
"18:26:10.5474421","DxgKrnl","10011","정보",,""
"18:26:10.5493439","DxgKrnl","10011","정보",,""
"18:26:10.5494053","DxgKrnl","10011","정보",,""
"18:26:10.5506571","DxgKrnl","10011","정보",,""
"18:26:10.5507252","DxgKrnl","10011","정보",,""
"18:26:10.5507648","DxgKrnl","10011","정보",,""
"18:26:10.5516937","DxgKrnl","10011","정보",,""
"18:26:10.5517785","DxgKrnl","10011","정보",,""
"18:26:10.5556434","DxgKrnl","10011","정보",,""
"18:26:10.5557920","DxgKrnl","10011","정보",,""
"18:26:10.6133031","DxgKrnl","10011","정보",,""
"18:26:10.6133457","DxgKrnl","10011","정보",,""
"18:26:10.6134081","DxgKrnl","10011","정보",,""
"18:26:10.6137739","DxgKrnl","10011","정보",,""
"18:26:10.6137763","DxgKrnl","10011","정보",,""
"18:26:10.6140103","DxgKrnl","10011","정보",,""
"18:26:10.6140155","DxgKrnl","10011","정보",,""
"18:26:10.6151874","DxgKrnl","10011","정보",,""
"18:26:10.6156758","DxgKrnl","10011","정보",,""
"18:26:10.6156896","DxgKrnl","10011","정보",,""
"18:26:10.6156932","DxgKrnl","10011","정보",,""
"18:26:10.6156940","DxgKrnl","10011","정보",,""
"18:26:10.6159614","DxgKrnl","10011","정보",,""
"18:26:10.6159798","DxgKrnl","10011","정보",,""
"18:26:10.6161746","DxgKrnl","10011","정보",,""
"18:26:10.6161850","DxgKrnl","10011","정보",,""
"18:26:10.6171331","DxgKrnl","10011","정보",,""
"18:26:10.6171915","DxgKrnl","10011","정보",,""
"18:26:10.6820110","DxgKrnl","10011","정보",,""
"18:26:10.6820865","DxgKrnl","10011","정보",,""
"18:26:10.6820885","DxgKrnl","10011","정보",,""
"18:26:10.6821417","DxgKrnl","10011","정보",,""
"18:26:10.6829812","DxgKrnl","10011","정보",,""
"18:26:10.6830394","DxgKrnl","10011","정보",,""
"18:26:10.6850581","DxgKrnl","10011","정보",,""
"18:26:10.6857391","DxgKrnl","10011","정보",,""
"18:26:10.6876599","DxgKrnl","10011","정보",,""
"18:26:10.6877121","DxgKrnl","10011","정보",,""
"18:26:10.6897717","DxgKrnl","10011","정보",,""
"18:26:10.6898336","DxgKrnl","10011","정보",,""
"18:26:10.6917000","DxgKrnl","10011","정보",,""
"18:26:10.6917616","DxgKrnl","10011","정보",,""
"18:26:10.6936282","DxgKrnl","10011","정보",,""
"18:26:10.6936825","DxgKrnl","10011","정보",,""
"18:26:12.1173469","DxgKrnl","10011","정보",,""
"18:26:12.1319746","DxgKrnl","10011","정보",,""
"18:26:12.1319892","DxgKrnl","10011","정보",,""
"18:26:12.2099090","Kernel-PnP","220","시작",,"Begin querying bus relations for device PCI\VEN_1002&DEV_7550&SUBSYS_E4891DA2&REV_C0\6&8916a45&0&00000009"
"18:26:12.2110241","DxgKrnl","10011","정보",,""
"18:26:12.2110245","DxgKrnl","10011","정보",,""
"18:26:12.2110484","DxgKrnl","10011","정보",,""
"18:26:12.2110964","DxgKrnl","10011","정보",,""
"18:26:12.2111615","DxgKrnl","10011","정보",,""
"18:26:12.2117499","DxgKrnl","10011","정보",,""
"18:26:12.2118086","DxgKrnl","10011","정보",,""
"18:26:12.2122554","DxgKrnl","10011","정보",,""
"18:26:12.2123207","DxgKrnl","10011","정보",,""
"18:26:12.2129468","DxgKrnl","10011","정보",,""
"18:26:12.2129995","DxgKrnl","10011","정보",,""
"18:26:12.2149901","Kernel-PnP","222","시작",,"End querying bus relations for device PCI\VEN_1002&DEV_7550&SUBSYS_E4891DA2&REV_C0\6&8916a45&0&00000009"
"18:26:12.2150680","Kernel-PnP","220","시작",,"Begin querying bus relations for device SWD\DRIVERENUM\AMDCP&7&16b8ddb4&0"
"18:26:12.2150704","Kernel-PnP","222","시작",,"End querying bus relations for device SWD\DRIVERENUM\AMDCP&7&16b8ddb4&0"
"18:26:12.2150832","Kernel-PnP","220","시작",,"Begin querying bus relations for device SWD\DRIVERENUM\AMDFDANS&7&16b8ddb4&0"
"18:26:12.2150843","Kernel-PnP","222","시작",,"End querying bus relations for device SWD\DRIVERENUM\AMDFDANS&7&16b8ddb4&0"
"18:26:12.2150924","Kernel-PnP","220","시작",,"Begin querying bus relations for device SWD\DRIVERENUM\AMDOCL&7&16b8ddb4&0"
"18:26:12.2150936","Kernel-PnP","222","시작",,"End querying bus relations for device SWD\DRIVERENUM\AMDOCL&7&16b8ddb4&0"
"18:26:12.2151025","Kernel-PnP","220","시작",,"Begin querying bus relations for device SWD\DRIVERENUM\AMDOGL&7&16b8ddb4&0"
"18:26:12.2151037","Kernel-PnP","222","시작",,"End querying bus relations for device SWD\DRIVERENUM\AMDOGL&7&16b8ddb4&0"
"18:26:12.2151125","Kernel-PnP","220","시작",,"Begin querying bus relations for device SWD\DRIVERENUM\AMDVLK&7&16b8ddb4&0"
"18:26:12.2151136","Kernel-PnP","222","시작",,"End querying bus relations for device SWD\DRIVERENUM\AMDVLK&7&16b8ddb4&0"
"18:26:12.2151237","Kernel-PnP","220","시작",,"Begin querying bus relations for device SWD\DRIVERENUM\AMDWIN&7&16b8ddb4&0"
"18:26:12.2151247","Kernel-PnP","222","시작",,"End querying bus relations for device SWD\DRIVERENUM\AMDWIN&7&16b8ddb4&0"
"18:26:12.2151324","Kernel-PnP","220","시작",,"Begin querying bus relations for device DISPLAY\BBC0104\7&16b8ddb4&0&UID265"
"18:26:12.2151390","Kernel-PnP","222","시작",,"End querying bus relations for device DISPLAY\BBC0104\7&16b8ddb4&0&UID265"
"18:26:12.2151554","DxgKrnl","10011","정보",,""
"18:26:12.2152237","DxgKrnl","10011","정보",,""
"18:26:12.2152782","DxgKrnl","10011","정보",,""
"18:26:12.2152825","DxgKrnl","10011","정보",,""
"18:26:12.2152851","DxgKrnl","10011","정보",,""
"18:26:12.2157447","DxgKrnl","10011","정보",,""
"18:26:12.2157950","DxgKrnl","10011","정보",,""
"18:26:12.2163268","Kernel-PnP","808","시작",,"End device add, status (STATUS_SUCCESS)"
"18:26:12.2166209","Kernel-PnP","220","시작",,"Begin querying bus relations for device DISPLAY\SAM79DF\7&16b8ddb4&0&UID256"
"18:26:12.2166234","Kernel-PnP","222","시작",,"End querying bus relations for device DISPLAY\SAM79DF\7&16b8ddb4&0&UID256"
"18:26:12.2168466","DxgKrnl","10011","정보",,""
"18:26:12.4404303","DxgKrnl","10011","정보",,""
"18:26:12.4514586","DxgKrnl","10011","정보",,""
"18:26:12.4515066","DxgKrnl","10011","정보",,""
"18:26:12.4515568","DxgKrnl","10011","정보",,""
"18:26:12.4521693","DxgKrnl","10011","정보",,""
"18:26:12.4522042","DxgKrnl","10011","정보",,""
"18:26:12.4522605","DxgKrnl","10011","정보",,""
"18:26:12.4522935","DxgKrnl","10011","정보",,""
"18:26:12.4522951","DxgKrnl","10011","정보",,""
"18:26:12.4523249","DxgKrnl","10011","정보",,""
"18:26:12.4539465","DxgKrnl","10011","정보",,""
"18:26:12.4539474","DxgKrnl","10011","정보",,""
"18:26:12.4541164","DxgKrnl","10011","정보",,""
"18:26:12.4541206","DxgKrnl","10011","정보",,""
"18:26:12.4541206","DxgKrnl","10011","정보",,""
"18:26:12.4541770","DxgKrnl","10011","정보",,""
"18:26:12.4543578","DxgKrnl","10011","정보",,""
"18:26:12.4543608","DxgKrnl","10011","정보",,""
"18:26:12.4543614","DxgKrnl","10011","정보",,""
"18:26:12.4543683","DxgKrnl","10011","정보",,""
"18:26:12.4543690","DxgKrnl","10011","정보",,""
"18:26:12.4543784","DxgKrnl","10011","정보",,""
"18:26:12.4556817","DxgKrnl","10011","정보",,""
"18:26:12.4558090","DxgKrnl","10011","정보",,""
"18:26:12.4558515","DxgKrnl","10011","정보",,""
"18:26:12.4603257","DxgKrnl","10011","정보",,""
"18:26:12.4603625","DxgKrnl","10011","정보",,""
"18:26:12.4605496","DxgKrnl","10011","정보",,""
"18:26:12.4606365","DxgKrnl","10011","정보",,""
"18:26:12.4619172","DxgKrnl","10011","정보",,""
"18:26:12.4619562","DxgKrnl","10011","정보",,""
"18:26:12.4639694","DxgKrnl","10011","정보",,""
"18:26:12.4640164","DxgKrnl","10011","정보",,""
"18:26:12.4645929","DxgKrnl","10011","정보",,""
"18:26:12.4647603","DxgKrnl","10011","정보",,""
"18:26:12.4648075","DxgKrnl","10011","정보",,""
"18:26:12.4648941","DxgKrnl","10011","정보",,""
"18:26:12.4649474","DxgKrnl","10011","정보",,""
"18:26:12.4650330","DxgKrnl","10011","정보",,""
"18:26:12.4650837","DxgKrnl","10011","정보",,""
"18:26:12.4651112","DxgKrnl","10011","정보",,""
"18:26:12.4653626","DxgKrnl","10011","정보",,""
"18:26:12.4654055","DxgKrnl","10011","정보",,""
"18:26:12.4656482","DxgKrnl","10011","정보",,""
"18:26:12.4657074","DxgKrnl","10011","정보",,""
"18:26:12.4657919","DxgKrnl","10011","정보",,""
"18:26:12.4679560","DxgKrnl","10011","정보",,""
"18:26:12.4679957","DxgKrnl","10011","정보",,""
"18:26:12.4686193","DxgKrnl","10011","정보",,""
"18:26:12.4693365","DxgKrnl","10011","정보",,""
"18:26:12.4703837","DxgKrnl","10011","정보",,""
"18:26:12.4707616","DxgKrnl","10011","정보",,""
"18:26:12.4707739","DxgKrnl","10011","정보",,""
"18:26:12.4707774","DxgKrnl","10011","정보",,""
"18:26:12.4707782","DxgKrnl","10011","정보",,""
"18:26:12.4709026","DxgKrnl","10011","정보",,""
"18:26:12.4709494","DxgKrnl","10011","정보",,""
"18:26:12.4710354","DxgKrnl","10011","정보",,""
"18:26:12.4710426","DxgKrnl","10011","정보",,""
"18:26:12.4725524","DxgKrnl","10011","정보",,""
"18:26:12.4725925","DxgKrnl","10011","정보",,""
"18:26:12.4777004","DxgKrnl","10011","정보",,""
"18:26:12.4778237","DxgKrnl","10011","정보",,""
"18:26:12.4778651","DxgKrnl","10011","정보",,""
"18:26:12.4778689","DxgKrnl","10011","정보",,""
"18:26:12.4778717","DxgKrnl","10011","정보",,""
"18:26:12.4782154","DxgKrnl","10011","정보",,""
"18:26:12.4782481","DxgKrnl","10011","정보",,""
"18:26:12.4798675","DxgKrnl","10011","정보",,""
"18:26:12.4799122","DxgKrnl","10011","정보",,""
"18:26:12.4799679","DxgKrnl","10011","정보",,""
"18:26:12.4801151","DxgKrnl","10011","정보",,""
"18:26:12.4801153","DxgKrnl","10011","정보",,""
"18:26:12.4801159","DxgKrnl","10011","정보",,""
"18:26:12.4801278","DxgKrnl","10011","정보",,""
"18:26:12.4801429","DxgKrnl","10011","정보",,""
"18:26:12.4801451","DxgKrnl","10011","정보",,""
"18:26:12.4801556","DxgKrnl","10011","정보",,""
"18:26:12.4807676","DxgKrnl","10011","정보",,""
"18:26:12.4807728","DxgKrnl","10011","정보",,""
"18:26:12.4807751","DxgKrnl","10011","정보",,""
"18:26:12.4807829","DxgKrnl","10011","정보",,""
"18:26:12.4807831","DxgKrnl","10011","정보",,""
"18:26:12.4807845","DxgKrnl","10011","정보",,""
"18:26:12.4807863","DxgKrnl","10011","정보",,""
"18:26:12.4846275","DxgKrnl","10011","정보",,""
"18:26:12.4846488","DxgKrnl","10011","정보",,""
"18:26:12.4847229","DxgKrnl","10011","정보",,""
"18:26:12.4847321","DxgKrnl","10011","정보",,""
"18:26:12.4856712","DxgKrnl","10011","정보",,""
"18:26:12.4857123","DxgKrnl","10011","정보",,""
"18:26:12.4960195","DxgKrnl","10011","정보",,""
"18:26:12.4960674","DxgKrnl","10011","정보",,""
"18:26:12.5034242","DxgKrnl","10011","정보",,""
"18:26:12.5043328","DxgKrnl","10011","정보",,""
"18:26:13.5255850","DxgKrnl","10011","정보",,""
"18:26:13.5308508","DxgKrnl","10011","정보",,""
"18:26:13.5308572","DxgKrnl","10011","정보",,""
"18:26:13.7745551","Kernel-PnP","220","시작",,"Begin querying bus relations for device PCI\VEN_1002&DEV_7550&SUBSYS_E4891DA2&REV_C0\6&8916a45&0&00000009"
"18:26:13.7748083","DxgKrnl","10011","정보",,""
"18:26:13.7748142","DxgKrnl","10011","정보",,""
"18:26:13.7748152","DxgKrnl","10011","정보",,""
"18:26:13.7748822","DxgKrnl","10011","정보",,""
"18:26:13.7749297","DxgKrnl","10011","정보",,""
"18:26:13.7766026","DxgKrnl","10011","정보",,""
"18:26:13.7766425","DxgKrnl","10011","정보",,""
"18:26:13.7771487","DxgKrnl","10011","정보",,""
"18:26:13.7771869","DxgKrnl","10011","정보",,""
"18:26:13.7794472","DxgKrnl","10011","정보",,""
"18:26:13.7795021","DxgKrnl","10011","정보",,""
"18:26:13.7797161","Kernel-PnP","222","시작",,"End querying bus relations for device PCI\VEN_1002&DEV_7550&SUBSYS_E4891DA2&REV_C0\6&8916a45&0&00000009"
"18:26:13.7797763","Kernel-PnP","220","시작",,"Begin querying bus relations for device SWD\DRIVERENUM\AMDCP&7&16b8ddb4&0"
"18:26:13.7797780","Kernel-PnP","222","시작",,"End querying bus relations for device SWD\DRIVERENUM\AMDCP&7&16b8ddb4&0"
"18:26:13.7797850","Kernel-PnP","220","시작",,"Begin querying bus relations for device SWD\DRIVERENUM\AMDFDANS&7&16b8ddb4&0"
"18:26:13.7797859","Kernel-PnP","222","시작",,"End querying bus relations for device SWD\DRIVERENUM\AMDFDANS&7&16b8ddb4&0"
"18:26:13.7797917","Kernel-PnP","220","시작",,"Begin querying bus relations for device SWD\DRIVERENUM\AMDOCL&7&16b8ddb4&0"
"18:26:13.7797926","Kernel-PnP","222","시작",,"End querying bus relations for device SWD\DRIVERENUM\AMDOCL&7&16b8ddb4&0"
"18:26:13.7797971","Kernel-PnP","220","시작",,"Begin querying bus relations for device SWD\DRIVERENUM\AMDOGL&7&16b8ddb4&0"
"18:26:13.7797977","Kernel-PnP","222","시작",,"End querying bus relations for device SWD\DRIVERENUM\AMDOGL&7&16b8ddb4&0"
"18:26:13.7798020","Kernel-PnP","220","시작",,"Begin querying bus relations for device SWD\DRIVERENUM\AMDVLK&7&16b8ddb4&0"
"18:26:13.7798028","Kernel-PnP","222","시작",,"End querying bus relations for device SWD\DRIVERENUM\AMDVLK&7&16b8ddb4&0"
"18:26:13.7798069","Kernel-PnP","220","시작",,"Begin querying bus relations for device SWD\DRIVERENUM\AMDWIN&7&16b8ddb4&0"
"18:26:13.7798076","Kernel-PnP","222","시작",,"End querying bus relations for device SWD\DRIVERENUM\AMDWIN&7&16b8ddb4&0"
"18:26:13.7798120","Kernel-PnP","220","시작",,"Begin querying bus relations for device DISPLAY\BBC0104\7&16b8ddb4&0&UID265"
"18:26:13.7798169","Kernel-PnP","222","시작",,"End querying bus relations for device DISPLAY\BBC0104\7&16b8ddb4&0&UID265"
"18:26:13.7798413","Kernel-PnP","220","시작",,"Begin querying bus relations for device DISPLAY\SAM79DF\7&16b8ddb4&0&UID256"
"18:26:13.7798437","Kernel-PnP","222","시작",,"End querying bus relations for device DISPLAY\SAM79DF\7&16b8ddb4&0&UID256"
"18:26:13.7846360","Kernel-PnP","808","시작",,"End device add, status (STATUS_SUCCESS)"
"18:26:13.7849544","Kernel-PnP","220","시작",,"Begin querying bus relations for device DISPLAY\SAM7B0C\7&16b8ddb4&0&UID260"
"18:26:13.7849573","Kernel-PnP","222","시작",,"End querying bus relations for device DISPLAY\SAM7B0C\7&16b8ddb4&0&UID260"
"18:26:13.7851916","DxgKrnl","10011","정보",,""
"18:26:13.7852740","DxgKrnl","10011","정보",,""
"18:26:13.7853230","DxgKrnl","10011","정보",,""
"18:26:13.7853764","DxgKrnl","10011","정보",,""
"18:26:13.7853826","DxgKrnl","10011","정보",,""
"18:26:13.7853856","DxgKrnl","10011","정보",,""
"18:26:13.7895799","DxgKrnl","10011","정보",,""
"18:26:13.7896515","DxgKrnl","10011","정보",,""
"18:26:14.0988329","DxgKrnl","10011","정보",,""
"18:26:14.0988623","DxgKrnl","10011","정보",,""
"18:26:14.1069829","DxgKrnl","10011","정보",,""
"18:26:14.1070569","DxgKrnl","10011","정보",,""
"18:26:14.1071131","DxgKrnl","10011","정보",,""
"18:26:14.1085693","DxgKrnl","10011","정보",,""
"18:26:14.1086223","DxgKrnl","10011","정보",,""
"18:26:14.1088751","DxgKrnl","10011","정보",,""
"18:26:14.1089473","DxgKrnl","10011","정보",,""
"18:26:14.1089497","DxgKrnl","10011","정보",,""
"18:26:14.1090042","DxgKrnl","10011","정보",,""
"18:26:14.1090066","DxgKrnl","10011","정보",,""
"18:26:14.1090628","DxgKrnl","10011","정보",,""
"18:26:14.1090690","DxgKrnl","10011","정보",,""
"18:26:14.1091239","DxgKrnl","10011","정보",,""
"18:26:14.1111536","DxgKrnl","10011","정보",,""
"18:26:14.1111980","DxgKrnl","10011","정보",,""
"18:26:14.1112070","DxgKrnl","10011","정보",,""
"18:26:14.1115306","DxgKrnl","10011","정보",,""
"18:26:14.1115365","DxgKrnl","10011","정보",,""
"18:26:14.1115389","DxgKrnl","10011","정보",,""
"18:26:14.1120850","DxgKrnl","10011","정보",,""
"18:26:14.1121512","DxgKrnl","10011","정보",,""
"18:26:14.1164581","DxgKrnl","10011","정보",,""
"18:26:14.1166881","DxgKrnl","10011","정보",,""
"18:26:14.1167584","DxgKrnl","10011","정보",,""
"18:26:14.1184693","DxgKrnl","10011","정보",,""
"18:26:14.1185317","DxgKrnl","10011","정보",,""
"18:26:14.1221081","DxgKrnl","10011","정보",,""
"18:26:14.1221522","DxgKrnl","10011","정보",,""
"18:26:14.1221708","DxgKrnl","10011","정보",,""
"18:26:14.1222908","DxgKrnl","10011","정보",,""
"18:26:14.1223539","DxgKrnl","10011","정보",,""
"18:26:14.1223634","DxgKrnl","10011","정보",,""
"18:26:14.1223637","DxgKrnl","10011","정보",,""
"18:26:14.1262045","DxgKrnl","10011","정보",,""
"18:26:14.1278544","DxgKrnl","10011","정보",,""
"18:26:14.1278729","DxgKrnl","10011","정보",,""
"18:26:14.1278777","DxgKrnl","10011","정보",,""
"18:26:14.1278785","DxgKrnl","10011","정보",,""
"18:26:14.1280213","DxgKrnl","10011","정보",,""
"18:26:14.1281064","DxgKrnl","10011","정보",,""
"18:26:14.1303695","DxgKrnl","10011","정보",,""
"18:26:14.1304319","DxgKrnl","10011","정보",,""
"18:26:14.1381388","DxgKrnl","10011","정보",,""
"18:26:14.1397219","DxgKrnl","10011","정보",,""
"18:26:14.1400099","DxgKrnl","10011","정보",,""
"18:26:14.1400870","DxgKrnl","10011","정보",,""
"18:26:14.1404476","DxgKrnl","10011","정보",,""
"18:26:14.1404915","DxgKrnl","10011","정보",,""
"18:26:14.1405066","DxgKrnl","10011","정보",,""
"18:26:14.1406286","DxgKrnl","10011","정보",,""
"18:26:14.1406332","DxgKrnl","10011","정보",,""
"18:26:14.1435250","DxgKrnl","10011","정보",,""
"18:26:14.1451544","DxgKrnl","10011","정보",,""
"18:26:14.1451647","DxgKrnl","10011","정보",,""
"18:26:14.1451654","DxgKrnl","10011","정보",,""
"18:26:14.1456774","DxgKrnl","10011","정보",,""
"18:26:14.1457482","DxgKrnl","10011","정보",,""
"18:26:14.1460304","DxgKrnl","10011","정보",,""
"18:26:14.1461015","DxgKrnl","10011","정보",,""
"18:26:14.1470470","DxgKrnl","10011","정보",,""
"18:26:14.1475158","DxgKrnl","10011","정보",,""
"18:26:14.1475198","DxgKrnl","10011","정보",,""
"18:26:14.1476315","DxgKrnl","10011","정보",,""
"18:26:14.1476350","DxgKrnl","10011","정보",,""
"18:26:14.1476871","DxgKrnl","10011","정보",,""
"18:26:14.1476946","DxgKrnl","10011","정보",,""
"18:26:14.1477454","DxgKrnl","10011","정보",,""
"18:26:14.1483362","DxgKrnl","10011","정보",,""
"18:26:14.1483874","DxgKrnl","10011","정보",,""
"18:26:14.1521064","DxgKrnl","10011","정보",,""
"18:26:14.1526885","DxgKrnl","10011","정보",,""
"18:26:14.1550948","DxgKrnl","10011","정보",,""
"18:26:14.1552073","DxgKrnl","10011","정보",,""
"18:26:14.1602167","DxgKrnl","10011","정보",,""
"18:26:14.1602389","DxgKrnl","10011","정보",,""
"18:26:14.1603127","DxgKrnl","10011","정보",,""
"18:26:14.1603499","DxgKrnl","10011","정보",,""
"18:26:14.1605373","DxgKrnl","10011","정보",,""
"18:26:14.1644632","DxgKrnl","10011","정보",,""
"18:26:14.1652367","DxgKrnl","10011","정보",,""
"18:26:14.1676232","DxgKrnl","10011","정보",,""
"18:26:14.1689730","DxgKrnl","10011","정보",,""
"18:26:14.1689925","DxgKrnl","10011","정보",,""
"18:26:14.1689984","DxgKrnl","10011","정보",,""
"18:26:14.1689992","DxgKrnl","10011","정보",,""
"18:26:14.1694184","DxgKrnl","10011","정보",,""
"18:26:14.1695541","DxgKrnl","10011","정보",,""
"18:26:14.1716891","DxgKrnl","10011","정보",,""
"18:26:14.1718752","DxgKrnl","10011","정보",,""
"18:26:14.1796786","DxgKrnl","10011","정보",,""
"18:26:14.1798906","DxgKrnl","10011","정보",,""
"18:26:14.1803225","DxgKrnl","10011","정보",,""
"18:26:14.1804144","DxgKrnl","10011","정보",,""
"18:26:14.1804202","DxgKrnl","10011","정보",,""
"18:26:14.1804267","DxgKrnl","10011","정보",,""
"18:26:14.1804279","DxgKrnl","10011","정보",,""
"18:26:14.1851897","DxgKrnl","10011","정보",,""
"18:26:14.1852459","DxgKrnl","10011","정보",,""
"18:26:14.1881136","DxgKrnl","10011","정보",,""
"18:26:14.1881671","DxgKrnl","10011","정보",,""
"18:26:14.1881972","DxgKrnl","10011","정보",,""
"18:26:14.1886362","DxgKrnl","10011","정보",,""
"18:26:14.1886378","DxgKrnl","10011","정보",,""
"18:26:14.1886400","DxgKrnl","10011","정보",,""
"18:26:14.1886533","DxgKrnl","10011","정보",,""
"18:26:14.1886724","DxgKrnl","10011","정보",,""
"18:26:14.1886772","DxgKrnl","10011","정보",,""
"18:26:14.1886781","DxgKrnl","10011","정보",,""
"18:26:14.1886865","DxgKrnl","10011","정보",,""
"18:26:14.1895419","DxgKrnl","10011","정보",,""
"18:26:14.1895430","DxgKrnl","10011","정보",,""
"18:26:14.1896373","DxgKrnl","10011","정보",,""
"18:26:14.1896455","DxgKrnl","10011","정보",,""
"18:26:14.1896457","DxgKrnl","10011","정보",,""
"18:26:14.1896474","DxgKrnl","10011","정보",,""
"18:26:14.1896790","DxgKrnl","10011","정보",,""
"18:26:14.1896799","DxgKrnl","10011","정보",,""
"18:26:14.1896866","DxgKrnl","10011","정보",,""
"18:26:14.1899766","DxgKrnl","10011","정보",,""
"18:26:14.1979866","DxgKrnl","10011","정보",,""
"18:26:14.1980642","DxgKrnl","10011","정보",,""
"18:26:14.2216188","DxgKrnl","10011","정보",,""
"18:26:14.2217567","DxgKrnl","10011","정보",,""
"18:26:14.4666453","DxgKrnl","10011","정보",,""
"18:26:14.4667111","DxgKrnl","10011","정보",,""
"18:26:14.4726683","DxgKrnl","10011","정보",,""
"18:26:14.4727098","DxgKrnl","10011","정보",,""
"18:26:14.4727770","DxgKrnl","10011","정보",,""
"18:26:14.4727822","DxgKrnl","10011","정보",,""
"18:26:14.4727844","DxgKrnl","10011","정보",,""
"18:26:14.4772181","DxgKrnl","10011","정보",,""
"18:26:14.4772788","DxgKrnl","10011","정보",,""
"18:26:14.4853708","DxgKrnl","10011","정보",,""
"18:26:14.4854337","DxgKrnl","10011","정보",,""
"18:26:14.4854679","DxgKrnl","10011","정보",,""
"18:26:14.4865180","DxgKrnl","10011","정보",,""
"18:26:14.4865690","DxgKrnl","10011","정보",,""
"18:26:14.4866323","DxgKrnl","10011","정보",,""
"18:26:14.4866874","DxgKrnl","10011","정보",,""
"18:26:14.4866888","DxgKrnl","10011","정보",,""
"18:26:14.4867416","DxgKrnl","10011","정보",,""
"18:26:14.4867444","DxgKrnl","10011","정보",,""
"18:26:14.4867974","DxgKrnl","10011","정보",,""
"18:26:14.4868041","DxgKrnl","10011","정보",,""
"18:26:14.4868615","DxgKrnl","10011","정보",,""
"18:26:14.4888231","DxgKrnl","10011","정보",,""
"18:26:14.4888253","DxgKrnl","10011","정보",,""
"18:26:14.4888289","DxgKrnl","10011","정보",,""
"18:26:14.4888387","DxgKrnl","10011","정보",,""
"18:26:14.4888461","DxgKrnl","10011","정보",,""
"18:26:14.4888475","DxgKrnl","10011","정보",,""
"18:26:14.4894109","DxgKrnl","10011","정보",,""
"18:26:14.4894165","DxgKrnl","10011","정보",,""
"18:26:14.4894167","DxgKrnl","10011","정보",,""
"18:26:14.4894197","DxgKrnl","10011","정보",,""
"18:26:14.4894197","DxgKrnl","10011","정보",,""
"18:26:14.4894261","DxgKrnl","10011","정보",,""
"18:26:14.4903615","DxgKrnl","10011","정보",,""
"18:26:14.4909132","DxgKrnl","10011","정보",,""
"18:26:14.4909802","DxgKrnl","10011","정보",,""
"18:26:14.4912455","DxgKrnl","10011","정보",,""
"18:26:14.4912455","DxgKrnl","10011","정보",,""
"18:26:14.4912455","DxgKrnl","10011","정보",,""
"18:26:14.4914749","DxgKrnl","10011","정보",,""
"18:26:14.4917164","DxgKrnl","10011","정보",,""
"18:26:14.4917191","DxgKrnl","10011","정보",,""
"18:26:14.4917236","DxgKrnl","10011","정보",,""
"18:26:14.4917242","DxgKrnl","10011","정보",,""
"18:26:14.4957469","DxgKrnl","10011","정보",,""
"18:26:14.4962983","DxgKrnl","10011","정보",,""
"18:26:14.4991426","DxgKrnl","10011","정보",,""
"18:26:14.4992116","DxgKrnl","10011","정보",,""
"18:26:14.5057018","DxgKrnl","10011","정보",,""
"18:26:14.5057671","DxgKrnl","10011","정보",,""
"18:26:14.5156775","DxgKrnl","10011","정보",,""
"18:26:14.5157455","DxgKrnl","10011","정보",,""
"18:26:14.5312653","DxgKrnl","10011","정보",,""
"18:26:14.5313049","DxgKrnl","10011","정보",,""
"18:26:14.5313801","DxgKrnl","10011","정보",,""
"18:26:14.5313855","DxgKrnl","10011","정보",,""
"18:26:14.5313885","DxgKrnl","10011","정보",,""
"18:26:14.5359220","DxgKrnl","10011","정보",,""
"18:26:14.5359819","DxgKrnl","10011","정보",,""
"18:26:14.5421006","DxgKrnl","10011","정보",,""
"18:26:14.5421631","DxgKrnl","10011","정보",,""
"18:26:14.5421996","DxgKrnl","10011","정보",,""
"18:26:14.5433081","DxgKrnl","10011","정보",,""
"18:26:14.5433591","DxgKrnl","10011","정보",,""
"18:26:14.5434179","DxgKrnl","10011","정보",,""
"18:26:14.5434716","DxgKrnl","10011","정보",,""
"18:26:14.5434728","DxgKrnl","10011","정보",,""
"18:26:14.5435254","DxgKrnl","10011","정보",,""
"18:26:14.5435271","DxgKrnl","10011","정보",,""
"18:26:14.5435790","DxgKrnl","10011","정보",,""
"18:26:14.5435853","DxgKrnl","10011","정보",,""
"18:26:14.5436431","DxgKrnl","10011","정보",,""
"18:26:14.5454166","DxgKrnl","10011","정보",,""
"18:26:14.5454176","DxgKrnl","10011","정보",,""
"18:26:14.5454225","DxgKrnl","10011","정보",,""
"18:26:14.5454234","DxgKrnl","10011","정보",,""
"18:26:14.5454608","DxgKrnl","10011","정보",,""
"18:26:14.5454622","DxgKrnl","10011","정보",,""
"18:26:14.5454763","DxgKrnl","10011","정보",,""
"18:26:14.5460082","DxgKrnl","10011","정보",,""
"18:26:14.5465418","DxgKrnl","10011","정보",,""
"18:26:14.5465440","DxgKrnl","10011","정보",,""
"18:26:14.5465479","DxgKrnl","10011","정보",,""
"18:26:14.5465495","DxgKrnl","10011","정보",,""
"18:26:14.5465530","DxgKrnl","10011","정보",,""
"18:26:14.5465536","DxgKrnl","10011","정보",,""
"18:26:14.5467457","DxgKrnl","10011","정보",,""
"18:26:14.5468222","DxgKrnl","10011","정보",,""
"18:26:14.5511068","DxgKrnl","10011","정보",,""
"18:26:14.5526925","DxgKrnl","10011","정보",,""
"18:26:14.5527514","DxgKrnl","10011","정보",,""
"18:26:14.5529178","DxgKrnl","10011","정보",,""
"18:26:14.5529210","DxgKrnl","10011","정보",,""
"18:26:14.5529220","DxgKrnl","10011","정보",,""
"18:26:14.5530656","DxgKrnl","10011","정보",,""
"18:26:14.5530960","DxgKrnl","10011","정보",,""
"18:26:14.5531379","DxgKrnl","10011","정보",,""
"18:26:14.5532878","DxgKrnl","10011","정보",,""
"18:26:14.5532901","DxgKrnl","10011","정보",,""
"18:26:14.5596425","DxgKrnl","10011","정보",,""
"18:26:14.5597150","DxgKrnl","10011","정보",,""
"18:26:14.5651860","DxgKrnl","10011","정보",,""
"18:26:14.5652605","DxgKrnl","10011","정보",,""
"18:26:14.5708011","DxgKrnl","10011","정보",,""
"18:26:14.5717737","DxgKrnl","10011","정보",,""
"18:26:14.6594752","DxgKrnl","10011","정보",,""
"18:26:14.6595714","DxgKrnl","10011","정보",,""
"18:26:14.6595748","DxgKrnl","10011","정보",,""
"18:26:14.6596549","DxgKrnl","10011","정보",,""
"18:26:14.6596578","DxgKrnl","10011","정보",,""
"18:26:14.6597162","DxgKrnl","10011","정보",,""
"18:26:14.6597296","DxgKrnl","10011","정보",,""
"18:26:14.6597838","DxgKrnl","10011","정보",,""
"18:26:22.8596078","DxgKrnl","10011","정보",,""
"18:26:22.8597094","DxgKrnl","10011","정보",,""
"18:26:24.7788013","DxgKrnl","10011","정보",,""
"18:26:24.7789116","DxgKrnl","10011","정보",,""
"18:26:24.7805026","DxgKrnl","10011","정보",,""
"18:26:24.7805460","DxgKrnl","10011","정보",,""
"18:26:24.7806542","DxgKrnl","10011","정보",,""
"18:26:24.7806622","DxgKrnl","10011","정보",,""
"18:26:24.7806646","DxgKrnl","10011","정보",,""
"18:26:24.7811248","DxgKrnl","10011","정보",,""
"18:26:24.7811904","DxgKrnl","10011","정보",,""
"18:26:25.0273095","DxgKrnl","10011","정보",,""
"18:26:25.0273722","DxgKrnl","10011","정보",,""
"18:26:25.0458537","DxgKrnl","10011","정보",,""
"18:26:25.0459225","DxgKrnl","10011","정보",,""
"18:26:25.0459628","DxgKrnl","10011","정보",,""
"18:26:25.0472792","DxgKrnl","10011","정보",,""
"18:26:25.0473189","DxgKrnl","10011","정보",,""
"18:26:25.0475156","DxgKrnl","10011","정보",,""
"18:26:25.0475725","DxgKrnl","10011","정보",,""
"18:26:25.0475743","DxgKrnl","10011","정보",,""
"18:26:25.0476143","DxgKrnl","10011","정보",,""
"18:26:25.0495470","DxgKrnl","10011","정보",,""
"18:26:25.0495632","DxgKrnl","10011","정보",,""
"18:26:25.0495680","DxgKrnl","10011","정보",,""
"18:26:25.0496747","DxgKrnl","10011","정보",,""
"18:26:25.0496757","DxgKrnl","10011","정보",,""
"18:26:25.0498174","DxgKrnl","10011","정보",,""
"18:26:25.0521007","DxgKrnl","10011","정보",,""
"18:26:25.0532683","DxgKrnl","10011","정보",,""
"18:26:25.0533200","DxgKrnl","10011","정보",,""
"18:26:25.0538971","DxgKrnl","10011","정보",,""
"18:26:25.0539610","DxgKrnl","10011","정보",,""
"18:26:25.0539630","DxgKrnl","10011","정보",,""
"18:26:25.0540150","DxgKrnl","10011","정보",,""
"18:26:25.0548201","DxgKrnl","10011","정보",,""
"18:26:25.0548826","DxgKrnl","10011","정보",,""
"18:26:25.0550576","DxgKrnl","10011","정보",,""
"18:26:25.0551269","DxgKrnl","10011","정보",,""
"18:26:25.0574205","DxgKrnl","10011","정보",,""
"18:26:25.0585295","DxgKrnl","10011","정보",,""
"18:26:25.0608052","DxgKrnl","10011","정보",,""
"18:26:25.0609972","DxgKrnl","10011","정보",,""
"18:26:25.0626044","DxgKrnl","10011","정보",,""
"18:26:25.0626380","DxgKrnl","10011","정보",,""
"18:26:25.0626906","DxgKrnl","10011","정보",,""
"18:26:25.0631825","DxgKrnl","10011","정보",,""
"18:26:25.0632805","DxgKrnl","10011","정보",,""
"18:26:25.0640677","DxgKrnl","10011","정보",,""
"18:26:25.0641337","DxgKrnl","10011","정보",,""
"18:26:25.0642561","DxgKrnl","10011","정보",,""
"18:26:25.0643117","DxgKrnl","10011","정보",,""
"18:26:25.0648911","DxgKrnl","10011","정보",,""
"18:26:25.0650188","DxgKrnl","10011","정보",,""
"18:26:25.0650542","DxgKrnl","10011","정보",,""
"18:26:25.0655742","DxgKrnl","10011","정보",,""
"18:26:25.0656319","DxgKrnl","10011","정보",,""
"18:26:25.0656648","DxgKrnl","10011","정보",,""
"18:26:25.0657112","DxgKrnl","10011","정보",,""
"18:26:25.0657430","DxgKrnl","10011","정보",,""
"18:26:25.0660866","DxgKrnl","10011","정보",,""
"18:26:25.0661374","DxgKrnl","10011","정보",,""
"18:26:25.0661892","DxgKrnl","10011","정보",,""
"18:26:25.0670392","DxgKrnl","10011","정보",,""
"18:26:25.0670908","DxgKrnl","10011","정보",,""
"18:26:25.0707075","DxgKrnl","10011","정보",,""
"18:26:25.0707700","DxgKrnl","10011","정보",,""
"18:26:25.0708279","DxgKrnl","10011","정보",,""
"18:26:25.0709142","DxgKrnl","10011","정보",,""
"18:26:25.0713778","DxgKrnl","10011","정보",,""
"18:26:25.0714703","DxgKrnl","10011","정보",,""
"18:26:25.0728825","DxgKrnl","10011","정보",,""
"18:26:25.0733514","DxgKrnl","10011","정보",,""
"18:26:25.0733739","DxgKrnl","10011","정보",,""
"18:26:25.0733809","DxgKrnl","10011","정보",,""
"18:26:25.0733820","DxgKrnl","10011","정보",,""
"18:26:25.0760539","DxgKrnl","10011","정보",,""
"18:26:25.0761372","DxgKrnl","10011","정보",,""
"18:26:25.0767754","DxgKrnl","10011","정보",,""
"18:26:25.0774173","DxgKrnl","10011","정보",,""
"18:26:25.0788383","DxgKrnl","10011","정보",,""
"18:26:25.0788945","DxgKrnl","10011","정보",,""
"18:26:25.0870344","DxgKrnl","10011","정보",,""
"18:26:25.0871000","DxgKrnl","10011","정보",,""
"18:26:25.0894203","DxgKrnl","10011","정보",,""
"18:26:25.0894802","DxgKrnl","10011","정보",,""
"18:26:25.0911504","DxgKrnl","10011","정보",,""
"18:26:25.0912077","DxgKrnl","10011","정보",,""
"18:26:25.0919399","DxgKrnl","10011","정보",,""
"18:26:25.0920472","DxgKrnl","10011","정보",,""
"18:26:25.0921019","DxgKrnl","10011","정보",,""
"18:26:25.0921077","DxgKrnl","10011","정보",,""
"18:26:25.0921100","DxgKrnl","10011","정보",,""
"18:26:25.0925126","DxgKrnl","10011","정보",,""
"18:26:25.0925585","DxgKrnl","10011","정보",,""
"18:26:25.0942448","DxgKrnl","10011","정보",,""
"18:26:25.0942880","DxgKrnl","10011","정보",,""
"18:26:25.0943345","DxgKrnl","10011","정보",,""
"18:26:25.0945797","DxgKrnl","10011","정보",,""
"18:26:25.0945821","DxgKrnl","10011","정보",,""
"18:26:25.0945846","DxgKrnl","10011","정보",,""
"18:26:25.0946018","DxgKrnl","10011","정보",,""
"18:26:25.0946746","DxgKrnl","10011","정보",,""
"18:26:25.0947307","DxgKrnl","10011","정보",,""
"18:26:25.0947612","DxgKrnl","10011","정보",,""
"18:26:25.0948333","DxgKrnl","10011","정보",,""
"18:26:25.0948373","DxgKrnl","10011","정보",,""
"18:26:25.0948897","DxgKrnl","10011","정보",,""
"18:26:25.0948926","DxgKrnl","10011","정보",,""
"18:26:25.0950088","DxgKrnl","10011","정보",,""
"18:26:25.0959975","DxgKrnl","10011","정보",,""
"18:26:25.0967739","DxgKrnl","10011","정보",,""
"18:26:25.1000115","DxgKrnl","10011","정보",,""
"18:26:25.1000654","DxgKrnl","10011","정보",,""
"18:26:25.1016652","DxgKrnl","10011","정보",,""
"18:26:25.1017597","DxgKrnl","10011","정보",,""
"18:26:36.7804810","DxgKrnl","10011","정보",,""
"18:26:36.7805444","DxgKrnl","10011","정보",,""
"18:26:36.7889659","DxgKrnl","10011","정보",,""
"18:26:36.7890302","DxgKrnl","10011","정보",,""
"18:26:36.7896475","DxgKrnl","10011","정보",,""
"18:26:36.7896898","DxgKrnl","10011","정보",,""
"18:26:36.7897430","DxgKrnl","10011","정보",,""
"18:26:36.7897502","DxgKrnl","10011","정보",,""
"18:26:36.7897524","DxgKrnl","10011","정보",,""
"18:26:36.7900556","DxgKrnl","10011","정보",,""
"18:26:36.7900993","DxgKrnl","10011","정보",,""
"18:26:36.8307527","DxgKrnl","10011","정보",,""
"18:26:36.8432110","DxgKrnl","10011","정보",,""
"18:26:36.8433121","DxgKrnl","10011","정보",,""
"18:26:36.8433704","DxgKrnl","10011","정보",,""
"18:26:36.8443127","DxgKrnl","10011","정보",,""
"18:26:36.8443521","DxgKrnl","10011","정보",,""
"18:26:36.8444263","DxgKrnl","10011","정보",,""
"18:26:36.8444725","DxgKrnl","10011","정보",,""
"18:26:36.8444742","DxgKrnl","10011","정보",,""
"18:26:36.8445135","DxgKrnl","10011","정보",,""
"18:26:36.8538306","DxgKrnl","10011","정보",,""
"18:26:36.8538318","DxgKrnl","10011","정보",,""
"18:26:36.8538360","DxgKrnl","10011","정보",,""
"18:26:36.8538507","DxgKrnl","10011","정보",,""
"18:26:36.8539611","DxgKrnl","10011","정보",,""
"18:26:36.8540914","DxgKrnl","10011","정보",,""
"18:26:36.8540914","DxgKrnl","10011","정보",,""
"18:26:36.8541573","DxgKrnl","10011","정보",,""
"18:26:36.8548021","DxgKrnl","10011","정보",,""
"18:26:36.8549221","DxgKrnl","10011","정보",,""
"18:26:36.8549672","DxgKrnl","10011","정보",,""
"18:26:36.8552292","DxgKrnl","10011","정보",,""
"18:26:36.8552316","DxgKrnl","10011","정보",,""
"18:26:36.8552335","DxgKrnl","10011","정보",,""
"18:26:36.8552985","DxgKrnl","10011","정보",,""
"18:26:36.8553443","DxgKrnl","10011","정보",,""
"18:26:36.8555058","DxgKrnl","10011","정보",,""
"18:26:36.8556347","DxgKrnl","10011","정보",,""
"18:26:36.8556393","DxgKrnl","10011","정보",,""
"18:26:36.8581168","DxgKrnl","10011","정보",,""
"18:26:36.8581661","DxgKrnl","10011","정보",,""
"18:26:36.8603809","DxgKrnl","10011","정보",,""
"18:26:36.8604343","DxgKrnl","10011","정보",,""
"18:26:36.8631238","DxgKrnl","10011","정보",,""
"18:26:36.8641978","DxgKrnl","10011","정보",,""
"18:26:36.8696882","DxgKrnl","10011","정보",,""
"18:26:36.8697923","DxgKrnl","10011","정보",,""
"18:26:36.8697942","DxgKrnl","10011","정보",,""
"18:26:36.8700327","DxgKrnl","10011","정보",,""
"18:26:36.8700357","DxgKrnl","10011","정보",,""
"18:26:36.8704387","DxgKrnl","10011","정보",,""
"18:26:36.8711058","DxgKrnl","10011","정보",,""
"18:26:36.8743008","DxgKrnl","10011","정보",,""
"18:26:36.8747332","DxgKrnl","10011","정보",,""
"18:26:36.8747470","DxgKrnl","10011","정보",,""
"18:26:36.8747522","DxgKrnl","10011","정보",,""
"18:26:36.8747530","DxgKrnl","10011","정보",,""
"18:26:36.8751630","DxgKrnl","10011","정보",,""
"18:26:36.8752614","DxgKrnl","10011","정보",,""
"18:26:36.8756936","DxgKrnl","10011","정보",,""
"18:26:36.8757593","DxgKrnl","10011","정보",,""
"18:26:36.8808271","DxgKrnl","10011","정보",,""
"18:26:36.8809744","DxgKrnl","10011","정보",,""
"18:26:36.8810170","DxgKrnl","10011","정보",,""
"18:26:36.8810208","DxgKrnl","10011","정보",,""
"18:26:36.8811195","DxgKrnl","10011","정보",,""
"18:26:36.8811226","DxgKrnl","10011","정보",,""
"18:26:36.8833972","DxgKrnl","10011","정보",,""
"18:26:36.8834520","DxgKrnl","10011","정보",,""
"18:26:36.8842621","DxgKrnl","10011","정보",,""
"18:26:36.8852272","DxgKrnl","10011","정보",,""
"18:26:36.8867264","DxgKrnl","10011","정보",,""
"18:26:36.8867811","DxgKrnl","10011","정보",,""
"18:26:36.8878449","DxgKrnl","10011","정보",,""
"18:26:36.8879149","DxgKrnl","10011","정보",,""
"18:26:36.8930900","DxgKrnl","10011","정보",,""
"18:26:36.8931709","DxgKrnl","10011","정보",,""
"18:26:36.9022394","DxgKrnl","10011","정보",,""
"18:26:36.9029750","DxgKrnl","10011","정보",,""
"18:26:36.9321600","DxgKrnl","10011","정보",,""
"18:26:36.9322227","DxgKrnl","10011","정보",,""
"18:26:37.0194705","DxgKrnl","10011","정보",,""
"18:26:37.0194986","DxgKrnl","10011","정보",,""
"18:26:37.0196364","DxgKrnl","10011","정보",,""
"18:26:37.0206675","DxgKrnl","10011","정보",,""
"18:26:37.0211087","DxgKrnl","10011","정보",,""
"18:26:37.0211229","DxgKrnl","10011","정보",,""
"18:26:37.0211297","DxgKrnl","10011","정보",,""
"18:26:37.0211305","DxgKrnl","10011","정보",,""
"18:26:37.0217417","DxgKrnl","10011","정보",,""
"18:26:37.0217971","DxgKrnl","10011","정보",,""
"18:26:37.0221835","DxgKrnl","10011","정보",,""
"18:26:37.0222397","DxgKrnl","10011","정보",,""
"18:26:37.0724806","DxgKrnl","10011","정보",,""
"18:26:37.0733028","DxgKrnl","10011","정보",,""
"18:26:37.0790837","DxgKrnl","10011","정보",,""
"18:26:37.0791389","DxgKrnl","10011","정보",,""
"18:27:19.5431692","DxgKrnl","10011","정보",,""
"18:27:19.5432295","DxgKrnl","10011","정보",,""
"18:27:19.5548534","DxgKrnl","10011","정보",,""
"18:27:19.5549758","DxgKrnl","10011","정보",,""
"18:27:19.5558175","DxgKrnl","10011","정보",,""
"18:27:19.5558523","DxgKrnl","10011","정보",,""
"18:27:19.5559094","DxgKrnl","10011","정보",,""
"18:27:19.5559137","DxgKrnl","10011","정보",,""
"18:27:19.5559160","DxgKrnl","10011","정보",,""
"18:27:19.5562282","DxgKrnl","10011","정보",,""
"18:27:19.5562727","DxgKrnl","10011","정보",,""
"18:27:19.6075748","DxgKrnl","10011","정보",,""
"18:27:19.6123956","DxgKrnl","10011","정보",,""
"18:27:19.6124452","DxgKrnl","10011","정보",,""
"18:27:19.6124946","DxgKrnl","10011","정보",,""
"18:27:19.6133006","DxgKrnl","10011","정보",,""
"18:27:19.6133403","DxgKrnl","10011","정보",,""
"18:27:19.6134071","DxgKrnl","10011","정보",,""
"18:27:19.6134554","DxgKrnl","10011","정보",,""
"18:27:19.6134569","DxgKrnl","10011","정보",,""
"18:27:19.6134972","DxgKrnl","10011","정보",,""
"18:27:19.6151072","DxgKrnl","10011","정보",,""
"18:27:19.6151104","DxgKrnl","10011","정보",,""
"18:27:19.6151203","DxgKrnl","10011","정보",,""
"18:27:19.6151366","DxgKrnl","10011","정보",,""
"18:27:19.6153609","DxgKrnl","10011","정보",,""
"18:27:19.6153687","DxgKrnl","10011","정보",,""
"18:27:19.6154306","DxgKrnl","10011","정보",,""
"18:27:19.6154337","DxgKrnl","10011","정보",,""
"18:27:19.6157507","DxgKrnl","10011","정보",,""
"18:27:19.6159850","DxgKrnl","10011","정보",,""
"18:27:19.6160882","DxgKrnl","10011","정보",,""
"18:27:19.6164117","DxgKrnl","10011","정보",,""
"18:27:19.6164601","DxgKrnl","10011","정보",,""
"18:27:19.6170086","DxgKrnl","10011","정보",,""
"18:27:19.6170584","DxgKrnl","10011","정보",,""
"18:27:19.6195196","DxgKrnl","10011","정보",,""
"18:27:19.6195759","DxgKrnl","10011","정보",,""
"18:27:19.6214872","DxgKrnl","10011","정보",,""
"18:27:19.6215392","DxgKrnl","10011","정보",,""
"18:27:19.6341502","DxgKrnl","10011","정보",,""
"18:27:19.6352018","DxgKrnl","10011","정보",,""
"18:27:19.6438604","DxgKrnl","10011","정보",,""
"18:27:19.6439910","DxgKrnl","10011","정보",,""
"18:27:19.6445064","DxgKrnl","10011","정보",,""
"18:27:19.6445731","DxgKrnl","10011","정보",,""
"18:27:19.6447958","DxgKrnl","10011","정보",,""
"18:27:19.6448596","DxgKrnl","10011","정보",,""
"18:27:19.6454541","DxgKrnl","10011","정보",,""
"18:27:19.6455341","DxgKrnl","10011","정보",,""
"18:27:19.6455919","DxgKrnl","10011","정보",,""
"18:27:19.6462161","DxgKrnl","10011","정보",,""
"18:27:19.6462867","DxgKrnl","10011","정보",,""
"18:27:19.6472261","DxgKrnl","10011","정보",,""
"18:27:19.6472774","DxgKrnl","10011","정보",,""
"18:27:19.6504984","DxgKrnl","10011","정보",,""
"18:27:19.6509538","DxgKrnl","10011","정보",,""
"18:27:19.6509690","DxgKrnl","10011","정보",,""
"18:27:19.6509771","DxgKrnl","10011","정보",,""
"18:27:19.6509780","DxgKrnl","10011","정보",,""
"18:27:19.6516188","DxgKrnl","10011","정보",,""
"18:27:19.6516409","DxgKrnl","10011","정보",,""
"18:27:19.6523477","DxgKrnl","10011","정보",,""
"18:27:19.6523846","DxgKrnl","10011","정보",,""
"18:27:19.6540932","DxgKrnl","10011","정보",,""
"18:27:19.6541540","DxgKrnl","10011","정보",,""
"18:27:19.6642509","DxgKrnl","10011","정보",,""
"18:27:19.6643239","DxgKrnl","10011","정보",,""
"18:27:19.6646326","DxgKrnl","10011","정보",,""
"18:27:19.6646896","DxgKrnl","10011","정보",,""
"18:27:19.6675827","DxgKrnl","10011","정보",,""
"18:27:19.6682232","DxgKrnl","10011","정보",,""
"18:27:19.7375524","DxgKrnl","10011","정보",,""
"18:27:19.7376707","DxgKrnl","10011","정보",,""
"19:09:13.3259409","DxgKrnl","10011","정보",,""
"19:09:13.5906378","DxgKrnl","10011","정보",,""
"19:09:13.5920251","DxgKrnl","10011","정보",,""
"19:09:13.5920893","DxgKrnl","10011","정보",,""
"19:09:13.5929341","DxgKrnl","10011","정보",,""
"19:09:13.5929896","DxgKrnl","10011","정보",,""
"19:09:13.5962447","DxgKrnl","10011","정보",,""
"19:09:13.6244078","DxgKrnl","10011","정보",,""
"19:09:13.6256185","DxgKrnl","10011","정보",,""
"19:09:13.6256794","DxgKrnl","10011","정보",,""
"19:09:13.6266064","DxgKrnl","10011","정보",,""
"19:09:13.6266782","DxgKrnl","10011","정보",,""
"19:09:15.2798347","DxgKrnl","10011","정보",,""
"19:09:17.1075838","DxgKrnl","10011","정보",,""
"19:09:17.1084090","DxgKrnl","10011","정보",,""
"19:09:17.1121942","DxgKrnl","10011","정보",,""
"19:09:17.1161844","DxgKrnl","10011","정보",,""
"19:09:17.1161891","DxgKrnl","10011","정보",,""
"19:09:17.1163324","DxgKrnl","10011","정보",,""
"19:09:17.1163341","DxgKrnl","10011","정보",,""
"19:09:17.1176115","DxgKrnl","10011","정보",,""
"19:09:17.1176972","DxgKrnl","10011","정보",,""
"19:09:17.1322960","DxgKrnl","10011","정보",,""
"19:09:17.1333561","DxgKrnl","10011","정보",,""
"19:09:17.1502786","DxgKrnl","10011","정보",,""
"19:09:17.1624896","DxgKrnl","10011","정보",,""
"19:09:17.1646777","DxgKrnl","10011","정보",,""
"19:09:17.1647438","DxgKrnl","10011","정보",,""
"19:09:17.1659541","DxgKrnl","10011","정보",,""
"19:09:17.1660183","DxgKrnl","10011","정보",,""
"19:09:17.1786594","DxgKrnl","10011","정보",,""
"19:09:17.1803059","DxgKrnl","10011","정보",,""
"19:09:17.3473916","DxgKrnl","10011","정보",,""
"19:09:17.3474578","DxgKrnl","10011","정보",,""
"19:09:17.3496854","DxgKrnl","10011","정보",,""
"19:09:17.3497669","DxgKrnl","10011","정보",,""
"19:09:17.3506695","DxgKrnl","10011","정보",,""
"19:09:17.3507267","DxgKrnl","10011","정보",,""
"19:09:17.3512685","DxgKrnl","10011","정보",,""
"19:09:17.3513128","DxgKrnl","10011","정보",,""
"19:09:17.3513582","DxgKrnl","10011","정보",,""
"19:09:17.3513613","DxgKrnl","10011","정보",,""
"19:09:17.3513635","DxgKrnl","10011","정보",,""
"19:09:17.3517070","DxgKrnl","10011","정보",,""
"19:09:17.3517492","DxgKrnl","10011","정보",,""
"19:09:17.4098142","DxgKrnl","10011","정보",,""
"19:09:17.4187178","DxgKrnl","10011","정보",,""
"19:09:17.4187889","DxgKrnl","10011","정보",,""
"19:09:17.4188764","DxgKrnl","10011","정보",,""
"19:09:17.4196810","DxgKrnl","10011","정보",,""
"19:09:17.4197429","DxgKrnl","10011","정보",,""
"19:09:17.4198093","DxgKrnl","10011","정보",,""
"19:09:17.4198528","DxgKrnl","10011","정보",,""
"19:09:17.4198544","DxgKrnl","10011","정보",,""
"19:09:17.4198937","DxgKrnl","10011","정보",,""
"19:09:17.4231120","DxgKrnl","10011","정보",,""
"19:09:17.4231637","DxgKrnl","10011","정보",,""
"19:09:17.4231642","DxgKrnl","10011","정보",,""
"19:09:17.4231659","DxgKrnl","10011","정보",,""
"19:09:17.4232665","DxgKrnl","10011","정보",,""
"19:09:17.4232673","DxgKrnl","10011","정보",,""
"19:09:17.4234080","DxgKrnl","10011","정보",,""
"19:09:17.4234104","DxgKrnl","10011","정보",,""
"19:09:17.4234695","DxgKrnl","10011","정보",,""
"19:09:17.4235808","DxgKrnl","10011","정보",,""
"19:09:17.4235879","DxgKrnl","10011","정보",,""
"19:09:17.4265765","DxgKrnl","10011","정보",,""
"19:09:17.4272812","DxgKrnl","10011","정보",,""
"19:09:17.4273012","DxgKrnl","10011","정보",,""
"19:09:17.4273094","DxgKrnl","10011","정보",,""
"19:09:17.4273106","DxgKrnl","10011","정보",,""
"19:09:17.4282382","DxgKrnl","10011","정보",,""
"19:09:17.4283939","DxgKrnl","10011","정보",,""
"19:09:17.4286874","DxgKrnl","10011","정보",,""
"19:09:17.4321192","DxgKrnl","10011","정보",,""
"19:09:17.4321734","DxgKrnl","10011","정보",,""
"19:09:17.4323050","DxgKrnl","10011","정보",,""
"19:09:17.4323840","DxgKrnl","10011","정보",,""
"19:09:17.4359713","DxgKrnl","10011","정보",,""
"19:09:17.4367650","DxgKrnl","10011","정보",,""
"19:09:17.4383604","DxgKrnl","10011","정보",,""
"19:09:17.4384412","DxgKrnl","10011","정보",,""
"19:09:17.4408969","DxgKrnl","10011","정보",,""
"19:09:17.4409912","DxgKrnl","10011","정보",,""
"19:09:17.5100061","DxgKrnl","10011","정보",,""
"19:09:17.5100960","DxgKrnl","10011","정보",,""
"19:09:17.5101831","DxgKrnl","10011","정보",,""
"19:09:17.5108379","DxgKrnl","10011","정보",,""
"19:09:17.5113929","DxgKrnl","10011","정보",,""
"19:09:17.5114407","DxgKrnl","10011","정보",,""
"19:09:17.5115161","DxgKrnl","10011","정보",,""
"19:09:17.5132309","DxgKrnl","10011","정보",,""
"19:09:17.5132897","DxgKrnl","10011","정보",,""
"19:09:17.5151691","DxgKrnl","10011","정보",,""
"19:09:17.5156691","DxgKrnl","10011","정보",,""
"19:09:17.5156823","DxgKrnl","10011","정보",,""
"19:09:17.5156924","DxgKrnl","10011","정보",,""
"19:09:17.5156934","DxgKrnl","10011","정보",,""
"19:09:17.5166082","DxgKrnl","10011","정보",,""
"19:09:17.5167276","DxgKrnl","10011","정보",,""
"19:09:17.5174786","DxgKrnl","10011","정보",,""
"19:09:17.5175822","DxgKrnl","10011","정보",,""
"19:09:17.5322822","DxgKrnl","10011","정보",,""
"19:09:17.5323595","DxgKrnl","10011","정보",,""
"19:09:17.5328592","DxgKrnl","10011","정보",,""
"19:09:17.5329201","DxgKrnl","10011","정보",,""
"19:09:17.6346154","DxgKrnl","10011","정보",,""
"19:09:17.6346854","DxgKrnl","10011","정보",,""
"19:09:17.6880118","DxgKrnl","10011","정보",,""
"19:09:17.6890365","DxgKrnl","10011","정보",,""
"19:09:33.0771735","DxgKrnl","10011","정보",,""
"19:09:33.0772566","DxgKrnl","10011","정보",,""
"19:09:33.0888590","DxgKrnl","10011","정보",,""
"19:09:33.0889384","DxgKrnl","10011","정보",,""
"19:09:33.0897397","DxgKrnl","10011","정보",,""
"19:09:33.0897747","DxgKrnl","10011","정보",,""
"19:09:33.0898326","DxgKrnl","10011","정보",,""
"19:09:33.0898411","DxgKrnl","10011","정보",,""
"19:09:33.0898441","DxgKrnl","10011","정보",,""
"19:09:33.0902196","DxgKrnl","10011","정보",,""
"19:09:33.0902734","DxgKrnl","10011","정보",,""
"19:09:33.1423902","DxgKrnl","10011","정보",,""
"19:09:33.1517340","DxgKrnl","10011","정보",,""
"19:09:33.1518227","DxgKrnl","10011","정보",,""
"19:09:33.1518875","DxgKrnl","10011","정보",,""
"19:09:33.1529716","DxgKrnl","10011","정보",,""
"19:09:33.1530193","DxgKrnl","10011","정보",,""
"19:09:33.1531198","DxgKrnl","10011","정보",,""
"19:09:33.1531778","DxgKrnl","10011","정보",,""
"19:09:33.1531802","DxgKrnl","10011","정보",,""
"19:09:33.1532300","DxgKrnl","10011","정보",,""
"19:09:33.1574805","DxgKrnl","10011","정보",,""
"19:09:33.1575692","DxgKrnl","10011","정보",,""
"19:09:33.1575696","DxgKrnl","10011","정보",,""
"19:09:33.1575702","DxgKrnl","10011","정보",,""
"19:09:33.1575939","DxgKrnl","10011","정보",,""
"19:09:33.1575971","DxgKrnl","10011","정보",,""
"19:09:33.1576024","DxgKrnl","10011","정보",,""
"19:09:33.1579789","DxgKrnl","10011","정보",,""
"19:09:33.1579791","DxgKrnl","10011","정보",,""
"19:09:33.1582155","DxgKrnl","10011","정보",,""
"19:09:33.1582207","DxgKrnl","10011","정보",,""
"19:09:33.1582213","DxgKrnl","10011","정보",,""
"19:09:33.1583466","DxgKrnl","10011","정보",,""
"19:09:33.1591712","DxgKrnl","10011","정보",,""
"19:09:33.1602084","DxgKrnl","10011","정보",,""
"19:09:33.1607697","DxgKrnl","10011","정보",,""
"19:09:33.1607886","DxgKrnl","10011","정보",,""
"19:09:33.1607986","DxgKrnl","10011","정보",,""
"19:09:33.1607995","DxgKrnl","10011","정보",,""
"19:09:33.1614491","DxgKrnl","10011","정보",,""
"19:09:33.1615408","DxgKrnl","10011","정보",,""
"19:09:33.1629496","DxgKrnl","10011","정보",,""
"19:09:33.1629988","DxgKrnl","10011","정보",,""
"19:09:33.1631907","DxgKrnl","10011","정보",,""
"19:09:33.1632573","DxgKrnl","10011","정보",,""
"19:09:33.1758228","DxgKrnl","10011","정보",,""
"19:09:33.1758911","DxgKrnl","10011","정보",,""
"19:09:33.1759644","DxgKrnl","10011","정보",,""
"19:09:33.1767255","DxgKrnl","10011","정보",,""
"19:09:33.1768182","DxgKrnl","10011","정보",,""
"19:09:33.1768869","DxgKrnl","10011","정보",,""
"19:09:33.1769968","DxgKrnl","10011","정보",,""
"19:09:33.1772350","DxgKrnl","10011","정보",,""
"19:09:33.1792638","DxgKrnl","10011","정보",,""
"19:09:33.1794336","DxgKrnl","10011","정보",,""
"19:09:33.1812132","DxgKrnl","10011","정보",,""
"19:09:33.1812693","DxgKrnl","10011","정보",,""
"19:09:33.1824986","DxgKrnl","10011","정보",,""
"19:09:33.1825519","DxgKrnl","10011","정보",,""
"19:09:33.1856555","DxgKrnl","10011","정보",,""
"19:09:33.1857057","DxgKrnl","10011","정보",,""
"19:09:33.1866331","DxgKrnl","10011","정보",,""
"19:09:33.1867286","DxgKrnl","10011","정보",,""
"19:09:33.1868071","DxgKrnl","10011","정보",,""
"19:09:33.1868715","DxgKrnl","10011","정보",,""
"19:09:33.1902469","DxgKrnl","10011","정보",,""
"19:09:33.1903099","DxgKrnl","10011","정보",,""
"19:09:33.1908045","DxgKrnl","10011","정보",,""
"19:09:33.1919028","DxgKrnl","10011","정보",,""
"19:09:33.2458544","DxgKrnl","10011","정보",,""
"19:09:33.2459124","DxgKrnl","10011","정보",,""
"19:09:33.3358420","DxgKrnl","10011","정보",,""
"19:09:33.3358665","DxgKrnl","10011","정보",,""
"19:09:33.3359330","DxgKrnl","10011","정보",,""
"19:09:33.3370015","DxgKrnl","10011","정보",,""
"19:09:33.3374351","DxgKrnl","10011","정보",,""
"19:09:33.3374485","DxgKrnl","10011","정보",,""
"19:09:33.3374560","DxgKrnl","10011","정보",,""
"19:09:33.3374568","DxgKrnl","10011","정보",,""
"19:09:33.3382844","DxgKrnl","10011","정보",,""
"19:09:33.3383586","DxgKrnl","10011","정보",,""
"19:09:33.3383586","DxgKrnl","10011","정보",,""
"19:09:33.3385523","DxgKrnl","10011","정보",,""
"19:09:33.3388055","DxgKrnl","10011","정보",,""
"19:09:33.3388575","DxgKrnl","10011","정보",,""
"19:09:33.4099032","DxgKrnl","10011","정보",,""
"19:09:33.4106923","DxgKrnl","10011","정보",,""
"19:09:33.4167360","DxgKrnl","10011","정보",,""
"19:09:33.4167970","DxgKrnl","10011","정보",,""
"19:09:34.0768267","DxgKrnl","10011","정보",,""
"19:09:34.0768918","DxgKrnl","10011","정보",,""
"19:09:34.0879944","DxgKrnl","10011","정보",,""
"19:09:34.0880575","DxgKrnl","10011","정보",,""
"19:09:34.0889448","DxgKrnl","10011","정보",,""
"19:09:34.0889846","DxgKrnl","10011","정보",,""
"19:09:34.0890452","DxgKrnl","10011","정보",,""
"19:09:34.0890495","DxgKrnl","10011","정보",,""
"19:09:34.0890517","DxgKrnl","10011","정보",,""
"19:09:34.0894121","DxgKrnl","10011","정보",,""
"19:09:34.0894839","DxgKrnl","10011","정보",,""
"19:09:34.1266954","DxgKrnl","10011","정보",,""
"19:09:34.1310485","DxgKrnl","10011","정보",,""
"19:09:34.1311016","DxgKrnl","10011","정보",,""
"19:09:34.1311487","DxgKrnl","10011","정보",,""
"19:09:34.1319085","DxgKrnl","10011","정보",,""
"19:09:34.1319464","DxgKrnl","10011","정보",,""
"19:09:34.1320115","DxgKrnl","10011","정보",,""
"19:09:34.1320571","DxgKrnl","10011","정보",,""
"19:09:34.1320587","DxgKrnl","10011","정보",,""
"19:09:34.1320968","DxgKrnl","10011","정보",,""
"19:09:34.1336756","DxgKrnl","10011","정보",,""
"19:09:34.1336816","DxgKrnl","10011","정보",,""
"19:09:34.1337053","DxgKrnl","10011","정보",,""
"19:09:34.1337154","DxgKrnl","10011","정보",,""
"19:09:34.1337610","DxgKrnl","10011","정보",,""
"19:09:34.1340571","DxgKrnl","10011","정보",,""
"19:09:34.1340669","DxgKrnl","10011","정보",,""
"19:09:34.1340675","DxgKrnl","10011","정보",,""
"19:09:34.1354103","DxgKrnl","10011","정보",,""
"19:09:34.1359587","DxgKrnl","10011","정보",,""
"19:09:34.1360126","DxgKrnl","10011","정보",,""
"19:09:34.1362008","DxgKrnl","10011","정보",,""
"19:09:34.1362039","DxgKrnl","10011","정보",,""
"19:09:34.1362058","DxgKrnl","10011","정보",,""
"19:09:34.1362856","DxgKrnl","10011","정보",,""
"19:09:34.1364282","DxgKrnl","10011","정보",,""
"19:09:34.1364306","DxgKrnl","10011","정보",,""
"19:09:34.1364336","DxgKrnl","10011","정보",,""
"19:09:34.1364338","DxgKrnl","10011","정보",,""
"19:09:34.1385480","DxgKrnl","10011","정보",,""
"19:09:34.1385956","DxgKrnl","10011","정보",,""
"19:09:34.1404385","DxgKrnl","10011","정보",,""
"19:09:34.1404910","DxgKrnl","10011","정보",,""
"19:09:34.1431133","DxgKrnl","10011","정보",,""
"19:09:34.1438591","DxgKrnl","10011","정보",,""
"19:09:34.1638905","DxgKrnl","10011","정보",,""
"19:09:34.1640461","DxgKrnl","10011","정보",,""
"19:09:34.1644036","DxgKrnl","10011","정보",,""
"19:09:34.1645004","DxgKrnl","10011","정보",,""
"19:09:34.1646229","DxgKrnl","10011","정보",,""
"19:09:34.1653646","DxgKrnl","10011","정보",,""
"19:09:34.1654302","DxgKrnl","10011","정보",,""
"19:09:34.1655728","DxgKrnl","10011","정보",,""
"19:09:34.1656323","DxgKrnl","10011","정보",,""
"19:09:34.1656705","DxgKrnl","10011","정보",,""
"19:09:34.1657596","DxgKrnl","10011","정보",,""
"19:09:34.1662240","DxgKrnl","10011","정보",,""
"19:09:34.1662750","DxgKrnl","10011","정보",,""
"19:09:34.1676194","DxgKrnl","10011","정보",,""
"19:09:34.1689162","DxgKrnl","10011","정보",,""
"19:09:34.1693595","DxgKrnl","10011","정보",,""
"19:09:34.1693749","DxgKrnl","10011","정보",,""
"19:09:34.1693811","DxgKrnl","10011","정보",,""
"19:09:34.1693818","DxgKrnl","10011","정보",,""
"19:09:34.1694957","DxgKrnl","10011","정보",,""
"19:09:34.1694976","DxgKrnl","10011","정보",,""
"19:09:34.1695894","DxgKrnl","10011","정보",,""
"19:09:34.1700209","DxgKrnl","10011","정보",,""
"19:09:34.1700895","DxgKrnl","10011","정보",,""
"19:09:34.1791113","DxgKrnl","10011","정보",,""
"19:09:34.1791623","DxgKrnl","10011","정보",,""
"19:09:34.1814762","DxgKrnl","10011","정보",,""
"19:09:34.1815486","DxgKrnl","10011","정보",,""
"19:09:34.2483668","DxgKrnl","10011","정보",,""
"19:09:34.2484394","DxgKrnl","10011","정보",,""
"19:09:34.3547096","DxgKrnl","10011","정보",,""
"19:09:34.3555229","DxgKrnl","10011","정보",,""
"19:09:35.0903254","DxgKrnl","10011","정보",,""
"19:09:35.0903894","DxgKrnl","10011","정보",,""
"19:09:35.1020266","DxgKrnl","10011","정보",,""
"19:09:35.1020962","DxgKrnl","10011","정보",,""
"19:09:35.1027155","DxgKrnl","10011","정보",,""
"19:09:35.1027583","DxgKrnl","10011","정보",,""
"19:09:35.1028329","DxgKrnl","10011","정보",,""
"19:09:35.1028384","DxgKrnl","10011","정보",,""
"19:09:35.1028409","DxgKrnl","10011","정보",,""
"19:09:35.1032058","DxgKrnl","10011","정보",,""
"19:09:35.1032487","DxgKrnl","10011","정보",,""
"19:09:35.1443694","DxgKrnl","10011","정보",,""
"19:09:35.1497839","DxgKrnl","10011","정보",,""
"19:09:35.1498462","DxgKrnl","10011","정보",,""
"19:09:35.1498998","DxgKrnl","10011","정보",,""
"19:09:35.1506457","DxgKrnl","10011","정보",,""
"19:09:35.1506853","DxgKrnl","10011","정보",,""
"19:09:35.1507493","DxgKrnl","10011","정보",,""
"19:09:35.1507924","DxgKrnl","10011","정보",,""
"19:09:35.1507938","DxgKrnl","10011","정보",,""
"19:09:35.1508359","DxgKrnl","10011","정보",,""
"19:09:35.1523927","DxgKrnl","10011","정보",,""
"19:09:35.1523937","DxgKrnl","10011","정보",,""
"19:09:35.1524103","DxgKrnl","10011","정보",,""
"19:09:35.1524265","DxgKrnl","10011","정보",,""
"19:09:35.1524438","DxgKrnl","10011","정보",,""
"19:09:35.1526303","DxgKrnl","10011","정보",,""
"19:09:35.1526313","DxgKrnl","10011","정보",,""
"19:09:35.1526865","DxgKrnl","10011","정보",,""
"19:09:35.1526916","DxgKrnl","10011","정보",,""
"19:09:35.1526985","DxgKrnl","10011","정보",,""
"19:09:35.1531279","DxgKrnl","10011","정보",,""
"19:09:35.1543027","DxgKrnl","10011","정보",,""
"19:09:35.1543524","DxgKrnl","10011","정보",,""
"19:09:35.1547065","DxgKrnl","10011","정보",,""
"19:09:35.1547531","DxgKrnl","10011","정보",,""
"19:09:35.1548973","DxgKrnl","10011","정보",,""
"19:09:35.1550883","DxgKrnl","10011","정보",,""
"19:09:35.1568565","DxgKrnl","10011","정보",,""
"19:09:35.1569067","DxgKrnl","10011","정보",,""
"19:09:35.1589065","DxgKrnl","10011","정보",,""
"19:09:35.1589561","DxgKrnl","10011","정보",,""
"19:09:35.1594613","DxgKrnl","10011","정보",,""
"19:09:35.1602314","DxgKrnl","10011","정보",,""
"19:09:35.1818161","DxgKrnl","10011","정보",,""
"19:09:35.1819118","DxgKrnl","10011","정보",,""
"19:09:35.1821287","DxgKrnl","10011","정보",,""
"19:09:35.1829097","DxgKrnl","10011","정보",,""
"19:09:35.1830473","DxgKrnl","10011","정보",,""
"19:09:35.1830502","DxgKrnl","10011","정보",,""
"19:09:35.1831226","DxgKrnl","10011","정보",,""
"19:09:35.1832553","DxgKrnl","10011","정보",,""
"19:09:35.1832586","DxgKrnl","10011","정보",,""
"19:09:35.1833713","DxgKrnl","10011","정보",,""
"19:09:35.1833733","DxgKrnl","10011","정보",,""
"19:09:35.1833880","DxgKrnl","10011","정보",,""
"19:09:35.1835640","DxgKrnl","10011","정보",,""
"19:09:35.1853249","DxgKrnl","10011","정보",,""
"19:09:35.1853817","DxgKrnl","10011","정보",,""
"19:09:35.1853962","DxgKrnl","10011","정보",,""
"19:09:35.1861927","DxgKrnl","10011","정보",,""
"19:09:35.1870106","DxgKrnl","10011","정보",,""
"19:09:35.1874405","DxgKrnl","10011","정보",,""
"19:09:35.1874549","DxgKrnl","10011","정보",,""
"19:09:35.1874620","DxgKrnl","10011","정보",,""
"19:09:35.1874628","DxgKrnl","10011","정보",,""
"19:09:35.1878403","DxgKrnl","10011","정보",,""
"19:09:35.1879017","DxgKrnl","10011","정보",,""
"19:09:35.1894330","DxgKrnl","10011","정보",,""
"19:09:35.1902561","DxgKrnl","10011","정보",,""
"19:09:35.1982024","DxgKrnl","10011","정보",,""
"19:09:35.1983072","DxgKrnl","10011","정보",,""
"19:09:35.2003472","DxgKrnl","10011","정보",,""
"19:09:35.2004144","DxgKrnl","10011","정보",,""
"19:09:35.2608652","DxgKrnl","10011","정보",,""
"19:09:35.2609352","DxgKrnl","10011","정보",,""
"19:09:35.3601674","DxgKrnl","10011","정보",,""
"19:09:35.3609179","DxgKrnl","10011","정보",,""
"19:09:36.6299893","DxgKrnl","10011","정보",,""
"19:09:36.6300696","DxgKrnl","10011","정보",,""
"19:09:36.6307749","DxgKrnl","10011","정보",,""
"19:09:36.6308177","DxgKrnl","10011","정보",,""
"19:09:36.6308787","DxgKrnl","10011","정보",,""
"19:09:36.6308835","DxgKrnl","10011","정보",,""
"19:09:36.6308857","DxgKrnl","10011","정보",,""
"19:09:36.6312229","DxgKrnl","10011","정보",,""
"19:09:36.6312699","DxgKrnl","10011","정보",,""
"19:09:36.6792383","DxgKrnl","10011","정보",,""
"19:09:36.6864463","DxgKrnl","10011","정보",,""
"19:09:36.6865036","DxgKrnl","10011","정보",,""
"19:09:36.6865571","DxgKrnl","10011","정보",,""
"19:09:36.6873750","DxgKrnl","10011","정보",,""
"19:09:36.6874152","DxgKrnl","10011","정보",,""
"19:09:36.6874859","DxgKrnl","10011","정보",,""
"19:09:36.6875337","DxgKrnl","10011","정보",,""
"19:09:36.6875354","DxgKrnl","10011","정보",,""
"19:09:36.6875760","DxgKrnl","10011","정보",,""
"19:09:36.6903290","DxgKrnl","10011","정보",,""
"19:09:36.6903341","DxgKrnl","10011","정보",,""
"19:09:36.6903527","DxgKrnl","10011","정보",,""
"19:09:36.6903848","DxgKrnl","10011","정보",,""
"19:09:36.6903899","DxgKrnl","10011","정보",,""
"19:09:36.6907102","DxgKrnl","10011","정보",,""
"19:09:36.6907103","DxgKrnl","10011","정보",,""
"19:09:36.6907130","DxgKrnl","10011","정보",,""
"19:09:36.6907130","DxgKrnl","10011","정보",,""
"19:09:36.6907275","DxgKrnl","10011","정보",,""
"19:09:36.6918857","DxgKrnl","10011","정보",,""
"19:09:36.6924702","DxgKrnl","10011","정보",,""
"19:09:36.6925480","DxgKrnl","10011","정보",,""
"19:09:36.6931621","DxgKrnl","10011","정보",,""
"19:09:36.6932324","DxgKrnl","10011","정보",,""
"19:09:36.6936571","DxgKrnl","10011","정보",,""
"19:09:36.6937163","DxgKrnl","10011","정보",,""
"19:09:36.6959239","DxgKrnl","10011","정보",,""
"19:09:36.6965459","DxgKrnl","10011","정보",,""
"19:09:36.6984808","DxgKrnl","10011","정보",,""
"19:09:36.6986417","DxgKrnl","10011","정보",,""
"19:09:36.7006325","DxgKrnl","10011","정보",,""
"19:09:36.7006825","DxgKrnl","10011","정보",,""
"19:09:36.7177902","DxgKrnl","10011","정보",,""
"19:09:36.7179228","DxgKrnl","10011","정보",,""
"19:09:36.7184392","DxgKrnl","10011","정보",,""
"19:09:36.7185722","DxgKrnl","10011","정보",,""
"19:09:36.7186323","DxgKrnl","10011","정보",,""
"19:09:36.7187391","DxgKrnl","10011","정보",,""
"19:09:36.7187898","DxgKrnl","10011","정보",,""
"19:09:36.7204677","DxgKrnl","10011","정보",,""
"19:09:36.7205214","DxgKrnl","10011","정보",,""
"19:09:36.7207495","DxgKrnl","10011","정보",,""
"19:09:36.7208033","DxgKrnl","10011","정보",,""
"19:09:36.7229133","DxgKrnl","10011","정보",,""
"19:09:36.7233475","DxgKrnl","10011","정보",,""
"19:09:36.7233601","DxgKrnl","10011","정보",,""
"19:09:36.7233655","DxgKrnl","10011","정보",,""
"19:09:36.7233663","DxgKrnl","10011","정보",,""
"19:09:36.7238026","DxgKrnl","10011","정보",,""
"19:09:36.7239280","DxgKrnl","10011","정보",,""
"19:09:36.7267726","DxgKrnl","10011","정보",,""
"19:09:36.7268248","DxgKrnl","10011","정보",,""
"19:09:36.7379496","DxgKrnl","10011","정보",,""
"19:09:36.7380455","DxgKrnl","10011","정보",,""
"19:09:36.7392079","DxgKrnl","10011","정보",,""
"19:09:36.7392807","DxgKrnl","10011","정보",,""
"19:09:36.8304099","DxgKrnl","10011","정보",,""
"19:09:36.8306803","DxgKrnl","10011","정보",,""
"19:09:36.8423390","DxgKrnl","10011","정보",,""
"19:09:36.8431592","DxgKrnl","10011","정보",,""
"19:09:37.0872530","DxgKrnl","10011","정보",,""
"19:09:37.0873532","DxgKrnl","10011","정보",,""
"19:09:37.0988902","DxgKrnl","10011","정보",,""
"19:09:37.0990062","DxgKrnl","10011","정보",,""
"19:09:37.1000860","DxgKrnl","10011","정보",,""
"19:09:37.1001140","DxgKrnl","10011","정보",,""
"19:09:37.1001729","DxgKrnl","10011","정보",,""
"19:09:37.1001776","DxgKrnl","10011","정보",,""
"19:09:37.1001798","DxgKrnl","10011","정보",,""
"19:09:37.1005485","DxgKrnl","10011","정보",,""
"19:09:37.1005949","DxgKrnl","10011","정보",,""
"19:09:37.1465120","DxgKrnl","10011","정보",,""
"19:09:37.1524942","DxgKrnl","10011","정보",,""
"19:09:37.1525671","DxgKrnl","10011","정보",,""
"19:09:37.1526241","DxgKrnl","10011","정보",,""
"19:09:37.1534850","DxgKrnl","10011","정보",,""
"19:09:37.1535241","DxgKrnl","10011","정보",,""
"19:09:37.1535902","DxgKrnl","10011","정보",,""
"19:09:37.1536314","DxgKrnl","10011","정보",,""
"19:09:37.1536330","DxgKrnl","10011","정보",,""
"19:09:37.1536778","DxgKrnl","10011","정보",,""
"19:09:37.1552722","DxgKrnl","10011","정보",,""
"19:09:37.1552766","DxgKrnl","10011","정보",,""
"19:09:37.1552890","DxgKrnl","10011","정보",,""
"19:09:37.1552969","DxgKrnl","10011","정보",,""
"19:09:37.1553133","DxgKrnl","10011","정보",,""
"19:09:37.1555159","DxgKrnl","10011","정보",,""
"19:09:37.1556254","DxgKrnl","10011","정보",,""
"19:09:37.1556267","DxgKrnl","10011","정보",,""
"19:09:37.1556290","DxgKrnl","10011","정보",,""
"19:09:37.1556496","DxgKrnl","10011","정보",,""
"19:09:37.1570176","DxgKrnl","10011","정보",,""
"19:09:37.1578809","DxgKrnl","10011","정보",,""
"19:09:37.1579474","DxgKrnl","10011","정보",,""
"19:09:37.1589507","DxgKrnl","10011","정보",,""
"19:09:37.1590363","DxgKrnl","10011","정보",,""
"19:09:37.1591772","DxgKrnl","10011","정보",,""
"19:09:37.1592340","DxgKrnl","10011","정보",,""
"19:09:37.1608201","DxgKrnl","10011","정보",,""
"19:09:37.1608817","DxgKrnl","10011","정보",,""
"19:09:37.1626195","DxgKrnl","10011","정보",,""
"19:09:37.1626680","DxgKrnl","10011","정보",,""
"19:09:37.1652235","DxgKrnl","10011","정보",,""
"19:09:37.1657873","DxgKrnl","10011","정보",,""
"19:09:37.1829993","DxgKrnl","10011","정보",,""
"19:09:37.1830529","DxgKrnl","10011","정보",,""
"19:09:37.1831105","DxgKrnl","10011","정보",,""
"19:09:37.1831329","DxgKrnl","10011","정보",,""
"19:09:37.1835647","DxgKrnl","10011","정보",,""
"19:09:37.1836182","DxgKrnl","10011","정보",,""
"19:09:37.1836988","DxgKrnl","10011","정보",,""
"19:09:37.1837816","DxgKrnl","10011","정보",,""
"19:09:37.1838392","DxgKrnl","10011","정보",,""
"19:09:37.1866137","DxgKrnl","10011","정보",,""
"19:09:37.1866735","DxgKrnl","10011","정보",,""
"19:09:37.1870593","DxgKrnl","10011","정보",,""
"19:09:37.1871166","DxgKrnl","10011","정보",,""
"19:09:37.1878189","DxgKrnl","10011","정보",,""
"19:09:37.1882971","DxgKrnl","10011","정보",,""
"19:09:37.1883129","DxgKrnl","10011","정보",,""
"19:09:37.1883206","DxgKrnl","10011","정보",,""
"19:09:37.1883214","DxgKrnl","10011","정보",,""
"19:09:37.1891873","DxgKrnl","10011","정보",,""
"19:09:37.1898809","DxgKrnl","10011","정보",,""
"19:09:37.1899102","DxgKrnl","10011","정보",,""
"19:09:37.1901707","DxgKrnl","10011","정보",,""
"19:09:37.1920117","DxgKrnl","10011","정보",,""
"19:09:37.1920656","DxgKrnl","10011","정보",,""
"19:09:37.1991968","DxgKrnl","10011","정보",,""
"19:09:37.1992465","DxgKrnl","10011","정보",,""
"19:09:37.2043683","DxgKrnl","10011","정보",,""
"19:09:37.2044458","DxgKrnl","10011","정보",,""
"19:09:37.2730286","DxgKrnl","10011","정보",,""
"19:09:37.2731035","DxgKrnl","10011","정보",,""
"19:09:37.3851205","DxgKrnl","10011","정보",,""
"19:09:37.3859477","DxgKrnl","10011","정보",,""
"19:10:52.0801445","DxgKrnl","10011","정보",,""
"19:10:52.2673732","DxgKrnl","10011","정보",,""
"19:10:52.2687341","DxgKrnl","10011","정보",,""
"19:10:52.2687812","DxgKrnl","10011","정보",,""
"19:10:52.2694273","DxgKrnl","10011","정보",,""
"19:10:52.2694792","DxgKrnl","10011","정보",,""
"19:10:52.2754390","DxgKrnl","10011","정보",,""
"19:10:52.3079086","DxgKrnl","10011","정보",,""
"19:10:52.3231816","DxgKrnl","10011","정보",,""
"19:10:52.3232619","DxgKrnl","10011","정보",,""
"19:10:52.3253027","DxgKrnl","10011","정보",,""
"19:10:52.3253664","DxgKrnl","10011","정보",,""
"19:11:48.1305372","DxgKrnl","10011","정보",,""
"19:11:48.1305463","DxgKrnl","10011","정보",,""
"19:11:48.1305471","DxgKrnl","10011","정보",,""
"19:11:48.1305477","DxgKrnl","10011","정보",,""
"19:11:48.1305484","DxgKrnl","10011","정보",,""
"19:11:48.1305489","DxgKrnl","10011","정보",,""
"19:11:48.1305496","DxgKrnl","10011","정보",,""
"19:11:48.1305501","DxgKrnl","10011","정보",,""
"19:11:48.1305506","DxgKrnl","10011","정보",,""
"19:11:48.1305512","DxgKrnl","10011","정보",,""
"19:11:48.1305517","DxgKrnl","10011","정보",,""
"19:11:48.2261788","DxgKrnl","10011","정보",,""
"19:11:48.2261923","DxgKrnl","10011","정보",,""
"19:11:48.2397578","DxgKrnl","10011","정보",,""
"19:11:48.2397655","DxgKrnl","10011","정보",,""
"19:11:48.2397667","DxgKrnl","10011","정보",,""
"19:11:48.2397678","DxgKrnl","10011","정보",,""
"19:11:48.2397686","DxgKrnl","10011","정보",,""
"19:11:48.2397695","DxgKrnl","10011","정보",,""
"19:11:48.2397703","DxgKrnl","10011","정보",,""
"19:11:48.2397713","DxgKrnl","10011","정보",,""
"19:11:48.2397721","DxgKrnl","10011","정보",,""
"19:11:48.2397729","DxgKrnl","10011","정보",,""
"19:11:48.2397737","DxgKrnl","10011","정보",,""
"19:11:48.2397745","DxgKrnl","10011","정보",,""
"19:11:48.2397754","DxgKrnl","10011","정보",,""
"19:11:48.2397781","DxgKrnl","10011","정보",,""
"19:11:48.2397805","DxgKrnl","10011","정보",,""
"19:11:48.2404044","DxgKrnl","10011","정보",,""
"19:11:48.2405706","DxgKrnl","10011","정보",,""
"19:11:48.2430386","DxgKrnl","10011","정보",,""
"19:11:48.2430924","DxgKrnl","10011","정보",,""
"19:15:24.0169035","DxgKrnl","10011","정보",,""
"19:15:24.0169127","DxgKrnl","10011","정보",,""
"19:15:24.0169136","DxgKrnl","10011","정보",,""
"19:15:24.0169142","DxgKrnl","10011","정보",,""
"19:15:24.0169149","DxgKrnl","10011","정보",,""
"19:15:24.0169157","DxgKrnl","10011","정보",,""
"19:15:24.0169165","DxgKrnl","10011","정보",,""
"19:15:24.0169171","DxgKrnl","10011","정보",,""
"19:15:24.0169178","DxgKrnl","10011","정보",,""
"19:15:24.0169185","DxgKrnl","10011","정보",,""
"19:15:24.0169191","DxgKrnl","10011","정보",,""
"19:15:24.0358508","DxgKrnl","10011","정보",,""
"19:15:24.0358622","DxgKrnl","10011","정보",,""
"19:15:24.0359646","DxgKrnl","10011","정보",,""
"19:15:24.0359714","DxgKrnl","10011","정보",,""
"19:15:24.0359720","DxgKrnl","10011","정보",,""
"19:15:24.0359725","DxgKrnl","10011","정보",,""
"19:15:24.0359730","DxgKrnl","10011","정보",,""
"19:15:24.0359736","DxgKrnl","10011","정보",,""
"19:15:24.0359740","DxgKrnl","10011","정보",,""
"19:15:24.0359744","DxgKrnl","10011","정보",,""
"19:15:24.0359748","DxgKrnl","10011","정보",,""
"19:15:24.0359752","DxgKrnl","10011","정보",,""
"19:15:24.0359756","DxgKrnl","10011","정보",,""
"19:15:24.0359760","DxgKrnl","10011","정보",,""
"19:15:24.0359764","DxgKrnl","10011","정보",,""
"19:15:24.0359768","DxgKrnl","10011","정보",,""
"19:15:24.0359780","DxgKrnl","10011","정보",,""
"19:15:24.0381109","DxgKrnl","10011","정보",,""
"19:15:24.0381682","DxgKrnl","10011","정보",,""
"19:15:24.0389434","DxgKrnl","10011","정보",,""
"19:15:24.0390009","DxgKrnl","10011","정보",,""
"19:15:24.1165074","DxgKrnl","10011","정보",,""
"19:15:25.9890034","DxgKrnl","10011","정보",,""
"19:15:25.9930471","DxgKrnl","10011","정보",,""
"19:15:25.9931323","DxgKrnl","10011","정보",,""
"19:15:25.9948007","DxgKrnl","10011","정보",,""
"19:15:25.9956536","DxgKrnl","10011","정보",,""
"19:15:25.9963940","DxgKrnl","10011","정보",,""
"19:15:25.9964616","DxgKrnl","10011","정보",,""
"19:15:26.0419915","DxgKrnl","10011","정보",,""
"19:15:26.0522872","DxgKrnl","10011","정보",,""
"19:15:26.0534158","DxgKrnl","10011","정보",,""
"19:15:26.0542537","DxgKrnl","10011","정보",,""
"19:15:26.0543158","DxgKrnl","10011","정보",,""
"19:15:26.0543289","DxgKrnl","10011","정보",,""
"19:15:26.0550285","DxgKrnl","10011","정보",,""
"19:15:26.0551005","DxgKrnl","10011","정보",,""
"19:15:26.2155139","DxgKrnl","10011","정보",,""
"19:15:26.2156132","DxgKrnl","10011","정보",,""
"19:48:12.1527472","DxgKrnl","10011","정보",,""
"19:48:12.1528183","DxgKrnl","10011","정보",,""
"19:48:12.1592205","DxgKrnl","10011","정보",,""
"19:48:12.1592927","DxgKrnl","10011","정보",,""
"19:48:12.1594044","DxgKrnl","10011","정보",,""
"19:48:12.1594139","DxgKrnl","10011","정보",,""
"19:48:12.1594186","DxgKrnl","10011","정보",,""
"19:48:12.1647243","DxgKrnl","10011","정보",,""
"19:48:12.1647893","DxgKrnl","10011","정보",,""
"19:48:12.4624790","DxgKrnl","10011","정보",,""
"19:48:12.4625111","DxgKrnl","10011","정보",,""
"19:48:12.4736897","DxgKrnl","10011","정보",,""
"19:48:12.4738392","DxgKrnl","10011","정보",,""
"19:48:12.4739023","DxgKrnl","10011","정보",,""
"19:48:12.4752443","DxgKrnl","10011","정보",,""
"19:48:12.4753022","DxgKrnl","10011","정보",,""
"19:48:12.4755893","DxgKrnl","10011","정보",,""
"19:48:12.4756531","DxgKrnl","10011","정보",,""
"19:48:12.4756545","DxgKrnl","10011","정보",,""
"19:48:12.4757113","DxgKrnl","10011","정보",,""
"19:48:12.4757136","DxgKrnl","10011","정보",,""
"19:48:12.4757719","DxgKrnl","10011","정보",,""
"19:48:12.4757784","DxgKrnl","10011","정보",,""
"19:48:12.4758350","DxgKrnl","10011","정보",,""
"19:48:12.4781239","DxgKrnl","10011","정보",,""
"19:48:12.4781676","DxgKrnl","10011","정보",,""
"19:48:12.4782425","DxgKrnl","10011","정보",,""
"19:48:12.4782809","DxgKrnl","10011","정보",,""
"19:48:12.4783544","DxgKrnl","10011","정보",,""
"19:48:12.4803180","DxgKrnl","10011","정보",,""
"19:48:12.4804632","DxgKrnl","10011","정보",,""
"19:48:12.4805438","DxgKrnl","10011","정보",,""
"19:48:12.4813473","DxgKrnl","10011","정보",,""
"19:48:12.4814525","DxgKrnl","10011","정보",,""
"19:48:12.4815263","DxgKrnl","10011","정보",,""
"19:48:12.4819384","DxgKrnl","10011","정보",,""
"19:48:12.4820106","DxgKrnl","10011","정보",,""
"19:48:12.4820221","DxgKrnl","10011","정보",,""
"19:48:12.4821056","DxgKrnl","10011","정보",,""
"19:48:12.4821075","DxgKrnl","10011","정보",,""
"19:48:12.4821801","DxgKrnl","10011","정보",,""
"19:48:12.4821827","DxgKrnl","10011","정보",,""
"19:48:12.4822575","DxgKrnl","10011","정보",,""
"19:48:12.4822654","DxgKrnl","10011","정보",,""
"19:48:12.4823344","DxgKrnl","10011","정보",,""
"19:48:12.4830490","DxgKrnl","10011","정보",,""
"19:48:12.4831052","DxgKrnl","10011","정보",,""
"19:48:12.4833154","DxgKrnl","10011","정보",,""
"19:48:12.4833602","DxgKrnl","10011","정보",,""
"19:48:12.4835790","DxgKrnl","10011","정보",,""
"19:48:12.4835874","DxgKrnl","10011","정보",,""
"19:48:12.4835931","DxgKrnl","10011","정보",,""
"19:48:12.4837487","DxgKrnl","10011","정보",,""
"19:48:12.4837564","DxgKrnl","10011","정보",,""
"19:48:12.4862937","DxgKrnl","10011","정보",,""
"19:48:12.4863122","DxgKrnl","10011","정보",,""
"19:48:12.4863962","DxgKrnl","10011","정보",,""
"19:48:12.4864245","DxgKrnl","10011","정보",,""
"19:48:12.4864992","DxgKrnl","10011","정보",,""
"19:48:12.4868733","DxgKrnl","10011","정보",,""
"19:48:12.4876812","DxgKrnl","10011","정보",,""
"19:48:12.4903195","DxgKrnl","10011","정보",,""
"19:48:12.4903761","DxgKrnl","10011","정보",,""
"19:48:12.4904428","DxgKrnl","10011","정보",,""
"19:48:12.4906728","DxgKrnl","10011","정보",,""
"19:48:12.4907618","DxgKrnl","10011","정보",,""
"19:48:12.4910228","DxgKrnl","10011","정보",,""
"19:48:12.4911712","DxgKrnl","10011","정보",,""
"19:48:12.4961713","DxgKrnl","10011","정보",,""
"19:48:12.4962972","DxgKrnl","10011","정보",,""
"19:48:12.4963018","DxgKrnl","10011","정보",,""
"19:48:12.4963805","DxgKrnl","10011","정보",,""
"19:48:12.4964491","DxgKrnl","10011","정보",,""
"19:48:12.4965715","DxgKrnl","10011","정보",,""
"19:48:12.4965876","DxgKrnl","10011","정보",,""
"19:48:12.4980780","DxgKrnl","10011","정보",,""
"19:48:12.4981518","DxgKrnl","10011","정보",,""
"19:48:12.5037647","DxgKrnl","10011","정보",,""
"19:48:12.5038479","DxgKrnl","10011","정보",,""
"19:48:12.5038733","DxgKrnl","10011","정보",,""
"19:48:12.5046391","DxgKrnl","10011","정보",,""
"19:48:12.5046849","DxgKrnl","10011","정보",,""
"19:48:12.5046880","DxgKrnl","10011","정보",,""
"19:48:12.5046952","DxgKrnl","10011","정보",,""
"19:48:12.5047949","DxgKrnl","10011","정보",,""
"19:48:12.5048696","DxgKrnl","10011","정보",,""
"19:48:12.5048728","DxgKrnl","10011","정보",,""
"19:48:12.5049413","DxgKrnl","10011","정보",,""
"19:48:12.5057497","DxgKrnl","10011","정보",,""
"19:48:12.5058606","DxgKrnl","10011","정보",,""
"19:48:12.5058665","DxgKrnl","10011","정보",,""
"19:48:12.5058699","DxgKrnl","10011","정보",,""
"19:48:12.5060881","DxgKrnl","10011","정보",,""
"19:48:12.5060898","DxgKrnl","10011","정보",,""
"19:48:12.5060917","DxgKrnl","10011","정보",,""
"19:48:12.5061743","DxgKrnl","10011","정보",,""
"19:48:12.5062864","DxgKrnl","10011","정보",,""
"19:48:12.5114151","DxgKrnl","10011","정보",,""
"19:48:12.5116943","DxgKrnl","10011","정보",,""
"19:48:12.5117782","DxgKrnl","10011","정보",,""
"19:48:12.5117820","DxgKrnl","10011","정보",,""
"19:48:12.5119328","DxgKrnl","10011","정보",,""
"19:48:12.5119401","DxgKrnl","10011","정보",,""
"19:48:12.5123863","DxgKrnl","10011","정보",,""
"19:48:12.5124380","DxgKrnl","10011","정보",,""
"19:48:12.5125045","DxgKrnl","10011","정보",,""
"19:48:12.5126874","DxgKrnl","10011","정보",,""
"19:48:12.5134198","DxgKrnl","10011","정보",,""
"19:48:12.5137366","DxgKrnl","10011","정보",,""
"19:48:12.5138062","DxgKrnl","10011","정보",,""
"19:48:12.5190646","DxgKrnl","10011","정보",,""
"19:48:12.5197890","DxgKrnl","10011","정보",,""
"19:48:12.5207268","DxgKrnl","10011","정보",,""
"19:48:12.5207971","DxgKrnl","10011","정보",,""
"19:48:12.5218219","DxgKrnl","10011","정보",,""
"19:48:12.5218992","DxgKrnl","10011","정보",,""
"19:48:12.5291216","DxgKrnl","10011","정보",,""
"19:48:12.5307666","DxgKrnl","10011","정보",,""
"19:48:12.5307859","DxgKrnl","10011","정보",,""
"19:48:12.5307950","DxgKrnl","10011","정보",,""
"19:48:12.5307958","DxgKrnl","10011","정보",,""
"19:48:12.5309729","DxgKrnl","10011","정보",,""
"19:48:12.5311234","DxgKrnl","10011","정보",,""
"19:48:12.5354074","DxgKrnl","10011","정보",,""
"19:48:12.5354796","DxgKrnl","10011","정보",,""
"19:48:12.5434241","DxgKrnl","10011","정보",,""
"19:48:12.5434983","DxgKrnl","10011","정보",,""
"19:48:12.5435976","DxgKrnl","10011","정보",,""
"19:48:12.5445091","DxgKrnl","10011","정보",,""
"19:48:12.5445426","DxgKrnl","10011","정보",,""
"19:48:12.5446872","DxgKrnl","10011","정보",,""
"19:48:12.5446910","DxgKrnl","10011","정보",,""
"19:48:12.5481436","DxgKrnl","10011","정보",,""
"19:48:12.5481839","DxgKrnl","10011","정보",,""
"19:48:12.5482533","DxgKrnl","10011","정보",,""
"19:48:12.5482634","DxgKrnl","10011","정보",,""
"19:48:12.5482656","DxgKrnl","10011","정보",,""
"19:48:12.5532201","DxgKrnl","10011","정보",,""
"19:48:12.5532989","DxgKrnl","10011","정보",,""
"19:48:12.5597484","DxgKrnl","10011","정보",,""
"19:48:12.5598134","DxgKrnl","10011","정보",,""
"19:48:12.5598577","DxgKrnl","10011","정보",,""
"19:48:12.5610090","DxgKrnl","10011","정보",,""
"19:48:12.5610617","DxgKrnl","10011","정보",,""
"19:48:12.5611423","DxgKrnl","10011","정보",,""
"19:48:12.5611982","DxgKrnl","10011","정보",,""
"19:48:12.5612002","DxgKrnl","10011","정보",,""
"19:48:12.5612545","DxgKrnl","10011","정보",,""
"19:48:12.5612569","DxgKrnl","10011","정보",,""
"19:48:12.5613104","DxgKrnl","10011","정보",,""
"19:48:12.5613151","DxgKrnl","10011","정보",,""
"19:48:12.5613687","DxgKrnl","10011","정보",,""
"19:48:12.5631154","DxgKrnl","10011","정보",,""
"19:48:12.5631161","DxgKrnl","10011","정보",,""
"19:48:12.5631234","DxgKrnl","10011","정보",,""
"19:48:12.5656051","DxgKrnl","10011","정보",,""
"19:48:12.5669843","DxgKrnl","10011","정보",,""
"19:48:12.5670039","DxgKrnl","10011","정보",,""
"19:48:12.5670100","DxgKrnl","10011","정보",,""
"19:48:12.5670108","DxgKrnl","10011","정보",,""
"19:48:12.5671114","DxgKrnl","10011","정보",,""
"19:48:12.5671502","DxgKrnl","10011","정보",,""
"19:48:12.5671933","DxgKrnl","10011","정보",,""
"19:48:12.5672549","DxgKrnl","10011","정보",,""
"19:48:12.5674277","DxgKrnl","10011","정보",,""
"19:48:12.5675371","DxgKrnl","10011","정보",,""
"19:48:12.5675414","DxgKrnl","10011","정보",,""
"19:48:12.5675465","DxgKrnl","10011","정보",,""
"19:48:12.5675488","DxgKrnl","10011","정보",,""
"19:48:12.5688391","DxgKrnl","10011","정보",,""
"19:48:12.5689154","DxgKrnl","10011","정보",,""
"19:48:12.5798609","DxgKrnl","10011","정보",,""
"19:48:12.5802718","DxgKrnl","10011","정보",,""
"19:48:12.5803474","DxgKrnl","10011","정보",,""
"19:48:12.5839211","DxgKrnl","10011","정보",,""
"19:48:12.5839230","DxgKrnl","10011","정보",,""
"19:48:12.5841432","DxgKrnl","10011","정보",,""
"19:48:12.5841480","DxgKrnl","10011","정보",,""
"19:48:12.5903629","DxgKrnl","10011","정보",,""
"19:48:12.5903801","DxgKrnl","10011","정보",,""
"19:48:12.5905375","DxgKrnl","10011","정보",,""
"19:48:12.5905408","DxgKrnl","10011","정보",,""
"19:48:12.5909487","DxgKrnl","10011","정보",,""
"19:48:12.5910253","DxgKrnl","10011","정보",,""
"19:48:12.5913977","DxgKrnl","10011","정보",,""
"19:48:12.5914979","DxgKrnl","10011","정보",,""
"19:48:12.6042200","DxgKrnl","10011","정보",,""
"19:48:12.6042962","DxgKrnl","10011","정보",,""
"19:48:12.6106687","DxgKrnl","10011","정보",,""
"19:48:12.6107448","DxgKrnl","10011","정보",,""
"19:48:12.6155170","DxgKrnl","10011","정보",,""
"19:48:12.6162391","DxgKrnl","10011","정보",,""
"19:48:12.6220160","Kernel-PnP","220","시작",,"Begin querying bus relations for device PCI\VEN_1002&DEV_7550&SUBSYS_E4891DA2&REV_C0\6&8916a45&0&00000009"
"19:48:12.7257258","DxgKrnl","10011","정보",,""
"19:48:12.7262198","DxgKrnl","10011","정보",,""
"19:48:12.8124938","DxgKrnl","10011","정보",,""
"19:48:12.8125761","Kernel-PnP","222","시작",,"End querying bus relations for device PCI\VEN_1002&DEV_7550&SUBSYS_E4891DA2&REV_C0\6&8916a45&0&00000009"
"19:48:12.8126749","DxgKrnl","10011","정보",,""
"19:48:12.8127588","DxgKrnl","10011","정보",,""
"19:48:12.8128799","Kernel-PnP","1010","시작",,"버스에 누락 된 것으로 보고 된 장치 DISPLAY\SAM79DF\7&16b8ddb4&0&UID256이 (가) 제거 되었습니다. 제거 된 장치 수 | 개수: 1"
"19:48:12.8129267","DxgKrnl","10011","정보",,""
"19:48:12.8130863","DxgKrnl","10011","정보",,""
"19:48:12.8130888","DxgKrnl","10011","정보",,""
"19:48:12.8134847","Kernel-PnP","1010","시작",,"버스에 누락 된 것으로 보고 된 장치 DISPLAY\SAM7B0C\7&16b8ddb4&0&UID260이 (가) 제거 되었습니다. 제거 된 장치 수 | 개수: 1"
"19:48:12.8139769","Kernel-PnP","220","시작",,"Begin querying bus relations for device SWD\DRIVERENUM\AMDCP&7&16b8ddb4&0"
"19:48:12.8139795","Kernel-PnP","222","시작",,"End querying bus relations for device SWD\DRIVERENUM\AMDCP&7&16b8ddb4&0"
"19:48:12.8139916","Kernel-PnP","220","시작",,"Begin querying bus relations for device SWD\DRIVERENUM\AMDFDANS&7&16b8ddb4&0"
"19:48:12.8139926","Kernel-PnP","222","시작",,"End querying bus relations for device SWD\DRIVERENUM\AMDFDANS&7&16b8ddb4&0"
"19:48:12.8139987","Kernel-PnP","220","시작",,"Begin querying bus relations for device SWD\DRIVERENUM\AMDOCL&7&16b8ddb4&0"
"19:48:12.8139996","Kernel-PnP","222","시작",,"End querying bus relations for device SWD\DRIVERENUM\AMDOCL&7&16b8ddb4&0"
"19:48:12.8140053","Kernel-PnP","220","시작",,"Begin querying bus relations for device SWD\DRIVERENUM\AMDOGL&7&16b8ddb4&0"
"19:48:12.8140062","Kernel-PnP","222","시작",,"End querying bus relations for device SWD\DRIVERENUM\AMDOGL&7&16b8ddb4&0"
"19:48:12.8140118","Kernel-PnP","220","시작",,"Begin querying bus relations for device SWD\DRIVERENUM\AMDVLK&7&16b8ddb4&0"
"19:48:12.8140127","Kernel-PnP","222","시작",,"End querying bus relations for device SWD\DRIVERENUM\AMDVLK&7&16b8ddb4&0"
"19:48:12.8140179","Kernel-PnP","220","시작",,"Begin querying bus relations for device SWD\DRIVERENUM\AMDWIN&7&16b8ddb4&0"
"19:48:12.8140187","Kernel-PnP","222","시작",,"End querying bus relations for device SWD\DRIVERENUM\AMDWIN&7&16b8ddb4&0"
"19:48:12.8140241","Kernel-PnP","220","시작",,"Begin querying bus relations for device DISPLAY\BBC0104\7&16b8ddb4&0&UID265"
"19:48:12.8140292","Kernel-PnP","222","시작",,"End querying bus relations for device DISPLAY\BBC0104\7&16b8ddb4&0&UID265"
"19:48:12.8169787","DxgKrnl","10011","정보",,""
"19:48:12.8624558","DxgKrnl","10011","정보",,""
"19:48:12.8850300","DxgKrnl","10011","정보",,""
"19:48:12.8851338","DxgKrnl","10011","정보",,""
"19:48:12.8860052","DxgKrnl","10011","정보",,""
"19:48:12.8866996","DxgKrnl","10011","정보",,""
"19:48:12.8869433","DxgKrnl","10011","정보",,""
"19:48:12.8870625","DxgKrnl","10011","정보",,""
"19:48:12.8871754","DxgKrnl","10011","정보",,""
"19:48:12.8874475","DxgKrnl","10011","정보",,""
"19:48:12.8875317","DxgKrnl","10011","정보",,""
"19:48:12.8878365","DxgKrnl","10011","정보",,""
"19:48:12.8880891","DxgKrnl","10011","정보",,""
"19:48:12.8881743","DxgKrnl","10011","정보",,""
"19:48:12.8889907","DxgKrnl","10011","정보",,""
"19:48:12.8891868","DxgKrnl","10011","정보",,""
"19:48:12.8892552","DxgKrnl","10011","정보",,""
"19:48:12.8900171","DxgKrnl","10011","정보",,""
"19:48:12.8900218","DxgKrnl","10011","정보",,""
"19:48:12.8900933","DxgKrnl","10011","정보",,""
"19:48:12.8901714","DxgKrnl","10011","정보",,""
"19:48:12.8908045","DxgKrnl","10011","정보",,""
"19:48:12.8908828","DxgKrnl","10011","정보",,""
"19:48:12.8922658","DxgKrnl","10011","정보",,""
"19:48:12.8922717","DxgKrnl","10011","정보",,""
"19:48:12.8924346","DxgKrnl","10011","정보",,""
"19:48:12.8924358","DxgKrnl","10011","정보",,""
"19:48:12.8930937","DxgKrnl","10011","정보",,""
"19:48:12.8931730","DxgKrnl","10011","정보",,""
"19:48:12.8931990","DxgKrnl","10011","정보",,""
"19:48:12.8932723","DxgKrnl","10011","정보",,""
"19:48:12.8938742","DxgKrnl","10011","정보",,""
"19:48:12.8946815","DxgKrnl","10011","정보",,""
"19:48:12.8960521","DxgKrnl","10011","정보",,""
"19:48:12.8961294","DxgKrnl","10011","정보",,""
"19:48:12.8964476","DxgKrnl","10011","정보",,""
"19:48:12.8972558","DxgKrnl","10011","정보",,""
"19:48:12.8973427","DxgKrnl","10011","정보",,""
"19:48:12.8974091","DxgKrnl","10011","정보",,""
"19:48:12.8975319","DxgKrnl","10011","정보",,""
"19:48:12.8978714","DxgKrnl","10011","정보",,""
"19:48:12.8998858","DxgKrnl","10011","정보",,""
"19:48:12.8999144","DxgKrnl","10011","정보",,""
"19:48:12.8999767","DxgKrnl","10011","정보",,""
"19:48:12.8999834","DxgKrnl","10011","정보",,""
"19:48:12.8999854","DxgKrnl","10011","정보",,""
"19:48:12.9003725","DxgKrnl","10011","정보",,""
"19:48:12.9004265","DxgKrnl","10011","정보",,""
"19:48:12.9485977","DxgKrnl","10011","정보",,""
"19:48:12.9596735","DxgKrnl","10011","정보",,""
"19:48:12.9597935","DxgKrnl","10011","정보",,""
"19:48:12.9598545","DxgKrnl","10011","정보",,""
"19:48:12.9601363","DxgKrnl","10011","정보",,""
"19:48:12.9601756","DxgKrnl","10011","정보",,""
"19:48:12.9603476","DxgKrnl","10011","정보",,""
"19:48:12.9603925","DxgKrnl","10011","정보",,""
"19:48:12.9603942","DxgKrnl","10011","정보",,""
"19:48:12.9604362","DxgKrnl","10011","정보",,""
"19:48:12.9621593","DxgKrnl","10011","정보",,""
"19:48:12.9621797","DxgKrnl","10011","정보",,""
"19:48:12.9622078","DxgKrnl","10011","정보",,""
"19:48:12.9622920","DxgKrnl","10011","정보",,""
"19:48:12.9648974","DxgKrnl","10011","정보",,""
"19:48:12.9649072","DxgKrnl","10011","정보",,""
"19:48:12.9650445","DxgKrnl","10011","정보",,""
"19:48:12.9650563","DxgKrnl","10011","정보",,""
"19:48:12.9768142","DxgKrnl","10011","정보",,""
"19:48:12.9769708","DxgKrnl","10011","정보",,""
"19:48:12.9770514","DxgKrnl","10011","정보",,""
"19:48:12.9814801","DxgKrnl","10011","정보",,""
"19:48:12.9815992","DxgKrnl","10011","정보",,""
"19:48:12.9845759","DxgKrnl","10011","정보",,""
"19:48:12.9846341","DxgKrnl","10011","정보",,""
"19:48:12.9871687","DxgKrnl","10011","정보",,""
"19:48:12.9879250","DxgKrnl","10011","정보",,""
"19:48:13.0053386","DxgKrnl","10011","정보",,""
"19:48:13.0054309","DxgKrnl","10011","정보",,""
"19:48:13.0054330","DxgKrnl","10011","정보",,""
"19:48:13.0054759","DxgKrnl","10011","정보",,""
"19:48:13.0061239","DxgKrnl","10011","정보",,""
"19:48:13.0061688","DxgKrnl","10011","정보",,""
"19:48:13.0113131","DxgKrnl","10011","정보",,""
"19:48:13.0113695","DxgKrnl","10011","정보",,""
"19:48:13.0129599","DxgKrnl","10011","정보",,""
"19:48:13.0130327","DxgKrnl","10011","정보",,""
"19:48:13.0145792","DxgKrnl","10011","정보",,""
"19:48:13.0146287","DxgKrnl","10011","정보",,""
"19:48:13.0161168","DxgKrnl","10011","정보",,""
"19:48:13.0161706","DxgKrnl","10011","정보",,""
"19:48:13.0274837","DxgKrnl","10011","정보",,""
"19:48:13.0278602","DxgKrnl","10011","정보",,""
"19:48:13.0279264","DxgKrnl","10011","정보",,""
"19:48:13.0302378","DxgKrnl","10011","정보",,""
"19:48:13.0304173","DxgKrnl","10011","정보",,""
"19:48:13.0586339","DxgKrnl","10011","정보",,""
"19:48:13.0588549","DxgKrnl","10011","정보",,""
"19:48:13.0589785","DxgKrnl","10011","정보",,""
"19:48:13.0590617","DxgKrnl","10011","정보",,""
"19:48:13.0593181","DxgKrnl","10011","정보",,""
"19:48:13.0597545","DxgKrnl","10011","정보",,""
"19:48:13.0624617","DxgKrnl","10011","정보",,""
"19:48:13.0624719","DxgKrnl","10011","정보",,""
"19:48:13.0749860","DxgKrnl","10011","정보",,""
"19:48:13.0751165","DxgKrnl","10011","정보",,""
"19:48:13.0752233","DxgKrnl","10011","정보",,""
"19:48:13.0775074","DxgKrnl","10011","정보",,""
"19:48:13.0775653","DxgKrnl","10011","정보",,""
"19:48:13.0778360","DxgKrnl","10011","정보",,""
"19:48:13.0779046","DxgKrnl","10011","정보",,""
"19:48:13.1410332","DxgKrnl","10011","정보",,""
"19:48:13.1418378","DxgKrnl","10011","정보",,""
"19:48:13.1439245","DxgKrnl","10011","정보",,""
"19:48:13.1439795","DxgKrnl","10011","정보",,""
"19:48:13.1479865","DxgKrnl","10011","정보",,""
"19:48:13.1481045","DxgKrnl","10011","정보",,""
"19:48:13.1481590","DxgKrnl","10011","정보",,""
"19:48:13.1502627","DxgKrnl","10011","정보",,""
"19:48:13.1507194","DxgKrnl","10011","정보",,""
"19:48:13.1507336","DxgKrnl","10011","정보",,""
"19:48:13.1507391","DxgKrnl","10011","정보",,""
"19:48:13.1507399","DxgKrnl","10011","정보",,""
"19:48:13.1513810","DxgKrnl","10011","정보",,""
"19:48:13.1514316","DxgKrnl","10011","정보",,""
"19:48:13.1529641","DxgKrnl","10011","정보",,""
"19:48:13.1530321","DxgKrnl","10011","정보",,""
"19:48:13.1549022","DxgKrnl","10011","정보",,""
"19:48:13.1555585","DxgKrnl","10011","정보",,""
"19:48:13.1684539","DxgKrnl","10011","정보",,""
"19:48:13.1685266","DxgKrnl","10011","정보",,""
"19:48:14.5735153","DxgKrnl","10011","정보",,""
"19:48:14.5764408","DxgKrnl","10011","정보",,""
"19:48:14.6771965","Kernel-PnP","220","시작",,"Begin querying bus relations for device PCI\VEN_1002&DEV_7550&SUBSYS_E4891DA2&REV_C0\6&8916a45&0&00000009"
"19:48:14.6773548","DxgKrnl","10011","정보",,""
"19:48:14.6773555","DxgKrnl","10011","정보",,""
"19:48:14.6774758","DxgKrnl","10011","정보",,""
"19:48:14.6775285","DxgKrnl","10011","정보",,""
"19:48:14.6782768","DxgKrnl","10011","정보",,""
"19:48:14.6783280","DxgKrnl","10011","정보",,""
"19:48:14.6786923","DxgKrnl","10011","정보",,""
"19:48:14.6787439","DxgKrnl","10011","정보",,""
"19:48:14.6794026","DxgKrnl","10011","정보",,""
"19:48:14.6794534","DxgKrnl","10011","정보",,""
"19:48:14.6801781","DxgKrnl","10011","정보",,""
"19:48:14.6802062","DxgKrnl","10011","정보",,""
"19:48:14.6802567","DxgKrnl","10011","정보",,""
"19:48:14.6802600","DxgKrnl","10011","정보",,""
"19:48:14.6802620","DxgKrnl","10011","정보",,""
"19:48:14.6827651","DxgKrnl","10011","정보",,""
"19:48:14.6828295","DxgKrnl","10011","정보",,""
"19:48:14.6831185","Kernel-PnP","222","시작",,"End querying bus relations for device PCI\VEN_1002&DEV_7550&SUBSYS_E4891DA2&REV_C0\6&8916a45&0&00000009"
"19:48:14.6831908","Kernel-PnP","220","시작",,"Begin querying bus relations for device SWD\DRIVERENUM\AMDCP&7&16b8ddb4&0"
"19:48:14.6831922","Kernel-PnP","222","시작",,"End querying bus relations for device SWD\DRIVERENUM\AMDCP&7&16b8ddb4&0"
"19:48:14.6831982","Kernel-PnP","220","시작",,"Begin querying bus relations for device SWD\DRIVERENUM\AMDFDANS&7&16b8ddb4&0"
"19:48:14.6831991","Kernel-PnP","222","시작",,"End querying bus relations for device SWD\DRIVERENUM\AMDFDANS&7&16b8ddb4&0"
"19:48:14.6832051","Kernel-PnP","220","시작",,"Begin querying bus relations for device SWD\DRIVERENUM\AMDOCL&7&16b8ddb4&0"
"19:48:14.6832061","Kernel-PnP","222","시작",,"End querying bus relations for device SWD\DRIVERENUM\AMDOCL&7&16b8ddb4&0"
"19:48:14.6832121","Kernel-PnP","220","시작",,"Begin querying bus relations for device SWD\DRIVERENUM\AMDOGL&7&16b8ddb4&0"
"19:48:14.6832130","Kernel-PnP","222","시작",,"End querying bus relations for device SWD\DRIVERENUM\AMDOGL&7&16b8ddb4&0"
"19:48:14.6832226","Kernel-PnP","220","시작",,"Begin querying bus relations for device SWD\DRIVERENUM\AMDVLK&7&16b8ddb4&0"
"19:48:14.6832233","Kernel-PnP","222","시작",,"End querying bus relations for device SWD\DRIVERENUM\AMDVLK&7&16b8ddb4&0"
"19:48:14.6832282","Kernel-PnP","220","시작",,"Begin querying bus relations for device SWD\DRIVERENUM\AMDWIN&7&16b8ddb4&0"
"19:48:14.6832287","Kernel-PnP","222","시작",,"End querying bus relations for device SWD\DRIVERENUM\AMDWIN&7&16b8ddb4&0"
"19:48:14.6832331","Kernel-PnP","220","시작",,"Begin querying bus relations for device DISPLAY\BBC0104\7&16b8ddb4&0&UID265"
"19:48:14.6832379","Kernel-PnP","222","시작",,"End querying bus relations for device DISPLAY\BBC0104\7&16b8ddb4&0&UID265"
"19:48:14.9148829","DxgKrnl","10011","정보",,""
"19:48:14.9152404","Kernel-PnP","808","시작",,"End device add, status (STATUS_SUCCESS)"
"19:48:14.9155388","Kernel-PnP","220","시작",,"Begin querying bus relations for device DISPLAY\SAM79DF\7&16b8ddb4&0&UID256"
"19:48:14.9155418","Kernel-PnP","222","시작",,"End querying bus relations for device DISPLAY\SAM79DF\7&16b8ddb4&0&UID256"
"19:48:14.9159722","DxgKrnl","10011","정보",,""
"19:48:14.9240689","DxgKrnl","10011","정보",,""
"19:48:14.9241203","DxgKrnl","10011","정보",,""
"19:48:14.9241708","DxgKrnl","10011","정보",,""
"19:48:14.9248443","DxgKrnl","10011","정보",,""
"19:48:14.9248754","DxgKrnl","10011","정보",,""
"19:48:14.9249354","DxgKrnl","10011","정보",,""
"19:48:14.9249725","DxgKrnl","10011","정보",,""
"19:48:14.9249741","DxgKrnl","10011","정보",,""
"19:48:14.9250056","DxgKrnl","10011","정보",,""
"19:48:14.9273104","DxgKrnl","10011","정보",,""
"19:48:14.9273152","DxgKrnl","10011","정보",,""
"19:48:14.9274316","DxgKrnl","10011","정보",,""
"19:48:14.9274925","DxgKrnl","10011","정보",,""
"19:48:14.9300007","DxgKrnl","10011","정보",,""
"19:48:14.9300263","DxgKrnl","10011","정보",,""
"19:48:14.9300880","DxgKrnl","10011","정보",,""
"19:48:14.9337701","DxgKrnl","10011","정보",,""
"19:48:14.9338235","DxgKrnl","10011","정보",,""
"19:48:14.9349299","DxgKrnl","10011","정보",,""
"19:48:14.9349684","DxgKrnl","10011","정보",,""
"19:48:14.9379254","DxgKrnl","10011","정보",,""
"19:48:14.9379866","DxgKrnl","10011","정보",,""
"19:48:14.9380306","DxgKrnl","10011","정보",,""
"19:48:14.9384504","DxgKrnl","10011","정보",,""
"19:48:14.9385803","DxgKrnl","10011","정보",,""
"19:48:14.9386218","DxgKrnl","10011","정보",,""
"19:48:14.9390089","DxgKrnl","10011","정보",,""
"19:48:14.9390636","DxgKrnl","10011","정보",,""
"19:48:14.9390858","DxgKrnl","10011","정보",,""
"19:48:14.9391513","DxgKrnl","10011","정보",,""
"19:48:14.9391550","DxgKrnl","10011","정보",,""
"19:48:14.9402298","DxgKrnl","10011","정보",,""
"19:48:14.9402725","DxgKrnl","10011","정보",,""
"19:48:14.9414103","DxgKrnl","10011","정보",,""
"19:48:14.9414675","DxgKrnl","10011","정보",,""
"19:48:14.9435850","DxgKrnl","10011","정보",,""
"19:48:14.9439462","DxgKrnl","10011","정보",,""
"19:48:14.9439582","DxgKrnl","10011","정보",,""
"19:48:14.9439639","DxgKrnl","10011","정보",,""
"19:48:14.9439647","DxgKrnl","10011","정보",,""
"19:48:14.9441158","DxgKrnl","10011","정보",,""
"19:48:14.9441811","DxgKrnl","10011","정보",,""
"19:48:14.9450172","DxgKrnl","10011","정보",,""
"19:48:14.9458016","DxgKrnl","10011","정보",,""
"19:48:14.9459446","DxgKrnl","10011","정보",,""
"19:48:14.9460509","DxgKrnl","10011","정보",,""
"19:48:14.9497817","DxgKrnl","10011","정보",,""
"19:48:14.9498106","DxgKrnl","10011","정보",,""
"19:48:14.9498545","DxgKrnl","10011","정보",,""
"19:48:14.9498580","DxgKrnl","10011","정보",,""
"19:48:14.9498601","DxgKrnl","10011","정보",,""
"19:48:14.9501877","DxgKrnl","10011","정보",,""
"19:48:14.9502217","DxgKrnl","10011","정보",,""
"19:48:14.9518922","DxgKrnl","10011","정보",,""
"19:48:14.9519754","DxgKrnl","10011","정보",,""
"19:48:14.9520234","DxgKrnl","10011","정보",,""
"19:48:14.9521815","DxgKrnl","10011","정보",,""
"19:48:14.9521815","DxgKrnl","10011","정보",,""
"19:48:14.9521817","DxgKrnl","10011","정보",,""
"19:48:14.9521844","DxgKrnl","10011","정보",,""
"19:48:14.9521854","DxgKrnl","10011","정보",,""
"19:48:14.9521922","DxgKrnl","10011","정보",,""
"19:48:14.9522053","DxgKrnl","10011","정보",,""
"19:48:14.9522107","DxgKrnl","10011","정보",,""
"19:48:14.9526170","DxgKrnl","10011","정보",,""
"19:48:14.9526179","DxgKrnl","10011","정보",,""
"19:48:14.9526253","DxgKrnl","10011","정보",,""
"19:48:14.9526367","DxgKrnl","10011","정보",,""
"19:48:14.9526370","DxgKrnl","10011","정보",,""
"19:48:14.9526485","DxgKrnl","10011","정보",,""
"19:48:14.9529793","DxgKrnl","10011","정보",,""
"19:48:14.9530000","DxgKrnl","10011","정보",,""
"19:48:14.9562530","DxgKrnl","10011","정보",,""
"19:48:14.9563084","DxgKrnl","10011","정보",,""
"19:48:14.9573745","DxgKrnl","10011","정보",,""
"19:48:14.9574138","DxgKrnl","10011","정보",,""
"19:48:14.9576251","DxgKrnl","10011","정보",,""
"19:48:14.9576858","DxgKrnl","10011","정보",,""
"19:48:14.9585919","DxgKrnl","10011","정보",,""
"19:48:14.9599789","DxgKrnl","10011","정보",,""
"19:48:14.9856767","DxgKrnl","10011","정보",,""
"19:48:14.9857183","DxgKrnl","10011","정보",,""
"19:48:15.0165981","DxgKrnl","10011","정보",,""
"19:48:15.0172992","DxgKrnl","10011","정보",,""
"19:48:15.9812822","DxgKrnl","10011","정보",,""
"19:48:15.9865322","DxgKrnl","10011","정보",,""
"19:48:16.2151524","Kernel-PnP","220","시작",,"Begin querying bus relations for device PCI\VEN_1002&DEV_7550&SUBSYS_E4891DA2&REV_C0\6&8916a45&0&00000009"
"19:48:16.2152662","DxgKrnl","10011","정보",,""
"19:48:16.2152686","DxgKrnl","10011","정보",,""
"19:48:16.2154800","DxgKrnl","10011","정보",,""
"19:48:16.2155236","DxgKrnl","10011","정보",,""
"19:48:16.2165739","DxgKrnl","10011","정보",,""
"19:48:16.2166318","DxgKrnl","10011","정보",,""
"19:48:16.2166388","DxgKrnl","10011","정보",,""
"19:48:16.2167533","DxgKrnl","10011","정보",,""
"19:48:16.2190521","DxgKrnl","10011","정보",,""
"19:48:16.2190968","DxgKrnl","10011","정보",,""
"19:48:16.2193183","Kernel-PnP","222","시작",,"End querying bus relations for device PCI\VEN_1002&DEV_7550&SUBSYS_E4891DA2&REV_C0\6&8916a45&0&00000009"
"19:48:16.2193821","Kernel-PnP","220","시작",,"Begin querying bus relations for device SWD\DRIVERENUM\AMDCP&7&16b8ddb4&0"
"19:48:16.2193837","Kernel-PnP","222","시작",,"End querying bus relations for device SWD\DRIVERENUM\AMDCP&7&16b8ddb4&0"
"19:48:16.2193912","Kernel-PnP","220","시작",,"Begin querying bus relations for device SWD\DRIVERENUM\AMDFDANS&7&16b8ddb4&0"
"19:48:16.2193920","Kernel-PnP","222","시작",,"End querying bus relations for device SWD\DRIVERENUM\AMDFDANS&7&16b8ddb4&0"
"19:48:16.2193967","Kernel-PnP","220","시작",,"Begin querying bus relations for device SWD\DRIVERENUM\AMDOCL&7&16b8ddb4&0"
"19:48:16.2193974","Kernel-PnP","222","시작",,"End querying bus relations for device SWD\DRIVERENUM\AMDOCL&7&16b8ddb4&0"
"19:48:16.2194017","Kernel-PnP","220","시작",,"Begin querying bus relations for device SWD\DRIVERENUM\AMDOGL&7&16b8ddb4&0"
"19:48:16.2194049","Kernel-PnP","222","시작",,"End querying bus relations for device SWD\DRIVERENUM\AMDOGL&7&16b8ddb4&0"
"19:48:16.2194107","Kernel-PnP","220","시작",,"Begin querying bus relations for device SWD\DRIVERENUM\AMDVLK&7&16b8ddb4&0"
"19:48:16.2194116","Kernel-PnP","222","시작",,"End querying bus relations for device SWD\DRIVERENUM\AMDVLK&7&16b8ddb4&0"
"19:48:16.2194167","Kernel-PnP","220","시작",,"Begin querying bus relations for device SWD\DRIVERENUM\AMDWIN&7&16b8ddb4&0"
"19:48:16.2194175","Kernel-PnP","222","시작",,"End querying bus relations for device SWD\DRIVERENUM\AMDWIN&7&16b8ddb4&0"
"19:48:16.2194227","Kernel-PnP","220","시작",,"Begin querying bus relations for device DISPLAY\BBC0104\7&16b8ddb4&0&UID265"
"19:48:16.2194295","Kernel-PnP","222","시작",,"End querying bus relations for device DISPLAY\BBC0104\7&16b8ddb4&0&UID265"
"19:48:16.2194349","Kernel-PnP","220","시작",,"Begin querying bus relations for device DISPLAY\SAM79DF\7&16b8ddb4&0&UID256"
"19:48:16.2194374","Kernel-PnP","222","시작",,"End querying bus relations for device DISPLAY\SAM79DF\7&16b8ddb4&0&UID256"
"19:48:16.2250641","DxgKrnl","10011","정보",,""
"19:48:16.2250876","DxgKrnl","10011","정보",,""
"19:48:16.2251334","DxgKrnl","10011","정보",,""
"19:48:16.2251395","DxgKrnl","10011","정보",,""
"19:48:16.2251424","DxgKrnl","10011","정보",,""
"19:48:16.2306884","DxgKrnl","10011","정보",,""
"19:48:16.2307892","DxgKrnl","10011","정보",,""
"19:48:16.2308823","Kernel-PnP","808","시작",,"End device add, status (STATUS_SUCCESS)"
"19:48:16.2311673","Kernel-PnP","220","시작",,"Begin querying bus relations for device DISPLAY\SAM7B0C\7&16b8ddb4&0&UID260"
"19:48:16.2311700","Kernel-PnP","222","시작",,"End querying bus relations for device DISPLAY\SAM7B0C\7&16b8ddb4&0&UID260"
"19:48:16.2314545","DxgKrnl","10011","정보",,""
"19:48:16.5396953","DxgKrnl","10011","정보",,""
"19:48:16.5397302","DxgKrnl","10011","정보",,""
"19:48:16.5495448","DxgKrnl","10011","정보",,""
"19:48:16.5496281","DxgKrnl","10011","정보",,""
"19:48:16.5502051","DxgKrnl","10011","정보",,""
"19:48:16.5516615","DxgKrnl","10011","정보",,""
"19:48:16.5517162","DxgKrnl","10011","정보",,""
"19:48:16.5519799","DxgKrnl","10011","정보",,""
"19:48:16.5520483","DxgKrnl","10011","정보",,""
"19:48:16.5520509","DxgKrnl","10011","정보",,""
"19:48:16.5521083","DxgKrnl","10011","정보",,""
"19:48:16.5521109","DxgKrnl","10011","정보",,""
"19:48:16.5521639","DxgKrnl","10011","정보",,""
"19:48:16.5521734","DxgKrnl","10011","정보",,""
"19:48:16.5522696","DxgKrnl","10011","정보",,""
"19:48:16.5544399","DxgKrnl","10011","정보",,""
"19:48:16.5544423","DxgKrnl","10011","정보",,""
"19:48:16.5544439","DxgKrnl","10011","정보",,""
"19:48:16.5545518","DxgKrnl","10011","정보",,""
"19:48:16.5547010","DxgKrnl","10011","정보",,""
"19:48:16.5547518","DxgKrnl","10011","정보",,""
"19:48:16.5548380","DxgKrnl","10011","정보",,""
"19:48:16.5549534","DxgKrnl","10011","정보",,""
"19:48:16.5549569","DxgKrnl","10011","정보",,""
"19:48:16.5549574","DxgKrnl","10011","정보",,""
"19:48:16.5552546","DxgKrnl","10011","정보",,""
"19:48:16.5553486","DxgKrnl","10011","정보",,""
"19:48:16.5581990","DxgKrnl","10011","정보",,""
"19:48:16.5582585","DxgKrnl","10011","정보",,""
"19:48:16.5583362","DxgKrnl","10011","정보",,""
"19:48:16.5617571","DxgKrnl","10011","정보",,""
"19:48:16.5618490","DxgKrnl","10011","정보",,""
"19:48:16.5634254","DxgKrnl","10011","정보",,""
"19:48:16.5634924","DxgKrnl","10011","정보",,""
"19:48:16.5634940","DxgKrnl","10011","정보",,""
"19:48:16.5635484","DxgKrnl","10011","정보",,""
"19:48:16.5635504","DxgKrnl","10011","정보",,""
"19:48:16.5636085","DxgKrnl","10011","정보",,""
"19:48:16.5636195","DxgKrnl","10011","정보",,""
"19:48:16.5636729","DxgKrnl","10011","정보",,""
"19:48:16.5641394","DxgKrnl","10011","정보",,""
"19:48:16.5641913","DxgKrnl","10011","정보",,""
"19:48:16.5667590","DxgKrnl","10011","정보",,""
"19:48:16.5668257","DxgKrnl","10011","정보",,""
"19:48:16.5692745","DxgKrnl","10011","정보",,""
"19:48:16.5693434","DxgKrnl","10011","정보",,""
"19:48:16.5741714","DxgKrnl","10011","정보",,""
"19:48:16.5742201","DxgKrnl","10011","정보",,""
"19:48:16.5742978","DxgKrnl","10011","정보",,""
"19:48:16.5743413","DxgKrnl","10011","정보",,""
"19:48:16.5746139","DxgKrnl","10011","정보",,""
"19:48:16.5747425","DxgKrnl","10011","정보",,""
"19:48:16.5749451","DxgKrnl","10011","정보",,""
"19:48:16.5750040","DxgKrnl","10011","정보",,""
"19:48:16.5750816","DxgKrnl","10011","정보",,""
"19:48:16.5779682","DxgKrnl","10011","정보",,""
"19:48:16.5798987","DxgKrnl","10011","정보",,""
"19:48:16.5814986","DxgKrnl","10011","정보",,""
"19:48:16.5815156","DxgKrnl","10011","정보",,""
"19:48:16.5815231","DxgKrnl","10011","정보",,""
"19:48:16.5815238","DxgKrnl","10011","정보",,""
"19:48:16.5816265","DxgKrnl","10011","정보",,""
"19:48:16.5817718","DxgKrnl","10011","정보",,""
"19:48:16.5817792","DxgKrnl","10011","정보",,""
"19:48:16.5835842","DxgKrnl","10011","정보",,""
"19:48:16.5836609","DxgKrnl","10011","정보",,""
"19:48:16.5869907","DxgKrnl","10011","정보",,""
"19:48:16.5870540","DxgKrnl","10011","정보",,""
"19:48:16.5871503","DxgKrnl","10011","정보",,""
"19:48:16.5871615","DxgKrnl","10011","정보",,""
"19:48:16.5871644","DxgKrnl","10011","정보",,""
"19:48:16.5910851","DxgKrnl","10011","정보",,""
"19:48:16.5911583","DxgKrnl","10011","정보",,""
"19:48:16.5937799","DxgKrnl","10011","정보",,""
"19:48:16.5938454","DxgKrnl","10011","정보",,""
"19:48:16.5938961","DxgKrnl","10011","정보",,""
"19:48:16.5941082","DxgKrnl","10011","정보",,""
"19:48:16.5941130","DxgKrnl","10011","정보",,""
"19:48:16.5941147","DxgKrnl","10011","정보",,""
"19:48:16.5941191","DxgKrnl","10011","정보",,""
"19:48:16.5941251","DxgKrnl","10011","정보",,""
"19:48:16.5945004","DxgKrnl","10011","정보",,""
"19:48:16.5945016","DxgKrnl","10011","정보",,""
"19:48:16.5945144","DxgKrnl","10011","정보",,""
"19:48:16.5945230","DxgKrnl","10011","정보",,""
"19:48:16.5947288","DxgKrnl","10011","정보",,""
"19:48:16.5948835","DxgKrnl","10011","정보",,""
"19:48:16.5948848","DxgKrnl","10011","정보",,""
"19:48:16.5993823","DxgKrnl","10011","정보",,""
"19:48:16.5994618","DxgKrnl","10011","정보",,""
"19:48:16.6056218","DxgKrnl","10011","정보",,""
"19:48:16.6057000","DxgKrnl","10011","정보",,""
"19:48:16.6057866","DxgKrnl","10011","정보",,""
"19:48:16.6062222","DxgKrnl","10011","정보",,""
"19:48:16.6062834","DxgKrnl","10011","정보",,""
"19:48:16.6065976","DxgKrnl","10011","정보",,""
"19:48:16.6066643","DxgKrnl","10011","정보",,""
"19:48:16.6130378","DxgKrnl","10011","정보",,""
"19:48:16.6131205","DxgKrnl","10011","정보",,""
"19:48:16.6215699","DxgKrnl","10011","정보",,""
"19:48:16.6228819","DxgKrnl","10011","정보",,""
"19:48:16.6229007","DxgKrnl","10011","정보",,""
"19:48:16.6229079","DxgKrnl","10011","정보",,""
"19:48:16.6229088","DxgKrnl","10011","정보",,""
"19:48:16.6235651","DxgKrnl","10011","정보",,""
"19:48:16.6237120","DxgKrnl","10011","정보",,""
"19:48:16.6253807","DxgKrnl","10011","정보",,""
"19:48:16.6254462","DxgKrnl","10011","정보",,""
"19:48:16.6413197","DxgKrnl","10011","정보",,""
"19:48:16.6413909","DxgKrnl","10011","정보",,""
"19:48:16.6466902","DxgKrnl","10011","정보",,""
"19:48:16.6469852","DxgKrnl","10011","정보",,""
"19:48:16.6896009","DxgKrnl","10011","정보",,""
"19:48:16.6906546","DxgKrnl","10011","정보",,""
"19:48:16.7105475","DxgKrnl","10011","정보",,""
"19:48:16.7106242","DxgKrnl","10011","정보",,""
"19:48:16.9387643","DxgKrnl","10011","정보",,""
"19:48:16.9388569","DxgKrnl","10011","정보",,""
"19:48:16.9444150","DxgKrnl","10011","정보",,""
"19:48:16.9444415","DxgKrnl","10011","정보",,""
"19:48:16.9445223","DxgKrnl","10011","정보",,""
"19:48:16.9445282","DxgKrnl","10011","정보",,""
"19:48:16.9445303","DxgKrnl","10011","정보",,""
"19:48:16.9491148","DxgKrnl","10011","정보",,""
"19:48:16.9491901","DxgKrnl","10011","정보",,""
"19:48:16.9560958","DxgKrnl","10011","정보",,""
"19:48:16.9561595","DxgKrnl","10011","정보",,""
"19:48:16.9562106","DxgKrnl","10011","정보",,""
"19:48:16.9573252","DxgKrnl","10011","정보",,""
"19:48:16.9573758","DxgKrnl","10011","정보",,""
"19:48:16.9574503","DxgKrnl","10011","정보",,""
"19:48:16.9575057","DxgKrnl","10011","정보",,""
"19:48:16.9575071","DxgKrnl","10011","정보",,""
"19:48:16.9575604","DxgKrnl","10011","정보",,""
"19:48:16.9575627","DxgKrnl","10011","정보",,""
"19:48:16.9576166","DxgKrnl","10011","정보",,""
"19:48:16.9576222","DxgKrnl","10011","정보",,""
"19:48:16.9576996","DxgKrnl","10011","정보",,""
"19:48:16.9597742","DxgKrnl","10011","정보",,""
"19:48:16.9597765","DxgKrnl","10011","정보",,""
"19:48:16.9598031","DxgKrnl","10011","정보",,""
"19:48:16.9598189","DxgKrnl","10011","정보",,""
"19:48:16.9599478","DxgKrnl","10011","정보",,""
"19:48:16.9601570","DxgKrnl","10011","정보",,""
"19:48:16.9601612","DxgKrnl","10011","정보",,""
"19:48:16.9601728","DxgKrnl","10011","정보",,""
"19:48:16.9609871","DxgKrnl","10011","정보",,""
"19:48:16.9620622","DxgKrnl","10011","정보",,""
"19:48:16.9621220","DxgKrnl","10011","정보",,""
"19:48:16.9623869","DxgKrnl","10011","정보",,""
"19:48:16.9623910","DxgKrnl","10011","정보",,""
"19:48:16.9623920","DxgKrnl","10011","정보",,""
"19:48:16.9626264","DxgKrnl","10011","정보",,""
"19:48:16.9628539","DxgKrnl","10011","정보",,""
"19:48:16.9628582","DxgKrnl","10011","정보",,""
"19:48:16.9628610","DxgKrnl","10011","정보",,""
"19:48:16.9628668","DxgKrnl","10011","정보",,""
"19:48:16.9656573","DxgKrnl","10011","정보",,""
"19:48:16.9662322","DxgKrnl","10011","정보",,""
"19:48:16.9685072","DxgKrnl","10011","정보",,""
"19:48:16.9685839","DxgKrnl","10011","정보",,""
"19:48:16.9755724","DxgKrnl","10011","정보",,""
"19:48:16.9756675","DxgKrnl","10011","정보",,""
"19:48:16.9860354","DxgKrnl","10011","정보",,""
"19:48:16.9861153","DxgKrnl","10011","정보",,""
"19:48:17.0039511","DxgKrnl","10011","정보",,""
"19:48:17.0039980","DxgKrnl","10011","정보",,""
"19:48:17.0040959","DxgKrnl","10011","정보",,""
"19:48:17.0041049","DxgKrnl","10011","정보",,""
"19:48:17.0041071","DxgKrnl","10011","정보",,""
"19:48:17.0086801","DxgKrnl","10011","정보",,""
"19:48:17.0087490","DxgKrnl","10011","정보",,""
"19:48:17.0154143","DxgKrnl","10011","정보",,""
"19:48:17.0154939","DxgKrnl","10011","정보",,""
"19:48:17.0155453","DxgKrnl","10011","정보",,""
"19:48:17.0167657","DxgKrnl","10011","정보",,""
"19:48:17.0168190","DxgKrnl","10011","정보",,""
"19:48:17.0168874","DxgKrnl","10011","정보",,""
"19:48:17.0169434","DxgKrnl","10011","정보",,""
"19:48:17.0169449","DxgKrnl","10011","정보",,""
"19:48:17.0169981","DxgKrnl","10011","정보",,""
"19:48:17.0170000","DxgKrnl","10011","정보",,""
"19:48:17.0170527","DxgKrnl","10011","정보",,""
"19:48:17.0170583","DxgKrnl","10011","정보",,""
"19:48:17.0171194","DxgKrnl","10011","정보",,""
"19:48:17.0189623","DxgKrnl","10011","정보",,""
"19:48:17.0189706","DxgKrnl","10011","정보",,""
"19:48:17.0192423","DxgKrnl","10011","정보",,""
"19:48:17.0193076","DxgKrnl","10011","정보",,""
"19:48:17.0204813","DxgKrnl","10011","정보",,""
"19:48:17.0212686","DxgKrnl","10011","정보",,""
"19:48:17.0276201","DxgKrnl","10011","정보",,""
"19:48:17.0276699","DxgKrnl","10011","정보",,""
"19:48:17.0277411","DxgKrnl","10011","정보",,""
"19:48:17.0287892","DxgKrnl","10011","정보",,""
"19:48:17.0290118","DxgKrnl","10011","정보",,""
"19:48:17.0298206","DxgKrnl","10011","정보",,""
"19:48:17.0298929","DxgKrnl","10011","정보",,""
"19:48:17.0349989","DxgKrnl","10011","정보",,""
"19:48:17.0357751","DxgKrnl","10011","정보",,""
"19:48:17.0385815","DxgKrnl","10011","정보",,""
"19:48:17.0386694","DxgKrnl","10011","정보",,""
"19:48:17.0451379","DxgKrnl","10011","정보",,""
"19:48:17.0452029","DxgKrnl","10011","정보",,""
"19:48:17.1685483","DxgKrnl","10011","정보",,""
"19:48:17.1686358","DxgKrnl","10011","정보",,""
"19:48:17.1686373","DxgKrnl","10011","정보",,""
"19:48:17.1686939","DxgKrnl","10011","정보",,""
"19:48:17.1686958","DxgKrnl","10011","정보",,""
"19:48:17.1687488","DxgKrnl","10011","정보",,""
"19:48:17.1687536","DxgKrnl","10011","정보",,""
"19:48:17.1688065","DxgKrnl","10011","정보",,""
"20:03:16.1790002","DxgKrnl","10011","정보",,""
"20:03:16.1790159","DxgKrnl","10011","정보",,""
"20:03:16.1790172","DxgKrnl","10011","정보",,""
"20:03:16.1790182","DxgKrnl","10011","정보",,""
"20:03:16.1790192","DxgKrnl","10011","정보",,""
"20:03:16.1790201","DxgKrnl","10011","정보",,""
"20:03:16.1790212","DxgKrnl","10011","정보",,""
"20:03:16.1790243","DxgKrnl","10011","정보",,""
"20:03:16.1790267","DxgKrnl","10011","정보",,""
"20:03:16.1790277","DxgKrnl","10011","정보",,""
"20:03:16.1790287","DxgKrnl","10011","정보",,""
"20:03:16.3707849","DxgKrnl","10011","정보",,""
"20:03:16.3708339","DxgKrnl","10011","정보",,""
"20:03:16.3708456","DxgKrnl","10011","정보",,""
"20:03:16.3821039","DxgKrnl","10011","정보",,""
"20:03:16.3821079","DxgKrnl","10011","정보",,""
"20:03:16.3821088","DxgKrnl","10011","정보",,""
"20:03:16.3821094","DxgKrnl","10011","정보",,""
"20:03:16.3821101","DxgKrnl","10011","정보",,""
"20:03:16.3821106","DxgKrnl","10011","정보",,""
"20:03:16.3821111","DxgKrnl","10011","정보",,""
"20:03:16.3821118","DxgKrnl","10011","정보",,""
"20:03:16.3821124","DxgKrnl","10011","정보",,""
"20:03:16.3821129","DxgKrnl","10011","정보",,""
"20:03:16.3821133","DxgKrnl","10011","정보",,""
"20:03:16.3821138","DxgKrnl","10011","정보",,""
"20:03:16.3821144","DxgKrnl","10011","정보",,""
"20:03:16.3821150","DxgKrnl","10011","정보",,""
"20:03:16.3821164","DxgKrnl","10011","정보",,""
"20:03:16.3843571","DxgKrnl","10011","정보",,""
"20:03:16.3844357","DxgKrnl","10011","정보",,""
"20:03:16.3861559","DxgKrnl","10011","정보",,""
"20:03:16.3862311","DxgKrnl","10011","정보",,""
"20:03:17.5845577","DxgKrnl","10011","정보",,""
"20:03:17.5857460","DxgKrnl","10011","정보",,""
"20:03:47.4979760","Kernel-PnP","220","시작",,"Begin querying bus relations for device PCI\VEN_1002&DEV_7550&SUBSYS_E4891DA2&REV_C0\6&8916a45&0&00000009"
"20:03:47.4981662","DxgKrnl","10011","정보",,""
"20:03:47.4982282","DxgKrnl","10011","정보",,""
"20:03:47.5839191","Kernel-PnP","222","시작",,"End querying bus relations for device PCI\VEN_1002&DEV_7550&SUBSYS_E4891DA2&REV_C0\6&8916a45&0&00000009"
"20:03:47.5841409","DxgKrnl","10011","정보",,""
"20:03:47.5841510","DxgKrnl","10011","정보",,""
"20:03:47.5842525","Kernel-PnP","1010","시작",,"버스에 누락 된 것으로 보고 된 장치 DISPLAY\SAM79DF\7&16b8ddb4&0&UID256이 (가) 제거 되었습니다. 제거 된 장치 수 | 개수: 1"
"20:03:47.5843219","DxgKrnl","10011","정보",,""
"20:03:47.5844047","DxgKrnl","10011","정보",,""
"20:03:47.5848567","DxgKrnl","10011","정보",,""
"20:03:47.5849465","DxgKrnl","10011","정보",,""
"20:03:47.5849472","Kernel-PnP","220","시작",,"Begin querying bus relations for device SWD\DRIVERENUM\AMDCP&7&16b8ddb4&0"
"20:03:47.5849495","Kernel-PnP","222","시작",,"End querying bus relations for device SWD\DRIVERENUM\AMDCP&7&16b8ddb4&0"
"20:03:47.5849728","Kernel-PnP","220","시작",,"Begin querying bus relations for device SWD\DRIVERENUM\AMDFDANS&7&16b8ddb4&0"
"20:03:47.5849736","Kernel-PnP","222","시작",,"End querying bus relations for device SWD\DRIVERENUM\AMDFDANS&7&16b8ddb4&0"
"20:03:47.5849806","Kernel-PnP","220","시작",,"Begin querying bus relations for device SWD\DRIVERENUM\AMDOCL&7&16b8ddb4&0"
"20:03:47.5849815","Kernel-PnP","222","시작",,"End querying bus relations for device SWD\DRIVERENUM\AMDOCL&7&16b8ddb4&0"
"20:03:47.5849870","Kernel-PnP","220","시작",,"Begin querying bus relations for device SWD\DRIVERENUM\AMDOGL&7&16b8ddb4&0"
"20:03:47.5849879","Kernel-PnP","222","시작",,"End querying bus relations for device SWD\DRIVERENUM\AMDOGL&7&16b8ddb4&0"
"20:03:47.5849936","Kernel-PnP","220","시작",,"Begin querying bus relations for device SWD\DRIVERENUM\AMDVLK&7&16b8ddb4&0"
"20:03:47.5849943","Kernel-PnP","222","시작",,"End querying bus relations for device SWD\DRIVERENUM\AMDVLK&7&16b8ddb4&0"
"20:03:47.5850003","Kernel-PnP","220","시작",,"Begin querying bus relations for device SWD\DRIVERENUM\AMDWIN&7&16b8ddb4&0"
"20:03:47.5850013","Kernel-PnP","222","시작",,"End querying bus relations for device SWD\DRIVERENUM\AMDWIN&7&16b8ddb4&0"
"20:03:47.5850067","Kernel-PnP","220","시작",,"Begin querying bus relations for device DISPLAY\BBC0104\7&16b8ddb4&0&UID265"
"20:03:47.5850125","Kernel-PnP","222","시작",,"End querying bus relations for device DISPLAY\BBC0104\7&16b8ddb4&0&UID265"
"20:03:47.5850198","Kernel-PnP","220","시작",,"Begin querying bus relations for device DISPLAY\SAM7B0C\7&16b8ddb4&0&UID260"
"20:03:47.5850227","Kernel-PnP","222","시작",,"End querying bus relations for device DISPLAY\SAM7B0C\7&16b8ddb4&0&UID260"
"20:03:47.5858057","DxgKrnl","10011","정보",,""
"20:03:47.5861094","DxgKrnl","10011","정보",,""
"20:03:47.5866811","Kernel-PnP","808","시작",,"End device add, status (STATUS_SUCCESS)"
"20:03:47.5870881","Kernel-PnP","220","시작",,"Begin querying bus relations for device DISPLAY\SAM79DF\7&16b8ddb4&0&UID256"
"20:03:47.5870915","Kernel-PnP","222","시작",,"End querying bus relations for device DISPLAY\SAM79DF\7&16b8ddb4&0&UID256"
"20:03:47.5874905","DxgKrnl","10011","정보",,""
"20:03:47.5905301","DxgKrnl","10011","정보",,""
"20:03:47.5906126","DxgKrnl","10011","정보",,""
"20:03:47.6009651","DxgKrnl","10011","정보",,""
"20:03:47.6009965","DxgKrnl","10011","정보",,""
"20:03:47.6010740","DxgKrnl","10011","정보",,""
"20:03:47.6010930","DxgKrnl","10011","정보",,""
"20:03:47.6010955","DxgKrnl","10011","정보",,""
"20:03:47.6051508","DxgKrnl","10011","정보",,""
"20:03:47.6052202","DxgKrnl","10011","정보",,""
"20:03:47.6427982","DxgKrnl","10011","정보",,""
"20:03:47.6428683","DxgKrnl","10011","정보",,""
"20:03:47.6429190","DxgKrnl","10011","정보",,""
"20:03:47.6445138","DxgKrnl","10011","정보",,""
"20:03:47.6445683","DxgKrnl","10011","정보",,""
"20:03:47.6446530","DxgKrnl","10011","정보",,""
"20:03:47.6447097","DxgKrnl","10011","정보",,""
"20:03:47.6447111","DxgKrnl","10011","정보",,""
"20:03:47.6447640","DxgKrnl","10011","정보",,""
"20:03:47.6447663","DxgKrnl","10011","정보",,""
"20:03:47.6448221","DxgKrnl","10011","정보",,""
"20:03:47.6448279","DxgKrnl","10011","정보",,""
"20:03:47.6448864","DxgKrnl","10011","정보",,""
"20:03:47.6468350","DxgKrnl","10011","정보",,""
"20:03:47.6468518","DxgKrnl","10011","정보",,""
"20:03:47.6470861","DxgKrnl","10011","정보",,""
"20:03:47.6470883","DxgKrnl","10011","정보",,""
"20:03:47.6471158","DxgKrnl","10011","정보",,""
"20:03:47.6472071","DxgKrnl","10011","정보",,""
"20:03:47.6668088","DxgKrnl","10011","정보",,""
"20:03:47.6668846","DxgKrnl","10011","정보",,""
"20:03:47.6668926","DxgKrnl","10011","정보",,""
"20:03:47.6669472","DxgKrnl","10011","정보",,""
"20:03:47.6669652","DxgKrnl","10011","정보",,""
"20:03:47.6670376","DxgKrnl","10011","정보",,""
"20:03:47.6670469","DxgKrnl","10011","정보",,""
"20:03:47.6670979","DxgKrnl","10011","정보",,""
"20:03:47.6677785","DxgKrnl","10011","정보",,""
"20:03:47.6678341","DxgKrnl","10011","정보",,""
"20:03:47.6704557","DxgKrnl","10011","정보",,""
"20:03:47.6711899","DxgKrnl","10011","정보",,""
"20:03:47.6725835","DxgKrnl","10011","정보",,""
"20:03:47.6728078","DxgKrnl","10011","정보",,""
"20:03:47.6784410","DxgKrnl","10011","정보",,""
"20:03:47.6785110","DxgKrnl","10011","정보",,""
"20:03:47.7712134","DxgKrnl","10011","정보",,""
"20:03:47.7730420","DxgKrnl","10011","정보",,""
"20:03:47.7730848","DxgKrnl","10011","정보",,""
"20:03:47.7731717","DxgKrnl","10011","정보",,""
"20:03:47.7732905","DxgKrnl","10011","정보",,""
"20:03:47.7747410","DxgKrnl","10011","정보",,""
"20:03:47.7751055","DxgKrnl","10011","정보",,""
"20:03:47.7751777","DxgKrnl","10011","정보",,""
"20:03:47.7759581","DxgKrnl","10011","정보",,""
"20:03:47.7760175","DxgKrnl","10011","정보",,""
"20:03:47.7760923","DxgKrnl","10011","정보",,""
"20:03:47.7762774","DxgKrnl","10011","정보",,""
"20:03:47.7763417","DxgKrnl","10011","정보",,""
"20:03:47.8102299","DxgKrnl","10011","정보",,""
"20:03:47.8103738","DxgKrnl","10011","정보",,""
"20:03:47.8109503","DxgKrnl","10011","정보",,""
"20:03:47.8112301","DxgKrnl","10011","정보",,""
"20:03:47.8122206","DxgKrnl","10011","정보",,""
"20:03:47.8125071","DxgKrnl","10011","정보",,""
"20:03:47.8130138","DxgKrnl","10011","정보",,""
"20:03:47.8131353","DxgKrnl","10011","정보",,""
"20:03:47.8131362","DxgKrnl","10011","정보",,""
"20:03:47.8139834","DxgKrnl","10011","정보",,""
"20:03:47.8158876","DxgKrnl","10011","정보",,""
"20:03:47.8159016","DxgKrnl","10011","정보",,""
"20:03:47.8159026","DxgKrnl","10011","정보",,""
"20:03:47.8161798","DxgKrnl","10011","정보",,""
"20:03:47.8163540","DxgKrnl","10011","정보",,""
"20:03:47.8163646","DxgKrnl","10011","정보",,""
"20:03:47.8165980","DxgKrnl","10011","정보",,""
"20:03:47.8165994","DxgKrnl","10011","정보",,""
"20:03:47.8174946","DxgKrnl","10011","정보",,""
"20:03:47.8175934","DxgKrnl","10011","정보",,""
"20:03:47.8273496","DxgKrnl","10011","정보",,""
"20:03:47.8274094","DxgKrnl","10011","정보",,""
"20:03:47.8275113","DxgKrnl","10011","정보",,""
"20:03:47.8276316","DxgKrnl","10011","정보",,""
"20:03:47.8278874","DxgKrnl","10011","정보",,""
"20:03:47.8295153","DxgKrnl","10011","정보",,""
"20:03:47.8308510","DxgKrnl","10011","정보",,""
"20:03:47.8308630","DxgKrnl","10011","정보",,""
"20:03:47.8308639","DxgKrnl","10011","정보",,""
"20:03:47.8314056","DxgKrnl","10011","정보",,""
"20:03:47.8314404","DxgKrnl","10011","정보",,""
"20:03:47.8316641","DxgKrnl","10011","정보",,""
"20:03:47.8316737","DxgKrnl","10011","정보",,""
"20:03:47.8327198","DxgKrnl","10011","정보",,""
"20:03:47.8327917","DxgKrnl","10011","정보",,""
"20:03:47.8678385","DxgKrnl","10011","정보",,""
"20:03:47.8686717","DxgKrnl","10011","정보",,""
"20:03:47.8761519","DxgKrnl","10011","정보",,""
"20:03:47.8762228","DxgKrnl","10011","정보",,""
"20:03:47.8762246","DxgKrnl","10011","정보",,""
"20:03:47.8762804","DxgKrnl","10011","정보",,""
"20:03:47.8762825","DxgKrnl","10011","정보",,""
"20:03:47.8763354","DxgKrnl","10011","정보",,""
"20:03:47.8763527","DxgKrnl","10011","정보",,""
"20:03:47.8764050","DxgKrnl","10011","정보",,""
"20:03:47.8979610","DxgKrnl","10011","정보",,""
"20:03:47.8980274","DxgKrnl","10011","정보",,""
"20:04:41.6037852","Kernel-PnP","220","시작",,"Begin querying bus relations for device PCI\VEN_1002&DEV_7550&SUBSYS_E4891DA2&REV_C0\6&8916a45&0&00000009"
"20:04:41.6424719","DxgKrnl","10011","정보",,""
"20:04:41.6424767","DxgKrnl","10011","정보",,""
"20:04:41.6427819","DxgKrnl","10011","정보",,""
"20:04:41.6427890","DxgKrnl","10011","정보",,""
"20:04:41.6435320","DxgKrnl","10011","정보",,""
"20:04:41.6476749","DxgKrnl","10011","정보",,""
"20:04:41.6481892","Kernel-PnP","222","시작",,"End querying bus relations for device PCI\VEN_1002&DEV_7550&SUBSYS_E4891DA2&REV_C0\6&8916a45&0&00000009"
"20:04:41.6483612","Kernel-PnP","1010","시작",,"버스에 누락 된 것으로 보고 된 장치 DISPLAY\SAM7B0C\7&16b8ddb4&0&UID260이 (가) 제거 되었습니다. 제거 된 장치 수 | 개수: 1"
"20:04:41.6488953","Kernel-PnP","220","시작",,"Begin querying bus relations for device SWD\DRIVERENUM\AMDCP&7&16b8ddb4&0"
"20:04:41.6488987","Kernel-PnP","222","시작",,"End querying bus relations for device SWD\DRIVERENUM\AMDCP&7&16b8ddb4&0"
"20:04:41.6489108","Kernel-PnP","220","시작",,"Begin querying bus relations for device SWD\DRIVERENUM\AMDFDANS&7&16b8ddb4&0"
"20:04:41.6489119","Kernel-PnP","222","시작",,"End querying bus relations for device SWD\DRIVERENUM\AMDFDANS&7&16b8ddb4&0"
"20:04:41.6489196","Kernel-PnP","220","시작",,"Begin querying bus relations for device SWD\DRIVERENUM\AMDOCL&7&16b8ddb4&0"
"20:04:41.6489206","Kernel-PnP","222","시작",,"End querying bus relations for device SWD\DRIVERENUM\AMDOCL&7&16b8ddb4&0"
"20:04:41.6489651","Kernel-PnP","220","시작",,"Begin querying bus relations for device SWD\DRIVERENUM\AMDOGL&7&16b8ddb4&0"
"20:04:41.6489702","Kernel-PnP","222","시작",,"End querying bus relations for device SWD\DRIVERENUM\AMDOGL&7&16b8ddb4&0"
"20:04:41.6489845","Kernel-PnP","220","시작",,"Begin querying bus relations for device SWD\DRIVERENUM\AMDVLK&7&16b8ddb4&0"
"20:04:41.6489864","Kernel-PnP","222","시작",,"End querying bus relations for device SWD\DRIVERENUM\AMDVLK&7&16b8ddb4&0"
"20:04:41.6489950","Kernel-PnP","220","시작",,"Begin querying bus relations for device SWD\DRIVERENUM\AMDWIN&7&16b8ddb4&0"
"20:04:41.6489961","Kernel-PnP","222","시작",,"End querying bus relations for device SWD\DRIVERENUM\AMDWIN&7&16b8ddb4&0"
"20:04:41.6490020","Kernel-PnP","220","시작",,"Begin querying bus relations for device DISPLAY\BBC0104\7&16b8ddb4&0&UID265"
"20:04:41.6490074","Kernel-PnP","222","시작",,"End querying bus relations for device DISPLAY\BBC0104\7&16b8ddb4&0&UID265"
"20:04:41.6490186","Kernel-PnP","220","시작",,"Begin querying bus relations for device DISPLAY\SAM79DF\7&16b8ddb4&0&UID256"
"20:04:41.6490215","Kernel-PnP","222","시작",,"End querying bus relations for device DISPLAY\SAM79DF\7&16b8ddb4&0&UID256"
"20:04:41.6497903","DxgKrnl","10011","정보",,""
"20:04:41.6498612","DxgKrnl","10011","정보",,""
"20:04:41.6551802","DxgKrnl","10011","정보",,""
"20:04:41.6552034","DxgKrnl","10011","정보",,""
"20:04:41.6552707","DxgKrnl","10011","정보",,""
"20:04:41.6552765","DxgKrnl","10011","정보",,""
"20:04:41.6552787","DxgKrnl","10011","정보",,""
"20:04:41.6555818","DxgKrnl","10011","정보",,""
"20:04:41.6556443","DxgKrnl","10011","정보",,""
"20:04:41.6931079","DxgKrnl","10011","정보",,""
"20:04:41.6931649","DxgKrnl","10011","정보",,""
"20:04:41.6932226","DxgKrnl","10011","정보",,""
"20:04:41.6940425","DxgKrnl","10011","정보",,""
"20:04:41.6940776","DxgKrnl","10011","정보",,""
"20:04:41.6942239","DxgKrnl","10011","정보",,""
"20:04:41.6942595","DxgKrnl","10011","정보",,""
"20:04:41.6942612","DxgKrnl","10011","정보",,""
"20:04:41.6942923","DxgKrnl","10011","정보",,""
"20:04:41.6962746","DxgKrnl","10011","정보",,""
"20:04:41.6962802","DxgKrnl","10011","정보",,""
"20:04:41.6962833","DxgKrnl","10011","정보",,""
"20:04:41.6963097","DxgKrnl","10011","정보",,""
"20:04:41.6964716","DxgKrnl","10011","정보",,""
"20:04:41.6964767","DxgKrnl","10011","정보",,""
"20:04:41.6964798","DxgKrnl","10011","정보",,""
"20:04:41.6965959","DxgKrnl","10011","정보",,""
"20:04:41.6992393","DxgKrnl","10011","정보",,""
"20:04:41.6993075","DxgKrnl","10011","정보",,""
"20:04:41.7034927","DxgKrnl","10011","정보",,""
"20:04:41.7035349","DxgKrnl","10011","정보",,""
"20:04:41.7035386","DxgKrnl","10011","정보",,""
"20:04:41.7035711","DxgKrnl","10011","정보",,""
"20:04:41.7041977","DxgKrnl","10011","정보",,""
"20:04:41.7042319","DxgKrnl","10011","정보",,""
"20:04:41.7056854","DxgKrnl","10011","정보",,""
"20:04:41.7064291","DxgKrnl","10011","정보",,""
"20:04:41.7081408","DxgKrnl","10011","정보",,""
"20:04:41.7081846","DxgKrnl","10011","정보",,""
"20:04:41.7098148","DxgKrnl","10011","정보",,""
"20:04:41.7098573","DxgKrnl","10011","정보",,""
"20:04:41.9178574","DxgKrnl","10011","정보",,""
"20:04:41.9181396","DxgKrnl","10011","정보",,""
"20:04:41.9182756","DxgKrnl","10011","정보",,""
"20:04:41.9186171","DxgKrnl","10011","정보",,""
"20:04:41.9189035","DxgKrnl","10011","정보",,""
"20:04:41.9189501","DxgKrnl","10011","정보",,""
"20:04:41.9194315","DxgKrnl","10011","정보",,""
"20:04:41.9194709","DxgKrnl","10011","정보",,""
"20:04:41.9207502","DxgKrnl","10011","정보",,""
"20:04:41.9207972","DxgKrnl","10011","정보",,""
"20:04:41.9208672","DxgKrnl","10011","정보",,""
"20:04:41.9297807","DxgKrnl","10011","정보",,""
"20:04:41.9299664","DxgKrnl","10011","정보",,""
"20:04:41.9365409","DxgKrnl","10011","정보",,""
"20:04:41.9365979","DxgKrnl","10011","정보",,""
"20:04:41.9385967","DxgKrnl","10011","정보",,""
"20:04:41.9386049","DxgKrnl","10011","정보",,""
"20:04:41.9396038","DxgKrnl","10011","정보",,""
"20:04:41.9399952","DxgKrnl","10011","정보",,""
"20:04:41.9400078","DxgKrnl","10011","정보",,""
"20:04:41.9400087","DxgKrnl","10011","정보",,""
"20:04:41.9401421","DxgKrnl","10011","정보",,""
"20:04:41.9401451","DxgKrnl","10011","정보",,""
"20:04:41.9405873","DxgKrnl","10011","정보",,""
"20:04:41.9406928","DxgKrnl","10011","정보",,""
"20:04:41.9409975","DxgKrnl","10011","정보",,""
"20:04:41.9410549","DxgKrnl","10011","정보",,""
"20:04:43.7296218","DxgKrnl","10011","정보",,""
"20:04:43.7303272","DxgKrnl","10011","정보",,""
"20:04:43.7712146","DxgKrnl","10011","정보",,""
"20:04:43.7712694","DxgKrnl","10011","정보",,""
"20:04:44.9223672","DxgKrnl","10011","정보",,""
"20:04:45.1731631","Kernel-PnP","220","시작",,"Begin querying bus relations for device PCI\VEN_1002&DEV_7550&SUBSYS_E4891DA2&REV_C0\6&8916a45&0&00000009"
"20:04:45.1732329","DxgKrnl","10011","정보",,""
"20:04:45.1750547","DxgKrnl","10011","정보",,""
"20:04:45.1751375","DxgKrnl","10011","정보",,""
"20:04:45.1759962","DxgKrnl","10011","정보",,""
"20:04:45.1760390","DxgKrnl","10011","정보",,""
"20:04:45.1765623","DxgKrnl","10011","정보",,""
"20:04:45.1766135","DxgKrnl","10011","정보",,""
"20:04:45.1772345","DxgKrnl","10011","정보",,""
"20:04:45.1774524","DxgKrnl","10011","정보",,""
"20:04:45.1809308","Kernel-PnP","222","시작",,"End querying bus relations for device PCI\VEN_1002&DEV_7550&SUBSYS_E4891DA2&REV_C0\6&8916a45&0&00000009"
"20:04:45.1809832","Kernel-PnP","220","시작",,"Begin querying bus relations for device SWD\DRIVERENUM\AMDCP&7&16b8ddb4&0"
"20:04:45.1809849","Kernel-PnP","222","시작",,"End querying bus relations for device SWD\DRIVERENUM\AMDCP&7&16b8ddb4&0"
"20:04:45.1809904","Kernel-PnP","220","시작",,"Begin querying bus relations for device SWD\DRIVERENUM\AMDFDANS&7&16b8ddb4&0"
"20:04:45.1809912","Kernel-PnP","222","시작",,"End querying bus relations for device SWD\DRIVERENUM\AMDFDANS&7&16b8ddb4&0"
"20:04:45.1810014","Kernel-PnP","220","시작",,"Begin querying bus relations for device SWD\DRIVERENUM\AMDOCL&7&16b8ddb4&0"
"20:04:45.1810022","Kernel-PnP","222","시작",,"End querying bus relations for device SWD\DRIVERENUM\AMDOCL&7&16b8ddb4&0"
"20:04:45.1810079","Kernel-PnP","220","시작",,"Begin querying bus relations for device SWD\DRIVERENUM\AMDOGL&7&16b8ddb4&0"
"20:04:45.1810086","Kernel-PnP","222","시작",,"End querying bus relations for device SWD\DRIVERENUM\AMDOGL&7&16b8ddb4&0"
"20:04:45.1810132","Kernel-PnP","220","시작",,"Begin querying bus relations for device SWD\DRIVERENUM\AMDVLK&7&16b8ddb4&0"
"20:04:45.1810139","Kernel-PnP","222","시작",,"End querying bus relations for device SWD\DRIVERENUM\AMDVLK&7&16b8ddb4&0"
"20:04:45.1810181","Kernel-PnP","220","시작",,"Begin querying bus relations for device SWD\DRIVERENUM\AMDWIN&7&16b8ddb4&0"
"20:04:45.1810186","Kernel-PnP","222","시작",,"End querying bus relations for device SWD\DRIVERENUM\AMDWIN&7&16b8ddb4&0"
"20:04:45.1810228","Kernel-PnP","220","시작",,"Begin querying bus relations for device DISPLAY\BBC0104\7&16b8ddb4&0&UID265"
"20:04:45.1810279","Kernel-PnP","222","시작",,"End querying bus relations for device DISPLAY\BBC0104\7&16b8ddb4&0&UID265"
"20:04:45.1810337","Kernel-PnP","220","시작",,"Begin querying bus relations for device DISPLAY\SAM79DF\7&16b8ddb4&0&UID256"
"20:04:45.1810356","Kernel-PnP","222","시작",,"End querying bus relations for device DISPLAY\SAM79DF\7&16b8ddb4&0&UID256"
"20:04:45.1851434","Kernel-PnP","808","시작",,"End device add, status (STATUS_SUCCESS)"
"20:04:45.1854380","Kernel-PnP","220","시작",,"Begin querying bus relations for device DISPLAY\SAM7B0C\7&16b8ddb4&0&UID260"
"20:04:45.1854406","Kernel-PnP","222","시작",,"End querying bus relations for device DISPLAY\SAM7B0C\7&16b8ddb4&0&UID260"
"20:04:45.1856771","DxgKrnl","10011","정보",,""
"20:04:45.1876536","DxgKrnl","10011","정보",,""
"20:04:45.1876869","DxgKrnl","10011","정보",,""
"20:04:45.1877314","DxgKrnl","10011","정보",,""
"20:04:45.1877396","DxgKrnl","10011","정보",,""
"20:04:45.1877419","DxgKrnl","10011","정보",,""
"20:04:45.1921252","DxgKrnl","10011","정보",,""
"20:04:45.1921744","DxgKrnl","10011","정보",,""
"20:04:45.2112476","DxgKrnl","10011","정보",,""
"20:04:45.2113297","DxgKrnl","10011","정보",,""
"20:04:45.2113807","DxgKrnl","10011","정보",,""
"20:04:45.2127021","DxgKrnl","10011","정보",,""
"20:04:45.2127567","DxgKrnl","10011","정보",,""
"20:04:45.2128960","DxgKrnl","10011","정보",,""
"20:04:45.2129514","DxgKrnl","10011","정보",,""
"20:04:45.2129529","DxgKrnl","10011","정보",,""
"20:04:45.2130085","DxgKrnl","10011","정보",,""
"20:04:45.2130107","DxgKrnl","10011","정보",,""
"20:04:45.2130607","DxgKrnl","10011","정보",,""
"20:04:45.2130662","DxgKrnl","10011","정보",,""
"20:04:45.2131707","DxgKrnl","10011","정보",,""
"20:04:45.2154705","DxgKrnl","10011","정보",,""
"20:04:45.2154799","DxgKrnl","10011","정보",,""
"20:04:45.2154875","DxgKrnl","10011","정보",,""
"20:04:45.2158479","DxgKrnl","10011","정보",,""
"20:04:45.2159160","DxgKrnl","10011","정보",,""
"20:04:45.2159200","DxgKrnl","10011","정보",,""
"20:04:45.2202372","DxgKrnl","10011","정보",,""
"20:04:45.2203010","DxgKrnl","10011","정보",,""
"20:04:45.2320845","DxgKrnl","10011","정보",,""
"20:04:45.2322821","DxgKrnl","10011","정보",,""
"20:04:45.2322959","DxgKrnl","10011","정보",,""
"20:04:45.2323989","DxgKrnl","10011","정보",,""
"20:04:45.2324032","DxgKrnl","10011","정보",,""
"20:04:45.2325135","DxgKrnl","10011","정보",,""
"20:04:45.2325258","DxgKrnl","10011","정보",,""
"20:04:45.2326235","DxgKrnl","10011","정보",,""
"20:04:45.2332384","DxgKrnl","10011","정보",,""
"20:04:45.2332932","DxgKrnl","10011","정보",,""
"20:04:45.2372481","DxgKrnl","10011","정보",,""
"20:04:45.2378403","DxgKrnl","10011","정보",,""
"20:04:45.2393430","DxgKrnl","10011","정보",,""
"20:04:45.2394104","DxgKrnl","10011","정보",,""
"20:04:45.2564300","DxgKrnl","10011","정보",,""
"20:04:45.2564563","DxgKrnl","10011","정보",,""
"20:04:45.2565230","DxgKrnl","10011","정보",,""
"20:04:45.2565273","DxgKrnl","10011","정보",,""
"20:04:45.2565296","DxgKrnl","10011","정보",,""
"20:04:45.2600929","DxgKrnl","10011","정보",,""
"20:04:45.2601562","DxgKrnl","10011","정보",,""
"20:04:45.2627248","DxgKrnl","10011","정보",,""
"20:04:45.2627883","DxgKrnl","10011","정보",,""
"20:04:45.2628180","DxgKrnl","10011","정보",,""
"20:04:45.2629281","DxgKrnl","10011","정보",,""
"20:04:45.2629304","DxgKrnl","10011","정보",,""
"20:04:45.2629448","DxgKrnl","10011","정보",,""
"20:04:45.2629635","DxgKrnl","10011","정보",,""
"20:04:45.2630188","DxgKrnl","10011","정보",,""
"20:04:45.2632974","DxgKrnl","10011","정보",,""
"20:04:45.2633922","DxgKrnl","10011","정보",,""
"20:04:45.2633991","DxgKrnl","10011","정보",,""
"20:04:45.2634029","DxgKrnl","10011","정보",,""
"20:04:45.2634049","DxgKrnl","10011","정보",,""
"20:04:45.2699169","DxgKrnl","10011","정보",,""
"20:04:45.2699904","DxgKrnl","10011","정보",,""
"20:04:45.2760148","DxgKrnl","10011","정보",,""
"20:04:45.2762184","DxgKrnl","10011","정보",,""
"20:04:45.3598296","DxgKrnl","10011","정보",,""
"20:04:45.3608493","DxgKrnl","10011","정보",,""
"20:04:45.3699432","DxgKrnl","10011","정보",,""
"20:04:45.3707618","DxgKrnl","10011","정보",,""
"20:04:45.3718988","DxgKrnl","10011","정보",,""
"20:04:45.3720112","DxgKrnl","10011","정보",,""
"20:04:45.3733709","DxgKrnl","10011","정보",,""
"20:04:45.3734415","DxgKrnl","10011","정보",,""
"20:04:45.3735132","DxgKrnl","10011","정보",,""
"20:04:45.3736175","DxgKrnl","10011","정보",,""
"20:04:45.3736932","DxgKrnl","10011","정보",,""
"20:04:45.3742084","DxgKrnl","10011","정보",,""
"20:04:45.3742860","DxgKrnl","10011","정보",,""
"20:04:45.3760553","DxgKrnl","10011","정보",,""
"20:04:45.3777293","DxgKrnl","10011","정보",,""
"20:04:45.3777414","DxgKrnl","10011","정보",,""
"20:04:45.3777422","DxgKrnl","10011","정보",,""
"20:04:45.3779668","DxgKrnl","10011","정보",,""
"20:04:45.3783273","DxgKrnl","10011","정보",,""
"20:04:45.3794798","DxgKrnl","10011","정보",,""
"20:04:45.3796635","DxgKrnl","10011","정보",,""
"20:04:45.3862142","DxgKrnl","10011","정보",,""
"20:04:45.3864647","DxgKrnl","10011","정보",,""
"20:04:45.3864832","DxgKrnl","10011","정보",,""
"20:04:45.3866315","DxgKrnl","10011","정보",,""
"20:04:45.3866344","DxgKrnl","10011","정보",,""
"20:04:45.3886594","DxgKrnl","10011","정보",,""
"20:04:45.3900012","DxgKrnl","10011","정보",,""
"20:04:45.3900127","DxgKrnl","10011","정보",,""
"20:04:45.3900136","DxgKrnl","10011","정보",,""
"20:04:45.3902337","DxgKrnl","10011","정보",,""
"20:04:45.3902739","DxgKrnl","10011","정보",,""
"20:04:45.3904814","DxgKrnl","10011","정보",,""
"20:04:45.3904840","DxgKrnl","10011","정보",,""
"20:04:45.3916009","DxgKrnl","10011","정보",,""
"20:04:45.3916729","DxgKrnl","10011","정보",,""
"20:04:45.4579610","DxgKrnl","10011","정보",,""
"20:04:45.4587303","DxgKrnl","10011","정보",,""
"20:04:45.4688405","DxgKrnl","10011","정보",,""
"20:04:45.4689126","DxgKrnl","10011","정보",,""
"20:04:45.5145463","DxgKrnl","10011","정보",,""
"20:04:45.5146629","DxgKrnl","10011","정보",,""
"20:04:45.5146667","DxgKrnl","10011","정보",,""
"20:04:45.5147274","DxgKrnl","10011","정보",,""
"20:04:45.5147302","DxgKrnl","10011","정보",,""
"20:04:45.5147878","DxgKrnl","10011","정보",,""
"20:04:45.5148079","DxgKrnl","10011","정보",,""
"20:04:45.5148679","DxgKrnl","10011","정보",,""
"20:05:31.0588750","Kernel-PnP","220","시작",,"Begin querying bus relations for device PCI\VEN_1002&DEV_7550&SUBSYS_E4891DA2&REV_C0\6&8916a45&0&00000009"
"20:05:31.0590083","DxgKrnl","10011","정보",,""
"20:05:31.0953874","DxgKrnl","10011","정보",,""
"20:05:31.0954531","Kernel-PnP","222","시작",,"End querying bus relations for device PCI\VEN_1002&DEV_7550&SUBSYS_E4891DA2&REV_C0\6&8916a45&0&00000009"
"20:05:31.0956344","DxgKrnl","10011","정보",,""
"20:05:31.0956375","DxgKrnl","10011","정보",,""
"20:05:31.0956510","Kernel-PnP","1010","시작",,"버스에 누락 된 것으로 보고 된 장치 DISPLAY\SAM7B0C\7&16b8ddb4&0&UID260이 (가) 제거 되었습니다. 제거 된 장치 수 | 개수: 1"
"20:05:31.0962059","Kernel-PnP","220","시작",,"Begin querying bus relations for device SWD\DRIVERENUM\AMDCP&7&16b8ddb4&0"
"20:05:31.0962093","Kernel-PnP","222","시작",,"End querying bus relations for device SWD\DRIVERENUM\AMDCP&7&16b8ddb4&0"
"20:05:31.0962236","Kernel-PnP","220","시작",,"Begin querying bus relations for device SWD\DRIVERENUM\AMDFDANS&7&16b8ddb4&0"
"20:05:31.0962246","Kernel-PnP","222","시작",,"End querying bus relations for device SWD\DRIVERENUM\AMDFDANS&7&16b8ddb4&0"
"20:05:31.0962317","Kernel-PnP","220","시작",,"Begin querying bus relations for device SWD\DRIVERENUM\AMDOCL&7&16b8ddb4&0"
"20:05:31.0962330","Kernel-PnP","222","시작",,"End querying bus relations for device SWD\DRIVERENUM\AMDOCL&7&16b8ddb4&0"
"20:05:31.0962393","Kernel-PnP","220","시작",,"Begin querying bus relations for device SWD\DRIVERENUM\AMDOGL&7&16b8ddb4&0"
"20:05:31.0962405","Kernel-PnP","222","시작",,"End querying bus relations for device SWD\DRIVERENUM\AMDOGL&7&16b8ddb4&0"
"20:05:31.0962465","Kernel-PnP","220","시작",,"Begin querying bus relations for device SWD\DRIVERENUM\AMDVLK&7&16b8ddb4&0"
"20:05:31.0962474","Kernel-PnP","222","시작",,"End querying bus relations for device SWD\DRIVERENUM\AMDVLK&7&16b8ddb4&0"
"20:05:31.0962551","Kernel-PnP","220","시작",,"Begin querying bus relations for device SWD\DRIVERENUM\AMDWIN&7&16b8ddb4&0"
"20:05:31.0962574","Kernel-PnP","222","시작",,"End querying bus relations for device SWD\DRIVERENUM\AMDWIN&7&16b8ddb4&0"
"20:05:31.0962691","Kernel-PnP","220","시작",,"Begin querying bus relations for device DISPLAY\BBC0104\7&16b8ddb4&0&UID265"
"20:05:31.0962756","Kernel-PnP","222","시작",,"End querying bus relations for device DISPLAY\BBC0104\7&16b8ddb4&0&UID265"
"20:05:31.0962830","Kernel-PnP","220","시작",,"Begin querying bus relations for device DISPLAY\SAM79DF\7&16b8ddb4&0&UID256"
"20:05:31.0962862","Kernel-PnP","222","시작",,"End querying bus relations for device DISPLAY\SAM79DF\7&16b8ddb4&0&UID256"
"20:05:31.0977488","Kernel-PnP","808","시작",,"End device add, status (STATUS_SUCCESS)"
"20:05:31.0979233","DxgKrnl","10011","정보",,""
"20:05:31.0980431","DxgKrnl","10011","정보",,""
"20:05:31.0982794","Kernel-PnP","220","시작",,"Begin querying bus relations for device DISPLAY\Default_Monitor\7&16b8ddb4&0&UID260"
"20:05:31.0982842","Kernel-PnP","222","시작",,"End querying bus relations for device DISPLAY\Default_Monitor\7&16b8ddb4&0&UID260"
"20:05:31.0988061","DxgKrnl","10011","정보",,""
"20:05:31.0995278","DxgKrnl","10011","정보",,""
"20:05:31.0996497","DxgKrnl","10011","정보",,""
"20:05:31.1018600","DxgKrnl","10011","정보",,""
"20:05:31.1019518","DxgKrnl","10011","정보",,""
"20:05:31.1138330","DxgKrnl","10011","정보",,""
"20:05:31.1138643","DxgKrnl","10011","정보",,""
"20:05:31.1139331","DxgKrnl","10011","정보",,""
"20:05:31.1139423","DxgKrnl","10011","정보",,""
"20:05:31.1139446","DxgKrnl","10011","정보",,""
"20:05:31.1163527","DxgKrnl","10011","정보",,""
"20:05:31.1164190","DxgKrnl","10011","정보",,""
"20:05:31.1960458","DxgKrnl","10011","정보",,""
"20:05:31.1961487","DxgKrnl","10011","정보",,""
"20:05:31.1962064","DxgKrnl","10011","정보",,""
"20:05:31.1974993","DxgKrnl","10011","정보",,""
"20:05:31.1975723","DxgKrnl","10011","정보",,""
"20:05:31.1978188","DxgKrnl","10011","정보",,""
"20:05:31.1979172","DxgKrnl","10011","정보",,""
"20:05:31.1979188","DxgKrnl","10011","정보",,""
"20:05:31.1979926","DxgKrnl","10011","정보",,""
"20:05:31.1979944","DxgKrnl","10011","정보",,""
"20:05:31.1980637","DxgKrnl","10011","정보",,""
"20:05:31.1980668","DxgKrnl","10011","정보",,""
"20:05:31.1981365","DxgKrnl","10011","정보",,""
"20:05:31.1981450","DxgKrnl","10011","정보",,""
"20:05:31.1982149","DxgKrnl","10011","정보",,""
"20:05:31.1982181","DxgKrnl","10011","정보",,""
"20:05:31.1982883","DxgKrnl","10011","정보",,""
"20:05:31.2004821","DxgKrnl","10011","정보",,""
"20:05:31.2004907","DxgKrnl","10011","정보",,""
"20:05:31.2005030","DxgKrnl","10011","정보",,""
"20:05:31.2005245","DxgKrnl","10011","정보",,""
"20:05:31.2008563","DxgKrnl","10011","정보",,""
"20:05:31.2008568","DxgKrnl","10011","정보",,""
"20:05:31.2009604","DxgKrnl","10011","정보",,""
"20:05:31.2009663","DxgKrnl","10011","정보",,""
"20:05:31.2045824","DxgKrnl","10011","정보",,""
"20:05:31.2046676","DxgKrnl","10011","정보",,""
"20:05:31.2254479","DxgKrnl","10011","정보",,""
"20:05:31.2255622","DxgKrnl","10011","정보",,""
"20:05:31.2255646","DxgKrnl","10011","정보",,""
"20:05:31.2256338","DxgKrnl","10011","정보",,""
"20:05:31.2256349","DxgKrnl","10011","정보",,""
"20:05:31.2257028","DxgKrnl","10011","정보",,""
"20:05:31.2257051","DxgKrnl","10011","정보",,""
"20:05:31.2257728","DxgKrnl","10011","정보",,""
"20:05:31.2257845","DxgKrnl","10011","정보",,""
"20:05:31.2258630","DxgKrnl","10011","정보",,""
"20:05:31.2258664","DxgKrnl","10011","정보",,""
"20:05:31.2259331","DxgKrnl","10011","정보",,""
"20:05:31.2265485","DxgKrnl","10011","정보",,""
"20:05:31.2266192","DxgKrnl","10011","정보",,""
"20:05:31.2298368","DxgKrnl","10011","정보",,""
"20:05:31.2308681","DxgKrnl","10011","정보",,""
"20:05:31.2329960","DxgKrnl","10011","정보",,""
"20:05:31.2330796","DxgKrnl","10011","정보",,""
"20:05:31.2380890","DxgKrnl","10011","정보",,""
"20:05:31.2381723","DxgKrnl","10011","정보",,""
"20:05:31.2533095","Kernel-PnP","220","시작",,"Begin querying bus relations for device PCI\VEN_1002&DEV_7550&SUBSYS_E4891DA2&REV_C0\6&8916a45&0&00000009"
"20:05:31.3086186","Kernel-PnP","222","시작",,"End querying bus relations for device PCI\VEN_1002&DEV_7550&SUBSYS_E4891DA2&REV_C0\6&8916a45&0&00000009"
"20:05:31.3087766","Kernel-PnP","1010","시작",,"버스에 누락 된 것으로 보고 된 장치 DISPLAY\Default_Monitor\7&16b8ddb4&0&UID260이 (가) 제거 되었습니다. 제거 된 장치 수 | 개수: 1"
"20:05:31.3092602","DxgKrnl","10011","정보",,""
"20:05:31.3092820","DxgKrnl","10011","정보",,""
"20:05:31.3093321","Kernel-PnP","220","시작",,"Begin querying bus relations for device SWD\DRIVERENUM\AMDCP&7&16b8ddb4&0"
"20:05:31.3093346","Kernel-PnP","222","시작",,"End querying bus relations for device SWD\DRIVERENUM\AMDCP&7&16b8ddb4&0"
"20:05:31.3093451","Kernel-PnP","220","시작",,"Begin querying bus relations for device SWD\DRIVERENUM\AMDFDANS&7&16b8ddb4&0"
"20:05:31.3093461","Kernel-PnP","222","시작",,"End querying bus relations for device SWD\DRIVERENUM\AMDFDANS&7&16b8ddb4&0"
"20:05:31.3093518","Kernel-PnP","220","시작",,"Begin querying bus relations for device SWD\DRIVERENUM\AMDOCL&7&16b8ddb4&0"
"20:05:31.3093526","Kernel-PnP","222","시작",,"End querying bus relations for device SWD\DRIVERENUM\AMDOCL&7&16b8ddb4&0"
"20:05:31.3093580","Kernel-PnP","220","시작",,"Begin querying bus relations for device SWD\DRIVERENUM\AMDOGL&7&16b8ddb4&0"
"20:05:31.3093592","Kernel-PnP","222","시작",,"End querying bus relations for device SWD\DRIVERENUM\AMDOGL&7&16b8ddb4&0"
"20:05:31.3093651","Kernel-PnP","220","시작",,"Begin querying bus relations for device SWD\DRIVERENUM\AMDVLK&7&16b8ddb4&0"
"20:05:31.3093660","Kernel-PnP","222","시작",,"End querying bus relations for device SWD\DRIVERENUM\AMDVLK&7&16b8ddb4&0"
"20:05:31.3093719","Kernel-PnP","220","시작",,"Begin querying bus relations for device SWD\DRIVERENUM\AMDWIN&7&16b8ddb4&0"
"20:05:31.3093730","Kernel-PnP","222","시작",,"End querying bus relations for device SWD\DRIVERENUM\AMDWIN&7&16b8ddb4&0"
"20:05:31.3093789","Kernel-PnP","220","시작",,"Begin querying bus relations for device DISPLAY\BBC0104\7&16b8ddb4&0&UID265"
"20:05:31.3093835","Kernel-PnP","222","시작",,"End querying bus relations for device DISPLAY\BBC0104\7&16b8ddb4&0&UID265"
"20:05:31.3093914","Kernel-PnP","220","시작",,"Begin querying bus relations for device DISPLAY\SAM79DF\7&16b8ddb4&0&UID256"
"20:05:31.3093940","Kernel-PnP","222","시작",,"End querying bus relations for device DISPLAY\SAM79DF\7&16b8ddb4&0&UID256"
"20:05:31.3096850","DxgKrnl","10011","정보",,""
"20:05:31.3096978","DxgKrnl","10011","정보",,""
"20:05:31.3105347","DxgKrnl","10011","정보",,""
"20:05:31.3113185","DxgKrnl","10011","정보",,""
"20:05:31.3263381","DxgKrnl","10011","정보",,""
"20:05:31.3264638","DxgKrnl","10011","정보",,""
"20:05:31.3705679","DxgKrnl","10011","정보",,""
"20:05:31.3706786","DxgKrnl","10011","정보",,""
"20:05:31.3768149","DxgKrnl","10011","정보",,""
"20:05:31.3768589","DxgKrnl","10011","정보",,""
"20:05:31.3769593","DxgKrnl","10011","정보",,""
"20:05:31.3769639","DxgKrnl","10011","정보",,""
"20:05:31.3769667","DxgKrnl","10011","정보",,""
"20:05:31.3773165","DxgKrnl","10011","정보",,""
"20:05:31.3774092","DxgKrnl","10011","정보",,""
"20:05:31.3936071","DxgKrnl","10011","정보",,""
"20:05:31.4036688","DxgKrnl","10011","정보",,""
"20:05:31.4037251","DxgKrnl","10011","정보",,""
"20:05:31.4037758","DxgKrnl","10011","정보",,""
"20:05:31.4042327","DxgKrnl","10011","정보",,""
"20:05:31.4042659","DxgKrnl","10011","정보",,""
"20:05:31.4043389","DxgKrnl","10011","정보",,""
"20:05:31.4043938","DxgKrnl","10011","정보",,""
"20:05:31.4043957","DxgKrnl","10011","정보",,""
"20:05:31.4044280","DxgKrnl","10011","정보",,""
"20:05:31.4063698","DxgKrnl","10011","정보",,""
"20:05:31.4064194","DxgKrnl","10011","정보",,""
"20:05:31.4066112","DxgKrnl","10011","정보",,""
"20:05:31.4067357","DxgKrnl","10011","정보",,""
"20:05:31.4117067","DxgKrnl","10011","정보",,""
"20:05:31.4117514","DxgKrnl","10011","정보",,""
"20:05:31.4134202","DxgKrnl","10011","정보",,""
"20:05:31.4134641","DxgKrnl","10011","정보",,""
"20:05:31.4134654","DxgKrnl","10011","정보",,""
"20:05:31.4135059","DxgKrnl","10011","정보",,""
"20:05:31.4141025","DxgKrnl","10011","정보",,""
"20:05:31.4141327","DxgKrnl","10011","정보",,""
"20:05:31.4175931","DxgKrnl","10011","정보",,""
"20:05:31.4182938","DxgKrnl","10011","정보",,""
"20:05:31.4200014","DxgKrnl","10011","정보",,""
"20:05:31.4200505","DxgKrnl","10011","정보",,""
"20:05:31.4216565","DxgKrnl","10011","정보",,""
"20:05:31.4217010","DxgKrnl","10011","정보",,""
"20:05:31.5730319","DxgKrnl","10011","정보",,""
"20:05:31.5787509","DxgKrnl","10011","정보",,""
"20:05:31.5788978","DxgKrnl","10011","정보",,""
"20:05:31.5791589","DxgKrnl","10011","정보",,""
"20:05:31.5792906","DxgKrnl","10011","정보",,""
"20:05:31.5800317","DxgKrnl","10011","정보",,""
"20:05:31.5801013","DxgKrnl","10011","정보",,""
"20:05:31.5801311","DxgKrnl","10011","정보",,""
"20:05:31.5805441","DxgKrnl","10011","정보",,""
"20:05:31.5806012","DxgKrnl","10011","정보",,""
"20:05:31.5808188","DxgKrnl","10011","정보",,""
"20:05:31.5808677","DxgKrnl","10011","정보",,""
"20:05:31.5862607","DxgKrnl","10011","정보",,""
"20:05:31.5863033","DxgKrnl","10011","정보",,""
"20:05:31.5863085","DxgKrnl","10011","정보",,""
"20:05:31.5864355","DxgKrnl","10011","정보",,""
"20:05:31.5864363","DxgKrnl","10011","정보",,""
"20:05:31.5926396","DxgKrnl","10011","정보",,""
"20:05:31.5926535","DxgKrnl","10011","정보",,""
"20:05:31.5926934","DxgKrnl","10011","정보",,""
"20:05:31.5927743","DxgKrnl","10011","정보",,""
"20:05:31.5984202","DxgKrnl","10011","정보",,""
"20:05:31.5985523","DxgKrnl","10011","정보",,""
"20:05:31.6001835","DxgKrnl","10011","정보",,""
"20:05:31.6003026","DxgKrnl","10011","정보",,""
"20:05:31.6019306","DxgKrnl","10011","정보",,""
"20:05:31.6019313","DxgKrnl","10011","정보",,""
"20:05:31.6020538","DxgKrnl","10011","정보",,""
"20:05:31.6020567","DxgKrnl","10011","정보",,""
"20:05:31.6040776","DxgKrnl","10011","정보",,""
"20:05:31.6051244","DxgKrnl","10011","정보",,""
"20:05:31.6055672","DxgKrnl","10011","정보",,""
"20:05:31.6055815","DxgKrnl","10011","정보",,""
"20:05:31.6055822","DxgKrnl","10011","정보",,""
"20:05:31.6056572","DxgKrnl","10011","정보",,""
"20:05:31.6056769","DxgKrnl","10011","정보",,""
"20:05:31.6057357","DxgKrnl","10011","정보",,""
"20:05:31.6068277","DxgKrnl","10011","정보",,""
"20:05:31.6068706","DxgKrnl","10011","정보",,""
"20:05:31.6283143","DxgKrnl","10011","정보",,""
"20:05:31.6289820","DxgKrnl","10011","정보",,""
"20:05:31.6347031","DxgKrnl","10011","정보",,""
"20:05:31.6347485","DxgKrnl","10011","정보",,""
"20:05:34.5685431","DxgKrnl","10011","정보",,""
"20:05:34.8144896","Kernel-PnP","220","시작",,"Begin querying bus relations for device PCI\VEN_1002&DEV_7550&SUBSYS_E4891DA2&REV_C0\6&8916a45&0&00000009"
"20:05:34.8145983","DxgKrnl","10011","정보",,""
"20:05:34.8147410","DxgKrnl","10011","정보",,""
"20:05:34.8147978","DxgKrnl","10011","정보",,""
"20:05:34.8156545","DxgKrnl","10011","정보",,""
"20:05:34.8157112","DxgKrnl","10011","정보",,""
"20:05:34.8164369","DxgKrnl","10011","정보",,""
"20:05:34.8164863","DxgKrnl","10011","정보",,""
"20:05:34.8173170","DxgKrnl","10011","정보",,""
"20:05:34.8173713","DxgKrnl","10011","정보",,""
"20:05:34.8215806","Kernel-PnP","222","시작",,"End querying bus relations for device PCI\VEN_1002&DEV_7550&SUBSYS_E4891DA2&REV_C0\6&8916a45&0&00000009"
"20:05:34.8216350","Kernel-PnP","220","시작",,"Begin querying bus relations for device SWD\DRIVERENUM\AMDCP&7&16b8ddb4&0"
"20:05:34.8216365","Kernel-PnP","222","시작",,"End querying bus relations for device SWD\DRIVERENUM\AMDCP&7&16b8ddb4&0"
"20:05:34.8216414","Kernel-PnP","220","시작",,"Begin querying bus relations for device SWD\DRIVERENUM\AMDFDANS&7&16b8ddb4&0"
"20:05:34.8216422","Kernel-PnP","222","시작",,"End querying bus relations for device SWD\DRIVERENUM\AMDFDANS&7&16b8ddb4&0"
"20:05:34.8216463","Kernel-PnP","220","시작",,"Begin querying bus relations for device SWD\DRIVERENUM\AMDOCL&7&16b8ddb4&0"
"20:05:34.8216469","Kernel-PnP","222","시작",,"End querying bus relations for device SWD\DRIVERENUM\AMDOCL&7&16b8ddb4&0"
"20:05:34.8216515","Kernel-PnP","220","시작",,"Begin querying bus relations for device SWD\DRIVERENUM\AMDOGL&7&16b8ddb4&0"
"20:05:34.8216522","Kernel-PnP","222","시작",,"End querying bus relations for device SWD\DRIVERENUM\AMDOGL&7&16b8ddb4&0"
"20:05:34.8216566","Kernel-PnP","220","시작",,"Begin querying bus relations for device SWD\DRIVERENUM\AMDVLK&7&16b8ddb4&0"
"20:05:34.8216573","Kernel-PnP","222","시작",,"End querying bus relations for device SWD\DRIVERENUM\AMDVLK&7&16b8ddb4&0"
"20:05:34.8216616","Kernel-PnP","220","시작",,"Begin querying bus relations for device SWD\DRIVERENUM\AMDWIN&7&16b8ddb4&0"
"20:05:34.8216623","Kernel-PnP","222","시작",,"End querying bus relations for device SWD\DRIVERENUM\AMDWIN&7&16b8ddb4&0"
"20:05:34.8216666","Kernel-PnP","220","시작",,"Begin querying bus relations for device DISPLAY\BBC0104\7&16b8ddb4&0&UID265"
"20:05:34.8216715","Kernel-PnP","222","시작",,"End querying bus relations for device DISPLAY\BBC0104\7&16b8ddb4&0&UID265"
"20:05:34.8216760","Kernel-PnP","220","시작",,"Begin querying bus relations for device DISPLAY\SAM79DF\7&16b8ddb4&0&UID256"
"20:05:34.8216779","Kernel-PnP","222","시작",,"End querying bus relations for device DISPLAY\SAM79DF\7&16b8ddb4&0&UID256"
"20:05:34.8251843","DxgKrnl","10011","정보",,""
"20:05:34.8252307","DxgKrnl","10011","정보",,""
"20:05:34.8253168","DxgKrnl","10011","정보",,""
"20:05:34.8253236","DxgKrnl","10011","정보",,""
"20:05:34.8253265","DxgKrnl","10011","정보",,""
"20:05:34.8253507","Kernel-PnP","808","시작",,"End device add, status (STATUS_SUCCESS)"
"20:05:34.8292003","DxgKrnl","10011","정보",,""
"20:05:34.8292466","DxgKrnl","10011","정보",,""
"20:05:34.8294202","Kernel-PnP","220","시작",,"Begin querying bus relations for device DISPLAY\SAM7B0C\7&16b8ddb4&0&UID260"
"20:05:34.8294237","Kernel-PnP","222","시작",,"End querying bus relations for device DISPLAY\SAM7B0C\7&16b8ddb4&0&UID260"
"20:05:34.8297272","DxgKrnl","10011","정보",,""
"20:05:34.8501974","DxgKrnl","10011","정보",,""
"20:05:34.8502807","DxgKrnl","10011","정보",,""
"20:05:34.8503450","DxgKrnl","10011","정보",,""
"20:05:34.8518781","DxgKrnl","10011","정보",,""
"20:05:34.8519323","DxgKrnl","10011","정보",,""
"20:05:34.8520860","DxgKrnl","10011","정보",,""
"20:05:34.8521447","DxgKrnl","10011","정보",,""
"20:05:34.8521502","DxgKrnl","10011","정보",,""
"20:05:34.8522041","DxgKrnl","10011","정보",,""
"20:05:34.8522063","DxgKrnl","10011","정보",,""
"20:05:34.8522598","DxgKrnl","10011","정보",,""
"20:05:34.8522669","DxgKrnl","10011","정보",,""
"20:05:34.8523199","DxgKrnl","10011","정보",,""
"20:05:34.8544093","DxgKrnl","10011","정보",,""
"20:05:34.8544230","DxgKrnl","10011","정보",,""
"20:05:34.8544242","DxgKrnl","10011","정보",,""
"20:05:34.8546056","DxgKrnl","10011","정보",,""
"20:05:34.8546171","DxgKrnl","10011","정보",,""
"20:05:34.8547095","DxgKrnl","10011","정보",,""
"20:05:34.8581280","DxgKrnl","10011","정보",,""
"20:05:34.8582135","DxgKrnl","10011","정보",,""
"20:05:34.8606482","DxgKrnl","10011","정보",,""
"20:05:34.8607234","DxgKrnl","10011","정보",,""
"20:05:34.8607246","DxgKrnl","10011","정보",,""
"20:05:34.8607880","DxgKrnl","10011","정보",,""
"20:05:34.8607911","DxgKrnl","10011","정보",,""
"20:05:34.8608767","DxgKrnl","10011","정보",,""
"20:05:34.8608838","DxgKrnl","10011","정보",,""
"20:05:34.8609377","DxgKrnl","10011","정보",,""
"20:05:34.8613375","DxgKrnl","10011","정보",,""
"20:05:34.8613934","DxgKrnl","10011","정보",,""
"20:05:34.8659276","DxgKrnl","10011","정보",,""
"20:05:34.8660160","DxgKrnl","10011","정보",,""
"20:05:34.8725721","DxgKrnl","10011","정보",,""
"20:05:34.8732365","DxgKrnl","10011","정보",,""
"20:05:34.8779256","DxgKrnl","10011","정보",,""
"20:05:34.8779550","DxgKrnl","10011","정보",,""
"20:05:34.8780219","DxgKrnl","10011","정보",,""
"20:05:34.8780263","DxgKrnl","10011","정보",,""
"20:05:34.8780285","DxgKrnl","10011","정보",,""
"20:05:34.8824500","DxgKrnl","10011","정보",,""
"20:05:34.8825091","DxgKrnl","10011","정보",,""
"20:05:34.8854617","DxgKrnl","10011","정보",,""
"20:05:34.8855197","DxgKrnl","10011","정보",,""
"20:05:34.8855499","DxgKrnl","10011","정보",,""
"20:05:34.8856627","DxgKrnl","10011","정보",,""
"20:05:34.8856785","DxgKrnl","10011","정보",,""
"20:05:34.8856806","DxgKrnl","10011","정보",,""
"20:05:34.8856889","DxgKrnl","10011","정보",,""
"20:05:34.8856954","DxgKrnl","10011","정보",,""
"20:05:34.8858125","DxgKrnl","10011","정보",,""
"20:05:34.8859469","DxgKrnl","10011","정보",,""
"20:05:34.8860198","DxgKrnl","10011","정보",,""
"20:05:34.8860227","DxgKrnl","10011","정보",,""
"20:05:34.8861100","DxgKrnl","10011","정보",,""
"20:05:34.8907102","DxgKrnl","10011","정보",,""
"20:05:34.8907754","DxgKrnl","10011","정보",,""
"20:05:34.8966279","DxgKrnl","10011","정보",,""
"20:05:34.8966951","DxgKrnl","10011","정보",,""
"20:05:34.9846513","DxgKrnl","10011","정보",,""
"20:05:34.9856766","DxgKrnl","10011","정보",,""
"20:05:34.9932540","DxgKrnl","10011","정보",,""
"20:05:34.9937732","DxgKrnl","10011","정보",,""
"20:05:34.9949634","DxgKrnl","10011","정보",,""
"20:05:34.9950345","DxgKrnl","10011","정보",,""
"20:05:34.9961933","DxgKrnl","10011","정보",,""
"20:05:34.9962632","DxgKrnl","10011","정보",,""
"20:05:34.9963328","DxgKrnl","10011","정보",,""
"20:05:34.9963572","DxgKrnl","10011","정보",,""
"20:05:34.9964515","DxgKrnl","10011","정보",,""
"20:05:34.9970074","DxgKrnl","10011","정보",,""
"20:05:34.9970808","DxgKrnl","10011","정보",,""
"20:05:34.9980117","DxgKrnl","10011","정보",,""
"20:05:34.9980996","DxgKrnl","10011","정보",,""
"20:05:34.9988438","DxgKrnl","10011","정보",,""
"20:05:35.0004544","DxgKrnl","10011","정보",,""
"20:05:35.0004672","DxgKrnl","10011","정보",,""
"20:05:35.0004680","DxgKrnl","10011","정보",,""
"20:05:35.0010855","DxgKrnl","10011","정보",,""
"20:05:35.0010942","DxgKrnl","10011","정보",,""
"20:05:35.0012528","DxgKrnl","10011","정보",,""
"20:05:35.0012551","DxgKrnl","10011","정보",,""
"20:05:35.0022590","DxgKrnl","10011","정보",,""
"20:05:35.0024640","DxgKrnl","10011","정보",,""
"20:05:35.0087169","DxgKrnl","10011","정보",,""
"20:05:35.0087711","DxgKrnl","10011","정보",,""
"20:05:35.0089801","DxgKrnl","10011","정보",,""
"20:05:35.0090118","DxgKrnl","10011","정보",,""
"20:05:35.0091182","DxgKrnl","10011","정보",,""
"20:05:35.0112452","DxgKrnl","10011","정보",,""
"20:05:35.0125607","DxgKrnl","10011","정보",,""
"20:05:35.0125721","DxgKrnl","10011","정보",,""
"20:05:35.0125728","DxgKrnl","10011","정보",,""
"20:05:35.0126326","DxgKrnl","10011","정보",,""
"20:05:35.0127161","DxgKrnl","10011","정보",,""
"20:05:35.0139185","DxgKrnl","10011","정보",,""
"20:05:35.0139798","DxgKrnl","10011","정보",,""
"20:05:35.0827160","DxgKrnl","10011","정보",,""
"20:05:35.0835779","DxgKrnl","10011","정보",,""
"20:05:35.0929855","DxgKrnl","10011","정보",,""
"20:05:35.0930580","DxgKrnl","10011","정보",,""
"20:05:35.1345186","DxgKrnl","10011","정보",,""
"20:05:35.1346961","DxgKrnl","10011","정보",,""
"20:05:35.1347019","DxgKrnl","10011","정보",,""
"20:05:35.1347832","DxgKrnl","10011","정보",,""
"20:05:35.1347869","DxgKrnl","10011","정보",,""
"20:05:35.1348578","DxgKrnl","10011","정보",,""
"20:05:35.1348927","DxgKrnl","10011","정보",,""
"20:05:35.1349542","DxgKrnl","10011","정보",,""
"20:06:30.2596588","Kernel-PnP","220","시작",,"Begin querying bus relations for device PCI\VEN_1002&DEV_7550&SUBSYS_E4891DA2&REV_C0\6&8916a45&0&00000009"
"20:06:30.2597531","DxgKrnl","10011","정보",,""
"20:06:30.2988382","DxgKrnl","10011","정보",,""
"20:06:30.2988537","Kernel-PnP","222","시작",,"End querying bus relations for device PCI\VEN_1002&DEV_7550&SUBSYS_E4891DA2&REV_C0\6&8916a45&0&00000009"
"20:06:30.2990405","Kernel-PnP","1010","시작",,"버스에 누락 된 것으로 보고 된 장치 DISPLAY\SAM7B0C\7&16b8ddb4&0&UID260이 (가) 제거 되었습니다. 제거 된 장치 수 | 개수: 1"
"20:06:30.2991052","DxgKrnl","10011","정보",,""
"20:06:30.2991228","DxgKrnl","10011","정보",,""
"20:06:30.2996097","Kernel-PnP","220","시작",,"Begin querying bus relations for device SWD\DRIVERENUM\AMDCP&7&16b8ddb4&0"
"20:06:30.2996123","Kernel-PnP","222","시작",,"End querying bus relations for device SWD\DRIVERENUM\AMDCP&7&16b8ddb4&0"
"20:06:30.2996241","Kernel-PnP","220","시작",,"Begin querying bus relations for device SWD\DRIVERENUM\AMDFDANS&7&16b8ddb4&0"
"20:06:30.2996255","Kernel-PnP","222","시작",,"End querying bus relations for device SWD\DRIVERENUM\AMDFDANS&7&16b8ddb4&0"
"20:06:30.2996330","Kernel-PnP","220","시작",,"Begin querying bus relations for device SWD\DRIVERENUM\AMDOCL&7&16b8ddb4&0"
"20:06:30.2996345","Kernel-PnP","222","시작",,"End querying bus relations for device SWD\DRIVERENUM\AMDOCL&7&16b8ddb4&0"
"20:06:30.2996432","Kernel-PnP","220","시작",,"Begin querying bus relations for device SWD\DRIVERENUM\AMDOGL&7&16b8ddb4&0"
"20:06:30.2996441","Kernel-PnP","222","시작",,"End querying bus relations for device SWD\DRIVERENUM\AMDOGL&7&16b8ddb4&0"
"20:06:30.2996498","Kernel-PnP","220","시작",,"Begin querying bus relations for device SWD\DRIVERENUM\AMDVLK&7&16b8ddb4&0"
"20:06:30.2996509","Kernel-PnP","222","시작",,"End querying bus relations for device SWD\DRIVERENUM\AMDVLK&7&16b8ddb4&0"
"20:06:30.2996582","Kernel-PnP","220","시작",,"Begin querying bus relations for device SWD\DRIVERENUM\AMDWIN&7&16b8ddb4&0"
"20:06:30.2996591","Kernel-PnP","222","시작",,"End querying bus relations for device SWD\DRIVERENUM\AMDWIN&7&16b8ddb4&0"
"20:06:30.2996659","Kernel-PnP","220","시작",,"Begin querying bus relations for device DISPLAY\BBC0104\7&16b8ddb4&0&UID265"
"20:06:30.2996716","Kernel-PnP","222","시작",,"End querying bus relations for device DISPLAY\BBC0104\7&16b8ddb4&0&UID265"
"20:06:30.2996793","Kernel-PnP","220","시작",,"Begin querying bus relations for device DISPLAY\SAM79DF\7&16b8ddb4&0&UID256"
"20:06:30.2996824","Kernel-PnP","222","시작",,"End querying bus relations for device DISPLAY\SAM79DF\7&16b8ddb4&0&UID256"
"20:06:30.3010239","Kernel-PnP","808","시작",,"End device add, status (STATUS_SUCCESS)"
"20:06:30.3026190","Kernel-PnP","220","시작",,"Begin querying bus relations for device DISPLAY\Default_Monitor\7&16b8ddb4&0&UID260"
"20:06:30.3026223","Kernel-PnP","222","시작",,"End querying bus relations for device DISPLAY\Default_Monitor\7&16b8ddb4&0&UID260"
"20:06:30.3028247","DxgKrnl","10011","정보",,""
"20:06:30.3035385","DxgKrnl","10011","정보",,""
"20:06:30.3036475","DxgKrnl","10011","정보",,""
"20:06:30.3040335","DxgKrnl","10011","정보",,""
"20:06:30.3041083","DxgKrnl","10011","정보",,""
"20:06:30.3055959","DxgKrnl","10011","정보",,""
"20:06:30.3056712","DxgKrnl","10011","정보",,""
"20:06:30.3173218","DxgKrnl","10011","정보",,""
"20:06:30.3173450","DxgKrnl","10011","정보",,""
"20:06:30.3174092","DxgKrnl","10011","정보",,""
"20:06:30.3174165","DxgKrnl","10011","정보",,""
"20:06:30.3174188","DxgKrnl","10011","정보",,""
"20:06:30.3213411","DxgKrnl","10011","정보",,""
"20:06:30.3214066","DxgKrnl","10011","정보",,""
"20:06:30.4000618","DxgKrnl","10011","정보",,""
"20:06:30.4001706","DxgKrnl","10011","정보",,""
"20:06:30.4002265","DxgKrnl","10011","정보",,""
"20:06:30.4015496","DxgKrnl","10011","정보",,""
"20:06:30.4016202","DxgKrnl","10011","정보",,""
"20:06:30.4017915","DxgKrnl","10011","정보",,""
"20:06:30.4018677","DxgKrnl","10011","정보",,""
"20:06:30.4018697","DxgKrnl","10011","정보",,""
"20:06:30.4019422","DxgKrnl","10011","정보",,""
"20:06:30.4019447","DxgKrnl","10011","정보",,""
"20:06:30.4020477","DxgKrnl","10011","정보",,""
"20:06:30.4020503","DxgKrnl","10011","정보",,""
"20:06:30.4021232","DxgKrnl","10011","정보",,""
"20:06:30.4021289","DxgKrnl","10011","정보",,""
"20:06:30.4022025","DxgKrnl","10011","정보",,""
"20:06:30.4022059","DxgKrnl","10011","정보",,""
"20:06:30.4022773","DxgKrnl","10011","정보",,""
"20:06:30.4044481","DxgKrnl","10011","정보",,""
"20:06:30.4044610","DxgKrnl","10011","정보",,""
"20:06:30.4045038","DxgKrnl","10011","정보",,""
"20:06:30.4046795","DxgKrnl","10011","정보",,""
"20:06:30.4047513","DxgKrnl","10011","정보",,""
"20:06:30.4047522","DxgKrnl","10011","정보",,""
"20:06:30.4094634","DxgKrnl","10011","정보",,""
"20:06:30.4095507","DxgKrnl","10011","정보",,""
"20:06:30.4283231","DxgKrnl","10011","정보",,""
"20:06:30.4284061","DxgKrnl","10011","정보",,""
"20:06:30.4284076","DxgKrnl","10011","정보",,""
"20:06:30.4284990","DxgKrnl","10011","정보",,""
"20:06:30.4285003","DxgKrnl","10011","정보",,""
"20:06:30.4285719","DxgKrnl","10011","정보",,""
"20:06:30.4285740","DxgKrnl","10011","정보",,""
"20:06:30.4286421","DxgKrnl","10011","정보",,""
"20:06:30.4286502","DxgKrnl","10011","정보",,""
"20:06:30.4287185","DxgKrnl","10011","정보",,""
"20:06:30.4287217","DxgKrnl","10011","정보",,""
"20:06:30.4287901","DxgKrnl","10011","정보",,""
"20:06:30.4293843","DxgKrnl","10011","정보",,""
"20:06:30.4294526","DxgKrnl","10011","정보",,""
"20:06:30.4325848","DxgKrnl","10011","정보",,""
"20:06:30.4333868","DxgKrnl","10011","정보",,""
"20:06:30.4353295","DxgKrnl","10011","정보",,""
"20:06:30.4354103","DxgKrnl","10011","정보",,""
"20:06:30.4412405","DxgKrnl","10011","정보",,""
"20:06:30.4413423","DxgKrnl","10011","정보",,""
"20:06:30.4772852","Kernel-PnP","220","시작",,"Begin querying bus relations for device PCI\VEN_1002&DEV_7550&SUBSYS_E4891DA2&REV_C0\6&8916a45&0&00000009"
"20:06:30.5295876","Kernel-PnP","222","시작",,"End querying bus relations for device PCI\VEN_1002&DEV_7550&SUBSYS_E4891DA2&REV_C0\6&8916a45&0&00000009"
"20:06:30.5297595","Kernel-PnP","1010","시작",,"버스에 누락 된 것으로 보고 된 장치 DISPLAY\Default_Monitor\7&16b8ddb4&0&UID260이 (가) 제거 되었습니다. 제거 된 장치 수 | 개수: 1"
"20:06:30.5300766","DxgKrnl","10011","정보",,""
"20:06:30.5302951","Kernel-PnP","220","시작",,"Begin querying bus relations for device SWD\DRIVERENUM\AMDCP&7&16b8ddb4&0"
"20:06:30.5303000","Kernel-PnP","222","시작",,"End querying bus relations for device SWD\DRIVERENUM\AMDCP&7&16b8ddb4&0"
"20:06:30.5303230","Kernel-PnP","220","시작",,"Begin querying bus relations for device SWD\DRIVERENUM\AMDFDANS&7&16b8ddb4&0"
"20:06:30.5303247","Kernel-PnP","222","시작",,"End querying bus relations for device SWD\DRIVERENUM\AMDFDANS&7&16b8ddb4&0"
"20:06:30.5303357","Kernel-PnP","220","시작",,"Begin querying bus relations for device SWD\DRIVERENUM\AMDOCL&7&16b8ddb4&0"
"20:06:30.5303374","Kernel-PnP","222","시작",,"End querying bus relations for device SWD\DRIVERENUM\AMDOCL&7&16b8ddb4&0"
"20:06:30.5303470","Kernel-PnP","220","시작",,"Begin querying bus relations for device SWD\DRIVERENUM\AMDOGL&7&16b8ddb4&0"
"20:06:30.5303487","Kernel-PnP","222","시작",,"End querying bus relations for device SWD\DRIVERENUM\AMDOGL&7&16b8ddb4&0"
"20:06:30.5303584","Kernel-PnP","220","시작",,"Begin querying bus relations for device SWD\DRIVERENUM\AMDVLK&7&16b8ddb4&0"
"20:06:30.5303600","Kernel-PnP","222","시작",,"End querying bus relations for device SWD\DRIVERENUM\AMDVLK&7&16b8ddb4&0"
"20:06:30.5303833","Kernel-PnP","220","시작",,"Begin querying bus relations for device SWD\DRIVERENUM\AMDWIN&7&16b8ddb4&0"
"20:06:30.5303863","Kernel-PnP","222","시작",,"End querying bus relations for device SWD\DRIVERENUM\AMDWIN&7&16b8ddb4&0"
"20:06:30.5303986","Kernel-PnP","220","시작",,"Begin querying bus relations for device DISPLAY\BBC0104\7&16b8ddb4&0&UID265"
"20:06:30.5304055","Kernel-PnP","222","시작",,"End querying bus relations for device DISPLAY\BBC0104\7&16b8ddb4&0&UID265"
"20:06:30.5304196","Kernel-PnP","220","시작",,"Begin querying bus relations for device DISPLAY\SAM79DF\7&16b8ddb4&0&UID256"
"20:06:30.5304231","Kernel-PnP","222","시작",,"End querying bus relations for device DISPLAY\SAM79DF\7&16b8ddb4&0&UID256"
"20:06:30.5307314","DxgKrnl","10011","정보",,""
"20:06:30.5330562","DxgKrnl","10011","정보",,""
"20:06:30.5333435","DxgKrnl","10011","정보",,""
"20:06:30.5758730","DxgKrnl","10011","정보",,""
"20:06:30.5759864","DxgKrnl","10011","정보",,""
"20:06:30.5811314","DxgKrnl","10011","정보",,""
"20:06:30.5864082","DxgKrnl","10011","정보",,""
"20:06:30.5864917","DxgKrnl","10011","정보",,""
"20:06:30.5864956","DxgKrnl","10011","정보",,""
"20:06:30.5864977","DxgKrnl","10011","정보",,""
"20:06:30.5868283","DxgKrnl","10011","정보",,""
"20:06:30.5868972","DxgKrnl","10011","정보",,""
"20:06:30.5967926","DxgKrnl","10011","정보",,""
"20:06:30.6058935","DxgKrnl","10011","정보",,""
"20:06:30.6059417","DxgKrnl","10011","정보",,""
"20:06:30.6059798","DxgKrnl","10011","정보",,""
"20:06:30.6064502","DxgKrnl","10011","정보",,""
"20:06:30.6064778","DxgKrnl","10011","정보",,""
"20:06:30.6065439","DxgKrnl","10011","정보",,""
"20:06:30.6065749","DxgKrnl","10011","정보",,""
"20:06:30.6065765","DxgKrnl","10011","정보",,""
"20:06:30.6066106","DxgKrnl","10011","정보",,""
"20:06:30.6086698","DxgKrnl","10011","정보",,""
"20:06:30.6087011","DxgKrnl","10011","정보",,""
"20:06:30.6087239","DxgKrnl","10011","정보",,""
"20:06:30.6087310","DxgKrnl","10011","정보",,""
"20:06:30.6088022","DxgKrnl","10011","정보",,""
"20:06:30.6088174","DxgKrnl","10011","정보",,""
"20:06:30.6089730","DxgKrnl","10011","정보",,""
"20:06:30.6089751","DxgKrnl","10011","정보",,""
"20:06:30.6135972","DxgKrnl","10011","정보",,""
"20:06:30.6137038","DxgKrnl","10011","정보",,""
"20:06:30.6459075","DxgKrnl","10011","정보",,""
"20:06:30.6466336","DxgKrnl","10011","정보",,""
"20:06:30.6559176","DxgKrnl","10011","정보",,""
"20:06:30.6559991","DxgKrnl","10011","정보",,""
"20:06:30.6560009","DxgKrnl","10011","정보",,""
"20:06:30.6560487","DxgKrnl","10011","정보",,""
"20:06:30.6569264","DxgKrnl","10011","정보",,""
"20:06:30.6569823","DxgKrnl","10011","정보",,""
"20:06:30.6617773","DxgKrnl","10011","정보",,""
"20:06:30.6618447","DxgKrnl","10011","정보",,""
"20:06:30.6644169","DxgKrnl","10011","정보",,""
"20:06:30.6644816","DxgKrnl","10011","정보",,""
"20:06:30.7979058","DxgKrnl","10011","정보",,""
"20:06:30.8117069","DxgKrnl","10011","정보",,""
"20:06:30.8117738","DxgKrnl","10011","정보",,""
"20:06:30.8117995","DxgKrnl","10011","정보",,""
"20:06:30.8118146","DxgKrnl","10011","정보",,""
"20:06:30.8118717","DxgKrnl","10011","정보",,""
"20:06:30.8120731","DxgKrnl","10011","정보",,""
"20:06:30.8126612","DxgKrnl","10011","정보",,""
"20:06:30.8127031","DxgKrnl","10011","정보",,""
"20:06:30.8152810","DxgKrnl","10011","정보",,""
"20:06:30.8157381","DxgKrnl","10011","정보",,""
"20:06:30.8158145","DxgKrnl","10011","정보",,""
"20:06:30.8159892","DxgKrnl","10011","정보",,""
"20:06:30.8160611","DxgKrnl","10011","정보",,""
"20:06:30.8223705","DxgKrnl","10011","정보",,""
"20:06:30.8224232","DxgKrnl","10011","정보",,""
"20:06:30.8224681","DxgKrnl","10011","정보",,""
"20:06:30.8227283","DxgKrnl","10011","정보",,""
"20:06:30.8227693","DxgKrnl","10011","정보",,""
"20:06:30.8315264","DxgKrnl","10011","정보",,""
"20:06:30.8315403","DxgKrnl","10011","정보",,""
"20:06:30.8316320","DxgKrnl","10011","정보",,""
"20:06:30.8316323","DxgKrnl","10011","정보",,""
"20:06:30.8376171","DxgKrnl","10011","정보",,""
"20:06:30.8376887","DxgKrnl","10011","정보",,""
"20:06:30.8406659","DxgKrnl","10011","정보",,""
"20:06:30.8414305","DxgKrnl","10011","정보",,""
"20:06:30.8414582","DxgKrnl","10011","정보",,""
"20:06:30.8414609","DxgKrnl","10011","정보",,""
"20:06:30.8415662","DxgKrnl","10011","정보",,""
"20:06:30.8415947","DxgKrnl","10011","정보",,""
"20:06:30.8416888","DxgKrnl","10011","정보",,""
"20:06:30.8416891","DxgKrnl","10011","정보",,""
"20:06:30.8422604","DxgKrnl","10011","정보",,""
"20:06:30.8423362","DxgKrnl","10011","정보",,""
"20:06:30.9235813","DxgKrnl","10011","정보",,""
"20:06:30.9242051","DxgKrnl","10011","정보",,""
"20:06:30.9458711","DxgKrnl","10011","정보",,""
"20:06:30.9459328","DxgKrnl","10011","정보",,""
"20:06:33.8162691","DxgKrnl","10011","정보",,""
"20:06:33.8227264","DxgKrnl","10011","정보",,""
"20:06:34.0631777","Kernel-PnP","220","시작",,"Begin querying bus relations for device PCI\VEN_1002&DEV_7550&SUBSYS_E4891DA2&REV_C0\6&8916a45&0&00000009"
"20:06:34.0633289","DxgKrnl","10011","정보",,""
"20:06:34.0633354","DxgKrnl","10011","정보",,""
"20:06:34.0634078","DxgKrnl","10011","정보",,""
"20:06:34.0634582","DxgKrnl","10011","정보",,""
"20:06:34.0637161","DxgKrnl","10011","정보",,""
"20:06:34.0637925","DxgKrnl","10011","정보",,""
"20:06:34.0646296","DxgKrnl","10011","정보",,""
"20:06:34.0646795","DxgKrnl","10011","정보",,""
"20:06:34.0660443","DxgKrnl","10011","정보",,""
"20:06:34.0660912","DxgKrnl","10011","정보",,""
"20:06:34.0697454","Kernel-PnP","222","시작",,"End querying bus relations for device PCI\VEN_1002&DEV_7550&SUBSYS_E4891DA2&REV_C0\6&8916a45&0&00000009"
"20:06:34.0698085","Kernel-PnP","220","시작",,"Begin querying bus relations for device SWD\DRIVERENUM\AMDCP&7&16b8ddb4&0"
"20:06:34.0698110","Kernel-PnP","222","시작",,"End querying bus relations for device SWD\DRIVERENUM\AMDCP&7&16b8ddb4&0"
"20:06:34.0698184","Kernel-PnP","220","시작",,"Begin querying bus relations for device SWD\DRIVERENUM\AMDFDANS&7&16b8ddb4&0"
"20:06:34.0698192","Kernel-PnP","222","시작",,"End querying bus relations for device SWD\DRIVERENUM\AMDFDANS&7&16b8ddb4&0"
"20:06:34.0698233","Kernel-PnP","220","시작",,"Begin querying bus relations for device SWD\DRIVERENUM\AMDOCL&7&16b8ddb4&0"
"20:06:34.0698243","Kernel-PnP","222","시작",,"End querying bus relations for device SWD\DRIVERENUM\AMDOCL&7&16b8ddb4&0"
"20:06:34.0698299","Kernel-PnP","220","시작",,"Begin querying bus relations for device SWD\DRIVERENUM\AMDOGL&7&16b8ddb4&0"
"20:06:34.0698308","Kernel-PnP","222","시작",,"End querying bus relations for device SWD\DRIVERENUM\AMDOGL&7&16b8ddb4&0"
"20:06:34.0698354","Kernel-PnP","220","시작",,"Begin querying bus relations for device SWD\DRIVERENUM\AMDVLK&7&16b8ddb4&0"
"20:06:34.0698361","Kernel-PnP","222","시작",,"End querying bus relations for device SWD\DRIVERENUM\AMDVLK&7&16b8ddb4&0"
"20:06:34.0698434","Kernel-PnP","220","시작",,"Begin querying bus relations for device SWD\DRIVERENUM\AMDWIN&7&16b8ddb4&0"
"20:06:34.0698441","Kernel-PnP","222","시작",,"End querying bus relations for device SWD\DRIVERENUM\AMDWIN&7&16b8ddb4&0"
"20:06:34.0698484","Kernel-PnP","220","시작",,"Begin querying bus relations for device DISPLAY\BBC0104\7&16b8ddb4&0&UID265"
"20:06:34.0698540","Kernel-PnP","222","시작",,"End querying bus relations for device DISPLAY\BBC0104\7&16b8ddb4&0&UID265"
"20:06:34.0698608","Kernel-PnP","220","시작",,"Begin querying bus relations for device DISPLAY\SAM79DF\7&16b8ddb4&0&UID256"
"20:06:34.0698633","Kernel-PnP","222","시작",,"End querying bus relations for device DISPLAY\SAM79DF\7&16b8ddb4&0&UID256"
"20:06:34.0752764","DxgKrnl","10011","정보",,""
"20:06:34.0753321","DxgKrnl","10011","정보",,""
"20:06:34.0754214","DxgKrnl","10011","정보",,""
"20:06:34.0754287","DxgKrnl","10011","정보",,""
"20:06:34.0754318","DxgKrnl","10011","정보",,""
"20:06:34.0754913","Kernel-PnP","808","시작",,"End device add, status (STATUS_SUCCESS)"
"20:06:34.0798947","DxgKrnl","10011","정보",,""
"20:06:34.0799802","DxgKrnl","10011","정보",,""
"20:06:34.0800402","Kernel-PnP","220","시작",,"Begin querying bus relations for device DISPLAY\SAM7B0C\7&16b8ddb4&0&UID260"
"20:06:34.0800432","Kernel-PnP","222","시작",,"End querying bus relations for device DISPLAY\SAM7B0C\7&16b8ddb4&0&UID260"
"20:06:34.0802815","DxgKrnl","10011","정보",,""
"20:06:34.1012367","DxgKrnl","10011","정보",,""
"20:06:34.1013251","DxgKrnl","10011","정보",,""
"20:06:34.1013760","DxgKrnl","10011","정보",,""
"20:06:34.1028951","DxgKrnl","10011","정보",,""
"20:06:34.1029486","DxgKrnl","10011","정보",,""
"20:06:34.1030914","DxgKrnl","10011","정보",,""
"20:06:34.1031602","DxgKrnl","10011","정보",,""
"20:06:34.1031611","DxgKrnl","10011","정보",,""
"20:06:34.1032148","DxgKrnl","10011","정보",,""
"20:06:34.1032166","DxgKrnl","10011","정보",,""
"20:06:34.1032695","DxgKrnl","10011","정보",,""
"20:06:34.1032761","DxgKrnl","10011","정보",,""
"20:06:34.1033290","DxgKrnl","10011","정보",,""
"20:06:34.1054583","DxgKrnl","10011","정보",,""
"20:06:34.1054696","DxgKrnl","10011","정보",,""
"20:06:34.1055011","DxgKrnl","10011","정보",,""
"20:06:34.1056371","DxgKrnl","10011","정보",,""
"20:06:34.1056375","DxgKrnl","10011","정보",,""
"20:06:34.1057357","DxgKrnl","10011","정보",,""
"20:06:34.1080233","DxgKrnl","10011","정보",,""
"20:06:34.1081189","DxgKrnl","10011","정보",,""
"20:06:34.1138822","DxgKrnl","10011","정보",,""
"20:06:34.1139697","DxgKrnl","10011","정보",,""
"20:06:34.1139704","DxgKrnl","10011","정보",,""
"20:06:34.1140310","DxgKrnl","10011","정보",,""
"20:06:34.1140323","DxgKrnl","10011","정보",,""
"20:06:34.1140863","DxgKrnl","10011","정보",,""
"20:06:34.1140958","DxgKrnl","10011","정보",,""
"20:06:34.1141491","DxgKrnl","10011","정보",,""
"20:06:34.1145456","DxgKrnl","10011","정보",,""
"20:06:34.1146004","DxgKrnl","10011","정보",,""
"20:06:34.1197626","DxgKrnl","10011","정보",,""
"20:06:34.1198315","DxgKrnl","10011","정보",,""
"20:06:34.1266671","DxgKrnl","10011","정보",,""
"20:06:34.1273292","DxgKrnl","10011","정보",,""
"20:06:34.1329758","DxgKrnl","10011","정보",,""
"20:06:34.1330251","DxgKrnl","10011","정보",,""
"20:06:34.1331286","DxgKrnl","10011","정보",,""
"20:06:34.1331339","DxgKrnl","10011","정보",,""
"20:06:34.1331361","DxgKrnl","10011","정보",,""
"20:06:34.1367346","DxgKrnl","10011","정보",,""
"20:06:34.1367992","DxgKrnl","10011","정보",,""
"20:06:34.1393319","DxgKrnl","10011","정보",,""
"20:06:34.1393877","DxgKrnl","10011","정보",,""
"20:06:34.1394331","DxgKrnl","10011","정보",,""
"20:06:34.1395652","DxgKrnl","10011","정보",,""
"20:06:34.1395744","DxgKrnl","10011","정보",,""
"20:06:34.1395747","DxgKrnl","10011","정보",,""
"20:06:34.1398571","DxgKrnl","10011","정보",,""
"20:06:34.1398583","DxgKrnl","10011","정보",,""
"20:06:34.1398616","DxgKrnl","10011","정보",,""
"20:06:34.1401531","DxgKrnl","10011","정보",,""
"20:06:34.1401575","DxgKrnl","10011","정보",,""
"20:06:34.1401715","DxgKrnl","10011","정보",,""
"20:06:34.1403544","DxgKrnl","10011","정보",,""
"20:06:34.1459070","DxgKrnl","10011","정보",,""
"20:06:34.1459860","DxgKrnl","10011","정보",,""
"20:06:34.1523126","DxgKrnl","10011","정보",,""
"20:06:34.1523797","DxgKrnl","10011","정보",,""
"20:06:34.2322721","DxgKrnl","10011","정보",,""
"20:06:34.2329641","DxgKrnl","10011","정보",,""
"20:06:34.3283629","DxgKrnl","10011","정보",,""
"20:06:34.3289961","DxgKrnl","10011","정보",,""
"20:06:34.3307403","DxgKrnl","10011","정보",,""
"20:06:34.3308280","DxgKrnl","10011","정보",,""
"20:06:34.3325434","DxgKrnl","10011","정보",,""
"20:06:34.3325976","DxgKrnl","10011","정보",,""
"20:06:34.3326883","DxgKrnl","10011","정보",,""
"20:06:34.3328064","DxgKrnl","10011","정보",,""
"20:06:34.3328934","DxgKrnl","10011","정보",,""
"20:06:34.3339398","DxgKrnl","10011","정보",,""
"20:06:34.3339532","DxgKrnl","10011","정보",,""
"20:06:34.3341157","DxgKrnl","10011","정보",,""
"20:06:34.3341201","DxgKrnl","10011","정보",,""
"20:06:34.3345942","DxgKrnl","10011","정보",,""
"20:06:34.3352550","DxgKrnl","10011","정보",,""
"20:06:34.3360307","DxgKrnl","10011","정보",,""
"20:06:34.3361027","DxgKrnl","10011","정보",,""
"20:06:34.3375374","DxgKrnl","10011","정보",,""
"20:06:34.3392007","DxgKrnl","10011","정보",,""
"20:06:34.3392163","DxgKrnl","10011","정보",,""
"20:06:34.3392172","DxgKrnl","10011","정보",,""
"20:06:34.3398139","DxgKrnl","10011","정보",,""
"20:06:34.3398162","DxgKrnl","10011","정보",,""
"20:06:34.3400129","DxgKrnl","10011","정보",,""
"20:06:34.3402694","DxgKrnl","10011","정보",,""
"20:06:34.3415813","DxgKrnl","10011","정보",,""
"20:06:34.3418482","DxgKrnl","10011","정보",,""
"20:06:34.3549501","DxgKrnl","10011","정보",,""
"20:06:34.3561912","DxgKrnl","10011","정보",,""
"20:06:34.3578540","DxgKrnl","10011","정보",,""
"20:06:34.3578983","DxgKrnl","10011","정보",,""
"20:06:34.3579110","DxgKrnl","10011","정보",,""
"20:06:34.3580541","DxgKrnl","10011","정보",,""
"20:06:34.3580543","DxgKrnl","10011","정보",,""
"20:06:34.3597357","DxgKrnl","10011","정보",,""
"20:06:34.3610651","DxgKrnl","10011","정보",,""
"20:06:34.3610774","DxgKrnl","10011","정보",,""
"20:06:34.3610782","DxgKrnl","10011","정보",,""
"20:06:34.3611513","DxgKrnl","10011","정보",,""
"20:06:34.3616727","DxgKrnl","10011","정보",,""
"20:06:34.3622130","DxgKrnl","10011","정보",,""
"20:06:34.3623476","DxgKrnl","10011","정보",,""
"20:06:34.3623545","DxgKrnl","10011","정보",,""
"20:06:34.3623598","DxgKrnl","10011","정보",,""
"20:06:34.3625223","DxgKrnl","10011","정보",,""
"20:06:34.3625889","DxgKrnl","10011","정보",,""
"20:06:34.3647898","DxgKrnl","10011","정보",,""
"20:06:34.3649169","DxgKrnl","10011","정보",,""
"20:06:34.3696667","DxgKrnl","10011","정보",,""
"20:06:34.3697287","DxgKrnl","10011","정보",,""
"20:06:34.3697294","DxgKrnl","10011","정보",,""
"20:06:34.3697833","DxgKrnl","10011","정보",,""
"20:06:34.3697846","DxgKrnl","10011","정보",,""
"20:06:34.3698385","DxgKrnl","10011","정보",,""
"20:06:34.3698572","DxgKrnl","10011","정보",,""
"20:06:34.3699110","DxgKrnl","10011","정보",,""
"20:07:31.2629114","Kernel-PnP","220","시작",,"Begin querying bus relations for device PCI\VEN_1002&DEV_7550&SUBSYS_E4891DA2&REV_C0\6&8916a45&0&00000009"
"20:07:31.2629975","DxgKrnl","10011","정보",,""
"20:07:31.3008416","DxgKrnl","10011","정보",,""
"20:07:31.3008723","Kernel-PnP","222","시작",,"End querying bus relations for device PCI\VEN_1002&DEV_7550&SUBSYS_E4891DA2&REV_C0\6&8916a45&0&00000009"
"20:07:31.3010221","DxgKrnl","10011","정보",,""
"20:07:31.3010372","DxgKrnl","10011","정보",,""
"20:07:31.3010581","Kernel-PnP","1010","시작",,"버스에 누락 된 것으로 보고 된 장치 DISPLAY\SAM7B0C\7&16b8ddb4&0&UID260이 (가) 제거 되었습니다. 제거 된 장치 수 | 개수: 1"
"20:07:31.3016108","Kernel-PnP","220","시작",,"Begin querying bus relations for device SWD\DRIVERENUM\AMDCP&7&16b8ddb4&0"
"20:07:31.3016137","Kernel-PnP","222","시작",,"End querying bus relations for device SWD\DRIVERENUM\AMDCP&7&16b8ddb4&0"
"20:07:31.3016287","Kernel-PnP","220","시작",,"Begin querying bus relations for device SWD\DRIVERENUM\AMDFDANS&7&16b8ddb4&0"
"20:07:31.3016297","Kernel-PnP","222","시작",,"End querying bus relations for device SWD\DRIVERENUM\AMDFDANS&7&16b8ddb4&0"
"20:07:31.3016362","Kernel-PnP","220","시작",,"Begin querying bus relations for device SWD\DRIVERENUM\AMDOCL&7&16b8ddb4&0"
"20:07:31.3016373","Kernel-PnP","222","시작",,"End querying bus relations for device SWD\DRIVERENUM\AMDOCL&7&16b8ddb4&0"
"20:07:31.3016430","Kernel-PnP","220","시작",,"Begin querying bus relations for device SWD\DRIVERENUM\AMDOGL&7&16b8ddb4&0"
"20:07:31.3016441","Kernel-PnP","222","시작",,"End querying bus relations for device SWD\DRIVERENUM\AMDOGL&7&16b8ddb4&0"
"20:07:31.3016498","Kernel-PnP","220","시작",,"Begin querying bus relations for device SWD\DRIVERENUM\AMDVLK&7&16b8ddb4&0"
"20:07:31.3016508","Kernel-PnP","222","시작",,"End querying bus relations for device SWD\DRIVERENUM\AMDVLK&7&16b8ddb4&0"
"20:07:31.3016579","Kernel-PnP","220","시작",,"Begin querying bus relations for device SWD\DRIVERENUM\AMDWIN&7&16b8ddb4&0"
"20:07:31.3016590","Kernel-PnP","222","시작",,"End querying bus relations for device SWD\DRIVERENUM\AMDWIN&7&16b8ddb4&0"
"20:07:31.3016655","Kernel-PnP","220","시작",,"Begin querying bus relations for device DISPLAY\BBC0104\7&16b8ddb4&0&UID265"
"20:07:31.3016709","Kernel-PnP","222","시작",,"End querying bus relations for device DISPLAY\BBC0104\7&16b8ddb4&0&UID265"
"20:07:31.3016775","Kernel-PnP","220","시작",,"Begin querying bus relations for device DISPLAY\SAM79DF\7&16b8ddb4&0&UID256"
"20:07:31.3016805","Kernel-PnP","222","시작",,"End querying bus relations for device DISPLAY\SAM79DF\7&16b8ddb4&0&UID256"
"20:07:31.3032617","Kernel-PnP","808","시작",,"End device add, status (STATUS_SUCCESS)"
"20:07:31.3035696","Kernel-PnP","220","시작",,"Begin querying bus relations for device DISPLAY\Default_Monitor\7&16b8ddb4&0&UID260"
"20:07:31.3035729","Kernel-PnP","222","시작",,"End querying bus relations for device DISPLAY\Default_Monitor\7&16b8ddb4&0&UID260"
"20:07:31.3044112","DxgKrnl","10011","정보",,""
"20:07:31.3051115","DxgKrnl","10011","정보",,""
"20:07:31.3052159","DxgKrnl","10011","정보",,""
"20:07:31.3057408","DxgKrnl","10011","정보",,""
"20:07:31.3058088","DxgKrnl","10011","정보",,""
"20:07:31.3071280","DxgKrnl","10011","정보",,""
"20:07:31.3072136","DxgKrnl","10011","정보",,""
"20:07:31.3184148","DxgKrnl","10011","정보",,""
"20:07:31.3184387","DxgKrnl","10011","정보",,""
"20:07:31.3185051","DxgKrnl","10011","정보",,""
"20:07:31.3185122","DxgKrnl","10011","정보",,""
"20:07:31.3185145","DxgKrnl","10011","정보",,""
"20:07:31.3219403","DxgKrnl","10011","정보",,""
"20:07:31.3220003","DxgKrnl","10011","정보",,""
"20:07:31.3992289","DxgKrnl","10011","정보",,""
"20:07:31.3993384","DxgKrnl","10011","정보",,""
"20:07:31.3993876","DxgKrnl","10011","정보",,""
"20:07:31.4006261","DxgKrnl","10011","정보",,""
"20:07:31.4006914","DxgKrnl","10011","정보",,""
"20:07:31.4008615","DxgKrnl","10011","정보",,""
"20:07:31.4009349","DxgKrnl","10011","정보",,""
"20:07:31.4009369","DxgKrnl","10011","정보",,""
"20:07:31.4010069","DxgKrnl","10011","정보",,""
"20:07:31.4010087","DxgKrnl","10011","정보",,""
"20:07:31.4010770","DxgKrnl","10011","정보",,""
"20:07:31.4010790","DxgKrnl","10011","정보",,""
"20:07:31.4011516","DxgKrnl","10011","정보",,""
"20:07:31.4011577","DxgKrnl","10011","정보",,""
"20:07:31.4012269","DxgKrnl","10011","정보",,""
"20:07:31.4012299","DxgKrnl","10011","정보",,""
"20:07:31.4013023","DxgKrnl","10011","정보",,""
"20:07:31.4033732","DxgKrnl","10011","정보",,""
"20:07:31.4033813","DxgKrnl","10011","정보",,""
"20:07:31.4033928","DxgKrnl","10011","정보",,""
"20:07:31.4034561","DxgKrnl","10011","정보",,""
"20:07:31.4036818","DxgKrnl","10011","정보",,""
"20:07:31.4036845","DxgKrnl","10011","정보",,""
"20:07:31.4043547","DxgKrnl","10011","정보",,""
"20:07:31.4044336","DxgKrnl","10011","정보",,""
"20:07:31.4233547","DxgKrnl","10011","정보",,""
"20:07:31.4234697","DxgKrnl","10011","정보",,""
"20:07:31.4234743","DxgKrnl","10011","정보",,""
"20:07:31.4235530","DxgKrnl","10011","정보",,""
"20:07:31.4235554","DxgKrnl","10011","정보",,""
"20:07:31.4236349","DxgKrnl","10011","정보",,""
"20:07:31.4236374","DxgKrnl","10011","정보",,""
"20:07:31.4237106","DxgKrnl","10011","정보",,""
"20:07:31.4237204","DxgKrnl","10011","정보",,""
"20:07:31.4237914","DxgKrnl","10011","정보",,""
"20:07:31.4237948","DxgKrnl","10011","정보",,""
"20:07:31.4238684","DxgKrnl","10011","정보",,""
"20:07:31.4244602","DxgKrnl","10011","정보",,""
"20:07:31.4245304","DxgKrnl","10011","정보",,""
"20:07:31.4289502","DxgKrnl","10011","정보",,""
"20:07:31.4298678","DxgKrnl","10011","정보",,""
"20:07:31.4313716","DxgKrnl","10011","정보",,""
"20:07:31.4314472","DxgKrnl","10011","정보",,""
"20:07:31.4371804","DxgKrnl","10011","정보",,""
"20:07:31.4372590","DxgKrnl","10011","정보",,""
"20:07:31.5139215","Kernel-PnP","220","시작",,"Begin querying bus relations for device PCI\VEN_1002&DEV_7550&SUBSYS_E4891DA2&REV_C0\6&8916a45&0&00000009"
"20:07:31.5631306","DxgKrnl","10011","정보",,""
"20:07:31.5631332","Kernel-PnP","222","시작",,"End querying bus relations for device PCI\VEN_1002&DEV_7550&SUBSYS_E4891DA2&REV_C0\6&8916a45&0&00000009"
"20:07:31.5633656","DxgKrnl","10011","정보",,""
"20:07:31.5634458","Kernel-PnP","1010","시작",,"버스에 누락 된 것으로 보고 된 장치 DISPLAY\Default_Monitor\7&16b8ddb4&0&UID260이 (가) 제거 되었습니다. 제거 된 장치 수 | 개수: 1"
"20:07:31.5641606","Kernel-PnP","220","시작",,"Begin querying bus relations for device SWD\DRIVERENUM\AMDCP&7&16b8ddb4&0"
"20:07:31.5641730","Kernel-PnP","222","시작",,"End querying bus relations for device SWD\DRIVERENUM\AMDCP&7&16b8ddb4&0"
"20:07:31.5641906","Kernel-PnP","220","시작",,"Begin querying bus relations for device SWD\DRIVERENUM\AMDFDANS&7&16b8ddb4&0"
"20:07:31.5641927","Kernel-PnP","222","시작",,"End querying bus relations for device SWD\DRIVERENUM\AMDFDANS&7&16b8ddb4&0"
"20:07:31.5642094","Kernel-PnP","220","시작",,"Begin querying bus relations for device SWD\DRIVERENUM\AMDOCL&7&16b8ddb4&0"
"20:07:31.5642121","Kernel-PnP","222","시작",,"End querying bus relations for device SWD\DRIVERENUM\AMDOCL&7&16b8ddb4&0"
"20:07:31.5642209","Kernel-PnP","220","시작",,"Begin querying bus relations for device SWD\DRIVERENUM\AMDOGL&7&16b8ddb4&0"
"20:07:31.5642220","Kernel-PnP","222","시작",,"End querying bus relations for device SWD\DRIVERENUM\AMDOGL&7&16b8ddb4&0"
"20:07:31.5642268","Kernel-PnP","220","시작",,"Begin querying bus relations for device SWD\DRIVERENUM\AMDVLK&7&16b8ddb4&0"
"20:07:31.5642277","Kernel-PnP","222","시작",,"End querying bus relations for device SWD\DRIVERENUM\AMDVLK&7&16b8ddb4&0"
"20:07:31.5642337","Kernel-PnP","220","시작",,"Begin querying bus relations for device SWD\DRIVERENUM\AMDWIN&7&16b8ddb4&0"
"20:07:31.5642347","Kernel-PnP","222","시작",,"End querying bus relations for device SWD\DRIVERENUM\AMDWIN&7&16b8ddb4&0"
"20:07:31.5642404","Kernel-PnP","220","시작",,"Begin querying bus relations for device DISPLAY\BBC0104\7&16b8ddb4&0&UID265"
"20:07:31.5642456","Kernel-PnP","222","시작",,"End querying bus relations for device DISPLAY\BBC0104\7&16b8ddb4&0&UID265"
"20:07:31.5642525","Kernel-PnP","220","시작",,"Begin querying bus relations for device DISPLAY\SAM79DF\7&16b8ddb4&0&UID256"
"20:07:31.5642557","Kernel-PnP","222","시작",,"End querying bus relations for device DISPLAY\SAM79DF\7&16b8ddb4&0&UID256"
"20:07:31.5839909","DxgKrnl","10011","정보",,""
"20:07:31.5841036","DxgKrnl","10011","정보",,""
"20:07:31.5853698","DxgKrnl","10011","정보",,""
"20:07:31.5855357","DxgKrnl","10011","정보",,""
"20:07:31.5879411","DxgKrnl","10011","정보",,""
"20:07:31.5879751","DxgKrnl","10011","정보",,""
"20:07:31.5880868","DxgKrnl","10011","정보",,""
"20:07:31.5880912","DxgKrnl","10011","정보",,""
"20:07:31.5880939","DxgKrnl","10011","정보",,""
"20:07:31.5884314","DxgKrnl","10011","정보",,""
"20:07:31.5885064","DxgKrnl","10011","정보",,""
"20:07:31.5992431","DxgKrnl","10011","정보",,""
"20:07:31.6088148","DxgKrnl","10011","정보",,""
"20:07:31.6088653","DxgKrnl","10011","정보",,""
"20:07:31.6089183","DxgKrnl","10011","정보",,""
"20:07:31.6096589","DxgKrnl","10011","정보",,""
"20:07:31.6096931","DxgKrnl","10011","정보",,""
"20:07:31.6098010","DxgKrnl","10011","정보",,""
"20:07:31.6098379","DxgKrnl","10011","정보",,""
"20:07:31.6098396","DxgKrnl","10011","정보",,""
"20:07:31.6098696","DxgKrnl","10011","정보",,""
"20:07:31.6117381","DxgKrnl","10011","정보",,""
"20:07:31.6117550","DxgKrnl","10011","정보",,""
"20:07:31.6119336","DxgKrnl","10011","정보",,""
"20:07:31.6120840","DxgKrnl","10011","정보",,""
"20:07:31.6120850","DxgKrnl","10011","정보",,""
"20:07:31.6120924","DxgKrnl","10011","정보",,""
"20:07:31.6161875","DxgKrnl","10011","정보",,""
"20:07:31.6162301","DxgKrnl","10011","정보",,""
"20:07:31.6325212","DxgKrnl","10011","정보",,""
"20:07:31.6332483","DxgKrnl","10011","정보",,""
"20:07:31.6507239","DxgKrnl","10011","정보",,""
"20:07:31.6508150","DxgKrnl","10011","정보",,""
"20:07:31.6508172","DxgKrnl","10011","정보",,""
"20:07:31.6508635","DxgKrnl","10011","정보",,""
"20:07:31.6517015","DxgKrnl","10011","정보",,""
"20:07:31.6517688","DxgKrnl","10011","정보",,""
"20:07:31.6557177","DxgKrnl","10011","정보",,""
"20:07:31.6558078","DxgKrnl","10011","정보",,""
"20:07:31.6575097","DxgKrnl","10011","정보",,""
"20:07:31.6575705","DxgKrnl","10011","정보",,""
"20:07:31.6597747","DxgKrnl","10011","정보",,""
"20:07:31.6598330","DxgKrnl","10011","정보",,""
"20:07:31.6615737","DxgKrnl","10011","정보",,""
"20:07:31.6617044","DxgKrnl","10011","정보",,""
"20:07:31.7364807","DxgKrnl","10011","정보",,""
"20:07:31.7370230","DxgKrnl","10011","정보",,""
"20:07:31.7371626","DxgKrnl","10011","정보",,""
"20:07:31.7377385","DxgKrnl","10011","정보",,""
"20:07:31.7380719","DxgKrnl","10011","정보",,""
"20:07:31.7381608","DxgKrnl","10011","정보",,""
"20:07:31.7388455","DxgKrnl","10011","정보",,""
"20:07:31.7389186","DxgKrnl","10011","정보",,""
"20:07:31.7415209","DxgKrnl","10011","정보",,""
"20:07:31.7415678","DxgKrnl","10011","정보",,""
"20:07:31.7448500","DxgKrnl","10011","정보",,""
"20:07:31.7449056","DxgKrnl","10011","정보",,""
"20:07:31.7449606","DxgKrnl","10011","정보",,""
"20:07:31.7522100","DxgKrnl","10011","정보",,""
"20:07:31.7522562","DxgKrnl","10011","정보",,""
"20:07:31.7577593","DxgKrnl","10011","정보",,""
"20:07:31.7578798","DxgKrnl","10011","정보",,""
"20:07:31.7611835","DxgKrnl","10011","정보",,""
"20:07:31.7612494","DxgKrnl","10011","정보",,""
"20:07:31.7629638","DxgKrnl","10011","정보",,""
"20:07:31.7631549","DxgKrnl","10011","정보",,""
"20:07:31.7643107","DxgKrnl","10011","정보",,""
"20:07:31.7648496","DxgKrnl","10011","정보",,""
"20:07:31.7648691","DxgKrnl","10011","정보",,""
"20:07:31.7648706","DxgKrnl","10011","정보",,""
"20:07:31.7655601","DxgKrnl","10011","정보",,""
"20:07:31.7656163","DxgKrnl","10011","정보",,""
"20:07:31.7657969","DxgKrnl","10011","정보",,""
"20:07:31.7658037","DxgKrnl","10011","정보",,""
"20:07:31.7658782","DxgKrnl","10011","정보",,""
"20:07:31.7658848","DxgKrnl","10011","정보",,""
"20:07:31.7727110","DxgKrnl","10011","정보",,""
"20:07:31.7728051","DxgKrnl","10011","정보",,""
"20:07:31.9263963","DxgKrnl","10011","정보",,""
"20:07:31.9271509","DxgKrnl","10011","정보",,""
"20:07:34.8375409","DxgKrnl","10011","정보",,""
"20:07:34.8432887","DxgKrnl","10011","정보",,""
"20:07:35.0839918","Kernel-PnP","220","시작",,"Begin querying bus relations for device PCI\VEN_1002&DEV_7550&SUBSYS_E4891DA2&REV_C0\6&8916a45&0&00000009"
"20:07:35.0841124","DxgKrnl","10011","정보",,""
"20:07:35.0841238","DxgKrnl","10011","정보",,""
"20:07:35.0842200","DxgKrnl","10011","정보",,""
"20:07:35.0842629","DxgKrnl","10011","정보",,""
"20:07:35.0845192","DxgKrnl","10011","정보",,""
"20:07:35.0846561","DxgKrnl","10011","정보",,""
"20:07:35.0862118","DxgKrnl","10011","정보",,""
"20:07:35.0862635","DxgKrnl","10011","정보",,""
"20:07:35.0879189","DxgKrnl","10011","정보",,""
"20:07:35.0896656","DxgKrnl","10011","정보",,""
"20:07:35.0901487","Kernel-PnP","222","시작",,"End querying bus relations for device PCI\VEN_1002&DEV_7550&SUBSYS_E4891DA2&REV_C0\6&8916a45&0&00000009"
"20:07:35.0902169","Kernel-PnP","220","시작",,"Begin querying bus relations for device SWD\DRIVERENUM\AMDCP&7&16b8ddb4&0"
"20:07:35.0902188","Kernel-PnP","222","시작",,"End querying bus relations for device SWD\DRIVERENUM\AMDCP&7&16b8ddb4&0"
"20:07:35.0902247","Kernel-PnP","220","시작",,"Begin querying bus relations for device SWD\DRIVERENUM\AMDFDANS&7&16b8ddb4&0"
"20:07:35.0902255","Kernel-PnP","222","시작",,"End querying bus relations for device SWD\DRIVERENUM\AMDFDANS&7&16b8ddb4&0"
"20:07:35.0902293","Kernel-PnP","220","시작",,"Begin querying bus relations for device SWD\DRIVERENUM\AMDOCL&7&16b8ddb4&0"
"20:07:35.0902300","Kernel-PnP","222","시작",,"End querying bus relations for device SWD\DRIVERENUM\AMDOCL&7&16b8ddb4&0"
"20:07:35.0902342","Kernel-PnP","220","시작",,"Begin querying bus relations for device SWD\DRIVERENUM\AMDOGL&7&16b8ddb4&0"
"20:07:35.0902349","Kernel-PnP","222","시작",,"End querying bus relations for device SWD\DRIVERENUM\AMDOGL&7&16b8ddb4&0"
"20:07:35.0902391","Kernel-PnP","220","시작",,"Begin querying bus relations for device SWD\DRIVERENUM\AMDVLK&7&16b8ddb4&0"
"20:07:35.0902398","Kernel-PnP","222","시작",,"End querying bus relations for device SWD\DRIVERENUM\AMDVLK&7&16b8ddb4&0"
"20:07:35.0902434","Kernel-PnP","220","시작",,"Begin querying bus relations for device SWD\DRIVERENUM\AMDWIN&7&16b8ddb4&0"
"20:07:35.0902441","Kernel-PnP","222","시작",,"End querying bus relations for device SWD\DRIVERENUM\AMDWIN&7&16b8ddb4&0"
"20:07:35.0902482","Kernel-PnP","220","시작",,"Begin querying bus relations for device DISPLAY\BBC0104\7&16b8ddb4&0&UID265"
"20:07:35.0902528","Kernel-PnP","222","시작",,"End querying bus relations for device DISPLAY\BBC0104\7&16b8ddb4&0&UID265"
"20:07:35.0902587","Kernel-PnP","220","시작",,"Begin querying bus relations for device DISPLAY\SAM79DF\7&16b8ddb4&0&UID256"
"20:07:35.0902607","Kernel-PnP","222","시작",,"End querying bus relations for device DISPLAY\SAM79DF\7&16b8ddb4&0&UID256"
"20:07:35.0945744","DxgKrnl","10011","정보",,""
"20:07:35.0946115","DxgKrnl","10011","정보",,""
"20:07:35.0948020","DxgKrnl","10011","정보",,""
"20:07:35.0948077","DxgKrnl","10011","정보",,""
"20:07:35.0948100","DxgKrnl","10011","정보",,""
"20:07:35.0984508","DxgKrnl","10011","정보",,""
"20:07:35.0985398","DxgKrnl","10011","정보",,""
"20:07:35.0986381","Kernel-PnP","808","시작",,"End device add, status (STATUS_SUCCESS)"
"20:07:35.0989023","Kernel-PnP","220","시작",,"Begin querying bus relations for device DISPLAY\SAM7B0C\7&16b8ddb4&0&UID260"
"20:07:35.0989048","Kernel-PnP","222","시작",,"End querying bus relations for device DISPLAY\SAM7B0C\7&16b8ddb4&0&UID260"
"20:07:35.0991668","DxgKrnl","10011","정보",,""
"20:07:35.1194582","DxgKrnl","10011","정보",,""
"20:07:35.1195262","DxgKrnl","10011","정보",,""
"20:07:35.1195733","DxgKrnl","10011","정보",,""
"20:07:35.1209908","DxgKrnl","10011","정보",,""
"20:07:35.1210450","DxgKrnl","10011","정보",,""
"20:07:35.1211862","DxgKrnl","10011","정보",,""
"20:07:35.1212438","DxgKrnl","10011","정보",,""
"20:07:35.1212447","DxgKrnl","10011","정보",,""
"20:07:35.1212973","DxgKrnl","10011","정보",,""
"20:07:35.1212992","DxgKrnl","10011","정보",,""
"20:07:35.1213528","DxgKrnl","10011","정보",,""
"20:07:35.1213583","DxgKrnl","10011","정보",,""
"20:07:35.1214109","DxgKrnl","10011","정보",,""
"20:07:35.1234766","DxgKrnl","10011","정보",,""
"20:07:35.1234778","DxgKrnl","10011","정보",,""
"20:07:35.1235558","DxgKrnl","10011","정보",,""
"20:07:35.1235577","DxgKrnl","10011","정보",,""
"20:07:35.1236727","DxgKrnl","10011","정보",,""
"20:07:35.1236739","DxgKrnl","10011","정보",,""
"20:07:35.1238990","DxgKrnl","10011","정보",,""
"20:07:35.1239046","DxgKrnl","10011","정보",,""
"20:07:35.1241286","DxgKrnl","10011","정보",,""
"20:07:35.1241975","DxgKrnl","10011","정보",,""
"20:07:35.1311816","DxgKrnl","10011","정보",,""
"20:07:35.1312619","DxgKrnl","10011","정보",,""
"20:07:35.1312625","DxgKrnl","10011","정보",,""
"20:07:35.1313185","DxgKrnl","10011","정보",,""
"20:07:35.1313198","DxgKrnl","10011","정보",,""
"20:07:35.1313798","DxgKrnl","10011","정보",,""
"20:07:35.1313867","DxgKrnl","10011","정보",,""
"20:07:35.1314395","DxgKrnl","10011","정보",,""
"20:07:35.1318273","DxgKrnl","10011","정보",,""
"20:07:35.1318819","DxgKrnl","10011","정보",,""
"20:07:35.1367989","DxgKrnl","10011","정보",,""
"20:07:35.1368698","DxgKrnl","10011","정보",,""
"20:07:35.1425230","DxgKrnl","10011","정보",,""
"20:07:35.1432057","DxgKrnl","10011","정보",,""
"20:07:35.1481641","DxgKrnl","10011","정보",,""
"20:07:35.1481998","DxgKrnl","10011","정보",,""
"20:07:35.1482695","DxgKrnl","10011","정보",,""
"20:07:35.1482757","DxgKrnl","10011","정보",,""
"20:07:35.1482779","DxgKrnl","10011","정보",,""
"20:07:35.1526415","DxgKrnl","10011","정보",,""
"20:07:35.1527043","DxgKrnl","10011","정보",,""
"20:07:35.1556285","DxgKrnl","10011","정보",,""
"20:07:35.1556864","DxgKrnl","10011","정보",,""
"20:07:35.1557173","DxgKrnl","10011","정보",,""
"20:07:35.1560163","DxgKrnl","10011","정보",,""
"20:07:35.1560229","DxgKrnl","10011","정보",,""
"20:07:35.1560264","DxgKrnl","10011","정보",,""
"20:07:35.1560450","DxgKrnl","10011","정보",,""
"20:07:35.1561289","DxgKrnl","10011","정보",,""
"20:07:35.1563228","DxgKrnl","10011","정보",,""
"20:07:35.1563446","DxgKrnl","10011","정보",,""
"20:07:35.1564697","DxgKrnl","10011","정보",,""
"20:07:35.1564711","DxgKrnl","10011","정보",,""
"20:07:35.1564767","DxgKrnl","10011","정보",,""
"20:07:35.1564816","DxgKrnl","10011","정보",,""
"20:07:35.1565803","DxgKrnl","10011","정보",,""
"20:07:35.1621692","DxgKrnl","10011","정보",,""
"20:07:35.1622422","DxgKrnl","10011","정보",,""
"20:07:35.1685632","DxgKrnl","10011","정보",,""
"20:07:35.1686496","DxgKrnl","10011","정보",,""
"20:07:35.2609572","DxgKrnl","10011","정보",,""
"20:07:35.2619607","DxgKrnl","10011","정보",,""
"20:07:35.2727133","DxgKrnl","10011","정보",,""
"20:07:35.2731936","DxgKrnl","10011","정보",,""
"20:07:35.2745877","DxgKrnl","10011","정보",,""
"20:07:35.2746665","DxgKrnl","10011","정보",,""
"20:07:35.2758411","DxgKrnl","10011","정보",,""
"20:07:35.2759201","DxgKrnl","10011","정보",,""
"20:07:35.2759909","DxgKrnl","10011","정보",,""
"20:07:35.2761689","DxgKrnl","10011","정보",,""
"20:07:35.2762349","DxgKrnl","10011","정보",,""
"20:07:35.2767061","DxgKrnl","10011","정보",,""
"20:07:35.2767917","DxgKrnl","10011","정보",,""
"20:07:35.2772229","DxgKrnl","10011","정보",,""
"20:07:35.2774344","DxgKrnl","10011","정보",,""
"20:07:35.2781084","DxgKrnl","10011","정보",,""
"20:07:35.2789428","DxgKrnl","10011","정보",,""
"20:07:35.2805785","DxgKrnl","10011","정보",,""
"20:07:35.2805911","DxgKrnl","10011","정보",,""
"20:07:35.2805918","DxgKrnl","10011","정보",,""
"20:07:35.2807088","DxgKrnl","10011","정보",,""
"20:07:35.2819440","DxgKrnl","10011","정보",,""
"20:07:35.2820334","DxgKrnl","10011","정보",,""
"20:07:35.2823830","DxgKrnl","10011","정보",,""
"20:07:35.2825892","DxgKrnl","10011","정보",,""
"20:07:35.2898218","DxgKrnl","10011","정보",,""
"20:07:35.2898753","DxgKrnl","10011","정보",,""
"20:07:35.2898929","DxgKrnl","10011","정보",,""
"20:07:35.2900325","DxgKrnl","10011","정보",,""
"20:07:35.2900332","DxgKrnl","10011","정보",,""
"20:07:35.2920107","DxgKrnl","10011","정보",,""
"20:07:35.2933538","DxgKrnl","10011","정보",,""
"20:07:35.2933652","DxgKrnl","10011","정보",,""
"20:07:35.2933659","DxgKrnl","10011","정보",,""
"20:07:35.2938599","DxgKrnl","10011","정보",,""
"20:07:35.2939250","DxgKrnl","10011","정보",,""
"20:07:35.2941170","DxgKrnl","10011","정보",,""
"20:07:35.2942095","DxgKrnl","10011","정보",,""
"20:07:35.3506978","DxgKrnl","10011","정보",,""
"20:07:35.3514014","DxgKrnl","10011","정보",,""
"20:07:35.3627375","DxgKrnl","10011","정보",,""
"20:07:35.3628183","DxgKrnl","10011","정보",,""
"20:07:35.4180151","DxgKrnl","10011","정보",,""
"20:07:35.4180940","DxgKrnl","10011","정보",,""
"20:07:35.4180955","DxgKrnl","10011","정보",,""
"20:07:35.4181719","DxgKrnl","10011","정보",,""
"20:07:35.4181747","DxgKrnl","10011","정보",,""
"20:07:35.4182525","DxgKrnl","10011","정보",,""
"20:07:35.4182835","DxgKrnl","10011","정보",,""
"20:07:35.4183606","DxgKrnl","10011","정보",,""
