"Time","Provider","Id","Opcode","Task","Message"
"08:42:11.3988017","Kernel-PnP","220","시작",,"Begin querying bus relations for device STORAGE\Volume\{99e9578c-928f-11f1-8494-806e6f6e6963}#000000000D900000"
"08:42:11.3988108","Kernel-PnP","222","시작",,"End querying bus relations for device STORAGE\Volume\{99e9578c-928f-11f1-8494-806e6f6e6963}#000000000D900000"
"08:42:11.3988372","Kernel-PnP","220","시작",,"Begin querying bus relations for device STORAGE\VolumeSnapshot\HarddiskVolumeSnapshot1"
"08:42:11.3988384","Kernel-PnP","222","시작",,"End querying bus relations for device STORAGE\VolumeSnapshot\HarddiskVolumeSnapshot1"
"08:42:11.3988460","Kernel-PnP","220","시작",,"Begin querying bus relations for device STORAGE\VolumeSnapshot\HarddiskVolumeSnapshot2"
"08:42:11.3988472","Kernel-PnP","222","시작",,"End querying bus relations for device STORAGE\VolumeSnapshot\HarddiskVolumeSnapshot2"
"08:42:11.3988548","Kernel-PnP","220","시작",,"Begin querying bus relations for device STORAGE\VolumeSnapshot\HarddiskVolumeSnapshot3"
"08:42:11.3988555","Kernel-PnP","222","시작",,"End querying bus relations for device STORAGE\VolumeSnapshot\HarddiskVolumeSnapshot3"
"08:42:11.3988630","Kernel-PnP","220","시작",,"Begin querying bus relations for device STORAGE\VolumeSnapshot\HarddiskVolumeSnapshot4"
"08:42:11.3988643","Kernel-PnP","222","시작",,"End querying bus relations for device STORAGE\VolumeSnapshot\HarddiskVolumeSnapshot4"
"08:42:11.3988701","Kernel-PnP","220","시작",,"Begin querying bus relations for device STORAGE\VolumeSnapshot\HarddiskVolumeSnapshot5"
"08:42:11.3988714","Kernel-PnP","222","시작",,"End querying bus relations for device STORAGE\VolumeSnapshot\HarddiskVolumeSnapshot5"
"08:42:11.3988782","Kernel-PnP","220","시작",,"Begin querying bus relations for device STORAGE\VolumeSnapshot\HarddiskVolumeSnapshot6"
"08:42:11.3988790","Kernel-PnP","222","시작",,"End querying bus relations for device STORAGE\VolumeSnapshot\HarddiskVolumeSnapshot6"
"08:42:11.3988863","Kernel-PnP","220","시작",,"Begin querying bus relations for device STORAGE\VolumeSnapshot\HarddiskVolumeSnapshot7"
"08:42:11.3988872","Kernel-PnP","222","시작",,"End querying bus relations for device STORAGE\VolumeSnapshot\HarddiskVolumeSnapshot7"
"08:42:11.3988941","Kernel-PnP","220","시작",,"Begin querying bus relations for device STORAGE\VolumeSnapshot\HarddiskVolumeSnapshot8"
"08:42:11.3988954","Kernel-PnP","222","시작",,"End querying bus relations for device STORAGE\VolumeSnapshot\HarddiskVolumeSnapshot8"
"08:42:11.3989011","Kernel-PnP","220","시작",,"Begin querying bus relations for device STORAGE\VolumeSnapshot\HarddiskVolumeSnapshot9"
"08:42:11.3989022","Kernel-PnP","222","시작",,"End querying bus relations for device STORAGE\VolumeSnapshot\HarddiskVolumeSnapshot9"
"08:42:11.3989076","Kernel-PnP","220","시작",,"Begin querying bus relations for device STORAGE\VolumeSnapshot\HarddiskVolumeSnapshot10"
"08:42:11.3989084","Kernel-PnP","222","시작",,"End querying bus relations for device STORAGE\VolumeSnapshot\HarddiskVolumeSnapshot10"
"08:42:11.3989153","Kernel-PnP","220","시작",,"Begin querying bus relations for device STORAGE\VolumeSnapshot\HarddiskVolumeSnapshot11"
"08:42:11.3989169","Kernel-PnP","222","시작",,"End querying bus relations for device STORAGE\VolumeSnapshot\HarddiskVolumeSnapshot11"
"08:42:11.3989240","Kernel-PnP","220","시작",,"Begin querying bus relations for device STORAGE\VolumeSnapshot\HarddiskVolumeSnapshot12"
"08:42:11.3989248","Kernel-PnP","222","시작",,"End querying bus relations for device STORAGE\VolumeSnapshot\HarddiskVolumeSnapshot12"
"08:42:11.3989318","Kernel-PnP","220","시작",,"Begin querying bus relations for device STORAGE\VolumeSnapshot\HarddiskVolumeSnapshot13"
"08:42:11.3989325","Kernel-PnP","222","시작",,"End querying bus relations for device STORAGE\VolumeSnapshot\HarddiskVolumeSnapshot13"
"08:42:11.3989393","Kernel-PnP","220","시작",,"Begin querying bus relations for device STORAGE\VolumeSnapshot\HarddiskVolumeSnapshot14"
"08:42:11.3989402","Kernel-PnP","222","시작",,"End querying bus relations for device STORAGE\VolumeSnapshot\HarddiskVolumeSnapshot14"
"08:42:11.3989468","Kernel-PnP","220","시작",,"Begin querying bus relations for device STORAGE\VolumeSnapshot\HarddiskVolumeSnapshot15"
"08:42:11.3989479","Kernel-PnP","222","시작",,"End querying bus relations for device STORAGE\VolumeSnapshot\HarddiskVolumeSnapshot15"
"08:42:11.3989547","Kernel-PnP","220","시작",,"Begin querying bus relations for device STORAGE\VolumeSnapshot\HarddiskVolumeSnapshot16"
"08:42:11.3989557","Kernel-PnP","222","시작",,"End querying bus relations for device STORAGE\VolumeSnapshot\HarddiskVolumeSnapshot16"
"08:42:11.3989620","Kernel-PnP","220","시작",,"Begin querying bus relations for device STORAGE\VolumeSnapshot\HarddiskVolumeSnapshot17"
"08:42:11.3989630","Kernel-PnP","222","시작",,"End querying bus relations for device STORAGE\VolumeSnapshot\HarddiskVolumeSnapshot17"
"08:42:11.3989702","Kernel-PnP","220","시작",,"Begin querying bus relations for device STORAGE\VolumeSnapshot\HarddiskVolumeSnapshot18"
"08:42:11.3989710","Kernel-PnP","222","시작",,"End querying bus relations for device STORAGE\VolumeSnapshot\HarddiskVolumeSnapshot18"
"08:42:11.4014411","Kernel-PnP","400","시작",,"장치 STORAGE\VolumeSnapshot\HarddiskVolumeSnapshot19 구성되었습니다. | | 드라이버 이름: volsnap.inf | 드라이버 패키지 ID: volsnap.inf_amd64_da435361dee3ff66 | 클래스 GUID: {533c5b84-ec70-11d2-9505-00c04f79deaf} | 드라이버 버전: 06/21/2006 | 드라이버 버전: 10.0.26100.1 | 드라이버 공급자: Microsoft | 드라이버 섹션: volume_snapshot_install.NTamd64 | 드라이버 순위: 0xFF0000 | 일치하는 장치 ID: STORAGE\VolumeSnapshot | 초과 실행된 드라이버: | 장치 업데이트됨: false | 부모 장치: STORAGE\Volume\{99e9578c-928f-11f1-8494-806e6f6e6963}#000000000D900000"
"08:42:11.4018520","Kernel-PnP","410","시작",,"STORAGE\VolumeSnapshot\HarddiskVolumeSnapshot19 장치가 시작되었습니다. | | 드라이버 이름: volsnap.inf | 클래스 GUID: {533c5b84-ec70-11d2-9505-00c04f79deaf} | 서비스: | 하위 필터: | 상위 필터: "
"08:42:11.4018818","Kernel-PnP","220","시작",,"Begin querying bus relations for device STORAGE\VolumeSnapshot\HarddiskVolumeSnapshot19"
"08:42:11.4018834","Kernel-PnP","222","시작",,"End querying bus relations for device STORAGE\VolumeSnapshot\HarddiskVolumeSnapshot19"
"08:43:43.5948772","Kernel-PnP","220","시작",,"Begin querying bus relations for device HTREE\ROOT\0"
"08:43:43.5950652","Kernel-PnP","222","시작",,"End querying bus relations for device HTREE\ROOT\0"
"08:43:43.6140525","Kernel-PnP","220","시작",,"Begin querying bus relations for device SWD\PRINTENUM\PrintQueues"
"08:43:43.6140547","Kernel-PnP","222","시작",,"End querying bus relations for device SWD\PRINTENUM\PrintQueues"
"08:43:43.6147605","Kernel-PnP","220","시작",,"Begin querying bus relations for device SWD\PRINTENUM\PrintQueues"
"08:43:43.6147614","Kernel-PnP","222","시작",,"End querying bus relations for device SWD\PRINTENUM\PrintQueues"
"08:52:26.0776876","DxgKrnl","10011","정보",,""
"08:52:26.0777739","DxgKrnl","10011","정보",,""
"08:52:37.0210886","DxgKrnl","10011","정보",,""
"08:52:37.0212056","DxgKrnl","10011","정보",,""
"08:52:37.0278390","DxgKrnl","10011","정보",,""
"08:52:37.0279035","DxgKrnl","10011","정보",,""
"08:52:37.0280106","DxgKrnl","10011","정보",,""
"08:52:37.0280170","DxgKrnl","10011","정보",,""
"08:52:37.0280202","DxgKrnl","10011","정보",,""
"08:52:37.0334530","DxgKrnl","10011","정보",,""
"08:52:37.0335742","DxgKrnl","10011","정보",,""
"08:52:37.0381017","DxgKrnl","10011","정보",,""
"08:52:37.0381735","DxgKrnl","10011","정보",,""
"08:52:37.0382398","DxgKrnl","10011","정보",,""
"08:52:37.0394515","DxgKrnl","10011","정보",,""
"08:52:37.0395083","DxgKrnl","10011","정보",,""
"08:52:37.0395804","DxgKrnl","10011","정보",,""
"08:52:37.0396461","DxgKrnl","10011","정보",,""
"08:52:37.0396498","DxgKrnl","10011","정보",,""
"08:52:37.0397114","DxgKrnl","10011","정보",,""
"08:52:37.0397140","DxgKrnl","10011","정보",,""
"08:52:37.0397673","DxgKrnl","10011","정보",,""
"08:52:37.0397742","DxgKrnl","10011","정보",,""
"08:52:37.0398309","DxgKrnl","10011","정보",,""
"08:52:37.0413013","DxgKrnl","10011","정보",,""
"08:52:37.0413564","DxgKrnl","10011","정보",,""
"08:52:37.0414658","DxgKrnl","10011","정보",,""
"08:52:37.0415367","DxgKrnl","10011","정보",,""
"08:52:37.0416402","DxgKrnl","10011","정보",,""
"08:52:37.0416425","DxgKrnl","10011","정보",,""
"08:52:37.0527478","DxgKrnl","10011","정보",,""
"08:52:37.0533589","DxgKrnl","10011","정보",,""
"08:52:37.6202213","DxgKrnl","10011","정보",,""
"08:52:37.6203711","DxgKrnl","10011","정보",,""
"08:52:37.6281952","DxgKrnl","10011","정보",,""
"08:52:37.6283219","DxgKrnl","10011","정보",,""
"08:52:37.6283244","DxgKrnl","10011","정보",,""
"08:52:37.6284096","DxgKrnl","10011","정보",,""
"08:52:37.6284129","DxgKrnl","10011","정보",,""
"08:52:37.6284821","DxgKrnl","10011","정보",,""
"08:52:37.6285051","DxgKrnl","10011","정보",,""
"08:52:37.6285799","DxgKrnl","10011","정보",,""
"08:52:37.6287922","DxgKrnl","10011","정보",,""
"08:52:37.6288849","DxgKrnl","10011","정보",,""
"08:52:37.6288874","DxgKrnl","10011","정보",,""
"08:52:37.6289547","DxgKrnl","10011","정보",,""
"08:52:37.6289570","DxgKrnl","10011","정보",,""
"08:52:37.6290275","DxgKrnl","10011","정보",,""
"08:52:37.6290389","DxgKrnl","10011","정보",,""
"08:52:37.6291203","DxgKrnl","10011","정보",,""
"08:52:38.7045199","DxgKrnl","10011","정보",,""
"08:52:38.7047114","DxgKrnl","10011","정보",,""
"08:52:38.7047178","DxgKrnl","10011","정보",,""
"08:52:38.7047992","DxgKrnl","10011","정보",,""
"08:52:38.7048026","DxgKrnl","10011","정보",,""
"08:52:38.7049002","DxgKrnl","10011","정보",,""
"08:52:38.7049296","DxgKrnl","10011","정보",,""
"08:52:38.7050146","DxgKrnl","10011","정보",,""
"08:52:38.9950638","DxgKrnl","10011","정보",,""
"08:52:38.9951924","DxgKrnl","10011","정보",,""
"08:52:39.1252007","DxgKrnl","10011","정보",,""
"08:52:42.4267719","DxgKrnl","10011","정보",,""
"08:52:42.4269651","DxgKrnl","10011","정보",,""
"08:52:42.4287848","DxgKrnl","10011","정보",,""
"08:52:42.4288136","DxgKrnl","10011","정보",,""
"08:52:42.4289006","DxgKrnl","10011","정보",,""
"08:52:42.4289051","DxgKrnl","10011","정보",,""
"08:52:42.4289082","DxgKrnl","10011","정보",,""
"08:52:42.4292829","DxgKrnl","10011","정보",,""
"08:52:42.4293545","DxgKrnl","10011","정보",,""
"08:52:42.6640520","DxgKrnl","10011","정보",,""
"08:52:42.6640834","DxgKrnl","10011","정보",,""
"08:52:42.6807290","DxgKrnl","10011","정보",,""
"08:52:42.6807920","DxgKrnl","10011","정보",,""
"08:52:42.6808323","DxgKrnl","10011","정보",,""
"08:52:42.6821430","DxgKrnl","10011","정보",,""
"08:52:42.6821859","DxgKrnl","10011","정보",,""
"08:52:42.6822583","DxgKrnl","10011","정보",,""
"08:52:42.6823005","DxgKrnl","10011","정보",,""
"08:52:42.6823023","DxgKrnl","10011","정보",,""
"08:52:42.6823438","DxgKrnl","10011","정보",,""
"08:52:42.6848153","DxgKrnl","10011","정보",,""
"08:52:42.6849036","DxgKrnl","10011","정보",,""
"08:52:42.6849642","DxgKrnl","10011","정보",,""
"08:52:42.6850536","DxgKrnl","10011","정보",,""
"08:52:42.6851399","DxgKrnl","10011","정보",,""
"08:52:42.6874334","DxgKrnl","10011","정보",,""
"08:52:42.6874848","DxgKrnl","10011","정보",,""
"08:52:42.6874862","DxgKrnl","10011","정보",,""
"08:52:42.6875307","DxgKrnl","10011","정보",,""
"08:52:42.6878695","DxgKrnl","10011","정보",,""
"08:52:42.6879126","DxgKrnl","10011","정보",,""
"08:52:42.6889671","DxgKrnl","10011","정보",,""
"08:52:42.6890645","DxgKrnl","10011","정보",,""
"08:52:42.6891161","DxgKrnl","10011","정보",,""
"08:52:42.6894864","DxgKrnl","10011","정보",,""
"08:52:42.6902474","DxgKrnl","10011","정보",,""
"08:52:42.6903058","DxgKrnl","10011","정보",,""
"08:52:42.6903649","DxgKrnl","10011","정보",,""
"08:52:42.6904232","DxgKrnl","10011","정보",,""
"08:52:42.6910407","DxgKrnl","10011","정보",,""
"08:52:42.6911011","DxgKrnl","10011","정보",,""
"08:52:42.6918976","DxgKrnl","10011","정보",,""
"08:52:42.6919559","DxgKrnl","10011","정보",,""
"08:52:42.6941564","DxgKrnl","10011","정보",,""
"08:52:42.6942087","DxgKrnl","10011","정보",,""
"08:52:42.6963795","DxgKrnl","10011","정보",,""
"08:52:42.6964771","DxgKrnl","10011","정보",,""
"08:52:42.6969215","DxgKrnl","10011","정보",,""
"08:52:42.6970094","DxgKrnl","10011","정보",,""
"08:52:42.6972110","DxgKrnl","10011","정보",,""
"08:52:42.6972932","DxgKrnl","10011","정보",,""
"08:52:42.6976782","DxgKrnl","10011","정보",,""
"08:52:42.6977270","DxgKrnl","10011","정보",,""
"08:52:42.6977280","DxgKrnl","10011","정보",,""
"08:52:42.6978622","DxgKrnl","10011","정보",,""
"08:52:42.6978624","DxgKrnl","10011","정보",,""
"08:52:42.7017041","DxgKrnl","10011","정보",,""
"08:52:42.7017605","DxgKrnl","10011","정보",,""
"08:52:42.7043119","DxgKrnl","10011","정보",,""
"08:52:42.7047517","DxgKrnl","10011","정보",,""
"08:52:42.7047658","DxgKrnl","10011","정보",,""
"08:52:42.7047725","DxgKrnl","10011","정보",,""
"08:52:42.7047734","DxgKrnl","10011","정보",,""
"08:52:42.7051849","DxgKrnl","10011","정보",,""
"08:52:42.7052521","DxgKrnl","10011","정보",,""
"08:52:42.7062007","DxgKrnl","10011","정보",,""
"08:52:42.7062294","DxgKrnl","10011","정보",,""
"08:52:42.7062891","DxgKrnl","10011","정보",,""
"08:52:42.7062934","DxgKrnl","10011","정보",,""
"08:52:42.7062955","DxgKrnl","10011","정보",,""
"08:52:42.7066535","DxgKrnl","10011","정보",,""
"08:52:42.7066976","DxgKrnl","10011","정보",,""
"08:52:42.7084200","DxgKrnl","10011","정보",,""
"08:52:42.7084645","DxgKrnl","10011","정보",,""
"08:52:42.7085092","DxgKrnl","10011","정보",,""
"08:52:42.7085569","DxgKrnl","10011","정보",,""
"08:52:42.7087319","DxgKrnl","10011","정보",,""
"08:52:42.7087660","DxgKrnl","10011","정보",,""
"08:52:42.7088732","DxgKrnl","10011","정보",,""
"08:52:42.7123748","DxgKrnl","10011","정보",,""
"08:52:42.7124263","DxgKrnl","10011","정보",,""
"08:52:42.7141990","DxgKrnl","10011","정보",,""
"08:52:42.7142773","DxgKrnl","10011","정보",,""
"08:52:42.7221829","DxgKrnl","10011","정보",,""
"08:52:42.7222709","DxgKrnl","10011","정보",,""
"08:52:42.7231389","DxgKrnl","10011","정보",,""
"08:52:42.7407333","DxgKrnl","10011","정보",,""
"08:52:42.8314261","DxgKrnl","10011","정보",,""
"08:52:42.8315319","DxgKrnl","10011","정보",,""
"08:52:46.3258021","DxgKrnl","10011","정보",,""
"08:52:46.3263332","DxgKrnl","10011","정보",,""
"08:53:00.4674444","Kernel-PnP","220","시작",,"Begin querying bus relations for device ROOT\SYSTEM\0001"
"08:53:00.4674491","Kernel-PnP","222","시작",,"End querying bus relations for device ROOT\SYSTEM\0001"
"08:53:00.4791648","Kernel-PnP","808","시작",,"End device add, status (STATUS_SUCCESS)"
"08:53:00.4793160","Kernel-PnP","808","시작",,"End device add, status (STATUS_SUCCESS)"
"08:53:00.4797640","Kernel-PnP","220","시작",,"Begin querying bus relations for device LGHUBDevice\VID_046D&PID_C232\1&79f5d87&0&01"
"08:53:00.4797851","Kernel-PnP","222","시작",,"End querying bus relations for device LGHUBDevice\VID_046D&PID_C232\1&79f5d87&0&01"
"08:53:00.4805613","Kernel-PnP","808","시작",,"End device add, status (STATUS_SUCCESS)"
"08:53:00.4806859","Kernel-PnP","808","시작",,"End device add, status (STATUS_SUCCESS)"
"08:53:00.4812670","Kernel-PnP","220","시작",,"Begin querying bus relations for device HID\VID_046D&PID_C232\2&1a87f3a8&0&0000"
"08:53:00.4812700","Kernel-PnP","222","시작",,"End querying bus relations for device HID\VID_046D&PID_C232\2&1a87f3a8&0&0000"
"08:53:00.4812965","Kernel-PnP","220","시작",,"Begin querying bus relations for device LGHUBDevice\VID_046D&PID_C232\1&79f5d87&0&01"
"08:53:00.4813148","Kernel-PnP","222","시작",,"End querying bus relations for device LGHUBDevice\VID_046D&PID_C232\1&79f5d87&0&01"
"08:53:00.4813279","Kernel-PnP","220","시작",,"Begin querying bus relations for device HID\VID_046D&PID_C232\2&1a87f3a8&0&0000"
"08:53:00.4813305","Kernel-PnP","222","시작",,"End querying bus relations for device HID\VID_046D&PID_C232\2&1a87f3a8&0&0000"
"08:53:04.1103251","DxgKrnl","10011","정보",,""
"08:53:04.1104025","DxgKrnl","10011","정보",,""
"08:54:17.8401371","DxgKrnl","10011","정보",,""
"08:54:17.8402025","DxgKrnl","10011","정보",,""
"08:54:17.8484589","DxgKrnl","10011","정보",,""
"08:54:17.8485078","DxgKrnl","10011","정보",,""
"08:54:17.8485677","DxgKrnl","10011","정보",,""
"08:54:17.8485724","DxgKrnl","10011","정보",,""
"08:54:17.8485747","DxgKrnl","10011","정보",,""
"08:54:17.8522166","DxgKrnl","10011","정보",,""
"08:54:17.8522719","DxgKrnl","10011","정보",,""
"08:54:18.1333745","DxgKrnl","10011","정보",,""
"08:54:18.1333941","DxgKrnl","10011","정보",,""
"08:54:18.1431769","DxgKrnl","10011","정보",,""
"08:54:18.1432524","DxgKrnl","10011","정보",,""
"08:54:18.1433050","DxgKrnl","10011","정보",,""
"08:54:18.1445447","DxgKrnl","10011","정보",,""
"08:54:18.1445999","DxgKrnl","10011","정보",,""
"08:54:18.1448723","DxgKrnl","10011","정보",,""
"08:54:18.1449321","DxgKrnl","10011","정보",,""
"08:54:18.1449338","DxgKrnl","10011","정보",,""
"08:54:18.1449882","DxgKrnl","10011","정보",,""
"08:54:18.1449904","DxgKrnl","10011","정보",,""
"08:54:18.1450430","DxgKrnl","10011","정보",,""
"08:54:18.1450497","DxgKrnl","10011","정보",,""
"08:54:18.1451056","DxgKrnl","10011","정보",,""
"08:54:18.1471263","DxgKrnl","10011","정보",,""
"08:54:18.1471808","DxgKrnl","10011","정보",,""
"08:54:18.1471899","DxgKrnl","10011","정보",,""
"08:54:18.1472187","DxgKrnl","10011","정보",,""
"08:54:18.1474376","DxgKrnl","10011","정보",,""
"08:54:18.1474421","DxgKrnl","10011","정보",,""
"08:54:18.1474502","DxgKrnl","10011","정보",,""
"08:54:18.1483398","DxgKrnl","10011","정보",,""
"08:54:18.1490418","DxgKrnl","10011","정보",,""
"08:54:18.1491195","DxgKrnl","10011","정보",,""
"08:54:18.1501349","DxgKrnl","10011","정보",,""
"08:54:18.1501999","DxgKrnl","10011","정보",,""
"08:54:18.1502029","DxgKrnl","10011","정보",,""
"08:54:18.1502594","DxgKrnl","10011","정보",,""
"08:54:18.1502618","DxgKrnl","10011","정보",,""
"08:54:18.1503141","DxgKrnl","10011","정보",,""
"08:54:18.1503223","DxgKrnl","10011","정보",,""
"08:54:18.1503745","DxgKrnl","10011","정보",,""
"08:54:18.1509734","DxgKrnl","10011","정보",,""
"08:54:18.1510248","DxgKrnl","10011","정보",,""
"08:54:18.1514434","DxgKrnl","10011","정보",,""
"08:54:18.1515185","DxgKrnl","10011","정보",,""
"08:54:18.1522591","DxgKrnl","10011","정보",,""
"08:54:18.1523256","DxgKrnl","10011","정보",,""
"08:54:18.1523900","DxgKrnl","10011","정보",,""
"08:54:18.1530775","DxgKrnl","10011","정보",,""
"08:54:18.1532039","DxgKrnl","10011","정보",,""
"08:54:18.1532685","DxgKrnl","10011","정보",,""
"08:54:18.1539522","DxgKrnl","10011","정보",,""
"08:54:18.1540160","DxgKrnl","10011","정보",,""
"08:54:18.1547576","DxgKrnl","10011","정보",,""
"08:54:18.1553758","DxgKrnl","10011","정보",,""
"08:54:18.1572751","DxgKrnl","10011","정보",,""
"08:54:18.1573147","DxgKrnl","10011","정보",,""
"08:54:18.1573968","DxgKrnl","10011","정보",,""
"08:54:18.1574010","DxgKrnl","10011","정보",,""
"08:54:18.1576439","DxgKrnl","10011","정보",,""
"08:54:18.1582172","DxgKrnl","10011","정보",,""
"08:54:18.1582854","DxgKrnl","10011","정보",,""
"08:54:18.1627239","DxgKrnl","10011","정보",,""
"08:54:18.1627655","DxgKrnl","10011","정보",,""
"08:54:18.1629946","DxgKrnl","10011","정보",,""
"08:54:18.1630186","DxgKrnl","10011","정보",,""
"08:54:18.1630323","DxgKrnl","10011","정보",,""
"08:54:18.1638219","DxgKrnl","10011","정보",,""
"08:54:18.1639727","DxgKrnl","10011","정보",,""
"08:54:18.1650848","DxgKrnl","10011","정보",,""
"08:54:18.1651523","DxgKrnl","10011","정보",,""
"08:54:18.1699334","DxgKrnl","10011","정보",,""
"08:54:18.1699723","DxgKrnl","10011","정보",,""
"08:54:18.1699748","DxgKrnl","10011","정보",,""
"08:54:18.1699974","DxgKrnl","10011","정보",,""
"08:54:18.1706405","DxgKrnl","10011","정보",,""
"08:54:18.1706518","DxgKrnl","10011","정보",,""
"08:54:18.1706596","DxgKrnl","10011","정보",,""
"08:54:18.1706730","DxgKrnl","10011","정보",,""
"08:54:18.1706963","DxgKrnl","10011","정보",,""
"08:54:18.1710197","DxgKrnl","10011","정보",,""
"08:54:18.1711196","DxgKrnl","10011","정보",,""
"08:54:18.1715966","DxgKrnl","10011","정보",,""
"08:54:18.1717329","DxgKrnl","10011","정보",,""
"08:54:18.1717333","DxgKrnl","10011","정보",,""
"08:54:18.1717373","DxgKrnl","10011","정보",,""
"08:54:18.1718798","DxgKrnl","10011","정보",,""
"08:54:18.1720310","DxgKrnl","10011","정보",,""
"08:54:18.1720346","DxgKrnl","10011","정보",,""
"08:54:18.1720365","DxgKrnl","10011","정보",,""
"08:54:18.1720388","DxgKrnl","10011","정보",,""
"08:54:18.1774012","DxgKrnl","10011","정보",,""
"08:54:18.1774408","DxgKrnl","10011","정보",,""
"08:54:18.1775214","DxgKrnl","10011","정보",,""
"08:54:18.1775678","DxgKrnl","10011","정보",,""
"08:54:18.1776415","DxgKrnl","10011","정보",,""
"08:54:18.1777250","DxgKrnl","10011","정보",,""
"08:54:18.1780247","DxgKrnl","10011","정보",,""
"08:54:18.1780535","DxgKrnl","10011","정보",,""
"08:54:18.1781185","DxgKrnl","10011","정보",,""
"08:54:18.1827318","DxgKrnl","10011","정보",,""
"08:54:18.1828558","DxgKrnl","10011","정보",,""
"08:54:18.1840911","DxgKrnl","10011","정보",,""
"08:54:18.1841603","DxgKrnl","10011","정보",,""
"08:54:18.1896818","DxgKrnl","10011","정보",,""
"08:54:18.1897494","DxgKrnl","10011","정보",,""
"08:54:18.1930386","DxgKrnl","10011","정보",,""
"08:54:18.1946500","DxgKrnl","10011","정보",,""
"08:54:18.1946688","DxgKrnl","10011","정보",,""
"08:54:18.1946723","DxgKrnl","10011","정보",,""
"08:54:18.1946730","DxgKrnl","10011","정보",,""
"08:54:18.1955943","DxgKrnl","10011","정보",,""
"08:54:18.1956599","DxgKrnl","10011","정보",,""
"08:54:18.2004915","DxgKrnl","10011","정보",,""
"08:54:18.2005558","DxgKrnl","10011","정보",,""
"08:54:18.2041402","DxgKrnl","10011","정보",,""
"08:54:18.2041860","DxgKrnl","10011","정보",,""
"08:54:18.2042516","DxgKrnl","10011","정보",,""
"08:54:18.2042566","DxgKrnl","10011","정보",,""
"08:54:18.2042588","DxgKrnl","10011","정보",,""
"08:54:18.2089067","DxgKrnl","10011","정보",,""
"08:54:18.2089688","DxgKrnl","10011","정보",,""
"08:54:18.2148557","DxgKrnl","10011","정보",,""
"08:54:18.2149199","DxgKrnl","10011","정보",,""
"08:54:18.2149773","DxgKrnl","10011","정보",,""
"08:54:18.2165176","DxgKrnl","10011","정보",,""
"08:54:18.2165843","DxgKrnl","10011","정보",,""
"08:54:18.2166691","DxgKrnl","10011","정보",,""
"08:54:18.2167453","DxgKrnl","10011","정보",,""
"08:54:18.2167495","DxgKrnl","10011","정보",,""
"08:54:18.2168147","DxgKrnl","10011","정보",,""
"08:54:18.2168187","DxgKrnl","10011","정보",,""
"08:54:18.2168826","DxgKrnl","10011","정보",,""
"08:54:18.2168909","DxgKrnl","10011","정보",,""
"08:54:18.2169545","DxgKrnl","10011","정보",,""
"08:54:18.2192283","DxgKrnl","10011","정보",,""
"08:54:18.2192668","DxgKrnl","10011","정보",,""
"08:54:18.2192681","DxgKrnl","10011","정보",,""
"08:54:18.2192686","DxgKrnl","10011","정보",,""
"08:54:18.2192750","DxgKrnl","10011","정보",,""
"08:54:18.2193365","DxgKrnl","10011","정보",,""
"08:54:18.2194225","DxgKrnl","10011","정보",,""
"08:54:18.2196123","DxgKrnl","10011","정보",,""
"08:54:18.2196901","DxgKrnl","10011","정보",,""
"08:54:18.2196917","DxgKrnl","10011","정보",,""
"08:54:18.2196921","DxgKrnl","10011","정보",,""
"08:54:18.2196934","DxgKrnl","10011","정보",,""
"08:54:18.2197828","DxgKrnl","10011","정보",,""
"08:54:18.2199953","DxgKrnl","10011","정보",,""
"08:54:18.2263408","DxgKrnl","10011","정보",,""
"08:54:18.2264354","DxgKrnl","10011","정보",,""
"08:54:18.2265026","DxgKrnl","10011","정보",,""
"08:54:18.2278366","DxgKrnl","10011","정보",,""
"08:54:18.2280495","DxgKrnl","10011","정보",,""
"08:54:18.2290692","DxgKrnl","10011","정보",,""
"08:54:18.2316494","DxgKrnl","10011","정보",,""
"08:54:18.2329778","DxgKrnl","10011","정보",,""
"08:54:18.2329962","DxgKrnl","10011","정보",,""
"08:54:18.2330014","DxgKrnl","10011","정보",,""
"08:54:18.2330022","DxgKrnl","10011","정보",,""
"08:54:18.2332816","DxgKrnl","10011","정보",,""
"08:54:18.2333641","DxgKrnl","10011","정보",,""
"08:54:18.2347944","DxgKrnl","10011","정보",,""
"08:54:18.2348550","DxgKrnl","10011","정보",,""
"08:54:18.2350889","DxgKrnl","10011","정보",,""
"08:54:18.2351965","DxgKrnl","10011","정보",,""
"08:54:18.2358523","DxgKrnl","10011","정보",,""
"08:54:18.2368498","DxgKrnl","10011","정보",,""
"08:54:18.2438473","DxgKrnl","10011","정보",,""
"08:54:18.2439191","DxgKrnl","10011","정보",,""
"08:54:18.2510450","DxgKrnl","10011","정보",,""
"08:54:18.2511138","DxgKrnl","10011","정보",,""
"08:54:18.2562874","DxgKrnl","10011","정보",,""
"08:54:18.2563904","DxgKrnl","10011","정보",,""
"08:54:18.2565688","DxgKrnl","10011","정보",,""
"08:54:18.2566375","DxgKrnl","10011","정보",,""
"08:54:18.2579090","DxgKrnl","10011","정보",,""
"08:54:18.2580017","DxgKrnl","10011","정보",,""
"08:54:18.2846749","DxgKrnl","10011","정보",,""
"08:54:18.2857314","DxgKrnl","10011","정보",,""
"08:54:18.2933868","Kernel-PnP","220","시작",,"Begin querying bus relations for device PCI\VEN_1002&DEV_7550&SUBSYS_E4891DA2&REV_C0\6&8916a45&0&00000009"
"08:54:18.3979201","DxgKrnl","10011","정보",,""
"08:54:18.3980423","Kernel-PnP","222","시작",,"End querying bus relations for device PCI\VEN_1002&DEV_7550&SUBSYS_E4891DA2&REV_C0\6&8916a45&0&00000009"
"08:54:18.3980939","DxgKrnl","10011","정보",,""
"08:54:18.3983598","DxgKrnl","10011","정보",,""
"08:54:18.3983690","DxgKrnl","10011","정보",,""
"08:54:18.3983816","Kernel-PnP","1010","시작",,"버스에 누락 된 것으로 보고 된 장치 DISPLAY\SAM79DF\7&16b8ddb4&0&UID256이 (가) 제거 되었습니다. 제거 된 장치 수 | 개수: 1"
"08:54:18.3990623","Kernel-PnP","220","시작",,"Begin querying bus relations for device SWD\DRIVERENUM\AMDCP&7&16b8ddb4&0"
"08:54:18.3990648","Kernel-PnP","222","시작",,"End querying bus relations for device SWD\DRIVERENUM\AMDCP&7&16b8ddb4&0"
"08:54:18.3990766","Kernel-PnP","220","시작",,"Begin querying bus relations for device SWD\DRIVERENUM\AMDFDANS&7&16b8ddb4&0"
"08:54:18.3990776","Kernel-PnP","222","시작",,"End querying bus relations for device SWD\DRIVERENUM\AMDFDANS&7&16b8ddb4&0"
"08:54:18.3990882","Kernel-PnP","220","시작",,"Begin querying bus relations for device SWD\DRIVERENUM\AMDOCL&7&16b8ddb4&0"
"08:54:18.3990892","Kernel-PnP","222","시작",,"End querying bus relations for device SWD\DRIVERENUM\AMDOCL&7&16b8ddb4&0"
"08:54:18.3990960","Kernel-PnP","220","시작",,"Begin querying bus relations for device SWD\DRIVERENUM\AMDOGL&7&16b8ddb4&0"
"08:54:18.3990974","Kernel-PnP","222","시작",,"End querying bus relations for device SWD\DRIVERENUM\AMDOGL&7&16b8ddb4&0"
"08:54:18.3991037","Kernel-PnP","220","시작",,"Begin querying bus relations for device SWD\DRIVERENUM\AMDVLK&7&16b8ddb4&0"
"08:54:18.3991047","Kernel-PnP","222","시작",,"End querying bus relations for device SWD\DRIVERENUM\AMDVLK&7&16b8ddb4&0"
"08:54:18.3991097","Kernel-PnP","220","시작",,"Begin querying bus relations for device SWD\DRIVERENUM\AMDWIN&7&16b8ddb4&0"
"08:54:18.3991108","Kernel-PnP","222","시작",,"End querying bus relations for device SWD\DRIVERENUM\AMDWIN&7&16b8ddb4&0"
"08:54:18.3991162","Kernel-PnP","220","시작",,"Begin querying bus relations for device DISPLAY\SAM7B0C\7&16b8ddb4&0&UID260"
"08:54:18.3991213","Kernel-PnP","222","시작",,"End querying bus relations for device DISPLAY\SAM7B0C\7&16b8ddb4&0&UID260"
"08:54:18.3991271","Kernel-PnP","220","시작",,"Begin querying bus relations for device DISPLAY\BBC0104\7&16b8ddb4&0&UID265"
"08:54:18.3991298","Kernel-PnP","222","시작",,"End querying bus relations for device DISPLAY\BBC0104\7&16b8ddb4&0&UID265"
"08:54:18.3991485","Kernel-PnP","220","시작",,"Begin querying bus relations for device PCI\VEN_1002&DEV_7550&SUBSYS_E4891DA2&REV_C0\6&8916a45&0&00000009"
"08:54:18.4991175","DxgKrnl","10011","정보",,""
"08:54:18.4991931","DxgKrnl","10011","정보",,""
"08:54:18.4992108","Kernel-PnP","222","시작",,"End querying bus relations for device PCI\VEN_1002&DEV_7550&SUBSYS_E4891DA2&REV_C0\6&8916a45&0&00000009"
"08:54:18.4993904","Kernel-PnP","1010","시작",,"버스에 누락 된 것으로 보고 된 장치 DISPLAY\SAM7B0C\7&16b8ddb4&0&UID260이 (가) 제거 되었습니다. 제거 된 장치 수 | 개수: 1"
"08:54:18.4995572","DxgKrnl","10011","정보",,""
"08:54:18.4995591","DxgKrnl","10011","정보",,""
"08:54:18.4997040","DxgKrnl","10011","정보",,""
"08:54:18.4997100","DxgKrnl","10011","정보",,""
"08:54:18.4998814","DxgKrnl","10011","정보",,""
"08:54:18.4999435","DxgKrnl","10011","정보",,""
"08:54:18.5001101","Kernel-PnP","220","시작",,"Begin querying bus relations for device SWD\DRIVERENUM\AMDCP&7&16b8ddb4&0"
"08:54:18.5001126","Kernel-PnP","222","시작",,"End querying bus relations for device SWD\DRIVERENUM\AMDCP&7&16b8ddb4&0"
"08:54:18.5001277","Kernel-PnP","220","시작",,"Begin querying bus relations for device SWD\DRIVERENUM\AMDFDANS&7&16b8ddb4&0"
"08:54:18.5001288","Kernel-PnP","222","시작",,"End querying bus relations for device SWD\DRIVERENUM\AMDFDANS&7&16b8ddb4&0"
"08:54:18.5001352","Kernel-PnP","220","시작",,"Begin querying bus relations for device SWD\DRIVERENUM\AMDOCL&7&16b8ddb4&0"
"08:54:18.5001360","Kernel-PnP","222","시작",,"End querying bus relations for device SWD\DRIVERENUM\AMDOCL&7&16b8ddb4&0"
"08:54:18.5001411","Kernel-PnP","220","시작",,"Begin querying bus relations for device SWD\DRIVERENUM\AMDOGL&7&16b8ddb4&0"
"08:54:18.5001420","Kernel-PnP","222","시작",,"End querying bus relations for device SWD\DRIVERENUM\AMDOGL&7&16b8ddb4&0"
"08:54:18.5001480","Kernel-PnP","220","시작",,"Begin querying bus relations for device SWD\DRIVERENUM\AMDVLK&7&16b8ddb4&0"
"08:54:18.5001489","Kernel-PnP","222","시작",,"End querying bus relations for device SWD\DRIVERENUM\AMDVLK&7&16b8ddb4&0"
"08:54:18.5001550","Kernel-PnP","220","시작",,"Begin querying bus relations for device SWD\DRIVERENUM\AMDWIN&7&16b8ddb4&0"
"08:54:18.5001559","Kernel-PnP","222","시작",,"End querying bus relations for device SWD\DRIVERENUM\AMDWIN&7&16b8ddb4&0"
"08:54:18.5001619","Kernel-PnP","220","시작",,"Begin querying bus relations for device DISPLAY\BBC0104\7&16b8ddb4&0&UID265"
"08:54:18.5001662","Kernel-PnP","222","시작",,"End querying bus relations for device DISPLAY\BBC0104\7&16b8ddb4&0&UID265"
"08:54:18.5248506","DxgKrnl","10011","정보",,""
"08:54:18.5472867","DxgKrnl","10011","정보",,""
"08:54:18.5570718","DxgKrnl","10011","정보",,""
"08:54:18.5572932","DxgKrnl","10011","정보",,""
"08:54:18.5575025","DxgKrnl","10011","정보",,""
"08:54:18.5576512","DxgKrnl","10011","정보",,""
"08:54:18.5579105","DxgKrnl","10011","정보",,""
"08:54:18.5579892","DxgKrnl","10011","정보",,""
"08:54:18.5580411","DxgKrnl","10011","정보",,""
"08:54:18.5580988","DxgKrnl","10011","정보",,""
"08:54:18.5581622","DxgKrnl","10011","정보",,""
"08:54:18.5596454","DxgKrnl","10011","정보",,""
"08:54:18.5596730","DxgKrnl","10011","정보",,""
"08:54:18.5597845","DxgKrnl","10011","정보",,""
"08:54:18.5597874","DxgKrnl","10011","정보",,""
"08:54:18.5612454","DxgKrnl","10011","정보",,""
"08:54:18.5612704","DxgKrnl","10011","정보",,""
"08:54:18.5614006","DxgKrnl","10011","정보",,""
"08:54:18.5614144","DxgKrnl","10011","정보",,""
"08:54:18.5619615","DxgKrnl","10011","정보",,""
"08:54:18.5619623","DxgKrnl","10011","정보",,""
"08:54:18.5620981","DxgKrnl","10011","정보",,""
"08:54:18.5621007","DxgKrnl","10011","정보",,""
"08:54:18.5632096","DxgKrnl","10011","정보",,""
"08:54:18.5632705","DxgKrnl","10011","정보",,""
"08:54:18.5647809","DxgKrnl","10011","정보",,""
"08:54:18.5648422","DxgKrnl","10011","정보",,""
"08:54:18.5650382","DxgKrnl","10011","정보",,""
"08:54:18.5659009","DxgKrnl","10011","정보",,""
"08:54:18.5659431","DxgKrnl","10011","정보",,""
"08:54:18.5660031","DxgKrnl","10011","정보",,""
"08:54:18.5669628","DxgKrnl","10011","정보",,""
"08:54:18.5670276","DxgKrnl","10011","정보",,""
"08:54:18.5710159","DxgKrnl","10011","정보",,""
"08:54:18.5711270","DxgKrnl","10011","정보",,""
"08:54:18.5714045","DxgKrnl","10011","정보",,""
"08:54:18.5738428","DxgKrnl","10011","정보",,""
"08:54:18.5738438","DxgKrnl","10011","정보",,""
"08:54:18.5739789","DxgKrnl","10011","정보",,""
"08:54:18.5739792","DxgKrnl","10011","정보",,""
"08:54:18.5745601","DxgKrnl","10011","정보",,""
"08:54:18.5746271","DxgKrnl","10011","정보",,""
"08:54:18.5750583","DxgKrnl","10011","정보",,""
"08:54:18.5750585","DxgKrnl","10011","정보",,""
"08:54:18.5752028","DxgKrnl","10011","정보",,""
"08:54:18.5752043","DxgKrnl","10011","정보",,""
"08:54:18.5772372","DxgKrnl","10011","정보",,""
"08:54:18.5773081","DxgKrnl","10011","정보",,""
"08:54:18.5922221","DxgKrnl","10011","정보",,""
"08:54:18.5928307","DxgKrnl","10011","정보",,""
"08:54:18.6065192","DxgKrnl","10011","정보",,""
"08:54:18.6065882","DxgKrnl","10011","정보",,""
"08:54:18.6172775","DxgKrnl","10011","정보",,""
"08:54:18.6173441","DxgKrnl","10011","정보",,""
"08:54:18.6187458","DxgKrnl","10011","정보",,""
"08:54:18.6188110","DxgKrnl","10011","정보",,""
"08:54:18.6202200","DxgKrnl","10011","정보",,""
"08:54:18.6202449","DxgKrnl","10011","정보",,""
"08:54:18.6203068","DxgKrnl","10011","정보",,""
"08:54:18.6203223","DxgKrnl","10011","정보",,""
"08:54:18.6203244","DxgKrnl","10011","정보",,""
"08:54:18.6206746","DxgKrnl","10011","정보",,""
"08:54:18.6207272","DxgKrnl","10011","정보",,""
"08:54:18.6704783","DxgKrnl","10011","정보",,""
"08:54:18.6776804","DxgKrnl","10011","정보",,""
"08:54:18.6777545","DxgKrnl","10011","정보",,""
"08:54:18.6778026","DxgKrnl","10011","정보",,""
"08:54:18.6780114","DxgKrnl","10011","정보",,""
"08:54:18.6780906","DxgKrnl","10011","정보",,""
"08:54:18.6783022","DxgKrnl","10011","정보",,""
"08:54:18.6783460","DxgKrnl","10011","정보",,""
"08:54:18.6783477","DxgKrnl","10011","정보",,""
"08:54:18.6783879","DxgKrnl","10011","정보",,""
"08:54:18.6798792","DxgKrnl","10011","정보",,""
"08:54:18.6799361","DxgKrnl","10011","정보",,""
"08:54:18.6799835","DxgKrnl","10011","정보",,""
"08:54:18.6801950","DxgKrnl","10011","정보",,""
"08:54:18.6802516","DxgKrnl","10011","정보",,""
"08:54:18.6804869","DxgKrnl","10011","정보",,""
"08:54:18.6806873","DxgKrnl","10011","정보",,""
"08:54:18.6807805","DxgKrnl","10011","정보",,""
"08:54:18.6808194","DxgKrnl","10011","정보",,""
"08:54:18.6809262","DxgKrnl","10011","정보",,""
"08:54:18.6837702","DxgKrnl","10011","정보",,""
"08:54:18.6837763","DxgKrnl","10011","정보",,""
"08:54:18.6944805","DxgKrnl","10011","정보",,""
"08:54:18.6945945","DxgKrnl","10011","정보",,""
"08:54:18.6945956","DxgKrnl","10011","정보",,""
"08:54:18.6948320","DxgKrnl","10011","정보",,""
"08:54:18.6948378","DxgKrnl","10011","정보",,""
"08:54:18.6961721","DxgKrnl","10011","정보",,""
"08:54:18.6962236","DxgKrnl","10011","정보",,""
"08:54:18.6964456","DxgKrnl","10011","정보",,""
"08:54:18.6965606","DxgKrnl","10011","정보",,""
"08:54:18.6977436","DxgKrnl","10011","정보",,""
"08:54:18.6979333","DxgKrnl","10011","정보",,""
"08:54:18.6979847","DxgKrnl","10011","정보",,""
"08:54:18.6994977","DxgKrnl","10011","정보",,""
"08:54:18.6995438","DxgKrnl","10011","정보",,""
"08:54:18.7051900","DxgKrnl","10011","정보",,""
"08:54:18.7052423","DxgKrnl","10011","정보",,""
"08:54:18.7052435","DxgKrnl","10011","정보",,""
"08:54:18.7052835","DxgKrnl","10011","정보",,""
"08:54:18.7057895","DxgKrnl","10011","정보",,""
"08:54:18.7058284","DxgKrnl","10011","정보",,""
"08:54:18.7100190","DxgKrnl","10011","정보",,""
"08:54:18.7100978","DxgKrnl","10011","정보",,""
"08:54:18.7119496","DxgKrnl","10011","정보",,""
"08:54:18.7119996","DxgKrnl","10011","정보",,""
"08:54:18.7151002","DxgKrnl","10011","정보",,""
"08:54:18.7159044","DxgKrnl","10011","정보",,""
"08:54:18.7658757","DxgKrnl","10011","정보",,""
"08:54:18.7659580","DxgKrnl","10011","정보",,""
"08:54:18.7660379","DxgKrnl","10011","정보",,""
"08:54:18.7679088","DxgKrnl","10011","정보",,""
"08:54:18.7682980","DxgKrnl","10011","정보",,""
"08:54:18.7683117","DxgKrnl","10011","정보",,""
"08:54:18.7683146","DxgKrnl","10011","정보",,""
"08:54:18.7683153","DxgKrnl","10011","정보",,""
"08:54:18.7687237","DxgKrnl","10011","정보",,""
"08:54:18.7687876","DxgKrnl","10011","정보",,""
"08:54:18.7697990","DxgKrnl","10011","정보",,""
"08:54:18.7698585","DxgKrnl","10011","정보",,""
"08:54:18.7892181","DxgKrnl","10011","정보",,""
"08:54:18.7899492","DxgKrnl","10011","정보",,""
"08:54:18.8187931","DxgKrnl","10011","정보",,""
"08:54:18.8188584","DxgKrnl","10011","정보",,""
"08:54:20.2412213","DxgKrnl","10011","정보",,""
"08:54:20.3401986","Kernel-PnP","220","시작",,"Begin querying bus relations for device PCI\VEN_1002&DEV_7550&SUBSYS_E4891DA2&REV_C0\6&8916a45&0&00000009"
"08:54:20.3403122","DxgKrnl","10011","정보",,""
"08:54:20.3404063","DxgKrnl","10011","정보",,""
"08:54:20.3404620","DxgKrnl","10011","정보",,""
"08:54:20.3411897","DxgKrnl","10011","정보",,""
"08:54:20.3412439","DxgKrnl","10011","정보",,""
"08:54:20.3416292","DxgKrnl","10011","정보",,""
"08:54:20.3416801","DxgKrnl","10011","정보",,""
"08:54:20.3422541","DxgKrnl","10011","정보",,""
"08:54:20.3423361","DxgKrnl","10011","정보",,""
"08:54:20.3446805","Kernel-PnP","222","시작",,"End querying bus relations for device PCI\VEN_1002&DEV_7550&SUBSYS_E4891DA2&REV_C0\6&8916a45&0&00000009"
"08:54:20.3447106","DxgKrnl","10011","정보",,""
"08:54:20.3447396","DxgKrnl","10011","정보",,""
"08:54:20.3447553","Kernel-PnP","220","시작",,"Begin querying bus relations for device SWD\DRIVERENUM\AMDCP&7&16b8ddb4&0"
"08:54:20.3447569","Kernel-PnP","222","시작",,"End querying bus relations for device SWD\DRIVERENUM\AMDCP&7&16b8ddb4&0"
"08:54:20.3447639","Kernel-PnP","220","시작",,"Begin querying bus relations for device SWD\DRIVERENUM\AMDFDANS&7&16b8ddb4&0"
"08:54:20.3447647","Kernel-PnP","222","시작",,"End querying bus relations for device SWD\DRIVERENUM\AMDFDANS&7&16b8ddb4&0"
"08:54:20.3447705","Kernel-PnP","220","시작",,"Begin querying bus relations for device SWD\DRIVERENUM\AMDOCL&7&16b8ddb4&0"
"08:54:20.3447713","Kernel-PnP","222","시작",,"End querying bus relations for device SWD\DRIVERENUM\AMDOCL&7&16b8ddb4&0"
"08:54:20.3447785","Kernel-PnP","220","시작",,"Begin querying bus relations for device SWD\DRIVERENUM\AMDOGL&7&16b8ddb4&0"
"08:54:20.3447795","Kernel-PnP","222","시작",,"End querying bus relations for device SWD\DRIVERENUM\AMDOGL&7&16b8ddb4&0"
"08:54:20.3447848","Kernel-PnP","220","시작",,"Begin querying bus relations for device SWD\DRIVERENUM\AMDVLK&7&16b8ddb4&0"
"08:54:20.3447857","Kernel-PnP","222","시작",,"End querying bus relations for device SWD\DRIVERENUM\AMDVLK&7&16b8ddb4&0"
"08:54:20.3447926","Kernel-PnP","220","시작",,"Begin querying bus relations for device SWD\DRIVERENUM\AMDWIN&7&16b8ddb4&0"
"08:54:20.3447935","Kernel-PnP","222","시작",,"End querying bus relations for device SWD\DRIVERENUM\AMDWIN&7&16b8ddb4&0"
"08:54:20.3447986","Kernel-PnP","220","시작",,"Begin querying bus relations for device DISPLAY\BBC0104\7&16b8ddb4&0&UID265"
"08:54:20.3447987","DxgKrnl","10011","정보",,""
"08:54:20.3448039","Kernel-PnP","222","시작",,"End querying bus relations for device DISPLAY\BBC0104\7&16b8ddb4&0&UID265"
"08:54:20.3448042","DxgKrnl","10011","정보",,""
"08:54:20.3448070","DxgKrnl","10011","정보",,""
"08:54:20.3451751","DxgKrnl","10011","정보",,""
"08:54:20.3452236","DxgKrnl","10011","정보",,""
"08:54:20.3460648","Kernel-PnP","808","시작",,"End device add, status (STATUS_SUCCESS)"
"08:54:20.3464332","Kernel-PnP","220","시작",,"Begin querying bus relations for device DISPLAY\SAM79DF\7&16b8ddb4&0&UID256"
"08:54:20.3464359","Kernel-PnP","222","시작",,"End querying bus relations for device DISPLAY\SAM79DF\7&16b8ddb4&0&UID256"
"08:54:20.5791884","DxgKrnl","10011","정보",,""
"08:54:20.5804470","DxgKrnl","10011","정보",,""
"08:54:20.5882849","DxgKrnl","10011","정보",,""
"08:54:20.5883352","DxgKrnl","10011","정보",,""
"08:54:20.5883825","DxgKrnl","10011","정보",,""
"08:54:20.5889635","DxgKrnl","10011","정보",,""
"08:54:20.5889927","DxgKrnl","10011","정보",,""
"08:54:20.5890537","DxgKrnl","10011","정보",,""
"08:54:20.5890888","DxgKrnl","10011","정보",,""
"08:54:20.5890933","DxgKrnl","10011","정보",,""
"08:54:20.5891226","DxgKrnl","10011","정보",,""
"08:54:20.5906171","DxgKrnl","10011","정보",,""
"08:54:20.5906186","DxgKrnl","10011","정보",,""
"08:54:20.5906282","DxgKrnl","10011","정보",,""
"08:54:20.5907004","DxgKrnl","10011","정보",,""
"08:54:20.5907835","DxgKrnl","10011","정보",,""
"08:54:20.5908401","DxgKrnl","10011","정보",,""
"08:54:20.5908467","DxgKrnl","10011","정보",,""
"08:54:20.5908487","DxgKrnl","10011","정보",,""
"08:54:20.5920625","DxgKrnl","10011","정보",,""
"08:54:20.5921108","DxgKrnl","10011","정보",,""
"08:54:20.5921636","DxgKrnl","10011","정보",,""
"08:54:20.5962521","DxgKrnl","10011","정보",,""
"08:54:20.5962925","DxgKrnl","10011","정보",,""
"08:54:20.5964750","DxgKrnl","10011","정보",,""
"08:54:20.5965173","DxgKrnl","10011","정보",,""
"08:54:20.5997436","DxgKrnl","10011","정보",,""
"08:54:20.5997848","DxgKrnl","10011","정보",,""
"08:54:20.6013448","DxgKrnl","10011","정보",,""
"08:54:20.6013975","DxgKrnl","10011","정보",,""
"08:54:20.6022206","DxgKrnl","10011","정보",,""
"08:54:20.6025904","DxgKrnl","10011","정보",,""
"08:54:20.6030047","DxgKrnl","10011","정보",,""
"08:54:20.6030573","DxgKrnl","10011","정보",,""
"08:54:20.6030806","DxgKrnl","10011","정보",,""
"08:54:20.6031401","DxgKrnl","10011","정보",,""
"08:54:20.6031422","DxgKrnl","10011","정보",,""
"08:54:20.6065659","DxgKrnl","10011","정보",,""
"08:54:20.6066106","DxgKrnl","10011","정보",,""
"08:54:20.6075435","DxgKrnl","10011","정보",,""
"08:54:20.6079534","DxgKrnl","10011","정보",,""
"08:54:20.6079650","DxgKrnl","10011","정보",,""
"08:54:20.6079681","DxgKrnl","10011","정보",,""
"08:54:20.6079689","DxgKrnl","10011","정보",,""
"08:54:20.6080351","DxgKrnl","10011","정보",,""
"08:54:20.6081148","DxgKrnl","10011","정보",,""
"08:54:20.6083094","DxgKrnl","10011","정보",,""
"08:54:20.6083588","DxgKrnl","10011","정보",,""
"08:54:20.6122575","DxgKrnl","10011","정보",,""
"08:54:20.6128677","DxgKrnl","10011","정보",,""
"08:54:20.6128808","DxgKrnl","10011","정보",,""
"08:54:20.6130837","DxgKrnl","10011","정보",,""
"08:54:20.6131280","DxgKrnl","10011","정보",,""
"08:54:20.6131340","DxgKrnl","10011","정보",,""
"08:54:20.6131362","DxgKrnl","10011","정보",,""
"08:54:20.6135325","DxgKrnl","10011","정보",,""
"08:54:20.6135645","DxgKrnl","10011","정보",,""
"08:54:20.6151586","DxgKrnl","10011","정보",,""
"08:54:20.6151927","DxgKrnl","10011","정보",,""
"08:54:20.6152477","DxgKrnl","10011","정보",,""
"08:54:20.6154037","DxgKrnl","10011","정보",,""
"08:54:20.6154065","DxgKrnl","10011","정보",,""
"08:54:20.6154071","DxgKrnl","10011","정보",,""
"08:54:20.6154342","DxgKrnl","10011","정보",,""
"08:54:20.6156359","DxgKrnl","10011","정보",,""
"08:54:20.6156372","DxgKrnl","10011","정보",,""
"08:54:20.6156383","DxgKrnl","10011","정보",,""
"08:54:20.6156429","DxgKrnl","10011","정보",,""
"08:54:20.6200953","DxgKrnl","10011","정보",,""
"08:54:20.6201400","DxgKrnl","10011","정보",,""
"08:54:20.6232895","DxgKrnl","10011","정보",,""
"08:54:20.6233311","DxgKrnl","10011","정보",,""
"08:54:20.6242633","DxgKrnl","10011","정보",,""
"08:54:20.6243050","DxgKrnl","10011","정보",,""
"08:54:20.6255444","DxgKrnl","10011","정보",,""
"08:54:20.6381747","DxgKrnl","10011","정보",,""
"08:54:20.6423132","DxgKrnl","10011","정보",,""
"08:54:20.6431163","DxgKrnl","10011","정보",,""
"08:54:20.6491445","DxgKrnl","10011","정보",,""
"08:54:20.6491815","DxgKrnl","10011","정보",,""
"08:54:21.6505638","DxgKrnl","10011","정보",,""
"08:54:21.6559486","DxgKrnl","10011","정보",,""
"08:54:21.6559632","DxgKrnl","10011","정보",,""
"08:54:21.9004881","Kernel-PnP","220","시작",,"Begin querying bus relations for device PCI\VEN_1002&DEV_7550&SUBSYS_E4891DA2&REV_C0\6&8916a45&0&00000009"
"08:54:21.9011370","DxgKrnl","10011","정보",,""
"08:54:21.9011399","DxgKrnl","10011","정보",,""
"08:54:21.9011708","DxgKrnl","10011","정보",,""
"08:54:21.9024694","DxgKrnl","10011","정보",,""
"08:54:21.9025170","DxgKrnl","10011","정보",,""
"08:54:21.9032110","DxgKrnl","10011","정보",,""
"08:54:21.9032987","DxgKrnl","10011","정보",,""
"08:54:21.9051725","DxgKrnl","10011","정보",,""
"08:54:21.9051734","DxgKrnl","10011","정보",,""
"08:54:21.9051803","DxgKrnl","10011","정보",,""
"08:54:21.9052661","DxgKrnl","10011","정보",,""
"08:54:21.9052691","DxgKrnl","10011","정보",,""
"08:54:21.9053051","DxgKrnl","10011","정보",,""
"08:54:21.9054434","Kernel-PnP","222","시작",,"End querying bus relations for device PCI\VEN_1002&DEV_7550&SUBSYS_E4891DA2&REV_C0\6&8916a45&0&00000009"
"08:54:21.9055091","Kernel-PnP","220","시작",,"Begin querying bus relations for device SWD\DRIVERENUM\AMDCP&7&16b8ddb4&0"
"08:54:21.9055113","Kernel-PnP","222","시작",,"End querying bus relations for device SWD\DRIVERENUM\AMDCP&7&16b8ddb4&0"
"08:54:21.9055189","Kernel-PnP","220","시작",,"Begin querying bus relations for device SWD\DRIVERENUM\AMDFDANS&7&16b8ddb4&0"
"08:54:21.9055198","Kernel-PnP","222","시작",,"End querying bus relations for device SWD\DRIVERENUM\AMDFDANS&7&16b8ddb4&0"
"08:54:21.9055356","Kernel-PnP","220","시작",,"Begin querying bus relations for device SWD\DRIVERENUM\AMDOCL&7&16b8ddb4&0"
"08:54:21.9055365","Kernel-PnP","222","시작",,"End querying bus relations for device SWD\DRIVERENUM\AMDOCL&7&16b8ddb4&0"
"08:54:21.9055434","Kernel-PnP","220","시작",,"Begin querying bus relations for device SWD\DRIVERENUM\AMDOGL&7&16b8ddb4&0"
"08:54:21.9055446","Kernel-PnP","222","시작",,"End querying bus relations for device SWD\DRIVERENUM\AMDOGL&7&16b8ddb4&0"
"08:54:21.9055502","Kernel-PnP","220","시작",,"Begin querying bus relations for device SWD\DRIVERENUM\AMDVLK&7&16b8ddb4&0"
"08:54:21.9055513","Kernel-PnP","222","시작",,"End querying bus relations for device SWD\DRIVERENUM\AMDVLK&7&16b8ddb4&0"
"08:54:21.9055573","Kernel-PnP","220","시작",,"Begin querying bus relations for device SWD\DRIVERENUM\AMDWIN&7&16b8ddb4&0"
"08:54:21.9055589","Kernel-PnP","222","시작",,"End querying bus relations for device SWD\DRIVERENUM\AMDWIN&7&16b8ddb4&0"
"08:54:21.9055658","Kernel-PnP","220","시작",,"Begin querying bus relations for device DISPLAY\BBC0104\7&16b8ddb4&0&UID265"
"08:54:21.9055722","Kernel-PnP","222","시작",,"End querying bus relations for device DISPLAY\BBC0104\7&16b8ddb4&0&UID265"
"08:54:21.9055796","Kernel-PnP","220","시작",,"Begin querying bus relations for device DISPLAY\SAM79DF\7&16b8ddb4&0&UID256"
"08:54:21.9055821","Kernel-PnP","222","시작",,"End querying bus relations for device DISPLAY\SAM79DF\7&16b8ddb4&0&UID256"
"08:54:21.9105838","DxgKrnl","10011","정보",,""
"08:54:21.9106184","DxgKrnl","10011","정보",,""
"08:54:21.9106646","DxgKrnl","10011","정보",,""
"08:54:21.9106716","DxgKrnl","10011","정보",,""
"08:54:21.9106744","DxgKrnl","10011","정보",,""
"08:54:21.9106847","Kernel-PnP","808","시작",,"End device add, status (STATUS_SUCCESS)"
"08:54:21.9143304","DxgKrnl","10011","정보",,""
"08:54:21.9144149","DxgKrnl","10011","정보",,""
"08:54:21.9145211","Kernel-PnP","220","시작",,"Begin querying bus relations for device DISPLAY\SAM7B0C\7&16b8ddb4&0&UID260"
"08:54:21.9145271","Kernel-PnP","222","시작",,"End querying bus relations for device DISPLAY\SAM7B0C\7&16b8ddb4&0&UID260"
"08:54:21.9147194","DxgKrnl","10011","정보",,""
"08:54:22.2377464","DxgKrnl","10011","정보",,""
"08:54:22.2377736","DxgKrnl","10011","정보",,""
"08:54:22.2464273","DxgKrnl","10011","정보",,""
"08:54:22.2465534","DxgKrnl","10011","정보",,""
"08:54:22.2466228","DxgKrnl","10011","정보",,""
"08:54:22.2480315","DxgKrnl","10011","정보",,""
"08:54:22.2480845","DxgKrnl","10011","정보",,""
"08:54:22.2483114","DxgKrnl","10011","정보",,""
"08:54:22.2483763","DxgKrnl","10011","정보",,""
"08:54:22.2483799","DxgKrnl","10011","정보",,""
"08:54:22.2484401","DxgKrnl","10011","정보",,""
"08:54:22.2484425","DxgKrnl","10011","정보",,""
"08:54:22.2484936","DxgKrnl","10011","정보",,""
"08:54:22.2485035","DxgKrnl","10011","정보",,""
"08:54:22.2485629","DxgKrnl","10011","정보",,""
"08:54:22.2503813","DxgKrnl","10011","정보",,""
"08:54:22.2503838","DxgKrnl","10011","정보",,""
"08:54:22.2504443","DxgKrnl","10011","정보",,""
"08:54:22.2505830","DxgKrnl","10011","정보",,""
"08:54:22.2507185","DxgKrnl","10011","정보",,""
"08:54:22.2507444","DxgKrnl","10011","정보",,""
"08:54:22.2509999","DxgKrnl","10011","정보",,""
"08:54:22.2510676","DxgKrnl","10011","정보",,""
"08:54:22.2526948","DxgKrnl","10011","정보",,""
"08:54:22.2527418","DxgKrnl","10011","정보",,""
"08:54:22.2529541","DxgKrnl","10011","정보",,""
"08:54:22.2561268","DxgKrnl","10011","정보",,""
"08:54:22.2562377","DxgKrnl","10011","정보",,""
"08:54:22.2562541","DxgKrnl","10011","정보",,""
"08:54:22.2563903","DxgKrnl","10011","정보",,""
"08:54:22.2563926","DxgKrnl","10011","정보",,""
"08:54:22.2564451","DxgKrnl","10011","정보",,""
"08:54:22.2564478","DxgKrnl","10011","정보",,""
"08:54:22.2564995","DxgKrnl","10011","정보",,""
"08:54:22.2565086","DxgKrnl","10011","정보",,""
"08:54:22.2565589","DxgKrnl","10011","정보",,""
"08:54:22.2569571","DxgKrnl","10011","정보",,""
"08:54:22.2573182","DxgKrnl","10011","정보",,""
"08:54:22.2605928","DxgKrnl","10011","정보",,""
"08:54:22.2606523","DxgKrnl","10011","정보",,""
"08:54:22.2620034","DxgKrnl","10011","정보",,""
"08:54:22.2620898","DxgKrnl","10011","정보",,""
"08:54:22.2688343","DxgKrnl","10011","정보",,""
"08:54:22.2689365","DxgKrnl","10011","정보",,""
"08:54:22.2693376","DxgKrnl","10011","정보",,""
"08:54:22.2693907","DxgKrnl","10011","정보",,""
"08:54:22.2694553","DxgKrnl","10011","정보",,""
"08:54:22.2714913","DxgKrnl","10011","정보",,""
"08:54:22.2721803","DxgKrnl","10011","정보",,""
"08:54:22.2722513","DxgKrnl","10011","정보",,""
"08:54:22.2722543","DxgKrnl","10011","정보",,""
"08:54:22.2752664","DxgKrnl","10011","정보",,""
"08:54:22.2769277","DxgKrnl","10011","정보",,""
"08:54:22.2769449","DxgKrnl","10011","정보",,""
"08:54:22.2769504","DxgKrnl","10011","정보",,""
"08:54:22.2769514","DxgKrnl","10011","정보",,""
"08:54:22.2770338","DxgKrnl","10011","정보",,""
"08:54:22.2771189","DxgKrnl","10011","정보",,""
"08:54:22.2778747","DxgKrnl","10011","정보",,""
"08:54:22.2779695","DxgKrnl","10011","정보",,""
"08:54:22.2806472","DxgKrnl","10011","정보",,""
"08:54:22.2813563","DxgKrnl","10011","정보",,""
"08:54:22.2818377","DxgKrnl","10011","정보",,""
"08:54:22.2826200","DxgKrnl","10011","정보",,""
"08:54:22.2827130","DxgKrnl","10011","정보",,""
"08:54:22.2827211","DxgKrnl","10011","정보",,""
"08:54:22.2827243","DxgKrnl","10011","정보",,""
"08:54:22.2863633","DxgKrnl","10011","정보",,""
"08:54:22.2864215","DxgKrnl","10011","정보",,""
"08:54:22.2890588","DxgKrnl","10011","정보",,""
"08:54:22.2891207","DxgKrnl","10011","정보",,""
"08:54:22.2891698","DxgKrnl","10011","정보",,""
"08:54:22.2893661","DxgKrnl","10011","정보",,""
"08:54:22.2893732","DxgKrnl","10011","정보",,""
"08:54:22.2893857","DxgKrnl","10011","정보",,""
"08:54:22.2893977","DxgKrnl","10011","정보",,""
"08:54:22.2894031","DxgKrnl","10011","정보",,""
"08:54:22.2894620","DxgKrnl","10011","정보",,""
"08:54:22.2897652","DxgKrnl","10011","정보",,""
"08:54:22.2898293","DxgKrnl","10011","정보",,""
"08:54:22.2898375","DxgKrnl","10011","정보",,""
"08:54:22.2898448","DxgKrnl","10011","정보",,""
"08:54:22.2937973","DxgKrnl","10011","정보",,""
"08:54:22.2938661","DxgKrnl","10011","정보",,""
"08:54:22.3003633","DxgKrnl","10011","정보",,""
"08:54:22.3004042","DxgKrnl","10011","정보",,""
"08:54:22.3004696","DxgKrnl","10011","정보",,""
"08:54:22.3050424","DxgKrnl","10011","정보",,""
"08:54:22.3051654","DxgKrnl","10011","정보",,""
"08:54:22.3064496","DxgKrnl","10011","정보",,""
"08:54:22.3065143","DxgKrnl","10011","정보",,""
"08:54:22.3127805","DxgKrnl","10011","정보",,""
"08:54:22.3128441","DxgKrnl","10011","정보",,""
"08:54:22.3159964","DxgKrnl","10011","정보",,""
"08:54:22.3173235","DxgKrnl","10011","정보",,""
"08:54:22.3173435","DxgKrnl","10011","정보",,""
"08:54:22.3173482","DxgKrnl","10011","정보",,""
"08:54:22.3173490","DxgKrnl","10011","정보",,""
"08:54:22.3175546","DxgKrnl","10011","정보",,""
"08:54:22.3176389","DxgKrnl","10011","정보",,""
"08:54:22.3177848","DxgKrnl","10011","정보",,""
"08:54:22.3178575","DxgKrnl","10011","정보",,""
"08:54:22.3189635","DxgKrnl","10011","정보",,""
"08:54:22.3197001","DxgKrnl","10011","정보",,""
"08:54:22.3363365","DxgKrnl","10011","정보",,""
"08:54:22.3364038","DxgKrnl","10011","정보",,""
"08:54:22.3376291","DxgKrnl","10011","정보",,""
"08:54:22.3376964","DxgKrnl","10011","정보",,""
"08:54:22.3392417","DxgKrnl","10011","정보",,""
"08:54:22.3393215","DxgKrnl","10011","정보",,""
"08:54:22.3770317","DxgKrnl","10011","정보",,""
"08:54:22.3778457","DxgKrnl","10011","정보",,""
"08:54:22.3943847","DxgKrnl","10011","정보",,""
"08:54:22.3944533","DxgKrnl","10011","정보",,""
"08:54:22.6051525","DxgKrnl","10011","정보",,""
"08:54:22.6052755","DxgKrnl","10011","정보",,""
"08:54:22.6104216","DxgKrnl","10011","정보",,""
"08:54:22.6104739","DxgKrnl","10011","정보",,""
"08:54:22.6105406","DxgKrnl","10011","정보",,""
"08:54:22.6105450","DxgKrnl","10011","정보",,""
"08:54:22.6105472","DxgKrnl","10011","정보",,""
"08:54:22.6148221","DxgKrnl","10011","정보",,""
"08:54:22.6148855","DxgKrnl","10011","정보",,""
"08:54:22.6204592","DxgKrnl","10011","정보",,""
"08:54:22.6205239","DxgKrnl","10011","정보",,""
"08:54:22.6205709","DxgKrnl","10011","정보",,""
"08:54:22.6217877","DxgKrnl","10011","정보",,""
"08:54:22.6218387","DxgKrnl","10011","정보",,""
"08:54:22.6219045","DxgKrnl","10011","정보",,""
"08:54:22.6219578","DxgKrnl","10011","정보",,""
"08:54:22.6219613","DxgKrnl","10011","정보",,""
"08:54:22.6220128","DxgKrnl","10011","정보",,""
"08:54:22.6220149","DxgKrnl","10011","정보",,""
"08:54:22.6220641","DxgKrnl","10011","정보",,""
"08:54:22.6220756","DxgKrnl","10011","정보",,""
"08:54:22.6221250","DxgKrnl","10011","정보",,""
"08:54:22.6238566","DxgKrnl","10011","정보",,""
"08:54:22.6238673","DxgKrnl","10011","정보",,""
"08:54:22.6238862","DxgKrnl","10011","정보",,""
"08:54:22.6238900","DxgKrnl","10011","정보",,""
"08:54:22.6239036","DxgKrnl","10011","정보",,""
"08:54:22.6243514","DxgKrnl","10011","정보",,""
"08:54:22.6243530","DxgKrnl","10011","정보",,""
"08:54:22.6243569","DxgKrnl","10011","정보",,""
"08:54:22.6243620","DxgKrnl","10011","정보",,""
"08:54:22.6243666","DxgKrnl","10011","정보",,""
"08:54:22.6247269","DxgKrnl","10011","정보",,""
"08:54:22.6247847","DxgKrnl","10011","정보",,""
"08:54:22.6250823","DxgKrnl","10011","정보",,""
"08:54:22.6251475","DxgKrnl","10011","정보",,""
"08:54:22.6254711","DxgKrnl","10011","정보",,""
"08:54:22.6286936","DxgKrnl","10011","정보",,""
"08:54:22.6287090","DxgKrnl","10011","정보",,""
"08:54:22.6287251","DxgKrnl","10011","정보",,""
"08:54:22.6294201","DxgKrnl","10011","정보",,""
"08:54:22.6294932","DxgKrnl","10011","정보",,""
"08:54:22.6295701","DxgKrnl","10011","정보",,""
"08:54:22.6295722","DxgKrnl","10011","정보",,""
"08:54:22.6295951","DxgKrnl","10011","정보",,""
"08:54:22.6296147","DxgKrnl","10011","정보",,""
"08:54:22.6296835","DxgKrnl","10011","정보",,""
"08:54:22.6323569","DxgKrnl","10011","정보",,""
"08:54:22.6324217","DxgKrnl","10011","정보",,""
"08:54:22.6386909","DxgKrnl","10011","정보",,""
"08:54:22.6387614","DxgKrnl","10011","정보",,""
"08:54:22.6495409","DxgKrnl","10011","정보",,""
"08:54:22.6497387","DxgKrnl","10011","정보",,""
"08:54:22.6643511","DxgKrnl","10011","정보",,""
"08:54:22.6643800","DxgKrnl","10011","정보",,""
"08:54:22.6644671","DxgKrnl","10011","정보",,""
"08:54:22.6644708","DxgKrnl","10011","정보",,""
"08:54:22.6644730","DxgKrnl","10011","정보",,""
"08:54:22.6690739","DxgKrnl","10011","정보",,""
"08:54:22.6691515","DxgKrnl","10011","정보",,""
"08:54:22.6752094","DxgKrnl","10011","정보",,""
"08:54:22.6752679","DxgKrnl","10011","정보",,""
"08:54:22.6753127","DxgKrnl","10011","정보",,""
"08:54:22.6763535","DxgKrnl","10011","정보",,""
"08:54:22.6764030","DxgKrnl","10011","정보",,""
"08:54:22.6764660","DxgKrnl","10011","정보",,""
"08:54:22.6765214","DxgKrnl","10011","정보",,""
"08:54:22.6765237","DxgKrnl","10011","정보",,""
"08:54:22.6765732","DxgKrnl","10011","정보",,""
"08:54:22.6765765","DxgKrnl","10011","정보",,""
"08:54:22.6766256","DxgKrnl","10011","정보",,""
"08:54:22.6766338","DxgKrnl","10011","정보",,""
"08:54:22.6766846","DxgKrnl","10011","정보",,""
"08:54:22.6782974","DxgKrnl","10011","정보",,""
"08:54:22.6783116","DxgKrnl","10011","정보",,""
"08:54:22.6783148","DxgKrnl","10011","정보",,""
"08:54:22.6783705","DxgKrnl","10011","정보",,""
"08:54:22.6786644","DxgKrnl","10011","정보",,""
"08:54:22.6787957","DxgKrnl","10011","정보",,""
"08:54:22.6803031","DxgKrnl","10011","정보",,""
"08:54:22.6810493","DxgKrnl","10011","정보",,""
"08:54:22.6838185","DxgKrnl","10011","정보",,""
"08:54:22.6839233","DxgKrnl","10011","정보",,""
"08:54:22.6840075","DxgKrnl","10011","정보",,""
"08:54:22.6851612","DxgKrnl","10011","정보",,""
"08:54:22.6852300","DxgKrnl","10011","정보",,""
"08:54:22.6854540","DxgKrnl","10011","정보",,""
"08:54:22.6854592","DxgKrnl","10011","정보",,""
"08:54:22.6854603","DxgKrnl","10011","정보",,""
"08:54:22.6857930","DxgKrnl","10011","정보",,""
"08:54:22.6857991","DxgKrnl","10011","정보",,""
"08:54:22.6858002","DxgKrnl","10011","정보",,""
"08:54:22.6919881","DxgKrnl","10011","정보",,""
"08:54:22.6926410","DxgKrnl","10011","정보",,""
"08:54:22.6930407","DxgKrnl","10011","정보",,""
"08:54:22.6931619","DxgKrnl","10011","정보",,""
"08:54:22.6995290","DxgKrnl","10011","정보",,""
"08:54:22.6995966","DxgKrnl","10011","정보",,""
"08:54:22.8010956","DxgKrnl","10011","정보",,""
"08:54:22.8011818","DxgKrnl","10011","정보",,""
"08:54:22.8011845","DxgKrnl","10011","정보",,""
"08:54:22.8012393","DxgKrnl","10011","정보",,""
"08:54:22.8012415","DxgKrnl","10011","정보",,""
"08:54:22.8012971","DxgKrnl","10011","정보",,""
"08:54:22.8013067","DxgKrnl","10011","정보",,""
"08:54:22.8013647","DxgKrnl","10011","정보",,""
"08:54:23.4969237","Kernel-PnP","220","시작",,"Begin querying bus relations for device HTREE\ROOT\0"
"08:54:23.4972297","Kernel-PnP","222","시작",,"End querying bus relations for device HTREE\ROOT\0"
"08:54:23.4978376","Kernel-PnP","220","시작",,"Begin querying bus relations for device SWD\MSRRAS\{5e259276-bc7e-40e3-b93b-8f89b5f3abc0}"
"08:54:23.4978396","Kernel-PnP","222","시작",,"End querying bus relations for device SWD\MSRRAS\{5e259276-bc7e-40e3-b93b-8f89b5f3abc0}"
"08:54:25.2709317","Kernel-PnP","808","시작",,"End device add, status (STATUS_SUCCESS)"
"08:54:26.0295637","Kernel-PnP","220","시작",,"Begin querying bus relations for device SWD\MSRRAS\{5e259276-bc7e-40e3-b93b-8f89b5f3abc0}"
"08:54:26.0295659","Kernel-PnP","222","시작",,"End querying bus relations for device SWD\MSRRAS\{5e259276-bc7e-40e3-b93b-8f89b5f3abc0}"
"08:54:26.5280523","Kernel-PnP","220","시작",,"Begin querying bus relations for device SWD\MSRRAS\{5e259276-bc7e-40e3-b93b-8f89b5f3abc0}"
"08:54:26.5280548","Kernel-PnP","222","시작",,"End querying bus relations for device SWD\MSRRAS\{5e259276-bc7e-40e3-b93b-8f89b5f3abc0}"
"08:54:26.5686363","Kernel-PnP","808","시작",,"End device add, status (STATUS_SUCCESS)"
"08:54:26.5703965","Kernel-PnP","220","시작",,"Begin querying bus relations for device SWD\MSRRAS\{5e259276-bc7e-40e3-b93b-8f89b5f3abc0}"
"08:54:26.5703983","Kernel-PnP","222","시작",,"End querying bus relations for device SWD\MSRRAS\{5e259276-bc7e-40e3-b93b-8f89b5f3abc0}"
"08:54:26.6092107","Kernel-PnP","808","시작",,"End device add, status (STATUS_SUCCESS)"
"08:54:26.6107676","Kernel-PnP","220","시작",,"Begin querying bus relations for device SWD\MSRRAS\{5e259276-bc7e-40e3-b93b-8f89b5f3abc0}"
"08:54:26.6107695","Kernel-PnP","222","시작",,"End querying bus relations for device SWD\MSRRAS\{5e259276-bc7e-40e3-b93b-8f89b5f3abc0}"
"08:54:26.6495663","Kernel-PnP","808","시작",,"End device add, status (STATUS_SUCCESS)"
"08:54:26.6513274","Kernel-PnP","220","시작",,"Begin querying bus relations for device SWD\MSRRAS\{5e259276-bc7e-40e3-b93b-8f89b5f3abc0}"
"08:54:26.6513292","Kernel-PnP","222","시작",,"End querying bus relations for device SWD\MSRRAS\{5e259276-bc7e-40e3-b93b-8f89b5f3abc0}"
"08:54:26.6882146","Kernel-PnP","808","시작",,"End device add, status (STATUS_SUCCESS)"
"08:54:26.6897501","Kernel-PnP","220","시작",,"Begin querying bus relations for device SWD\MSRRAS\{5e259276-bc7e-40e3-b93b-8f89b5f3abc0}"
"08:54:26.6897521","Kernel-PnP","222","시작",,"End querying bus relations for device SWD\MSRRAS\{5e259276-bc7e-40e3-b93b-8f89b5f3abc0}"
"08:54:26.7665854","Kernel-PnP","808","시작",,"End device add, status (STATUS_SUCCESS)"
"08:54:26.7685371","Kernel-PnP","220","시작",,"Begin querying bus relations for device SWD\MSRRAS\{5e259276-bc7e-40e3-b93b-8f89b5f3abc0}"
"08:54:26.7685396","Kernel-PnP","222","시작",,"End querying bus relations for device SWD\MSRRAS\{5e259276-bc7e-40e3-b93b-8f89b5f3abc0}"
"08:54:26.7705526","Kernel-PnP","808","시작",,"End device add, status (STATUS_SUCCESS)"
"08:54:26.7724461","Kernel-PnP","220","시작",,"Begin querying bus relations for device SWD\MSRRAS\{5e259276-bc7e-40e3-b93b-8f89b5f3abc0}"
"08:54:26.7724481","Kernel-PnP","222","시작",,"End querying bus relations for device SWD\MSRRAS\{5e259276-bc7e-40e3-b93b-8f89b5f3abc0}"
"08:54:26.7743668","Kernel-PnP","808","시작",,"End device add, status (STATUS_SUCCESS)"
"08:55:04.6379895","Kernel-PnP","220","시작",,"Begin querying bus relations for device STORAGE\Volume\{99e9578c-928f-11f1-8494-806e6f6e6963}#000000000D900000"
"08:55:04.6379983","Kernel-PnP","222","시작",,"End querying bus relations for device STORAGE\Volume\{99e9578c-928f-11f1-8494-806e6f6e6963}#000000000D900000"
"08:55:04.6380264","Kernel-PnP","220","시작",,"Begin querying bus relations for device STORAGE\VolumeSnapshot\HarddiskVolumeSnapshot1"
"08:55:04.6380281","Kernel-PnP","222","시작",,"End querying bus relations for device STORAGE\VolumeSnapshot\HarddiskVolumeSnapshot1"
"08:55:04.6380375","Kernel-PnP","220","시작",,"Begin querying bus relations for device STORAGE\VolumeSnapshot\HarddiskVolumeSnapshot2"
"08:55:04.6380387","Kernel-PnP","222","시작",,"End querying bus relations for device STORAGE\VolumeSnapshot\HarddiskVolumeSnapshot2"
"08:55:04.6380450","Kernel-PnP","220","시작",,"Begin querying bus relations for device STORAGE\VolumeSnapshot\HarddiskVolumeSnapshot3"
"08:55:04.6380459","Kernel-PnP","222","시작",,"End querying bus relations for device STORAGE\VolumeSnapshot\HarddiskVolumeSnapshot3"
"08:55:04.6380508","Kernel-PnP","220","시작",,"Begin querying bus relations for device STORAGE\VolumeSnapshot\HarddiskVolumeSnapshot4"
"08:55:04.6380516","Kernel-PnP","222","시작",,"End querying bus relations for device STORAGE\VolumeSnapshot\HarddiskVolumeSnapshot4"
"08:55:04.6380560","Kernel-PnP","220","시작",,"Begin querying bus relations for device STORAGE\VolumeSnapshot\HarddiskVolumeSnapshot5"
"08:55:04.6380567","Kernel-PnP","222","시작",,"End querying bus relations for device STORAGE\VolumeSnapshot\HarddiskVolumeSnapshot5"
"08:55:04.6380609","Kernel-PnP","220","시작",,"Begin querying bus relations for device STORAGE\VolumeSnapshot\HarddiskVolumeSnapshot6"
"08:55:04.6380616","Kernel-PnP","222","시작",,"End querying bus relations for device STORAGE\VolumeSnapshot\HarddiskVolumeSnapshot6"
"08:55:04.6380658","Kernel-PnP","220","시작",,"Begin querying bus relations for device STORAGE\VolumeSnapshot\HarddiskVolumeSnapshot7"
"08:55:04.6380665","Kernel-PnP","222","시작",,"End querying bus relations for device STORAGE\VolumeSnapshot\HarddiskVolumeSnapshot7"
"08:55:04.6380707","Kernel-PnP","220","시작",,"Begin querying bus relations for device STORAGE\VolumeSnapshot\HarddiskVolumeSnapshot8"
"08:55:04.6380715","Kernel-PnP","222","시작",,"End querying bus relations for device STORAGE\VolumeSnapshot\HarddiskVolumeSnapshot8"
"08:55:04.6380756","Kernel-PnP","220","시작",,"Begin querying bus relations for device STORAGE\VolumeSnapshot\HarddiskVolumeSnapshot9"
"08:55:04.6380762","Kernel-PnP","222","시작",,"End querying bus relations for device STORAGE\VolumeSnapshot\HarddiskVolumeSnapshot9"
"08:55:04.6380802","Kernel-PnP","220","시작",,"Begin querying bus relations for device STORAGE\VolumeSnapshot\HarddiskVolumeSnapshot10"
"08:55:04.6380809","Kernel-PnP","222","시작",,"End querying bus relations for device STORAGE\VolumeSnapshot\HarddiskVolumeSnapshot10"
"08:55:04.6380848","Kernel-PnP","220","시작",,"Begin querying bus relations for device STORAGE\VolumeSnapshot\HarddiskVolumeSnapshot11"
"08:55:04.6380855","Kernel-PnP","222","시작",,"End querying bus relations for device STORAGE\VolumeSnapshot\HarddiskVolumeSnapshot11"
"08:55:04.6380898","Kernel-PnP","220","시작",,"Begin querying bus relations for device STORAGE\VolumeSnapshot\HarddiskVolumeSnapshot12"
"08:55:04.6380904","Kernel-PnP","222","시작",,"End querying bus relations for device STORAGE\VolumeSnapshot\HarddiskVolumeSnapshot12"
"08:55:04.6380948","Kernel-PnP","220","시작",,"Begin querying bus relations for device STORAGE\VolumeSnapshot\HarddiskVolumeSnapshot13"
"08:55:04.6380956","Kernel-PnP","222","시작",,"End querying bus relations for device STORAGE\VolumeSnapshot\HarddiskVolumeSnapshot13"
"08:55:04.6380997","Kernel-PnP","220","시작",,"Begin querying bus relations for device STORAGE\VolumeSnapshot\HarddiskVolumeSnapshot14"
"08:55:04.6381003","Kernel-PnP","222","시작",,"End querying bus relations for device STORAGE\VolumeSnapshot\HarddiskVolumeSnapshot14"
"08:55:04.6381047","Kernel-PnP","220","시작",,"Begin querying bus relations for device STORAGE\VolumeSnapshot\HarddiskVolumeSnapshot15"
"08:55:04.6381054","Kernel-PnP","222","시작",,"End querying bus relations for device STORAGE\VolumeSnapshot\HarddiskVolumeSnapshot15"
"08:55:04.6381089","Kernel-PnP","220","시작",,"Begin querying bus relations for device STORAGE\VolumeSnapshot\HarddiskVolumeSnapshot16"
"08:55:04.6381095","Kernel-PnP","222","시작",,"End querying bus relations for device STORAGE\VolumeSnapshot\HarddiskVolumeSnapshot16"
"08:55:04.6381140","Kernel-PnP","220","시작",,"Begin querying bus relations for device STORAGE\VolumeSnapshot\HarddiskVolumeSnapshot17"
"08:55:04.6381147","Kernel-PnP","222","시작",,"End querying bus relations for device STORAGE\VolumeSnapshot\HarddiskVolumeSnapshot17"
"08:55:04.6381186","Kernel-PnP","220","시작",,"Begin querying bus relations for device STORAGE\VolumeSnapshot\HarddiskVolumeSnapshot18"
"08:55:04.6381194","Kernel-PnP","222","시작",,"End querying bus relations for device STORAGE\VolumeSnapshot\HarddiskVolumeSnapshot18"
"08:55:04.6381236","Kernel-PnP","220","시작",,"Begin querying bus relations for device STORAGE\VolumeSnapshot\HarddiskVolumeSnapshot19"
"08:55:04.6381242","Kernel-PnP","222","시작",,"End querying bus relations for device STORAGE\VolumeSnapshot\HarddiskVolumeSnapshot19"
"08:55:04.6406655","Kernel-PnP","400","시작",,"장치 STORAGE\VolumeSnapshot\HarddiskVolumeSnapshot20 구성되었습니다. | | 드라이버 이름: volsnap.inf | 드라이버 패키지 ID: volsnap.inf_amd64_da435361dee3ff66 | 클래스 GUID: {533c5b84-ec70-11d2-9505-00c04f79deaf} | 드라이버 버전: 06/21/2006 | 드라이버 버전: 10.0.26100.1 | 드라이버 공급자: Microsoft | 드라이버 섹션: volume_snapshot_install.NTamd64 | 드라이버 순위: 0xFF0000 | 일치하는 장치 ID: STORAGE\VolumeSnapshot | 초과 실행된 드라이버: | 장치 업데이트됨: false | 부모 장치: STORAGE\Volume\{99e9578c-928f-11f1-8494-806e6f6e6963}#000000000D900000"
"08:55:04.6411110","Kernel-PnP","410","시작",,"STORAGE\VolumeSnapshot\HarddiskVolumeSnapshot20 장치가 시작되었습니다. | | 드라이버 이름: volsnap.inf | 클래스 GUID: {533c5b84-ec70-11d2-9505-00c04f79deaf} | 서비스: | 하위 필터: | 상위 필터: "
"08:55:04.6411262","Kernel-PnP","220","시작",,"Begin querying bus relations for device STORAGE\VolumeSnapshot\HarddiskVolumeSnapshot20"
"08:55:04.6411283","Kernel-PnP","222","시작",,"End querying bus relations for device STORAGE\VolumeSnapshot\HarddiskVolumeSnapshot20"
"09:13:02.7305875","DxgKrnl","10011","정보",,""
"09:13:02.7305965","DxgKrnl","10011","정보",,""
"09:13:02.7305971","DxgKrnl","10011","정보",,""
"09:13:02.7305977","DxgKrnl","10011","정보",,""
"09:13:02.7305983","DxgKrnl","10011","정보",,""
"09:13:02.7305988","DxgKrnl","10011","정보",,""
"09:13:02.7305992","DxgKrnl","10011","정보",,""
"09:13:02.7305996","DxgKrnl","10011","정보",,""
"09:13:02.7306001","DxgKrnl","10011","정보",,""
"09:13:02.7306005","DxgKrnl","10011","정보",,""
"09:13:02.7306010","DxgKrnl","10011","정보",,""
"09:13:02.9666097","DxgKrnl","10011","정보",,""
"09:13:02.9666551","DxgKrnl","10011","정보",,""
"09:13:02.9666661","DxgKrnl","10011","정보",,""
"09:13:02.9774275","DxgKrnl","10011","정보",,""
"09:13:02.9774345","DxgKrnl","10011","정보",,""
"09:13:02.9774405","DxgKrnl","10011","정보",,""
"09:13:02.9774415","DxgKrnl","10011","정보",,""
"09:13:02.9774424","DxgKrnl","10011","정보",,""
"09:13:02.9774433","DxgKrnl","10011","정보",,""
"09:13:02.9774442","DxgKrnl","10011","정보",,""
"09:13:02.9774452","DxgKrnl","10011","정보",,""
"09:13:02.9774463","DxgKrnl","10011","정보",,""
"09:13:02.9774471","DxgKrnl","10011","정보",,""
"09:13:02.9774484","DxgKrnl","10011","정보",,""
"09:13:02.9774495","DxgKrnl","10011","정보",,""
"09:13:02.9774504","DxgKrnl","10011","정보",,""
"09:13:02.9774514","DxgKrnl","10011","정보",,""
"09:13:02.9774535","DxgKrnl","10011","정보",,""
"09:13:02.9793820","DxgKrnl","10011","정보",,""
"09:13:02.9794594","DxgKrnl","10011","정보",,""
"09:13:02.9810059","DxgKrnl","10011","정보",,""
"09:13:02.9810680","DxgKrnl","10011","정보",,""
"09:13:04.5706063","DxgKrnl","10011","정보",,""
"09:13:04.5712136","DxgKrnl","10011","정보",,""
"09:13:34.4874122","Kernel-PnP","220","시작",,"Begin querying bus relations for device PCI\VEN_1002&DEV_7550&SUBSYS_E4891DA2&REV_C0\6&8916a45&0&00000009"
"09:13:34.4874953","DxgKrnl","10011","정보",,""
"09:13:34.4896726","DxgKrnl","10011","정보",,""
"09:13:34.5788663","Kernel-PnP","222","시작",,"End querying bus relations for device PCI\VEN_1002&DEV_7550&SUBSYS_E4891DA2&REV_C0\6&8916a45&0&00000009"
"09:13:34.5790478","Kernel-PnP","1010","시작",,"버스에 누락 된 것으로 보고 된 장치 DISPLAY\SAM79DF\7&16b8ddb4&0&UID256이 (가) 제거 되었습니다. 제거 된 장치 수 | 개수: 1"
"09:13:34.5791165","DxgKrnl","10011","정보",,""
"09:13:34.5791249","DxgKrnl","10011","정보",,""
"09:13:34.5792597","DxgKrnl","10011","정보",,""
"09:13:34.5793539","DxgKrnl","10011","정보",,""
"09:13:34.5798646","Kernel-PnP","220","시작",,"Begin querying bus relations for device SWD\DRIVERENUM\AMDCP&7&16b8ddb4&0"
"09:13:34.5798689","Kernel-PnP","222","시작",,"End querying bus relations for device SWD\DRIVERENUM\AMDCP&7&16b8ddb4&0"
"09:13:34.5798875","Kernel-PnP","220","시작",,"Begin querying bus relations for device SWD\DRIVERENUM\AMDFDANS&7&16b8ddb4&0"
"09:13:34.5798884","Kernel-PnP","222","시작",,"End querying bus relations for device SWD\DRIVERENUM\AMDFDANS&7&16b8ddb4&0"
"09:13:34.5798959","Kernel-PnP","220","시작",,"Begin querying bus relations for device SWD\DRIVERENUM\AMDOCL&7&16b8ddb4&0"
"09:13:34.5798983","Kernel-PnP","222","시작",,"End querying bus relations for device SWD\DRIVERENUM\AMDOCL&7&16b8ddb4&0"
"09:13:34.5799207","Kernel-PnP","220","시작",,"Begin querying bus relations for device SWD\DRIVERENUM\AMDOGL&7&16b8ddb4&0"
"09:13:34.5799229","Kernel-PnP","222","시작",,"End querying bus relations for device SWD\DRIVERENUM\AMDOGL&7&16b8ddb4&0"
"09:13:34.5799346","Kernel-PnP","220","시작",,"Begin querying bus relations for device SWD\DRIVERENUM\AMDVLK&7&16b8ddb4&0"
"09:13:34.5799357","Kernel-PnP","222","시작",,"End querying bus relations for device SWD\DRIVERENUM\AMDVLK&7&16b8ddb4&0"
"09:13:34.5799421","Kernel-PnP","220","시작",,"Begin querying bus relations for device SWD\DRIVERENUM\AMDWIN&7&16b8ddb4&0"
"09:13:34.5799430","Kernel-PnP","222","시작",,"End querying bus relations for device SWD\DRIVERENUM\AMDWIN&7&16b8ddb4&0"
"09:13:34.5799485","Kernel-PnP","220","시작",,"Begin querying bus relations for device DISPLAY\BBC0104\7&16b8ddb4&0&UID265"
"09:13:34.5799551","Kernel-PnP","222","시작",,"End querying bus relations for device DISPLAY\BBC0104\7&16b8ddb4&0&UID265"
"09:13:34.5799666","Kernel-PnP","220","시작",,"Begin querying bus relations for device DISPLAY\SAM7B0C\7&16b8ddb4&0&UID260"
"09:13:34.5799701","Kernel-PnP","222","시작",,"End querying bus relations for device DISPLAY\SAM7B0C\7&16b8ddb4&0&UID260"
"09:13:34.5812193","Kernel-PnP","808","시작",,"End device add, status (STATUS_SUCCESS)"
"09:13:34.5815735","Kernel-PnP","220","시작",,"Begin querying bus relations for device DISPLAY\SAM79DF\7&16b8ddb4&0&UID256"
"09:13:34.5815764","Kernel-PnP","222","시작",,"End querying bus relations for device DISPLAY\SAM79DF\7&16b8ddb4&0&UID256"
"09:13:34.5818798","DxgKrnl","10011","정보",,""
"09:13:34.5820674","DxgKrnl","10011","정보",,""
"09:13:34.5821558","DxgKrnl","10011","정보",,""
"09:13:34.5829932","DxgKrnl","10011","정보",,""
"09:13:34.5831213","DxgKrnl","10011","정보",,""
"09:13:34.5855385","DxgKrnl","10011","정보",,""
"09:13:34.5856118","DxgKrnl","10011","정보",,""
"09:13:34.5960288","DxgKrnl","10011","정보",,""
"09:13:34.5960553","DxgKrnl","10011","정보",,""
"09:13:34.5961298","DxgKrnl","10011","정보",,""
"09:13:34.5961348","DxgKrnl","10011","정보",,""
"09:13:34.5961382","DxgKrnl","10011","정보",,""
"09:13:34.5997250","DxgKrnl","10011","정보",,""
"09:13:34.5997883","DxgKrnl","10011","정보",,""
"09:13:34.7216300","DxgKrnl","10011","정보",,""
"09:13:34.7217104","DxgKrnl","10011","정보",,""
"09:13:34.7217783","DxgKrnl","10011","정보",,""
"09:13:34.7233636","DxgKrnl","10011","정보",,""
"09:13:34.7234149","DxgKrnl","10011","정보",,""
"09:13:34.7235014","DxgKrnl","10011","정보",,""
"09:13:34.7235612","DxgKrnl","10011","정보",,""
"09:13:34.7235632","DxgKrnl","10011","정보",,""
"09:13:34.7236152","DxgKrnl","10011","정보",,""
"09:13:34.7236176","DxgKrnl","10011","정보",,""
"09:13:34.7236730","DxgKrnl","10011","정보",,""
"09:13:34.7236821","DxgKrnl","10011","정보",,""
"09:13:34.7237323","DxgKrnl","10011","정보",,""
"09:13:34.7255794","DxgKrnl","10011","정보",,""
"09:13:34.7256091","DxgKrnl","10011","정보",,""
"09:13:34.7257395","DxgKrnl","10011","정보",,""
"09:13:34.7257440","DxgKrnl","10011","정보",,""
"09:13:34.7271181","DxgKrnl","10011","정보",,""
"09:13:34.7271784","DxgKrnl","10011","정보",,""
"09:13:34.7352990","DxgKrnl","10011","정보",,""
"09:13:34.7373684","DxgKrnl","10011","정보",,""
"09:13:34.7374323","DxgKrnl","10011","정보",,""
"09:13:34.7374772","DxgKrnl","10011","정보",,""
"09:13:34.7377558","DxgKrnl","10011","정보",,""
"09:13:34.7378062","DxgKrnl","10011","정보",,""
"09:13:34.7378802","DxgKrnl","10011","정보",,""
"09:13:34.7521268","DxgKrnl","10011","정보",,""
"09:13:34.7527664","DxgKrnl","10011","정보",,""
"09:13:34.7528889","DxgKrnl","10011","정보",,""
"09:13:34.7529067","DxgKrnl","10011","정보",,""
"09:13:34.7530583","DxgKrnl","10011","정보",,""
"09:13:34.7530603","DxgKrnl","10011","정보",,""
"09:13:34.7613368","DxgKrnl","10011","정보",,""
"09:13:34.7614269","DxgKrnl","10011","정보",,""
"09:13:34.7636554","DxgKrnl","10011","정보",,""
"09:13:34.7637875","DxgKrnl","10011","정보",,""
"09:13:34.7762686","DxgKrnl","10011","정보",,""
"09:13:34.7785014","DxgKrnl","10011","정보",,""
"09:13:34.7785211","DxgKrnl","10011","정보",,""
"09:13:34.7785226","DxgKrnl","10011","정보",,""
"09:13:34.7787265","DxgKrnl","10011","정보",,""
"09:13:34.7788448","DxgKrnl","10011","정보",,""
"09:13:34.7792791","DxgKrnl","10011","정보",,""
"09:13:34.7794386","DxgKrnl","10011","정보",,""
"09:13:34.7841247","DxgKrnl","10011","정보",,""
"09:13:34.7841984","DxgKrnl","10011","정보",,""
"09:13:34.7841998","DxgKrnl","10011","정보",,""
"09:13:34.7842720","DxgKrnl","10011","정보",,""
"09:13:34.7842741","DxgKrnl","10011","정보",,""
"09:13:34.7843363","DxgKrnl","10011","정보",,""
"09:13:34.7843553","DxgKrnl","10011","정보",,""
"09:13:34.7844183","DxgKrnl","10011","정보",,""
"09:13:34.7849609","DxgKrnl","10011","정보",,""
"09:13:34.7850114","DxgKrnl","10011","정보",,""
"09:13:34.7890816","DxgKrnl","10011","정보",,""
"09:13:34.7891504","DxgKrnl","10011","정보",,""
"09:13:34.7892213","DxgKrnl","10011","정보",,""
"09:13:34.7895014","DxgKrnl","10011","정보",,""
"09:13:34.7903719","DxgKrnl","10011","정보",,""
"09:13:34.7904902","DxgKrnl","10011","정보",,""
"09:13:34.7906179","DxgKrnl","10011","정보",,""
"09:13:34.7921019","DxgKrnl","10011","정보",,""
"09:13:34.7921794","DxgKrnl","10011","정보",,""
"09:13:34.7998978","DxgKrnl","10011","정보",,""
"09:13:34.8011316","DxgKrnl","10011","정보",,""
"09:13:34.8011425","DxgKrnl","10011","정보",,""
"09:13:34.8011432","DxgKrnl","10011","정보",,""
"09:13:34.8012086","DxgKrnl","10011","정보",,""
"09:13:34.8012884","DxgKrnl","10011","정보",,""
"09:13:34.8058675","DxgKrnl","10011","정보",,""
"09:13:34.8060432","DxgKrnl","10011","정보",,""
"09:13:34.8062892","DxgKrnl","10011","정보",,""
"09:13:34.8063949","DxgKrnl","10011","정보",,""
"09:13:34.8075095","DxgKrnl","10011","정보",,""
"09:13:34.8075755","DxgKrnl","10011","정보",,""
"09:13:34.8162038","DxgKrnl","10011","정보",,""
"09:13:34.8170798","DxgKrnl","10011","정보",,""
"09:13:34.9564551","DxgKrnl","10011","정보",,""
"09:13:34.9565743","DxgKrnl","10011","정보",,""
"09:13:34.9565772","DxgKrnl","10011","정보",,""
"09:13:34.9566427","DxgKrnl","10011","정보",,""
"09:13:34.9566458","DxgKrnl","10011","정보",,""
"09:13:34.9567118","DxgKrnl","10011","정보",,""
"09:13:34.9567337","DxgKrnl","10011","정보",,""
"09:13:34.9568018","DxgKrnl","10011","정보",,""
"09:13:50.4202001","Kernel-PnP","220","시작",,"Begin querying bus relations for device PCI\VEN_1002&DEV_7550&SUBSYS_E4891DA2&REV_C0\6&8916a45&0&00000009"
"09:13:50.4580629","DxgKrnl","10011","정보",,""
"09:13:50.4580848","DxgKrnl","10011","정보",,""
"09:13:50.4582083","DxgKrnl","10011","정보",,""
"09:13:50.4583438","DxgKrnl","10011","정보",,""
"09:13:50.4590244","DxgKrnl","10011","정보",,""
"09:13:50.4592256","DxgKrnl","10011","정보",,""
"09:13:50.4613452","DxgKrnl","10011","정보",,""
"09:13:50.4614114","DxgKrnl","10011","정보",,""
"09:13:50.4617866","Kernel-PnP","222","시작",,"End querying bus relations for device PCI\VEN_1002&DEV_7550&SUBSYS_E4891DA2&REV_C0\6&8916a45&0&00000009"
"09:13:50.4619562","Kernel-PnP","1010","시작",,"버스에 누락 된 것으로 보고 된 장치 DISPLAY\SAM7B0C\7&16b8ddb4&0&UID260이 (가) 제거 되었습니다. 제거 된 장치 수 | 개수: 1"
"09:13:50.4623062","DxgKrnl","10011","정보",,""
"09:13:50.4623477","DxgKrnl","10011","정보",,""
"09:13:50.4624144","DxgKrnl","10011","정보",,""
"09:13:50.4624177","DxgKrnl","10011","정보",,""
"09:13:50.4624199","DxgKrnl","10011","정보",,""
"09:13:50.4625114","Kernel-PnP","220","시작",,"Begin querying bus relations for device SWD\DRIVERENUM\AMDCP&7&16b8ddb4&0"
"09:13:50.4625139","Kernel-PnP","222","시작",,"End querying bus relations for device SWD\DRIVERENUM\AMDCP&7&16b8ddb4&0"
"09:13:50.4625277","Kernel-PnP","220","시작",,"Begin querying bus relations for device SWD\DRIVERENUM\AMDFDANS&7&16b8ddb4&0"
"09:13:50.4625287","Kernel-PnP","222","시작",,"End querying bus relations for device SWD\DRIVERENUM\AMDFDANS&7&16b8ddb4&0"
"09:13:50.4625353","Kernel-PnP","220","시작",,"Begin querying bus relations for device SWD\DRIVERENUM\AMDOCL&7&16b8ddb4&0"
"09:13:50.4625363","Kernel-PnP","222","시작",,"End querying bus relations for device SWD\DRIVERENUM\AMDOCL&7&16b8ddb4&0"
"09:13:50.4625426","Kernel-PnP","220","시작",,"Begin querying bus relations for device SWD\DRIVERENUM\AMDOGL&7&16b8ddb4&0"
"09:13:50.4625435","Kernel-PnP","222","시작",,"End querying bus relations for device SWD\DRIVERENUM\AMDOGL&7&16b8ddb4&0"
"09:13:50.4625497","Kernel-PnP","220","시작",,"Begin querying bus relations for device SWD\DRIVERENUM\AMDVLK&7&16b8ddb4&0"
"09:13:50.4625505","Kernel-PnP","222","시작",,"End querying bus relations for device SWD\DRIVERENUM\AMDVLK&7&16b8ddb4&0"
"09:13:50.4625574","Kernel-PnP","220","시작",,"Begin querying bus relations for device SWD\DRIVERENUM\AMDWIN&7&16b8ddb4&0"
"09:13:50.4625585","Kernel-PnP","222","시작",,"End querying bus relations for device SWD\DRIVERENUM\AMDWIN&7&16b8ddb4&0"
"09:13:50.4625648","Kernel-PnP","220","시작",,"Begin querying bus relations for device DISPLAY\BBC0104\7&16b8ddb4&0&UID265"
"09:13:50.4625694","Kernel-PnP","222","시작",,"End querying bus relations for device DISPLAY\BBC0104\7&16b8ddb4&0&UID265"
"09:13:50.4625757","Kernel-PnP","220","시작",,"Begin querying bus relations for device DISPLAY\SAM79DF\7&16b8ddb4&0&UID256"
"09:13:50.4625784","Kernel-PnP","222","시작",,"End querying bus relations for device DISPLAY\SAM79DF\7&16b8ddb4&0&UID256"
"09:13:50.4627608","DxgKrnl","10011","정보",,""
"09:13:50.4628432","DxgKrnl","10011","정보",,""
"09:13:50.4993284","DxgKrnl","10011","정보",,""
"09:13:50.4994028","DxgKrnl","10011","정보",,""
"09:13:50.4994454","DxgKrnl","10011","정보",,""
"09:13:50.5001578","DxgKrnl","10011","정보",,""
"09:13:50.5001899","DxgKrnl","10011","정보",,""
"09:13:50.5003173","DxgKrnl","10011","정보",,""
"09:13:50.5003576","DxgKrnl","10011","정보",,""
"09:13:50.5003593","DxgKrnl","10011","정보",,""
"09:13:50.5003904","DxgKrnl","10011","정보",,""
"09:13:50.5020472","DxgKrnl","10011","정보",,""
"09:13:50.5021020","DxgKrnl","10011","정보",,""
"09:13:50.5042467","DxgKrnl","10011","정보",,""
"09:13:50.5042922","DxgKrnl","10011","정보",,""
"09:13:50.5077735","DxgKrnl","10011","정보",,""
"09:13:50.5078185","DxgKrnl","10011","정보",,""
"09:13:50.5078198","DxgKrnl","10011","정보",,""
"09:13:50.5078531","DxgKrnl","10011","정보",,""
"09:13:50.5082277","DxgKrnl","10011","정보",,""
"09:13:50.5082591","DxgKrnl","10011","정보",,""
"09:13:50.5095568","DxgKrnl","10011","정보",,""
"09:13:50.5104479","DxgKrnl","10011","정보",,""
"09:13:50.5115092","DxgKrnl","10011","정보",,""
"09:13:50.5115530","DxgKrnl","10011","정보",,""
"09:13:50.5130494","DxgKrnl","10011","정보",,""
"09:13:50.5130908","DxgKrnl","10011","정보",,""
"09:13:50.5958599","DxgKrnl","10011","정보",,""
"09:13:50.5967220","DxgKrnl","10011","정보",,""
"09:13:50.7079885","DxgKrnl","10011","정보",,""
"09:13:50.7084385","DxgKrnl","10011","정보",,""
"09:13:50.7085520","DxgKrnl","10011","정보",,""
"09:13:50.7090816","DxgKrnl","10011","정보",,""
"09:13:50.7093534","DxgKrnl","10011","정보",,""
"09:13:50.7093964","DxgKrnl","10011","정보",,""
"09:13:50.7098868","DxgKrnl","10011","정보",,""
"09:13:50.7099289","DxgKrnl","10011","정보",,""
"09:13:50.7115140","DxgKrnl","10011","정보",,""
"09:13:50.7115381","DxgKrnl","10011","정보",,""
"09:13:50.7116008","DxgKrnl","10011","정보",,""
"09:13:50.7240652","DxgKrnl","10011","정보",,""
"09:13:50.7240699","DxgKrnl","10011","정보",,""
"09:13:50.7242424","DxgKrnl","10011","정보",,""
"09:13:50.7242462","DxgKrnl","10011","정보",,""
"09:13:50.7258549","DxgKrnl","10011","정보",,""
"09:13:50.7258598","DxgKrnl","10011","정보",,""
"09:13:50.7261181","DxgKrnl","10011","정보",,""
"09:13:50.7261244","DxgKrnl","10011","정보",,""
"09:13:50.7277891","DxgKrnl","10011","정보",,""
"09:13:50.7278438","DxgKrnl","10011","정보",,""
"09:13:50.7294679","DxgKrnl","10011","정보",,""
"09:13:50.7294682","DxgKrnl","10011","정보",,""
"09:13:50.7296896","DxgKrnl","10011","정보",,""
"09:13:50.7296959","DxgKrnl","10011","정보",,""
"09:13:50.7306830","DxgKrnl","10011","정보",,""
"09:13:50.7312009","DxgKrnl","10011","정보",,""
"09:13:50.7312124","DxgKrnl","10011","정보",,""
"09:13:50.7312132","DxgKrnl","10011","정보",,""
"09:13:50.7313360","DxgKrnl","10011","정보",,""
"09:13:50.7313978","DxgKrnl","10011","정보",,""
"09:13:50.7323946","DxgKrnl","10011","정보",,""
"09:13:50.7324371","DxgKrnl","10011","정보",,""
"09:13:50.7494716","DxgKrnl","10011","정보",,""
"09:13:50.7507736","DxgKrnl","10011","정보",,""
"09:13:50.7586670","DxgKrnl","10011","정보",,""
"09:13:50.7587177","DxgKrnl","10011","정보",,""
"09:13:53.7716033","DxgKrnl","10011","정보",,""
"09:13:53.9786582","DxgKrnl","10011","정보",,""
"09:13:54.0215803","Kernel-PnP","220","시작",,"Begin querying bus relations for device PCI\VEN_1002&DEV_7550&SUBSYS_E4891DA2&REV_C0\6&8916a45&0&00000009"
"09:13:54.0216495","DxgKrnl","10011","정보",,""
"09:13:54.0216508","DxgKrnl","10011","정보",,""
"09:13:54.0218622","DxgKrnl","10011","정보",,""
"09:13:54.0219366","DxgKrnl","10011","정보",,""
"09:13:54.0225983","DxgKrnl","10011","정보",,""
"09:13:54.0238209","DxgKrnl","10011","정보",,""
"09:13:54.0238711","DxgKrnl","10011","정보",,""
"09:13:54.0238792","DxgKrnl","10011","정보",,""
"09:13:54.0241710","DxgKrnl","10011","정보",,""
"09:13:54.0243036","DxgKrnl","10011","정보",,""
"09:13:54.0252047","DxgKrnl","10011","정보",,""
"09:13:54.0266607","DxgKrnl","10011","정보",,""
"09:13:54.0271802","Kernel-PnP","222","시작",,"End querying bus relations for device PCI\VEN_1002&DEV_7550&SUBSYS_E4891DA2&REV_C0\6&8916a45&0&00000009"
"09:13:54.0272349","Kernel-PnP","220","시작",,"Begin querying bus relations for device SWD\DRIVERENUM\AMDCP&7&16b8ddb4&0"
"09:13:54.0272364","Kernel-PnP","222","시작",,"End querying bus relations for device SWD\DRIVERENUM\AMDCP&7&16b8ddb4&0"
"09:13:54.0272438","Kernel-PnP","220","시작",,"Begin querying bus relations for device SWD\DRIVERENUM\AMDFDANS&7&16b8ddb4&0"
"09:13:54.0272447","Kernel-PnP","222","시작",,"End querying bus relations for device SWD\DRIVERENUM\AMDFDANS&7&16b8ddb4&0"
"09:13:54.0272512","Kernel-PnP","220","시작",,"Begin querying bus relations for device SWD\DRIVERENUM\AMDOCL&7&16b8ddb4&0"
"09:13:54.0272522","Kernel-PnP","222","시작",,"End querying bus relations for device SWD\DRIVERENUM\AMDOCL&7&16b8ddb4&0"
"09:13:54.0272602","Kernel-PnP","220","시작",,"Begin querying bus relations for device SWD\DRIVERENUM\AMDOGL&7&16b8ddb4&0"
"09:13:54.0272611","Kernel-PnP","222","시작",,"End querying bus relations for device SWD\DRIVERENUM\AMDOGL&7&16b8ddb4&0"
"09:13:54.0272694","Kernel-PnP","220","시작",,"Begin querying bus relations for device SWD\DRIVERENUM\AMDVLK&7&16b8ddb4&0"
"09:13:54.0272702","Kernel-PnP","222","시작",,"End querying bus relations for device SWD\DRIVERENUM\AMDVLK&7&16b8ddb4&0"
"09:13:54.0272761","Kernel-PnP","220","시작",,"Begin querying bus relations for device SWD\DRIVERENUM\AMDWIN&7&16b8ddb4&0"
"09:13:54.0272772","Kernel-PnP","222","시작",,"End querying bus relations for device SWD\DRIVERENUM\AMDWIN&7&16b8ddb4&0"
"09:13:54.0272853","Kernel-PnP","220","시작",,"Begin querying bus relations for device DISPLAY\BBC0104\7&16b8ddb4&0&UID265"
"09:13:54.0272902","Kernel-PnP","222","시작",,"End querying bus relations for device DISPLAY\BBC0104\7&16b8ddb4&0&UID265"
"09:13:54.0272967","Kernel-PnP","220","시작",,"Begin querying bus relations for device DISPLAY\SAM79DF\7&16b8ddb4&0&UID256"
"09:13:54.0272990","Kernel-PnP","222","시작",,"End querying bus relations for device DISPLAY\SAM79DF\7&16b8ddb4&0&UID256"
"09:13:54.0319294","Kernel-PnP","808","시작",,"End device add, status (STATUS_SUCCESS)"
"09:13:54.0323287","Kernel-PnP","220","시작",,"Begin querying bus relations for device DISPLAY\SAM7B0C\7&16b8ddb4&0&UID260"
"09:13:54.0323325","Kernel-PnP","222","시작",,"End querying bus relations for device DISPLAY\SAM7B0C\7&16b8ddb4&0&UID260"
"09:13:54.0325363","DxgKrnl","10011","정보",,""
"09:13:54.0326117","DxgKrnl","10011","정보",,""
"09:13:54.0326520","DxgKrnl","10011","정보",,""
"09:13:54.0327283","DxgKrnl","10011","정보",,""
"09:13:54.0327344","DxgKrnl","10011","정보",,""
"09:13:54.0327401","DxgKrnl","10011","정보",,""
"09:13:54.0378514","DxgKrnl","10011","정보",,""
"09:13:54.0378962","DxgKrnl","10011","정보",,""
"09:13:54.0576397","DxgKrnl","10011","정보",,""
"09:13:54.0577047","DxgKrnl","10011","정보",,""
"09:13:54.0577513","DxgKrnl","10011","정보",,""
"09:13:54.0591552","DxgKrnl","10011","정보",,""
"09:13:54.0592090","DxgKrnl","10011","정보",,""
"09:13:54.0593509","DxgKrnl","10011","정보",,""
"09:13:54.0594083","DxgKrnl","10011","정보",,""
"09:13:54.0594098","DxgKrnl","10011","정보",,""
"09:13:54.0594684","DxgKrnl","10011","정보",,""
"09:13:54.0594708","DxgKrnl","10011","정보",,""
"09:13:54.0595233","DxgKrnl","10011","정보",,""
"09:13:54.0595299","DxgKrnl","10011","정보",,""
"09:13:54.0595820","DxgKrnl","10011","정보",,""
"09:13:54.0613979","DxgKrnl","10011","정보",,""
"09:13:54.0614081","DxgKrnl","10011","정보",,""
"09:13:54.0616287","DxgKrnl","10011","정보",,""
"09:13:54.0616333","DxgKrnl","10011","정보",,""
"09:13:54.0636579","DxgKrnl","10011","정보",,""
"09:13:54.0637598","DxgKrnl","10011","정보",,""
"09:13:54.0798143","DxgKrnl","10011","정보",,""
"09:13:54.0798815","DxgKrnl","10011","정보",,""
"09:13:54.0798825","DxgKrnl","10011","정보",,""
"09:13:54.0799364","DxgKrnl","10011","정보",,""
"09:13:54.0799382","DxgKrnl","10011","정보",,""
"09:13:54.0800023","DxgKrnl","10011","정보",,""
"09:13:54.0800117","DxgKrnl","10011","정보",,""
"09:13:54.0800840","DxgKrnl","10011","정보",,""
"09:13:54.0805369","DxgKrnl","10011","정보",,""
"09:13:54.0805861","DxgKrnl","10011","정보",,""
"09:13:54.0839478","DxgKrnl","10011","정보",,""
"09:13:54.0845101","DxgKrnl","10011","정보",,""
"09:13:54.0862351","DxgKrnl","10011","정보",,""
"09:13:54.0863093","DxgKrnl","10011","정보",,""
"09:13:54.1005753","DxgKrnl","10011","정보",,""
"09:13:54.1006031","DxgKrnl","10011","정보",,""
"09:13:54.1006618","DxgKrnl","10011","정보",,""
"09:13:54.1006662","DxgKrnl","10011","정보",,""
"09:13:54.1006683","DxgKrnl","10011","정보",,""
"09:13:54.1050814","DxgKrnl","10011","정보",,""
"09:13:54.1051423","DxgKrnl","10011","정보",,""
"09:13:54.1079776","DxgKrnl","10011","정보",,""
"09:13:54.1080335","DxgKrnl","10011","정보",,""
"09:13:54.1080629","DxgKrnl","10011","정보",,""
"09:13:54.1082286","DxgKrnl","10011","정보",,""
"09:13:54.1082344","DxgKrnl","10011","정보",,""
"09:13:54.1083179","DxgKrnl","10011","정보",,""
"09:13:54.1083194","DxgKrnl","10011","정보",,""
"09:13:54.1083208","DxgKrnl","10011","정보",,""
"09:13:54.1085758","DxgKrnl","10011","정보",,""
"09:13:54.1085766","DxgKrnl","10011","정보",,""
"09:13:54.1086979","DxgKrnl","10011","정보",,""
"09:13:54.1087098","DxgKrnl","10011","정보",,""
"09:13:54.1087277","DxgKrnl","10011","정보",,""
"09:13:54.1142715","DxgKrnl","10011","정보",,""
"09:13:54.1143621","DxgKrnl","10011","정보",,""
"09:13:54.1206207","DxgKrnl","10011","정보",,""
"09:13:54.1208189","DxgKrnl","10011","정보",,""
"09:13:54.1772884","DxgKrnl","10011","정보",,""
"09:13:54.1779788","DxgKrnl","10011","정보",,""
"09:13:54.2766886","DxgKrnl","10011","정보",,""
"09:13:54.2771844","DxgKrnl","10011","정보",,""
"09:13:54.2780849","DxgKrnl","10011","정보",,""
"09:13:54.2782222","DxgKrnl","10011","정보",,""
"09:13:54.2782232","DxgKrnl","10011","정보",,""
"09:13:54.2783419","DxgKrnl","10011","정보",,""
"09:13:54.2783442","DxgKrnl","10011","정보",,""
"09:13:54.2784381","DxgKrnl","10011","정보",,""
"09:13:54.2784421","DxgKrnl","10011","정보",,""
"09:13:54.2785183","DxgKrnl","10011","정보",,""
"09:13:54.2786112","DxgKrnl","10011","정보",,""
"09:13:54.2786628","DxgKrnl","10011","정보",,""
"09:13:54.2818584","DxgKrnl","10011","정보",,""
"09:13:54.2819381","DxgKrnl","10011","정보",,""
"09:13:54.2819625","DxgKrnl","10011","정보",,""
"09:13:54.2819690","DxgKrnl","10011","정보",,""
"09:13:54.2821690","DxgKrnl","10011","정보",,""
"09:13:54.2821728","DxgKrnl","10011","정보",,""
"09:13:54.2821744","DxgKrnl","10011","정보",,""
"09:13:54.2843951","DxgKrnl","10011","정보",,""
"09:13:54.2844646","DxgKrnl","10011","정보",,""
"09:13:54.2846715","DxgKrnl","10011","정보",,""
"09:13:54.2847474","DxgKrnl","10011","정보",,""
"09:13:54.2891956","DxgKrnl","10011","정보",,""
"09:13:54.2904502","DxgKrnl","10011","정보",,""
"09:13:54.2904625","DxgKrnl","10011","정보",,""
"09:13:54.2904633","DxgKrnl","10011","정보",,""
"09:13:54.2908933","DxgKrnl","10011","정보",,""
"09:13:54.2909833","DxgKrnl","10011","정보",,""
"09:13:54.2915806","DxgKrnl","10011","정보",,""
"09:13:54.2922798","DxgKrnl","10011","정보",,""
"09:13:54.2945212","DxgKrnl","10011","정보",,""
"09:13:54.2945959","DxgKrnl","10011","정보",,""
"09:13:54.3027970","DxgKrnl","10011","정보",,""
"09:13:54.3028695","DxgKrnl","10011","정보",,""
"09:13:54.3028908","DxgKrnl","10011","정보",,""
"09:13:54.3030517","DxgKrnl","10011","정보",,""
"09:13:54.3032150","DxgKrnl","10011","정보",,""
"09:13:54.3047878","DxgKrnl","10011","정보",,""
"09:13:54.3056208","DxgKrnl","10011","정보",,""
"09:13:54.3088251","DxgKrnl","10011","정보",,""
"09:13:54.3102178","DxgKrnl","10011","정보",,""
"09:13:54.3102312","DxgKrnl","10011","정보",,""
"09:13:54.3102319","DxgKrnl","10011","정보",,""
"09:13:54.3103861","DxgKrnl","10011","정보",,""
"09:13:54.3104313","DxgKrnl","10011","정보",,""
"09:13:54.3105665","DxgKrnl","10011","정보",,""
"09:13:54.3105686","DxgKrnl","10011","정보",,""
"09:13:54.3117874","DxgKrnl","10011","정보",,""
"09:13:54.3129461","DxgKrnl","10011","정보",,""
"09:13:54.3129761","DxgKrnl","10011","정보",,""
"09:13:54.3130581","DxgKrnl","10011","정보",,""
"09:13:54.3159729","DxgKrnl","10011","정보",,""
"09:13:54.3160469","DxgKrnl","10011","정보",,""
"09:14:30.0359323","Kernel-PnP","220","시작",,"Begin querying bus relations for device PCI\VEN_1002&DEV_7550&SUBSYS_E4891DA2&REV_C0\6&8916a45&0&00000009"
"09:14:30.0360768","DxgKrnl","10011","정보",,""
"09:14:30.0770594","Kernel-PnP","222","시작",,"End querying bus relations for device PCI\VEN_1002&DEV_7550&SUBSYS_E4891DA2&REV_C0\6&8916a45&0&00000009"
"09:14:30.0770607","DxgKrnl","10011","정보",,""
"09:14:30.0772652","Kernel-PnP","1010","시작",,"버스에 누락 된 것으로 보고 된 장치 DISPLAY\SAM7B0C\7&16b8ddb4&0&UID260이 (가) 제거 되었습니다. 제거 된 장치 수 | 개수: 1"
"09:14:30.0773556","DxgKrnl","10011","정보",,""
"09:14:30.0773592","DxgKrnl","10011","정보",,""
"09:14:30.0778660","Kernel-PnP","220","시작",,"Begin querying bus relations for device SWD\DRIVERENUM\AMDCP&7&16b8ddb4&0"
"09:14:30.0778708","Kernel-PnP","222","시작",,"End querying bus relations for device SWD\DRIVERENUM\AMDCP&7&16b8ddb4&0"
"09:14:30.0779584","Kernel-PnP","220","시작",,"Begin querying bus relations for device SWD\DRIVERENUM\AMDFDANS&7&16b8ddb4&0"
"09:14:30.0779635","Kernel-PnP","222","시작",,"End querying bus relations for device SWD\DRIVERENUM\AMDFDANS&7&16b8ddb4&0"
"09:14:30.0780107","Kernel-PnP","220","시작",,"Begin querying bus relations for device SWD\DRIVERENUM\AMDOCL&7&16b8ddb4&0"
"09:14:30.0780127","Kernel-PnP","222","시작",,"End querying bus relations for device SWD\DRIVERENUM\AMDOCL&7&16b8ddb4&0"
"09:14:30.0780247","Kernel-PnP","220","시작",,"Begin querying bus relations for device SWD\DRIVERENUM\AMDOGL&7&16b8ddb4&0"
"09:14:30.0780265","Kernel-PnP","222","시작",,"End querying bus relations for device SWD\DRIVERENUM\AMDOGL&7&16b8ddb4&0"
"09:14:30.0780589","Kernel-PnP","220","시작",,"Begin querying bus relations for device SWD\DRIVERENUM\AMDVLK&7&16b8ddb4&0"
"09:14:30.0780630","Kernel-PnP","222","시작",,"End querying bus relations for device SWD\DRIVERENUM\AMDVLK&7&16b8ddb4&0"
"09:14:30.0780763","Kernel-PnP","220","시작",,"Begin querying bus relations for device SWD\DRIVERENUM\AMDWIN&7&16b8ddb4&0"
"09:14:30.0780781","Kernel-PnP","222","시작",,"End querying bus relations for device SWD\DRIVERENUM\AMDWIN&7&16b8ddb4&0"
"09:14:30.0780951","Kernel-PnP","220","시작",,"Begin querying bus relations for device DISPLAY\BBC0104\7&16b8ddb4&0&UID265"
"09:14:30.0781043","Kernel-PnP","222","시작",,"End querying bus relations for device DISPLAY\BBC0104\7&16b8ddb4&0&UID265"
"09:14:30.0781175","Kernel-PnP","220","시작",,"Begin querying bus relations for device DISPLAY\SAM79DF\7&16b8ddb4&0&UID256"
"09:14:30.0781271","Kernel-PnP","222","시작",,"End querying bus relations for device DISPLAY\SAM79DF\7&16b8ddb4&0&UID256"
"09:14:30.0793858","Kernel-PnP","808","시작",,"End device add, status (STATUS_SUCCESS)"
"09:14:30.0797254","Kernel-PnP","220","시작",,"Begin querying bus relations for device DISPLAY\Default_Monitor\7&16b8ddb4&0&UID260"
"09:14:30.0797289","Kernel-PnP","222","시작",,"End querying bus relations for device DISPLAY\Default_Monitor\7&16b8ddb4&0&UID260"
"09:14:30.0801801","DxgKrnl","10011","정보",,""
"09:14:30.0809027","DxgKrnl","10011","정보",,""
"09:14:30.0810069","DxgKrnl","10011","정보",,""
"09:14:30.0824576","DxgKrnl","10011","정보",,""
"09:14:30.0825415","DxgKrnl","10011","정보",,""
"09:14:30.0828029","DxgKrnl","10011","정보",,""
"09:14:30.0828990","DxgKrnl","10011","정보",,""
"09:14:30.0937610","DxgKrnl","10011","정보",,""
"09:14:30.0937869","DxgKrnl","10011","정보",,""
"09:14:30.0938574","DxgKrnl","10011","정보",,""
"09:14:30.0938635","DxgKrnl","10011","정보",,""
"09:14:30.0938659","DxgKrnl","10011","정보",,""
"09:14:30.0971130","DxgKrnl","10011","정보",,""
"09:14:30.0971852","DxgKrnl","10011","정보",,""
"09:14:30.1737652","DxgKrnl","10011","정보",,""
"09:14:30.1738711","DxgKrnl","10011","정보",,""
"09:14:30.1739381","DxgKrnl","10011","정보",,""
"09:14:30.1752567","DxgKrnl","10011","정보",,""
"09:14:30.1753227","DxgKrnl","10011","정보",,""
"09:14:30.1754950","DxgKrnl","10011","정보",,""
"09:14:30.1755669","DxgKrnl","10011","정보",,""
"09:14:30.1755683","DxgKrnl","10011","정보",,""
"09:14:30.1756366","DxgKrnl","10011","정보",,""
"09:14:30.1756381","DxgKrnl","10011","정보",,""
"09:14:30.1757374","DxgKrnl","10011","정보",,""
"09:14:30.1757427","DxgKrnl","10011","정보",,""
"09:14:30.1758268","DxgKrnl","10011","정보",,""
"09:14:30.1758581","DxgKrnl","10011","정보",,""
"09:14:30.1759286","DxgKrnl","10011","정보",,""
"09:14:30.1759322","DxgKrnl","10011","정보",,""
"09:14:30.1760006","DxgKrnl","10011","정보",,""
"09:14:30.1779351","DxgKrnl","10011","정보",,""
"09:14:30.1779404","DxgKrnl","10011","정보",,""
"09:14:30.1779727","DxgKrnl","10011","정보",,""
"09:14:30.1781134","DxgKrnl","10011","정보",,""
"09:14:30.1782109","DxgKrnl","10011","정보",,""
"09:14:30.1782161","DxgKrnl","10011","정보",,""
"09:14:30.1831336","DxgKrnl","10011","정보",,""
"09:14:30.1832125","DxgKrnl","10011","정보",,""
"09:14:30.1961106","DxgKrnl","10011","정보",,""
"09:14:30.1961908","DxgKrnl","10011","정보",,""
"09:14:30.1961921","DxgKrnl","10011","정보",,""
"09:14:30.1962613","DxgKrnl","10011","정보",,""
"09:14:30.1962624","DxgKrnl","10011","정보",,""
"09:14:30.1963301","DxgKrnl","10011","정보",,""
"09:14:30.1963319","DxgKrnl","10011","정보",,""
"09:14:30.1964028","DxgKrnl","10011","정보",,""
"09:14:30.1964110","DxgKrnl","10011","정보",,""
"09:14:30.1965115","DxgKrnl","10011","정보",,""
"09:14:30.1965148","DxgKrnl","10011","정보",,""
"09:14:30.1966037","DxgKrnl","10011","정보",,""
"09:14:30.1970701","DxgKrnl","10011","정보",,""
"09:14:30.1971349","DxgKrnl","10011","정보",,""
"09:14:30.2008703","DxgKrnl","10011","정보",,""
"09:14:30.2015461","DxgKrnl","10011","정보",,""
"09:14:30.2030863","DxgKrnl","10011","정보",,""
"09:14:30.2031663","DxgKrnl","10011","정보",,""
"09:14:30.2076430","DxgKrnl","10011","정보",,""
"09:14:30.2077367","DxgKrnl","10011","정보",,""
"09:14:30.2187291","DxgKrnl","10011","정보",,""
"09:14:30.2196940","DxgKrnl","10011","정보",,""
"09:14:30.2897676","Kernel-PnP","220","시작",,"Begin querying bus relations for device PCI\VEN_1002&DEV_7550&SUBSYS_E4891DA2&REV_C0\6&8916a45&0&00000009"
"09:14:30.3379687","Kernel-PnP","222","시작",,"End querying bus relations for device PCI\VEN_1002&DEV_7550&SUBSYS_E4891DA2&REV_C0\6&8916a45&0&00000009"
"09:14:30.3382575","Kernel-PnP","1010","시작",,"버스에 누락 된 것으로 보고 된 장치 DISPLAY\Default_Monitor\7&16b8ddb4&0&UID260이 (가) 제거 되었습니다. 제거 된 장치 수 | 개수: 1"
"09:14:30.3382608","DxgKrnl","10011","정보",,""
"09:14:30.3384588","DxgKrnl","10011","정보",,""
"09:14:30.3384644","DxgKrnl","10011","정보",,""
"09:14:30.3388882","Kernel-PnP","220","시작",,"Begin querying bus relations for device SWD\DRIVERENUM\AMDCP&7&16b8ddb4&0"
"09:14:30.3388908","Kernel-PnP","222","시작",,"End querying bus relations for device SWD\DRIVERENUM\AMDCP&7&16b8ddb4&0"
"09:14:30.3389032","Kernel-PnP","220","시작",,"Begin querying bus relations for device SWD\DRIVERENUM\AMDFDANS&7&16b8ddb4&0"
"09:14:30.3389044","Kernel-PnP","222","시작",,"End querying bus relations for device SWD\DRIVERENUM\AMDFDANS&7&16b8ddb4&0"
"09:14:30.3389121","Kernel-PnP","220","시작",,"Begin querying bus relations for device SWD\DRIVERENUM\AMDOCL&7&16b8ddb4&0"
"09:14:30.3389129","Kernel-PnP","222","시작",,"End querying bus relations for device SWD\DRIVERENUM\AMDOCL&7&16b8ddb4&0"
"09:14:30.3389194","Kernel-PnP","220","시작",,"Begin querying bus relations for device SWD\DRIVERENUM\AMDOGL&7&16b8ddb4&0"
"09:14:30.3389205","Kernel-PnP","222","시작",,"End querying bus relations for device SWD\DRIVERENUM\AMDOGL&7&16b8ddb4&0"
"09:14:30.3389257","Kernel-PnP","220","시작",,"Begin querying bus relations for device SWD\DRIVERENUM\AMDVLK&7&16b8ddb4&0"
"09:14:30.3389269","Kernel-PnP","222","시작",,"End querying bus relations for device SWD\DRIVERENUM\AMDVLK&7&16b8ddb4&0"
"09:14:30.3389323","Kernel-PnP","220","시작",,"Begin querying bus relations for device SWD\DRIVERENUM\AMDWIN&7&16b8ddb4&0"
"09:14:30.3389334","Kernel-PnP","222","시작",,"End querying bus relations for device SWD\DRIVERENUM\AMDWIN&7&16b8ddb4&0"
"09:14:30.3389391","Kernel-PnP","220","시작",,"Begin querying bus relations for device DISPLAY\BBC0104\7&16b8ddb4&0&UID265"
"09:14:30.3389440","Kernel-PnP","222","시작",,"End querying bus relations for device DISPLAY\BBC0104\7&16b8ddb4&0&UID265"
"09:14:30.3389498","Kernel-PnP","220","시작",,"Begin querying bus relations for device DISPLAY\SAM79DF\7&16b8ddb4&0&UID256"
"09:14:30.3389529","Kernel-PnP","222","시작",,"End querying bus relations for device DISPLAY\SAM79DF\7&16b8ddb4&0&UID256"
"09:14:30.3389839","DxgKrnl","10011","정보",,""
"09:14:30.3390042","DxgKrnl","10011","정보",,""
"09:14:30.3391092","DxgKrnl","10011","정보",,""
"09:14:30.3545631","DxgKrnl","10011","정보",,""
"09:14:30.3547313","DxgKrnl","10011","정보",,""
"09:14:30.3560530","DxgKrnl","10011","정보",,""
"09:14:30.3561363","DxgKrnl","10011","정보",,""
"09:14:30.3578728","DxgKrnl","10011","정보",,""
"09:14:30.3579091","DxgKrnl","10011","정보",,""
"09:14:30.3579916","DxgKrnl","10011","정보",,""
"09:14:30.3579952","DxgKrnl","10011","정보",,""
"09:14:30.3579983","DxgKrnl","10011","정보",,""
"09:14:30.3583193","DxgKrnl","10011","정보",,""
"09:14:30.3584293","DxgKrnl","10011","정보",,""
"09:14:30.3727425","DxgKrnl","10011","정보",,""
"09:14:30.3836154","DxgKrnl","10011","정보",,""
"09:14:30.3836681","DxgKrnl","10011","정보",,""
"09:14:30.3837418","DxgKrnl","10011","정보",,""
"09:14:30.3842111","DxgKrnl","10011","정보",,""
"09:14:30.3842423","DxgKrnl","10011","정보",,""
"09:14:30.3843059","DxgKrnl","10011","정보",,""
"09:14:30.3843392","DxgKrnl","10011","정보",,""
"09:14:30.3843408","DxgKrnl","10011","정보",,""
"09:14:30.3843828","DxgKrnl","10011","정보",,""
"09:14:30.3860544","DxgKrnl","10011","정보",,""
"09:14:30.3860594","DxgKrnl","10011","정보",,""
"09:14:30.3861068","DxgKrnl","10011","정보",,""
"09:14:30.3862288","DxgKrnl","10011","정보",,""
"09:14:30.3862316","DxgKrnl","10011","정보",,""
"09:14:30.3862335","DxgKrnl","10011","정보",,""
"09:14:30.4139256","DxgKrnl","10011","정보",,""
"09:14:30.4146458","DxgKrnl","10011","정보",,""
"09:14:30.4179297","DxgKrnl","10011","정보",,""
"09:14:30.4180051","DxgKrnl","10011","정보",,""
"09:14:30.4180066","DxgKrnl","10011","정보",,""
"09:14:30.4180449","DxgKrnl","10011","정보",,""
"09:14:30.4185567","DxgKrnl","10011","정보",,""
"09:14:30.4185849","DxgKrnl","10011","정보",,""
"09:14:30.4231550","DxgKrnl","10011","정보",,""
"09:14:30.4232150","DxgKrnl","10011","정보",,""
"09:14:30.4250592","DxgKrnl","10011","정보",,""
"09:14:30.4251025","DxgKrnl","10011","정보",,""
"09:14:30.4787986","DxgKrnl","10011","정보",,""
"09:14:30.4793833","DxgKrnl","10011","정보",,""
"09:14:30.4795062","DxgKrnl","10011","정보",,""
"09:14:30.4795649","DxgKrnl","10011","정보",,""
"09:14:30.4797134","DxgKrnl","10011","정보",,""
"09:14:30.4798808","DxgKrnl","10011","정보",,""
"09:14:30.4799282","DxgKrnl","10011","정보",,""
"09:14:30.4801900","DxgKrnl","10011","정보",,""
"09:14:30.4804886","DxgKrnl","10011","정보",,""
"09:14:30.4805492","DxgKrnl","10011","정보",,""
"09:14:30.4814310","DxgKrnl","10011","정보",,""
"09:14:30.4814818","DxgKrnl","10011","정보",,""
"09:14:30.4840400","DxgKrnl","10011","정보",,""
"09:14:30.4840957","DxgKrnl","10011","정보",,""
"09:14:30.4841479","DxgKrnl","10011","정보",,""
"09:14:30.4933845","DxgKrnl","10011","정보",,""
"09:14:30.4933868","DxgKrnl","10011","정보",,""
"09:14:30.4934926","DxgKrnl","10011","정보",,""
"09:14:30.4935691","DxgKrnl","10011","정보",,""
"09:14:30.4979497","DxgKrnl","10011","정보",,""
"09:14:30.4980177","DxgKrnl","10011","정보",,""
"09:14:30.4996115","DxgKrnl","10011","정보",,""
"09:14:30.4996214","DxgKrnl","10011","정보",,""
"09:14:30.4997969","DxgKrnl","10011","정보",,""
"09:14:30.4997982","DxgKrnl","10011","정보",,""
"09:14:30.5015593","DxgKrnl","10011","정보",,""
"09:14:30.5016031","DxgKrnl","10011","정보",,""
"09:14:30.5016064","DxgKrnl","10011","정보",,""
"09:14:30.5016516","DxgKrnl","10011","정보",,""
"09:14:30.5018870","DxgKrnl","10011","정보",,""
"09:14:30.5018879","DxgKrnl","10011","정보",,""
"09:14:30.5030353","DxgKrnl","10011","정보",,""
"09:14:30.5035531","DxgKrnl","10011","정보",,""
"09:14:30.5035720","DxgKrnl","10011","정보",,""
"09:14:30.5035729","DxgKrnl","10011","정보",,""
"09:14:30.5037680","DxgKrnl","10011","정보",,""
"09:14:30.5037688","DxgKrnl","10011","정보",,""
"09:14:30.5039199","DxgKrnl","10011","정보",,""
"09:14:30.5039199","DxgKrnl","10011","정보",,""
"09:14:30.5043884","DxgKrnl","10011","정보",,""
"09:14:30.5044366","DxgKrnl","10011","정보",,""
"09:14:30.5312573","DxgKrnl","10011","정보",,""
"09:14:30.5313054","DxgKrnl","10011","정보",,""
"09:14:30.6856985","DxgKrnl","10011","정보",,""
"09:14:30.6864239","DxgKrnl","10011","정보",,""
"09:14:33.6256621","DxgKrnl","10011","정보",,""
"09:14:33.8729776","Kernel-PnP","220","시작",,"Begin querying bus relations for device PCI\VEN_1002&DEV_7550&SUBSYS_E4891DA2&REV_C0\6&8916a45&0&00000009"
"09:14:33.8730235","DxgKrnl","10011","정보",,""
"09:14:33.8732571","DxgKrnl","10011","정보",,""
"09:14:33.8733338","DxgKrnl","10011","정보",,""
"09:14:33.8745743","DxgKrnl","10011","정보",,""
"09:14:33.8746262","DxgKrnl","10011","정보",,""
"09:14:33.8752210","DxgKrnl","10011","정보",,""
"09:14:33.8752603","DxgKrnl","10011","정보",,""
"09:14:33.8759516","DxgKrnl","10011","정보",,""
"09:14:33.8779231","DxgKrnl","10011","정보",,""
"09:14:33.8784165","Kernel-PnP","222","시작",,"End querying bus relations for device PCI\VEN_1002&DEV_7550&SUBSYS_E4891DA2&REV_C0\6&8916a45&0&00000009"
"09:14:33.8784728","Kernel-PnP","220","시작",,"Begin querying bus relations for device SWD\DRIVERENUM\AMDCP&7&16b8ddb4&0"
"09:14:33.8784743","Kernel-PnP","222","시작",,"End querying bus relations for device SWD\DRIVERENUM\AMDCP&7&16b8ddb4&0"
"09:14:33.8784799","Kernel-PnP","220","시작",,"Begin querying bus relations for device SWD\DRIVERENUM\AMDFDANS&7&16b8ddb4&0"
"09:14:33.8784808","Kernel-PnP","222","시작",,"End querying bus relations for device SWD\DRIVERENUM\AMDFDANS&7&16b8ddb4&0"
"09:14:33.8784868","Kernel-PnP","220","시작",,"Begin querying bus relations for device SWD\DRIVERENUM\AMDOCL&7&16b8ddb4&0"
"09:14:33.8784880","Kernel-PnP","222","시작",,"End querying bus relations for device SWD\DRIVERENUM\AMDOCL&7&16b8ddb4&0"
"09:14:33.8784945","Kernel-PnP","220","시작",,"Begin querying bus relations for device SWD\DRIVERENUM\AMDOGL&7&16b8ddb4&0"
"09:14:33.8784953","Kernel-PnP","222","시작",,"End querying bus relations for device SWD\DRIVERENUM\AMDOGL&7&16b8ddb4&0"
"09:14:33.8785010","Kernel-PnP","220","시작",,"Begin querying bus relations for device SWD\DRIVERENUM\AMDVLK&7&16b8ddb4&0"
"09:14:33.8785021","Kernel-PnP","222","시작",,"End querying bus relations for device SWD\DRIVERENUM\AMDVLK&7&16b8ddb4&0"
"09:14:33.8785077","Kernel-PnP","220","시작",,"Begin querying bus relations for device SWD\DRIVERENUM\AMDWIN&7&16b8ddb4&0"
"09:14:33.8785086","Kernel-PnP","222","시작",,"End querying bus relations for device SWD\DRIVERENUM\AMDWIN&7&16b8ddb4&0"
"09:14:33.8785144","Kernel-PnP","220","시작",,"Begin querying bus relations for device DISPLAY\BBC0104\7&16b8ddb4&0&UID265"
"09:14:33.8785195","Kernel-PnP","222","시작",,"End querying bus relations for device DISPLAY\BBC0104\7&16b8ddb4&0&UID265"
"09:14:33.8785246","Kernel-PnP","220","시작",,"Begin querying bus relations for device DISPLAY\SAM79DF\7&16b8ddb4&0&UID256"
"09:14:33.8785266","Kernel-PnP","222","시작",,"End querying bus relations for device DISPLAY\SAM79DF\7&16b8ddb4&0&UID256"
"09:14:33.8834474","DxgKrnl","10011","정보",,""
"09:14:33.8834689","DxgKrnl","10011","정보",,""
"09:14:33.8835085","DxgKrnl","10011","정보",,""
"09:14:33.8835121","DxgKrnl","10011","정보",,""
"09:14:33.8835144","DxgKrnl","10011","정보",,""
"09:14:33.8871544","DxgKrnl","10011","정보",,""
"09:14:33.8872310","DxgKrnl","10011","정보",,""
"09:14:33.8873380","Kernel-PnP","808","시작",,"End device add, status (STATUS_SUCCESS)"
"09:14:33.8876773","Kernel-PnP","220","시작",,"Begin querying bus relations for device DISPLAY\SAM7B0C\7&16b8ddb4&0&UID260"
"09:14:33.8876829","Kernel-PnP","222","시작",,"End querying bus relations for device DISPLAY\SAM7B0C\7&16b8ddb4&0&UID260"
"09:14:33.8878610","DxgKrnl","10011","정보",,""
"09:14:33.9073509","DxgKrnl","10011","정보",,""
"09:14:33.9074287","DxgKrnl","10011","정보",,""
"09:14:33.9074750","DxgKrnl","10011","정보",,""
"09:14:33.9090106","DxgKrnl","10011","정보",,""
"09:14:33.9090618","DxgKrnl","10011","정보",,""
"09:14:33.9092067","DxgKrnl","10011","정보",,""
"09:14:33.9092697","DxgKrnl","10011","정보",,""
"09:14:33.9092706","DxgKrnl","10011","정보",,""
"09:14:33.9093213","DxgKrnl","10011","정보",,""
"09:14:33.9093228","DxgKrnl","10011","정보",,""
"09:14:33.9093758","DxgKrnl","10011","정보",,""
"09:14:33.9093829","DxgKrnl","10011","정보",,""
"09:14:33.9094410","DxgKrnl","10011","정보",,""
"09:14:33.9113198","DxgKrnl","10011","정보",,""
"09:14:33.9115551","DxgKrnl","10011","정보",,""
"09:14:33.9179036","DxgKrnl","10011","정보",,""
"09:14:33.9179707","DxgKrnl","10011","정보",,""
"09:14:33.9181273","DxgKrnl","10011","정보",,""
"09:14:33.9182212","DxgKrnl","10011","정보",,""
"09:14:33.9182219","DxgKrnl","10011","정보",,""
"09:14:33.9182756","DxgKrnl","10011","정보",,""
"09:14:33.9182767","DxgKrnl","10011","정보",,""
"09:14:33.9183341","DxgKrnl","10011","정보",,""
"09:14:33.9183423","DxgKrnl","10011","정보",,""
"09:14:33.9183930","DxgKrnl","10011","정보",,""
"09:14:33.9187201","DxgKrnl","10011","정보",,""
"09:14:33.9187743","DxgKrnl","10011","정보",,""
"09:14:33.9226985","DxgKrnl","10011","정보",,""
"09:14:33.9227895","DxgKrnl","10011","정보",,""
"09:14:33.9309728","DxgKrnl","10011","정보",,""
"09:14:33.9314950","DxgKrnl","10011","정보",,""
"09:14:33.9378493","DxgKrnl","10011","정보",,""
"09:14:33.9378895","DxgKrnl","10011","정보",,""
"09:14:33.9379687","DxgKrnl","10011","정보",,""
"09:14:33.9380034","DxgKrnl","10011","정보",,""
"09:14:33.9380058","DxgKrnl","10011","정보",,""
"09:14:33.9416381","DxgKrnl","10011","정보",,""
"09:14:33.9417010","DxgKrnl","10011","정보",,""
"09:14:33.9443972","DxgKrnl","10011","정보",,""
"09:14:33.9444553","DxgKrnl","10011","정보",,""
"09:14:33.9444875","DxgKrnl","10011","정보",,""
"09:14:33.9445976","DxgKrnl","10011","정보",,""
"09:14:33.9446035","DxgKrnl","10011","정보",,""
"09:14:33.9448199","DxgKrnl","10011","정보",,""
"09:14:33.9448249","DxgKrnl","10011","정보",,""
"09:14:33.9448808","DxgKrnl","10011","정보",,""
"09:14:33.9448992","DxgKrnl","10011","정보",,""
"09:14:33.9450282","DxgKrnl","10011","정보",,""
"09:14:33.9450316","DxgKrnl","10011","정보",,""
"09:14:33.9450324","DxgKrnl","10011","정보",,""
"09:14:33.9452645","DxgKrnl","10011","정보",,""
"09:14:33.9496012","DxgKrnl","10011","정보",,""
"09:14:33.9496673","DxgKrnl","10011","정보",,""
"09:14:33.9558382","DxgKrnl","10011","정보",,""
"09:14:33.9559089","DxgKrnl","10011","정보",,""
"09:14:34.0281183","DxgKrnl","10011","정보",,""
"09:14:34.0289417","DxgKrnl","10011","정보",,""
"09:14:34.1310492","DxgKrnl","10011","정보",,""
"09:14:34.1313631","DxgKrnl","10011","정보",,""
"09:14:34.1324376","DxgKrnl","10011","정보",,""
"09:14:34.1325136","DxgKrnl","10011","정보",,""
"09:14:34.1339026","DxgKrnl","10011","정보",,""
"09:14:34.1340273","DxgKrnl","10011","정보",,""
"09:14:34.1341352","DxgKrnl","10011","정보",,""
"09:14:34.1341855","DxgKrnl","10011","정보",,""
"09:14:34.1344658","DxgKrnl","10011","정보",,""
"09:14:34.1353139","DxgKrnl","10011","정보",,""
"09:14:34.1355581","DxgKrnl","10011","정보",,""
"09:14:34.1359879","DxgKrnl","10011","정보",,""
"09:14:34.1360594","DxgKrnl","10011","정보",,""
"09:14:34.1373959","DxgKrnl","10011","정보",,""
"09:14:34.1387069","DxgKrnl","10011","정보",,""
"09:14:34.1405401","DxgKrnl","10011","정보",,""
"09:14:34.1405549","DxgKrnl","10011","정보",,""
"09:14:34.1405560","DxgKrnl","10011","정보",,""
"09:14:34.1406384","DxgKrnl","10011","정보",,""
"09:14:34.1409987","DxgKrnl","10011","정보",,""
"09:14:34.1410143","DxgKrnl","10011","정보",,""
"09:14:34.1413635","DxgKrnl","10011","정보",,""
"09:14:34.1415530","DxgKrnl","10011","정보",,""
"09:14:34.1417303","DxgKrnl","10011","정보",,""
"09:14:34.1417332","DxgKrnl","10011","정보",,""
"09:14:34.1422578","DxgKrnl","10011","정보",,""
"09:14:34.1423329","DxgKrnl","10011","정보",,""
"09:14:34.1527171","DxgKrnl","10011","정보",,""
"09:14:34.1528306","DxgKrnl","10011","정보",,""
"09:14:34.1530492","DxgKrnl","10011","정보",,""
"09:14:34.1530551","DxgKrnl","10011","정보",,""
"09:14:34.1532543","DxgKrnl","10011","정보",,""
"09:14:34.1532608","DxgKrnl","10011","정보",,""
"09:14:34.1532630","DxgKrnl","10011","정보",,""
"09:14:34.1566879","DxgKrnl","10011","정보",,""
"09:14:34.1581565","DxgKrnl","10011","정보",,""
"09:14:34.1581700","DxgKrnl","10011","정보",,""
"09:14:34.1581709","DxgKrnl","10011","정보",,""
"09:14:34.1592912","DxgKrnl","10011","정보",,""
"09:14:34.1592960","DxgKrnl","10011","정보",,""
"09:14:34.1595247","DxgKrnl","10011","정보",,""
"09:14:34.1604872","DxgKrnl","10011","정보",,""
"09:14:34.1609297","DxgKrnl","10011","정보",,""
"09:14:34.1618325","DxgKrnl","10011","정보",,""
"09:14:34.1621531","DxgKrnl","10011","정보",,""
"09:14:34.1623784","DxgKrnl","10011","정보",,""
"09:14:34.1778642","DxgKrnl","10011","정보",,""
"09:14:34.1779508","DxgKrnl","10011","정보",,""
"09:14:34.1779519","DxgKrnl","10011","정보",,""
"09:14:34.1780224","DxgKrnl","10011","정보",,""
"09:14:34.1780240","DxgKrnl","10011","정보",,""
"09:14:34.1780885","DxgKrnl","10011","정보",,""
"09:14:34.1781077","DxgKrnl","10011","정보",,""
"09:14:34.1781710","DxgKrnl","10011","정보",,""
"09:14:34.1838677","DxgKrnl","10011","정보",,""
"09:14:34.1839362","DxgKrnl","10011","정보",,""
"09:15:09.7518127","Kernel-PnP","220","시작",,"Begin querying bus relations for device PCI\VEN_1002&DEV_7550&SUBSYS_E4891DA2&REV_C0\6&8916a45&0&00000009"
"09:15:09.7520041","DxgKrnl","10011","정보",,""
"09:15:09.7922697","DxgKrnl","10011","정보",,""
"09:15:09.7925222","DxgKrnl","10011","정보",,""
"09:15:09.7925427","DxgKrnl","10011","정보",,""
"09:15:09.7927716","Kernel-PnP","222","시작",,"End querying bus relations for device PCI\VEN_1002&DEV_7550&SUBSYS_E4891DA2&REV_C0\6&8916a45&0&00000009"
"09:15:09.7928900","DxgKrnl","10011","정보",,""
"09:15:09.7930014","DxgKrnl","10011","정보",,""
"09:15:09.7930391","Kernel-PnP","1010","시작",,"버스에 누락 된 것으로 보고 된 장치 DISPLAY\SAM7B0C\7&16b8ddb4&0&UID260이 (가) 제거 되었습니다. 제거 된 장치 수 | 개수: 1"
"09:15:09.7936272","Kernel-PnP","220","시작",,"Begin querying bus relations for device SWD\DRIVERENUM\AMDCP&7&16b8ddb4&0"
"09:15:09.7936298","Kernel-PnP","222","시작",,"End querying bus relations for device SWD\DRIVERENUM\AMDCP&7&16b8ddb4&0"
"09:15:09.7936418","Kernel-PnP","220","시작",,"Begin querying bus relations for device SWD\DRIVERENUM\AMDFDANS&7&16b8ddb4&0"
"09:15:09.7936428","Kernel-PnP","222","시작",,"End querying bus relations for device SWD\DRIVERENUM\AMDFDANS&7&16b8ddb4&0"
"09:15:09.7936504","Kernel-PnP","220","시작",,"Begin querying bus relations for device SWD\DRIVERENUM\AMDOCL&7&16b8ddb4&0"
"09:15:09.7936513","Kernel-PnP","222","시작",,"End querying bus relations for device SWD\DRIVERENUM\AMDOCL&7&16b8ddb4&0"
"09:15:09.7936575","Kernel-PnP","220","시작",,"Begin querying bus relations for device SWD\DRIVERENUM\AMDOGL&7&16b8ddb4&0"
"09:15:09.7936585","Kernel-PnP","222","시작",,"End querying bus relations for device SWD\DRIVERENUM\AMDOGL&7&16b8ddb4&0"
"09:15:09.7936668","Kernel-PnP","220","시작",,"Begin querying bus relations for device SWD\DRIVERENUM\AMDVLK&7&16b8ddb4&0"
"09:15:09.7936678","Kernel-PnP","222","시작",,"End querying bus relations for device SWD\DRIVERENUM\AMDVLK&7&16b8ddb4&0"
"09:15:09.7936734","Kernel-PnP","220","시작",,"Begin querying bus relations for device SWD\DRIVERENUM\AMDWIN&7&16b8ddb4&0"
"09:15:09.7936744","Kernel-PnP","222","시작",,"End querying bus relations for device SWD\DRIVERENUM\AMDWIN&7&16b8ddb4&0"
"09:15:09.7936806","Kernel-PnP","220","시작",,"Begin querying bus relations for device DISPLAY\BBC0104\7&16b8ddb4&0&UID265"
"09:15:09.7936862","Kernel-PnP","222","시작",,"End querying bus relations for device DISPLAY\BBC0104\7&16b8ddb4&0&UID265"
"09:15:09.7936922","Kernel-PnP","220","시작",,"Begin querying bus relations for device DISPLAY\SAM79DF\7&16b8ddb4&0&UID256"
"09:15:09.7936950","Kernel-PnP","222","시작",,"End querying bus relations for device DISPLAY\SAM79DF\7&16b8ddb4&0&UID256"
"09:15:09.7943829","DxgKrnl","10011","정보",,""
"09:15:09.7946303","DxgKrnl","10011","정보",,""
"09:15:09.7950393","Kernel-PnP","808","시작",,"End device add, status (STATUS_SUCCESS)"
"09:15:09.7953986","Kernel-PnP","220","시작",,"Begin querying bus relations for device DISPLAY\Default_Monitor\7&16b8ddb4&0&UID260"
"09:15:09.7954014","Kernel-PnP","222","시작",,"End querying bus relations for device DISPLAY\Default_Monitor\7&16b8ddb4&0&UID260"
"09:15:09.7957221","DxgKrnl","10011","정보",,""
"09:15:09.7987141","DxgKrnl","10011","정보",,""
"09:15:09.7989418","DxgKrnl","10011","정보",,""
"09:15:09.8070509","DxgKrnl","10011","정보",,""
"09:15:09.8070747","DxgKrnl","10011","정보",,""
"09:15:09.8071456","DxgKrnl","10011","정보",,""
"09:15:09.8071508","DxgKrnl","10011","정보",,""
"09:15:09.8071532","DxgKrnl","10011","정보",,""
"09:15:09.8102051","DxgKrnl","10011","정보",,""
"09:15:09.8102617","DxgKrnl","10011","정보",,""
"09:15:09.8865647","DxgKrnl","10011","정보",,""
"09:15:09.8866757","DxgKrnl","10011","정보",,""
"09:15:09.8868065","DxgKrnl","10011","정보",,""
"09:15:09.8881998","DxgKrnl","10011","정보",,""
"09:15:09.8882681","DxgKrnl","10011","정보",,""
"09:15:09.8884157","DxgKrnl","10011","정보",,""
"09:15:09.8885286","DxgKrnl","10011","정보",,""
"09:15:09.8885322","DxgKrnl","10011","정보",,""
"09:15:09.8886130","DxgKrnl","10011","정보",,""
"09:15:09.8886145","DxgKrnl","10011","정보",,""
"09:15:09.8886887","DxgKrnl","10011","정보",,""
"09:15:09.8886909","DxgKrnl","10011","정보",,""
"09:15:09.8887557","DxgKrnl","10011","정보",,""
"09:15:09.8887626","DxgKrnl","10011","정보",,""
"09:15:09.8888306","DxgKrnl","10011","정보",,""
"09:15:09.8888339","DxgKrnl","10011","정보",,""
"09:15:09.8889032","DxgKrnl","10011","정보",,""
"09:15:09.8908230","DxgKrnl","10011","정보",,""
"09:15:09.8911773","DxgKrnl","10011","정보",,""
"09:15:09.8947413","DxgKrnl","10011","정보",,""
"09:15:09.8948270","DxgKrnl","10011","정보",,""
"09:15:09.9048466","DxgKrnl","10011","정보",,""
"09:15:09.9049255","DxgKrnl","10011","정보",,""
"09:15:09.9049269","DxgKrnl","10011","정보",,""
"09:15:09.9049998","DxgKrnl","10011","정보",,""
"09:15:09.9050040","DxgKrnl","10011","정보",,""
"09:15:09.9050690","DxgKrnl","10011","정보",,""
"09:15:09.9050712","DxgKrnl","10011","정보",,""
"09:15:09.9051417","DxgKrnl","10011","정보",,""
"09:15:09.9051496","DxgKrnl","10011","정보",,""
"09:15:09.9052134","DxgKrnl","10011","정보",,""
"09:15:09.9052165","DxgKrnl","10011","정보",,""
"09:15:09.9052883","DxgKrnl","10011","정보",,""
"09:15:09.9057688","DxgKrnl","10011","정보",,""
"09:15:09.9058484","DxgKrnl","10011","정보",,""
"09:15:09.9104436","DxgKrnl","10011","정보",,""
"09:15:09.9119562","DxgKrnl","10011","정보",,""
"09:15:09.9133982","DxgKrnl","10011","정보",,""
"09:15:09.9134873","DxgKrnl","10011","정보",,""
"09:15:09.9178516","DxgKrnl","10011","정보",,""
"09:15:09.9187945","DxgKrnl","10011","정보",,""
"09:15:09.9188667","DxgKrnl","10011","정보",,""
"09:15:09.9189485","DxgKrnl","10011","정보",,""
"09:15:09.9300059","Kernel-PnP","220","시작",,"Begin querying bus relations for device PCI\VEN_1002&DEV_7550&SUBSYS_E4891DA2&REV_C0\6&8916a45&0&00000009"
"09:15:09.9842810","Kernel-PnP","222","시작",,"End querying bus relations for device PCI\VEN_1002&DEV_7550&SUBSYS_E4891DA2&REV_C0\6&8916a45&0&00000009"
"09:15:09.9845797","Kernel-PnP","1010","시작",,"버스에 누락 된 것으로 보고 된 장치 DISPLAY\Default_Monitor\7&16b8ddb4&0&UID260이 (가) 제거 되었습니다. 제거 된 장치 수 | 개수: 1"
"09:15:09.9850301","Kernel-PnP","220","시작",,"Begin querying bus relations for device SWD\DRIVERENUM\AMDCP&7&16b8ddb4&0"
"09:15:09.9850327","Kernel-PnP","222","시작",,"End querying bus relations for device SWD\DRIVERENUM\AMDCP&7&16b8ddb4&0"
"09:15:09.9850483","Kernel-PnP","220","시작",,"Begin querying bus relations for device SWD\DRIVERENUM\AMDFDANS&7&16b8ddb4&0"
"09:15:09.9850493","Kernel-PnP","222","시작",,"End querying bus relations for device SWD\DRIVERENUM\AMDFDANS&7&16b8ddb4&0"
"09:15:09.9850581","Kernel-PnP","220","시작",,"Begin querying bus relations for device SWD\DRIVERENUM\AMDOCL&7&16b8ddb4&0"
"09:15:09.9850593","Kernel-PnP","222","시작",,"End querying bus relations for device SWD\DRIVERENUM\AMDOCL&7&16b8ddb4&0"
"09:15:09.9850720","Kernel-PnP","220","시작",,"Begin querying bus relations for device SWD\DRIVERENUM\AMDOGL&7&16b8ddb4&0"
"09:15:09.9850744","Kernel-PnP","222","시작",,"End querying bus relations for device SWD\DRIVERENUM\AMDOGL&7&16b8ddb4&0"
"09:15:09.9850865","Kernel-PnP","220","시작",,"Begin querying bus relations for device SWD\DRIVERENUM\AMDVLK&7&16b8ddb4&0"
"09:15:09.9850875","Kernel-PnP","222","시작",,"End querying bus relations for device SWD\DRIVERENUM\AMDVLK&7&16b8ddb4&0"
"09:15:09.9850933","Kernel-PnP","220","시작",,"Begin querying bus relations for device SWD\DRIVERENUM\AMDWIN&7&16b8ddb4&0"
"09:15:09.9850942","Kernel-PnP","222","시작",,"End querying bus relations for device SWD\DRIVERENUM\AMDWIN&7&16b8ddb4&0"
"09:15:09.9851023","Kernel-PnP","220","시작",,"Begin querying bus relations for device DISPLAY\BBC0104\7&16b8ddb4&0&UID265"
"09:15:09.9851086","Kernel-PnP","222","시작",,"End querying bus relations for device DISPLAY\BBC0104\7&16b8ddb4&0&UID265"
"09:15:09.9851152","Kernel-PnP","220","시작",,"Begin querying bus relations for device DISPLAY\SAM79DF\7&16b8ddb4&0&UID256"
"09:15:09.9851185","Kernel-PnP","222","시작",,"End querying bus relations for device DISPLAY\SAM79DF\7&16b8ddb4&0&UID256"
"09:15:09.9851286","DxgKrnl","10011","정보",,""
"09:15:09.9856195","DxgKrnl","10011","정보",,""
"09:15:09.9856444","DxgKrnl","10011","정보",,""
"09:15:09.9865476","DxgKrnl","10011","정보",,""
"09:15:09.9988610","DxgKrnl","10011","정보",,""
"09:15:09.9989456","DxgKrnl","10011","정보",,""
"09:15:10.0346264","DxgKrnl","10011","정보",,""
"09:15:10.0347275","DxgKrnl","10011","정보",,""
"09:15:10.0397137","DxgKrnl","10011","정보",,""
"09:15:10.0397370","DxgKrnl","10011","정보",,""
"09:15:10.0398131","DxgKrnl","10011","정보",,""
"09:15:10.0398163","DxgKrnl","10011","정보",,""
"09:15:10.0398184","DxgKrnl","10011","정보",,""
"09:15:10.0401140","DxgKrnl","10011","정보",,""
"09:15:10.0401809","DxgKrnl","10011","정보",,""
"09:15:10.0520113","DxgKrnl","10011","정보",,""
"09:15:10.0611647","DxgKrnl","10011","정보",,""
"09:15:10.0612113","DxgKrnl","10011","정보",,""
"09:15:10.0612526","DxgKrnl","10011","정보",,""
"09:15:10.0617303","DxgKrnl","10011","정보",,""
"09:15:10.0617653","DxgKrnl","10011","정보",,""
"09:15:10.0618263","DxgKrnl","10011","정보",,""
"09:15:10.0618581","DxgKrnl","10011","정보",,""
"09:15:10.0618597","DxgKrnl","10011","정보",,""
"09:15:10.0618899","DxgKrnl","10011","정보",,""
"09:15:10.0635505","DxgKrnl","10011","정보",,""
"09:15:10.0636004","DxgKrnl","10011","정보",,""
"09:15:10.0669417","DxgKrnl","10011","정보",,""
"09:15:10.0669896","DxgKrnl","10011","정보",,""
"09:15:10.0704051","DxgKrnl","10011","정보",,""
"09:15:10.0704532","DxgKrnl","10011","정보",,""
"09:15:10.0704552","DxgKrnl","10011","정보",,""
"09:15:10.0704932","DxgKrnl","10011","정보",,""
"09:15:10.0711602","DxgKrnl","10011","정보",,""
"09:15:10.0711972","DxgKrnl","10011","정보",,""
"09:15:10.0743975","DxgKrnl","10011","정보",,""
"09:15:10.0751984","DxgKrnl","10011","정보",,""
"09:15:10.0758269","DxgKrnl","10011","정보",,""
"09:15:10.0758750","DxgKrnl","10011","정보",,""
"09:15:10.0775323","DxgKrnl","10011","정보",,""
"09:15:10.0775729","DxgKrnl","10011","정보",,""
"09:15:10.2290445","DxgKrnl","10011","정보",,""
"09:15:10.2406696","DxgKrnl","10011","정보",,""
"09:15:10.2406707","DxgKrnl","10011","정보",,""
"09:15:10.2408011","DxgKrnl","10011","정보",,""
"09:15:10.2408043","DxgKrnl","10011","정보",,""
"09:15:10.2435572","DxgKrnl","10011","정보",,""
"09:15:10.2436211","DxgKrnl","10011","정보",,""
"09:15:10.2436424","DxgKrnl","10011","정보",,""
"09:15:10.2436759","DxgKrnl","10011","정보",,""
"09:15:10.2437876","DxgKrnl","10011","정보",,""
"09:15:10.2438213","DxgKrnl","10011","정보",,""
"09:15:10.2462924","DxgKrnl","10011","정보",,""
"09:15:10.2463432","DxgKrnl","10011","정보",,""
"09:15:10.2464219","DxgKrnl","10011","정보",,""
"09:15:10.2474976","DxgKrnl","10011","정보",,""
"09:15:10.2475566","DxgKrnl","10011","정보",,""
"09:15:10.2524734","DxgKrnl","10011","정보",,""
"09:15:10.2524887","DxgKrnl","10011","정보",,""
"09:15:10.2526026","DxgKrnl","10011","정보",,""
"09:15:10.2526432","DxgKrnl","10011","정보",,""
"09:15:10.2526803","DxgKrnl","10011","정보",,""
"09:15:10.2615512","DxgKrnl","10011","정보",,""
"09:15:10.2615635","DxgKrnl","10011","정보",,""
"09:15:10.2616859","DxgKrnl","10011","정보",,""
"09:15:10.2616866","DxgKrnl","10011","정보",,""
"09:15:10.2645400","DxgKrnl","10011","정보",,""
"09:15:10.2646039","DxgKrnl","10011","정보",,""
"09:15:10.2661294","DxgKrnl","10011","정보",,""
"09:15:10.2661387","DxgKrnl","10011","정보",,""
"09:15:10.2661401","DxgKrnl","10011","정보",,""
"09:15:10.2663459","DxgKrnl","10011","정보",,""
"09:15:10.2663495","DxgKrnl","10011","정보",,""
"09:15:10.2663520","DxgKrnl","10011","정보",,""
"09:15:10.2680217","DxgKrnl","10011","정보",,""
"09:15:10.2680242","DxgKrnl","10011","정보",,""
"09:15:10.2682440","DxgKrnl","10011","정보",,""
"09:15:10.2682478","DxgKrnl","10011","정보",,""
"09:15:10.2701302","DxgKrnl","10011","정보",,""
"09:15:10.2711855","DxgKrnl","10011","정보",,""
"09:15:10.2716238","DxgKrnl","10011","정보",,""
"09:15:10.2716359","DxgKrnl","10011","정보",,""
"09:15:10.2716366","DxgKrnl","10011","정보",,""
"09:15:10.2717272","DxgKrnl","10011","정보",,""
"09:15:10.2717277","DxgKrnl","10011","정보",,""
"09:15:10.2717422","DxgKrnl","10011","정보",,""
"09:15:10.2718519","DxgKrnl","10011","정보",,""
"09:15:10.2718542","DxgKrnl","10011","정보",,""
"09:15:10.2728637","DxgKrnl","10011","정보",,""
"09:15:10.2729064","DxgKrnl","10011","정보",,""
"09:15:10.2816496","DxgKrnl","10011","정보",,""
"09:15:10.2822630","DxgKrnl","10011","정보",,""
"09:15:10.2913511","DxgKrnl","10011","정보",,""
"09:15:10.2913911","DxgKrnl","10011","정보",,""
"09:15:12.8460015","DxgKrnl","10011","정보",,""
"09:15:13.0924993","Kernel-PnP","220","시작",,"Begin querying bus relations for device PCI\VEN_1002&DEV_7550&SUBSYS_E4891DA2&REV_C0\6&8916a45&0&00000009"
"09:15:13.0925426","DxgKrnl","10011","정보",,""
"09:15:13.0939449","DxgKrnl","10011","정보",,""
"09:15:13.0940220","DxgKrnl","10011","정보",,""
"09:15:13.0948274","DxgKrnl","10011","정보",,""
"09:15:13.0948741","DxgKrnl","10011","정보",,""
"09:15:13.0955073","DxgKrnl","10011","정보",,""
"09:15:13.0955516","DxgKrnl","10011","정보",,""
"09:15:13.0996720","DxgKrnl","10011","정보",,""
"09:15:13.0997145","DxgKrnl","10011","정보",,""
"09:15:13.1001354","Kernel-PnP","222","시작",,"End querying bus relations for device PCI\VEN_1002&DEV_7550&SUBSYS_E4891DA2&REV_C0\6&8916a45&0&00000009"
"09:15:13.1001903","Kernel-PnP","220","시작",,"Begin querying bus relations for device SWD\DRIVERENUM\AMDCP&7&16b8ddb4&0"
"09:15:13.1001917","Kernel-PnP","222","시작",,"End querying bus relations for device SWD\DRIVERENUM\AMDCP&7&16b8ddb4&0"
"09:15:13.1001975","Kernel-PnP","220","시작",,"Begin querying bus relations for device SWD\DRIVERENUM\AMDFDANS&7&16b8ddb4&0"
"09:15:13.1001982","Kernel-PnP","222","시작",,"End querying bus relations for device SWD\DRIVERENUM\AMDFDANS&7&16b8ddb4&0"
"09:15:13.1002024","Kernel-PnP","220","시작",,"Begin querying bus relations for device SWD\DRIVERENUM\AMDOCL&7&16b8ddb4&0"
"09:15:13.1002031","Kernel-PnP","222","시작",,"End querying bus relations for device SWD\DRIVERENUM\AMDOCL&7&16b8ddb4&0"
"09:15:13.1002073","Kernel-PnP","220","시작",,"Begin querying bus relations for device SWD\DRIVERENUM\AMDOGL&7&16b8ddb4&0"
"09:15:13.1002079","Kernel-PnP","222","시작",,"End querying bus relations for device SWD\DRIVERENUM\AMDOGL&7&16b8ddb4&0"
"09:15:13.1002119","Kernel-PnP","220","시작",,"Begin querying bus relations for device SWD\DRIVERENUM\AMDVLK&7&16b8ddb4&0"
"09:15:13.1002125","Kernel-PnP","222","시작",,"End querying bus relations for device SWD\DRIVERENUM\AMDVLK&7&16b8ddb4&0"
"09:15:13.1002177","Kernel-PnP","220","시작",,"Begin querying bus relations for device SWD\DRIVERENUM\AMDWIN&7&16b8ddb4&0"
"09:15:13.1002183","Kernel-PnP","222","시작",,"End querying bus relations for device SWD\DRIVERENUM\AMDWIN&7&16b8ddb4&0"
"09:15:13.1002228","Kernel-PnP","220","시작",,"Begin querying bus relations for device DISPLAY\BBC0104\7&16b8ddb4&0&UID265"
"09:15:13.1002273","Kernel-PnP","222","시작",,"End querying bus relations for device DISPLAY\BBC0104\7&16b8ddb4&0&UID265"
"09:15:13.1002333","Kernel-PnP","220","시작",,"Begin querying bus relations for device DISPLAY\SAM79DF\7&16b8ddb4&0&UID256"
"09:15:13.1002353","Kernel-PnP","222","시작",,"End querying bus relations for device DISPLAY\SAM79DF\7&16b8ddb4&0&UID256"
"09:15:13.1050406","DxgKrnl","10011","정보",,""
"09:15:13.1050739","DxgKrnl","10011","정보",,""
"09:15:13.1051271","DxgKrnl","10011","정보",,""
"09:15:13.1051327","DxgKrnl","10011","정보",,""
"09:15:13.1051358","DxgKrnl","10011","정보",,""
"09:15:13.1094732","DxgKrnl","10011","정보",,""
"09:15:13.1095648","DxgKrnl","10011","정보",,""
"09:15:13.1096659","Kernel-PnP","808","시작",,"End device add, status (STATUS_SUCCESS)"
"09:15:13.1099283","Kernel-PnP","220","시작",,"Begin querying bus relations for device DISPLAY\SAM7B0C\7&16b8ddb4&0&UID260"
"09:15:13.1099310","Kernel-PnP","222","시작",,"End querying bus relations for device DISPLAY\SAM7B0C\7&16b8ddb4&0&UID260"
"09:15:13.1101659","DxgKrnl","10011","정보",,""
"09:15:13.1294753","DxgKrnl","10011","정보",,""
"09:15:13.1295655","DxgKrnl","10011","정보",,""
"09:15:13.1296133","DxgKrnl","10011","정보",,""
"09:15:13.1309732","DxgKrnl","10011","정보",,""
"09:15:13.1310239","DxgKrnl","10011","정보",,""
"09:15:13.1311635","DxgKrnl","10011","정보",,""
"09:15:13.1312197","DxgKrnl","10011","정보",,""
"09:15:13.1312205","DxgKrnl","10011","정보",,""
"09:15:13.1312791","DxgKrnl","10011","정보",,""
"09:15:13.1312808","DxgKrnl","10011","정보",,""
"09:15:13.1313313","DxgKrnl","10011","정보",,""
"09:15:13.1313382","DxgKrnl","10011","정보",,""
"09:15:13.1314011","DxgKrnl","10011","정보",,""
"09:15:13.1332231","DxgKrnl","10011","정보",,""
"09:15:13.1332274","DxgKrnl","10011","정보",,""
"09:15:13.1332511","DxgKrnl","10011","정보",,""
"09:15:13.1333813","DxgKrnl","10011","정보",,""
"09:15:13.1333829","DxgKrnl","10011","정보",,""
"09:15:13.1334636","DxgKrnl","10011","정보",,""
"09:15:13.1389437","DxgKrnl","10011","정보",,""
"09:15:13.1390115","DxgKrnl","10011","정보",,""
"09:15:13.1390122","DxgKrnl","10011","정보",,""
"09:15:13.1390651","DxgKrnl","10011","정보",,""
"09:15:13.1390663","DxgKrnl","10011","정보",,""
"09:15:13.1391247","DxgKrnl","10011","정보",,""
"09:15:13.1391320","DxgKrnl","10011","정보",,""
"09:15:13.1391824","DxgKrnl","10011","정보",,""
"09:15:13.1394896","DxgKrnl","10011","정보",,""
"09:15:13.1395392","DxgKrnl","10011","정보",,""
"09:15:13.1396546","DxgKrnl","10011","정보",,""
"09:15:13.1397255","DxgKrnl","10011","정보",,""
"09:15:13.1433175","DxgKrnl","10011","정보",,""
"09:15:13.1433878","DxgKrnl","10011","정보",,""
"09:15:13.1512136","DxgKrnl","10011","정보",,""
"09:15:13.1518454","DxgKrnl","10011","정보",,""
"09:15:13.1561472","DxgKrnl","10011","정보",,""
"09:15:13.1561765","DxgKrnl","10011","정보",,""
"09:15:13.1562513","DxgKrnl","10011","정보",,""
"09:15:13.1562557","DxgKrnl","10011","정보",,""
"09:15:13.1562578","DxgKrnl","10011","정보",,""
"09:15:13.1606773","DxgKrnl","10011","정보",,""
"09:15:13.1607366","DxgKrnl","10011","정보",,""
"09:15:13.1636181","DxgKrnl","10011","정보",,""
"09:15:13.1637091","DxgKrnl","10011","정보",,""
"09:15:13.1637451","DxgKrnl","10011","정보",,""
"09:15:13.1638546","DxgKrnl","10011","정보",,""
"09:15:13.1638563","DxgKrnl","10011","정보",,""
"09:15:13.1640567","DxgKrnl","10011","정보",,""
"09:15:13.1640596","DxgKrnl","10011","정보",,""
"09:15:13.1642231","DxgKrnl","10011","정보",,""
"09:15:13.1642236","DxgKrnl","10011","정보",,""
"09:15:13.1643022","DxgKrnl","10011","정보",,""
"09:15:13.1643849","DxgKrnl","10011","정보",,""
"09:15:13.1672026","DxgKrnl","10011","정보",,""
"09:15:13.1672682","DxgKrnl","10011","정보",,""
"09:15:13.1735827","DxgKrnl","10011","정보",,""
"09:15:13.1736639","DxgKrnl","10011","정보",,""
"09:15:13.2458194","DxgKrnl","10011","정보",,""
"09:15:13.2466272","DxgKrnl","10011","정보",,""
"09:15:13.3516506","DxgKrnl","10011","정보",,""
"09:15:13.3518999","DxgKrnl","10011","정보",,""
"09:15:13.3529314","DxgKrnl","10011","정보",,""
"09:15:13.3529979","DxgKrnl","10011","정보",,""
"09:15:13.3541332","DxgKrnl","10011","정보",,""
"09:15:13.3541540","DxgKrnl","10011","정보",,""
"09:15:13.3541570","DxgKrnl","10011","정보",,""
"09:15:13.3543332","DxgKrnl","10011","정보",,""
"09:15:13.3543367","DxgKrnl","10011","정보",,""
"09:15:13.3559456","DxgKrnl","10011","정보",,""
"09:15:13.3572795","DxgKrnl","10011","정보",,""
"09:15:13.3589839","DxgKrnl","10011","정보",,""
"09:15:13.3589972","DxgKrnl","10011","정보",,""
"09:15:13.3589982","DxgKrnl","10011","정보",,""
"09:15:13.3590787","DxgKrnl","10011","정보",,""
"09:15:13.3592130","DxgKrnl","10011","정보",,""
"09:15:13.3592159","DxgKrnl","10011","정보",,""
"09:15:13.3594351","DxgKrnl","10011","정보",,""
"09:15:13.3596914","DxgKrnl","10011","정보",,""
"09:15:13.3605585","DxgKrnl","10011","정보",,""
"09:15:13.3607679","DxgKrnl","10011","정보",,""
"09:15:13.3687342","DxgKrnl","10011","정보",,""
"09:15:13.3688613","DxgKrnl","10011","정보",,""
"09:15:13.3690818","DxgKrnl","10011","정보",,""
"09:15:13.3691200","DxgKrnl","10011","정보",,""
"09:15:13.3692325","DxgKrnl","10011","정보",,""
"09:15:13.3723587","DxgKrnl","10011","정보",,""
"09:15:13.3737397","DxgKrnl","10011","정보",,""
"09:15:13.3737520","DxgKrnl","10011","정보",,""
"09:15:13.3737528","DxgKrnl","10011","정보",,""
"09:15:13.3742206","DxgKrnl","10011","정보",,""
"09:15:13.3742219","DxgKrnl","10011","정보",,""
"09:15:13.3742955","DxgKrnl","10011","정보",,""
"09:15:13.3744487","DxgKrnl","10011","정보",,""
"09:15:13.3745909","DxgKrnl","10011","정보",,""
"09:15:13.3746082","DxgKrnl","10011","정보",,""
"09:15:13.3759455","DxgKrnl","10011","정보",,""
"09:15:13.3760353","DxgKrnl","10011","정보",,""
"09:15:13.3775509","DxgKrnl","10011","정보",,""
"09:15:13.3783128","DxgKrnl","10011","정보",,""
"09:15:13.4063183","DxgKrnl","10011","정보",,""
"09:15:13.4063830","DxgKrnl","10011","정보",,""
"09:15:13.4117462","DxgKrnl","10011","정보",,""
"09:15:13.4118490","DxgKrnl","10011","정보",,""
"09:15:13.4118500","DxgKrnl","10011","정보",,""
"09:15:13.4119066","DxgKrnl","10011","정보",,""
"09:15:13.4119079","DxgKrnl","10011","정보",,""
"09:15:13.4119589","DxgKrnl","10011","정보",,""
"09:15:13.4119761","DxgKrnl","10011","정보",,""
"09:15:13.4120309","DxgKrnl","10011","정보",,""
"09:15:49.5412518","Kernel-PnP","220","시작",,"Begin querying bus relations for device PCI\VEN_1002&DEV_7550&SUBSYS_E4891DA2&REV_C0\6&8916a45&0&00000009"
"09:15:49.5414173","DxgKrnl","10011","정보",,""
"09:15:49.5840952","DxgKrnl","10011","정보",,""
"09:15:49.5843692","DxgKrnl","10011","정보",,""
"09:15:49.5843998","DxgKrnl","10011","정보",,""
"09:15:49.5844880","DxgKrnl","10011","정보",,""
"09:15:49.5845815","DxgKrnl","10011","정보",,""
"09:15:49.5847172","Kernel-PnP","222","시작",,"End querying bus relations for device PCI\VEN_1002&DEV_7550&SUBSYS_E4891DA2&REV_C0\6&8916a45&0&00000009"
"09:15:49.5849713","Kernel-PnP","1010","시작",,"버스에 누락 된 것으로 보고 된 장치 DISPLAY\SAM7B0C\7&16b8ddb4&0&UID260이 (가) 제거 되었습니다. 제거 된 장치 수 | 개수: 1"
"09:15:49.5852443","DxgKrnl","10011","정보",,""
"09:15:49.5854367","DxgKrnl","10011","정보",,""
"09:15:49.5855744","Kernel-PnP","220","시작",,"Begin querying bus relations for device SWD\DRIVERENUM\AMDCP&7&16b8ddb4&0"
"09:15:49.5855762","Kernel-PnP","222","시작",,"End querying bus relations for device SWD\DRIVERENUM\AMDCP&7&16b8ddb4&0"
"09:15:49.5856348","Kernel-PnP","220","시작",,"Begin querying bus relations for device SWD\DRIVERENUM\AMDFDANS&7&16b8ddb4&0"
"09:15:49.5856371","Kernel-PnP","222","시작",,"End querying bus relations for device SWD\DRIVERENUM\AMDFDANS&7&16b8ddb4&0"
"09:15:49.5856451","Kernel-PnP","220","시작",,"Begin querying bus relations for device SWD\DRIVERENUM\AMDOCL&7&16b8ddb4&0"
"09:15:49.5856461","Kernel-PnP","222","시작",,"End querying bus relations for device SWD\DRIVERENUM\AMDOCL&7&16b8ddb4&0"
"09:15:49.5856526","Kernel-PnP","220","시작",,"Begin querying bus relations for device SWD\DRIVERENUM\AMDOGL&7&16b8ddb4&0"
"09:15:49.5856550","Kernel-PnP","222","시작",,"End querying bus relations for device SWD\DRIVERENUM\AMDOGL&7&16b8ddb4&0"
"09:15:49.5856673","Kernel-PnP","220","시작",,"Begin querying bus relations for device SWD\DRIVERENUM\AMDVLK&7&16b8ddb4&0"
"09:15:49.5856687","Kernel-PnP","222","시작",,"End querying bus relations for device SWD\DRIVERENUM\AMDVLK&7&16b8ddb4&0"
"09:15:49.5856741","Kernel-PnP","220","시작",,"Begin querying bus relations for device SWD\DRIVERENUM\AMDWIN&7&16b8ddb4&0"
"09:15:49.5856750","Kernel-PnP","222","시작",,"End querying bus relations for device SWD\DRIVERENUM\AMDWIN&7&16b8ddb4&0"
"09:15:49.5856968","Kernel-PnP","220","시작",,"Begin querying bus relations for device DISPLAY\BBC0104\7&16b8ddb4&0&UID265"
"09:15:49.5857044","Kernel-PnP","222","시작",,"End querying bus relations for device DISPLAY\BBC0104\7&16b8ddb4&0&UID265"
"09:15:49.5857170","Kernel-PnP","220","시작",,"Begin querying bus relations for device DISPLAY\SAM79DF\7&16b8ddb4&0&UID256"
"09:15:49.5857203","Kernel-PnP","222","시작",,"End querying bus relations for device DISPLAY\SAM79DF\7&16b8ddb4&0&UID256"
"09:15:49.5871699","Kernel-PnP","808","시작",,"End device add, status (STATUS_SUCCESS)"
"09:15:49.5872748","DxgKrnl","10011","정보",,""
"09:15:49.5873812","DxgKrnl","10011","정보",,""
"09:15:49.5874863","Kernel-PnP","220","시작",,"Begin querying bus relations for device DISPLAY\Default_Monitor\7&16b8ddb4&0&UID260"
"09:15:49.5874887","Kernel-PnP","222","시작",,"End querying bus relations for device DISPLAY\Default_Monitor\7&16b8ddb4&0&UID260"
"09:15:49.5906592","DxgKrnl","10011","정보",,""
"09:15:49.5965943","DxgKrnl","10011","정보",,""
"09:15:49.5966265","DxgKrnl","10011","정보",,""
"09:15:49.5966983","DxgKrnl","10011","정보",,""
"09:15:49.5967041","DxgKrnl","10011","정보",,""
"09:15:49.5967063","DxgKrnl","10011","정보",,""
"09:15:49.5998492","DxgKrnl","10011","정보",,""
"09:15:49.5999177","DxgKrnl","10011","정보",,""
"09:15:49.6784112","DxgKrnl","10011","정보",,""
"09:15:49.6785062","DxgKrnl","10011","정보",,""
"09:15:49.6785533","DxgKrnl","10011","정보",,""
"09:15:49.6798055","DxgKrnl","10011","정보",,""
"09:15:49.6798709","DxgKrnl","10011","정보",,""
"09:15:49.6800256","DxgKrnl","10011","정보",,""
"09:15:49.6801025","DxgKrnl","10011","정보",,""
"09:15:49.6801042","DxgKrnl","10011","정보",,""
"09:15:49.6801700","DxgKrnl","10011","정보",,""
"09:15:49.6801715","DxgKrnl","10011","정보",,""
"09:15:49.6802428","DxgKrnl","10011","정보",,""
"09:15:49.6802771","DxgKrnl","10011","정보",,""
"09:15:49.6803424","DxgKrnl","10011","정보",,""
"09:15:49.6803482","DxgKrnl","10011","정보",,""
"09:15:49.6804188","DxgKrnl","10011","정보",,""
"09:15:49.6804217","DxgKrnl","10011","정보",,""
"09:15:49.6804877","DxgKrnl","10011","정보",,""
"09:15:49.6824267","DxgKrnl","10011","정보",,""
"09:15:49.6824270","DxgKrnl","10011","정보",,""
"09:15:49.6824673","DxgKrnl","10011","정보",,""
"09:15:49.6827253","DxgKrnl","10011","정보",,""
"09:15:49.6827406","DxgKrnl","10011","정보",,""
"09:15:49.6827492","DxgKrnl","10011","정보",,""
"09:15:49.6863275","DxgKrnl","10011","정보",,""
"09:15:49.6864072","DxgKrnl","10011","정보",,""
"09:15:49.7012407","DxgKrnl","10011","정보",,""
"09:15:49.7013215","DxgKrnl","10011","정보",,""
"09:15:49.7013230","DxgKrnl","10011","정보",,""
"09:15:49.7013920","DxgKrnl","10011","정보",,""
"09:15:49.7013957","DxgKrnl","10011","정보",,""
"09:15:49.7014640","DxgKrnl","10011","정보",,""
"09:15:49.7014662","DxgKrnl","10011","정보",,""
"09:15:49.7015346","DxgKrnl","10011","정보",,""
"09:15:49.7015449","DxgKrnl","10011","정보",,""
"09:15:49.7016161","DxgKrnl","10011","정보",,""
"09:15:49.7016194","DxgKrnl","10011","정보",,""
"09:15:49.7016891","DxgKrnl","10011","정보",,""
"09:15:49.7021488","DxgKrnl","10011","정보",,""
"09:15:49.7022158","DxgKrnl","10011","정보",,""
"09:15:49.7028219","DxgKrnl","10011","정보",,""
"09:15:49.7038609","DxgKrnl","10011","정보",,""
"09:15:49.7095508","DxgKrnl","10011","정보",,""
"09:15:49.7096387","DxgKrnl","10011","정보",,""
"09:15:49.7343877","DxgKrnl","10011","정보",,""
"09:15:49.7344300","DxgKrnl","10011","정보",,""
"09:15:49.7345106","DxgKrnl","10011","정보",,""
"09:15:49.7345165","DxgKrnl","10011","정보",,""
"09:15:49.7345188","DxgKrnl","10011","정보",,""
"09:15:49.7381675","DxgKrnl","10011","정보",,""
"09:15:49.7382526","DxgKrnl","10011","정보",,""
"09:15:49.7427016","DxgKrnl","10011","정보",,""
"09:15:49.7427716","DxgKrnl","10011","정보",,""
"09:15:49.7428152","DxgKrnl","10011","정보",,""
"09:15:49.7429619","DxgKrnl","10011","정보",,""
"09:15:49.7429759","DxgKrnl","10011","정보",,""
"09:15:49.7432134","DxgKrnl","10011","정보",,""
"09:15:49.7435130","DxgKrnl","10011","정보",,""
"09:15:49.7435898","DxgKrnl","10011","정보",,""
"09:15:49.7436820","DxgKrnl","10011","정보",,""
"09:15:49.7501367","DxgKrnl","10011","정보",,""
"09:15:49.7502201","DxgKrnl","10011","정보",,""
"09:15:49.7554544","DxgKrnl","10011","정보",,""
"09:15:49.7556814","DxgKrnl","10011","정보",,""
"09:15:49.8935945","Kernel-PnP","220","시작",,"Begin querying bus relations for device PCI\VEN_1002&DEV_7550&SUBSYS_E4891DA2&REV_C0\6&8916a45&0&00000009"
"09:15:49.9405359","Kernel-PnP","222","시작",,"End querying bus relations for device PCI\VEN_1002&DEV_7550&SUBSYS_E4891DA2&REV_C0\6&8916a45&0&00000009"
"09:15:49.9405689","DxgKrnl","10011","정보",,""
"09:15:49.9407320","Kernel-PnP","1010","시작",,"버스에 누락 된 것으로 보고 된 장치 DISPLAY\Default_Monitor\7&16b8ddb4&0&UID260이 (가) 제거 되었습니다. 제거 된 장치 수 | 개수: 1"
"09:15:49.9409098","DxgKrnl","10011","정보",,""
"09:15:49.9411725","Kernel-PnP","220","시작",,"Begin querying bus relations for device SWD\DRIVERENUM\AMDCP&7&16b8ddb4&0"
"09:15:49.9411790","Kernel-PnP","222","시작",,"End querying bus relations for device SWD\DRIVERENUM\AMDCP&7&16b8ddb4&0"
"09:15:49.9412129","Kernel-PnP","220","시작",,"Begin querying bus relations for device SWD\DRIVERENUM\AMDFDANS&7&16b8ddb4&0"
"09:15:49.9412171","Kernel-PnP","222","시작",,"End querying bus relations for device SWD\DRIVERENUM\AMDFDANS&7&16b8ddb4&0"
"09:15:49.9412322","Kernel-PnP","220","시작",,"Begin querying bus relations for device SWD\DRIVERENUM\AMDOCL&7&16b8ddb4&0"
"09:15:49.9412360","Kernel-PnP","222","시작",,"End querying bus relations for device SWD\DRIVERENUM\AMDOCL&7&16b8ddb4&0"
"09:15:49.9412523","Kernel-PnP","220","시작",,"Begin querying bus relations for device SWD\DRIVERENUM\AMDOGL&7&16b8ddb4&0"
"09:15:49.9412540","Kernel-PnP","222","시작",,"End querying bus relations for device SWD\DRIVERENUM\AMDOGL&7&16b8ddb4&0"
"09:15:49.9412650","Kernel-PnP","220","시작",,"Begin querying bus relations for device SWD\DRIVERENUM\AMDVLK&7&16b8ddb4&0"
"09:15:49.9412667","Kernel-PnP","222","시작",,"End querying bus relations for device SWD\DRIVERENUM\AMDVLK&7&16b8ddb4&0"
"09:15:49.9412774","Kernel-PnP","220","시작",,"Begin querying bus relations for device SWD\DRIVERENUM\AMDWIN&7&16b8ddb4&0"
"09:15:49.9412791","Kernel-PnP","222","시작",,"End querying bus relations for device SWD\DRIVERENUM\AMDWIN&7&16b8ddb4&0"
"09:15:49.9412879","Kernel-PnP","220","시작",,"Begin querying bus relations for device DISPLAY\BBC0104\7&16b8ddb4&0&UID265"
"09:15:49.9412965","Kernel-PnP","222","시작",,"End querying bus relations for device DISPLAY\BBC0104\7&16b8ddb4&0&UID265"
"09:15:49.9413078","Kernel-PnP","220","시작",,"Begin querying bus relations for device DISPLAY\SAM79DF\7&16b8ddb4&0&UID256"
"09:15:49.9413124","Kernel-PnP","222","시작",,"End querying bus relations for device DISPLAY\SAM79DF\7&16b8ddb4&0&UID256"
"09:15:49.9460586","DxgKrnl","10011","정보",,""
"09:15:49.9461617","DxgKrnl","10011","정보",,""
"09:15:49.9472391","DxgKrnl","10011","정보",,""
"09:15:49.9473269","DxgKrnl","10011","정보",,""
"09:15:49.9510432","DxgKrnl","10011","정보",,""
"09:15:49.9510764","DxgKrnl","10011","정보",,""
"09:15:49.9511654","DxgKrnl","10011","정보",,""
"09:15:49.9511692","DxgKrnl","10011","정보",,""
"09:15:49.9511713","DxgKrnl","10011","정보",,""
"09:15:49.9514479","DxgKrnl","10011","정보",,""
"09:15:49.9515154","DxgKrnl","10011","정보",,""
"09:15:49.9583138","DxgKrnl","10011","정보",,""
"09:15:49.9681125","DxgKrnl","10011","정보",,""
"09:15:49.9681751","DxgKrnl","10011","정보",,""
"09:15:49.9682139","DxgKrnl","10011","정보",,""
"09:15:49.9686439","DxgKrnl","10011","정보",,""
"09:15:49.9686730","DxgKrnl","10011","정보",,""
"09:15:49.9687339","DxgKrnl","10011","정보",,""
"09:15:49.9687722","DxgKrnl","10011","정보",,""
"09:15:49.9687743","DxgKrnl","10011","정보",,""
"09:15:49.9688054","DxgKrnl","10011","정보",,""
"09:15:49.9704165","DxgKrnl","10011","정보",,""
"09:15:49.9705394","DxgKrnl","10011","정보",,""
"09:15:49.9747891","DxgKrnl","10011","정보",,""
"09:15:49.9748508","DxgKrnl","10011","정보",,""
"09:15:49.9791358","DxgKrnl","10011","정보",,""
"09:15:49.9797042","DxgKrnl","10011","정보",,""
"09:15:49.9798178","DxgKrnl","10011","정보",,""
"09:15:49.9798619","DxgKrnl","10011","정보",,""
"09:15:49.9799116","DxgKrnl","10011","정보",,""
"09:15:49.9803176","DxgKrnl","10011","정보",,""
"09:15:49.9807399","DxgKrnl","10011","정보",,""
"09:15:49.9807793","DxgKrnl","10011","정보",,""
"09:15:49.9808782","DxgKrnl","10011","정보",,""
"09:15:49.9809064","DxgKrnl","10011","정보",,""
"09:15:49.9809545","DxgKrnl","10011","정보",,""
"09:15:49.9809604","DxgKrnl","10011","정보",,""
"09:15:49.9813509","DxgKrnl","10011","정보",,""
"09:15:49.9822424","DxgKrnl","10011","정보",,""
"09:15:49.9856203","DxgKrnl","10011","정보",,""
"09:15:49.9858946","DxgKrnl","10011","정보",,""
"09:15:49.9860953","DxgKrnl","10011","정보",,""
"09:15:49.9862958","DxgKrnl","10011","정보",,""
"09:15:49.9863352","DxgKrnl","10011","정보",,""
"09:15:49.9988561","DxgKrnl","10011","정보",,""
"09:15:49.9988664","DxgKrnl","10011","정보",,""
"09:15:49.9988789","DxgKrnl","10011","정보",,""
"09:15:49.9989146","DxgKrnl","10011","정보",,""
"09:15:49.9990233","DxgKrnl","10011","정보",,""
"09:15:49.9990289","DxgKrnl","10011","정보",,""
"09:15:50.0004373","DxgKrnl","10011","정보",,""
"09:15:50.0005791","DxgKrnl","10011","정보",,""
"09:15:50.0022145","DxgKrnl","10011","정보",,""
"09:15:50.0022998","DxgKrnl","10011","정보",,""
"09:15:50.0039727","DxgKrnl","10011","정보",,""
"09:15:50.0039745","DxgKrnl","10011","정보",,""
"09:15:50.0041076","DxgKrnl","10011","정보",,""
"09:15:50.0041110","DxgKrnl","10011","정보",,""
"09:15:50.0051157","DxgKrnl","10011","정보",,""
"09:15:50.0056188","DxgKrnl","10011","정보",,""
"09:15:50.0056374","DxgKrnl","10011","정보",,""
"09:15:50.0056394","DxgKrnl","10011","정보",,""
"09:15:50.0057146","DxgKrnl","10011","정보",,""
"09:15:50.0058430","DxgKrnl","10011","정보",,""
"09:15:50.0068423","DxgKrnl","10011","정보",,""
"09:15:50.0069146","DxgKrnl","10011","정보",,""
"09:15:50.0118760","DxgKrnl","10011","정보",,""
"09:15:50.0127349","DxgKrnl","10011","정보",,""
"09:15:50.0534421","DxgKrnl","10011","정보",,""
"09:15:50.0534903","DxgKrnl","10011","정보",,""
"09:15:50.0534916","DxgKrnl","10011","정보",,""
"09:15:50.0535233","DxgKrnl","10011","정보",,""
"09:15:50.0961249","DxgKrnl","10011","정보",,""
"09:15:50.0961764","DxgKrnl","10011","정보",,""
"09:15:50.1002864","DxgKrnl","10011","정보",,""
"09:15:50.1003397","DxgKrnl","10011","정보",,""
"09:15:50.1018108","DxgKrnl","10011","정보",,""
"09:15:50.1019040","DxgKrnl","10011","정보",,""
"09:15:50.1036524","DxgKrnl","10011","정보",,""
"09:15:50.1037261","DxgKrnl","10011","정보",,""
"09:15:50.1052006","DxgKrnl","10011","정보",,""
"09:15:50.1052425","DxgKrnl","10011","정보",,""
"09:15:50.1065777","DxgKrnl","10011","정보",,""
"09:15:50.1066405","DxgKrnl","10011","정보",,""
"09:15:50.1080487","DxgKrnl","10011","정보",,""
"09:15:50.1081026","DxgKrnl","10011","정보",,""
"09:15:53.2189891","DxgKrnl","10011","정보",,""
"09:15:53.3339545","DxgKrnl","10011","정보",,""
"09:15:53.4509620","Kernel-PnP","220","시작",,"Begin querying bus relations for device PCI\VEN_1002&DEV_7550&SUBSYS_E4891DA2&REV_C0\6&8916a45&0&00000009"
"09:15:53.4510949","DxgKrnl","10011","정보",,""
"09:15:53.4511122","DxgKrnl","10011","정보",,""
"09:15:53.4512220","DxgKrnl","10011","정보",,""
"09:15:53.4512697","DxgKrnl","10011","정보",,""
"09:15:53.4526412","DxgKrnl","10011","정보",,""
"09:15:53.4531425","DxgKrnl","10011","정보",,""
"09:15:53.4531997","DxgKrnl","10011","정보",,""
"09:15:53.4532962","DxgKrnl","10011","정보",,""
"09:15:53.4533594","DxgKrnl","10011","정보",,""
"09:15:53.4535459","DxgKrnl","10011","정보",,""
"09:15:53.4545848","DxgKrnl","10011","정보",,""
"09:15:53.4567012","DxgKrnl","10011","정보",,""
"09:15:53.4572042","Kernel-PnP","222","시작",,"End querying bus relations for device PCI\VEN_1002&DEV_7550&SUBSYS_E4891DA2&REV_C0\6&8916a45&0&00000009"
"09:15:53.4572721","Kernel-PnP","220","시작",,"Begin querying bus relations for device SWD\DRIVERENUM\AMDCP&7&16b8ddb4&0"
"09:15:53.4572739","Kernel-PnP","222","시작",,"End querying bus relations for device SWD\DRIVERENUM\AMDCP&7&16b8ddb4&0"
"09:15:53.4572799","Kernel-PnP","220","시작",,"Begin querying bus relations for device SWD\DRIVERENUM\AMDFDANS&7&16b8ddb4&0"
"09:15:53.4572808","Kernel-PnP","222","시작",,"End querying bus relations for device SWD\DRIVERENUM\AMDFDANS&7&16b8ddb4&0"
"09:15:53.4572862","Kernel-PnP","220","시작",,"Begin querying bus relations for device SWD\DRIVERENUM\AMDOCL&7&16b8ddb4&0"
"09:15:53.4572873","Kernel-PnP","222","시작",,"End querying bus relations for device SWD\DRIVERENUM\AMDOCL&7&16b8ddb4&0"
"09:15:53.4572935","Kernel-PnP","220","시작",,"Begin querying bus relations for device SWD\DRIVERENUM\AMDOGL&7&16b8ddb4&0"
"09:15:53.4572943","Kernel-PnP","222","시작",,"End querying bus relations for device SWD\DRIVERENUM\AMDOGL&7&16b8ddb4&0"
"09:15:53.4572998","Kernel-PnP","220","시작",,"Begin querying bus relations for device SWD\DRIVERENUM\AMDVLK&7&16b8ddb4&0"
"09:15:53.4573005","Kernel-PnP","222","시작",,"End querying bus relations for device SWD\DRIVERENUM\AMDVLK&7&16b8ddb4&0"
"09:15:53.4573041","Kernel-PnP","220","시작",,"Begin querying bus relations for device SWD\DRIVERENUM\AMDWIN&7&16b8ddb4&0"
"09:15:53.4573049","Kernel-PnP","222","시작",,"End querying bus relations for device SWD\DRIVERENUM\AMDWIN&7&16b8ddb4&0"
"09:15:53.4573091","Kernel-PnP","220","시작",,"Begin querying bus relations for device DISPLAY\BBC0104\7&16b8ddb4&0&UID265"
"09:15:53.4573138","Kernel-PnP","222","시작",,"End querying bus relations for device DISPLAY\BBC0104\7&16b8ddb4&0&UID265"
"09:15:53.4573186","Kernel-PnP","220","시작",,"Begin querying bus relations for device DISPLAY\SAM79DF\7&16b8ddb4&0&UID256"
"09:15:53.4573206","Kernel-PnP","222","시작",,"End querying bus relations for device DISPLAY\SAM79DF\7&16b8ddb4&0&UID256"
"09:15:53.4623125","DxgKrnl","10011","정보",,""
"09:15:53.4623557","DxgKrnl","10011","정보",,""
"09:15:53.4624724","DxgKrnl","10011","정보",,""
"09:15:53.4624877","DxgKrnl","10011","정보",,""
"09:15:53.4625005","DxgKrnl","10011","정보",,""
"09:15:53.4626867","Kernel-PnP","808","시작",,"End device add, status (STATUS_SUCCESS)"
"09:15:53.4669923","DxgKrnl","10011","정보",,""
"09:15:53.4670685","DxgKrnl","10011","정보",,""
"09:15:53.4671145","Kernel-PnP","220","시작",,"Begin querying bus relations for device DISPLAY\SAM7B0C\7&16b8ddb4&0&UID260"
"09:15:53.4671173","Kernel-PnP","222","시작",,"End querying bus relations for device DISPLAY\SAM7B0C\7&16b8ddb4&0&UID260"
"09:15:53.4676570","DxgKrnl","10011","정보",,""
"09:15:53.4863247","DxgKrnl","10011","정보",,""
"09:15:53.4863897","DxgKrnl","10011","정보",,""
"09:15:53.4864526","DxgKrnl","10011","정보",,""
"09:15:53.4878056","DxgKrnl","10011","정보",,""
"09:15:53.4878559","DxgKrnl","10011","정보",,""
"09:15:53.4879905","DxgKrnl","10011","정보",,""
"09:15:53.4880449","DxgKrnl","10011","정보",,""
"09:15:53.4880461","DxgKrnl","10011","정보",,""
"09:15:53.4881034","DxgKrnl","10011","정보",,""
"09:15:53.4881056","DxgKrnl","10011","정보",,""
"09:15:53.4881567","DxgKrnl","10011","정보",,""
"09:15:53.4881650","DxgKrnl","10011","정보",,""
"09:15:53.4882341","DxgKrnl","10011","정보",,""
"09:15:53.4901711","DxgKrnl","10011","정보",,""
"09:15:53.4901768","DxgKrnl","10011","정보",,""
"09:15:53.4901839","DxgKrnl","10011","정보",,""
"09:15:53.4903425","DxgKrnl","10011","정보",,""
"09:15:53.4904601","DxgKrnl","10011","정보",,""
"09:15:53.4904632","DxgKrnl","10011","정보",,""
"09:15:53.4958066","DxgKrnl","10011","정보",,""
"09:15:53.4958961","DxgKrnl","10011","정보",,""
"09:15:53.4958974","DxgKrnl","10011","정보",,""
"09:15:53.4959544","DxgKrnl","10011","정보",,""
"09:15:53.4959562","DxgKrnl","10011","정보",,""
"09:15:53.4960076","DxgKrnl","10011","정보",,""
"09:15:53.4960174","DxgKrnl","10011","정보",,""
"09:15:53.4960750","DxgKrnl","10011","정보",,""
"09:15:53.4964299","DxgKrnl","10011","정보",,""
"09:15:53.4964785","DxgKrnl","10011","정보",,""
"09:15:53.4966048","DxgKrnl","10011","정보",,""
"09:15:53.4968141","DxgKrnl","10011","정보",,""
"09:15:53.5010630","DxgKrnl","10011","정보",,""
"09:15:53.5011609","DxgKrnl","10011","정보",,""
"09:15:53.5085297","DxgKrnl","10011","정보",,""
"09:15:53.5090731","DxgKrnl","10011","정보",,""
"09:15:53.5144684","DxgKrnl","10011","정보",,""
"09:15:53.5145081","DxgKrnl","10011","정보",,""
"09:15:53.5145775","DxgKrnl","10011","정보",,""
"09:15:53.5145820","DxgKrnl","10011","정보",,""
"09:15:53.5145843","DxgKrnl","10011","정보",,""
"09:15:53.5192204","DxgKrnl","10011","정보",,""
"09:15:53.5192931","DxgKrnl","10011","정보",,""
"09:15:53.5225792","DxgKrnl","10011","정보",,""
"09:15:53.5226872","DxgKrnl","10011","정보",,""
"09:15:53.5227314","DxgKrnl","10011","정보",,""
"09:15:53.5228536","DxgKrnl","10011","정보",,""
"09:15:53.5231864","DxgKrnl","10011","정보",,""
"09:15:53.5232727","DxgKrnl","10011","정보",,""
"09:15:53.5235369","DxgKrnl","10011","정보",,""
"09:15:53.5273456","DxgKrnl","10011","정보",,""
"09:15:53.5274151","DxgKrnl","10011","정보",,""
"09:15:53.5335087","DxgKrnl","10011","정보",,""
"09:15:53.5335865","DxgKrnl","10011","정보",,""
"09:15:53.6060879","DxgKrnl","10011","정보",,""
"09:15:53.6068049","DxgKrnl","10011","정보",,""
"09:15:53.7091498","DxgKrnl","10011","정보",,""
"09:15:53.7093517","DxgKrnl","10011","정보",,""
"09:15:53.7094615","DxgKrnl","10011","정보",,""
"09:15:53.7097318","DxgKrnl","10011","정보",,""
"09:15:53.7103581","DxgKrnl","10011","정보",,""
"09:15:53.7104820","DxgKrnl","10011","정보",,""
"09:15:53.7121319","DxgKrnl","10011","정보",,""
"09:15:53.7122202","DxgKrnl","10011","정보",,""
"09:15:53.7143079","DxgKrnl","10011","정보",,""
"09:15:53.7143766","DxgKrnl","10011","정보",,""
"09:15:53.7145888","DxgKrnl","10011","정보",,""
"09:15:53.7147752","DxgKrnl","10011","정보",,""
"09:15:53.7148458","DxgKrnl","10011","정보",,""
"09:15:53.7166335","DxgKrnl","10011","정보",,""
"09:15:53.7166384","DxgKrnl","10011","정보",,""
"09:15:53.7179380","DxgKrnl","10011","정보",,""
"09:15:53.7196039","DxgKrnl","10011","정보",,""
"09:15:53.7196172","DxgKrnl","10011","정보",,""
"09:15:53.7196182","DxgKrnl","10011","정보",,""
"09:15:53.7197664","DxgKrnl","10011","정보",,""
"09:15:53.7197705","DxgKrnl","10011","정보",,""
"09:15:53.7203918","DxgKrnl","10011","정보",,""
"09:15:53.7204661","DxgKrnl","10011","정보",,""
"09:15:53.7215435","DxgKrnl","10011","정보",,""
"09:15:53.7216198","DxgKrnl","10011","정보",,""
"09:15:53.7337160","DxgKrnl","10011","정보",,""
"09:15:53.7337520","DxgKrnl","10011","정보",,""
"09:15:53.7338355","DxgKrnl","10011","정보",,""
"09:15:53.7338506","DxgKrnl","10011","정보",,""
"09:15:53.7340586","DxgKrnl","10011","정보",,""
"09:15:53.7386867","DxgKrnl","10011","정보",,""
"09:15:53.7400601","DxgKrnl","10011","정보",,""
"09:15:53.7400724","DxgKrnl","10011","정보",,""
"09:15:53.7400733","DxgKrnl","10011","정보",,""
"09:15:53.7402330","DxgKrnl","10011","정보",,""
"09:15:53.7402701","DxgKrnl","10011","정보",,""
"09:15:53.7402756","DxgKrnl","10011","정보",,""
"09:15:53.7405922","DxgKrnl","10011","정보",,""
"09:15:53.7419165","DxgKrnl","10011","정보",,""
"09:15:53.7419200","DxgKrnl","10011","정보",,""
"09:15:53.7424656","DxgKrnl","10011","정보",,""
"09:15:53.7434405","DxgKrnl","10011","정보",,""
"09:15:53.7506790","DxgKrnl","10011","정보",,""
"09:15:53.7507606","DxgKrnl","10011","정보",,""
"09:15:53.7507624","DxgKrnl","10011","정보",,""
"09:15:53.7508413","DxgKrnl","10011","정보",,""
"09:15:53.7508437","DxgKrnl","10011","정보",,""
"09:15:53.7509081","DxgKrnl","10011","정보",,""
"09:15:53.7509280","DxgKrnl","10011","정보",,""
"09:15:53.7509909","DxgKrnl","10011","정보",,""
"09:15:53.7614302","DxgKrnl","10011","정보",,""
"09:15:53.7614949","DxgKrnl","10011","정보",,""
"09:16:35.8674554","Kernel-PnP","220","시작",,"Begin querying bus relations for device PCI\VEN_1002&DEV_7550&SUBSYS_E4891DA2&REV_C0\6&8916a45&0&00000009"
"09:16:35.8675941","DxgKrnl","10011","정보",,""
"09:16:35.9091794","DxgKrnl","10011","정보",,""
"09:16:35.9094009","DxgKrnl","10011","정보",,""
"09:16:35.9094150","DxgKrnl","10011","정보",,""
"09:16:35.9096687","Kernel-PnP","222","시작",,"End querying bus relations for device PCI\VEN_1002&DEV_7550&SUBSYS_E4891DA2&REV_C0\6&8916a45&0&00000009"
"09:16:35.9098330","Kernel-PnP","1010","시작",,"버스에 누락 된 것으로 보고 된 장치 DISPLAY\SAM7B0C\7&16b8ddb4&0&UID260이 (가) 제거 되었습니다. 제거 된 장치 수 | 개수: 1"
"09:16:35.9099384","DxgKrnl","10011","정보",,""
"09:16:35.9100180","DxgKrnl","10011","정보",,""
"09:16:35.9105302","Kernel-PnP","220","시작",,"Begin querying bus relations for device SWD\DRIVERENUM\AMDCP&7&16b8ddb4&0"
"09:16:35.9105331","Kernel-PnP","222","시작",,"End querying bus relations for device SWD\DRIVERENUM\AMDCP&7&16b8ddb4&0"
"09:16:35.9105447","Kernel-PnP","220","시작",,"Begin querying bus relations for device SWD\DRIVERENUM\AMDFDANS&7&16b8ddb4&0"
"09:16:35.9105469","Kernel-PnP","222","시작",,"End querying bus relations for device SWD\DRIVERENUM\AMDFDANS&7&16b8ddb4&0"
"09:16:35.9105633","Kernel-PnP","220","시작",,"Begin querying bus relations for device SWD\DRIVERENUM\AMDOCL&7&16b8ddb4&0"
"09:16:35.9105643","Kernel-PnP","222","시작",,"End querying bus relations for device SWD\DRIVERENUM\AMDOCL&7&16b8ddb4&0"
"09:16:35.9105840","Kernel-PnP","220","시작",,"Begin querying bus relations for device SWD\DRIVERENUM\AMDOGL&7&16b8ddb4&0"
"09:16:35.9105862","Kernel-PnP","222","시작",,"End querying bus relations for device SWD\DRIVERENUM\AMDOGL&7&16b8ddb4&0"
"09:16:35.9105952","Kernel-PnP","220","시작",,"Begin querying bus relations for device SWD\DRIVERENUM\AMDVLK&7&16b8ddb4&0"
"09:16:35.9105961","Kernel-PnP","222","시작",,"End querying bus relations for device SWD\DRIVERENUM\AMDVLK&7&16b8ddb4&0"
"09:16:35.9106026","Kernel-PnP","220","시작",,"Begin querying bus relations for device SWD\DRIVERENUM\AMDWIN&7&16b8ddb4&0"
"09:16:35.9106033","Kernel-PnP","222","시작",,"End querying bus relations for device SWD\DRIVERENUM\AMDWIN&7&16b8ddb4&0"
"09:16:35.9106089","Kernel-PnP","220","시작",,"Begin querying bus relations for device DISPLAY\BBC0104\7&16b8ddb4&0&UID265"
"09:16:35.9106144","Kernel-PnP","222","시작",,"End querying bus relations for device DISPLAY\BBC0104\7&16b8ddb4&0&UID265"
"09:16:35.9106206","Kernel-PnP","220","시작",,"Begin querying bus relations for device DISPLAY\SAM79DF\7&16b8ddb4&0&UID256"
"09:16:35.9106233","Kernel-PnP","222","시작",,"End querying bus relations for device DISPLAY\SAM79DF\7&16b8ddb4&0&UID256"
"09:16:35.9110791","DxgKrnl","10011","정보",,""
"09:16:35.9112535","DxgKrnl","10011","정보",,""
"09:16:35.9121642","Kernel-PnP","808","시작",,"End device add, status (STATUS_SUCCESS)"
"09:16:35.9130079","Kernel-PnP","220","시작",,"Begin querying bus relations for device DISPLAY\Default_Monitor\7&16b8ddb4&0&UID260"
"09:16:35.9130114","Kernel-PnP","222","시작",,"End querying bus relations for device DISPLAY\Default_Monitor\7&16b8ddb4&0&UID260"
"09:16:35.9132460","DxgKrnl","10011","정보",,""
"09:16:35.9159145","DxgKrnl","10011","정보",,""
"09:16:35.9159783","DxgKrnl","10011","정보",,""
"09:16:35.9252103","DxgKrnl","10011","정보",,""
"09:16:35.9252599","DxgKrnl","10011","정보",,""
"09:16:35.9253273","DxgKrnl","10011","정보",,""
"09:16:35.9253329","DxgKrnl","10011","정보",,""
"09:16:35.9253353","DxgKrnl","10011","정보",,""
"09:16:35.9292373","DxgKrnl","10011","정보",,""
"09:16:35.9292991","DxgKrnl","10011","정보",,""
"09:16:36.0084588","DxgKrnl","10011","정보",,""
"09:16:36.0086698","DxgKrnl","10011","정보",,""
"09:16:36.0087249","DxgKrnl","10011","정보",,""
"09:16:36.0100565","DxgKrnl","10011","정보",,""
"09:16:36.0101220","DxgKrnl","10011","정보",,""
"09:16:36.0103083","DxgKrnl","10011","정보",,""
"09:16:36.0103865","DxgKrnl","10011","정보",,""
"09:16:36.0103889","DxgKrnl","10011","정보",,""
"09:16:36.0104599","DxgKrnl","10011","정보",,""
"09:16:36.0104619","DxgKrnl","10011","정보",,""
"09:16:36.0105335","DxgKrnl","10011","정보",,""
"09:16:36.0105361","DxgKrnl","10011","정보",,""
"09:16:36.0106005","DxgKrnl","10011","정보",,""
"09:16:36.0106067","DxgKrnl","10011","정보",,""
"09:16:36.0106770","DxgKrnl","10011","정보",,""
"09:16:36.0106818","DxgKrnl","10011","정보",,""
"09:16:36.0107462","DxgKrnl","10011","정보",,""
"09:16:36.0127312","DxgKrnl","10011","정보",,""
"09:16:36.0127477","DxgKrnl","10011","정보",,""
"09:16:36.0131895","DxgKrnl","10011","정보",,""
"09:16:36.0133766","DxgKrnl","10011","정보",,""
"09:16:36.0133885","DxgKrnl","10011","정보",,""
"09:16:36.0133919","DxgKrnl","10011","정보",,""
"09:16:36.0169475","DxgKrnl","10011","정보",,""
"09:16:36.0170209","DxgKrnl","10011","정보",,""
"09:16:36.0281353","DxgKrnl","10011","정보",,""
"09:16:36.0282247","DxgKrnl","10011","정보",,""
"09:16:36.0282276","DxgKrnl","10011","정보",,""
"09:16:36.0283058","DxgKrnl","10011","정보",,""
"09:16:36.0283087","DxgKrnl","10011","정보",,""
"09:16:36.0283840","DxgKrnl","10011","정보",,""
"09:16:36.0283872","DxgKrnl","10011","정보",,""
"09:16:36.0284514","DxgKrnl","10011","정보",,""
"09:16:36.0284597","DxgKrnl","10011","정보",,""
"09:16:36.0285303","DxgKrnl","10011","정보",,""
"09:16:36.0285334","DxgKrnl","10011","정보",,""
"09:16:36.0285994","DxgKrnl","10011","정보",,""
"09:16:36.0290751","DxgKrnl","10011","정보",,""
"09:16:36.0291471","DxgKrnl","10011","정보",,""
"09:16:36.0317777","DxgKrnl","10011","정보",,""
"09:16:36.0325806","DxgKrnl","10011","정보",,""
"09:16:36.0343264","DxgKrnl","10011","정보",,""
"09:16:36.0344059","DxgKrnl","10011","정보",,""
"09:16:36.0399713","DxgKrnl","10011","정보",,""
"09:16:36.0400522","DxgKrnl","10011","정보",,""
"09:16:36.0456728","DxgKrnl","10011","정보",,""
"09:16:36.0464298","DxgKrnl","10011","정보",,""
"09:16:36.1210159","Kernel-PnP","220","시작",,"Begin querying bus relations for device PCI\VEN_1002&DEV_7550&SUBSYS_E4891DA2&REV_C0\6&8916a45&0&00000009"
"09:16:36.1707937","Kernel-PnP","222","시작",,"End querying bus relations for device PCI\VEN_1002&DEV_7550&SUBSYS_E4891DA2&REV_C0\6&8916a45&0&00000009"
"09:16:36.1708270","DxgKrnl","10011","정보",,""
"09:16:36.1708440","DxgKrnl","10011","정보",,""
"09:16:36.1708543","DxgKrnl","10011","정보",,""
"09:16:36.1710694","DxgKrnl","10011","정보",,""
"09:16:36.1710746","DxgKrnl","10011","정보",,""
"09:16:36.1711430","Kernel-PnP","1010","시작",,"버스에 누락 된 것으로 보고 된 장치 DISPLAY\Default_Monitor\7&16b8ddb4&0&UID260이 (가) 제거 되었습니다. 제거 된 장치 수 | 개수: 1"
"09:16:36.1712275","DxgKrnl","10011","정보",,""
"09:16:36.1716479","Kernel-PnP","220","시작",,"Begin querying bus relations for device SWD\DRIVERENUM\AMDCP&7&16b8ddb4&0"
"09:16:36.1716508","Kernel-PnP","222","시작",,"End querying bus relations for device SWD\DRIVERENUM\AMDCP&7&16b8ddb4&0"
"09:16:36.1717039","Kernel-PnP","220","시작",,"Begin querying bus relations for device SWD\DRIVERENUM\AMDFDANS&7&16b8ddb4&0"
"09:16:36.1717069","Kernel-PnP","222","시작",,"End querying bus relations for device SWD\DRIVERENUM\AMDFDANS&7&16b8ddb4&0"
"09:16:36.1717161","Kernel-PnP","220","시작",,"Begin querying bus relations for device SWD\DRIVERENUM\AMDOCL&7&16b8ddb4&0"
"09:16:36.1717171","Kernel-PnP","222","시작",,"End querying bus relations for device SWD\DRIVERENUM\AMDOCL&7&16b8ddb4&0"
"09:16:36.1717237","Kernel-PnP","220","시작",,"Begin querying bus relations for device SWD\DRIVERENUM\AMDOGL&7&16b8ddb4&0"
"09:16:36.1717247","Kernel-PnP","222","시작",,"End querying bus relations for device SWD\DRIVERENUM\AMDOGL&7&16b8ddb4&0"
"09:16:36.1717341","Kernel-PnP","220","시작",,"Begin querying bus relations for device SWD\DRIVERENUM\AMDVLK&7&16b8ddb4&0"
"09:16:36.1717363","Kernel-PnP","222","시작",,"End querying bus relations for device SWD\DRIVERENUM\AMDVLK&7&16b8ddb4&0"
"09:16:36.1717437","Kernel-PnP","220","시작",,"Begin querying bus relations for device SWD\DRIVERENUM\AMDWIN&7&16b8ddb4&0"
"09:16:36.1717448","Kernel-PnP","222","시작",,"End querying bus relations for device SWD\DRIVERENUM\AMDWIN&7&16b8ddb4&0"
"09:16:36.1717497","Kernel-PnP","220","시작",,"Begin querying bus relations for device DISPLAY\BBC0104\7&16b8ddb4&0&UID265"
"09:16:36.1717546","Kernel-PnP","222","시작",,"End querying bus relations for device DISPLAY\BBC0104\7&16b8ddb4&0&UID265"
"09:16:36.1717628","Kernel-PnP","220","시작",,"Begin querying bus relations for device DISPLAY\SAM79DF\7&16b8ddb4&0&UID256"
"09:16:36.1717656","Kernel-PnP","222","시작",,"End querying bus relations for device DISPLAY\SAM79DF\7&16b8ddb4&0&UID256"
"09:16:36.1803756","DxgKrnl","10011","정보",,""
"09:16:36.1804516","DxgKrnl","10011","정보",,""
"09:16:36.1815429","DxgKrnl","10011","정보",,""
"09:16:36.1816280","DxgKrnl","10011","정보",,""
"09:16:36.1888006","DxgKrnl","10011","정보",,""
"09:16:36.1888312","DxgKrnl","10011","정보",,""
"09:16:36.1889110","DxgKrnl","10011","정보",,""
"09:16:36.1889143","DxgKrnl","10011","정보",,""
"09:16:36.1889164","DxgKrnl","10011","정보",,""
"09:16:36.1892063","DxgKrnl","10011","정보",,""
"09:16:36.1892763","DxgKrnl","10011","정보",,""
"09:16:36.2065744","DxgKrnl","10011","정보",,""
"09:16:36.2177156","DxgKrnl","10011","정보",,""
"09:16:36.2177638","DxgKrnl","10011","정보",,""
"09:16:36.2178377","DxgKrnl","10011","정보",,""
"09:16:36.2182910","DxgKrnl","10011","정보",,""
"09:16:36.2183202","DxgKrnl","10011","정보",,""
"09:16:36.2183800","DxgKrnl","10011","정보",,""
"09:16:36.2184115","DxgKrnl","10011","정보",,""
"09:16:36.2184132","DxgKrnl","10011","정보",,""
"09:16:36.2184509","DxgKrnl","10011","정보",,""
"09:16:36.2201013","DxgKrnl","10011","정보",,""
"09:16:36.2201040","DxgKrnl","10011","정보",,""
"09:16:36.2202562","DxgKrnl","10011","정보",,""
"09:16:36.2202587","DxgKrnl","10011","정보",,""
"09:16:36.2379417","DxgKrnl","10011","정보",,""
"09:16:36.2379910","DxgKrnl","10011","정보",,""
"09:16:36.2514287","DxgKrnl","10011","정보",,""
"09:16:36.2525880","DxgKrnl","10011","정보",,""
"09:16:36.2896416","DxgKrnl","10011","정보",,""
"09:16:36.2896901","DxgKrnl","10011","정보",,""
"09:16:36.2896915","DxgKrnl","10011","정보",,""
"09:16:36.2897247","DxgKrnl","10011","정보",,""
"09:16:36.2902543","DxgKrnl","10011","정보",,""
"09:16:36.2902939","DxgKrnl","10011","정보",,""
"09:16:36.2947387","DxgKrnl","10011","정보",,""
"09:16:36.2948372","DxgKrnl","10011","정보",,""
"09:16:36.2965216","DxgKrnl","10011","정보",,""
"09:16:36.2965656","DxgKrnl","10011","정보",,""
"09:16:36.2981277","DxgKrnl","10011","정보",,""
"09:16:36.2981830","DxgKrnl","10011","정보",,""
"09:16:36.2998073","DxgKrnl","10011","정보",,""
"09:16:36.2998668","DxgKrnl","10011","정보",,""
"09:16:36.3253318","DxgKrnl","10011","정보",,""
"09:16:36.3259578","DxgKrnl","10011","정보",,""
"09:16:36.3260817","DxgKrnl","10011","정보",,""
"09:16:36.3267208","DxgKrnl","10011","정보",,""
"09:16:36.3273494","DxgKrnl","10011","정보",,""
"09:16:36.3274061","DxgKrnl","10011","정보",,""
"09:16:36.3274072","DxgKrnl","10011","정보",,""
"09:16:36.3274665","DxgKrnl","10011","정보",,""
"09:16:36.3291438","DxgKrnl","10011","정보",,""
"09:16:36.3291869","DxgKrnl","10011","정보",,""
"09:16:36.3315494","DxgKrnl","10011","정보",,""
"09:16:36.3316193","DxgKrnl","10011","정보",,""
"09:16:36.3316626","DxgKrnl","10011","정보",,""
"09:16:36.3318215","DxgKrnl","10011","정보",,""
"09:16:36.3318870","DxgKrnl","10011","정보",,""
"09:16:36.3411063","DxgKrnl","10011","정보",,""
"09:16:36.3411105","DxgKrnl","10011","정보",,""
"09:16:36.3413708","DxgKrnl","10011","정보",,""
"09:16:36.3413742","DxgKrnl","10011","정보",,""
"09:16:36.3442366","DxgKrnl","10011","정보",,""
"09:16:36.3442830","DxgKrnl","10011","정보",,""
"09:16:36.3473909","DxgKrnl","10011","정보",,""
"09:16:36.3473923","DxgKrnl","10011","정보",,""
"09:16:36.3475281","DxgKrnl","10011","정보",,""
"09:16:36.3475329","DxgKrnl","10011","정보",,""
"09:16:36.3491794","DxgKrnl","10011","정보",,""
"09:16:36.3492320","DxgKrnl","10011","정보",,""
"09:16:36.3513494","DxgKrnl","10011","정보",,""
"09:16:36.3517318","DxgKrnl","10011","정보",,""
"09:16:36.3517439","DxgKrnl","10011","정보",,""
"09:16:36.3517447","DxgKrnl","10011","정보",,""
"09:16:36.3522164","DxgKrnl","10011","정보",,""
"09:16:36.3522197","DxgKrnl","10011","정보",,""
"09:16:36.3523090","DxgKrnl","10011","정보",,""
"09:16:36.3523120","DxgKrnl","10011","정보",,""
"09:16:36.3725883","DxgKrnl","10011","정보",,""
"09:16:36.3726309","DxgKrnl","10011","정보",,""
"09:16:36.5810951","DxgKrnl","10011","정보",,""
"09:16:36.5818886","DxgKrnl","10011","정보",,""
"09:16:39.4585523","DxgKrnl","10011","정보",,""
"09:16:39.7053580","Kernel-PnP","220","시작",,"Begin querying bus relations for device PCI\VEN_1002&DEV_7550&SUBSYS_E4891DA2&REV_C0\6&8916a45&0&00000009"
"09:16:39.7053921","DxgKrnl","10011","정보",,""
"09:16:39.7056174","DxgKrnl","10011","정보",,""
"09:16:39.7056928","DxgKrnl","10011","정보",,""
"09:16:39.7068032","DxgKrnl","10011","정보",,""
"09:16:39.7068450","DxgKrnl","10011","정보",,""
"09:16:39.7075624","DxgKrnl","10011","정보",,""
"09:16:39.7076020","DxgKrnl","10011","정보",,""
"09:16:39.7081621","DxgKrnl","10011","정보",,""
"09:16:39.7082051","DxgKrnl","10011","정보",,""
"09:16:39.7115291","Kernel-PnP","222","시작",,"End querying bus relations for device PCI\VEN_1002&DEV_7550&SUBSYS_E4891DA2&REV_C0\6&8916a45&0&00000009"
"09:16:39.7115862","Kernel-PnP","220","시작",,"Begin querying bus relations for device SWD\DRIVERENUM\AMDCP&7&16b8ddb4&0"
"09:16:39.7115876","Kernel-PnP","222","시작",,"End querying bus relations for device SWD\DRIVERENUM\AMDCP&7&16b8ddb4&0"
"09:16:39.7115930","Kernel-PnP","220","시작",,"Begin querying bus relations for device SWD\DRIVERENUM\AMDFDANS&7&16b8ddb4&0"
"09:16:39.7115937","Kernel-PnP","222","시작",,"End querying bus relations for device SWD\DRIVERENUM\AMDFDANS&7&16b8ddb4&0"
"09:16:39.7115980","Kernel-PnP","220","시작",,"Begin querying bus relations for device SWD\DRIVERENUM\AMDOCL&7&16b8ddb4&0"
"09:16:39.7115987","Kernel-PnP","222","시작",,"End querying bus relations for device SWD\DRIVERENUM\AMDOCL&7&16b8ddb4&0"
"09:16:39.7116031","Kernel-PnP","220","시작",,"Begin querying bus relations for device SWD\DRIVERENUM\AMDOGL&7&16b8ddb4&0"
"09:16:39.7116039","Kernel-PnP","222","시작",,"End querying bus relations for device SWD\DRIVERENUM\AMDOGL&7&16b8ddb4&0"
"09:16:39.7116079","Kernel-PnP","220","시작",,"Begin querying bus relations for device SWD\DRIVERENUM\AMDVLK&7&16b8ddb4&0"
"09:16:39.7116086","Kernel-PnP","222","시작",,"End querying bus relations for device SWD\DRIVERENUM\AMDVLK&7&16b8ddb4&0"
"09:16:39.7116130","Kernel-PnP","220","시작",,"Begin querying bus relations for device SWD\DRIVERENUM\AMDWIN&7&16b8ddb4&0"
"09:16:39.7116138","Kernel-PnP","222","시작",,"End querying bus relations for device SWD\DRIVERENUM\AMDWIN&7&16b8ddb4&0"
"09:16:39.7116199","Kernel-PnP","220","시작",,"Begin querying bus relations for device DISPLAY\BBC0104\7&16b8ddb4&0&UID265"
"09:16:39.7116249","Kernel-PnP","222","시작",,"End querying bus relations for device DISPLAY\BBC0104\7&16b8ddb4&0&UID265"
"09:16:39.7116316","Kernel-PnP","220","시작",,"Begin querying bus relations for device DISPLAY\SAM79DF\7&16b8ddb4&0&UID256"
"09:16:39.7116337","Kernel-PnP","222","시작",,"End querying bus relations for device DISPLAY\SAM79DF\7&16b8ddb4&0&UID256"
"09:16:39.7149329","DxgKrnl","10011","정보",,""
"09:16:39.7149909","DxgKrnl","10011","정보",,""
"09:16:39.7150841","DxgKrnl","10011","정보",,""
"09:16:39.7150929","DxgKrnl","10011","정보",,""
"09:16:39.7150960","DxgKrnl","10011","정보",,""
"09:16:39.7151988","Kernel-PnP","808","시작",,"End device add, status (STATUS_SUCCESS)"
"09:16:39.7196004","DxgKrnl","10011","정보",,""
"09:16:39.7196409","DxgKrnl","10011","정보",,""
"09:16:39.7197438","Kernel-PnP","220","시작",,"Begin querying bus relations for device DISPLAY\SAM7B0C\7&16b8ddb4&0&UID260"
"09:16:39.7197466","Kernel-PnP","222","시작",,"End querying bus relations for device DISPLAY\SAM7B0C\7&16b8ddb4&0&UID260"
"09:16:39.7202138","DxgKrnl","10011","정보",,""
"09:16:39.7389947","DxgKrnl","10011","정보",,""
"09:16:39.7390609","DxgKrnl","10011","정보",,""
"09:16:39.7391160","DxgKrnl","10011","정보",,""
"09:16:39.7405642","DxgKrnl","10011","정보",,""
"09:16:39.7406190","DxgKrnl","10011","정보",,""
"09:16:39.7407567","DxgKrnl","10011","정보",,""
"09:16:39.7408208","DxgKrnl","10011","정보",,""
"09:16:39.7408217","DxgKrnl","10011","정보",,""
"09:16:39.7408753","DxgKrnl","10011","정보",,""
"09:16:39.7408770","DxgKrnl","10011","정보",,""
"09:16:39.7409517","DxgKrnl","10011","정보",,""
"09:16:39.7409579","DxgKrnl","10011","정보",,""
"09:16:39.7410102","DxgKrnl","10011","정보",,""
"09:16:39.7428210","DxgKrnl","10011","정보",,""
"09:16:39.7428615","DxgKrnl","10011","정보",,""
"09:16:39.7429988","DxgKrnl","10011","정보",,""
"09:16:39.7429993","DxgKrnl","10011","정보",,""
"09:16:39.7472584","DxgKrnl","10011","정보",,""
"09:16:39.7473198","DxgKrnl","10011","정보",,""
"09:16:39.7473205","DxgKrnl","10011","정보",,""
"09:16:39.7473765","DxgKrnl","10011","정보",,""
"09:16:39.7473777","DxgKrnl","10011","정보",,""
"09:16:39.7474355","DxgKrnl","10011","정보",,""
"09:16:39.7474421","DxgKrnl","10011","정보",,""
"09:16:39.7474919","DxgKrnl","10011","정보",,""
"09:16:39.7478188","DxgKrnl","10011","정보",,""
"09:16:39.7478730","DxgKrnl","10011","정보",,""
"09:16:39.7479663","DxgKrnl","10011","정보",,""
"09:16:39.7480332","DxgKrnl","10011","정보",,""
"09:16:39.7518863","DxgKrnl","10011","정보",,""
"09:16:39.7519496","DxgKrnl","10011","정보",,""
"09:16:39.7604182","DxgKrnl","10011","정보",,""
"09:16:39.7609915","DxgKrnl","10011","정보",,""
"09:16:39.7638710","DxgKrnl","10011","정보",,""
"09:16:39.7639069","DxgKrnl","10011","정보",,""
"09:16:39.7639758","DxgKrnl","10011","정보",,""
"09:16:39.7639801","DxgKrnl","10011","정보",,""
"09:16:39.7639823","DxgKrnl","10011","정보",,""
"09:16:39.7683013","DxgKrnl","10011","정보",,""
"09:16:39.7683611","DxgKrnl","10011","정보",,""
"09:16:39.7710381","DxgKrnl","10011","정보",,""
"09:16:39.7710915","DxgKrnl","10011","정보",,""
"09:16:39.7711343","DxgKrnl","10011","정보",,""
"09:16:39.7712947","DxgKrnl","10011","정보",,""
"09:16:39.7713084","DxgKrnl","10011","정보",,""
"09:16:39.7713118","DxgKrnl","10011","정보",,""
"09:16:39.7713388","DxgKrnl","10011","정보",,""
"09:16:39.7715993","DxgKrnl","10011","정보",,""
"09:16:39.7716099","DxgKrnl","10011","정보",,""
"09:16:39.7716108","DxgKrnl","10011","정보",,""
"09:16:39.7717588","DxgKrnl","10011","정보",,""
"09:16:39.7747154","DxgKrnl","10011","정보",,""
"09:16:39.7748093","DxgKrnl","10011","정보",,""
"09:16:39.7815757","DxgKrnl","10011","정보",,""
"09:16:39.7817784","DxgKrnl","10011","정보",,""
"09:16:39.8555102","DxgKrnl","10011","정보",,""
"09:16:39.8562573","DxgKrnl","10011","정보",,""
"09:16:39.9642875","DxgKrnl","10011","정보",,""
"09:16:39.9647342","DxgKrnl","10011","정보",,""
"09:16:39.9661448","DxgKrnl","10011","정보",,""
"09:16:39.9662144","DxgKrnl","10011","정보",,""
"09:16:39.9706027","DxgKrnl","10011","정보",,""
"09:16:39.9706925","DxgKrnl","10011","정보",,""
"09:16:39.9746972","DxgKrnl","10011","정보",,""
"09:16:39.9749808","DxgKrnl","10011","정보",,""
"09:16:39.9750709","DxgKrnl","10011","정보",,""
"09:16:39.9806533","DxgKrnl","10011","정보",,""
"09:16:39.9806555","DxgKrnl","10011","정보",,""
"09:16:39.9806687","DxgKrnl","10011","정보",,""
"09:16:39.9809152","DxgKrnl","10011","정보",,""
"09:16:39.9809286","DxgKrnl","10011","정보",,""
"09:16:39.9809348","DxgKrnl","10011","정보",,""
"09:16:39.9834177","DxgKrnl","10011","정보",,""
"09:16:39.9851502","DxgKrnl","10011","정보",,""
"09:16:39.9851621","DxgKrnl","10011","정보",,""
"09:16:39.9851630","DxgKrnl","10011","정보",,""
"09:16:39.9852356","DxgKrnl","10011","정보",,""
"09:16:39.9852589","DxgKrnl","10011","정보",,""
"09:16:39.9854682","DxgKrnl","10011","정보",,""
"09:16:39.9856350","DxgKrnl","10011","정보",,""
"09:16:39.9892543","DxgKrnl","10011","정보",,""
"09:16:39.9893264","DxgKrnl","10011","정보",,""
"09:16:39.9971450","DxgKrnl","10011","정보",,""
"09:16:39.9972508","DxgKrnl","10011","정보",,""
"09:16:39.9973245","DxgKrnl","10011","정보",,""
"09:16:39.9973399","DxgKrnl","10011","정보",,""
"09:16:39.9973554","DxgKrnl","10011","정보",,""
"09:16:39.9975299","DxgKrnl","10011","정보",,""
"09:16:39.9975349","DxgKrnl","10011","정보",,""
"09:16:39.9989594","DxgKrnl","10011","정보",,""
"09:16:40.0002908","DxgKrnl","10011","정보",,""
"09:16:40.0003030","DxgKrnl","10011","정보",,""
"09:16:40.0003037","DxgKrnl","10011","정보",,""
"09:16:40.0007124","DxgKrnl","10011","정보",,""
"09:16:40.0007124","DxgKrnl","10011","정보",,""
"09:16:40.0009390","DxgKrnl","10011","정보",,""
"09:16:40.0010050","DxgKrnl","10011","정보",,""
"09:16:40.0010087","DxgKrnl","10011","정보",,""
"09:16:40.0010752","DxgKrnl","10011","정보",,""
"09:16:40.0010798","DxgKrnl","10011","정보",,""
"09:16:40.0012888","DxgKrnl","10011","정보",,""
"09:16:40.0016324","DxgKrnl","10011","정보",,""
"09:16:40.0016508","DxgKrnl","10011","정보",,""
"09:16:40.0017662","DxgKrnl","10011","정보",,""
"09:16:40.0017677","DxgKrnl","10011","정보",,""
"09:16:40.0017684","DxgKrnl","10011","정보",,""
"09:16:40.0018249","DxgKrnl","10011","정보",,""
"09:16:40.0018263","DxgKrnl","10011","정보",,""
"09:16:40.0019405","DxgKrnl","10011","정보",,""
"09:16:40.0019599","DxgKrnl","10011","정보",,""
"09:16:40.0020179","DxgKrnl","10011","정보",,""
"09:16:40.0021500","DxgKrnl","10011","정보",,""
"09:16:40.0030199","DxgKrnl","10011","정보",,""
"09:16:40.0173996","DxgKrnl","10011","정보",,""
"09:16:40.0174687","DxgKrnl","10011","정보",,""
