"Time","Provider","Id","Opcode","Task","Message"
"09:25:09.5927045","Kernel-PnP","220","시작",,"Begin querying bus relations for device HTREE\ROOT\0"
"09:25:09.5928843","Kernel-PnP","222","시작",,"End querying bus relations for device HTREE\ROOT\0"
"09:25:09.6108670","Kernel-PnP","220","시작",,"Begin querying bus relations for device SWD\PRINTENUM\PrintQueues"
"09:25:09.6108697","Kernel-PnP","222","시작",,"End querying bus relations for device SWD\PRINTENUM\PrintQueues"
"09:25:09.6115539","Kernel-PnP","220","시작",,"Begin querying bus relations for device SWD\PRINTENUM\PrintQueues"
"09:25:09.6115551","Kernel-PnP","222","시작",,"End querying bus relations for device SWD\PRINTENUM\PrintQueues"
"09:26:33.6840700","DxgKrnl","10011","정보",,""
"09:26:33.6841502","DxgKrnl","10011","정보",,""
"09:26:40.1370919","DxgKrnl","10011","정보",,""
"09:26:40.1372048","DxgKrnl","10011","정보",,""
"09:26:40.1433162","DxgKrnl","10011","정보",,""
"09:26:40.1433645","DxgKrnl","10011","정보",,""
"09:26:40.1434541","DxgKrnl","10011","정보",,""
"09:26:40.1434599","DxgKrnl","10011","정보",,""
"09:26:40.1434623","DxgKrnl","10011","정보",,""
"09:26:40.1480920","DxgKrnl","10011","정보",,""
"09:26:40.1481927","DxgKrnl","10011","정보",,""
"09:26:40.1524257","DxgKrnl","10011","정보",,""
"09:26:40.1525017","DxgKrnl","10011","정보",,""
"09:26:40.1525714","DxgKrnl","10011","정보",,""
"09:26:40.1535969","DxgKrnl","10011","정보",,""
"09:26:40.1536552","DxgKrnl","10011","정보",,""
"09:26:40.1537599","DxgKrnl","10011","정보",,""
"09:26:40.1538178","DxgKrnl","10011","정보",,""
"09:26:40.1538191","DxgKrnl","10011","정보",,""
"09:26:40.1538733","DxgKrnl","10011","정보",,""
"09:26:40.1538760","DxgKrnl","10011","정보",,""
"09:26:40.1539297","DxgKrnl","10011","정보",,""
"09:26:40.1539356","DxgKrnl","10011","정보",,""
"09:26:40.1539890","DxgKrnl","10011","정보",,""
"09:26:40.1553756","DxgKrnl","10011","정보",,""
"09:26:40.1554317","DxgKrnl","10011","정보",,""
"09:26:40.1556288","DxgKrnl","10011","정보",,""
"09:26:40.1557108","DxgKrnl","10011","정보",,""
"09:26:40.1561321","DxgKrnl","10011","정보",,""
"09:26:40.1562245","DxgKrnl","10011","정보",,""
"09:26:40.1674571","DxgKrnl","10011","정보",,""
"09:26:40.1682133","DxgKrnl","10011","정보",,""
"09:26:40.6888279","DxgKrnl","10011","정보",,""
"09:26:40.6889488","DxgKrnl","10011","정보",,""
"09:26:40.7414044","DxgKrnl","10011","정보",,""
"09:26:40.7415089","DxgKrnl","10011","정보",,""
"09:26:40.7415114","DxgKrnl","10011","정보",,""
"09:26:40.7416056","DxgKrnl","10011","정보",,""
"09:26:40.7416086","DxgKrnl","10011","정보",,""
"09:26:40.7416841","DxgKrnl","10011","정보",,""
"09:26:40.7417102","DxgKrnl","10011","정보",,""
"09:26:40.7417814","DxgKrnl","10011","정보",,""
"09:26:40.7418859","DxgKrnl","10011","정보",,""
"09:26:40.7419685","DxgKrnl","10011","정보",,""
"09:26:40.7419708","DxgKrnl","10011","정보",,""
"09:26:40.7420409","DxgKrnl","10011","정보",,""
"09:26:40.7420429","DxgKrnl","10011","정보",,""
"09:26:40.7421130","DxgKrnl","10011","정보",,""
"09:26:40.7421193","DxgKrnl","10011","정보",,""
"09:26:40.7421912","DxgKrnl","10011","정보",,""
"09:26:41.8163625","DxgKrnl","10011","정보",,""
"09:26:41.8164836","DxgKrnl","10011","정보",,""
"09:26:41.8164891","DxgKrnl","10011","정보",,""
"09:26:41.8165896","DxgKrnl","10011","정보",,""
"09:26:41.8165971","DxgKrnl","10011","정보",,""
"09:26:41.8167074","DxgKrnl","10011","정보",,""
"09:26:41.8167375","DxgKrnl","10011","정보",,""
"09:26:41.8168314","DxgKrnl","10011","정보",,""
"09:26:42.2010530","DxgKrnl","10011","정보",,""
"09:26:42.2013533","DxgKrnl","10011","정보",,""
"09:26:42.2127230","DxgKrnl","10011","정보",,""
"09:26:58.6297310","DxgKrnl","10011","정보",,""
"09:26:58.6298133","DxgKrnl","10011","정보",,""
"09:26:58.6311892","DxgKrnl","10011","정보",,""
"09:26:58.6312229","DxgKrnl","10011","정보",,""
"09:26:58.6312936","DxgKrnl","10011","정보",,""
"09:26:58.6312998","DxgKrnl","10011","정보",,""
"09:26:58.6313020","DxgKrnl","10011","정보",,""
"09:26:58.6316372","DxgKrnl","10011","정보",,""
"09:26:58.6316969","DxgKrnl","10011","정보",,""
"09:26:58.8810828","DxgKrnl","10011","정보",,""
"09:26:58.8811170","DxgKrnl","10011","정보",,""
"09:26:58.8938965","DxgKrnl","10011","정보",,""
"09:26:58.8939676","DxgKrnl","10011","정보",,""
"09:26:58.8940171","DxgKrnl","10011","정보",,""
"09:26:58.8952225","DxgKrnl","10011","정보",,""
"09:26:58.8952638","DxgKrnl","10011","정보",,""
"09:26:58.8953289","DxgKrnl","10011","정보",,""
"09:26:58.8953716","DxgKrnl","10011","정보",,""
"09:26:58.8953732","DxgKrnl","10011","정보",,""
"09:26:58.8954129","DxgKrnl","10011","정보",,""
"09:26:58.8981427","DxgKrnl","10011","정보",,""
"09:26:58.8981478","DxgKrnl","10011","정보",,""
"09:26:58.8982758","DxgKrnl","10011","정보",,""
"09:26:58.8982779","DxgKrnl","10011","정보",,""
"09:26:58.8991556","DxgKrnl","10011","정보",,""
"09:26:58.8992837","DxgKrnl","10011","정보",,""
"09:26:58.8992870","DxgKrnl","10011","정보",,""
"09:26:58.8994192","DxgKrnl","10011","정보",,""
"09:26:58.8994197","DxgKrnl","10011","정보",,""
"09:26:58.9000036","DxgKrnl","10011","정보",,""
"09:26:58.9012703","DxgKrnl","10011","정보",,""
"09:26:58.9013364","DxgKrnl","10011","정보",,""
"09:26:58.9022491","DxgKrnl","10011","정보",,""
"09:26:58.9023547","DxgKrnl","10011","정보",,""
"09:26:58.9024059","DxgKrnl","10011","정보",,""
"09:26:58.9024077","DxgKrnl","10011","정보",,""
"09:26:58.9024482","DxgKrnl","10011","정보",,""
"09:26:58.9029702","DxgKrnl","10011","정보",,""
"09:26:58.9030274","DxgKrnl","10011","정보",,""
"09:26:58.9031785","DxgKrnl","10011","정보",,""
"09:26:58.9031823","DxgKrnl","10011","정보",,""
"09:26:58.9032019","DxgKrnl","10011","정보",,""
"09:26:58.9032094","DxgKrnl","10011","정보",,""
"09:26:58.9033044","DxgKrnl","10011","정보",,""
"09:26:58.9034097","DxgKrnl","10011","정보",,""
"09:26:58.9034097","DxgKrnl","10011","정보",,""
"09:26:58.9034113","DxgKrnl","10011","정보",,""
"09:26:58.9040852","DxgKrnl","10011","정보",,""
"09:26:58.9041446","DxgKrnl","10011","정보",,""
"09:26:58.9041960","DxgKrnl","10011","정보",,""
"09:26:58.9049223","DxgKrnl","10011","정보",,""
"09:26:58.9049667","DxgKrnl","10011","정보",,""
"09:26:58.9050220","DxgKrnl","10011","정보",,""
"09:26:58.9052093","DxgKrnl","10011","정보",,""
"09:26:58.9052259","DxgKrnl","10011","정보",,""
"09:26:58.9052378","DxgKrnl","10011","정보",,""
"09:26:58.9058903","DxgKrnl","10011","정보",,""
"09:26:58.9058983","DxgKrnl","10011","정보",,""
"09:26:58.9059324","DxgKrnl","10011","정보",,""
"09:26:58.9069889","DxgKrnl","10011","정보",,""
"09:26:58.9070411","DxgKrnl","10011","정보",,""
"09:26:58.9075694","DxgKrnl","10011","정보",,""
"09:26:58.9076937","DxgKrnl","10011","정보",,""
"09:26:58.9094616","DxgKrnl","10011","정보",,""
"09:26:58.9095186","DxgKrnl","10011","정보",,""
"09:26:58.9115698","DxgKrnl","10011","정보",,""
"09:26:58.9116828","DxgKrnl","10011","정보",,""
"09:26:58.9119003","DxgKrnl","10011","정보",,""
"09:26:58.9119871","DxgKrnl","10011","정보",,""
"09:26:58.9124272","DxgKrnl","10011","정보",,""
"09:26:58.9124816","DxgKrnl","10011","정보",,""
"09:26:58.9125337","DxgKrnl","10011","정보",,""
"09:26:58.9126099","DxgKrnl","10011","정보",,""
"09:26:58.9126111","DxgKrnl","10011","정보",,""
"09:26:58.9159557","DxgKrnl","10011","정보",,""
"09:26:58.9160060","DxgKrnl","10011","정보",,""
"09:26:58.9163466","DxgKrnl","10011","정보",,""
"09:26:58.9163956","DxgKrnl","10011","정보",,""
"09:26:58.9184635","DxgKrnl","10011","정보",,""
"09:26:58.9188736","DxgKrnl","10011","정보",,""
"09:26:58.9188900","DxgKrnl","10011","정보",,""
"09:26:58.9188936","DxgKrnl","10011","정보",,""
"09:26:58.9188943","DxgKrnl","10011","정보",,""
"09:26:58.9190453","DxgKrnl","10011","정보",,""
"09:26:58.9191044","DxgKrnl","10011","정보",,""
"09:26:58.9231812","DxgKrnl","10011","정보",,""
"09:26:58.9232547","DxgKrnl","10011","정보",,""
"09:26:58.9260029","DxgKrnl","10011","정보",,""
"09:26:58.9260684","DxgKrnl","10011","정보",,""
"09:26:58.9261252","DxgKrnl","10011","정보",,""
"09:26:58.9261282","DxgKrnl","10011","정보",,""
"09:26:58.9261312","DxgKrnl","10011","정보",,""
"09:26:58.9265475","DxgKrnl","10011","정보",,""
"09:26:58.9266072","DxgKrnl","10011","정보",,""
"09:26:58.9286598","DxgKrnl","10011","정보",,""
"09:26:58.9287135","DxgKrnl","10011","정보",,""
"09:26:58.9287648","DxgKrnl","10011","정보",,""
"09:26:58.9288912","DxgKrnl","10011","정보",,""
"09:26:58.9289541","DxgKrnl","10011","정보",,""
"09:26:58.9289857","DxgKrnl","10011","정보",,""
"09:26:58.9289883","DxgKrnl","10011","정보",,""
"09:26:58.9292468","DxgKrnl","10011","정보",,""
"09:26:58.9292497","DxgKrnl","10011","정보",,""
"09:26:58.9332659","DxgKrnl","10011","정보",,""
"09:26:58.9332668","DxgKrnl","10011","정보",,""
"09:26:58.9334019","DxgKrnl","10011","정보",,""
"09:26:58.9334055","DxgKrnl","10011","정보",,""
"09:26:58.9354054","DxgKrnl","10011","정보",,""
"09:26:58.9355048","DxgKrnl","10011","정보",,""
"09:26:58.9360943","DxgKrnl","10011","정보",,""
"09:26:58.9362947","DxgKrnl","10011","정보",,""
"09:26:58.9373710","DxgKrnl","10011","정보",,""
"09:26:58.9373950","DxgKrnl","10011","정보",,""
"09:26:58.9373992","DxgKrnl","10011","정보",,""
"09:26:58.9375472","DxgKrnl","10011","정보",,""
"09:26:58.9375522","DxgKrnl","10011","정보",,""
"09:26:58.9375524","DxgKrnl","10011","정보",,""
"09:26:58.9562625","DxgKrnl","10011","정보",,""
"09:26:58.9563535","DxgKrnl","10011","정보",,""
"09:26:58.9985669","Kernel-PnP","220","시작",,"Begin querying bus relations for device ROOT\SYSTEM\0001"
"09:26:58.9985710","Kernel-PnP","222","시작",,"End querying bus relations for device ROOT\SYSTEM\0001"
"09:26:59.0092359","Kernel-PnP","808","시작",,"End device add, status (STATUS_SUCCESS)"
"09:26:59.0093772","Kernel-PnP","808","시작",,"End device add, status (STATUS_SUCCESS)"
"09:26:59.0097576","Kernel-PnP","220","시작",,"Begin querying bus relations for device LGHUBDevice\VID_046D&PID_C232\1&79f5d87&0&01"
"09:26:59.0097753","Kernel-PnP","222","시작",,"End querying bus relations for device LGHUBDevice\VID_046D&PID_C232\1&79f5d87&0&01"
"09:26:59.0105038","Kernel-PnP","808","시작",,"End device add, status (STATUS_SUCCESS)"
"09:26:59.0105926","Kernel-PnP","808","시작",,"End device add, status (STATUS_SUCCESS)"
"09:26:59.0111834","Kernel-PnP","220","시작",,"Begin querying bus relations for device HID\VID_046D&PID_C232\2&1a87f3a8&0&0000"
"09:26:59.0111865","Kernel-PnP","222","시작",,"End querying bus relations for device HID\VID_046D&PID_C232\2&1a87f3a8&0&0000"
"09:26:59.0112131","Kernel-PnP","220","시작",,"Begin querying bus relations for device LGHUBDevice\VID_046D&PID_C232\1&79f5d87&0&01"
"09:26:59.0112167","Kernel-PnP","222","시작",,"End querying bus relations for device LGHUBDevice\VID_046D&PID_C232\1&79f5d87&0&01"
"09:26:59.0112228","Kernel-PnP","220","시작",,"Begin querying bus relations for device HID\VID_046D&PID_C232\2&1a87f3a8&0&0000"
"09:26:59.0112241","Kernel-PnP","222","시작",,"End querying bus relations for device HID\VID_046D&PID_C232\2&1a87f3a8&0&0000"
"09:26:59.0873691","DxgKrnl","10011","정보",,""
"09:26:59.0874683","DxgKrnl","10011","정보",,""
"09:26:59.9520201","DxgKrnl","10011","정보",,""
"09:26:59.9521049","DxgKrnl","10011","정보",,""
"09:27:00.4519667","DxgKrnl","10011","정보",,""
"09:27:00.4520663","DxgKrnl","10011","정보",,""
"09:27:02.7990298","DxgKrnl","10011","정보",,""
"09:27:02.7991312","DxgKrnl","10011","정보",,""
"09:27:02.8115193","DxgKrnl","10011","정보",,""
"09:27:02.8115932","DxgKrnl","10011","정보",,""
"09:27:02.8131498","DxgKrnl","10011","정보",,""
"09:27:02.8131874","DxgKrnl","10011","정보",,""
"09:27:02.8132415","DxgKrnl","10011","정보",,""
"09:27:02.8132464","DxgKrnl","10011","정보",,""
"09:27:02.8132486","DxgKrnl","10011","정보",,""
"09:27:02.8136190","DxgKrnl","10011","정보",,""
"09:27:02.8136700","DxgKrnl","10011","정보",,""
"09:27:02.8760259","DxgKrnl","10011","정보",,""
"09:27:02.8841581","DxgKrnl","10011","정보",,""
"09:27:02.8842130","DxgKrnl","10011","정보",,""
"09:27:02.8842629","DxgKrnl","10011","정보",,""
"09:27:02.8850457","DxgKrnl","10011","정보",,""
"09:27:02.8850832","DxgKrnl","10011","정보",,""
"09:27:02.8851481","DxgKrnl","10011","정보",,""
"09:27:02.8851922","DxgKrnl","10011","정보",,""
"09:27:02.8851938","DxgKrnl","10011","정보",,""
"09:27:02.8852366","DxgKrnl","10011","정보",,""
"09:27:02.8868017","DxgKrnl","10011","정보",,""
"09:27:02.8868057","DxgKrnl","10011","정보",,""
"09:27:02.8868225","DxgKrnl","10011","정보",,""
"09:27:02.8868236","DxgKrnl","10011","정보",,""
"09:27:02.8870780","DxgKrnl","10011","정보",,""
"09:27:02.8871780","DxgKrnl","10011","정보",,""
"09:27:02.8871804","DxgKrnl","10011","정보",,""
"09:27:02.8871846","DxgKrnl","10011","정보",,""
"09:27:02.8874820","DxgKrnl","10011","정보",,""
"09:27:02.8875020","DxgKrnl","10011","정보",,""
"09:27:02.8875596","DxgKrnl","10011","정보",,""
"09:27:02.8888117","DxgKrnl","10011","정보",,""
"09:27:02.8888550","DxgKrnl","10011","정보",,""
"09:27:02.8892666","DxgKrnl","10011","정보",,""
"09:27:02.8893203","DxgKrnl","10011","정보",,""
"09:27:02.8914028","DxgKrnl","10011","정보",,""
"09:27:02.8914579","DxgKrnl","10011","정보",,""
"09:27:02.8934975","DxgKrnl","10011","정보",,""
"09:27:02.8935527","DxgKrnl","10011","정보",,""
"09:27:02.8983947","DxgKrnl","10011","정보",,""
"09:27:02.8990228","DxgKrnl","10011","정보",,""
"09:27:02.9140853","DxgKrnl","10011","정보",,""
"09:27:02.9141961","DxgKrnl","10011","정보",,""
"09:27:02.9148949","DxgKrnl","10011","정보",,""
"09:27:02.9149533","DxgKrnl","10011","정보",,""
"09:27:02.9150140","DxgKrnl","10011","정보",,""
"09:27:02.9153460","DxgKrnl","10011","정보",,""
"09:27:02.9153985","DxgKrnl","10011","정보",,""
"09:27:02.9154589","DxgKrnl","10011","정보",,""
"09:27:02.9155120","DxgKrnl","10011","정보",,""
"09:27:02.9175399","DxgKrnl","10011","정보",,""
"09:27:02.9176259","DxgKrnl","10011","정보",,""
"09:27:02.9193667","DxgKrnl","10011","정보",,""
"09:27:02.9198553","DxgKrnl","10011","정보",,""
"09:27:02.9198703","DxgKrnl","10011","정보",,""
"09:27:02.9198727","DxgKrnl","10011","정보",,""
"09:27:02.9198734","DxgKrnl","10011","정보",,""
"09:27:02.9199981","DxgKrnl","10011","정보",,""
"09:27:02.9200602","DxgKrnl","10011","정보",,""
"09:27:02.9203617","DxgKrnl","10011","정보",,""
"09:27:02.9204265","DxgKrnl","10011","정보",,""
"09:27:02.9291420","DxgKrnl","10011","정보",,""
"09:27:02.9292290","DxgKrnl","10011","정보",,""
"09:27:02.9308681","DxgKrnl","10011","정보",,""
"09:27:02.9309357","DxgKrnl","10011","정보",,""
"09:27:02.9942255","DxgKrnl","10011","정보",,""
"09:27:02.9942857","DxgKrnl","10011","정보",,""
"09:27:02.9976301","DxgKrnl","10011","정보",,""
"09:27:02.9977715","DxgKrnl","10011","정보",,""
"09:27:04.1706407","DxgKrnl","10011","정보",,""
"09:27:04.1712953","DxgKrnl","10011","정보",,""
"09:27:09.4179635","DxgKrnl","10011","정보",,""
"09:27:09.4180349","DxgKrnl","10011","정보",,""
"09:27:09.4290150","DxgKrnl","10011","정보",,""
"09:27:09.4290805","DxgKrnl","10011","정보",,""
"09:27:09.4297297","DxgKrnl","10011","정보",,""
"09:27:09.4297684","DxgKrnl","10011","정보",,""
"09:27:09.4298432","DxgKrnl","10011","정보",,""
"09:27:09.4298486","DxgKrnl","10011","정보",,""
"09:27:09.4298507","DxgKrnl","10011","정보",,""
"09:27:09.4301510","DxgKrnl","10011","정보",,""
"09:27:09.4301970","DxgKrnl","10011","정보",,""
"09:27:09.4827516","DxgKrnl","10011","정보",,""
"09:27:09.4868432","DxgKrnl","10011","정보",,""
"09:27:09.4868984","DxgKrnl","10011","정보",,""
"09:27:09.4869494","DxgKrnl","10011","정보",,""
"09:27:09.4876842","DxgKrnl","10011","정보",,""
"09:27:09.4877217","DxgKrnl","10011","정보",,""
"09:27:09.4877925","DxgKrnl","10011","정보",,""
"09:27:09.4878353","DxgKrnl","10011","정보",,""
"09:27:09.4878371","DxgKrnl","10011","정보",,""
"09:27:09.4878762","DxgKrnl","10011","정보",,""
"09:27:09.4894669","DxgKrnl","10011","정보",,""
"09:27:09.4894701","DxgKrnl","10011","정보",,""
"09:27:09.4895946","DxgKrnl","10011","정보",,""
"09:27:09.4895959","DxgKrnl","10011","정보",,""
"09:27:09.4903466","DxgKrnl","10011","정보",,""
"09:27:09.4915342","DxgKrnl","10011","정보",,""
"09:27:09.4915822","DxgKrnl","10011","정보",,""
"09:27:09.4918398","DxgKrnl","10011","정보",,""
"09:27:09.4918420","DxgKrnl","10011","정보",,""
"09:27:09.4918434","DxgKrnl","10011","정보",,""
"09:27:09.4918436","DxgKrnl","10011","정보",,""
"09:27:09.4919570","DxgKrnl","10011","정보",,""
"09:27:09.4920933","DxgKrnl","10011","정보",,""
"09:27:09.4920935","DxgKrnl","10011","정보",,""
"09:27:09.4921604","DxgKrnl","10011","정보",,""
"09:27:09.4921652","DxgKrnl","10011","정보",,""
"09:27:09.4921667","DxgKrnl","10011","정보",,""
"09:27:09.4952294","DxgKrnl","10011","정보",,""
"09:27:09.4953383","DxgKrnl","10011","정보",,""
"09:27:09.4971571","DxgKrnl","10011","정보",,""
"09:27:09.4972325","DxgKrnl","10011","정보",,""
"09:27:09.5188096","DxgKrnl","10011","정보",,""
"09:27:09.5189482","DxgKrnl","10011","정보",,""
"09:27:09.5191884","DxgKrnl","10011","정보",,""
"09:27:09.5192573","DxgKrnl","10011","정보",,""
"09:27:09.5198085","DxgKrnl","10011","정보",,""
"09:27:09.5198779","DxgKrnl","10011","정보",,""
"09:27:09.5198842","DxgKrnl","10011","정보",,""
"09:27:09.5200006","DxgKrnl","10011","정보",,""
"09:27:09.5200018","DxgKrnl","10011","정보",,""
"09:27:09.5211804","DxgKrnl","10011","정보",,""
"09:27:09.5212387","DxgKrnl","10011","정보",,""
"09:27:09.5218987","DxgKrnl","10011","정보",,""
"09:27:09.5223525","DxgKrnl","10011","정보",,""
"09:27:09.5223660","DxgKrnl","10011","정보",,""
"09:27:09.5223683","DxgKrnl","10011","정보",,""
"09:27:09.5223690","DxgKrnl","10011","정보",,""
"09:27:09.5228118","DxgKrnl","10011","정보",,""
"09:27:09.5228699","DxgKrnl","10011","정보",,""
"09:27:09.5231487","DxgKrnl","10011","정보",,""
"09:27:09.5232446","DxgKrnl","10011","정보",,""
"09:27:09.5308844","DxgKrnl","10011","정보",,""
"09:27:09.5318469","DxgKrnl","10011","정보",,""
"09:27:09.5319459","DxgKrnl","10011","정보",,""
"09:27:09.5320078","DxgKrnl","10011","정보",,""
"09:27:09.5393142","DxgKrnl","10011","정보",,""
"09:27:09.5393783","DxgKrnl","10011","정보",,""
"09:27:09.6201025","DxgKrnl","10011","정보",,""
"09:27:09.6203057","DxgKrnl","10011","정보",,""
"09:27:23.4839939","DxgKrnl","10011","정보",,""
"09:27:23.4840638","DxgKrnl","10011","정보",,""
"09:27:23.4889174","DxgKrnl","10011","정보",,""
"09:27:23.4889583","DxgKrnl","10011","정보",,""
"09:27:23.4890137","DxgKrnl","10011","정보",,""
"09:27:23.4890193","DxgKrnl","10011","정보",,""
"09:27:23.4890217","DxgKrnl","10011","정보",,""
"09:27:23.4893947","DxgKrnl","10011","정보",,""
"09:27:23.4894383","DxgKrnl","10011","정보",,""
"09:27:23.5304475","DxgKrnl","10011","정보",,""
"09:27:23.5355165","DxgKrnl","10011","정보",,""
"09:27:23.5355708","DxgKrnl","10011","정보",,""
"09:27:23.5356246","DxgKrnl","10011","정보",,""
"09:27:23.5364235","DxgKrnl","10011","정보",,""
"09:27:23.5364638","DxgKrnl","10011","정보",,""
"09:27:23.5365289","DxgKrnl","10011","정보",,""
"09:27:23.5365755","DxgKrnl","10011","정보",,""
"09:27:23.5365772","DxgKrnl","10011","정보",,""
"09:27:23.5366271","DxgKrnl","10011","정보",,""
"09:27:23.5381263","DxgKrnl","10011","정보",,""
"09:27:23.5381388","DxgKrnl","10011","정보",,""
"09:27:23.5381535","DxgKrnl","10011","정보",,""
"09:27:23.5381943","DxgKrnl","10011","정보",,""
"09:27:23.5382575","DxgKrnl","10011","정보",,""
"09:27:23.5383670","DxgKrnl","10011","정보",,""
"09:27:23.5423095","DxgKrnl","10011","정보",,""
"09:27:23.5433651","DxgKrnl","10011","정보",,""
"09:27:23.5434180","DxgKrnl","10011","정보",,""
"09:27:23.5443862","DxgKrnl","10011","정보",,""
"09:27:23.5444325","DxgKrnl","10011","정보",,""
"09:27:23.5541229","DxgKrnl","10011","정보",,""
"09:27:23.5541713","DxgKrnl","10011","정보",,""
"09:27:23.5556157","DxgKrnl","10011","정보",,""
"09:27:23.5566173","DxgKrnl","10011","정보",,""
"09:27:23.5576506","DxgKrnl","10011","정보",,""
"09:27:23.5578135","DxgKrnl","10011","정보",,""
"09:27:23.5583191","DxgKrnl","10011","정보",,""
"09:27:23.5589288","DxgKrnl","10011","정보",,""
"09:27:23.5592860","DxgKrnl","10011","정보",,""
"09:27:23.5593432","DxgKrnl","10011","정보",,""
"09:27:23.5705056","DxgKrnl","10011","정보",,""
"09:27:23.5706611","DxgKrnl","10011","정보",,""
"09:27:23.5715661","DxgKrnl","10011","정보",,""
"09:27:23.5715989","DxgKrnl","10011","정보",,""
"09:27:23.5716588","DxgKrnl","10011","정보",,""
"09:27:23.5716797","DxgKrnl","10011","정보",,""
"09:27:23.5718318","DxgKrnl","10011","정보",,""
"09:27:23.5736471","DxgKrnl","10011","정보",,""
"09:27:23.5736999","DxgKrnl","10011","정보",,""
"09:27:23.5757411","DxgKrnl","10011","정보",,""
"09:27:23.5778822","DxgKrnl","10011","정보",,""
"09:27:23.5782484","DxgKrnl","10011","정보",,""
"09:27:23.5782619","DxgKrnl","10011","정보",,""
"09:27:23.5782643","DxgKrnl","10011","정보",,""
"09:27:23.5782651","DxgKrnl","10011","정보",,""
"09:27:23.5783346","DxgKrnl","10011","정보",,""
"09:27:23.5787289","DxgKrnl","10011","정보",,""
"09:27:23.5787814","DxgKrnl","10011","정보",,""
"09:27:23.5819970","DxgKrnl","10011","정보",,""
"09:27:23.5820671","DxgKrnl","10011","정보",,""
"09:27:23.5929792","DxgKrnl","10011","정보",,""
"09:27:23.5930615","DxgKrnl","10011","정보",,""
"09:27:23.5937938","DxgKrnl","10011","정보",,""
"09:27:23.5938462","DxgKrnl","10011","정보",,""
"09:27:23.5951048","DxgKrnl","10011","정보",,""
"09:27:23.5951591","DxgKrnl","10011","정보",,""
"09:27:23.5966245","DxgKrnl","10011","정보",,""
"09:27:23.6316939","DxgKrnl","10011","정보",,""
"09:27:23.6655393","DxgKrnl","10011","정보",,""
"09:27:23.6655939","DxgKrnl","10011","정보",,""
"09:27:26.6902280","DxgKrnl","10011","정보",,""
"09:27:26.6902919","DxgKrnl","10011","정보",,""
"09:27:26.6994917","DxgKrnl","10011","정보",,""
"09:27:26.6995586","DxgKrnl","10011","정보",,""
"09:27:26.6996093","DxgKrnl","10011","정보",,""
"09:27:26.6996143","DxgKrnl","10011","정보",,""
"09:27:26.6996167","DxgKrnl","10011","정보",,""
"09:27:26.7032428","DxgKrnl","10011","정보",,""
"09:27:26.7032915","DxgKrnl","10011","정보",,""
"09:27:26.9726550","DxgKrnl","10011","정보",,""
"09:27:26.9726892","DxgKrnl","10011","정보",,""
"09:27:26.9826288","DxgKrnl","10011","정보",,""
"09:27:26.9827621","DxgKrnl","10011","정보",,""
"09:27:26.9828253","DxgKrnl","10011","정보",,""
"09:27:26.9841102","DxgKrnl","10011","정보",,""
"09:27:26.9841688","DxgKrnl","10011","정보",,""
"09:27:26.9844577","DxgKrnl","10011","정보",,""
"09:27:26.9845248","DxgKrnl","10011","정보",,""
"09:27:26.9845277","DxgKrnl","10011","정보",,""
"09:27:26.9845875","DxgKrnl","10011","정보",,""
"09:27:26.9845923","DxgKrnl","10011","정보",,""
"09:27:26.9846623","DxgKrnl","10011","정보",,""
"09:27:26.9846686","DxgKrnl","10011","정보",,""
"09:27:26.9847236","DxgKrnl","10011","정보",,""
"09:27:26.9867248","DxgKrnl","10011","정보",,""
"09:27:26.9868009","DxgKrnl","10011","정보",,""
"09:27:26.9868073","DxgKrnl","10011","정보",,""
"09:27:26.9868126","DxgKrnl","10011","정보",,""
"09:27:26.9868277","DxgKrnl","10011","정보",,""
"09:27:26.9871073","DxgKrnl","10011","정보",,""
"09:27:26.9873304","DxgKrnl","10011","정보",,""
"09:27:26.9873308","DxgKrnl","10011","정보",,""
"09:27:26.9873319","DxgKrnl","10011","정보",,""
"09:27:26.9881898","DxgKrnl","10011","정보",,""
"09:27:26.9886800","DxgKrnl","10011","정보",,""
"09:27:26.9887499","DxgKrnl","10011","정보",,""
"09:27:26.9887526","DxgKrnl","10011","정보",,""
"09:27:26.9888092","DxgKrnl","10011","정보",,""
"09:27:26.9888126","DxgKrnl","10011","정보",,""
"09:27:26.9888729","DxgKrnl","10011","정보",,""
"09:27:26.9888792","DxgKrnl","10011","정보",,""
"09:27:26.9889345","DxgKrnl","10011","정보",,""
"09:27:26.9895080","DxgKrnl","10011","정보",,""
"09:27:26.9895622","DxgKrnl","10011","정보",,""
"09:27:26.9898150","DxgKrnl","10011","정보",,""
"09:27:26.9898156","DxgKrnl","10011","정보",,""
"09:27:26.9898175","DxgKrnl","10011","정보",,""
"09:27:26.9898236","DxgKrnl","10011","정보",,""
"09:27:26.9898286","DxgKrnl","10011","정보",,""
"09:27:26.9899405","DxgKrnl","10011","정보",,""
"09:27:26.9901979","DxgKrnl","10011","정보",,""
"09:27:26.9902938","DxgKrnl","10011","정보",,""
"09:27:26.9902938","DxgKrnl","10011","정보",,""
"09:27:26.9903046","DxgKrnl","10011","정보",,""
"09:27:26.9903059","DxgKrnl","10011","정보",,""
"09:27:26.9903071","DxgKrnl","10011","정보",,""
"09:27:26.9926881","DxgKrnl","10011","정보",,""
"09:27:26.9927852","DxgKrnl","10011","정보",,""
"09:27:26.9928660","DxgKrnl","10011","정보",,""
"09:27:26.9934787","DxgKrnl","10011","정보",,""
"09:27:26.9943254","DxgKrnl","10011","정보",,""
"09:27:26.9944097","DxgKrnl","10011","정보",,""
"09:27:26.9944244","DxgKrnl","10011","정보",,""
"09:27:26.9959362","DxgKrnl","10011","정보",,""
"09:27:26.9960340","DxgKrnl","10011","정보",,""
"09:27:27.0007960","DxgKrnl","10011","정보",,""
"09:27:27.0008502","DxgKrnl","10011","정보",,""
"09:27:27.0008822","DxgKrnl","10011","정보",,""
"09:27:27.0008864","DxgKrnl","10011","정보",,""
"09:27:27.0009651","DxgKrnl","10011","정보",,""
"09:27:27.0015859","DxgKrnl","10011","정보",,""
"09:27:27.0015969","DxgKrnl","10011","정보",,""
"09:27:27.0016038","DxgKrnl","10011","정보",,""
"09:27:27.0017035","DxgKrnl","10011","정보",,""
"09:27:27.0027387","DxgKrnl","10011","정보",,""
"09:27:27.0027601","DxgKrnl","10011","정보",,""
"09:27:27.0028334","DxgKrnl","10011","정보",,""
"09:27:27.0076205","DxgKrnl","10011","정보",,""
"09:27:27.0076368","DxgKrnl","10011","정보",,""
"09:27:27.0076373","DxgKrnl","10011","정보",,""
"09:27:27.0079211","DxgKrnl","10011","정보",,""
"09:27:27.0079254","DxgKrnl","10011","정보",,""
"09:27:27.0079282","DxgKrnl","10011","정보",,""
"09:27:27.0084732","DxgKrnl","10011","정보",,""
"09:27:27.0093338","DxgKrnl","10011","정보",,""
"09:27:27.0093992","DxgKrnl","10011","정보",,""
"09:27:27.0094578","DxgKrnl","10011","정보",,""
"09:27:27.0095213","DxgKrnl","10011","정보",,""
"09:27:27.0096824","DxgKrnl","10011","정보",,""
"09:27:27.0097063","DxgKrnl","10011","정보",,""
"09:27:27.0098259","DxgKrnl","10011","정보",,""
"09:27:27.0098266","DxgKrnl","10011","정보",,""
"09:27:27.0143258","DxgKrnl","10011","정보",,""
"09:27:27.0144604","DxgKrnl","10011","정보",,""
"09:27:27.0145530","DxgKrnl","10011","정보",,""
"09:27:27.0151602","DxgKrnl","10011","정보",,""
"09:27:27.0154270","DxgKrnl","10011","정보",,""
"09:27:27.0155542","DxgKrnl","10011","정보",,""
"09:27:27.0156629","DxgKrnl","10011","정보",,""
"09:27:27.0156660","DxgKrnl","10011","정보",,""
"09:27:27.0157752","DxgKrnl","10011","정보",,""
"09:27:27.0159045","DxgKrnl","10011","정보",,""
"09:27:27.0159115","DxgKrnl","10011","정보",,""
"09:27:27.0159124","DxgKrnl","10011","정보",,""
"09:27:27.0207158","DxgKrnl","10011","정보",,""
"09:27:27.0209906","DxgKrnl","10011","정보",,""
"09:27:27.0211229","DxgKrnl","10011","정보",,""
"09:27:27.0215174","DxgKrnl","10011","정보",,""
"09:27:27.0216047","DxgKrnl","10011","정보",,""
"09:27:27.0218814","DxgKrnl","10011","정보",,""
"09:27:27.0220034","DxgKrnl","10011","정보",,""
"09:27:27.0220738","DxgKrnl","10011","정보",,""
"09:27:27.0241864","DxgKrnl","10011","정보",,""
"09:27:27.0245918","DxgKrnl","10011","정보",,""
"09:27:27.0248812","DxgKrnl","10011","정보",,""
"09:27:27.0248878","DxgKrnl","10011","정보",,""
"09:27:27.0295791","DxgKrnl","10011","정보",,""
"09:27:27.0296457","DxgKrnl","10011","정보",,""
"09:27:27.0297288","DxgKrnl","10011","정보",,""
"09:27:27.0297448","DxgKrnl","10011","정보",,""
"09:27:27.0298049","DxgKrnl","10011","정보",,""
"09:27:27.0299022","DxgKrnl","10011","정보",,""
"09:27:27.0299779","DxgKrnl","10011","정보",,""
"09:27:27.0301757","DxgKrnl","10011","정보",,""
"09:27:27.0307754","DxgKrnl","10011","정보",,""
"09:27:27.0308380","DxgKrnl","10011","정보",,""
"09:27:27.0309215","DxgKrnl","10011","정보",,""
"09:27:27.0309404","DxgKrnl","10011","정보",,""
"09:27:27.0309437","DxgKrnl","10011","정보",,""
"09:27:27.0311294","DxgKrnl","10011","정보",,""
"09:27:27.0311315","DxgKrnl","10011","정보",,""
"09:27:27.0316528","DxgKrnl","10011","정보",,""
"09:27:27.0317160","DxgKrnl","10011","정보",,""
"09:27:27.0329361","DxgKrnl","10011","정보",,""
"09:27:27.0329569","DxgKrnl","10011","정보",,""
"09:27:27.0330968","DxgKrnl","10011","정보",,""
"09:27:27.0330992","DxgKrnl","10011","정보",,""
"09:27:27.0333151","DxgKrnl","10011","정보",,""
"09:27:27.0333899","DxgKrnl","10011","정보",,""
"09:27:27.0366193","DxgKrnl","10011","정보",,""
"09:27:27.0382936","DxgKrnl","10011","정보",,""
"09:27:27.0383107","DxgKrnl","10011","정보",,""
"09:27:27.0383134","DxgKrnl","10011","정보",,""
"09:27:27.0383142","DxgKrnl","10011","정보",,""
"09:27:27.0384729","DxgKrnl","10011","정보",,""
"09:27:27.0386498","DxgKrnl","10011","정보",,""
"09:27:27.0468056","DxgKrnl","10011","정보",,""
"09:27:27.0470647","DxgKrnl","10011","정보",,""
"09:27:27.0488744","DxgKrnl","10011","정보",,""
"09:27:27.0497390","DxgKrnl","10011","정보",,""
"09:27:27.0536655","DxgKrnl","10011","정보",,""
"09:27:27.0539520","DxgKrnl","10011","정보",,""
"09:27:27.0540170","DxgKrnl","10011","정보",,""
"09:27:27.0540225","DxgKrnl","10011","정보",,""
"09:27:27.0540248","DxgKrnl","10011","정보",,""
"09:27:27.0584806","DxgKrnl","10011","정보",,""
"09:27:27.0585407","DxgKrnl","10011","정보",,""
"09:27:27.0642579","DxgKrnl","10011","정보",,""
"09:27:27.0643241","DxgKrnl","10011","정보",,""
"09:27:27.0643797","DxgKrnl","10011","정보",,""
"09:27:27.0654946","DxgKrnl","10011","정보",,""
"09:27:27.0655470","DxgKrnl","10011","정보",,""
"09:27:27.0656194","DxgKrnl","10011","정보",,""
"09:27:27.0656736","DxgKrnl","10011","정보",,""
"09:27:27.0656753","DxgKrnl","10011","정보",,""
"09:27:27.0657325","DxgKrnl","10011","정보",,""
"09:27:27.0657345","DxgKrnl","10011","정보",,""
"09:27:27.0657892","DxgKrnl","10011","정보",,""
"09:27:27.0657959","DxgKrnl","10011","정보",,""
"09:27:27.0658465","DxgKrnl","10011","정보",,""
"09:27:27.0675093","DxgKrnl","10011","정보",,""
"09:27:27.0675163","DxgKrnl","10011","정보",,""
"09:27:27.0675174","DxgKrnl","10011","정보",,""
"09:27:27.0675199","DxgKrnl","10011","정보",,""
"09:27:27.0675235","DxgKrnl","10011","정보",,""
"09:27:27.0675273","DxgKrnl","10011","정보",,""
"09:27:27.0675470","DxgKrnl","10011","정보",,""
"09:27:27.0675543","DxgKrnl","10011","정보",,""
"09:27:27.0675648","DxgKrnl","10011","정보",,""
"09:27:27.0680102","DxgKrnl","10011","정보",,""
"09:27:27.0680112","DxgKrnl","10011","정보",,""
"09:27:27.0680931","DxgKrnl","10011","정보",,""
"09:27:27.0680992","DxgKrnl","10011","정보",,""
"09:27:27.0681002","DxgKrnl","10011","정보",,""
"09:27:27.0681748","DxgKrnl","10011","정보",,""
"09:27:27.0681802","DxgKrnl","10011","정보",,""
"09:27:27.0683686","DxgKrnl","10011","정보",,""
"09:27:27.0685062","DxgKrnl","10011","정보",,""
"09:27:27.0724095","DxgKrnl","10011","정보",,""
"09:27:27.0724855","DxgKrnl","10011","정보",,""
"09:27:27.0725523","DxgKrnl","10011","정보",,""
"09:27:27.0736609","DxgKrnl","10011","정보",,""
"09:27:27.0740821","DxgKrnl","10011","정보",,""
"09:27:27.0750422","DxgKrnl","10011","정보",,""
"09:27:27.0750641","DxgKrnl","10011","정보",,""
"09:27:27.0751332","DxgKrnl","10011","정보",,""
"09:27:27.0795191","DxgKrnl","10011","정보",,""
"09:27:27.0808787","DxgKrnl","10011","정보",,""
"09:27:27.0808971","DxgKrnl","10011","정보",,""
"09:27:27.0809016","DxgKrnl","10011","정보",,""
"09:27:27.0809023","DxgKrnl","10011","정보",,""
"09:27:27.0810588","DxgKrnl","10011","정보",,""
"09:27:27.0810614","DxgKrnl","10011","정보",,""
"09:27:27.0813018","DxgKrnl","10011","정보",,""
"09:27:27.0813145","DxgKrnl","10011","정보",,""
"09:27:27.0815537","DxgKrnl","10011","정보",,""
"09:27:27.0815604","DxgKrnl","10011","정보",,""
"09:27:27.0836010","DxgKrnl","10011","정보",,""
"09:27:27.0836773","DxgKrnl","10011","정보",,""
"09:27:27.0973319","DxgKrnl","10011","정보",,""
"09:27:27.0973333","DxgKrnl","10011","정보",,""
"09:27:27.0975484","DxgKrnl","10011","정보",,""
"09:27:27.0975538","DxgKrnl","10011","정보",,""
"09:27:27.1011049","DxgKrnl","10011","정보",,""
"09:27:27.1011634","DxgKrnl","10011","정보",,""
"09:27:27.1011656","DxgKrnl","10011","정보",,""
"09:27:27.1013523","DxgKrnl","10011","정보",,""
"09:27:27.1013612","DxgKrnl","10011","정보",,""
"09:27:27.1013626","DxgKrnl","10011","정보",,""
"09:27:27.1040968","DxgKrnl","10011","정보",,""
"09:27:27.1147683","DxgKrnl","10011","정보",,""
"09:27:27.1338550","DxgKrnl","10011","정보",,""
"09:27:27.1338551","DxgKrnl","10011","정보",,""
"09:27:27.1339815","Kernel-PnP","220","시작",,"Begin querying bus relations for device PCI\VEN_1002&DEV_7550&SUBSYS_E4891DA2&REV_C0\6&8916a45&0&00000009"
"09:27:27.2450255","DxgKrnl","10011","정보",,""
"09:27:27.2451071","DxgKrnl","10011","정보",,""
"09:27:27.2454590","DxgKrnl","10011","정보",,""
"09:27:27.2454657","DxgKrnl","10011","정보",,""
"09:27:27.2454662","DxgKrnl","10011","정보",,""
"09:27:27.2476788","Kernel-PnP","222","시작",,"End querying bus relations for device PCI\VEN_1002&DEV_7550&SUBSYS_E4891DA2&REV_C0\6&8916a45&0&00000009"
"09:27:27.2479911","Kernel-PnP","1010","시작",,"버스에 누락 된 것으로 보고 된 장치 DISPLAY\SAM79DF\7&16b8ddb4&0&UID256이 (가) 제거 되었습니다. 제거 된 장치 수 | 개수: 1"
"09:27:27.2486031","Kernel-PnP","220","시작",,"Begin querying bus relations for device SWD\DRIVERENUM\AMDCP&7&16b8ddb4&0"
"09:27:27.2486057","Kernel-PnP","222","시작",,"End querying bus relations for device SWD\DRIVERENUM\AMDCP&7&16b8ddb4&0"
"09:27:27.2486196","Kernel-PnP","220","시작",,"Begin querying bus relations for device SWD\DRIVERENUM\AMDFDANS&7&16b8ddb4&0"
"09:27:27.2486207","Kernel-PnP","222","시작",,"End querying bus relations for device SWD\DRIVERENUM\AMDFDANS&7&16b8ddb4&0"
"09:27:27.2486288","Kernel-PnP","220","시작",,"Begin querying bus relations for device SWD\DRIVERENUM\AMDOCL&7&16b8ddb4&0"
"09:27:27.2486300","Kernel-PnP","222","시작",,"End querying bus relations for device SWD\DRIVERENUM\AMDOCL&7&16b8ddb4&0"
"09:27:27.2486920","Kernel-PnP","220","시작",,"Begin querying bus relations for device SWD\DRIVERENUM\AMDOGL&7&16b8ddb4&0"
"09:27:27.2486930","Kernel-PnP","222","시작",,"End querying bus relations for device SWD\DRIVERENUM\AMDOGL&7&16b8ddb4&0"
"09:27:27.2486982","Kernel-PnP","220","시작",,"Begin querying bus relations for device SWD\DRIVERENUM\AMDVLK&7&16b8ddb4&0"
"09:27:27.2486991","Kernel-PnP","222","시작",,"End querying bus relations for device SWD\DRIVERENUM\AMDVLK&7&16b8ddb4&0"
"09:27:27.2487198","Kernel-PnP","220","시작",,"Begin querying bus relations for device SWD\DRIVERENUM\AMDWIN&7&16b8ddb4&0"
"09:27:27.2487207","Kernel-PnP","222","시작",,"End querying bus relations for device SWD\DRIVERENUM\AMDWIN&7&16b8ddb4&0"
"09:27:27.2487262","Kernel-PnP","220","시작",,"Begin querying bus relations for device DISPLAY\SAM7B0C\7&16b8ddb4&0&UID260"
"09:27:27.2487318","Kernel-PnP","222","시작",,"End querying bus relations for device DISPLAY\SAM7B0C\7&16b8ddb4&0&UID260"
"09:27:27.2487374","Kernel-PnP","220","시작",,"Begin querying bus relations for device DISPLAY\BBC0104\7&16b8ddb4&0&UID265"
"09:27:27.2487404","Kernel-PnP","222","시작",,"End querying bus relations for device DISPLAY\BBC0104\7&16b8ddb4&0&UID265"
"09:27:27.2558826","DxgKrnl","10011","정보",,""
"09:27:27.2559648","DxgKrnl","10011","정보",,""
"09:27:27.2588456","DxgKrnl","10011","정보",,""
"09:27:27.2588958","DxgKrnl","10011","정보",,""
"09:27:27.2589062","DxgKrnl","10011","정보",,""
"09:27:27.2590357","DxgKrnl","10011","정보",,""
"09:27:27.2590365","DxgKrnl","10011","정보",,""
"09:27:27.2599766","DxgKrnl","10011","정보",,""
"09:27:27.2604115","DxgKrnl","10011","정보",,""
"09:27:27.2604712","DxgKrnl","10011","정보",,""
"09:27:27.2605602","DxgKrnl","10011","정보",,""
"09:27:27.2625750","DxgKrnl","10011","정보",,""
"09:27:27.2626778","DxgKrnl","10011","정보",,""
"09:27:27.2830958","DxgKrnl","10011","정보",,""
"09:27:27.2831804","DxgKrnl","10011","정보",,""
"09:27:27.2837577","DxgKrnl","10011","정보",,""
"09:27:27.2837932","DxgKrnl","10011","정보",,""
"09:27:27.2840660","DxgKrnl","10011","정보",,""
"09:27:27.2840698","DxgKrnl","10011","정보",,""
"09:27:27.2856085","DxgKrnl","10011","정보",,""
"09:27:27.2856802","DxgKrnl","10011","정보",,""
"09:27:27.2858630","DxgKrnl","10011","정보",,""
"09:27:27.2859245","DxgKrnl","10011","정보",,""
"09:27:27.2872421","DxgKrnl","10011","정보",,""
"09:27:27.2873010","DxgKrnl","10011","정보",,""
"09:27:27.2874849","DxgKrnl","10011","정보",,""
"09:27:27.2881413","DxgKrnl","10011","정보",,""
"09:27:27.2881512","DxgKrnl","10011","정보",,""
"09:27:27.2882733","DxgKrnl","10011","정보",,""
"09:27:27.2882751","DxgKrnl","10011","정보",,""
"09:27:27.2891447","DxgKrnl","10011","정보",,""
"09:27:27.2891977","DxgKrnl","10011","정보",,""
"09:27:27.2892594","DxgKrnl","10011","정보",,""
"09:27:27.2894180","DxgKrnl","10011","정보",,""
"09:27:27.2894840","DxgKrnl","10011","정보",,""
"09:27:27.2906861","DxgKrnl","10011","정보",,""
"09:27:27.2913734","DxgKrnl","10011","정보",,""
"09:27:27.2950459","DxgKrnl","10011","정보",,""
"09:27:27.2951049","DxgKrnl","10011","정보",,""
"09:27:27.2951271","DxgKrnl","10011","정보",,""
"09:27:27.2951960","DxgKrnl","10011","정보",,""
"09:27:27.2957007","DxgKrnl","10011","정보",,""
"09:27:27.2958109","DxgKrnl","10011","정보",,""
"09:27:27.2958800","DxgKrnl","10011","정보",,""
"09:27:27.2965057","DxgKrnl","10011","정보",,""
"09:27:27.2965828","DxgKrnl","10011","정보",,""
"09:27:27.2965952","DxgKrnl","10011","정보",,""
"09:27:27.2965972","DxgKrnl","10011","정보",,""
"09:27:27.2966491","DxgKrnl","10011","정보",,""
"09:27:27.2967537","DxgKrnl","10011","정보",,""
"09:27:27.2968243","DxgKrnl","10011","정보",,""
"09:27:27.2968252","DxgKrnl","10011","정보",,""
"09:27:27.2972324","DxgKrnl","10011","정보",,""
"09:27:27.2973999","DxgKrnl","10011","정보",,""
"09:27:27.2974732","DxgKrnl","10011","정보",,""
"09:27:27.2976496","DxgKrnl","10011","정보",,""
"09:27:27.2977095","DxgKrnl","10011","정보",,""
"09:27:27.2993027","DxgKrnl","10011","정보",,""
"09:27:27.2993641","DxgKrnl","10011","정보",,""
"09:27:27.3001283","DxgKrnl","10011","정보",,""
"09:27:27.3007573","DxgKrnl","10011","정보",,""
"09:27:27.3008376","DxgKrnl","10011","정보",,""
"09:27:27.3008409","DxgKrnl","10011","정보",,""
"09:27:27.3008494","DxgKrnl","10011","정보",,""
"09:27:27.3009531","DxgKrnl","10011","정보",,""
"09:27:27.3009538","DxgKrnl","10011","정보",,""
"09:27:27.3010228","DxgKrnl","10011","정보",,""
"09:27:27.3029118","DxgKrnl","10011","정보",,""
"09:27:27.3029689","DxgKrnl","10011","정보",,""
"09:27:27.3031385","DxgKrnl","10011","정보",,""
"09:27:27.3040159","DxgKrnl","10011","정보",,""
"09:27:27.3040804","DxgKrnl","10011","정보",,""
"09:27:27.3045721","DxgKrnl","10011","정보",,""
"09:27:27.3046465","DxgKrnl","10011","정보",,""
"09:27:27.3046762","DxgKrnl","10011","정보",,""
"09:27:27.3047331","DxgKrnl","10011","정보",,""
"09:27:27.3048529","DxgKrnl","10011","정보",,""
"09:27:27.3048546","DxgKrnl","10011","정보",,""
"09:27:27.3048590","DxgKrnl","10011","정보",,""
"09:27:27.3104856","DxgKrnl","10011","정보",,""
"09:27:27.3105432","DxgKrnl","10011","정보",,""
"09:27:27.3107796","DxgKrnl","10011","정보",,""
"09:27:27.3119238","DxgKrnl","10011","정보",,""
"09:27:27.3121106","DxgKrnl","10011","정보",,""
"09:27:27.3121767","DxgKrnl","10011","정보",,""
"09:27:27.3129169","DxgKrnl","10011","정보",,""
"09:27:27.3129780","DxgKrnl","10011","정보",,""
"09:27:27.3164755","DxgKrnl","10011","정보",,""
"09:27:27.3165308","DxgKrnl","10011","정보",,""
"09:27:27.3168225","DxgKrnl","10011","정보",,""
"09:27:27.3168524","DxgKrnl","10011","정보",,""
"09:27:27.3169205","DxgKrnl","10011","정보",,""
"09:27:27.3177112","DxgKrnl","10011","정보",,""
"09:27:27.3177200","DxgKrnl","10011","정보",,""
"09:27:27.3177500","DxgKrnl","10011","정보",,""
"09:27:27.3180426","DxgKrnl","10011","정보",,""
"09:27:27.3185691","DxgKrnl","10011","정보",,""
"09:27:27.3185703","DxgKrnl","10011","정보",,""
"09:27:27.3185705","DxgKrnl","10011","정보",,""
"09:27:27.3185850","DxgKrnl","10011","정보",,""
"09:27:27.3189947","DxgKrnl","10011","정보",,""
"09:27:27.3190402","DxgKrnl","10011","정보",,""
"09:27:27.3190431","DxgKrnl","10011","정보",,""
"09:27:27.3190675","DxgKrnl","10011","정보",,""
"09:27:27.3190802","DxgKrnl","10011","정보",,""
"09:27:27.3199485","DxgKrnl","10011","정보",,""
"09:27:27.3199728","DxgKrnl","10011","정보",,""
"09:27:27.3199825","DxgKrnl","10011","정보",,""
"09:27:27.3199948","DxgKrnl","10011","정보",,""
"09:27:27.3226307","DxgKrnl","10011","정보",,""
"09:27:27.3226910","DxgKrnl","10011","정보",,""
"09:27:27.3231664","DxgKrnl","10011","정보",,""
"09:27:27.3242473","DxgKrnl","10011","정보",,""
"09:27:27.3242545","DxgKrnl","10011","정보",,""
"09:27:27.3248518","DxgKrnl","10011","정보",,""
"09:27:27.3249235","DxgKrnl","10011","정보",,""
"09:27:27.3250498","DxgKrnl","10011","정보",,""
"09:27:27.3252484","DxgKrnl","10011","정보",,""
"09:27:27.3252554","DxgKrnl","10011","정보",,""
"09:27:27.3252793","DxgKrnl","10011","정보",,""
"09:27:27.3258579","DxgKrnl","10011","정보",,""
"09:27:27.3258621","DxgKrnl","10011","정보",,""
"09:27:27.3259441","DxgKrnl","10011","정보",,""
"09:27:27.3282848","DxgKrnl","10011","정보",,""
"09:27:27.3283399","DxgKrnl","10011","정보",,""
"09:27:27.3283657","DxgKrnl","10011","정보",,""
"09:27:27.3285879","DxgKrnl","10011","정보",,""
"09:27:27.3291307","DxgKrnl","10011","정보",,""
"09:27:27.3300396","DxgKrnl","10011","정보",,""
"09:27:27.3300616","DxgKrnl","10011","정보",,""
"09:27:27.3300676","DxgKrnl","10011","정보",,""
"09:27:27.3302381","DxgKrnl","10011","정보",,""
"09:27:27.3303066","DxgKrnl","10011","정보",,""
"09:27:27.3303808","DxgKrnl","10011","정보",,""
"09:27:27.3303847","DxgKrnl","10011","정보",,""
"09:27:27.3304429","DxgKrnl","10011","정보",,""
"09:27:27.3307385","DxgKrnl","10011","정보",,""
"09:27:27.3307553","DxgKrnl","10011","정보",,""
"09:27:27.3307773","DxgKrnl","10011","정보",,""
"09:27:27.3307861","DxgKrnl","10011","정보",,""
"09:27:27.3311218","DxgKrnl","10011","정보",,""
"09:27:27.3311228","DxgKrnl","10011","정보",,""
"09:27:27.3311298","DxgKrnl","10011","정보",,""
"09:27:27.3320424","DxgKrnl","10011","정보",,""
"09:27:27.3321814","DxgKrnl","10011","정보",,""
"09:27:27.3328959","DxgKrnl","10011","정보",,""
"09:27:27.3336117","DxgKrnl","10011","정보",,""
"09:27:27.3357624","DxgKrnl","10011","정보",,""
"09:27:27.3358168","DxgKrnl","10011","정보",,""
"09:27:27.3360109","DxgKrnl","10011","정보",,""
"09:27:27.3366042","DxgKrnl","10011","정보",,""
"09:27:27.3366719","DxgKrnl","10011","정보",,""
"09:27:27.3368419","DxgKrnl","10011","정보",,""
"09:27:27.3369495","DxgKrnl","10011","정보",,""
"09:27:27.3370653","DxgKrnl","10011","정보",,""
"09:27:27.3371095","DxgKrnl","10011","정보",,""
"09:27:27.3371255","DxgKrnl","10011","정보",,""
"09:27:27.3377004","DxgKrnl","10011","정보",,""
"09:27:27.3378560","DxgKrnl","10011","정보",,""
"09:27:27.3379864","DxgKrnl","10011","정보",,""
"09:27:27.3380146","DxgKrnl","10011","정보",,""
"09:27:27.3380164","DxgKrnl","10011","정보",,""
"09:27:27.3381361","DxgKrnl","10011","정보",,""
"09:27:27.3381373","DxgKrnl","10011","정보",,""
"09:27:27.3382842","DxgKrnl","10011","정보",,""
"09:27:27.3407688","DxgKrnl","10011","정보",,""
"09:27:27.3408234","DxgKrnl","10011","정보",,""
"09:27:27.3408384","DxgKrnl","10011","정보",,""
"09:27:27.3408975","DxgKrnl","10011","정보",,""
"09:27:27.3413951","DxgKrnl","10011","정보",,""
"09:27:27.3420759","DxgKrnl","10011","정보",,""
"09:27:27.3426876","DxgKrnl","10011","정보",,""
"09:27:27.3426883","DxgKrnl","10011","정보",,""
"09:27:27.3426883","DxgKrnl","10011","정보",,""
"09:27:27.3429491","DxgKrnl","10011","정보",,""
"09:27:27.3429545","DxgKrnl","10011","정보",,""
"09:27:27.3429614","DxgKrnl","10011","정보",,""
"09:27:27.3429630","DxgKrnl","10011","정보",,""
"09:27:27.3431251","DxgKrnl","10011","정보",,""
"09:27:27.3431846","DxgKrnl","10011","정보",,""
"09:27:27.3431910","DxgKrnl","10011","정보",,""
"09:27:27.3433156","DxgKrnl","10011","정보",,""
"09:27:27.3433172","DxgKrnl","10011","정보",,""
"09:27:27.3448498","DxgKrnl","10011","정보",,""
"09:27:27.3449068","DxgKrnl","10011","정보",,""
"09:27:27.3450879","DxgKrnl","10011","정보",,""
"09:27:27.3459507","DxgKrnl","10011","정보",,""
"09:27:27.3460206","DxgKrnl","10011","정보",,""
"09:27:27.3467105","DxgKrnl","10011","정보",,""
"09:27:27.3467288","DxgKrnl","10011","정보",,""
"09:27:27.3467322","DxgKrnl","10011","정보",,""
"09:27:27.3473392","DxgKrnl","10011","정보",,""
"09:27:27.3473545","DxgKrnl","10011","정보",,""
"09:27:27.3474431","DxgKrnl","10011","정보",,""
"09:27:27.3475061","DxgKrnl","10011","정보",,""
"09:27:27.3490494","DxgKrnl","10011","정보",,""
"09:27:27.3491098","DxgKrnl","10011","정보",,""
"09:27:27.3492492","DxgKrnl","10011","정보",,""
"09:27:27.3498411","DxgKrnl","10011","정보",,""
"09:27:27.3499012","DxgKrnl","10011","정보",,""
"09:27:27.3500309","DxgKrnl","10011","정보",,""
"09:27:27.3500942","DxgKrnl","10011","정보",,""
"09:27:27.3504735","DxgKrnl","10011","정보",,""
"09:27:27.3505768","DxgKrnl","10011","정보",,""
"09:27:27.3505818","DxgKrnl","10011","정보",,""
"09:27:27.3505828","DxgKrnl","10011","정보",,""
"09:27:27.3507760","DxgKrnl","10011","정보",,""
"09:27:27.3507785","DxgKrnl","10011","정보",,""
"09:27:27.3507789","DxgKrnl","10011","정보",,""
"09:27:27.3524543","DxgKrnl","10011","정보",,""
"09:27:27.3525068","DxgKrnl","10011","정보",,""
"09:27:27.3526854","DxgKrnl","10011","정보",,""
"09:27:27.3536425","DxgKrnl","10011","정보",,""
"09:27:27.3537044","DxgKrnl","10011","정보",,""
"09:27:27.3537081","DxgKrnl","10011","정보",,""
"09:27:27.3537732","DxgKrnl","10011","정보",,""
"09:27:27.3538354","DxgKrnl","10011","정보",,""
"09:27:27.3556853","DxgKrnl","10011","정보",,""
"09:27:27.3557398","DxgKrnl","10011","정보",,""
"09:27:27.3560276","DxgKrnl","10011","정보",,""
"09:27:27.3560985","DxgKrnl","10011","정보",,""
"09:27:27.3561697","DxgKrnl","10011","정보",,""
"09:27:27.3571219","DxgKrnl","10011","정보",,""
"09:27:27.3571630","DxgKrnl","10011","정보",,""
"09:27:27.3571805","DxgKrnl","10011","정보",,""
"09:27:27.3572262","DxgKrnl","10011","정보",,""
"09:27:27.3572854","DxgKrnl","10011","정보",,""
"09:27:27.3589757","DxgKrnl","10011","정보",,""
"09:27:27.3590296","DxgKrnl","10011","정보",,""
"09:27:27.3592302","DxgKrnl","10011","정보",,""
"09:27:27.3601128","DxgKrnl","10011","정보",,""
"09:27:27.3602053","DxgKrnl","10011","정보",,""
"09:27:27.3604216","DxgKrnl","10011","정보",,""
"09:27:27.3604830","DxgKrnl","10011","정보",,""
"09:27:27.3605407","DxgKrnl","10011","정보",,""
"09:27:27.3620728","DxgKrnl","10011","정보",,""
"09:27:27.3621321","DxgKrnl","10011","정보",,""
"09:27:27.3623017","DxgKrnl","10011","정보",,""
"09:27:27.3630203","DxgKrnl","10011","정보",,""
"09:27:27.3630205","DxgKrnl","10011","정보",,""
"09:27:27.3630244","DxgKrnl","10011","정보",,""
"09:27:27.3632240","DxgKrnl","10011","정보",,""
"09:27:27.3632258","DxgKrnl","10011","정보",,""
"09:27:27.3632260","DxgKrnl","10011","정보",,""
"09:27:27.3636063","DxgKrnl","10011","정보",,""
"09:27:27.3636601","DxgKrnl","10011","정보",,""
"09:27:27.3636887","DxgKrnl","10011","정보",,""
"09:27:27.3637961","DxgKrnl","10011","정보",,""
"09:27:27.3637966","DxgKrnl","10011","정보",,""
"09:27:27.3654823","DxgKrnl","10011","정보",,""
"09:27:27.3655344","DxgKrnl","10011","정보",,""
"09:27:27.3657077","DxgKrnl","10011","정보",,""
"09:27:27.3664549","DxgKrnl","10011","정보",,""
"09:27:27.3665251","DxgKrnl","10011","정보",,""
"09:27:27.3666715","DxgKrnl","10011","정보",,""
"09:27:27.3667320","DxgKrnl","10011","정보",,""
"09:27:27.3674645","DxgKrnl","10011","정보",,""
"09:27:27.3675439","DxgKrnl","10011","정보",,""
"09:27:27.3677992","DxgKrnl","10011","정보",,""
"09:27:27.3680145","DxgKrnl","10011","정보",,""
"09:27:27.3680798","DxgKrnl","10011","정보",,""
"09:27:27.3690118","DxgKrnl","10011","정보",,""
"09:27:27.3690872","DxgKrnl","10011","정보",,""
"09:27:27.3695460","DxgKrnl","10011","정보",,""
"09:27:27.3696090","DxgKrnl","10011","정보",,""
"09:27:27.3699469","DxgKrnl","10011","정보",,""
"09:27:27.3700300","DxgKrnl","10011","정보",,""
"09:27:27.3700421","DxgKrnl","10011","정보",,""
"09:27:27.3702371","DxgKrnl","10011","정보",,""
"09:27:27.3702503","DxgKrnl","10011","정보",,""
"09:27:27.3702798","DxgKrnl","10011","정보",,""
"09:27:27.3704310","DxgKrnl","10011","정보",,""
"09:27:27.3718087","DxgKrnl","10011","정보",,""
"09:27:27.3718104","DxgKrnl","10011","정보",,""
"09:27:27.3718312","DxgKrnl","10011","정보",,""
"09:27:27.3720182","DxgKrnl","10011","정보",,""
"09:27:27.3720210","DxgKrnl","10011","정보",,""
"09:27:27.3720267","DxgKrnl","10011","정보",,""
"09:27:27.3727849","DxgKrnl","10011","정보",,""
"09:27:27.3729798","DxgKrnl","10011","정보",,""
"09:27:27.3730394","DxgKrnl","10011","정보",,""
"09:27:27.3744039","DxgKrnl","10011","정보",,""
"09:27:27.3744591","DxgKrnl","10011","정보",,""
"09:27:27.3746637","DxgKrnl","10011","정보",,""
"09:27:27.3756379","DxgKrnl","10011","정보",,""
"09:27:27.3756461","DxgKrnl","10011","정보",,""
"09:27:27.3758040","DxgKrnl","10011","정보",,""
"09:27:27.3758678","DxgKrnl","10011","정보",,""
"09:27:27.3758721","DxgKrnl","10011","정보",,""
"09:27:27.3758784","DxgKrnl","10011","정보",,""
"09:27:27.3759484","DxgKrnl","10011","정보",,""
"09:27:27.3759793","DxgKrnl","10011","정보",,""
"09:27:27.3760391","DxgKrnl","10011","정보",,""
"09:27:27.3760438","DxgKrnl","10011","정보",,""
"09:27:27.3760459","DxgKrnl","10011","정보",,""
"09:27:27.3763870","DxgKrnl","10011","정보",,""
"09:27:27.3764423","DxgKrnl","10011","정보",,""
"09:27:27.3985301","DxgKrnl","10011","정보",,""
"09:27:27.4034874","DxgKrnl","10011","정보",,""
"09:27:27.4035437","DxgKrnl","10011","정보",,""
"09:27:27.4035807","DxgKrnl","10011","정보",,""
"09:27:27.4043215","DxgKrnl","10011","정보",,""
"09:27:27.4043532","DxgKrnl","10011","정보",,""
"09:27:27.4046356","DxgKrnl","10011","정보",,""
"09:27:27.4046686","DxgKrnl","10011","정보",,""
"09:27:27.4046702","DxgKrnl","10011","정보",,""
"09:27:27.4047033","DxgKrnl","10011","정보",,""
"09:27:27.4063489","DxgKrnl","10011","정보",,""
"09:27:27.4063643","DxgKrnl","10011","정보",,""
"09:27:27.4063809","DxgKrnl","10011","정보",,""
"09:27:27.4065710","DxgKrnl","10011","정보",,""
"09:27:27.4065766","DxgKrnl","10011","정보",,""
"09:27:27.4066263","DxgKrnl","10011","정보",,""
"09:27:27.4066901","DxgKrnl","10011","정보",,""
"09:27:27.4070146","DxgKrnl","10011","정보",,""
"09:27:27.4070206","DxgKrnl","10011","정보",,""
"09:27:27.4071555","DxgKrnl","10011","정보",,""
"09:27:27.4071557","DxgKrnl","10011","정보",,""
"09:27:27.4091419","DxgKrnl","10011","정보",,""
"09:27:27.4091993","DxgKrnl","10011","정보",,""
"09:27:27.4092388","DxgKrnl","10011","정보",,""
"09:27:27.4093961","DxgKrnl","10011","정보",,""
"09:27:27.4101118","DxgKrnl","10011","정보",,""
"09:27:27.4105311","DxgKrnl","10011","정보",,""
"09:27:27.4105825","DxgKrnl","10011","정보",,""
"09:27:27.4118406","DxgKrnl","10011","정보",,""
"09:27:27.4118981","DxgKrnl","10011","정보",,""
"09:27:27.4132823","DxgKrnl","10011","정보",,""
"09:27:27.4135956","DxgKrnl","10011","정보",,""
"09:27:27.4136290","DxgKrnl","10011","정보",,""
"09:27:27.4136834","DxgKrnl","10011","정보",,""
"09:27:27.4136842","DxgKrnl","10011","정보",,""
"09:27:27.4150095","DxgKrnl","10011","정보",,""
"09:27:27.4150621","DxgKrnl","10011","정보",,""
"09:27:27.4685170","DxgKrnl","10011","정보",,""
"09:27:27.4685705","DxgKrnl","10011","정보",,""
"09:27:27.4685722","DxgKrnl","10011","정보",,""
"09:27:27.4686119","DxgKrnl","10011","정보",,""
"09:27:27.4692253","DxgKrnl","10011","정보",,""
"09:27:27.4692611","DxgKrnl","10011","정보",,""
"09:27:27.4721707","DxgKrnl","10011","정보",,""
"09:27:27.4730566","DxgKrnl","10011","정보",,""
"09:27:27.4743605","DxgKrnl","10011","정보",,""
"09:27:27.4744131","DxgKrnl","10011","정보",,""
"09:27:27.4761020","DxgKrnl","10011","정보",,""
"09:27:27.4761522","DxgKrnl","10011","정보",,""
"09:27:27.4776332","DxgKrnl","10011","정보",,""
"09:27:27.4776786","DxgKrnl","10011","정보",,""
"09:27:27.4792799","DxgKrnl","10011","정보",,""
"09:27:27.4793271","DxgKrnl","10011","정보",,""
"09:27:27.4823203","DxgKrnl","10011","정보",,""
"09:27:27.4828640","DxgKrnl","10011","정보",,""
"09:27:29.0756056","DxgKrnl","10011","정보",,""
"09:27:29.1683225","Kernel-PnP","220","시작",,"Begin querying bus relations for device PCI\VEN_1002&DEV_7550&SUBSYS_E4891DA2&REV_C0\6&8916a45&0&00000009"
"09:27:29.1684519","DxgKrnl","10011","정보",,""
"09:27:29.1684997","DxgKrnl","10011","정보",,""
"09:27:29.1685488","DxgKrnl","10011","정보",,""
"09:27:29.1694742","DxgKrnl","10011","정보",,""
"09:27:29.1695247","DxgKrnl","10011","정보",,""
"09:27:29.1701049","DxgKrnl","10011","정보",,""
"09:27:29.1701499","DxgKrnl","10011","정보",,""
"09:27:29.1707161","DxgKrnl","10011","정보",,""
"09:27:29.1718343","DxgKrnl","10011","정보",,""
"09:27:29.1721565","Kernel-PnP","222","시작",,"End querying bus relations for device PCI\VEN_1002&DEV_7550&SUBSYS_E4891DA2&REV_C0\6&8916a45&0&00000009"
"09:27:29.1722195","Kernel-PnP","220","시작",,"Begin querying bus relations for device SWD\DRIVERENUM\AMDCP&7&16b8ddb4&0"
"09:27:29.1722229","Kernel-PnP","222","시작",,"End querying bus relations for device SWD\DRIVERENUM\AMDCP&7&16b8ddb4&0"
"09:27:29.1722306","Kernel-PnP","220","시작",,"Begin querying bus relations for device SWD\DRIVERENUM\AMDFDANS&7&16b8ddb4&0"
"09:27:29.1722317","Kernel-PnP","222","시작",,"End querying bus relations for device SWD\DRIVERENUM\AMDFDANS&7&16b8ddb4&0"
"09:27:29.1722415","Kernel-PnP","220","시작",,"Begin querying bus relations for device SWD\DRIVERENUM\AMDOCL&7&16b8ddb4&0"
"09:27:29.1722423","Kernel-PnP","222","시작",,"End querying bus relations for device SWD\DRIVERENUM\AMDOCL&7&16b8ddb4&0"
"09:27:29.1722485","Kernel-PnP","220","시작",,"Begin querying bus relations for device SWD\DRIVERENUM\AMDOGL&7&16b8ddb4&0"
"09:27:29.1722492","Kernel-PnP","222","시작",,"End querying bus relations for device SWD\DRIVERENUM\AMDOGL&7&16b8ddb4&0"
"09:27:29.1722536","Kernel-PnP","220","시작",,"Begin querying bus relations for device SWD\DRIVERENUM\AMDVLK&7&16b8ddb4&0"
"09:27:29.1722544","Kernel-PnP","222","시작",,"End querying bus relations for device SWD\DRIVERENUM\AMDVLK&7&16b8ddb4&0"
"09:27:29.1722587","Kernel-PnP","220","시작",,"Begin querying bus relations for device SWD\DRIVERENUM\AMDWIN&7&16b8ddb4&0"
"09:27:29.1722594","Kernel-PnP","222","시작",,"End querying bus relations for device SWD\DRIVERENUM\AMDWIN&7&16b8ddb4&0"
"09:27:29.1722639","Kernel-PnP","220","시작",,"Begin querying bus relations for device DISPLAY\SAM7B0C\7&16b8ddb4&0&UID260"
"09:27:29.1722686","Kernel-PnP","222","시작",,"End querying bus relations for device DISPLAY\SAM7B0C\7&16b8ddb4&0&UID260"
"09:27:29.1722746","Kernel-PnP","220","시작",,"Begin querying bus relations for device DISPLAY\BBC0104\7&16b8ddb4&0&UID265"
"09:27:29.1722773","Kernel-PnP","222","시작",,"End querying bus relations for device DISPLAY\BBC0104\7&16b8ddb4&0&UID265"
"09:27:29.1772459","DxgKrnl","10011","정보",,""
"09:27:29.1772814","DxgKrnl","10011","정보",,""
"09:27:29.1773273","Kernel-PnP","808","시작",,"End device add, status (STATUS_SUCCESS)"
"09:27:29.1773580","DxgKrnl","10011","정보",,""
"09:27:29.1773642","DxgKrnl","10011","정보",,""
"09:27:29.1773666","DxgKrnl","10011","정보",,""
"09:27:29.1815266","DxgKrnl","10011","정보",,""
"09:27:29.1815720","DxgKrnl","10011","정보",,""
"09:27:29.1817033","Kernel-PnP","220","시작",,"Begin querying bus relations for device DISPLAY\SAM79DF\7&16b8ddb4&0&UID256"
"09:27:29.1817072","Kernel-PnP","222","시작",,"End querying bus relations for device DISPLAY\SAM79DF\7&16b8ddb4&0&UID256"
"09:27:29.1819952","DxgKrnl","10011","정보",,""
"09:27:29.3059680","DxgKrnl","10011","정보",,""
"09:27:29.3100818","DxgKrnl","10011","정보",,""
"09:27:29.3101783","DxgKrnl","10011","정보",,""
"09:27:29.3102193","DxgKrnl","10011","정보",,""
"09:27:29.3116227","DxgKrnl","10011","정보",,""
"09:27:29.3116754","DxgKrnl","10011","정보",,""
"09:27:29.3117494","DxgKrnl","10011","정보",,""
"09:27:29.3118106","DxgKrnl","10011","정보",,""
"09:27:29.3118115","DxgKrnl","10011","정보",,""
"09:27:29.3118630","DxgKrnl","10011","정보",,""
"09:27:29.3118645","DxgKrnl","10011","정보",,""
"09:27:29.3119154","DxgKrnl","10011","정보",,""
"09:27:29.3119210","DxgKrnl","10011","정보",,""
"09:27:29.3119717","DxgKrnl","10011","정보",,""
"09:27:29.3137984","DxgKrnl","10011","정보",,""
"09:27:29.3138177","DxgKrnl","10011","정보",,""
"09:27:29.3138203","DxgKrnl","10011","정보",,""
"09:27:29.3139862","DxgKrnl","10011","정보",,""
"09:27:29.3141046","DxgKrnl","10011","정보",,""
"09:27:29.3141064","DxgKrnl","10011","정보",,""
"09:27:29.3146934","DxgKrnl","10011","정보",,""
"09:27:29.3147678","DxgKrnl","10011","정보",,""
"09:27:29.3165120","DxgKrnl","10011","정보",,""
"09:27:29.3173050","DxgKrnl","10011","정보",,""
"09:27:29.3173057","DxgKrnl","10011","정보",,""
"09:27:29.3173330","DxgKrnl","10011","정보",,""
"09:27:29.3175692","DxgKrnl","10011","정보",,""
"09:27:29.3175725","DxgKrnl","10011","정보",,""
"09:27:29.3175739","DxgKrnl","10011","정보",,""
"09:27:29.3208048","DxgKrnl","10011","정보",,""
"09:27:29.3208766","DxgKrnl","10011","정보",,""
"09:27:29.3224044","DxgKrnl","10011","정보",,""
"09:27:29.3224658","DxgKrnl","10011","정보",,""
"09:27:29.3224664","DxgKrnl","10011","정보",,""
"09:27:29.3225179","DxgKrnl","10011","정보",,""
"09:27:29.3225193","DxgKrnl","10011","정보",,""
"09:27:29.3226061","DxgKrnl","10011","정보",,""
"09:27:29.3226114","DxgKrnl","10011","정보",,""
"09:27:29.3226772","DxgKrnl","10011","정보",,""
"09:27:29.3230849","DxgKrnl","10011","정보",,""
"09:27:29.3231336","DxgKrnl","10011","정보",,""
"09:27:29.3245679","DxgKrnl","10011","정보",,""
"09:27:29.3246268","DxgKrnl","10011","정보",,""
"09:27:29.3269922","DxgKrnl","10011","정보",,""
"09:27:29.3270577","DxgKrnl","10011","정보",,""
"09:27:29.3315144","DxgKrnl","10011","정보",,""
"09:27:29.3315811","DxgKrnl","10011","정보",,""
"09:27:29.3316453","DxgKrnl","10011","정보",,""
"09:27:29.3332391","DxgKrnl","10011","정보",,""
"09:27:29.3342349","DxgKrnl","10011","정보",,""
"09:27:29.3358375","DxgKrnl","10011","정보",,""
"09:27:29.3358559","DxgKrnl","10011","정보",,""
"09:27:29.3358609","DxgKrnl","10011","정보",,""
"09:27:29.3358616","DxgKrnl","10011","정보",,""
"09:27:29.3365041","DxgKrnl","10011","정보",,""
"09:27:29.3365567","DxgKrnl","10011","정보",,""
"09:27:29.3365676","DxgKrnl","10011","정보",,""
"09:27:29.3365686","DxgKrnl","10011","정보",,""
"09:27:29.3367045","DxgKrnl","10011","정보",,""
"09:27:29.3367650","DxgKrnl","10011","정보",,""
"09:27:29.3367666","DxgKrnl","10011","정보",,""
"09:27:29.3370777","DxgKrnl","10011","정보",,""
"09:27:29.3371401","DxgKrnl","10011","정보",,""
"09:27:29.3434579","DxgKrnl","10011","정보",,""
"09:27:29.3439832","DxgKrnl","10011","정보",,""
"09:27:29.3440606","DxgKrnl","10011","정보",,""
"09:27:29.3440681","DxgKrnl","10011","정보",,""
"09:27:29.3440713","DxgKrnl","10011","정보",,""
"09:27:29.3485907","DxgKrnl","10011","정보",,""
"09:27:29.3486505","DxgKrnl","10011","정보",,""
"09:27:29.3515567","DxgKrnl","10011","정보",,""
"09:27:29.3516110","DxgKrnl","10011","정보",,""
"09:27:29.3516538","DxgKrnl","10011","정보",,""
"09:27:29.3518102","DxgKrnl","10011","정보",,""
"09:27:29.3518102","DxgKrnl","10011","정보",,""
"09:27:29.3518105","DxgKrnl","10011","정보",,""
"09:27:29.3521916","DxgKrnl","10011","정보",,""
"09:27:29.3521985","DxgKrnl","10011","정보",,""
"09:27:29.3522059","DxgKrnl","10011","정보",,""
"09:27:29.3522105","DxgKrnl","10011","정보",,""
"09:27:29.3523392","DxgKrnl","10011","정보",,""
"09:27:29.3525142","DxgKrnl","10011","정보",,""
"09:27:29.3529830","DxgKrnl","10011","정보",,""
"09:27:29.3529868","DxgKrnl","10011","정보",,""
"09:27:29.3529886","DxgKrnl","10011","정보",,""
"09:27:29.3529902","DxgKrnl","10011","정보",,""
"09:27:29.3529935","DxgKrnl","10011","정보",,""
"09:27:29.3716542","DxgKrnl","10011","정보",,""
"09:27:29.3717220","DxgKrnl","10011","정보",,""
"09:27:29.3780025","DxgKrnl","10011","정보",,""
"09:27:29.3781899","DxgKrnl","10011","정보",,""
"09:27:29.5314197","DxgKrnl","10011","정보",,""
"09:27:29.5314929","DxgKrnl","10011","정보",,""
"09:27:29.5314938","DxgKrnl","10011","정보",,""
"09:27:29.5315466","DxgKrnl","10011","정보",,""
"09:27:29.5315478","DxgKrnl","10011","정보",,""
"09:27:29.5315983","DxgKrnl","10011","정보",,""
"09:27:29.5316158","DxgKrnl","10011","정보",,""
"09:27:29.5316715","DxgKrnl","10011","정보",,""
"09:27:31.8505780","DxgKrnl","10011","정보",,""
"09:27:31.8506877","DxgKrnl","10011","정보",,""
"09:27:43.6742940","DxgKrnl","10011","정보",,""
"09:27:43.6743939","DxgKrnl","10011","정보",,""
"09:27:43.6926892","DxgKrnl","10011","정보",,""
"09:27:43.6927620","DxgKrnl","10011","정보",,""
"09:27:43.6928984","DxgKrnl","10011","정보",,""
"09:27:43.6929079","DxgKrnl","10011","정보",,""
"09:27:43.6929123","DxgKrnl","10011","정보",,""
"09:27:43.6934908","DxgKrnl","10011","정보",,""
"09:27:43.6935471","DxgKrnl","10011","정보",,""
"09:27:43.9400859","DxgKrnl","10011","정보",,""
"09:27:43.9401349","DxgKrnl","10011","정보",,""
"09:27:43.9518364","DxgKrnl","10011","정보",,""
"09:27:43.9518927","DxgKrnl","10011","정보",,""
"09:27:43.9519470","DxgKrnl","10011","정보",,""
"09:27:43.9529244","DxgKrnl","10011","정보",,""
"09:27:43.9529681","DxgKrnl","10011","정보",,""
"09:27:43.9531580","DxgKrnl","10011","정보",,""
"09:27:43.9532026","DxgKrnl","10011","정보",,""
"09:27:43.9532041","DxgKrnl","10011","정보",,""
"09:27:43.9532498","DxgKrnl","10011","정보",,""
"09:27:43.9550621","DxgKrnl","10011","정보",,""
"09:27:43.9550722","DxgKrnl","10011","정보",,""
"09:27:43.9550743","DxgKrnl","10011","정보",,""
"09:27:43.9551880","DxgKrnl","10011","정보",,""
"09:27:43.9552489","DxgKrnl","10011","정보",,""
"09:27:43.9552574","DxgKrnl","10011","정보",,""
"09:27:43.9571010","DxgKrnl","10011","정보",,""
"09:27:43.9581557","DxgKrnl","10011","정보",,""
"09:27:43.9582434","DxgKrnl","10011","정보",,""
"09:27:43.9582988","DxgKrnl","10011","정보",,""
"09:27:43.9586581","DxgKrnl","10011","정보",,""
"09:27:43.9587112","DxgKrnl","10011","정보",,""
"09:27:43.9587129","DxgKrnl","10011","정보",,""
"09:27:43.9587545","DxgKrnl","10011","정보",,""
"09:27:43.9594395","DxgKrnl","10011","정보",,""
"09:27:43.9594920","DxgKrnl","10011","정보",,""
"09:27:43.9596241","DxgKrnl","10011","정보",,""
"09:27:43.9596475","DxgKrnl","10011","정보",,""
"09:27:43.9596482","DxgKrnl","10011","정보",,""
"09:27:43.9596513","DxgKrnl","10011","정보",,""
"09:27:43.9598586","DxgKrnl","10011","정보",,""
"09:27:43.9598648","DxgKrnl","10011","정보",,""
"09:27:43.9598659","DxgKrnl","10011","정보",,""
"09:27:43.9598682","DxgKrnl","10011","정보",,""
"09:27:43.9616767","DxgKrnl","10011","정보",,""
"09:27:43.9617396","DxgKrnl","10011","정보",,""
"09:27:43.9618011","DxgKrnl","10011","정보",,""
"09:27:43.9623160","DxgKrnl","10011","정보",,""
"09:27:43.9623750","DxgKrnl","10011","정보",,""
"09:27:43.9628342","DxgKrnl","10011","정보",,""
"09:27:43.9628553","DxgKrnl","10011","정보",,""
"09:27:43.9638305","DxgKrnl","10011","정보",,""
"09:27:43.9639391","DxgKrnl","10011","정보",,""
"09:27:43.9640050","DxgKrnl","10011","정보",,""
"09:27:43.9647966","DxgKrnl","10011","정보",,""
"09:27:43.9648559","DxgKrnl","10011","정보",,""
"09:27:43.9649217","DxgKrnl","10011","정보",,""
"09:27:43.9655106","DxgKrnl","10011","정보",,""
"09:27:43.9655710","DxgKrnl","10011","정보",,""
"09:27:43.9659380","DxgKrnl","10011","정보",,""
"09:27:43.9661254","DxgKrnl","10011","정보",,""
"09:27:43.9666092","DxgKrnl","10011","정보",,""
"09:27:43.9670485","DxgKrnl","10011","정보",,""
"09:27:43.9682724","DxgKrnl","10011","정보",,""
"09:27:43.9684464","DxgKrnl","10011","정보",,""
"09:27:43.9704527","DxgKrnl","10011","정보",,""
"09:27:43.9706256","DxgKrnl","10011","정보",,""
"09:27:43.9709372","DxgKrnl","10011","정보",,""
"09:27:43.9709698","DxgKrnl","10011","정보",,""
"09:27:43.9710314","DxgKrnl","10011","정보",,""
"09:27:43.9710621","DxgKrnl","10011","정보",,""
"09:27:43.9715435","DxgKrnl","10011","정보",,""
"09:27:43.9715793","DxgKrnl","10011","정보",,""
"09:27:43.9716329","DxgKrnl","10011","정보",,""
"09:27:43.9716369","DxgKrnl","10011","정보",,""
"09:27:43.9716902","DxgKrnl","10011","정보",,""
"09:27:43.9730561","DxgKrnl","10011","정보",,""
"09:27:43.9731069","DxgKrnl","10011","정보",,""
"09:27:43.9740784","DxgKrnl","10011","정보",,""
"09:27:43.9741580","DxgKrnl","10011","정보",,""
"09:27:43.9750524","DxgKrnl","10011","정보",,""
"09:27:43.9751057","DxgKrnl","10011","정보",,""
"09:27:43.9780331","DxgKrnl","10011","정보",,""
"09:27:43.9780908","DxgKrnl","10011","정보",,""
"09:27:43.9798165","DxgKrnl","10011","정보",,""
"09:27:43.9802168","DxgKrnl","10011","정보",,""
"09:27:43.9802288","DxgKrnl","10011","정보",,""
"09:27:43.9802339","DxgKrnl","10011","정보",,""
"09:27:43.9802345","DxgKrnl","10011","정보",,""
"09:27:43.9803188","DxgKrnl","10011","정보",,""
"09:27:43.9813009","DxgKrnl","10011","정보",,""
"09:27:43.9813242","DxgKrnl","10011","정보",,""
"09:27:43.9813754","DxgKrnl","10011","정보",,""
"09:27:43.9814482","DxgKrnl","10011","정보",,""
"09:27:43.9814500","DxgKrnl","10011","정보",,""
"09:27:43.9846274","DxgKrnl","10011","정보",,""
"09:27:43.9847533","DxgKrnl","10011","정보",,""
"09:27:43.9921692","DxgKrnl","10011","정보",,""
"09:27:43.9928736","DxgKrnl","10011","정보",,""
"09:27:43.9940033","DxgKrnl","10011","정보",,""
"09:27:43.9940276","DxgKrnl","10011","정보",,""
"09:27:43.9941095","DxgKrnl","10011","정보",,""
"09:27:43.9941113","DxgKrnl","10011","정보",,""
"09:27:43.9955173","DxgKrnl","10011","정보",,""
"09:27:43.9955792","DxgKrnl","10011","정보",,""
"09:27:43.9965576","DxgKrnl","10011","정보",,""
"09:27:43.9966150","DxgKrnl","10011","정보",,""
"09:27:43.9967274","DxgKrnl","10011","정보",,""
"09:27:43.9967939","DxgKrnl","10011","정보",,""
"09:27:43.9968974","DxgKrnl","10011","정보",,""
"09:27:43.9969352","DxgKrnl","10011","정보",,""
"09:27:43.9969871","DxgKrnl","10011","정보",,""
"09:27:43.9969916","DxgKrnl","10011","정보",,""
"09:27:43.9969938","DxgKrnl","10011","정보",,""
"09:27:43.9973670","DxgKrnl","10011","정보",,""
"09:27:43.9977803","DxgKrnl","10011","정보",,""
"09:27:44.0166490","DxgKrnl","10011","정보",,""
"09:27:44.0166977","DxgKrnl","10011","정보",,""
"09:27:44.0167355","DxgKrnl","10011","정보",,""
"09:27:44.0168738","DxgKrnl","10011","정보",,""
"09:27:44.0168757","DxgKrnl","10011","정보",,""
"09:27:44.0168779","DxgKrnl","10011","정보",,""
"09:27:44.0171066","DxgKrnl","10011","정보",,""
"09:27:44.0171076","DxgKrnl","10011","정보",,""
"09:27:44.0171103","DxgKrnl","10011","정보",,""
"09:27:44.0171172","DxgKrnl","10011","정보",,""
"09:27:44.0174082","DxgKrnl","10011","정보",,""
"09:27:44.0180296","DxgKrnl","10011","정보",,""
"09:27:44.0180311","DxgKrnl","10011","정보",,""
"09:27:44.0180312","DxgKrnl","10011","정보",,""
"09:27:44.0180376","DxgKrnl","10011","정보",,""
"09:27:44.0180425","DxgKrnl","10011","정보",,""
"09:27:44.0180453","DxgKrnl","10011","정보",,""
"09:27:44.0236859","DxgKrnl","10011","정보",,""
"09:27:44.0237551","DxgKrnl","10011","정보",,""
"09:27:44.0260785","DxgKrnl","10011","정보",,""
"09:27:44.0261541","DxgKrnl","10011","정보",,""
"09:27:44.2230518","DxgKrnl","10011","정보",,""
"09:27:44.2231073","DxgKrnl","10011","정보",,""
"09:27:44.2344941","DxgKrnl","10011","정보",,""
"09:27:44.2345496","DxgKrnl","10011","정보",,""
"09:27:44.2353832","DxgKrnl","10011","정보",,""
"09:27:44.2354090","DxgKrnl","10011","정보",,""
"09:27:44.2354594","DxgKrnl","10011","정보",,""
"09:27:44.2354628","DxgKrnl","10011","정보",,""
"09:27:44.2354650","DxgKrnl","10011","정보",,""
"09:27:44.2358005","DxgKrnl","10011","정보",,""
"09:27:44.2358437","DxgKrnl","10011","정보",,""
"09:27:44.2819808","DxgKrnl","10011","정보",,""
"09:27:44.2856819","DxgKrnl","10011","정보",,""
"09:27:44.2857310","DxgKrnl","10011","정보",,""
"09:27:44.2857742","DxgKrnl","10011","정보",,""
"09:27:44.2865105","DxgKrnl","10011","정보",,""
"09:27:44.2865489","DxgKrnl","10011","정보",,""
"09:27:44.2866022","DxgKrnl","10011","정보",,""
"09:27:44.2866433","DxgKrnl","10011","정보",,""
"09:27:44.2866447","DxgKrnl","10011","정보",,""
"09:27:44.2867145","DxgKrnl","10011","정보",,""
"09:27:44.2882230","DxgKrnl","10011","정보",,""
"09:27:44.2882230","DxgKrnl","10011","정보",,""
"09:27:44.2882318","DxgKrnl","10011","정보",,""
"09:27:44.2882992","DxgKrnl","10011","정보",,""
"09:27:44.2885317","DxgKrnl","10011","정보",,""
"09:27:44.2885421","DxgKrnl","10011","정보",,""
"09:27:44.2919515","DxgKrnl","10011","정보",,""
"09:27:44.2920080","DxgKrnl","10011","정보",,""
"09:27:44.3007321","DxgKrnl","10011","정보",,""
"09:27:44.3007832","DxgKrnl","10011","정보",,""
"09:27:44.3023546","DxgKrnl","10011","정보",,""
"09:27:44.3025862","DxgKrnl","10011","정보",,""
"09:27:44.3026078","DxgKrnl","10011","정보",,""
"09:27:44.3026661","DxgKrnl","10011","정보",,""
"09:27:44.3031741","DxgKrnl","10011","정보",,""
"09:27:44.3033448","DxgKrnl","10011","정보",,""
"09:27:44.3035620","DxgKrnl","10011","정보",,""
"09:27:44.3037917","DxgKrnl","10011","정보",,""
"09:27:44.3039094","DxgKrnl","10011","정보",,""
"09:27:44.3041029","DxgKrnl","10011","정보",,""
"09:27:44.3041575","DxgKrnl","10011","정보",,""
"09:27:44.3052538","DxgKrnl","10011","정보",,""
"09:27:44.3052626","DxgKrnl","10011","정보",,""
"09:27:44.3054256","DxgKrnl","10011","정보",,""
"09:27:44.3054290","DxgKrnl","10011","정보",,""
"09:27:44.3065560","DxgKrnl","10011","정보",,""
"09:27:44.3065647","DxgKrnl","10011","정보",,""
"09:27:44.3069574","DxgKrnl","10011","정보",,""
"09:27:44.3073787","DxgKrnl","10011","정보",,""
"09:27:44.3073921","DxgKrnl","10011","정보",,""
"09:27:44.3073978","DxgKrnl","10011","정보",,""
"09:27:44.3073985","DxgKrnl","10011","정보",,""
"09:27:44.3075465","DxgKrnl","10011","정보",,""
"09:27:44.3075476","DxgKrnl","10011","정보",,""
"09:27:44.3081417","DxgKrnl","10011","정보",,""
"09:27:44.3082265","DxgKrnl","10011","정보",,""
"09:27:44.3084070","DxgKrnl","10011","정보",,""
"09:27:44.3084661","DxgKrnl","10011","정보",,""
"09:27:44.3085358","DxgKrnl","10011","정보",,""
"09:27:44.3086437","DxgKrnl","10011","정보",,""
"09:27:44.3103228","DxgKrnl","10011","정보",,""
"09:27:44.3104074","DxgKrnl","10011","정보",,""
"09:27:44.3141700","DxgKrnl","10011","정보",,""
"09:27:44.3147997","DxgKrnl","10011","정보",,""
"09:27:44.3158497","DxgKrnl","10011","정보",,""
"09:27:44.3158513","DxgKrnl","10011","정보",,""
"09:27:44.3160088","DxgKrnl","10011","정보",,""
"09:27:44.3160134","DxgKrnl","10011","정보",,""
"09:27:44.3167678","DxgKrnl","10011","정보",,""
"09:27:44.3168418","DxgKrnl","10011","정보",,""
"09:27:44.3172297","DxgKrnl","10011","정보",,""
"09:27:44.3173046","DxgKrnl","10011","정보",,""
"09:27:44.3242763","DxgKrnl","10011","정보",,""
"09:27:44.3251862","DxgKrnl","10011","정보",,""
"09:27:44.3310667","DxgKrnl","10011","정보",,""
"09:27:44.3315927","DxgKrnl","10011","정보",,""
"09:27:44.3316629","DxgKrnl","10011","정보",,""
"09:27:44.3553026","DxgKrnl","10011","정보",,""
"09:27:44.3553603","DxgKrnl","10011","정보",,""
"09:27:44.3583505","DxgKrnl","10011","정보",,""
"09:27:44.3592304","DxgKrnl","10011","정보",,""
"09:27:44.3948236","DxgKrnl","10011","정보",,""
"09:27:44.3949837","DxgKrnl","10011","정보",,""
"09:27:52.5407341","DxgKrnl","10011","정보",,""
"09:27:52.5407924","DxgKrnl","10011","정보",,""
"09:27:52.5520872","DxgKrnl","10011","정보",,""
"09:27:52.5521389","DxgKrnl","10011","정보",,""
"09:27:52.5569664","DxgKrnl","10011","정보",,""
"09:27:52.5570303","DxgKrnl","10011","정보",,""
"09:27:52.5571356","DxgKrnl","10011","정보",,""
"09:27:52.5571445","DxgKrnl","10011","정보",,""
"09:27:52.5571490","DxgKrnl","10011","정보",,""
"09:27:52.5576488","DxgKrnl","10011","정보",,""
"09:27:52.5576962","DxgKrnl","10011","정보",,""
"09:27:52.6071783","DxgKrnl","10011","정보",,""
"09:27:52.6119478","DxgKrnl","10011","정보",,""
"09:27:52.6120035","DxgKrnl","10011","정보",,""
"09:27:52.6120576","DxgKrnl","10011","정보",,""
"09:27:52.6128149","DxgKrnl","10011","정보",,""
"09:27:52.6128555","DxgKrnl","10011","정보",,""
"09:27:52.6129186","DxgKrnl","10011","정보",,""
"09:27:52.6129653","DxgKrnl","10011","정보",,""
"09:27:52.6129670","DxgKrnl","10011","정보",,""
"09:27:52.6130151","DxgKrnl","10011","정보",,""
"09:27:52.6146114","DxgKrnl","10011","정보",,""
"09:27:52.6146186","DxgKrnl","10011","정보",,""
"09:27:52.6146221","DxgKrnl","10011","정보",,""
"09:27:52.6148043","DxgKrnl","10011","정보",,""
"09:27:52.6148170","DxgKrnl","10011","정보",,""
"09:27:52.6148193","DxgKrnl","10011","정보",,""
"09:27:52.6154424","DxgKrnl","10011","정보",,""
"09:27:52.6166943","DxgKrnl","10011","정보",,""
"09:27:52.6167429","DxgKrnl","10011","정보",,""
"09:27:52.6169183","DxgKrnl","10011","정보",,""
"09:27:52.6169184","DxgKrnl","10011","정보",,""
"09:27:52.6169190","DxgKrnl","10011","정보",,""
"09:27:52.6171278","DxgKrnl","10011","정보",,""
"09:27:52.6171299","DxgKrnl","10011","정보",,""
"09:27:52.6174699","DxgKrnl","10011","정보",,""
"09:27:52.6174708","DxgKrnl","10011","정보",,""
"09:27:52.6175313","DxgKrnl","10011","정보",,""
"09:27:52.6193685","DxgKrnl","10011","정보",,""
"09:27:52.6194536","DxgKrnl","10011","정보",,""
"09:27:52.6212552","DxgKrnl","10011","정보",,""
"09:27:52.6213059","DxgKrnl","10011","정보",,""
"09:27:52.6236344","DxgKrnl","10011","정보",,""
"09:27:52.6245803","DxgKrnl","10011","정보",,""
"09:27:52.6445091","DxgKrnl","10011","정보",,""
"09:27:52.6445962","DxgKrnl","10011","정보",,""
"09:27:52.6446609","DxgKrnl","10011","정보",,""
"09:27:52.6446999","DxgKrnl","10011","정보",,""
"09:27:52.6452593","DxgKrnl","10011","정보",,""
"09:27:52.6453185","DxgKrnl","10011","정보",,""
"09:27:52.6453766","DxgKrnl","10011","정보",,""
"09:27:52.6470015","DxgKrnl","10011","정보",,""
"09:27:52.6470549","DxgKrnl","10011","정보",,""
"09:27:52.6472298","DxgKrnl","10011","정보",,""
"09:27:52.6472984","DxgKrnl","10011","정보",,""
"09:27:52.6484787","DxgKrnl","10011","정보",,""
"09:27:52.6489077","DxgKrnl","10011","정보",,""
"09:27:52.6489213","DxgKrnl","10011","정보",,""
"09:27:52.6489266","DxgKrnl","10011","정보",,""
"09:27:52.6489274","DxgKrnl","10011","정보",,""
"09:27:52.6495573","DxgKrnl","10011","정보",,""
"09:27:52.6496495","DxgKrnl","10011","정보",,""
"09:27:52.6516958","DxgKrnl","10011","정보",,""
"09:27:52.6517513","DxgKrnl","10011","정보",,""
"09:27:52.6577715","DxgKrnl","10011","정보",,""
"09:27:52.6585162","DxgKrnl","10011","정보",,""
"09:27:52.6603320","DxgKrnl","10011","정보",,""
"09:27:52.6603825","DxgKrnl","10011","정보",,""
"09:27:52.6609737","DxgKrnl","10011","정보",,""
"09:27:52.6627681","DxgKrnl","10011","정보",,""
"09:27:52.6630058","DxgKrnl","10011","정보",,""
"09:27:52.6630653","DxgKrnl","10011","정보",,""
"09:27:52.7246294","DxgKrnl","10011","정보",,""
"09:27:52.7247903","DxgKrnl","10011","정보",,""
"09:27:56.3804988","DxgKrnl","10011","정보",,""
"09:27:56.3812214","DxgKrnl","10011","정보",,""
"09:31:00.0522975","DxgKrnl","10011","정보",,""
"09:31:00.0523636","DxgKrnl","10011","정보",,""
"09:31:00.0582991","DxgKrnl","10011","정보",,""
"09:31:00.0583758","DxgKrnl","10011","정보",,""
"09:31:00.0584847","DxgKrnl","10011","정보",,""
"09:31:00.0585214","DxgKrnl","10011","정보",,""
"09:31:00.0585263","DxgKrnl","10011","정보",,""
"09:31:00.0634474","DxgKrnl","10011","정보",,""
"09:31:00.0635014","DxgKrnl","10011","정보",,""
"09:31:00.3521677","DxgKrnl","10011","정보",,""
"09:31:00.3521938","DxgKrnl","10011","정보",,""
"09:31:00.3589290","DxgKrnl","10011","정보",,""
"09:31:00.3590109","DxgKrnl","10011","정보",,""
"09:31:00.3590708","DxgKrnl","10011","정보",,""
"09:31:00.3604386","DxgKrnl","10011","정보",,""
"09:31:00.3604959","DxgKrnl","10011","정보",,""
"09:31:00.3607581","DxgKrnl","10011","정보",,""
"09:31:00.3608234","DxgKrnl","10011","정보",,""
"09:31:00.3608248","DxgKrnl","10011","정보",,""
"09:31:00.3608823","DxgKrnl","10011","정보",,""
"09:31:00.3608857","DxgKrnl","10011","정보",,""
"09:31:00.3609417","DxgKrnl","10011","정보",,""
"09:31:00.3609478","DxgKrnl","10011","정보",,""
"09:31:00.3610035","DxgKrnl","10011","정보",,""
"09:31:00.3631703","DxgKrnl","10011","정보",,""
"09:31:00.3632206","DxgKrnl","10011","정보",,""
"09:31:00.3632233","DxgKrnl","10011","정보",,""
"09:31:00.3633611","DxgKrnl","10011","정보",,""
"09:31:00.3633947","DxgKrnl","10011","정보",,""
"09:31:00.3634688","DxgKrnl","10011","정보",,""
"09:31:00.3634713","DxgKrnl","10011","정보",,""
"09:31:00.3662511","DxgKrnl","10011","정보",,""
"09:31:00.3671277","DxgKrnl","10011","정보",,""
"09:31:00.3672059","DxgKrnl","10011","정보",,""
"09:31:00.3676736","DxgKrnl","10011","정보",,""
"09:31:00.3677588","DxgKrnl","10011","정보",,""
"09:31:00.3677609","DxgKrnl","10011","정보",,""
"09:31:00.3678356","DxgKrnl","10011","정보",,""
"09:31:00.3678383","DxgKrnl","10011","정보",,""
"09:31:00.3679090","DxgKrnl","10011","정보",,""
"09:31:00.3679158","DxgKrnl","10011","정보",,""
"09:31:00.3679861","DxgKrnl","10011","정보",,""
"09:31:00.3688743","DxgKrnl","10011","정보",,""
"09:31:00.3689548","DxgKrnl","10011","정보",,""
"09:31:00.3693072","DxgKrnl","10011","정보",,""
"09:31:00.3693591","DxgKrnl","10011","정보",,""
"09:31:00.3693604","DxgKrnl","10011","정보",,""
"09:31:00.3693932","DxgKrnl","10011","정보",,""
"09:31:00.3693976","DxgKrnl","10011","정보",,""
"09:31:00.3694375","DxgKrnl","10011","정보",,""
"09:31:00.3696075","DxgKrnl","10011","정보",,""
"09:31:00.3696075","DxgKrnl","10011","정보",,""
"09:31:00.3697637","DxgKrnl","10011","정보",,""
"09:31:00.3704138","DxgKrnl","10011","정보",,""
"09:31:00.3705444","DxgKrnl","10011","정보",,""
"09:31:00.3705487","DxgKrnl","10011","정보",,""
"09:31:00.3706869","DxgKrnl","10011","정보",,""
"09:31:00.3706899","DxgKrnl","10011","정보",,""
"09:31:00.3736681","DxgKrnl","10011","정보",,""
"09:31:00.3744680","DxgKrnl","10011","정보",,""
"09:31:00.3745390","DxgKrnl","10011","정보",,""
"09:31:00.3746127","DxgKrnl","10011","정보",,""
"09:31:00.3746935","DxgKrnl","10011","정보",,""
"09:31:00.3753290","DxgKrnl","10011","정보",,""
"09:31:00.3754139","DxgKrnl","10011","정보",,""
"09:31:00.3761985","DxgKrnl","10011","정보",,""
"09:31:00.3764417","DxgKrnl","10011","정보",,""
"09:31:00.3768863","DxgKrnl","10011","정보",,""
"09:31:00.3819016","DxgKrnl","10011","정보",,""
"09:31:00.3819783","DxgKrnl","10011","정보",,""
"09:31:00.3821415","DxgKrnl","10011","정보",,""
"09:31:00.3821424","DxgKrnl","10011","정보",,""
"09:31:00.3823083","DxgKrnl","10011","정보",,""
"09:31:00.3823129","DxgKrnl","10011","정보",,""
"09:31:00.3831525","DxgKrnl","10011","정보",,""
"09:31:00.3831870","DxgKrnl","10011","정보",,""
"09:31:00.3832772","DxgKrnl","10011","정보",,""
"09:31:00.3833031","DxgKrnl","10011","정보",,""
"09:31:00.3833895","DxgKrnl","10011","정보",,""
"09:31:00.3837863","DxgKrnl","10011","정보",,""
"09:31:00.3838524","DxgKrnl","10011","정보",,""
"09:31:00.3887978","DxgKrnl","10011","정보",,""
"09:31:00.3888522","DxgKrnl","10011","정보",,""
"09:31:00.3889028","DxgKrnl","10011","정보",,""
"09:31:00.3895204","DxgKrnl","10011","정보",,""
"09:31:00.3895258","DxgKrnl","10011","정보",,""
"09:31:00.3895855","DxgKrnl","10011","정보",,""
"09:31:00.3898201","DxgKrnl","10011","정보",,""
"09:31:00.3899411","DxgKrnl","10011","정보",,""
"09:31:00.3900375","DxgKrnl","10011","정보",,""
"09:31:00.3907037","DxgKrnl","10011","정보",,""
"09:31:00.3908242","DxgKrnl","10011","정보",,""
"09:31:00.3908280","DxgKrnl","10011","정보",,""
"09:31:00.3909863","DxgKrnl","10011","정보",,""
"09:31:00.3909868","DxgKrnl","10011","정보",,""
"09:31:00.3910653","DxgKrnl","10011","정보",,""
"09:31:00.3911315","DxgKrnl","10011","정보",,""
"09:31:00.3963541","DxgKrnl","10011","정보",,""
"09:31:00.3965273","DxgKrnl","10011","정보",,""
"09:31:00.3966712","DxgKrnl","10011","정보",,""
"09:31:00.3966859","DxgKrnl","10011","정보",,""
"09:31:00.3969261","DxgKrnl","10011","정보",,""
"09:31:00.3969306","DxgKrnl","10011","정보",,""
"09:31:00.3973408","DxgKrnl","10011","정보",,""
"09:31:00.3973963","DxgKrnl","10011","정보",,""
"09:31:00.3974790","DxgKrnl","10011","정보",,""
"09:31:00.3986074","DxgKrnl","10011","정보",,""
"09:31:00.3986873","DxgKrnl","10011","정보",,""
"09:31:00.4080070","DxgKrnl","10011","정보",,""
"09:31:00.4082451","DxgKrnl","10011","정보",,""
"09:31:00.4083140","DxgKrnl","10011","정보",,""
"09:31:00.4084221","DxgKrnl","10011","정보",,""
"09:31:00.4132392","DxgKrnl","10011","정보",,""
"09:31:00.4140994","DxgKrnl","10011","정보",,""
"09:31:00.4171656","DxgKrnl","10011","정보",,""
"09:31:00.4188862","DxgKrnl","10011","정보",,""
"09:31:00.4189107","DxgKrnl","10011","정보",,""
"09:31:00.4189160","DxgKrnl","10011","정보",,""
"09:31:00.4189167","DxgKrnl","10011","정보",,""
"09:31:00.4195382","DxgKrnl","10011","정보",,""
"09:31:00.4196088","DxgKrnl","10011","정보",,""
"09:31:00.4240981","DxgKrnl","10011","정보",,""
"09:31:00.4241828","DxgKrnl","10011","정보",,""
"09:31:00.4320323","DxgKrnl","10011","정보",,""
"09:31:00.4320645","DxgKrnl","10011","정보",,""
"09:31:00.4321706","DxgKrnl","10011","정보",,""
"09:31:00.4321952","DxgKrnl","10011","정보",,""
"09:31:00.4322772","DxgKrnl","10011","정보",,""
"09:31:00.4337609","DxgKrnl","10011","정보",,""
"09:31:00.4345464","DxgKrnl","10011","정보",,""
"09:31:00.4383486","DxgKrnl","10011","정보",,""
"09:31:00.4398292","DxgKrnl","10011","정보",,""
"09:31:00.4398493","DxgKrnl","10011","정보",,""
"09:31:00.4398551","DxgKrnl","10011","정보",,""
"09:31:00.4398559","DxgKrnl","10011","정보",,""
"09:31:00.4403239","DxgKrnl","10011","정보",,""
"09:31:00.4412061","DxgKrnl","10011","정보",,""
"09:31:00.4412820","DxgKrnl","10011","정보",,""
"09:31:00.4412844","DxgKrnl","10011","정보",,""
"09:31:00.4412901","DxgKrnl","10011","정보",,""
"09:31:00.4414562","DxgKrnl","10011","정보",,""
"09:31:00.4414600","DxgKrnl","10011","정보",,""
"09:31:00.4415426","DxgKrnl","10011","정보",,""
"09:31:00.4415458","DxgKrnl","10011","정보",,""
"09:31:00.4416001","DxgKrnl","10011","정보",,""
"09:31:00.4416858","DxgKrnl","10011","정보",,""
"09:31:00.4416911","DxgKrnl","10011","정보",,""
"09:31:00.4416942","DxgKrnl","10011","정보",,""
"09:31:00.4474828","DxgKrnl","10011","정보",,""
"09:31:00.4475474","DxgKrnl","10011","정보",,""
"09:31:00.4541803","DxgKrnl","10011","정보",,""
"09:31:00.4542549","DxgKrnl","10011","정보",,""
"09:31:00.4543098","DxgKrnl","10011","정보",,""
"09:31:00.4556294","DxgKrnl","10011","정보",,""
"09:31:00.4556865","DxgKrnl","10011","정보",,""
"09:31:00.4557820","DxgKrnl","10011","정보",,""
"09:31:00.4558405","DxgKrnl","10011","정보",,""
"09:31:00.4558440","DxgKrnl","10011","정보",,""
"09:31:00.4559008","DxgKrnl","10011","정보",,""
"09:31:00.4559038","DxgKrnl","10011","정보",,""
"09:31:00.4559588","DxgKrnl","10011","정보",,""
"09:31:00.4559660","DxgKrnl","10011","정보",,""
"09:31:00.4560209","DxgKrnl","10011","정보",,""
"09:31:00.4581179","DxgKrnl","10011","정보",,""
"09:31:00.4582837","DxgKrnl","10011","정보",,""
"09:31:00.4583029","DxgKrnl","10011","정보",,""
"09:31:00.4583073","DxgKrnl","10011","정보",,""
"09:31:00.4583142","DxgKrnl","10011","정보",,""
"09:31:00.4588299","DxgKrnl","10011","정보",,""
"09:31:00.4588341","DxgKrnl","10011","정보",,""
"09:31:00.4588368","DxgKrnl","10011","정보",,""
"09:31:00.4598271","DxgKrnl","10011","정보",,""
"09:31:00.4599024","DxgKrnl","10011","정보",,""
"09:31:00.4684192","DxgKrnl","10011","정보",,""
"09:31:00.4685003","DxgKrnl","10011","정보",,""
"09:31:00.4686919","DxgKrnl","10011","정보",,""
"09:31:00.4697032","DxgKrnl","10011","정보",,""
"09:31:00.4699432","DxgKrnl","10011","정보",,""
"09:31:00.4763701","DxgKrnl","10011","정보",,""
"09:31:00.4764261","DxgKrnl","10011","정보",,""
"09:31:00.4816952","DxgKrnl","10011","정보",,""
"09:31:00.4817761","DxgKrnl","10011","정보",,""
"09:31:00.4820174","DxgKrnl","10011","정보",,""
"09:31:00.4821007","DxgKrnl","10011","정보",,""
"09:31:00.4853873","DxgKrnl","10011","정보",,""
"09:31:00.4903556","DxgKrnl","10011","정보",,""
"09:31:00.4979826","DxgKrnl","10011","정보",,""
"09:31:00.4996236","DxgKrnl","10011","정보",,""
"09:31:00.5007139","DxgKrnl","10011","정보",,""
"09:31:00.5007996","DxgKrnl","10011","정보",,""
"09:31:00.5178204","Kernel-PnP","220","시작",,"Begin querying bus relations for device PCI\VEN_1002&DEV_7550&SUBSYS_E4891DA2&REV_C0\6&8916a45&0&00000009"
"09:31:00.6288731","DxgKrnl","10011","정보",,""
"09:31:00.6315108","DxgKrnl","10011","정보",,""
"09:31:00.6315218","DxgKrnl","10011","정보",,""
"09:31:00.6317082","Kernel-PnP","222","시작",,"End querying bus relations for device PCI\VEN_1002&DEV_7550&SUBSYS_E4891DA2&REV_C0\6&8916a45&0&00000009"
"09:31:00.6319303","Kernel-PnP","1010","시작",,"버스에 누락 된 것으로 보고 된 장치 DISPLAY\SAM79DF\7&16b8ddb4&0&UID256이 (가) 제거 되었습니다. 제거 된 장치 수 | 개수: 1"
"09:31:00.6324706","Kernel-PnP","220","시작",,"Begin querying bus relations for device SWD\DRIVERENUM\AMDCP&7&16b8ddb4&0"
"09:31:00.6324731","Kernel-PnP","222","시작",,"End querying bus relations for device SWD\DRIVERENUM\AMDCP&7&16b8ddb4&0"
"09:31:00.6324847","Kernel-PnP","220","시작",,"Begin querying bus relations for device SWD\DRIVERENUM\AMDFDANS&7&16b8ddb4&0"
"09:31:00.6324858","Kernel-PnP","222","시작",,"End querying bus relations for device SWD\DRIVERENUM\AMDFDANS&7&16b8ddb4&0"
"09:31:00.6324953","Kernel-PnP","220","시작",,"Begin querying bus relations for device SWD\DRIVERENUM\AMDOCL&7&16b8ddb4&0"
"09:31:00.6325089","Kernel-PnP","222","시작",,"End querying bus relations for device SWD\DRIVERENUM\AMDOCL&7&16b8ddb4&0"
"09:31:00.6325190","Kernel-PnP","220","시작",,"Begin querying bus relations for device SWD\DRIVERENUM\AMDOGL&7&16b8ddb4&0"
"09:31:00.6325211","Kernel-PnP","222","시작",,"End querying bus relations for device SWD\DRIVERENUM\AMDOGL&7&16b8ddb4&0"
"09:31:00.6325277","Kernel-PnP","220","시작",,"Begin querying bus relations for device SWD\DRIVERENUM\AMDVLK&7&16b8ddb4&0"
"09:31:00.6325294","Kernel-PnP","222","시작",,"End querying bus relations for device SWD\DRIVERENUM\AMDVLK&7&16b8ddb4&0"
"09:31:00.6325356","Kernel-PnP","220","시작",,"Begin querying bus relations for device SWD\DRIVERENUM\AMDWIN&7&16b8ddb4&0"
"09:31:00.6325370","Kernel-PnP","222","시작",,"End querying bus relations for device SWD\DRIVERENUM\AMDWIN&7&16b8ddb4&0"
"09:31:00.6325434","Kernel-PnP","220","시작",,"Begin querying bus relations for device DISPLAY\SAM7B0C\7&16b8ddb4&0&UID260"
"09:31:00.6325509","Kernel-PnP","222","시작",,"End querying bus relations for device DISPLAY\SAM7B0C\7&16b8ddb4&0&UID260"
"09:31:00.6325583","Kernel-PnP","220","시작",,"Begin querying bus relations for device DISPLAY\BBC0104\7&16b8ddb4&0&UID265"
"09:31:00.6325637","Kernel-PnP","222","시작",,"End querying bus relations for device DISPLAY\BBC0104\7&16b8ddb4&0&UID265"
"09:31:00.6532023","DxgKrnl","10011","정보",,""
"09:31:00.6532353","DxgKrnl","10011","정보",,""
"09:31:00.6559648","DxgKrnl","10011","정보",,""
"09:31:00.6560583","DxgKrnl","10011","정보",,""
"09:31:00.6610989","DxgKrnl","10011","정보",,""
"09:31:00.6611431","DxgKrnl","10011","정보",,""
"09:31:00.6611579","DxgKrnl","10011","정보",,""
"09:31:00.6612888","DxgKrnl","10011","정보",,""
"09:31:00.6612917","DxgKrnl","10011","정보",,""
"09:31:00.6613397","DxgKrnl","10011","정보",,""
"09:31:00.6617721","DxgKrnl","10011","정보",,""
"09:31:00.6618342","DxgKrnl","10011","정보",,""
"09:31:00.6618414","DxgKrnl","10011","정보",,""
"09:31:00.6619724","DxgKrnl","10011","정보",,""
"09:31:00.6619736","DxgKrnl","10011","정보",,""
"09:31:00.6638519","DxgKrnl","10011","정보",,""
"09:31:00.6639185","DxgKrnl","10011","정보",,""
"09:31:00.6649063","DxgKrnl","10011","정보",,""
"09:31:00.6649687","DxgKrnl","10011","정보",,""
"09:31:00.6662836","DxgKrnl","10011","정보",,""
"09:31:00.6663478","DxgKrnl","10011","정보",,""
"09:31:00.6663695","DxgKrnl","10011","정보",,""
"09:31:00.6670964","DxgKrnl","10011","정보",,""
"09:31:00.6672156","DxgKrnl","10011","정보",,""
"09:31:00.6679008","DxgKrnl","10011","정보",,""
"09:31:00.6685764","DxgKrnl","10011","정보",,""
"09:31:00.6694282","DxgKrnl","10011","정보",,""
"09:31:00.6695092","DxgKrnl","10011","정보",,""
"09:31:00.6699321","DxgKrnl","10011","정보",,""
"09:31:00.6699499","DxgKrnl","10011","정보",,""
"09:31:00.6700715","DxgKrnl","10011","정보",,""
"09:31:00.6700757","DxgKrnl","10011","정보",,""
"09:31:00.6705234","DxgKrnl","10011","정보",,""
"09:31:00.6705935","DxgKrnl","10011","정보",,""
"09:31:00.6706624","DxgKrnl","10011","정보",,""
"09:31:00.6713441","DxgKrnl","10011","정보",,""
"09:31:00.6719460","DxgKrnl","10011","정보",,""
"09:31:00.6721042","DxgKrnl","10011","정보",,""
"09:31:00.6735049","DxgKrnl","10011","정보",,""
"09:31:00.6735688","DxgKrnl","10011","정보",,""
"09:31:00.6736678","DxgKrnl","10011","정보",,""
"09:31:00.6737710","DxgKrnl","10011","정보",,""
"09:31:00.6737964","DxgKrnl","10011","정보",,""
"09:31:00.6738617","DxgKrnl","10011","정보",,""
"09:31:00.6744197","DxgKrnl","10011","정보",,""
"09:31:00.6744852","DxgKrnl","10011","정보",,""
"09:31:00.6746973","DxgKrnl","10011","정보",,""
"09:31:00.6747710","DxgKrnl","10011","정보",,""
"09:31:00.6749756","DxgKrnl","10011","정보",,""
"09:31:00.6750401","DxgKrnl","10011","정보",,""
"09:31:00.6750419","DxgKrnl","10011","정보",,""
"09:31:00.6751784","DxgKrnl","10011","정보",,""
"09:31:00.6751847","DxgKrnl","10011","정보",,""
"09:31:00.6789962","DxgKrnl","10011","정보",,""
"09:31:00.6790641","DxgKrnl","10011","정보",,""
"09:31:00.6793304","DxgKrnl","10011","정보",,""
"09:31:00.6804773","DxgKrnl","10011","정보",,""
"09:31:00.6805521","DxgKrnl","10011","정보",,""
"09:31:00.6806316","DxgKrnl","10011","정보",,""
"09:31:00.6811408","DxgKrnl","10011","정보",,""
"09:31:00.6812303","DxgKrnl","10011","정보",,""
"09:31:00.6849604","DxgKrnl","10011","정보",,""
"09:31:00.6850257","DxgKrnl","10011","정보",,""
"09:31:00.6853937","DxgKrnl","10011","정보",,""
"09:31:00.6854287","DxgKrnl","10011","정보",,""
"09:31:00.6855022","DxgKrnl","10011","정보",,""
"09:31:00.6862053","DxgKrnl","10011","정보",,""
"09:31:00.6862864","DxgKrnl","10011","정보",,""
"09:31:00.6868677","DxgKrnl","10011","정보",,""
"09:31:00.6868828","DxgKrnl","10011","정보",,""
"09:31:00.6868873","DxgKrnl","10011","정보",,""
"09:31:00.6869586","DxgKrnl","10011","정보",,""
"09:31:00.6870890","DxgKrnl","10011","정보",,""
"09:31:00.6871237","DxgKrnl","10011","정보",,""
"09:31:00.6871929","DxgKrnl","10011","정보",,""
"09:31:00.6917750","DxgKrnl","10011","정보",,""
"09:31:00.6918620","DxgKrnl","10011","정보",,""
"09:31:00.6923073","DxgKrnl","10011","정보",,""
"09:31:00.6923734","DxgKrnl","10011","정보",,""
"09:31:00.6924354","DxgKrnl","10011","정보",,""
"09:31:00.6928079","DxgKrnl","10011","정보",,""
"09:31:00.6928736","DxgKrnl","10011","정보",,""
"09:31:00.6935085","DxgKrnl","10011","정보",,""
"09:31:00.6935755","DxgKrnl","10011","정보",,""
"09:31:00.6937886","DxgKrnl","10011","정보",,""
"09:31:00.6938846","DxgKrnl","10011","정보",,""
"09:31:00.6939473","DxgKrnl","10011","정보",,""
"09:31:00.6968263","DxgKrnl","10011","정보",,""
"09:31:00.6968919","DxgKrnl","10011","정보",,""
"09:31:00.6989309","Kernel-PnP","220","시작",,"Begin querying bus relations for device PCI\VEN_1002&DEV_7550&SUBSYS_E4891DA2&REV_C0\6&8916a45&0&00000009"
"09:31:00.7931413","DxgKrnl","10011","정보",,""
"09:31:00.7932280","Kernel-PnP","222","시작",,"End querying bus relations for device PCI\VEN_1002&DEV_7550&SUBSYS_E4891DA2&REV_C0\6&8916a45&0&00000009"
"09:31:00.7933418","DxgKrnl","10011","정보",,""
"09:31:00.7933915","Kernel-PnP","1010","시작",,"버스에 누락 된 것으로 보고 된 장치 DISPLAY\SAM7B0C\7&16b8ddb4&0&UID260이 (가) 제거 되었습니다. 제거 된 장치 수 | 개수: 1"
"09:31:00.7933942","DxgKrnl","10011","정보",,""
"09:31:00.7934047","DxgKrnl","10011","정보",,""
"09:31:00.7936476","DxgKrnl","10011","정보",,""
"09:31:00.7936501","DxgKrnl","10011","정보",,""
"09:31:00.7938846","Kernel-PnP","220","시작",,"Begin querying bus relations for device SWD\DRIVERENUM\AMDCP&7&16b8ddb4&0"
"09:31:00.7938864","Kernel-PnP","222","시작",,"End querying bus relations for device SWD\DRIVERENUM\AMDCP&7&16b8ddb4&0"
"09:31:00.7939111","Kernel-PnP","220","시작",,"Begin querying bus relations for device SWD\DRIVERENUM\AMDFDANS&7&16b8ddb4&0"
"09:31:00.7939121","Kernel-PnP","222","시작",,"End querying bus relations for device SWD\DRIVERENUM\AMDFDANS&7&16b8ddb4&0"
"09:31:00.7939186","Kernel-PnP","220","시작",,"Begin querying bus relations for device SWD\DRIVERENUM\AMDOCL&7&16b8ddb4&0"
"09:31:00.7939195","Kernel-PnP","222","시작",,"End querying bus relations for device SWD\DRIVERENUM\AMDOCL&7&16b8ddb4&0"
"09:31:00.7939245","Kernel-PnP","220","시작",,"Begin querying bus relations for device SWD\DRIVERENUM\AMDOGL&7&16b8ddb4&0"
"09:31:00.7939254","Kernel-PnP","222","시작",,"End querying bus relations for device SWD\DRIVERENUM\AMDOGL&7&16b8ddb4&0"
"09:31:00.7939318","Kernel-PnP","220","시작",,"Begin querying bus relations for device SWD\DRIVERENUM\AMDVLK&7&16b8ddb4&0"
"09:31:00.7939327","Kernel-PnP","222","시작",,"End querying bus relations for device SWD\DRIVERENUM\AMDVLK&7&16b8ddb4&0"
"09:31:00.7939389","Kernel-PnP","220","시작",,"Begin querying bus relations for device SWD\DRIVERENUM\AMDWIN&7&16b8ddb4&0"
"09:31:00.7939399","Kernel-PnP","222","시작",,"End querying bus relations for device SWD\DRIVERENUM\AMDWIN&7&16b8ddb4&0"
"09:31:00.7939460","Kernel-PnP","220","시작",,"Begin querying bus relations for device DISPLAY\BBC0104\7&16b8ddb4&0&UID265"
"09:31:00.7939507","Kernel-PnP","222","시작",,"End querying bus relations for device DISPLAY\BBC0104\7&16b8ddb4&0&UID265"
"09:31:00.8170189","DxgKrnl","10011","정보",,""
"09:31:00.8170972","DxgKrnl","10011","정보",,""
"09:31:00.8176018","DxgKrnl","10011","정보",,""
"09:31:00.8176739","DxgKrnl","10011","정보",,""
"09:31:00.8176859","DxgKrnl","10011","정보",,""
"09:31:00.8178070","DxgKrnl","10011","정보",,""
"09:31:00.8178100","DxgKrnl","10011","정보",,""
"09:31:00.8206708","DxgKrnl","10011","정보",,""
"09:31:00.8207375","DxgKrnl","10011","정보",,""
"09:31:00.8211450","DxgKrnl","10011","정보",,""
"09:31:00.8216405","DxgKrnl","10011","정보",,""
"09:31:00.8217147","DxgKrnl","10011","정보",,""
"09:31:00.8223745","DxgKrnl","10011","정보",,""
"09:31:00.8224478","DxgKrnl","10011","정보",,""
"09:31:00.8225196","DxgKrnl","10011","정보",,""
"09:31:00.8225532","DxgKrnl","10011","정보",,""
"09:31:00.8225972","DxgKrnl","10011","정보",,""
"09:31:00.8227057","DxgKrnl","10011","정보",,""
"09:31:00.8227071","DxgKrnl","10011","정보",,""
"09:31:00.8265936","DxgKrnl","10011","정보",,""
"09:31:00.8266560","DxgKrnl","10011","정보",,""
"09:31:00.8268322","DxgKrnl","10011","정보",,""
"09:31:00.8277586","DxgKrnl","10011","정보",,""
"09:31:00.8278028","DxgKrnl","10011","정보",,""
"09:31:00.8278674","DxgKrnl","10011","정보",,""
"09:31:00.8280693","DxgKrnl","10011","정보",,""
"09:31:00.8281315","DxgKrnl","10011","정보",,""
"09:31:00.8309660","DxgKrnl","10011","정보",,""
"09:31:00.8310284","DxgKrnl","10011","정보",,""
"09:31:00.8311967","DxgKrnl","10011","정보",,""
"09:31:00.8320684","DxgKrnl","10011","정보",,""
"09:31:00.8321171","DxgKrnl","10011","정보",,""
"09:31:00.8321814","DxgKrnl","10011","정보",,""
"09:31:00.8333865","DxgKrnl","10011","정보",,""
"09:31:00.8334519","DxgKrnl","10011","정보",,""
"09:31:00.8350236","DxgKrnl","10011","정보",,""
"09:31:00.8350839","DxgKrnl","10011","정보",,""
"09:31:00.8352480","DxgKrnl","10011","정보",,""
"09:31:00.8352635","DxgKrnl","10011","정보",,""
"09:31:00.8353354","DxgKrnl","10011","정보",,""
"09:31:00.8360542","DxgKrnl","10011","정보",,""
"09:31:00.8361181","DxgKrnl","10011","정보",,""
"09:31:00.8363228","DxgKrnl","10011","정보",,""
"09:31:00.8363591","DxgKrnl","10011","정보",,""
"09:31:00.8364330","DxgKrnl","10011","정보",,""
"09:31:00.8373999","DxgKrnl","10011","정보",,""
"09:31:00.8387158","DxgKrnl","10011","정보",,""
"09:31:00.8387786","DxgKrnl","10011","정보",,""
"09:31:00.8388002","DxgKrnl","10011","정보",,""
"09:31:00.8389604","DxgKrnl","10011","정보",,""
"09:31:00.8389850","DxgKrnl","10011","정보",,""
"09:31:00.8390756","DxgKrnl","10011","정보",,""
"09:31:00.8396491","DxgKrnl","10011","정보",,""
"09:31:00.8397139","DxgKrnl","10011","정보",,""
"09:31:00.8399833","DxgKrnl","10011","정보",,""
"09:31:00.8400332","DxgKrnl","10011","정보",,""
"09:31:00.8400990","DxgKrnl","10011","정보",,""
"09:31:00.8401238","DxgKrnl","10011","정보",,""
"09:31:00.8403216","DxgKrnl","10011","정보",,""
"09:31:00.8441532","DxgKrnl","10011","정보",,""
"09:31:00.8442124","DxgKrnl","10011","정보",,""
"09:31:00.8443732","DxgKrnl","10011","정보",,""
"09:31:00.8443875","DxgKrnl","10011","정보",,""
"09:31:00.8444524","DxgKrnl","10011","정보",,""
"09:31:00.8454487","DxgKrnl","10011","정보",,""
"09:31:00.8455143","DxgKrnl","10011","정보",,""
"09:31:00.8455813","DxgKrnl","10011","정보",,""
"09:31:00.8460573","DxgKrnl","10011","정보",,""
"09:31:00.8461245","DxgKrnl","10011","정보",,""
"09:31:00.8479000","DxgKrnl","10011","정보",,""
"09:31:00.8479588","DxgKrnl","10011","정보",,""
"09:31:00.8481264","DxgKrnl","10011","정보",,""
"09:31:00.8492809","DxgKrnl","10011","정보",,""
"09:31:00.8493237","DxgKrnl","10011","정보",,""
"09:31:00.8493462","DxgKrnl","10011","정보",,""
"09:31:00.8495178","DxgKrnl","10011","정보",,""
"09:31:00.8495197","DxgKrnl","10011","정보",,""
"09:31:00.8515072","DxgKrnl","10011","정보",,""
"09:31:00.8515665","DxgKrnl","10011","정보",,""
"09:31:00.8515814","DxgKrnl","10011","정보",,""
"09:31:00.8516465","DxgKrnl","10011","정보",,""
"09:31:00.8522171","DxgKrnl","10011","정보",,""
"09:31:00.8529836","DxgKrnl","10011","정보",,""
"09:31:00.8530504","DxgKrnl","10011","정보",,""
"09:31:00.8532194","DxgKrnl","10011","정보",,""
"09:31:00.8532649","DxgKrnl","10011","정보",,""
"09:31:00.8533296","DxgKrnl","10011","정보",,""
"09:31:00.8536756","DxgKrnl","10011","정보",,""
"09:31:00.8537655","DxgKrnl","10011","정보",,""
"09:31:00.8558251","DxgKrnl","10011","정보",,""
"09:31:00.8558840","DxgKrnl","10011","정보",,""
"09:31:00.8561331","DxgKrnl","10011","정보",,""
"09:31:00.8567271","DxgKrnl","10011","정보",,""
"09:31:00.8568204","DxgKrnl","10011","정보",,""
"09:31:00.8570599","DxgKrnl","10011","정보",,""
"09:31:00.8571784","DxgKrnl","10011","정보",,""
"09:31:00.8571805","DxgKrnl","10011","정보",,""
"09:31:00.8572450","DxgKrnl","10011","정보",,""
"09:31:00.8573175","DxgKrnl","10011","정보",,""
"09:31:00.8602933","DxgKrnl","10011","정보",,""
"09:31:00.8603544","DxgKrnl","10011","정보",,""
"09:31:00.8607152","DxgKrnl","10011","정보",,""
"09:31:00.8616947","DxgKrnl","10011","정보",,""
"09:31:00.8618000","DxgKrnl","10011","정보",,""
"09:31:00.8618640","DxgKrnl","10011","정보",,""
"09:31:00.8620683","DxgKrnl","10011","정보",,""
"09:31:00.8620925","DxgKrnl","10011","정보",,""
"09:31:00.8621627","DxgKrnl","10011","정보",,""
"09:31:00.8621662","DxgKrnl","10011","정보",,""
"09:31:00.8621682","DxgKrnl","10011","정보",,""
"09:31:00.8625363","DxgKrnl","10011","정보",,""
"09:31:00.8625917","DxgKrnl","10011","정보",,""
"09:31:00.9071725","DxgKrnl","10011","정보",,""
"09:31:00.9138129","DxgKrnl","10011","정보",,""
"09:31:00.9138765","DxgKrnl","10011","정보",,""
"09:31:00.9139111","DxgKrnl","10011","정보",,""
"09:31:00.9141750","DxgKrnl","10011","정보",,""
"09:31:00.9142126","DxgKrnl","10011","정보",,""
"09:31:00.9143772","DxgKrnl","10011","정보",,""
"09:31:00.9144221","DxgKrnl","10011","정보",,""
"09:31:00.9144236","DxgKrnl","10011","정보",,""
"09:31:00.9144621","DxgKrnl","10011","정보",,""
"09:31:00.9160676","DxgKrnl","10011","정보",,""
"09:31:00.9160677","DxgKrnl","10011","정보",,""
"09:31:00.9160840","DxgKrnl","10011","정보",,""
"09:31:00.9163790","DxgKrnl","10011","정보",,""
"09:31:00.9163846","DxgKrnl","10011","정보",,""
"09:31:00.9163874","DxgKrnl","10011","정보",,""
"09:31:00.9186748","DxgKrnl","10011","정보",,""
"09:31:00.9187007","DxgKrnl","10011","정보",,""
"09:31:00.9187633","DxgKrnl","10011","정보",,""
"09:31:00.9190245","DxgKrnl","10011","정보",,""
"09:31:00.9191312","DxgKrnl","10011","정보",,""
"09:31:00.9200419","DxgKrnl","10011","정보",,""
"09:31:00.9201710","DxgKrnl","10011","정보",,""
"09:31:00.9201896","DxgKrnl","10011","정보",,""
"09:31:00.9208431","DxgKrnl","10011","정보",,""
"09:31:00.9208812","DxgKrnl","10011","정보",,""
"09:31:00.9209202","DxgKrnl","10011","정보",,""
"09:31:00.9225014","DxgKrnl","10011","정보",,""
"09:31:00.9225331","DxgKrnl","10011","정보",,""
"09:31:00.9225892","DxgKrnl","10011","정보",,""
"09:31:00.9226882","DxgKrnl","10011","정보",,""
"09:31:00.9227519","DxgKrnl","10011","정보",,""
"09:31:00.9334820","DxgKrnl","10011","정보",,""
"09:31:00.9341328","DxgKrnl","10011","정보",,""
"09:31:00.9366444","DxgKrnl","10011","정보",,""
"09:31:00.9367074","DxgKrnl","10011","정보",,""
"09:31:00.9367088","DxgKrnl","10011","정보",,""
"09:31:00.9367494","DxgKrnl","10011","정보",,""
"09:31:00.9373759","DxgKrnl","10011","정보",,""
"09:31:00.9374261","DxgKrnl","10011","정보",,""
"09:31:00.9376277","DxgKrnl","10011","정보",,""
"09:31:00.9376777","DxgKrnl","10011","정보",,""
"09:31:00.9376804","DxgKrnl","10011","정보",,""
"09:31:00.9377569","DxgKrnl","10011","정보",,""
"09:31:00.9377878","DxgKrnl","10011","정보",,""
"09:31:00.9377879","DxgKrnl","10011","정보",,""
"09:31:00.9378456","DxgKrnl","10011","정보",,""
"09:31:00.9383761","DxgKrnl","10011","정보",,""
"09:31:00.9384004","DxgKrnl","10011","정보",,""
"09:31:00.9385201","DxgKrnl","10011","정보",,""
"09:31:00.9385203","DxgKrnl","10011","정보",,""
"09:31:00.9391531","DxgKrnl","10011","정보",,""
"09:31:00.9393026","DxgKrnl","10011","정보",,""
"09:31:00.9393484","DxgKrnl","10011","정보",,""
"09:31:00.9395932","DxgKrnl","10011","정보",,""
"09:31:00.9397719","DxgKrnl","10011","정보",,""
"09:31:00.9398210","DxgKrnl","10011","정보",,""
"09:31:00.9399692","DxgKrnl","10011","정보",,""
"09:31:00.9400501","DxgKrnl","10011","정보",,""
"09:31:00.9411944","DxgKrnl","10011","정보",,""
"09:31:00.9412437","DxgKrnl","10011","정보",,""
"09:31:00.9418297","DxgKrnl","10011","정보",,""
"09:31:00.9418936","DxgKrnl","10011","정보",,""
"09:31:00.9439825","DxgKrnl","10011","정보",,""
"09:31:00.9440313","DxgKrnl","10011","정보",,""
"09:31:00.9451100","DxgKrnl","10011","정보",,""
"09:31:00.9455567","DxgKrnl","10011","정보",,""
"09:31:00.9455692","DxgKrnl","10011","정보",,""
"09:31:00.9455743","DxgKrnl","10011","정보",,""
"09:31:00.9455751","DxgKrnl","10011","정보",,""
"09:31:00.9456776","DxgKrnl","10011","정보",,""
"09:31:00.9457529","DxgKrnl","10011","정보",,""
"09:31:00.9460716","DxgKrnl","10011","정보",,""
"09:31:00.9461256","DxgKrnl","10011","정보",,""
"09:31:00.9467129","DxgKrnl","10011","정보",,""
"09:31:00.9467638","DxgKrnl","10011","정보",,""
"09:31:00.9484538","DxgKrnl","10011","정보",,""
"09:31:00.9485043","DxgKrnl","10011","정보",,""
"09:31:00.9501098","DxgKrnl","10011","정보",,""
"09:31:00.9501601","DxgKrnl","10011","정보",,""
"09:31:00.9511929","DxgKrnl","10011","정보",,""
"09:31:00.9515578","DxgKrnl","10011","정보",,""
"09:31:00.9517865","DxgKrnl","10011","정보",,""
"09:31:00.9517881","DxgKrnl","10011","정보",,""
"09:31:00.9613388","DxgKrnl","10011","정보",,""
"09:31:00.9614291","DxgKrnl","10011","정보",,""
"09:31:00.9632277","DxgKrnl","10011","정보",,""
"09:31:00.9632887","DxgKrnl","10011","정보",,""
"09:31:00.9636009","DxgKrnl","10011","정보",,""
"09:31:00.9642593","DxgKrnl","10011","정보",,""
"09:31:01.0970668","DxgKrnl","10011","정보",,""
"09:31:01.0971474","DxgKrnl","10011","정보",,""
"09:31:02.4579243","DxgKrnl","10011","정보",,""
"09:31:02.4696144","DxgKrnl","10011","정보",,""
"09:31:02.5145013","DxgKrnl","10011","정보",,""
"09:31:02.5566834","Kernel-PnP","220","시작",,"Begin querying bus relations for device PCI\VEN_1002&DEV_7550&SUBSYS_E4891DA2&REV_C0\6&8916a45&0&00000009"
"09:31:02.5569007","DxgKrnl","10011","정보",,""
"09:31:02.5575416","DxgKrnl","10011","정보",,""
"09:31:02.5575561","DxgKrnl","10011","정보",,""
"09:31:02.5576747","DxgKrnl","10011","정보",,""
"09:31:02.5577316","DxgKrnl","10011","정보",,""
"09:31:02.5582392","DxgKrnl","10011","정보",,""
"09:31:02.5582904","DxgKrnl","10011","정보",,""
"09:31:02.5588434","DxgKrnl","10011","정보",,""
"09:31:02.5589012","DxgKrnl","10011","정보",,""
"09:31:02.5593028","DxgKrnl","10011","정보",,""
"09:31:02.5593720","DxgKrnl","10011","정보",,""
"09:31:02.5625303","Kernel-PnP","222","시작",,"End querying bus relations for device PCI\VEN_1002&DEV_7550&SUBSYS_E4891DA2&REV_C0\6&8916a45&0&00000009"
"09:31:02.5625817","Kernel-PnP","220","시작",,"Begin querying bus relations for device SWD\DRIVERENUM\AMDCP&7&16b8ddb4&0"
"09:31:02.5625834","Kernel-PnP","222","시작",,"End querying bus relations for device SWD\DRIVERENUM\AMDCP&7&16b8ddb4&0"
"09:31:02.5625889","Kernel-PnP","220","시작",,"Begin querying bus relations for device SWD\DRIVERENUM\AMDFDANS&7&16b8ddb4&0"
"09:31:02.5625898","Kernel-PnP","222","시작",,"End querying bus relations for device SWD\DRIVERENUM\AMDFDANS&7&16b8ddb4&0"
"09:31:02.5625943","Kernel-PnP","220","시작",,"Begin querying bus relations for device SWD\DRIVERENUM\AMDOCL&7&16b8ddb4&0"
"09:31:02.5625950","Kernel-PnP","222","시작",,"End querying bus relations for device SWD\DRIVERENUM\AMDOCL&7&16b8ddb4&0"
"09:31:02.5625997","Kernel-PnP","220","시작",,"Begin querying bus relations for device SWD\DRIVERENUM\AMDOGL&7&16b8ddb4&0"
"09:31:02.5626004","Kernel-PnP","222","시작",,"End querying bus relations for device SWD\DRIVERENUM\AMDOGL&7&16b8ddb4&0"
"09:31:02.5626082","Kernel-PnP","220","시작",,"Begin querying bus relations for device SWD\DRIVERENUM\AMDVLK&7&16b8ddb4&0"
"09:31:02.5626092","Kernel-PnP","222","시작",,"End querying bus relations for device SWD\DRIVERENUM\AMDVLK&7&16b8ddb4&0"
"09:31:02.5626148","Kernel-PnP","220","시작",,"Begin querying bus relations for device SWD\DRIVERENUM\AMDWIN&7&16b8ddb4&0"
"09:31:02.5626157","Kernel-PnP","222","시작",,"End querying bus relations for device SWD\DRIVERENUM\AMDWIN&7&16b8ddb4&0"
"09:31:02.5626214","Kernel-PnP","220","시작",,"Begin querying bus relations for device DISPLAY\BBC0104\7&16b8ddb4&0&UID265"
"09:31:02.5626274","Kernel-PnP","222","시작",,"End querying bus relations for device DISPLAY\BBC0104\7&16b8ddb4&0&UID265"
"09:31:02.5628773","DxgKrnl","10011","정보",,""
"09:31:02.5629049","DxgKrnl","10011","정보",,""
"09:31:02.5629586","DxgKrnl","10011","정보",,""
"09:31:02.5629614","DxgKrnl","10011","정보",,""
"09:31:02.5629635","DxgKrnl","10011","정보",,""
"09:31:02.5633909","DxgKrnl","10011","정보",,""
"09:31:02.5634512","DxgKrnl","10011","정보",,""
"09:31:02.5640213","Kernel-PnP","808","시작",,"End device add, status (STATUS_SUCCESS)"
"09:31:02.5643324","Kernel-PnP","220","시작",,"Begin querying bus relations for device DISPLAY\SAM79DF\7&16b8ddb4&0&UID256"
"09:31:02.5643350","Kernel-PnP","222","시작",,"End querying bus relations for device DISPLAY\SAM79DF\7&16b8ddb4&0&UID256"
"09:31:02.5645572","DxgKrnl","10011","정보",,""
"09:31:02.7856118","DxgKrnl","10011","정보",,""
"09:31:02.7944213","DxgKrnl","10011","정보",,""
"09:31:02.7944726","DxgKrnl","10011","정보",,""
"09:31:02.7945253","DxgKrnl","10011","정보",,""
"09:31:02.7952211","DxgKrnl","10011","정보",,""
"09:31:02.7952574","DxgKrnl","10011","정보",,""
"09:31:02.7953205","DxgKrnl","10011","정보",,""
"09:31:02.7953542","DxgKrnl","10011","정보",,""
"09:31:02.7953557","DxgKrnl","10011","정보",,""
"09:31:02.7953878","DxgKrnl","10011","정보",,""
"09:31:02.7969225","DxgKrnl","10011","정보",,""
"09:31:02.7969226","DxgKrnl","10011","정보",,""
"09:31:02.7970990","DxgKrnl","10011","정보",,""
"09:31:02.7971004","DxgKrnl","10011","정보",,""
"09:31:02.8012850","DxgKrnl","10011","정보",,""
"09:31:02.8013821","DxgKrnl","10011","정보",,""
"09:31:02.8014390","DxgKrnl","10011","정보",,""
"09:31:02.8043665","DxgKrnl","10011","정보",,""
"09:31:02.8044078","DxgKrnl","10011","정보",,""
"09:31:02.8046410","DxgKrnl","10011","정보",,""
"09:31:02.8047026","DxgKrnl","10011","정보",,""
"09:31:02.8072070","DxgKrnl","10011","정보",,""
"09:31:02.8072491","DxgKrnl","10011","정보",,""
"09:31:02.8078554","DxgKrnl","10011","정보",,""
"09:31:02.8079000","DxgKrnl","10011","정보",,""
"09:31:02.8094226","DxgKrnl","10011","정보",,""
"09:31:02.8095246","DxgKrnl","10011","정보",,""
"09:31:02.8103030","DxgKrnl","10011","정보",,""
"09:31:02.8103483","DxgKrnl","10011","정보",,""
"09:31:02.8103949","DxgKrnl","10011","정보",,""
"09:31:02.8111645","DxgKrnl","10011","정보",,""
"09:31:02.8112264","DxgKrnl","10011","정보",,""
"09:31:02.8120793","DxgKrnl","10011","정보",,""
"09:31:02.8121121","DxgKrnl","10011","정보",,""
"09:31:02.8138471","DxgKrnl","10011","정보",,""
"09:31:02.8148678","DxgKrnl","10011","정보",,""
"09:31:02.8152180","DxgKrnl","10011","정보",,""
"09:31:02.8152300","DxgKrnl","10011","정보",,""
"09:31:02.8152350","DxgKrnl","10011","정보",,""
"09:31:02.8152356","DxgKrnl","10011","정보",,""
"09:31:02.8159508","DxgKrnl","10011","정보",,""
"09:31:02.8159509","DxgKrnl","10011","정보",,""
"09:31:02.8159573","DxgKrnl","10011","정보",,""
"09:31:02.8160472","DxgKrnl","10011","정보",,""
"09:31:02.8161411","DxgKrnl","10011","정보",,""
"09:31:02.8161423","DxgKrnl","10011","정보",,""
"09:31:02.8161438","DxgKrnl","10011","정보",,""
"09:31:02.8164283","DxgKrnl","10011","정보",,""
"09:31:02.8164703","DxgKrnl","10011","정보",,""
"09:31:02.8197591","DxgKrnl","10011","정보",,""
"09:31:02.8198006","DxgKrnl","10011","정보",,""
"09:31:02.8198421","DxgKrnl","10011","정보",,""
"09:31:02.8198454","DxgKrnl","10011","정보",,""
"09:31:02.8198476","DxgKrnl","10011","정보",,""
"09:31:02.8201464","DxgKrnl","10011","정보",,""
"09:31:02.8201904","DxgKrnl","10011","정보",,""
"09:31:02.8218177","DxgKrnl","10011","정보",,""
"09:31:02.8218532","DxgKrnl","10011","정보",,""
"09:31:02.8219062","DxgKrnl","10011","정보",,""
"09:31:02.8220931","DxgKrnl","10011","정보",,""
"09:31:02.8220948","DxgKrnl","10011","정보",,""
"09:31:02.8220950","DxgKrnl","10011","정보",,""
"09:31:02.8220967","DxgKrnl","10011","정보",,""
"09:31:02.8221745","DxgKrnl","10011","정보",,""
"09:31:02.8221773","DxgKrnl","10011","정보",,""
"09:31:02.8222811","DxgKrnl","10011","정보",,""
"09:31:02.8222841","DxgKrnl","10011","정보",,""
"09:31:02.8222845","DxgKrnl","10011","정보",,""
"09:31:02.8224102","DxgKrnl","10011","정보",,""
"09:31:02.8224128","DxgKrnl","10011","정보",,""
"09:31:02.8224151","DxgKrnl","10011","정보",,""
"09:31:02.8256463","DxgKrnl","10011","정보",,""
"09:31:02.8264653","DxgKrnl","10011","정보",,""
"09:31:02.8267454","DxgKrnl","10011","정보",,""
"09:31:02.8267927","DxgKrnl","10011","정보",,""
"09:31:02.8281144","DxgKrnl","10011","정보",,""
"09:31:02.8281256","DxgKrnl","10011","정보",,""
"09:31:02.8281503","DxgKrnl","10011","정보",,""
"09:31:02.8282515","DxgKrnl","10011","정보",,""
"09:31:02.8282518","DxgKrnl","10011","정보",,""
"09:31:02.8282549","DxgKrnl","10011","정보",,""
"09:31:02.8286169","DxgKrnl","10011","정보",,""
"09:31:02.8286638","DxgKrnl","10011","정보",,""
"09:31:02.8287803","DxgKrnl","10011","정보",,""
"09:31:02.8288256","DxgKrnl","10011","정보",,""
"09:31:02.8297029","DxgKrnl","10011","정보",,""
"09:31:02.8297472","DxgKrnl","10011","정보",,""
"09:31:02.8331627","DxgKrnl","10011","정보",,""
"09:31:02.8332162","DxgKrnl","10011","정보",,""
"09:31:02.8496713","DxgKrnl","10011","정보",,""
"09:31:02.8503117","DxgKrnl","10011","정보",,""
"09:31:04.0199500","DxgKrnl","10011","정보",,""
"09:31:04.0215156","DxgKrnl","10011","정보",,""
"09:31:04.2698598","Kernel-PnP","220","시작",,"Begin querying bus relations for device PCI\VEN_1002&DEV_7550&SUBSYS_E4891DA2&REV_C0\6&8916a45&0&00000009"
"09:31:04.2699771","DxgKrnl","10011","정보",,""
"09:31:04.2699783","DxgKrnl","10011","정보",,""
"09:31:04.2700754","DxgKrnl","10011","정보",,""
"09:31:04.2701291","DxgKrnl","10011","정보",,""
"09:31:04.2715524","DxgKrnl","10011","정보",,""
"09:31:04.2715975","DxgKrnl","10011","정보",,""
"09:31:04.2720992","DxgKrnl","10011","정보",,""
"09:31:04.2721505","DxgKrnl","10011","정보",,""
"09:31:04.2728362","DxgKrnl","10011","정보",,""
"09:31:04.2728782","DxgKrnl","10011","정보",,""
"09:31:04.2746649","Kernel-PnP","222","시작",,"End querying bus relations for device PCI\VEN_1002&DEV_7550&SUBSYS_E4891DA2&REV_C0\6&8916a45&0&00000009"
"09:31:04.2747257","Kernel-PnP","220","시작",,"Begin querying bus relations for device SWD\DRIVERENUM\AMDCP&7&16b8ddb4&0"
"09:31:04.2747273","Kernel-PnP","222","시작",,"End querying bus relations for device SWD\DRIVERENUM\AMDCP&7&16b8ddb4&0"
"09:31:04.2747329","Kernel-PnP","220","시작",,"Begin querying bus relations for device SWD\DRIVERENUM\AMDFDANS&7&16b8ddb4&0"
"09:31:04.2747336","Kernel-PnP","222","시작",,"End querying bus relations for device SWD\DRIVERENUM\AMDFDANS&7&16b8ddb4&0"
"09:31:04.2747381","Kernel-PnP","220","시작",,"Begin querying bus relations for device SWD\DRIVERENUM\AMDOCL&7&16b8ddb4&0"
"09:31:04.2747388","Kernel-PnP","222","시작",,"End querying bus relations for device SWD\DRIVERENUM\AMDOCL&7&16b8ddb4&0"
"09:31:04.2747429","Kernel-PnP","220","시작",,"Begin querying bus relations for device SWD\DRIVERENUM\AMDOGL&7&16b8ddb4&0"
"09:31:04.2747436","Kernel-PnP","222","시작",,"End querying bus relations for device SWD\DRIVERENUM\AMDOGL&7&16b8ddb4&0"
"09:31:04.2747477","Kernel-PnP","220","시작",,"Begin querying bus relations for device SWD\DRIVERENUM\AMDVLK&7&16b8ddb4&0"
"09:31:04.2747484","Kernel-PnP","222","시작",,"End querying bus relations for device SWD\DRIVERENUM\AMDVLK&7&16b8ddb4&0"
"09:31:04.2747524","Kernel-PnP","220","시작",,"Begin querying bus relations for device SWD\DRIVERENUM\AMDWIN&7&16b8ddb4&0"
"09:31:04.2747530","Kernel-PnP","222","시작",,"End querying bus relations for device SWD\DRIVERENUM\AMDWIN&7&16b8ddb4&0"
"09:31:04.2747572","Kernel-PnP","220","시작",,"Begin querying bus relations for device DISPLAY\BBC0104\7&16b8ddb4&0&UID265"
"09:31:04.2747621","Kernel-PnP","222","시작",,"End querying bus relations for device DISPLAY\BBC0104\7&16b8ddb4&0&UID265"
"09:31:04.2747680","Kernel-PnP","220","시작",,"Begin querying bus relations for device DISPLAY\SAM79DF\7&16b8ddb4&0&UID256"
"09:31:04.2747702","Kernel-PnP","222","시작",,"End querying bus relations for device DISPLAY\SAM79DF\7&16b8ddb4&0&UID256"
"09:31:04.2794403","DxgKrnl","10011","정보",,""
"09:31:04.2794767","DxgKrnl","10011","정보",,""
"09:31:04.2795206","DxgKrnl","10011","정보",,""
"09:31:04.2795377","DxgKrnl","10011","정보",,""
"09:31:04.2796932","DxgKrnl","10011","정보",,""
"09:31:04.2854723","DxgKrnl","10011","정보",,""
"09:31:04.2855656","DxgKrnl","10011","정보",,""
"09:31:04.2856779","Kernel-PnP","808","시작",,"End device add, status (STATUS_SUCCESS)"
"09:31:04.2859547","Kernel-PnP","220","시작",,"Begin querying bus relations for device DISPLAY\SAM7B0C\7&16b8ddb4&0&UID260"
"09:31:04.2859573","Kernel-PnP","222","시작",,"End querying bus relations for device DISPLAY\SAM7B0C\7&16b8ddb4&0&UID260"
"09:31:04.2862798","DxgKrnl","10011","정보",,""
"09:31:04.5980691","DxgKrnl","10011","정보",,""
"09:31:04.5981178","DxgKrnl","10011","정보",,""
"09:31:04.6064499","DxgKrnl","10011","정보",,""
"09:31:04.6065299","DxgKrnl","10011","정보",,""
"09:31:04.6065689","DxgKrnl","10011","정보",,""
"09:31:04.6080122","DxgKrnl","10011","정보",,""
"09:31:04.6080804","DxgKrnl","10011","정보",,""
"09:31:04.6083159","DxgKrnl","10011","정보",,""
"09:31:04.6083804","DxgKrnl","10011","정보",,""
"09:31:04.6083821","DxgKrnl","10011","정보",,""
"09:31:04.6084369","DxgKrnl","10011","정보",,""
"09:31:04.6084399","DxgKrnl","10011","정보",,""
"09:31:04.6084931","DxgKrnl","10011","정보",,""
"09:31:04.6084989","DxgKrnl","10011","정보",,""
"09:31:04.6085539","DxgKrnl","10011","정보",,""
"09:31:04.6108291","DxgKrnl","10011","정보",,""
"09:31:04.6108385","DxgKrnl","10011","정보",,""
"09:31:04.6108585","DxgKrnl","10011","정보",,""
"09:31:04.6109977","DxgKrnl","10011","정보",,""
"09:31:04.6110008","DxgKrnl","10011","정보",,""
"09:31:04.6110813","DxgKrnl","10011","정보",,""
"09:31:04.6130790","DxgKrnl","10011","정보",,""
"09:31:04.6138072","DxgKrnl","10011","정보",,""
"09:31:04.6138956","DxgKrnl","10011","정보",,""
"09:31:04.6144076","DxgKrnl","10011","정보",,""
"09:31:04.6144702","DxgKrnl","10011","정보",,""
"09:31:04.6176976","DxgKrnl","10011","정보",,""
"09:31:04.6177699","DxgKrnl","10011","정보",,""
"09:31:04.6197377","DxgKrnl","10011","정보",,""
"09:31:04.6197980","DxgKrnl","10011","정보",,""
"09:31:04.6200046","DxgKrnl","10011","정보",,""
"09:31:04.6200982","DxgKrnl","10011","정보",,""
"09:31:04.6201021","DxgKrnl","10011","정보",,""
"09:31:04.6201689","DxgKrnl","10011","정보",,""
"09:31:04.6201711","DxgKrnl","10011","정보",,""
"09:31:04.6202314","DxgKrnl","10011","정보",,""
"09:31:04.6202432","DxgKrnl","10011","정보",,""
"09:31:04.6202977","DxgKrnl","10011","정보",,""
"09:31:04.6207829","DxgKrnl","10011","정보",,""
"09:31:04.6208453","DxgKrnl","10011","정보",,""
"09:31:04.6253063","DxgKrnl","10011","정보",,""
"09:31:04.6254107","DxgKrnl","10011","정보",,""
"09:31:04.6258008","DxgKrnl","10011","정보",,""
"09:31:04.6258549","DxgKrnl","10011","정보",,""
"09:31:04.6259241","DxgKrnl","10011","정보",,""
"09:31:04.6260002","DxgKrnl","10011","정보",,""
"09:31:04.6260763","DxgKrnl","10011","정보",,""
"09:31:04.6324055","DxgKrnl","10011","정보",,""
"09:31:04.6330689","DxgKrnl","10011","정보",,""
"09:31:04.6335260","DxgKrnl","10011","정보",,""
"09:31:04.6335902","DxgKrnl","10011","정보",,""
"09:31:04.6337549","DxgKrnl","10011","정보",,""
"09:31:04.6338183","DxgKrnl","10011","정보",,""
"09:31:04.6354122","DxgKrnl","10011","정보",,""
"09:31:04.6370222","DxgKrnl","10011","정보",,""
"09:31:04.6370383","DxgKrnl","10011","정보",,""
"09:31:04.6370441","DxgKrnl","10011","정보",,""
"09:31:04.6370449","DxgKrnl","10011","정보",,""
"09:31:04.6377656","DxgKrnl","10011","정보",,""
"09:31:04.6378423","DxgKrnl","10011","정보",,""
"09:31:04.6418511","DxgKrnl","10011","정보",,""
"09:31:04.6423455","DxgKrnl","10011","정보",,""
"09:31:04.6433472","DxgKrnl","10011","정보",,""
"09:31:04.6434113","DxgKrnl","10011","정보",,""
"09:31:04.6474723","DxgKrnl","10011","정보",,""
"09:31:04.6475313","DxgKrnl","10011","정보",,""
"09:31:04.6476019","DxgKrnl","10011","정보",,""
"09:31:04.6476075","DxgKrnl","10011","정보",,""
"09:31:04.6476097","DxgKrnl","10011","정보",,""
"09:31:04.6520959","DxgKrnl","10011","정보",,""
"09:31:04.6521594","DxgKrnl","10011","정보",,""
"09:31:04.6551077","DxgKrnl","10011","정보",,""
"09:31:04.6551661","DxgKrnl","10011","정보",,""
"09:31:04.6551964","DxgKrnl","10011","정보",,""
"09:31:04.6554332","DxgKrnl","10011","정보",,""
"09:31:04.6554377","DxgKrnl","10011","정보",,""
"09:31:04.6554399","DxgKrnl","10011","정보",,""
"09:31:04.6554447","DxgKrnl","10011","정보",,""
"09:31:04.6555335","DxgKrnl","10011","정보",,""
"09:31:04.6555741","DxgKrnl","10011","정보",,""
"09:31:04.6557613","DxgKrnl","10011","정보",,""
"09:31:04.6557626","DxgKrnl","10011","정보",,""
"09:31:04.6558377","DxgKrnl","10011","정보",,""
"09:31:04.6558400","DxgKrnl","10011","정보",,""
"09:31:04.6578609","DxgKrnl","10011","정보",,""
"09:31:04.6579692","DxgKrnl","10011","정보",,""
"09:31:04.6580498","DxgKrnl","10011","정보",,""
"09:31:04.6582116","DxgKrnl","10011","정보",,""
"09:31:04.6582164","DxgKrnl","10011","정보",,""
"09:31:04.6583880","DxgKrnl","10011","정보",,""
"09:31:04.6583940","DxgKrnl","10011","정보",,""
"09:31:04.6615906","DxgKrnl","10011","정보",,""
"09:31:04.6616556","DxgKrnl","10011","정보",,""
"09:31:04.6666366","DxgKrnl","10011","정보",,""
"09:31:04.6674592","DxgKrnl","10011","정보",,""
"09:31:04.6692371","DxgKrnl","10011","정보",,""
"09:31:04.6706062","DxgKrnl","10011","정보",,""
"09:31:04.6706232","DxgKrnl","10011","정보",,""
"09:31:04.6706279","DxgKrnl","10011","정보",,""
"09:31:04.6706286","DxgKrnl","10011","정보",,""
"09:31:04.6707095","DxgKrnl","10011","정보",,""
"09:31:04.6708872","DxgKrnl","10011","정보",,""
"09:31:04.6747599","DxgKrnl","10011","정보",,""
"09:31:04.6748037","DxgKrnl","10011","정보",,""
"09:31:04.6754976","DxgKrnl","10011","정보",,""
"09:31:04.6755330","DxgKrnl","10011","정보",,""
"09:31:04.6795439","DxgKrnl","10011","정보",,""
"09:31:04.6795671","DxgKrnl","10011","정보",,""
"09:31:04.6796934","DxgKrnl","10011","정보",,""
"09:31:04.6796962","DxgKrnl","10011","정보",,""
"09:31:04.6860789","DxgKrnl","10011","정보",,""
"09:31:04.6873025","DxgKrnl","10011","정보",,""
"09:31:04.6873759","DxgKrnl","10011","정보",,""
"09:31:04.6873828","DxgKrnl","10011","정보",,""
"09:31:04.6873850","DxgKrnl","10011","정보",,""
"09:31:04.6919432","DxgKrnl","10011","정보",,""
"09:31:04.6920080","DxgKrnl","10011","정보",,""
"09:31:04.6982801","DxgKrnl","10011","정보",,""
"09:31:04.6983520","DxgKrnl","10011","정보",,""
"09:31:04.6983915","DxgKrnl","10011","정보",,""
"09:31:04.6994470","DxgKrnl","10011","정보",,""
"09:31:04.6994959","DxgKrnl","10011","정보",,""
"09:31:04.6995599","DxgKrnl","10011","정보",,""
"09:31:04.6996111","DxgKrnl","10011","정보",,""
"09:31:04.6996123","DxgKrnl","10011","정보",,""
"09:31:04.6996638","DxgKrnl","10011","정보",,""
"09:31:04.6996663","DxgKrnl","10011","정보",,""
"09:31:04.6997154","DxgKrnl","10011","정보",,""
"09:31:04.6997202","DxgKrnl","10011","정보",,""
"09:31:04.6997690","DxgKrnl","10011","정보",,""
"09:31:04.7013938","DxgKrnl","10011","정보",,""
"09:31:04.7014656","DxgKrnl","10011","정보",,""
"09:31:04.7014697","DxgKrnl","10011","정보",,""
"09:31:04.7014735","DxgKrnl","10011","정보",,""
"09:31:04.7014875","DxgKrnl","10011","정보",,""
"09:31:04.7017063","DxgKrnl","10011","정보",,""
"09:31:04.7017202","DxgKrnl","10011","정보",,""
"09:31:04.7017241","DxgKrnl","10011","정보",,""
"09:31:04.7083438","DxgKrnl","10011","정보",,""
"09:31:04.7084072","DxgKrnl","10011","정보",,""
"09:31:04.7092956","DxgKrnl","10011","정보",,""
"09:31:04.7093724","DxgKrnl","10011","정보",,""
"09:31:04.7094914","DxgKrnl","10011","정보",,""
"09:31:04.7096375","DxgKrnl","10011","정보",,""
"09:31:04.7097062","DxgKrnl","10011","정보",,""
"09:31:04.7135064","DxgKrnl","10011","정보",,""
"09:31:04.7135968","DxgKrnl","10011","정보",,""
"09:31:04.7498180","DxgKrnl","10011","정보",,""
"09:31:04.7498800","DxgKrnl","10011","정보",,""
"09:31:04.7512899","DxgKrnl","10011","정보",,""
"09:31:04.7522570","DxgKrnl","10011","정보",,""
"09:31:04.7580937","DxgKrnl","10011","정보",,""
"09:31:04.7581880","DxgKrnl","10011","정보",,""
"09:31:04.7654109","DxgKrnl","10011","정보",,""
"09:31:04.7654921","DxgKrnl","10011","정보",,""
"09:31:04.7842132","DxgKrnl","10011","정보",,""
"09:31:04.7842786","DxgKrnl","10011","정보",,""
"09:31:04.7992877","DxgKrnl","10011","정보",,""
"09:31:04.7993552","DxgKrnl","10011","정보",,""
"09:31:04.7994211","DxgKrnl","10011","정보",,""
"09:31:04.7994260","DxgKrnl","10011","정보",,""
"09:31:04.7994282","DxgKrnl","10011","정보",,""
"09:31:04.8031071","DxgKrnl","10011","정보",,""
"09:31:04.8031647","DxgKrnl","10011","정보",,""
"09:31:04.8086086","DxgKrnl","10011","정보",,""
"09:31:04.8086912","DxgKrnl","10011","정보",,""
"09:31:04.8087450","DxgKrnl","10011","정보",,""
"09:31:04.8098402","DxgKrnl","10011","정보",,""
"09:31:04.8098909","DxgKrnl","10011","정보",,""
"09:31:04.8099508","DxgKrnl","10011","정보",,""
"09:31:04.8100045","DxgKrnl","10011","정보",,""
"09:31:04.8100183","DxgKrnl","10011","정보",,""
"09:31:04.8100715","DxgKrnl","10011","정보",,""
"09:31:04.8100731","DxgKrnl","10011","정보",,""
"09:31:04.8101259","DxgKrnl","10011","정보",,""
"09:31:04.8101301","DxgKrnl","10011","정보",,""
"09:31:04.8101821","DxgKrnl","10011","정보",,""
"09:31:04.8118348","DxgKrnl","10011","정보",,""
"09:31:04.8118430","DxgKrnl","10011","정보",,""
"09:31:04.8122058","DxgKrnl","10011","정보",,""
"09:31:04.8122705","DxgKrnl","10011","정보",,""
"09:31:04.8148264","DxgKrnl","10011","정보",,""
"09:31:04.8148904","DxgKrnl","10011","정보",,""
"09:31:04.8152285","DxgKrnl","10011","정보",,""
"09:31:04.8168543","DxgKrnl","10011","정보",,""
"09:31:04.8169139","DxgKrnl","10011","정보",,""
"09:31:04.8171130","DxgKrnl","10011","정보",,""
"09:31:04.8171146","DxgKrnl","10011","정보",,""
"09:31:04.8171162","DxgKrnl","10011","정보",,""
"09:31:04.8173204","DxgKrnl","10011","정보",,""
"09:31:04.8174497","DxgKrnl","10011","정보",,""
"09:31:04.8174550","DxgKrnl","10011","정보",,""
"09:31:04.8174573","DxgKrnl","10011","정보",,""
"09:31:04.8175319","DxgKrnl","10011","정보",,""
"09:31:04.8209256","DxgKrnl","10011","정보",,""
"09:31:04.8214529","DxgKrnl","10011","정보",,""
"09:31:04.8228634","DxgKrnl","10011","정보",,""
"09:31:04.8229393","DxgKrnl","10011","정보",,""
"09:31:04.8300370","DxgKrnl","10011","정보",,""
"09:31:04.8302608","DxgKrnl","10011","정보",,""
"09:31:05.1496698","DxgKrnl","10011","정보",,""
"09:31:05.1498006","DxgKrnl","10011","정보",,""
"09:31:05.1498034","DxgKrnl","10011","정보",,""
"09:31:05.1498828","DxgKrnl","10011","정보",,""
"09:31:05.1498861","DxgKrnl","10011","정보",,""
"09:31:05.1499598","DxgKrnl","10011","정보",,""
"09:31:05.1499867","DxgKrnl","10011","정보",,""
"09:31:05.1500620","DxgKrnl","10011","정보",,""
"09:33:18.9880662","Kernel-PnP","220","시작",,"Begin querying bus relations for device HTREE\ROOT\0"
"09:33:18.9883862","Kernel-PnP","222","시작",,"End querying bus relations for device HTREE\ROOT\0"
"09:33:18.9890727","Kernel-PnP","220","시작",,"Begin querying bus relations for device SWD\MSRRAS\{5e259276-bc7e-40e3-b93b-8f89b5f3abc0}"
"09:33:18.9890738","Kernel-PnP","222","시작",,"End querying bus relations for device SWD\MSRRAS\{5e259276-bc7e-40e3-b93b-8f89b5f3abc0}"
"09:33:20.8152146","Kernel-PnP","808","시작",,"End device add, status (STATUS_SUCCESS)"
"09:33:21.6026325","Kernel-PnP","220","시작",,"Begin querying bus relations for device SWD\MSRRAS\{5e259276-bc7e-40e3-b93b-8f89b5f3abc0}"
"09:33:21.6026347","Kernel-PnP","222","시작",,"End querying bus relations for device SWD\MSRRAS\{5e259276-bc7e-40e3-b93b-8f89b5f3abc0}"
"09:33:22.0240903","Kernel-PnP","220","시작",,"Begin querying bus relations for device SWD\MSRRAS\{5e259276-bc7e-40e3-b93b-8f89b5f3abc0}"
"09:33:22.0240929","Kernel-PnP","222","시작",,"End querying bus relations for device SWD\MSRRAS\{5e259276-bc7e-40e3-b93b-8f89b5f3abc0}"
"09:33:22.0641965","Kernel-PnP","808","시작",,"End device add, status (STATUS_SUCCESS)"
"09:33:22.0659298","Kernel-PnP","220","시작",,"Begin querying bus relations for device SWD\MSRRAS\{5e259276-bc7e-40e3-b93b-8f89b5f3abc0}"
"09:33:22.0659316","Kernel-PnP","222","시작",,"End querying bus relations for device SWD\MSRRAS\{5e259276-bc7e-40e3-b93b-8f89b5f3abc0}"
"09:33:22.1039333","Kernel-PnP","808","시작",,"End device add, status (STATUS_SUCCESS)"
"09:33:22.1058553","Kernel-PnP","220","시작",,"Begin querying bus relations for device SWD\MSRRAS\{5e259276-bc7e-40e3-b93b-8f89b5f3abc0}"
"09:33:22.1058573","Kernel-PnP","222","시작",,"End querying bus relations for device SWD\MSRRAS\{5e259276-bc7e-40e3-b93b-8f89b5f3abc0}"
"09:33:22.1450854","Kernel-PnP","808","시작",,"End device add, status (STATUS_SUCCESS)"
"09:33:22.1468578","Kernel-PnP","220","시작",,"Begin querying bus relations for device SWD\MSRRAS\{5e259276-bc7e-40e3-b93b-8f89b5f3abc0}"
"09:33:22.1468596","Kernel-PnP","222","시작",,"End querying bus relations for device SWD\MSRRAS\{5e259276-bc7e-40e3-b93b-8f89b5f3abc0}"
"09:33:22.1845823","Kernel-PnP","808","시작",,"End device add, status (STATUS_SUCCESS)"
"09:33:22.1861415","Kernel-PnP","220","시작",,"Begin querying bus relations for device SWD\MSRRAS\{5e259276-bc7e-40e3-b93b-8f89b5f3abc0}"
"09:33:22.1861434","Kernel-PnP","222","시작",,"End querying bus relations for device SWD\MSRRAS\{5e259276-bc7e-40e3-b93b-8f89b5f3abc0}"
"09:33:22.2637127","Kernel-PnP","808","시작",,"End device add, status (STATUS_SUCCESS)"
"09:33:22.2655363","Kernel-PnP","220","시작",,"Begin querying bus relations for device SWD\MSRRAS\{5e259276-bc7e-40e3-b93b-8f89b5f3abc0}"
"09:33:22.2655384","Kernel-PnP","222","시작",,"End querying bus relations for device SWD\MSRRAS\{5e259276-bc7e-40e3-b93b-8f89b5f3abc0}"
"09:33:22.2671821","Kernel-PnP","808","시작",,"End device add, status (STATUS_SUCCESS)"
"09:33:22.2689314","Kernel-PnP","220","시작",,"Begin querying bus relations for device SWD\MSRRAS\{5e259276-bc7e-40e3-b93b-8f89b5f3abc0}"
"09:33:22.2689334","Kernel-PnP","222","시작",,"End querying bus relations for device SWD\MSRRAS\{5e259276-bc7e-40e3-b93b-8f89b5f3abc0}"
"09:33:22.2704585","Kernel-PnP","808","시작",,"End device add, status (STATUS_SUCCESS)"
"09:47:06.0011598","DxgKrnl","10011","정보",,""
"09:47:06.0011699","DxgKrnl","10011","정보",,""
"09:47:06.0011706","DxgKrnl","10011","정보",,""
"09:47:06.0011712","DxgKrnl","10011","정보",,""
"09:47:06.0011718","DxgKrnl","10011","정보",,""
"09:47:06.0011724","DxgKrnl","10011","정보",,""
"09:47:06.0011728","DxgKrnl","10011","정보",,""
"09:47:06.0011734","DxgKrnl","10011","정보",,""
"09:47:06.0011739","DxgKrnl","10011","정보",,""
"09:47:06.0011745","DxgKrnl","10011","정보",,""
"09:47:06.0011751","DxgKrnl","10011","정보",,""
"09:47:06.2083162","DxgKrnl","10011","정보",,""
"09:47:06.2083637","DxgKrnl","10011","정보",,""
"09:47:06.2083765","DxgKrnl","10011","정보",,""
"09:47:06.2196589","DxgKrnl","10011","정보",,""
"09:47:06.2196667","DxgKrnl","10011","정보",,""
"09:47:06.2196682","DxgKrnl","10011","정보",,""
"09:47:06.2196691","DxgKrnl","10011","정보",,""
"09:47:06.2196702","DxgKrnl","10011","정보",,""
"09:47:06.2196712","DxgKrnl","10011","정보",,""
"09:47:06.2196721","DxgKrnl","10011","정보",,""
"09:47:06.2196731","DxgKrnl","10011","정보",,""
"09:47:06.2196741","DxgKrnl","10011","정보",,""
"09:47:06.2196751","DxgKrnl","10011","정보",,""
"09:47:06.2196811","DxgKrnl","10011","정보",,""
"09:47:06.2196853","DxgKrnl","10011","정보",,""
"09:47:06.2196863","DxgKrnl","10011","정보",,""
"09:47:06.2196874","DxgKrnl","10011","정보",,""
"09:47:06.2196896","DxgKrnl","10011","정보",,""
"09:47:06.2220284","DxgKrnl","10011","정보",,""
"09:47:06.2221061","DxgKrnl","10011","정보",,""
"09:47:06.2236606","DxgKrnl","10011","정보",,""
"09:47:06.2237440","DxgKrnl","10011","정보",,""
"09:47:06.2664668","DxgKrnl","10011","정보",,""
"09:47:06.2670590","DxgKrnl","10011","정보",,""
"09:47:34.3094156","Kernel-PnP","220","시작",,"Begin querying bus relations for device PCI\VEN_1002&DEV_7550&SUBSYS_E4891DA2&REV_C0\6&8916a45&0&00000009"
"09:47:34.3096292","DxgKrnl","10011","정보",,""
"09:47:34.3097229","DxgKrnl","10011","정보",,""
"09:47:34.4021786","Kernel-PnP","222","시작",,"End querying bus relations for device PCI\VEN_1002&DEV_7550&SUBSYS_E4891DA2&REV_C0\6&8916a45&0&00000009"
"09:47:34.4023504","DxgKrnl","10011","정보",,""
"09:47:34.4023539","DxgKrnl","10011","정보",,""
"09:47:34.4023649","Kernel-PnP","1010","시작",,"버스에 누락 된 것으로 보고 된 장치 DISPLAY\SAM79DF\7&16b8ddb4&0&UID256이 (가) 제거 되었습니다. 제거 된 장치 수 | 개수: 1"
"09:47:34.4025091","DxgKrnl","10011","정보",,""
"09:47:34.4026392","DxgKrnl","10011","정보",,""
"09:47:34.4030427","Kernel-PnP","220","시작",,"Begin querying bus relations for device SWD\DRIVERENUM\AMDCP&7&16b8ddb4&0"
"09:47:34.4030462","Kernel-PnP","222","시작",,"End querying bus relations for device SWD\DRIVERENUM\AMDCP&7&16b8ddb4&0"
"09:47:34.4030650","Kernel-PnP","220","시작",,"Begin querying bus relations for device SWD\DRIVERENUM\AMDFDANS&7&16b8ddb4&0"
"09:47:34.4030671","Kernel-PnP","222","시작",,"End querying bus relations for device SWD\DRIVERENUM\AMDFDANS&7&16b8ddb4&0"
"09:47:34.4030750","Kernel-PnP","220","시작",,"Begin querying bus relations for device SWD\DRIVERENUM\AMDOCL&7&16b8ddb4&0"
"09:47:34.4030760","Kernel-PnP","222","시작",,"End querying bus relations for device SWD\DRIVERENUM\AMDOCL&7&16b8ddb4&0"
"09:47:34.4030815","Kernel-PnP","220","시작",,"Begin querying bus relations for device SWD\DRIVERENUM\AMDOGL&7&16b8ddb4&0"
"09:47:34.4030822","Kernel-PnP","222","시작",,"End querying bus relations for device SWD\DRIVERENUM\AMDOGL&7&16b8ddb4&0"
"09:47:34.4030876","Kernel-PnP","220","시작",,"Begin querying bus relations for device SWD\DRIVERENUM\AMDVLK&7&16b8ddb4&0"
"09:47:34.4030885","Kernel-PnP","222","시작",,"End querying bus relations for device SWD\DRIVERENUM\AMDVLK&7&16b8ddb4&0"
"09:47:34.4030938","Kernel-PnP","220","시작",,"Begin querying bus relations for device SWD\DRIVERENUM\AMDWIN&7&16b8ddb4&0"
"09:47:34.4030949","Kernel-PnP","222","시작",,"End querying bus relations for device SWD\DRIVERENUM\AMDWIN&7&16b8ddb4&0"
"09:47:34.4031000","Kernel-PnP","220","시작",,"Begin querying bus relations for device DISPLAY\BBC0104\7&16b8ddb4&0&UID265"
"09:47:34.4031057","Kernel-PnP","222","시작",,"End querying bus relations for device DISPLAY\BBC0104\7&16b8ddb4&0&UID265"
"09:47:34.4031112","Kernel-PnP","220","시작",,"Begin querying bus relations for device DISPLAY\SAM7B0C\7&16b8ddb4&0&UID260"
"09:47:34.4031143","Kernel-PnP","222","시작",,"End querying bus relations for device DISPLAY\SAM7B0C\7&16b8ddb4&0&UID260"
"09:47:34.4033809","DxgKrnl","10011","정보",,""
"09:47:34.4034802","DxgKrnl","10011","정보",,""
"09:47:34.4044660","DxgKrnl","10011","정보",,""
"09:47:34.4045696","Kernel-PnP","808","시작",,"End device add, status (STATUS_SUCCESS)"
"09:47:34.4045736","DxgKrnl","10011","정보",,""
"09:47:34.4050293","Kernel-PnP","220","시작",,"Begin querying bus relations for device DISPLAY\SAM79DF\7&16b8ddb4&0&UID256"
"09:47:34.4050332","Kernel-PnP","222","시작",,"End querying bus relations for device DISPLAY\SAM79DF\7&16b8ddb4&0&UID256"
"09:47:34.4053145","DxgKrnl","10011","정보",,""
"09:47:34.4097047","DxgKrnl","10011","정보",,""
"09:47:34.4097896","DxgKrnl","10011","정보",,""
"09:47:34.4220360","DxgKrnl","10011","정보",,""
"09:47:34.4220683","DxgKrnl","10011","정보",,""
"09:47:34.4221433","DxgKrnl","10011","정보",,""
"09:47:34.4221493","DxgKrnl","10011","정보",,""
"09:47:34.4221516","DxgKrnl","10011","정보",,""
"09:47:34.4267001","DxgKrnl","10011","정보",,""
"09:47:34.4267657","DxgKrnl","10011","정보",,""
"09:47:34.4632698","DxgKrnl","10011","정보",,""
"09:47:34.4633537","DxgKrnl","10011","정보",,""
"09:47:34.4634292","DxgKrnl","10011","정보",,""
"09:47:34.4648678","DxgKrnl","10011","정보",,""
"09:47:34.4649386","DxgKrnl","10011","정보",,""
"09:47:34.4650147","DxgKrnl","10011","정보",,""
"09:47:34.4650710","DxgKrnl","10011","정보",,""
"09:47:34.4650739","DxgKrnl","10011","정보",,""
"09:47:34.4651330","DxgKrnl","10011","정보",,""
"09:47:34.4651354","DxgKrnl","10011","정보",,""
"09:47:34.4651880","DxgKrnl","10011","정보",,""
"09:47:34.4651981","DxgKrnl","10011","정보",,""
"09:47:34.4652503","DxgKrnl","10011","정보",,""
"09:47:34.4671141","DxgKrnl","10011","정보",,""
"09:47:34.4671165","DxgKrnl","10011","정보",,""
"09:47:34.4671331","DxgKrnl","10011","정보",,""
"09:47:34.4671546","DxgKrnl","10011","정보",,""
"09:47:34.4675229","DxgKrnl","10011","정보",,""
"09:47:34.4675375","DxgKrnl","10011","정보",,""
"09:47:34.4675383","DxgKrnl","10011","정보",,""
"09:47:34.4675390","DxgKrnl","10011","정보",,""
"09:47:34.4726564","DxgKrnl","10011","정보",,""
"09:47:34.4727277","DxgKrnl","10011","정보",,""
"09:47:34.4862177","DxgKrnl","10011","정보",,""
"09:47:34.4862909","DxgKrnl","10011","정보",,""
"09:47:34.4862923","DxgKrnl","10011","정보",,""
"09:47:34.4863469","DxgKrnl","10011","정보",,""
"09:47:34.4863514","DxgKrnl","10011","정보",,""
"09:47:34.4864043","DxgKrnl","10011","정보",,""
"09:47:34.4864154","DxgKrnl","10011","정보",,""
"09:47:34.4864680","DxgKrnl","10011","정보",,""
"09:47:34.4871071","DxgKrnl","10011","정보",,""
"09:47:34.4871652","DxgKrnl","10011","정보",,""
"09:47:34.4923737","DxgKrnl","10011","정보",,""
"09:47:34.4938615","DxgKrnl","10011","정보",,""
"09:47:34.4959060","DxgKrnl","10011","정보",,""
"09:47:34.4959068","DxgKrnl","10011","정보",,""
"09:47:34.4965453","DxgKrnl","10011","정보",,""
"09:47:34.5003627","DxgKrnl","10011","정보",,""
"09:47:34.5018619","DxgKrnl","10011","정보",,""
"09:47:34.5019279","DxgKrnl","10011","정보",,""
"09:47:34.5659127","DxgKrnl","10011","정보",,""
"09:47:34.5659700","DxgKrnl","10011","정보",,""
"09:47:34.5660582","DxgKrnl","10011","정보",,""
"09:47:34.5672522","DxgKrnl","10011","정보",,""
"09:47:34.5673659","DxgKrnl","10011","정보",,""
"09:47:34.5679863","DxgKrnl","10011","정보",,""
"09:47:34.5680163","DxgKrnl","10011","정보",,""
"09:47:34.5680975","DxgKrnl","10011","정보",,""
"09:47:34.5684719","DxgKrnl","10011","정보",,""
"09:47:34.5698922","DxgKrnl","10011","정보",,""
"09:47:34.5699695","DxgKrnl","10011","정보",,""
"09:47:34.5700117","DxgKrnl","10011","정보",,""
"09:47:34.5709107","DxgKrnl","10011","정보",,""
"09:47:34.5709856","DxgKrnl","10011","정보",,""
"09:47:34.5710627","DxgKrnl","10011","정보",,""
"09:47:34.5788635","DxgKrnl","10011","정보",,""
"09:47:34.5789406","DxgKrnl","10011","정보",,""
"09:47:34.5801851","DxgKrnl","10011","정보",,""
"09:47:34.5802896","DxgKrnl","10011","정보",,""
"09:47:34.5813802","DxgKrnl","10011","정보",,""
"09:47:34.5814614","DxgKrnl","10011","정보",,""
"09:47:34.5841386","DxgKrnl","10011","정보",,""
"09:47:34.5859040","DxgKrnl","10011","정보",,""
"09:47:34.5859174","DxgKrnl","10011","정보",,""
"09:47:34.5859184","DxgKrnl","10011","정보",,""
"09:47:34.5862953","DxgKrnl","10011","정보",,""
"09:47:34.5864078","DxgKrnl","10011","정보",,""
"09:47:34.5886005","DxgKrnl","10011","정보",,""
"09:47:34.5886031","DxgKrnl","10011","정보",,""
"09:47:34.5889281","DxgKrnl","10011","정보",,""
"09:47:34.5889389","DxgKrnl","10011","정보",,""
"09:47:34.5963961","DxgKrnl","10011","정보",,""
"09:47:34.5964631","DxgKrnl","10011","정보",,""
"09:47:34.5966761","DxgKrnl","10011","정보",,""
"09:47:34.5966876","DxgKrnl","10011","정보",,""
"09:47:34.5967130","DxgKrnl","10011","정보",,""
"09:47:34.5968457","DxgKrnl","10011","정보",,""
"09:47:34.5969355","DxgKrnl","10011","정보",,""
"09:47:34.6001113","DxgKrnl","10011","정보",,""
"09:47:34.6014517","DxgKrnl","10011","정보",,""
"09:47:34.6014655","DxgKrnl","10011","정보",,""
"09:47:34.6014662","DxgKrnl","10011","정보",,""
"09:47:34.6015554","DxgKrnl","10011","정보",,""
"09:47:34.6016354","DxgKrnl","10011","정보",,""
"09:47:34.6035224","DxgKrnl","10011","정보",,""
"09:47:34.6036001","DxgKrnl","10011","정보",,""
"09:47:34.6756954","DxgKrnl","10011","정보",,""
"09:47:34.6757751","DxgKrnl","10011","정보",,""
"09:47:34.6757781","DxgKrnl","10011","정보",,""
"09:47:34.6758341","DxgKrnl","10011","정보",,""
"09:47:34.6758365","DxgKrnl","10011","정보",,""
"09:47:34.6758955","DxgKrnl","10011","정보",,""
"09:47:34.6759289","DxgKrnl","10011","정보",,""
"09:47:34.6759827","DxgKrnl","10011","정보",,""
"09:47:34.7286363","DxgKrnl","10011","정보",,""
"09:47:34.7296258","DxgKrnl","10011","정보",,""
"09:47:34.7460384","DxgKrnl","10011","정보",,""
"09:47:34.7461037","DxgKrnl","10011","정보",,""
"09:48:00.5610544","Kernel-PnP","220","시작",,"Begin querying bus relations for device PCI\VEN_1002&DEV_7550&SUBSYS_E4891DA2&REV_C0\6&8916a45&0&00000009"
"09:48:00.5976809","DxgKrnl","10011","정보",,""
"09:48:00.5976827","DxgKrnl","10011","정보",,""
"09:48:00.5978889","DxgKrnl","10011","정보",,""
"09:48:00.5978957","DxgKrnl","10011","정보",,""
"09:48:00.5986621","DxgKrnl","10011","정보",,""
"09:48:00.5988681","DxgKrnl","10011","정보",,""
"09:48:00.6020558","DxgKrnl","10011","정보",,""
"09:48:00.6021882","DxgKrnl","10011","정보",,""
"09:48:00.6024858","Kernel-PnP","222","시작",,"End querying bus relations for device PCI\VEN_1002&DEV_7550&SUBSYS_E4891DA2&REV_C0\6&8916a45&0&00000009"
"09:48:00.6026552","Kernel-PnP","1010","시작",,"버스에 누락 된 것으로 보고 된 장치 DISPLAY\SAM7B0C\7&16b8ddb4&0&UID260이 (가) 제거 되었습니다. 제거 된 장치 수 | 개수: 1"
"09:48:00.6031531","Kernel-PnP","220","시작",,"Begin querying bus relations for device SWD\DRIVERENUM\AMDCP&7&16b8ddb4&0"
"09:48:00.6031554","Kernel-PnP","222","시작",,"End querying bus relations for device SWD\DRIVERENUM\AMDCP&7&16b8ddb4&0"
"09:48:00.6031847","Kernel-PnP","220","시작",,"Begin querying bus relations for device SWD\DRIVERENUM\AMDFDANS&7&16b8ddb4&0"
"09:48:00.6031872","Kernel-PnP","222","시작",,"End querying bus relations for device SWD\DRIVERENUM\AMDFDANS&7&16b8ddb4&0"
"09:48:00.6031943","Kernel-PnP","220","시작",,"Begin querying bus relations for device SWD\DRIVERENUM\AMDOCL&7&16b8ddb4&0"
"09:48:00.6031953","Kernel-PnP","222","시작",,"End querying bus relations for device SWD\DRIVERENUM\AMDOCL&7&16b8ddb4&0"
"09:48:00.6032023","Kernel-PnP","220","시작",,"Begin querying bus relations for device SWD\DRIVERENUM\AMDOGL&7&16b8ddb4&0"
"09:48:00.6032032","Kernel-PnP","222","시작",,"End querying bus relations for device SWD\DRIVERENUM\AMDOGL&7&16b8ddb4&0"
"09:48:00.6032089","Kernel-PnP","220","시작",,"Begin querying bus relations for device SWD\DRIVERENUM\AMDVLK&7&16b8ddb4&0"
"09:48:00.6032099","Kernel-PnP","222","시작",,"End querying bus relations for device SWD\DRIVERENUM\AMDVLK&7&16b8ddb4&0"
"09:48:00.6032160","Kernel-PnP","220","시작",,"Begin querying bus relations for device SWD\DRIVERENUM\AMDWIN&7&16b8ddb4&0"
"09:48:00.6032169","Kernel-PnP","222","시작",,"End querying bus relations for device SWD\DRIVERENUM\AMDWIN&7&16b8ddb4&0"
"09:48:00.6032228","Kernel-PnP","220","시작",,"Begin querying bus relations for device DISPLAY\BBC0104\7&16b8ddb4&0&UID265"
"09:48:00.6032283","Kernel-PnP","222","시작",,"End querying bus relations for device DISPLAY\BBC0104\7&16b8ddb4&0&UID265"
"09:48:00.6032383","Kernel-PnP","220","시작",,"Begin querying bus relations for device DISPLAY\SAM79DF\7&16b8ddb4&0&UID256"
"09:48:00.6032431","Kernel-PnP","222","시작",,"End querying bus relations for device DISPLAY\SAM79DF\7&16b8ddb4&0&UID256"
"09:48:00.6074031","DxgKrnl","10011","정보",,""
"09:48:00.6074281","DxgKrnl","10011","정보",,""
"09:48:00.6074927","DxgKrnl","10011","정보",,""
"09:48:00.6074967","DxgKrnl","10011","정보",,""
"09:48:00.6074990","DxgKrnl","10011","정보",,""
"09:48:00.6078137","DxgKrnl","10011","정보",,""
"09:48:00.6078688","DxgKrnl","10011","정보",,""
"09:48:00.6454710","DxgKrnl","10011","정보",,""
"09:48:00.6455231","DxgKrnl","10011","정보",,""
"09:48:00.6455825","DxgKrnl","10011","정보",,""
"09:48:00.6462796","DxgKrnl","10011","정보",,""
"09:48:00.6463109","DxgKrnl","10011","정보",,""
"09:48:00.6464336","DxgKrnl","10011","정보",,""
"09:48:00.6464716","DxgKrnl","10011","정보",,""
"09:48:00.6464734","DxgKrnl","10011","정보",,""
"09:48:00.6465061","DxgKrnl","10011","정보",,""
"09:48:00.6482904","DxgKrnl","10011","정보",,""
"09:48:00.6482928","DxgKrnl","10011","정보",,""
"09:48:00.6483183","DxgKrnl","10011","정보",,""
"09:48:00.6484235","DxgKrnl","10011","정보",,""
"09:48:00.6484935","DxgKrnl","10011","정보",,""
"09:48:00.6484963","DxgKrnl","10011","정보",,""
"09:48:00.6530372","DxgKrnl","10011","정보",,""
"09:48:00.6530988","DxgKrnl","10011","정보",,""
"09:48:00.6577346","DxgKrnl","10011","정보",,""
"09:48:00.6578094","DxgKrnl","10011","정보",,""
"09:48:00.6578108","DxgKrnl","10011","정보",,""
"09:48:00.6578438","DxgKrnl","10011","정보",,""
"09:48:00.6584077","DxgKrnl","10011","정보",,""
"09:48:00.6584387","DxgKrnl","10011","정보",,""
"09:48:00.6618289","DxgKrnl","10011","정보",,""
"09:48:00.6632722","DxgKrnl","10011","정보",,""
"09:48:00.6634400","DxgKrnl","10011","정보",,""
"09:48:00.6634887","DxgKrnl","10011","정보",,""
"09:48:00.6653145","DxgKrnl","10011","정보",,""
"09:48:00.6653589","DxgKrnl","10011","정보",,""
"09:48:00.6657776","DxgKrnl","10011","정보",,""
"09:48:00.6664345","DxgKrnl","10011","정보",,""
"09:48:00.8396154","DxgKrnl","10011","정보",,""
"09:48:00.8448229","DxgKrnl","10011","정보",,""
"09:48:00.8449009","DxgKrnl","10011","정보",,""
"09:48:00.8450377","DxgKrnl","10011","정보",,""
"09:48:00.8452046","DxgKrnl","10011","정보",,""
"09:48:00.8453385","DxgKrnl","10011","정보",,""
"09:48:00.8454563","DxgKrnl","10011","정보",,""
"09:48:00.8455884","DxgKrnl","10011","정보",,""
"09:48:00.8456733","DxgKrnl","10011","정보",,""
"09:48:00.8457751","DxgKrnl","10011","정보",,""
"09:48:00.8459925","DxgKrnl","10011","정보",,""
"09:48:00.8460317","DxgKrnl","10011","정보",,""
"09:48:00.8465417","DxgKrnl","10011","정보",,""
"09:48:00.8465888","DxgKrnl","10011","정보",,""
"09:48:00.8475899","DxgKrnl","10011","정보",,""
"09:48:00.8476278","DxgKrnl","10011","정보",,""
"09:48:00.8476861","DxgKrnl","10011","정보",,""
"09:48:00.8477882","DxgKrnl","10011","정보",,""
"09:48:00.8478348","DxgKrnl","10011","정보",,""
"09:48:00.8538156","DxgKrnl","10011","정보",,""
"09:48:00.8539541","DxgKrnl","10011","정보",,""
"09:48:00.8563437","DxgKrnl","10011","정보",,""
"09:48:00.8563854","DxgKrnl","10011","정보",,""
"09:48:00.8622866","DxgKrnl","10011","정보",,""
"09:48:00.8623315","DxgKrnl","10011","정보",,""
"09:48:00.8641675","DxgKrnl","10011","정보",,""
"09:48:00.8642773","DxgKrnl","10011","정보",,""
"09:48:00.8653348","DxgKrnl","10011","정보",,""
"09:48:00.8657784","DxgKrnl","10011","정보",,""
"09:48:00.8657897","DxgKrnl","10011","정보",,""
"09:48:00.8657905","DxgKrnl","10011","정보",,""
"09:48:00.8659344","DxgKrnl","10011","정보",,""
"09:48:00.8660081","DxgKrnl","10011","정보",,""
"09:48:00.8664126","DxgKrnl","10011","정보",,""
"09:48:00.8664974","DxgKrnl","10011","정보",,""
"09:48:00.8752642","DxgKrnl","10011","정보",,""
"09:48:00.8760145","DxgKrnl","10011","정보",,""
"09:48:00.8825822","DxgKrnl","10011","정보",,""
"09:48:00.8826249","DxgKrnl","10011","정보",,""
"09:48:03.8784235","DxgKrnl","10011","정보",,""
"09:48:04.1122819","Kernel-PnP","220","시작",,"Begin querying bus relations for device PCI\VEN_1002&DEV_7550&SUBSYS_E4891DA2&REV_C0\6&8916a45&0&00000009"
"09:48:04.1123670","DxgKrnl","10011","정보",,""
"09:48:04.1138104","DxgKrnl","10011","정보",,""
"09:48:04.1138913","DxgKrnl","10011","정보",,""
"09:48:04.1147481","DxgKrnl","10011","정보",,""
"09:48:04.1147916","DxgKrnl","10011","정보",,""
"09:48:04.1152659","DxgKrnl","10011","정보",,""
"09:48:04.1153055","DxgKrnl","10011","정보",,""
"09:48:04.1161113","DxgKrnl","10011","정보",,""
"09:48:04.1161571","DxgKrnl","10011","정보",,""
"09:48:04.1196582","Kernel-PnP","222","시작",,"End querying bus relations for device PCI\VEN_1002&DEV_7550&SUBSYS_E4891DA2&REV_C0\6&8916a45&0&00000009"
"09:48:04.1197138","Kernel-PnP","220","시작",,"Begin querying bus relations for device SWD\DRIVERENUM\AMDCP&7&16b8ddb4&0"
"09:48:04.1197154","Kernel-PnP","222","시작",,"End querying bus relations for device SWD\DRIVERENUM\AMDCP&7&16b8ddb4&0"
"09:48:04.1197211","Kernel-PnP","220","시작",,"Begin querying bus relations for device SWD\DRIVERENUM\AMDFDANS&7&16b8ddb4&0"
"09:48:04.1197220","Kernel-PnP","222","시작",,"End querying bus relations for device SWD\DRIVERENUM\AMDFDANS&7&16b8ddb4&0"
"09:48:04.1197264","Kernel-PnP","220","시작",,"Begin querying bus relations for device SWD\DRIVERENUM\AMDOCL&7&16b8ddb4&0"
"09:48:04.1197271","Kernel-PnP","222","시작",,"End querying bus relations for device SWD\DRIVERENUM\AMDOCL&7&16b8ddb4&0"
"09:48:04.1197315","Kernel-PnP","220","시작",,"Begin querying bus relations for device SWD\DRIVERENUM\AMDOGL&7&16b8ddb4&0"
"09:48:04.1197322","Kernel-PnP","222","시작",,"End querying bus relations for device SWD\DRIVERENUM\AMDOGL&7&16b8ddb4&0"
"09:48:04.1197363","Kernel-PnP","220","시작",,"Begin querying bus relations for device SWD\DRIVERENUM\AMDVLK&7&16b8ddb4&0"
"09:48:04.1197370","Kernel-PnP","222","시작",,"End querying bus relations for device SWD\DRIVERENUM\AMDVLK&7&16b8ddb4&0"
"09:48:04.1197416","Kernel-PnP","220","시작",,"Begin querying bus relations for device SWD\DRIVERENUM\AMDWIN&7&16b8ddb4&0"
"09:48:04.1197423","Kernel-PnP","222","시작",,"End querying bus relations for device SWD\DRIVERENUM\AMDWIN&7&16b8ddb4&0"
"09:48:04.1197466","Kernel-PnP","220","시작",,"Begin querying bus relations for device DISPLAY\BBC0104\7&16b8ddb4&0&UID265"
"09:48:04.1197511","Kernel-PnP","222","시작",,"End querying bus relations for device DISPLAY\BBC0104\7&16b8ddb4&0&UID265"
"09:48:04.1197571","Kernel-PnP","220","시작",,"Begin querying bus relations for device DISPLAY\SAM79DF\7&16b8ddb4&0&UID256"
"09:48:04.1197592","Kernel-PnP","222","시작",,"End querying bus relations for device DISPLAY\SAM79DF\7&16b8ddb4&0&UID256"
"09:48:04.1234911","DxgKrnl","10011","정보",,""
"09:48:04.1235308","DxgKrnl","10011","정보",,""
"09:48:04.1235865","DxgKrnl","10011","정보",,""
"09:48:04.1235932","DxgKrnl","10011","정보",,""
"09:48:04.1235962","DxgKrnl","10011","정보",,""
"09:48:04.1236218","Kernel-PnP","808","시작",,"End device add, status (STATUS_SUCCESS)"
"09:48:04.1273394","DxgKrnl","10011","정보",,""
"09:48:04.1273832","DxgKrnl","10011","정보",,""
"09:48:04.1275027","Kernel-PnP","220","시작",,"Begin querying bus relations for device DISPLAY\SAM7B0C\7&16b8ddb4&0&UID260"
"09:48:04.1275054","Kernel-PnP","222","시작",,"End querying bus relations for device DISPLAY\SAM7B0C\7&16b8ddb4&0&UID260"
"09:48:04.1277617","DxgKrnl","10011","정보",,""
"09:48:04.1469501","DxgKrnl","10011","정보",,""
"09:48:04.1470144","DxgKrnl","10011","정보",,""
"09:48:04.1470587","DxgKrnl","10011","정보",,""
"09:48:04.1483914","DxgKrnl","10011","정보",,""
"09:48:04.1484453","DxgKrnl","10011","정보",,""
"09:48:04.1485761","DxgKrnl","10011","정보",,""
"09:48:04.1486350","DxgKrnl","10011","정보",,""
"09:48:04.1486365","DxgKrnl","10011","정보",,""
"09:48:04.1486900","DxgKrnl","10011","정보",,""
"09:48:04.1486922","DxgKrnl","10011","정보",,""
"09:48:04.1487504","DxgKrnl","10011","정보",,""
"09:48:04.1487562","DxgKrnl","10011","정보",,""
"09:48:04.1488147","DxgKrnl","10011","정보",,""
"09:48:04.1508314","DxgKrnl","10011","정보",,""
"09:48:04.1508417","DxgKrnl","10011","정보",,""
"09:48:04.1508925","DxgKrnl","10011","정보",,""
"09:48:04.1511187","DxgKrnl","10011","정보",,""
"09:48:04.1512504","DxgKrnl","10011","정보",,""
"09:48:04.1512685","DxgKrnl","10011","정보",,""
"09:48:04.1559975","DxgKrnl","10011","정보",,""
"09:48:04.1560791","DxgKrnl","10011","정보",,""
"09:48:04.1560803","DxgKrnl","10011","정보",,""
"09:48:04.1561345","DxgKrnl","10011","정보",,""
"09:48:04.1561362","DxgKrnl","10011","정보",,""
"09:48:04.1561886","DxgKrnl","10011","정보",,""
"09:48:04.1561930","DxgKrnl","10011","정보",,""
"09:48:04.1562506","DxgKrnl","10011","정보",,""
"09:48:04.1566438","DxgKrnl","10011","정보",,""
"09:48:04.1566958","DxgKrnl","10011","정보",,""
"09:48:04.1568058","DxgKrnl","10011","정보",,""
"09:48:04.1568726","DxgKrnl","10011","정보",,""
"09:48:04.1608571","DxgKrnl","10011","정보",,""
"09:48:04.1609258","DxgKrnl","10011","정보",,""
"09:48:04.1704409","DxgKrnl","10011","정보",,""
"09:48:04.1711041","DxgKrnl","10011","정보",,""
"09:48:04.1744678","DxgKrnl","10011","정보",,""
"09:48:04.1745126","DxgKrnl","10011","정보",,""
"09:48:04.1745993","DxgKrnl","10011","정보",,""
"09:48:04.1746049","DxgKrnl","10011","정보",,""
"09:48:04.1746071","DxgKrnl","10011","정보",,""
"09:48:04.1788233","DxgKrnl","10011","정보",,""
"09:48:04.1788870","DxgKrnl","10011","정보",,""
"09:48:04.1817383","DxgKrnl","10011","정보",,""
"09:48:04.1817950","DxgKrnl","10011","정보",,""
"09:48:04.1818250","DxgKrnl","10011","정보",,""
"09:48:04.1819492","DxgKrnl","10011","정보",,""
"09:48:04.1819562","DxgKrnl","10011","정보",,""
"09:48:04.1819663","DxgKrnl","10011","정보",,""
"09:48:04.1819765","DxgKrnl","10011","정보",,""
"09:48:04.1821076","DxgKrnl","10011","정보",,""
"09:48:04.1821833","DxgKrnl","10011","정보",,""
"09:48:04.1821848","DxgKrnl","10011","정보",,""
"09:48:04.1822591","DxgKrnl","10011","정보",,""
"09:48:04.1823293","DxgKrnl","10011","정보",,""
"09:48:04.1823307","DxgKrnl","10011","정보",,""
"09:48:04.1850953","DxgKrnl","10011","정보",,""
"09:48:04.1852973","DxgKrnl","10011","정보",,""
"09:48:04.1914295","DxgKrnl","10011","정보",,""
"09:48:04.1915017","DxgKrnl","10011","정보",,""
"09:48:04.2904328","DxgKrnl","10011","정보",,""
"09:48:04.2914929","DxgKrnl","10011","정보",,""
"09:48:04.3739659","DxgKrnl","10011","정보",,""
"09:48:04.3744597","DxgKrnl","10011","정보",,""
"09:48:04.3750709","DxgKrnl","10011","정보",,""
"09:48:04.3751339","DxgKrnl","10011","정보",,""
"09:48:04.3758028","DxgKrnl","10011","정보",,""
"09:48:04.3758414","DxgKrnl","10011","정보",,""
"09:48:04.3759136","DxgKrnl","10011","정보",,""
"09:48:04.3760040","DxgKrnl","10011","정보",,""
"09:48:04.3760080","DxgKrnl","10011","정보",,""
"09:48:04.3767876","DxgKrnl","10011","정보",,""
"09:48:04.3768480","DxgKrnl","10011","정보",,""
"09:48:04.3773930","DxgKrnl","10011","정보",,""
"09:48:04.3775004","DxgKrnl","10011","정보",,""
"09:48:04.3779906","DxgKrnl","10011","정보",,""
"09:48:04.3781861","DxgKrnl","10011","정보",,""
"09:48:04.3794404","DxgKrnl","10011","정보",,""
"09:48:04.3810310","DxgKrnl","10011","정보",,""
"09:48:04.3810439","DxgKrnl","10011","정보",,""
"09:48:04.3810446","DxgKrnl","10011","정보",,""
"09:48:04.3811701","DxgKrnl","10011","정보",,""
"09:48:04.3812598","DxgKrnl","10011","정보",,""
"09:48:04.3826773","DxgKrnl","10011","정보",,""
"09:48:04.3826849","DxgKrnl","10011","정보",,""
"09:48:04.3833514","DxgKrnl","10011","정보",,""
"09:48:04.3835744","DxgKrnl","10011","정보",,""
"09:48:04.3919443","DxgKrnl","10011","정보",,""
"09:48:04.3920020","DxgKrnl","10011","정보",,""
"09:48:04.3920710","DxgKrnl","10011","정보",,""
"09:48:04.3951371","DxgKrnl","10011","정보",,""
"09:48:04.3967769","DxgKrnl","10011","정보",,""
"09:48:04.3967890","DxgKrnl","10011","정보",,""
"09:48:04.3967897","DxgKrnl","10011","정보",,""
"09:48:04.3970683","DxgKrnl","10011","정보",,""
"09:48:04.3971201","DxgKrnl","10011","정보",,""
"09:48:04.3972963","DxgKrnl","10011","정보",,""
"09:48:04.3973928","DxgKrnl","10011","정보",,""
"09:48:04.3984872","DxgKrnl","10011","정보",,""
"09:48:04.3986869","DxgKrnl","10011","정보",,""
"09:48:04.3991702","DxgKrnl","10011","정보",,""
"09:48:04.3999836","DxgKrnl","10011","정보",,""
"09:48:04.4036053","DxgKrnl","10011","정보",,""
"09:48:04.4037994","DxgKrnl","10011","정보",,""
"09:48:04.4462377","DxgKrnl","10011","정보",,""
"09:48:04.4463173","DxgKrnl","10011","정보",,""
"09:48:04.4463200","DxgKrnl","10011","정보",,""
"09:48:04.4463895","DxgKrnl","10011","정보",,""
"09:48:04.4463927","DxgKrnl","10011","정보",,""
"09:48:04.4464557","DxgKrnl","10011","정보",,""
"09:48:04.4464633","DxgKrnl","10011","정보",,""
"09:48:04.4465313","DxgKrnl","10011","정보",,""
"09:48:49.0174984","Kernel-PnP","220","시작",,"Begin querying bus relations for device PCI\VEN_1002&DEV_7550&SUBSYS_E4891DA2&REV_C0\6&8916a45&0&00000009"
"09:48:49.0175747","DxgKrnl","10011","정보",,""
"09:48:49.0567197","DxgKrnl","10011","정보",,""
"09:48:49.0569289","DxgKrnl","10011","정보",,""
"09:48:49.0569346","DxgKrnl","10011","정보",,""
"09:48:49.0570402","Kernel-PnP","222","시작",,"End querying bus relations for device PCI\VEN_1002&DEV_7550&SUBSYS_E4891DA2&REV_C0\6&8916a45&0&00000009"
"09:48:49.0572473","Kernel-PnP","1010","시작",,"버스에 누락 된 것으로 보고 된 장치 DISPLAY\SAM7B0C\7&16b8ddb4&0&UID260이 (가) 제거 되었습니다. 제거 된 장치 수 | 개수: 1"
"09:48:49.0574574","DxgKrnl","10011","정보",,""
"09:48:49.0575381","DxgKrnl","10011","정보",,""
"09:48:49.0579088","Kernel-PnP","220","시작",,"Begin querying bus relations for device SWD\DRIVERENUM\AMDCP&7&16b8ddb4&0"
"09:48:49.0579118","Kernel-PnP","222","시작",,"End querying bus relations for device SWD\DRIVERENUM\AMDCP&7&16b8ddb4&0"
"09:48:49.0579259","Kernel-PnP","220","시작",,"Begin querying bus relations for device SWD\DRIVERENUM\AMDFDANS&7&16b8ddb4&0"
"09:48:49.0579268","Kernel-PnP","222","시작",,"End querying bus relations for device SWD\DRIVERENUM\AMDFDANS&7&16b8ddb4&0"
"09:48:49.0579331","Kernel-PnP","220","시작",,"Begin querying bus relations for device SWD\DRIVERENUM\AMDOCL&7&16b8ddb4&0"
"09:48:49.0579341","Kernel-PnP","222","시작",,"End querying bus relations for device SWD\DRIVERENUM\AMDOCL&7&16b8ddb4&0"
"09:48:49.0579410","Kernel-PnP","220","시작",,"Begin querying bus relations for device SWD\DRIVERENUM\AMDOGL&7&16b8ddb4&0"
"09:48:49.0579419","Kernel-PnP","222","시작",,"End querying bus relations for device SWD\DRIVERENUM\AMDOGL&7&16b8ddb4&0"
"09:48:49.0579476","Kernel-PnP","220","시작",,"Begin querying bus relations for device SWD\DRIVERENUM\AMDVLK&7&16b8ddb4&0"
"09:48:49.0579486","Kernel-PnP","222","시작",,"End querying bus relations for device SWD\DRIVERENUM\AMDVLK&7&16b8ddb4&0"
"09:48:49.0579548","Kernel-PnP","220","시작",,"Begin querying bus relations for device SWD\DRIVERENUM\AMDWIN&7&16b8ddb4&0"
"09:48:49.0579558","Kernel-PnP","222","시작",,"End querying bus relations for device SWD\DRIVERENUM\AMDWIN&7&16b8ddb4&0"
"09:48:49.0579661","Kernel-PnP","220","시작",,"Begin querying bus relations for device DISPLAY\BBC0104\7&16b8ddb4&0&UID265"
"09:48:49.0579719","Kernel-PnP","222","시작",,"End querying bus relations for device DISPLAY\BBC0104\7&16b8ddb4&0&UID265"
"09:48:49.0579777","Kernel-PnP","220","시작",,"Begin querying bus relations for device DISPLAY\SAM79DF\7&16b8ddb4&0&UID256"
"09:48:49.0579807","Kernel-PnP","222","시작",,"End querying bus relations for device DISPLAY\SAM79DF\7&16b8ddb4&0&UID256"
"09:48:49.0587433","DxgKrnl","10011","정보",,""
"09:48:49.0588351","DxgKrnl","10011","정보",,""
"09:48:49.0600683","Kernel-PnP","808","시작",,"End device add, status (STATUS_SUCCESS)"
"09:48:49.0606594","Kernel-PnP","220","시작",,"Begin querying bus relations for device DISPLAY\Default_Monitor\7&16b8ddb4&0&UID260"
"09:48:49.0606630","Kernel-PnP","222","시작",,"End querying bus relations for device DISPLAY\Default_Monitor\7&16b8ddb4&0&UID260"
"09:48:49.0610330","DxgKrnl","10011","정보",,""
"09:48:49.0646820","DxgKrnl","10011","정보",,""
"09:48:49.0647592","DxgKrnl","10011","정보",,""
"09:48:49.0731135","DxgKrnl","10011","정보",,""
"09:48:49.0731519","DxgKrnl","10011","정보",,""
"09:48:49.0732227","DxgKrnl","10011","정보",,""
"09:48:49.0732274","DxgKrnl","10011","정보",,""
"09:48:49.0732296","DxgKrnl","10011","정보",,""
"09:48:49.0762708","DxgKrnl","10011","정보",,""
"09:48:49.0763315","DxgKrnl","10011","정보",,""
"09:48:49.1512938","DxgKrnl","10011","정보",,""
"09:48:49.1514578","DxgKrnl","10011","정보",,""
"09:48:49.1515142","DxgKrnl","10011","정보",,""
"09:48:49.1527894","DxgKrnl","10011","정보",,""
"09:48:49.1528567","DxgKrnl","10011","정보",,""
"09:48:49.1530066","DxgKrnl","10011","정보",,""
"09:48:49.1530824","DxgKrnl","10011","정보",,""
"09:48:49.1530840","DxgKrnl","10011","정보",,""
"09:48:49.1531540","DxgKrnl","10011","정보",,""
"09:48:49.1531552","DxgKrnl","10011","정보",,""
"09:48:49.1532229","DxgKrnl","10011","정보",,""
"09:48:49.1532249","DxgKrnl","10011","정보",,""
"09:48:49.1533352","DxgKrnl","10011","정보",,""
"09:48:49.1533450","DxgKrnl","10011","정보",,""
"09:48:49.1534187","DxgKrnl","10011","정보",,""
"09:48:49.1534227","DxgKrnl","10011","정보",,""
"09:48:49.1534930","DxgKrnl","10011","정보",,""
"09:48:49.1554943","DxgKrnl","10011","정보",,""
"09:48:49.1555056","DxgKrnl","10011","정보",,""
"09:48:49.1555408","DxgKrnl","10011","정보",,""
"09:48:49.1555526","DxgKrnl","10011","정보",,""
"09:48:49.1559166","DxgKrnl","10011","정보",,""
"09:48:49.1559234","DxgKrnl","10011","정보",,""
"09:48:49.1559249","DxgKrnl","10011","정보",,""
"09:48:49.1559261","DxgKrnl","10011","정보",,""
"09:48:49.1563426","DxgKrnl","10011","정보",,""
"09:48:49.1564973","DxgKrnl","10011","정보",,""
"09:48:49.1702252","DxgKrnl","10011","정보",,""
"09:48:49.1703586","DxgKrnl","10011","정보",,""
"09:48:49.1703750","DxgKrnl","10011","정보",,""
"09:48:49.1704454","DxgKrnl","10011","정보",,""
"09:48:49.1704468","DxgKrnl","10011","정보",,""
"09:48:49.1705163","DxgKrnl","10011","정보",,""
"09:48:49.1705178","DxgKrnl","10011","정보",,""
"09:48:49.1705875","DxgKrnl","10011","정보",,""
"09:48:49.1705938","DxgKrnl","10011","정보",,""
"09:48:49.1706652","DxgKrnl","10011","정보",,""
"09:48:49.1706681","DxgKrnl","10011","정보",,""
"09:48:49.1707392","DxgKrnl","10011","정보",,""
"09:48:49.1713159","DxgKrnl","10011","정보",,""
"09:48:49.1714099","DxgKrnl","10011","정보",,""
"09:48:49.1739777","DxgKrnl","10011","정보",,""
"09:48:49.1747942","DxgKrnl","10011","정보",,""
"09:48:49.1762062","DxgKrnl","10011","정보",,""
"09:48:49.1763135","DxgKrnl","10011","정보",,""
"09:48:49.1806609","DxgKrnl","10011","정보",,""
"09:48:49.1807468","DxgKrnl","10011","정보",,""
"09:48:49.1856724","DxgKrnl","10011","정보",,""
"09:48:49.1867050","DxgKrnl","10011","정보",,""
"09:48:49.2981957","Kernel-PnP","220","시작",,"Begin querying bus relations for device PCI\VEN_1002&DEV_7550&SUBSYS_E4891DA2&REV_C0\6&8916a45&0&00000009"
"09:48:49.3507734","Kernel-PnP","222","시작",,"End querying bus relations for device PCI\VEN_1002&DEV_7550&SUBSYS_E4891DA2&REV_C0\6&8916a45&0&00000009"
"09:48:49.3510231","Kernel-PnP","1010","시작",,"버스에 누락 된 것으로 보고 된 장치 DISPLAY\Default_Monitor\7&16b8ddb4&0&UID260이 (가) 제거 되었습니다. 제거 된 장치 수 | 개수: 1"
"09:48:49.3511908","DxgKrnl","10011","정보",,""
"09:48:49.3515296","Kernel-PnP","220","시작",,"Begin querying bus relations for device SWD\DRIVERENUM\AMDCP&7&16b8ddb4&0"
"09:48:49.3515349","Kernel-PnP","222","시작",,"End querying bus relations for device SWD\DRIVERENUM\AMDCP&7&16b8ddb4&0"
"09:48:49.3515588","Kernel-PnP","220","시작",,"Begin querying bus relations for device SWD\DRIVERENUM\AMDFDANS&7&16b8ddb4&0"
"09:48:49.3515606","Kernel-PnP","222","시작",,"End querying bus relations for device SWD\DRIVERENUM\AMDFDANS&7&16b8ddb4&0"
"09:48:49.3515753","Kernel-PnP","220","시작",,"Begin querying bus relations for device SWD\DRIVERENUM\AMDOCL&7&16b8ddb4&0"
"09:48:49.3515769","Kernel-PnP","222","시작",,"End querying bus relations for device SWD\DRIVERENUM\AMDOCL&7&16b8ddb4&0"
"09:48:49.3515924","Kernel-PnP","220","시작",,"Begin querying bus relations for device SWD\DRIVERENUM\AMDOGL&7&16b8ddb4&0"
"09:48:49.3515965","Kernel-PnP","222","시작",,"End querying bus relations for device SWD\DRIVERENUM\AMDOGL&7&16b8ddb4&0"
"09:48:49.3516231","Kernel-PnP","220","시작",,"Begin querying bus relations for device SWD\DRIVERENUM\AMDVLK&7&16b8ddb4&0"
"09:48:49.3516250","Kernel-PnP","222","시작",,"End querying bus relations for device SWD\DRIVERENUM\AMDVLK&7&16b8ddb4&0"
"09:48:49.3516363","Kernel-PnP","220","시작",,"Begin querying bus relations for device SWD\DRIVERENUM\AMDWIN&7&16b8ddb4&0"
"09:48:49.3516379","Kernel-PnP","222","시작",,"End querying bus relations for device SWD\DRIVERENUM\AMDWIN&7&16b8ddb4&0"
"09:48:49.3516457","DxgKrnl","10011","정보",,""
"09:48:49.3516473","Kernel-PnP","220","시작",,"Begin querying bus relations for device DISPLAY\BBC0104\7&16b8ddb4&0&UID265"
"09:48:49.3516566","Kernel-PnP","222","시작",,"End querying bus relations for device DISPLAY\BBC0104\7&16b8ddb4&0&UID265"
"09:48:49.3516671","Kernel-PnP","220","시작",,"Begin querying bus relations for device DISPLAY\SAM79DF\7&16b8ddb4&0&UID256"
"09:48:49.3516909","Kernel-PnP","222","시작",,"End querying bus relations for device DISPLAY\SAM79DF\7&16b8ddb4&0&UID256"
"09:48:49.3740945","DxgKrnl","10011","정보",,""
"09:48:49.3742015","DxgKrnl","10011","정보",,""
"09:48:49.3757131","DxgKrnl","10011","정보",,""
"09:48:49.3759465","DxgKrnl","10011","정보",,""
"09:48:49.3774447","DxgKrnl","10011","정보",,""
"09:48:49.3774775","DxgKrnl","10011","정보",,""
"09:48:49.3775529","DxgKrnl","10011","정보",,""
"09:48:49.3775589","DxgKrnl","10011","정보",,""
"09:48:49.3775610","DxgKrnl","10011","정보",,""
"09:48:49.3778597","DxgKrnl","10011","정보",,""
"09:48:49.3779309","DxgKrnl","10011","정보",,""
"09:48:49.3866771","DxgKrnl","10011","정보",,""
"09:48:49.3977725","DxgKrnl","10011","정보",,""
"09:48:49.3978210","DxgKrnl","10011","정보",,""
"09:48:49.3978649","DxgKrnl","10011","정보",,""
"09:48:49.3983236","DxgKrnl","10011","정보",,""
"09:48:49.3983575","DxgKrnl","10011","정보",,""
"09:48:49.3984240","DxgKrnl","10011","정보",,""
"09:48:49.3984559","DxgKrnl","10011","정보",,""
"09:48:49.3984574","DxgKrnl","10011","정보",,""
"09:48:49.3984874","DxgKrnl","10011","정보",,""
"09:48:49.4003769","DxgKrnl","10011","정보",,""
"09:48:49.4003905","DxgKrnl","10011","정보",,""
"09:48:49.4004040","DxgKrnl","10011","정보",,""
"09:48:49.4004544","DxgKrnl","10011","정보",,""
"09:48:49.4005114","DxgKrnl","10011","정보",,""
"09:48:49.4006027","DxgKrnl","10011","정보",,""
"09:48:49.4006217","DxgKrnl","10011","정보",,""
"09:48:49.4008597","DxgKrnl","10011","정보",,""
"09:48:49.4151308","DxgKrnl","10011","정보",,""
"09:48:49.4158664","DxgKrnl","10011","정보",,""
"09:48:49.4551597","DxgKrnl","10011","정보",,""
"09:48:49.4552005","DxgKrnl","10011","정보",,""
"09:48:49.4552018","DxgKrnl","10011","정보",,""
"09:48:49.4552319","DxgKrnl","10011","정보",,""
"09:48:49.4558499","DxgKrnl","10011","정보",,""
"09:48:49.4558786","DxgKrnl","10011","정보",,""
"09:48:49.4606089","DxgKrnl","10011","정보",,""
"09:48:49.4606602","DxgKrnl","10011","정보",,""
"09:48:49.4626516","DxgKrnl","10011","정보",,""
"09:48:49.4627574","DxgKrnl","10011","정보",,""
"09:48:49.4646263","DxgKrnl","10011","정보",,""
"09:48:49.4649244","DxgKrnl","10011","정보",,""
"09:48:49.4650022","DxgKrnl","10011","정보",,""
"09:48:49.4651167","DxgKrnl","10011","정보",,""
"09:48:49.4651612","DxgKrnl","10011","정보",,""
"09:48:49.4657531","DxgKrnl","10011","정보",,""
"09:48:49.4657965","DxgKrnl","10011","정보",,""
"09:48:49.4658391","DxgKrnl","10011","정보",,""
"09:48:49.4658895","DxgKrnl","10011","정보",,""
"09:48:49.4664468","DxgKrnl","10011","정보",,""
"09:48:49.4667341","DxgKrnl","10011","정보",,""
"09:48:49.4667643","DxgKrnl","10011","정보",,""
"09:48:49.4668350","DxgKrnl","10011","정보",,""
"09:48:49.4668353","DxgKrnl","10011","정보",,""
"09:48:49.4673837","DxgKrnl","10011","정보",,""
"09:48:49.4674443","DxgKrnl","10011","정보",,""
"09:48:49.4674968","DxgKrnl","10011","정보",,""
"09:48:49.4682780","DxgKrnl","10011","정보",,""
"09:48:49.4684853","DxgKrnl","10011","정보",,""
"09:48:49.4685353","DxgKrnl","10011","정보",,""
"09:48:49.4701607","DxgKrnl","10011","정보",,""
"09:48:49.4702079","DxgKrnl","10011","정보",,""
"09:48:49.4716234","DxgKrnl","10011","정보",,""
"09:48:49.4716648","DxgKrnl","10011","정보",,""
"09:48:49.4716900","DxgKrnl","10011","정보",,""
"09:48:49.4718119","DxgKrnl","10011","정보",,""
"09:48:49.4718130","DxgKrnl","10011","정보",,""
"09:48:49.4803208","DxgKrnl","10011","정보",,""
"09:48:49.4803852","DxgKrnl","10011","정보",,""
"09:48:49.4848793","DxgKrnl","10011","정보",,""
"09:48:49.4849288","DxgKrnl","10011","정보",,""
"09:48:49.4886228","DxgKrnl","10011","정보",,""
"09:48:49.4886613","DxgKrnl","10011","정보",,""
"09:48:49.4940201","DxgKrnl","10011","정보",,""
"09:48:49.4943767","DxgKrnl","10011","정보",,""
"09:48:49.4943866","DxgKrnl","10011","정보",,""
"09:48:49.4943873","DxgKrnl","10011","정보",,""
"09:48:49.4951419","DxgKrnl","10011","정보",,""
"09:48:49.4952209","DxgKrnl","10011","정보",,""
"09:48:49.4980295","DxgKrnl","10011","정보",,""
"09:48:49.4987743","DxgKrnl","10011","정보",,""
"09:48:49.4995673","DxgKrnl","10011","정보",,""
"09:48:49.4996582","DxgKrnl","10011","정보",,""
"09:48:49.5532913","DxgKrnl","10011","정보",,""
"09:48:49.5533372","DxgKrnl","10011","정보",,""
"09:48:49.5731386","DxgKrnl","10011","정보",,""
"09:48:49.5732203","DxgKrnl","10011","정보",,""
"09:48:49.5732224","DxgKrnl","10011","정보",,""
"09:48:49.5732541","DxgKrnl","10011","정보",,""
"09:48:52.6121779","DxgKrnl","10011","정보",,""
"09:48:52.6133033","DxgKrnl","10011","정보",,""
"09:48:52.8434811","Kernel-PnP","220","시작",,"Begin querying bus relations for device PCI\VEN_1002&DEV_7550&SUBSYS_E4891DA2&REV_C0\6&8916a45&0&00000009"
"09:48:52.8436292","DxgKrnl","10011","정보",,""
"09:48:52.8436738","DxgKrnl","10011","정보",,""
"09:48:52.8437433","DxgKrnl","10011","정보",,""
"09:48:52.8437863","DxgKrnl","10011","정보",,""
"09:48:52.8440524","DxgKrnl","10011","정보",,""
"09:48:52.8441787","DxgKrnl","10011","정보",,""
"09:48:52.8446660","DxgKrnl","10011","정보",,""
"09:48:52.8447104","DxgKrnl","10011","정보",,""
"09:48:52.8460694","DxgKrnl","10011","정보",,""
"09:48:52.8461157","DxgKrnl","10011","정보",,""
"09:48:52.8505984","Kernel-PnP","222","시작",,"End querying bus relations for device PCI\VEN_1002&DEV_7550&SUBSYS_E4891DA2&REV_C0\6&8916a45&0&00000009"
"09:48:52.8506590","Kernel-PnP","220","시작",,"Begin querying bus relations for device SWD\DRIVERENUM\AMDCP&7&16b8ddb4&0"
"09:48:52.8506610","Kernel-PnP","222","시작",,"End querying bus relations for device SWD\DRIVERENUM\AMDCP&7&16b8ddb4&0"
"09:48:52.8506666","Kernel-PnP","220","시작",,"Begin querying bus relations for device SWD\DRIVERENUM\AMDFDANS&7&16b8ddb4&0"
"09:48:52.8506675","Kernel-PnP","222","시작",,"End querying bus relations for device SWD\DRIVERENUM\AMDFDANS&7&16b8ddb4&0"
"09:48:52.8506723","Kernel-PnP","220","시작",,"Begin querying bus relations for device SWD\DRIVERENUM\AMDOCL&7&16b8ddb4&0"
"09:48:52.8506730","Kernel-PnP","222","시작",,"End querying bus relations for device SWD\DRIVERENUM\AMDOCL&7&16b8ddb4&0"
"09:48:52.8506773","Kernel-PnP","220","시작",,"Begin querying bus relations for device SWD\DRIVERENUM\AMDOGL&7&16b8ddb4&0"
"09:48:52.8506780","Kernel-PnP","222","시작",,"End querying bus relations for device SWD\DRIVERENUM\AMDOGL&7&16b8ddb4&0"
"09:48:52.8506825","Kernel-PnP","220","시작",,"Begin querying bus relations for device SWD\DRIVERENUM\AMDVLK&7&16b8ddb4&0"
"09:48:52.8506833","Kernel-PnP","222","시작",,"End querying bus relations for device SWD\DRIVERENUM\AMDVLK&7&16b8ddb4&0"
"09:48:52.8506876","Kernel-PnP","220","시작",,"Begin querying bus relations for device SWD\DRIVERENUM\AMDWIN&7&16b8ddb4&0"
"09:48:52.8506884","Kernel-PnP","222","시작",,"End querying bus relations for device SWD\DRIVERENUM\AMDWIN&7&16b8ddb4&0"
"09:48:52.8506921","Kernel-PnP","220","시작",,"Begin querying bus relations for device DISPLAY\BBC0104\7&16b8ddb4&0&UID265"
"09:48:52.8506971","Kernel-PnP","222","시작",,"End querying bus relations for device DISPLAY\BBC0104\7&16b8ddb4&0&UID265"
"09:48:52.8507020","Kernel-PnP","220","시작",,"Begin querying bus relations for device DISPLAY\SAM79DF\7&16b8ddb4&0&UID256"
"09:48:52.8507041","Kernel-PnP","222","시작",,"End querying bus relations for device DISPLAY\SAM79DF\7&16b8ddb4&0&UID256"
"09:48:52.8548264","DxgKrnl","10011","정보",,""
"09:48:52.8548708","DxgKrnl","10011","정보",,""
"09:48:52.8550528","DxgKrnl","10011","정보",,""
"09:48:52.8550637","DxgKrnl","10011","정보",,""
"09:48:52.8550661","DxgKrnl","10011","정보",,""
"09:48:52.8586680","DxgKrnl","10011","정보",,""
"09:48:52.8587644","DxgKrnl","10011","정보",,""
"09:48:52.8588553","Kernel-PnP","808","시작",,"End device add, status (STATUS_SUCCESS)"
"09:48:52.8591600","Kernel-PnP","220","시작",,"Begin querying bus relations for device DISPLAY\SAM7B0C\7&16b8ddb4&0&UID260"
"09:48:52.8591628","Kernel-PnP","222","시작",,"End querying bus relations for device DISPLAY\SAM7B0C\7&16b8ddb4&0&UID260"
"09:48:52.8594231","DxgKrnl","10011","정보",,""
"09:48:52.8802258","DxgKrnl","10011","정보",,""
"09:48:52.8802905","DxgKrnl","10011","정보",,""
"09:48:52.8803352","DxgKrnl","10011","정보",,""
"09:48:52.8816175","DxgKrnl","10011","정보",,""
"09:48:52.8816671","DxgKrnl","10011","정보",,""
"09:48:52.8818080","DxgKrnl","10011","정보",,""
"09:48:52.8818649","DxgKrnl","10011","정보",,""
"09:48:52.8818656","DxgKrnl","10011","정보",,""
"09:48:52.8819148","DxgKrnl","10011","정보",,""
"09:48:52.8819164","DxgKrnl","10011","정보",,""
"09:48:52.8819654","DxgKrnl","10011","정보",,""
"09:48:52.8819716","DxgKrnl","10011","정보",,""
"09:48:52.8820236","DxgKrnl","10011","정보",,""
"09:48:52.8840179","DxgKrnl","10011","정보",,""
"09:48:52.8840484","DxgKrnl","10011","정보",,""
"09:48:52.8843274","DxgKrnl","10011","정보",,""
"09:48:52.8844821","DxgKrnl","10011","정보",,""
"09:48:52.8845235","DxgKrnl","10011","정보",,""
"09:48:52.8845978","DxgKrnl","10011","정보",,""
"09:48:52.8846080","DxgKrnl","10011","정보",,""
"09:48:52.8846085","DxgKrnl","10011","정보",,""
"09:48:52.8907419","DxgKrnl","10011","정보",,""
"09:48:52.8908116","DxgKrnl","10011","정보",,""
"09:48:52.8908123","DxgKrnl","10011","정보",,""
"09:48:52.8908645","DxgKrnl","10011","정보",,""
"09:48:52.8908659","DxgKrnl","10011","정보",,""
"09:48:52.8909221","DxgKrnl","10011","정보",,""
"09:48:52.8909292","DxgKrnl","10011","정보",,""
"09:48:52.8909800","DxgKrnl","10011","정보",,""
"09:48:52.8914290","DxgKrnl","10011","정보",,""
"09:48:52.8914886","DxgKrnl","10011","정보",,""
"09:48:52.8915892","DxgKrnl","10011","정보",,""
"09:48:52.8916554","DxgKrnl","10011","정보",,""
"09:48:52.8957125","DxgKrnl","10011","정보",,""
"09:48:52.8958249","DxgKrnl","10011","정보",,""
"09:48:52.9021211","DxgKrnl","10011","정보",,""
"09:48:52.9027332","DxgKrnl","10011","정보",,""
"09:48:52.9081158","DxgKrnl","10011","정보",,""
"09:48:52.9081513","DxgKrnl","10011","정보",,""
"09:48:52.9082147","DxgKrnl","10011","정보",,""
"09:48:52.9082199","DxgKrnl","10011","정보",,""
"09:48:52.9082220","DxgKrnl","10011","정보",,""
"09:48:52.9117277","DxgKrnl","10011","정보",,""
"09:48:52.9117800","DxgKrnl","10011","정보",,""
"09:48:52.9146707","DxgKrnl","10011","정보",,""
"09:48:52.9147321","DxgKrnl","10011","정보",,""
"09:48:52.9147637","DxgKrnl","10011","정보",,""
"09:48:52.9148747","DxgKrnl","10011","정보",,""
"09:48:52.9149120","DxgKrnl","10011","정보",,""
"09:48:52.9149131","DxgKrnl","10011","정보",,""
"09:48:52.9149132","DxgKrnl","10011","정보",,""
"09:48:52.9149199","DxgKrnl","10011","정보",,""
"09:48:52.9149424","DxgKrnl","10011","정보",,""
"09:48:52.9153168","DxgKrnl","10011","정보",,""
"09:48:52.9154757","DxgKrnl","10011","정보",,""
"09:48:52.9154760","DxgKrnl","10011","정보",,""
"09:48:52.9154811","DxgKrnl","10011","정보",,""
"09:48:52.9154918","DxgKrnl","10011","정보",,""
"09:48:52.9154942","DxgKrnl","10011","정보",,""
"09:48:52.9189529","DxgKrnl","10011","정보",,""
"09:48:52.9190207","DxgKrnl","10011","정보",,""
"09:48:52.9254940","DxgKrnl","10011","정보",,""
"09:48:52.9255618","DxgKrnl","10011","정보",,""
"09:48:53.0080080","DxgKrnl","10011","정보",,""
"09:48:53.0089034","DxgKrnl","10011","정보",,""
"09:48:53.1072381","DxgKrnl","10011","정보",,""
"09:48:53.1075720","DxgKrnl","10011","정보",,""
"09:48:53.1085495","DxgKrnl","10011","정보",,""
"09:48:53.1086155","DxgKrnl","10011","정보",,""
"09:48:53.1097647","DxgKrnl","10011","정보",,""
"09:48:53.1098054","DxgKrnl","10011","정보",,""
"09:48:53.1098142","DxgKrnl","10011","정보",,""
"09:48:53.1099879","DxgKrnl","10011","정보",,""
"09:48:53.1099931","DxgKrnl","10011","정보",,""
"09:48:53.1117172","DxgKrnl","10011","정보",,""
"09:48:53.1117219","DxgKrnl","10011","정보",,""
"09:48:53.1117226","DxgKrnl","10011","정보",,""
"09:48:53.1130557","DxgKrnl","10011","정보",,""
"09:48:53.1146030","DxgKrnl","10011","정보",,""
"09:48:53.1146155","DxgKrnl","10011","정보",,""
"09:48:53.1146163","DxgKrnl","10011","정보",,""
"09:48:53.1149470","DxgKrnl","10011","정보",,""
"09:48:53.1149492","DxgKrnl","10011","정보",,""
"09:48:53.1150212","DxgKrnl","10011","정보",,""
"09:48:53.1157363","DxgKrnl","10011","정보",,""
"09:48:53.1158012","DxgKrnl","10011","정보",,""
"09:48:53.1161319","DxgKrnl","10011","정보",,""
"09:48:53.1164066","DxgKrnl","10011","정보",,""
"09:48:53.1165647","DxgKrnl","10011","정보",,""
"09:48:53.1173327","DxgKrnl","10011","정보",,""
"09:48:53.1248696","DxgKrnl","10011","정보",,""
"09:48:53.1249062","DxgKrnl","10011","정보",,""
"09:48:53.1249862","DxgKrnl","10011","정보",,""
"09:48:53.1279556","DxgKrnl","10011","정보",,""
"09:48:53.1293173","DxgKrnl","10011","정보",,""
"09:48:53.1293311","DxgKrnl","10011","정보",,""
"09:48:53.1293319","DxgKrnl","10011","정보",,""
"09:48:53.1294038","DxgKrnl","10011","정보",,""
"09:48:53.1295407","DxgKrnl","10011","정보",,""
"09:48:53.1304184","DxgKrnl","10011","정보",,""
"09:48:53.1313459","DxgKrnl","10011","정보",,""
"09:48:53.1315451","DxgKrnl","10011","정보",,""
"09:48:53.1316058","DxgKrnl","10011","정보",,""
"09:48:53.1357301","DxgKrnl","10011","정보",,""
"09:48:53.1359343","DxgKrnl","10011","정보",,""
"09:48:53.1609413","DxgKrnl","10011","정보",,""
"09:48:53.1610204","DxgKrnl","10011","정보",,""
"09:48:53.1610213","DxgKrnl","10011","정보",,""
"09:48:53.1610873","DxgKrnl","10011","정보",,""
"09:48:53.1610890","DxgKrnl","10011","정보",,""
"09:48:53.1611514","DxgKrnl","10011","정보",,""
"09:48:53.1611605","DxgKrnl","10011","정보",,""
"09:48:53.1612569","DxgKrnl","10011","정보",,""
"09:49:30.1726421","Kernel-PnP","220","시작",,"Begin querying bus relations for device PCI\VEN_1002&DEV_7550&SUBSYS_E4891DA2&REV_C0\6&8916a45&0&00000009"
"09:49:30.1728811","DxgKrnl","10011","정보",,""
"09:49:30.2111549","DxgKrnl","10011","정보",,""
"09:49:30.2112103","Kernel-PnP","222","시작",,"End querying bus relations for device PCI\VEN_1002&DEV_7550&SUBSYS_E4891DA2&REV_C0\6&8916a45&0&00000009"
"09:49:30.2113624","DxgKrnl","10011","정보",,""
"09:49:30.2113798","DxgKrnl","10011","정보",,""
"09:49:30.2114990","Kernel-PnP","1010","시작",,"버스에 누락 된 것으로 보고 된 장치 DISPLAY\SAM7B0C\7&16b8ddb4&0&UID260이 (가) 제거 되었습니다. 제거 된 장치 수 | 개수: 1"
"09:49:30.2119980","Kernel-PnP","220","시작",,"Begin querying bus relations for device SWD\DRIVERENUM\AMDCP&7&16b8ddb4&0"
"09:49:30.2120006","Kernel-PnP","222","시작",,"End querying bus relations for device SWD\DRIVERENUM\AMDCP&7&16b8ddb4&0"
"09:49:30.2120167","Kernel-PnP","220","시작",,"Begin querying bus relations for device SWD\DRIVERENUM\AMDFDANS&7&16b8ddb4&0"
"09:49:30.2120191","Kernel-PnP","222","시작",,"End querying bus relations for device SWD\DRIVERENUM\AMDFDANS&7&16b8ddb4&0"
"09:49:30.2120273","Kernel-PnP","220","시작",,"Begin querying bus relations for device SWD\DRIVERENUM\AMDOCL&7&16b8ddb4&0"
"09:49:30.2120285","Kernel-PnP","222","시작",,"End querying bus relations for device SWD\DRIVERENUM\AMDOCL&7&16b8ddb4&0"
"09:49:30.2120350","Kernel-PnP","220","시작",,"Begin querying bus relations for device SWD\DRIVERENUM\AMDOGL&7&16b8ddb4&0"
"09:49:30.2120360","Kernel-PnP","222","시작",,"End querying bus relations for device SWD\DRIVERENUM\AMDOGL&7&16b8ddb4&0"
"09:49:30.2120427","Kernel-PnP","220","시작",,"Begin querying bus relations for device SWD\DRIVERENUM\AMDVLK&7&16b8ddb4&0"
"09:49:30.2120438","Kernel-PnP","222","시작",,"End querying bus relations for device SWD\DRIVERENUM\AMDVLK&7&16b8ddb4&0"
"09:49:30.2120500","Kernel-PnP","220","시작",,"Begin querying bus relations for device SWD\DRIVERENUM\AMDWIN&7&16b8ddb4&0"
"09:49:30.2120511","Kernel-PnP","222","시작",,"End querying bus relations for device SWD\DRIVERENUM\AMDWIN&7&16b8ddb4&0"
"09:49:30.2120573","Kernel-PnP","220","시작",,"Begin querying bus relations for device DISPLAY\BBC0104\7&16b8ddb4&0&UID265"
"09:49:30.2120633","Kernel-PnP","222","시작",,"End querying bus relations for device DISPLAY\BBC0104\7&16b8ddb4&0&UID265"
"09:49:30.2120695","Kernel-PnP","220","시작",,"Begin querying bus relations for device DISPLAY\SAM79DF\7&16b8ddb4&0&UID256"
"09:49:30.2120728","Kernel-PnP","222","시작",,"End querying bus relations for device DISPLAY\SAM79DF\7&16b8ddb4&0&UID256"
"09:49:30.2134806","Kernel-PnP","808","시작",,"End device add, status (STATUS_SUCCESS)"
"09:49:30.2138556","Kernel-PnP","220","시작",,"Begin querying bus relations for device DISPLAY\Default_Monitor\7&16b8ddb4&0&UID260"
"09:49:30.2138597","Kernel-PnP","222","시작",,"End querying bus relations for device DISPLAY\Default_Monitor\7&16b8ddb4&0&UID260"
"09:49:30.2144046","DxgKrnl","10011","정보",,""
"09:49:30.2151477","DxgKrnl","10011","정보",,""
"09:49:30.2152572","DxgKrnl","10011","정보",,""
"09:49:30.2154300","DxgKrnl","10011","정보",,""
"09:49:30.2155552","DxgKrnl","10011","정보",,""
"09:49:30.2172070","DxgKrnl","10011","정보",,""
"09:49:30.2172839","DxgKrnl","10011","정보",,""
"09:49:30.2286011","DxgKrnl","10011","정보",,""
"09:49:30.2286410","DxgKrnl","10011","정보",,""
"09:49:30.2287088","DxgKrnl","10011","정보",,""
"09:49:30.2287163","DxgKrnl","10011","정보",,""
"09:49:30.2287186","DxgKrnl","10011","정보",,""
"09:49:30.2315640","DxgKrnl","10011","정보",,""
"09:49:30.2316349","DxgKrnl","10011","정보",,""
"09:49:30.3063889","DxgKrnl","10011","정보",,""
"09:49:30.3064826","DxgKrnl","10011","정보",,""
"09:49:30.3065246","DxgKrnl","10011","정보",,""
"09:49:30.3077428","DxgKrnl","10011","정보",,""
"09:49:30.3078095","DxgKrnl","10011","정보",,""
"09:49:30.3079649","DxgKrnl","10011","정보",,""
"09:49:30.3080381","DxgKrnl","10011","정보",,""
"09:49:30.3080409","DxgKrnl","10011","정보",,""
"09:49:30.3081122","DxgKrnl","10011","정보",,""
"09:49:30.3081357","DxgKrnl","10011","정보",,""
"09:49:30.3082048","DxgKrnl","10011","정보",,""
"09:49:30.3082077","DxgKrnl","10011","정보",,""
"09:49:30.3082764","DxgKrnl","10011","정보",,""
"09:49:30.3082813","DxgKrnl","10011","정보",,""
"09:49:30.3083502","DxgKrnl","10011","정보",,""
"09:49:30.3083533","DxgKrnl","10011","정보",,""
"09:49:30.3084214","DxgKrnl","10011","정보",,""
"09:49:30.3104404","DxgKrnl","10011","정보",,""
"09:49:30.3104518","DxgKrnl","10011","정보",,""
"09:49:30.3104610","DxgKrnl","10011","정보",,""
"09:49:30.3105212","DxgKrnl","10011","정보",,""
"09:49:30.3108061","DxgKrnl","10011","정보",,""
"09:49:30.3108117","DxgKrnl","10011","정보",,""
"09:49:30.3147684","DxgKrnl","10011","정보",,""
"09:49:30.3148533","DxgKrnl","10011","정보",,""
"09:49:30.3335401","DxgKrnl","10011","정보",,""
"09:49:30.3336208","DxgKrnl","10011","정보",,""
"09:49:30.3336253","DxgKrnl","10011","정보",,""
"09:49:30.3337039","DxgKrnl","10011","정보",,""
"09:49:30.3337061","DxgKrnl","10011","정보",,""
"09:49:30.3337754","DxgKrnl","10011","정보",,""
"09:49:30.3337799","DxgKrnl","10011","정보",,""
"09:49:30.3338515","DxgKrnl","10011","정보",,""
"09:49:30.3338600","DxgKrnl","10011","정보",,""
"09:49:30.3339246","DxgKrnl","10011","정보",,""
"09:49:30.3339278","DxgKrnl","10011","정보",,""
"09:49:30.3339982","DxgKrnl","10011","정보",,""
"09:49:30.3346058","DxgKrnl","10011","정보",,""
"09:49:30.3346822","DxgKrnl","10011","정보",,""
"09:49:30.3377804","DxgKrnl","10011","정보",,""
"09:49:30.3387859","DxgKrnl","10011","정보",,""
"09:49:30.3402696","DxgKrnl","10011","정보",,""
"09:49:30.3403849","DxgKrnl","10011","정보",,""
"09:49:30.3466821","DxgKrnl","10011","정보",,""
"09:49:30.3467629","DxgKrnl","10011","정보",,""
"09:49:30.3559548","DxgKrnl","10011","정보",,""
"09:49:30.3566370","DxgKrnl","10011","정보",,""
"09:49:30.3965159","DxgKrnl","10011","정보",,""
"09:49:30.3965703","Kernel-PnP","220","시작",,"Begin querying bus relations for device PCI\VEN_1002&DEV_7550&SUBSYS_E4891DA2&REV_C0\6&8916a45&0&00000009"
"09:49:30.4401784","Kernel-PnP","222","시작",,"End querying bus relations for device PCI\VEN_1002&DEV_7550&SUBSYS_E4891DA2&REV_C0\6&8916a45&0&00000009"
"09:49:30.4404734","Kernel-PnP","1010","시작",,"버스에 누락 된 것으로 보고 된 장치 DISPLAY\Default_Monitor\7&16b8ddb4&0&UID260이 (가) 제거 되었습니다. 제거 된 장치 수 | 개수: 1"
"09:49:30.4405435","DxgKrnl","10011","정보",,""
"09:49:30.4406330","DxgKrnl","10011","정보",,""
"09:49:30.4408511","DxgKrnl","10011","정보",,""
"09:49:30.4410364","Kernel-PnP","220","시작",,"Begin querying bus relations for device SWD\DRIVERENUM\AMDCP&7&16b8ddb4&0"
"09:49:30.4410395","Kernel-PnP","222","시작",,"End querying bus relations for device SWD\DRIVERENUM\AMDCP&7&16b8ddb4&0"
"09:49:30.4410515","Kernel-PnP","220","시작",,"Begin querying bus relations for device SWD\DRIVERENUM\AMDFDANS&7&16b8ddb4&0"
"09:49:30.4410525","Kernel-PnP","222","시작",,"End querying bus relations for device SWD\DRIVERENUM\AMDFDANS&7&16b8ddb4&0"
"09:49:30.4410610","Kernel-PnP","220","시작",,"Begin querying bus relations for device SWD\DRIVERENUM\AMDOCL&7&16b8ddb4&0"
"09:49:30.4410619","Kernel-PnP","222","시작",,"End querying bus relations for device SWD\DRIVERENUM\AMDOCL&7&16b8ddb4&0"
"09:49:30.4410674","Kernel-PnP","220","시작",,"Begin querying bus relations for device SWD\DRIVERENUM\AMDOGL&7&16b8ddb4&0"
"09:49:30.4410685","Kernel-PnP","222","시작",,"End querying bus relations for device SWD\DRIVERENUM\AMDOGL&7&16b8ddb4&0"
"09:49:30.4410775","Kernel-PnP","220","시작",,"Begin querying bus relations for device SWD\DRIVERENUM\AMDVLK&7&16b8ddb4&0"
"09:49:30.4410795","Kernel-PnP","222","시작",,"End querying bus relations for device SWD\DRIVERENUM\AMDVLK&7&16b8ddb4&0"
"09:49:30.4410882","Kernel-PnP","220","시작",,"Begin querying bus relations for device SWD\DRIVERENUM\AMDWIN&7&16b8ddb4&0"
"09:49:30.4410891","Kernel-PnP","222","시작",,"End querying bus relations for device SWD\DRIVERENUM\AMDWIN&7&16b8ddb4&0"
"09:49:30.4410945","Kernel-PnP","220","시작",,"Begin querying bus relations for device DISPLAY\BBC0104\7&16b8ddb4&0&UID265"
"09:49:30.4411006","Kernel-PnP","222","시작",,"End querying bus relations for device DISPLAY\BBC0104\7&16b8ddb4&0&UID265"
"09:49:30.4411080","Kernel-PnP","220","시작",,"Begin querying bus relations for device DISPLAY\SAM79DF\7&16b8ddb4&0&UID256"
"09:49:30.4411113","Kernel-PnP","222","시작",,"End querying bus relations for device DISPLAY\SAM79DF\7&16b8ddb4&0&UID256"
"09:49:30.4540416","DxgKrnl","10011","정보",,""
"09:49:30.4541385","DxgKrnl","10011","정보",,""
"09:49:30.4762016","DxgKrnl","10011","정보",,""
"09:49:30.4763046","DxgKrnl","10011","정보",,""
"09:49:30.4806358","DxgKrnl","10011","정보",,""
"09:49:30.4853460","DxgKrnl","10011","정보",,""
"09:49:30.4854296","DxgKrnl","10011","정보",,""
"09:49:30.4854333","DxgKrnl","10011","정보",,""
"09:49:30.4854354","DxgKrnl","10011","정보",,""
"09:49:30.4857745","DxgKrnl","10011","정보",,""
"09:49:30.4858464","DxgKrnl","10011","정보",,""
"09:49:30.5077670","DxgKrnl","10011","정보",,""
"09:49:30.5176095","DxgKrnl","10011","정보",,""
"09:49:30.5176868","DxgKrnl","10011","정보",,""
"09:49:30.5177355","DxgKrnl","10011","정보",,""
"09:49:30.5182023","DxgKrnl","10011","정보",,""
"09:49:30.5182336","DxgKrnl","10011","정보",,""
"09:49:30.5182968","DxgKrnl","10011","정보",,""
"09:49:30.5183295","DxgKrnl","10011","정보",,""
"09:49:30.5183353","DxgKrnl","10011","정보",,""
"09:49:30.5183656","DxgKrnl","10011","정보",,""
"09:49:30.5201870","DxgKrnl","10011","정보",,""
"09:49:30.5201888","DxgKrnl","10011","정보",,""
"09:49:30.5203930","DxgKrnl","10011","정보",,""
"09:49:30.5203931","DxgKrnl","10011","정보",,""
"09:49:30.5248994","DxgKrnl","10011","정보",,""
"09:49:30.5249438","DxgKrnl","10011","정보",,""
"09:49:30.5249451","DxgKrnl","10011","정보",,""
"09:49:30.5249892","DxgKrnl","10011","정보",,""
"09:49:30.5255941","DxgKrnl","10011","정보",,""
"09:49:30.5256306","DxgKrnl","10011","정보",,""
"09:49:30.5258050","DxgKrnl","10011","정보",,""
"09:49:30.5258978","DxgKrnl","10011","정보",,""
"09:49:30.5290016","DxgKrnl","10011","정보",,""
"09:49:30.5296783","DxgKrnl","10011","정보",,""
"09:49:30.5306760","DxgKrnl","10011","정보",,""
"09:49:30.5307311","DxgKrnl","10011","정보",,""
"09:49:30.5325354","DxgKrnl","10011","정보",,""
"09:49:30.5325772","DxgKrnl","10011","정보",,""
"09:49:30.6950579","DxgKrnl","10011","정보",,""
"09:49:30.7005233","DxgKrnl","10011","정보",,""
"09:49:30.7006312","DxgKrnl","10011","정보",,""
"09:49:30.7006748","DxgKrnl","10011","정보",,""
"09:49:30.7009399","DxgKrnl","10011","정보",,""
"09:49:30.7009964","DxgKrnl","10011","정보",,""
"09:49:30.7010003","DxgKrnl","10011","정보",,""
"09:49:30.7011299","DxgKrnl","10011","정보",,""
"09:49:30.7011322","DxgKrnl","10011","정보",,""
"09:49:30.7017840","DxgKrnl","10011","정보",,""
"09:49:30.7018273","DxgKrnl","10011","정보",,""
"09:49:30.7021689","DxgKrnl","10011","정보",,""
"09:49:30.7033043","DxgKrnl","10011","정보",,""
"09:49:30.7033676","DxgKrnl","10011","정보",,""
"09:49:30.7035237","DxgKrnl","10011","정보",,""
"09:49:30.7035625","DxgKrnl","10011","정보",,""
"09:49:30.7072911","DxgKrnl","10011","정보",,""
"09:49:30.7073183","DxgKrnl","10011","정보",,""
"09:49:30.7073785","DxgKrnl","10011","정보",,""
"09:49:30.7075087","DxgKrnl","10011","정보",,""
"09:49:30.7075454","DxgKrnl","10011","정보",,""
"09:49:30.7139180","DxgKrnl","10011","정보",,""
"09:49:30.7139762","DxgKrnl","10011","정보",,""
"09:49:30.7194674","DxgKrnl","10011","정보",,""
"09:49:30.7195457","DxgKrnl","10011","정보",,""
"09:49:30.7225987","DxgKrnl","10011","정보",,""
"09:49:30.7226594","DxgKrnl","10011","정보",,""
"09:49:30.7244486","DxgKrnl","10011","정보",,""
"09:49:30.7259598","DxgKrnl","10011","정보",,""
"09:49:30.7265137","DxgKrnl","10011","정보",,""
"09:49:30.7265277","DxgKrnl","10011","정보",,""
"09:49:30.7265285","DxgKrnl","10011","정보",,""
"09:49:30.7266273","DxgKrnl","10011","정보",,""
"09:49:30.7269066","DxgKrnl","10011","정보",,""
"09:49:30.7270499","DxgKrnl","10011","정보",,""
"09:49:30.7270566","DxgKrnl","10011","정보",,""
"09:49:30.7270615","DxgKrnl","10011","정보",,""
"09:49:30.7271925","DxgKrnl","10011","정보",,""
"09:49:30.7271942","DxgKrnl","10011","정보",,""
"09:49:30.7378956","DxgKrnl","10011","정보",,""
"09:49:30.7386465","DxgKrnl","10011","정보",,""
"09:49:30.7448364","DxgKrnl","10011","정보",,""
"09:49:30.7448765","DxgKrnl","10011","정보",,""
"09:49:33.2992729","DxgKrnl","10011","정보",,""
"09:49:33.5460281","Kernel-PnP","220","시작",,"Begin querying bus relations for device PCI\VEN_1002&DEV_7550&SUBSYS_E4891DA2&REV_C0\6&8916a45&0&00000009"
"09:49:33.5460836","DxgKrnl","10011","정보",,""
"09:49:33.5462764","DxgKrnl","10011","정보",,""
"09:49:33.5463277","DxgKrnl","10011","정보",,""
"09:49:33.5475201","DxgKrnl","10011","정보",,""
"09:49:33.5475643","DxgKrnl","10011","정보",,""
"09:49:33.5482746","DxgKrnl","10011","정보",,""
"09:49:33.5483119","DxgKrnl","10011","정보",,""
"09:49:33.5488103","DxgKrnl","10011","정보",,""
"09:49:33.5489026","DxgKrnl","10011","정보",,""
"09:49:33.5528181","Kernel-PnP","222","시작",,"End querying bus relations for device PCI\VEN_1002&DEV_7550&SUBSYS_E4891DA2&REV_C0\6&8916a45&0&00000009"
"09:49:33.5528698","Kernel-PnP","220","시작",,"Begin querying bus relations for device SWD\DRIVERENUM\AMDCP&7&16b8ddb4&0"
"09:49:33.5528714","Kernel-PnP","222","시작",,"End querying bus relations for device SWD\DRIVERENUM\AMDCP&7&16b8ddb4&0"
"09:49:33.5528770","Kernel-PnP","220","시작",,"Begin querying bus relations for device SWD\DRIVERENUM\AMDFDANS&7&16b8ddb4&0"
"09:49:33.5528778","Kernel-PnP","222","시작",,"End querying bus relations for device SWD\DRIVERENUM\AMDFDANS&7&16b8ddb4&0"
"09:49:33.5528830","Kernel-PnP","220","시작",,"Begin querying bus relations for device SWD\DRIVERENUM\AMDOCL&7&16b8ddb4&0"
"09:49:33.5528836","Kernel-PnP","222","시작",,"End querying bus relations for device SWD\DRIVERENUM\AMDOCL&7&16b8ddb4&0"
"09:49:33.5528879","Kernel-PnP","220","시작",,"Begin querying bus relations for device SWD\DRIVERENUM\AMDOGL&7&16b8ddb4&0"
"09:49:33.5528885","Kernel-PnP","222","시작",,"End querying bus relations for device SWD\DRIVERENUM\AMDOGL&7&16b8ddb4&0"
"09:49:33.5528924","Kernel-PnP","220","시작",,"Begin querying bus relations for device SWD\DRIVERENUM\AMDVLK&7&16b8ddb4&0"
"09:49:33.5528930","Kernel-PnP","222","시작",,"End querying bus relations for device SWD\DRIVERENUM\AMDVLK&7&16b8ddb4&0"
"09:49:33.5528971","Kernel-PnP","220","시작",,"Begin querying bus relations for device SWD\DRIVERENUM\AMDWIN&7&16b8ddb4&0"
"09:49:33.5528978","Kernel-PnP","222","시작",,"End querying bus relations for device SWD\DRIVERENUM\AMDWIN&7&16b8ddb4&0"
"09:49:33.5529018","Kernel-PnP","220","시작",,"Begin querying bus relations for device DISPLAY\BBC0104\7&16b8ddb4&0&UID265"
"09:49:33.5529066","Kernel-PnP","222","시작",,"End querying bus relations for device DISPLAY\BBC0104\7&16b8ddb4&0&UID265"
"09:49:33.5529120","Kernel-PnP","220","시작",,"Begin querying bus relations for device DISPLAY\SAM79DF\7&16b8ddb4&0&UID256"
"09:49:33.5529140","Kernel-PnP","222","시작",,"End querying bus relations for device DISPLAY\SAM79DF\7&16b8ddb4&0&UID256"
"09:49:33.5564161","DxgKrnl","10011","정보",,""
"09:49:33.5564371","DxgKrnl","10011","정보",,""
"09:49:33.5564881","DxgKrnl","10011","정보",,""
"09:49:33.5564930","DxgKrnl","10011","정보",,""
"09:49:33.5564967","DxgKrnl","10011","정보",,""
"09:49:33.5608818","DxgKrnl","10011","정보",,""
"09:49:33.5609581","DxgKrnl","10011","정보",,""
"09:49:33.5610633","Kernel-PnP","808","시작",,"End device add, status (STATUS_SUCCESS)"
"09:49:33.5614060","Kernel-PnP","220","시작",,"Begin querying bus relations for device DISPLAY\SAM7B0C\7&16b8ddb4&0&UID260"
"09:49:33.5614116","Kernel-PnP","222","시작",,"End querying bus relations for device DISPLAY\SAM7B0C\7&16b8ddb4&0&UID260"
"09:49:33.5618029","DxgKrnl","10011","정보",,""
"09:49:33.5818799","DxgKrnl","10011","정보",,""
"09:49:33.5819523","DxgKrnl","10011","정보",,""
"09:49:33.5819962","DxgKrnl","10011","정보",,""
"09:49:33.5833231","DxgKrnl","10011","정보",,""
"09:49:33.5833770","DxgKrnl","10011","정보",,""
"09:49:33.5835129","DxgKrnl","10011","정보",,""
"09:49:33.5835705","DxgKrnl","10011","정보",,""
"09:49:33.5835717","DxgKrnl","10011","정보",,""
"09:49:33.5836255","DxgKrnl","10011","정보",,""
"09:49:33.5836276","DxgKrnl","10011","정보",,""
"09:49:33.5836803","DxgKrnl","10011","정보",,""
"09:49:33.5836855","DxgKrnl","10011","정보",,""
"09:49:33.5837382","DxgKrnl","10011","정보",,""
"09:49:33.5856580","DxgKrnl","10011","정보",,""
"09:49:33.5856603","DxgKrnl","10011","정보",,""
"09:49:33.5856728","DxgKrnl","10011","정보",,""
"09:49:33.5857329","DxgKrnl","10011","정보",,""
"09:49:33.5859458","DxgKrnl","10011","정보",,""
"09:49:33.5859471","DxgKrnl","10011","정보",,""
"09:49:33.5859491","DxgKrnl","10011","정보",,""
"09:49:33.5862450","DxgKrnl","10011","정보",,""
"09:49:33.5908557","DxgKrnl","10011","정보",,""
"09:49:33.5909391","DxgKrnl","10011","정보",,""
"09:49:33.5931737","DxgKrnl","10011","정보",,""
"09:49:33.5932387","DxgKrnl","10011","정보",,""
"09:49:33.5932398","DxgKrnl","10011","정보",,""
"09:49:33.5932942","DxgKrnl","10011","정보",,""
"09:49:33.5932957","DxgKrnl","10011","정보",,""
"09:49:33.5933526","DxgKrnl","10011","정보",,""
"09:49:33.5933581","DxgKrnl","10011","정보",,""
"09:49:33.5934117","DxgKrnl","10011","정보",,""
"09:49:33.5937916","DxgKrnl","10011","정보",,""
"09:49:33.5938692","DxgKrnl","10011","정보",,""
"09:49:33.5987356","DxgKrnl","10011","정보",,""
"09:49:33.5988069","DxgKrnl","10011","정보",,""
"09:49:33.6069680","DxgKrnl","10011","정보",,""
"09:49:33.6075010","DxgKrnl","10011","정보",,""
"09:49:33.6120562","DxgKrnl","10011","정보",,""
"09:49:33.6120845","DxgKrnl","10011","정보",,""
"09:49:33.6121480","DxgKrnl","10011","정보",,""
"09:49:33.6121516","DxgKrnl","10011","정보",,""
"09:49:33.6121538","DxgKrnl","10011","정보",,""
"09:49:33.6158106","DxgKrnl","10011","정보",,""
"09:49:33.6158728","DxgKrnl","10011","정보",,""
"09:49:33.6183903","DxgKrnl","10011","정보",,""
"09:49:33.6184864","DxgKrnl","10011","정보",,""
"09:49:33.6185147","DxgKrnl","10011","정보",,""
"09:49:33.6186227","DxgKrnl","10011","정보",,""
"09:49:33.6186314","DxgKrnl","10011","정보",,""
"09:49:33.6186376","DxgKrnl","10011","정보",,""
"09:49:33.6186500","DxgKrnl","10011","정보",,""
"09:49:33.6187195","DxgKrnl","10011","정보",,""
"09:49:33.6190350","DxgKrnl","10011","정보",,""
"09:49:33.6190384","DxgKrnl","10011","정보",,""
"09:49:33.6190434","DxgKrnl","10011","정보",,""
"09:49:33.6190446","DxgKrnl","10011","정보",,""
"09:49:33.6190448","DxgKrnl","10011","정보",,""
"09:49:33.6230898","DxgKrnl","10011","정보",,""
"09:49:33.6231556","DxgKrnl","10011","정보",,""
"09:49:33.6281339","DxgKrnl","10011","정보",,""
"09:49:33.6281958","DxgKrnl","10011","정보",,""
"09:49:33.8047722","DxgKrnl","10011","정보",,""
"09:49:33.8048937","DxgKrnl","10011","정보",,""
"09:49:33.8048955","DxgKrnl","10011","정보",,""
"09:49:33.8049817","DxgKrnl","10011","정보",,""
"09:49:33.8049842","DxgKrnl","10011","정보",,""
"09:49:33.8050621","DxgKrnl","10011","정보",,""
"09:49:33.8050726","DxgKrnl","10011","정보",,""
"09:49:33.8051501","DxgKrnl","10011","정보",,""
"09:49:33.8109649","DxgKrnl","10011","정보",,""
"09:49:33.8114475","DxgKrnl","10011","정보",,""
"09:49:33.8114497","DxgKrnl","10011","정보",,""
"09:49:33.8115819","DxgKrnl","10011","정보",,""
"09:49:33.8115864","DxgKrnl","10011","정보",,""
"09:49:33.8118620","DxgKrnl","10011","정보",,""
"09:49:33.8122498","DxgKrnl","10011","정보",,""
"09:49:33.8123186","DxgKrnl","10011","정보",,""
"09:49:33.8141939","DxgKrnl","10011","정보",,""
"09:49:33.8142378","DxgKrnl","10011","정보",,""
"09:49:33.8143003","DxgKrnl","10011","정보",,""
"09:49:33.8144322","DxgKrnl","10011","정보",,""
"09:49:33.8145208","DxgKrnl","10011","정보",,""
"09:49:33.8164206","DxgKrnl","10011","정보",,""
"09:49:33.8164847","DxgKrnl","10011","정보",,""
"09:49:33.8191936","DxgKrnl","10011","정보",,""
"09:49:33.8210264","DxgKrnl","10011","정보",,""
"09:49:33.8210391","DxgKrnl","10011","정보",,""
"09:49:33.8210400","DxgKrnl","10011","정보",,""
"09:49:33.8211751","DxgKrnl","10011","정보",,""
"09:49:33.8213868","DxgKrnl","10011","정보",,""
"09:49:33.8232431","DxgKrnl","10011","정보",,""
"09:49:33.8233384","DxgKrnl","10011","정보",,""
"09:49:33.8341257","DxgKrnl","10011","정보",,""
"09:49:33.8341997","DxgKrnl","10011","정보",,""
"09:49:33.8342048","DxgKrnl","10011","정보",,""
"09:49:33.8344061","DxgKrnl","10011","정보",,""
"09:49:33.8344102","DxgKrnl","10011","정보",,""
"09:49:33.8367033","DxgKrnl","10011","정보",,""
"09:49:33.8380578","DxgKrnl","10011","정보",,""
"09:49:33.8380700","DxgKrnl","10011","정보",,""
"09:49:33.8380709","DxgKrnl","10011","정보",,""
"09:49:33.8395000","DxgKrnl","10011","정보",,""
"09:49:33.8398085","DxgKrnl","10011","정보",,""
"09:49:33.8426300","DxgKrnl","10011","정보",,""
"09:49:33.8428527","DxgKrnl","10011","정보",,""
"09:49:33.8445742","DxgKrnl","10011","정보",,""
"09:49:33.8454097","DxgKrnl","10011","정보",,""
"09:49:33.8632282","DxgKrnl","10011","정보",,""
"09:49:33.8632976","DxgKrnl","10011","정보",,""
"09:50:19.1981067","Kernel-PnP","220","시작",,"Begin querying bus relations for device PCI\VEN_1002&DEV_7550&SUBSYS_E4891DA2&REV_C0\6&8916a45&0&00000009"
"09:50:19.1981629","DxgKrnl","10011","정보",,""
"09:50:19.2391449","DxgKrnl","10011","정보",,""
"09:50:19.2391969","Kernel-PnP","222","시작",,"End querying bus relations for device PCI\VEN_1002&DEV_7550&SUBSYS_E4891DA2&REV_C0\6&8916a45&0&00000009"
"09:50:19.2393717","DxgKrnl","10011","정보",,""
"09:50:19.2393743","DxgKrnl","10011","정보",,""
"09:50:19.2394644","Kernel-PnP","1010","시작",,"버스에 누락 된 것으로 보고 된 장치 DISPLAY\SAM7B0C\7&16b8ddb4&0&UID260이 (가) 제거 되었습니다. 제거 된 장치 수 | 개수: 1"
"09:50:19.2398728","DxgKrnl","10011","정보",,""
"09:50:19.2399448","DxgKrnl","10011","정보",,""
"09:50:19.2400163","Kernel-PnP","220","시작",,"Begin querying bus relations for device SWD\DRIVERENUM\AMDCP&7&16b8ddb4&0"
"09:50:19.2400220","Kernel-PnP","222","시작",,"End querying bus relations for device SWD\DRIVERENUM\AMDCP&7&16b8ddb4&0"
"09:50:19.2400433","Kernel-PnP","220","시작",,"Begin querying bus relations for device SWD\DRIVERENUM\AMDFDANS&7&16b8ddb4&0"
"09:50:19.2400624","Kernel-PnP","222","시작",,"End querying bus relations for device SWD\DRIVERENUM\AMDFDANS&7&16b8ddb4&0"
"09:50:19.2400803","Kernel-PnP","220","시작",,"Begin querying bus relations for device SWD\DRIVERENUM\AMDOCL&7&16b8ddb4&0"
"09:50:19.2400841","Kernel-PnP","222","시작",,"End querying bus relations for device SWD\DRIVERENUM\AMDOCL&7&16b8ddb4&0"
"09:50:19.2400946","Kernel-PnP","220","시작",,"Begin querying bus relations for device SWD\DRIVERENUM\AMDOGL&7&16b8ddb4&0"
"09:50:19.2400962","Kernel-PnP","222","시작",,"End querying bus relations for device SWD\DRIVERENUM\AMDOGL&7&16b8ddb4&0"
"09:50:19.2401081","Kernel-PnP","220","시작",,"Begin querying bus relations for device SWD\DRIVERENUM\AMDVLK&7&16b8ddb4&0"
"09:50:19.2401095","Kernel-PnP","222","시작",,"End querying bus relations for device SWD\DRIVERENUM\AMDVLK&7&16b8ddb4&0"
"09:50:19.2401318","Kernel-PnP","220","시작",,"Begin querying bus relations for device SWD\DRIVERENUM\AMDWIN&7&16b8ddb4&0"
"09:50:19.2401359","Kernel-PnP","222","시작",,"End querying bus relations for device SWD\DRIVERENUM\AMDWIN&7&16b8ddb4&0"
"09:50:19.2401904","Kernel-PnP","220","시작",,"Begin querying bus relations for device DISPLAY\BBC0104\7&16b8ddb4&0&UID265"
"09:50:19.2402027","Kernel-PnP","222","시작",,"End querying bus relations for device DISPLAY\BBC0104\7&16b8ddb4&0&UID265"
"09:50:19.2402266","Kernel-PnP","220","시작",,"Begin querying bus relations for device DISPLAY\SAM79DF\7&16b8ddb4&0&UID256"
"09:50:19.2402313","Kernel-PnP","222","시작",,"End querying bus relations for device DISPLAY\SAM79DF\7&16b8ddb4&0&UID256"
"09:50:19.2413918","DxgKrnl","10011","정보",,""
"09:50:19.2415533","DxgKrnl","10011","정보",,""
"09:50:19.2419588","Kernel-PnP","808","시작",,"End device add, status (STATUS_SUCCESS)"
"09:50:19.2423165","Kernel-PnP","220","시작",,"Begin querying bus relations for device DISPLAY\Default_Monitor\7&16b8ddb4&0&UID260"
"09:50:19.2423201","Kernel-PnP","222","시작",,"End querying bus relations for device DISPLAY\Default_Monitor\7&16b8ddb4&0&UID260"
"09:50:19.2425815","DxgKrnl","10011","정보",,""
"09:50:19.2460364","DxgKrnl","10011","정보",,""
"09:50:19.2461297","DxgKrnl","10011","정보",,""
"09:50:19.2547119","DxgKrnl","10011","정보",,""
"09:50:19.2547462","DxgKrnl","10011","정보",,""
"09:50:19.2548219","DxgKrnl","10011","정보",,""
"09:50:19.2548271","DxgKrnl","10011","정보",,""
"09:50:19.2548293","DxgKrnl","10011","정보",,""
"09:50:19.2583250","DxgKrnl","10011","정보",,""
"09:50:19.2583922","DxgKrnl","10011","정보",,""
"09:50:19.3355567","DxgKrnl","10011","정보",,""
"09:50:19.3356562","DxgKrnl","10011","정보",,""
"09:50:19.3356948","DxgKrnl","10011","정보",,""
"09:50:19.3368843","DxgKrnl","10011","정보",,""
"09:50:19.3369528","DxgKrnl","10011","정보",,""
"09:50:19.3370929","DxgKrnl","10011","정보",,""
"09:50:19.3371644","DxgKrnl","10011","정보",,""
"09:50:19.3371659","DxgKrnl","10011","정보",,""
"09:50:19.3372332","DxgKrnl","10011","정보",,""
"09:50:19.3372348","DxgKrnl","10011","정보",,""
"09:50:19.3373024","DxgKrnl","10011","정보",,""
"09:50:19.3373053","DxgKrnl","10011","정보",,""
"09:50:19.3373729","DxgKrnl","10011","정보",,""
"09:50:19.3373780","DxgKrnl","10011","정보",,""
"09:50:19.3374452","DxgKrnl","10011","정보",,""
"09:50:19.3374486","DxgKrnl","10011","정보",,""
"09:50:19.3375183","DxgKrnl","10011","정보",,""
"09:50:19.3394839","DxgKrnl","10011","정보",,""
"09:50:19.3394856","DxgKrnl","10011","정보",,""
"09:50:19.3395408","DxgKrnl","10011","정보",,""
"09:50:19.3395629","DxgKrnl","10011","정보",,""
"09:50:19.3396167","DxgKrnl","10011","정보",,""
"09:50:19.3400221","DxgKrnl","10011","정보",,""
"09:50:19.3400347","DxgKrnl","10011","정보",,""
"09:50:19.3400359","DxgKrnl","10011","정보",,""
"09:50:19.3405668","DxgKrnl","10011","정보",,""
"09:50:19.3406466","DxgKrnl","10011","정보",,""
"09:50:19.3549997","DxgKrnl","10011","정보",,""
"09:50:19.3550831","DxgKrnl","10011","정보",,""
"09:50:19.3550843","DxgKrnl","10011","정보",,""
"09:50:19.3551539","DxgKrnl","10011","정보",,""
"09:50:19.3551548","DxgKrnl","10011","정보",,""
"09:50:19.3552237","DxgKrnl","10011","정보",,""
"09:50:19.3552255","DxgKrnl","10011","정보",,""
"09:50:19.3552960","DxgKrnl","10011","정보",,""
"09:50:19.3553011","DxgKrnl","10011","정보",,""
"09:50:19.3553693","DxgKrnl","10011","정보",,""
"09:50:19.3553723","DxgKrnl","10011","정보",,""
"09:50:19.3554422","DxgKrnl","10011","정보",,""
"09:50:19.3560010","DxgKrnl","10011","정보",,""
"09:50:19.3560690","DxgKrnl","10011","정보",,""
"09:50:19.3600327","DxgKrnl","10011","정보",,""
"09:50:19.3615229","DxgKrnl","10011","정보",,""
"09:50:19.3631060","DxgKrnl","10011","정보",,""
"09:50:19.3631871","DxgKrnl","10011","정보",,""
"09:50:19.3677078","DxgKrnl","10011","정보",,""
"09:50:19.3683804","DxgKrnl","10011","정보",,""
"09:50:19.3688025","DxgKrnl","10011","정보",,""
"09:50:19.3688856","DxgKrnl","10011","정보",,""
"09:50:19.4107379","Kernel-PnP","220","시작",,"Begin querying bus relations for device PCI\VEN_1002&DEV_7550&SUBSYS_E4891DA2&REV_C0\6&8916a45&0&00000009"
"09:50:19.4672004","Kernel-PnP","222","시작",,"End querying bus relations for device PCI\VEN_1002&DEV_7550&SUBSYS_E4891DA2&REV_C0\6&8916a45&0&00000009"
"09:50:19.4674010","Kernel-PnP","1010","시작",,"버스에 누락 된 것으로 보고 된 장치 DISPLAY\Default_Monitor\7&16b8ddb4&0&UID260이 (가) 제거 되었습니다. 제거 된 장치 수 | 개수: 1"
"09:50:19.4678425","Kernel-PnP","220","시작",,"Begin querying bus relations for device SWD\DRIVERENUM\AMDCP&7&16b8ddb4&0"
"09:50:19.4678456","Kernel-PnP","222","시작",,"End querying bus relations for device SWD\DRIVERENUM\AMDCP&7&16b8ddb4&0"
"09:50:19.4678598","Kernel-PnP","220","시작",,"Begin querying bus relations for device SWD\DRIVERENUM\AMDFDANS&7&16b8ddb4&0"
"09:50:19.4678609","Kernel-PnP","222","시작",,"End querying bus relations for device SWD\DRIVERENUM\AMDFDANS&7&16b8ddb4&0"
"09:50:19.4678679","Kernel-PnP","220","시작",,"Begin querying bus relations for device SWD\DRIVERENUM\AMDOCL&7&16b8ddb4&0"
"09:50:19.4678689","Kernel-PnP","222","시작",,"End querying bus relations for device SWD\DRIVERENUM\AMDOCL&7&16b8ddb4&0"
"09:50:19.4678740","Kernel-PnP","220","시작",,"Begin querying bus relations for device SWD\DRIVERENUM\AMDOGL&7&16b8ddb4&0"
"09:50:19.4678749","Kernel-PnP","222","시작",,"End querying bus relations for device SWD\DRIVERENUM\AMDOGL&7&16b8ddb4&0"
"09:50:19.4678817","Kernel-PnP","220","시작",,"Begin querying bus relations for device SWD\DRIVERENUM\AMDVLK&7&16b8ddb4&0"
"09:50:19.4678827","Kernel-PnP","222","시작",,"End querying bus relations for device SWD\DRIVERENUM\AMDVLK&7&16b8ddb4&0"
"09:50:19.4678905","Kernel-PnP","220","시작",,"Begin querying bus relations for device SWD\DRIVERENUM\AMDWIN&7&16b8ddb4&0"
"09:50:19.4678916","Kernel-PnP","222","시작",,"End querying bus relations for device SWD\DRIVERENUM\AMDWIN&7&16b8ddb4&0"
"09:50:19.4678976","Kernel-PnP","220","시작",,"Begin querying bus relations for device DISPLAY\BBC0104\7&16b8ddb4&0&UID265"
"09:50:19.4679034","Kernel-PnP","222","시작",,"End querying bus relations for device DISPLAY\BBC0104\7&16b8ddb4&0&UID265"
"09:50:19.4679098","Kernel-PnP","220","시작",,"Begin querying bus relations for device DISPLAY\SAM79DF\7&16b8ddb4&0&UID256"
"09:50:19.4679128","Kernel-PnP","222","시작",,"End querying bus relations for device DISPLAY\SAM79DF\7&16b8ddb4&0&UID256"
"09:50:19.4680102","DxgKrnl","10011","정보",,""
"09:50:19.4682319","DxgKrnl","10011","정보",,""
"09:50:19.4697709","DxgKrnl","10011","정보",,""
"09:50:19.4698526","DxgKrnl","10011","정보",,""
"09:50:19.4899646","DxgKrnl","10011","정보",,""
"09:50:19.4900537","DxgKrnl","10011","정보",,""
"09:50:19.4968426","DxgKrnl","10011","정보",,""
"09:50:19.4968679","DxgKrnl","10011","정보",,""
"09:50:19.4969484","DxgKrnl","10011","정보",,""
"09:50:19.4969523","DxgKrnl","10011","정보",,""
"09:50:19.4969544","DxgKrnl","10011","정보",,""
"09:50:19.4972568","DxgKrnl","10011","정보",,""
"09:50:19.4973282","DxgKrnl","10011","정보",,""
"09:50:19.5170445","DxgKrnl","10011","정보",,""
"09:50:19.5265687","DxgKrnl","10011","정보",,""
"09:50:19.5266177","DxgKrnl","10011","정보",,""
"09:50:19.5266624","DxgKrnl","10011","정보",,""
"09:50:19.5271384","DxgKrnl","10011","정보",,""
"09:50:19.5271684","DxgKrnl","10011","정보",,""
"09:50:19.5272301","DxgKrnl","10011","정보",,""
"09:50:19.5272623","DxgKrnl","10011","정보",,""
"09:50:19.5272670","DxgKrnl","10011","정보",,""
"09:50:19.5272968","DxgKrnl","10011","정보",,""
"09:50:19.5290557","DxgKrnl","10011","정보",,""
"09:50:19.5290585","DxgKrnl","10011","정보",,""
"09:50:19.5290813","DxgKrnl","10011","정보",,""
"09:50:19.5290974","DxgKrnl","10011","정보",,""
"09:50:19.5291009","DxgKrnl","10011","정보",,""
"09:50:19.5293266","DxgKrnl","10011","정보",,""
"09:50:19.5293267","DxgKrnl","10011","정보",,""
"09:50:19.5293283","DxgKrnl","10011","정보",,""
"09:50:19.5294441","DxgKrnl","10011","정보",,""
"09:50:19.5294479","DxgKrnl","10011","정보",,""
"09:50:19.5299555","DxgKrnl","10011","정보",,""
"09:50:19.5299993","DxgKrnl","10011","정보",,""
"09:50:19.5428903","DxgKrnl","10011","정보",,""
"09:50:19.5429561","DxgKrnl","10011","정보",,""
"09:50:19.5429578","DxgKrnl","10011","정보",,""
"09:50:19.5429919","DxgKrnl","10011","정보",,""
"09:50:19.5436242","DxgKrnl","10011","정보",,""
"09:50:19.5436649","DxgKrnl","10011","정보",,""
"09:50:19.5470230","DxgKrnl","10011","정보",,""
"09:50:19.5479118","DxgKrnl","10011","정보",,""
"09:50:19.5489139","DxgKrnl","10011","정보",,""
"09:50:19.5489695","DxgKrnl","10011","정보",,""
"09:50:19.5510572","DxgKrnl","10011","정보",,""
"09:50:19.5511095","DxgKrnl","10011","정보",,""
"09:50:19.5547102","DxgKrnl","10011","정보",,""
"09:50:19.5558621","DxgKrnl","10011","정보",,""
"09:50:19.6431362","DxgKrnl","10011","정보",,""
"09:50:19.6437947","DxgKrnl","10011","정보",,""
"09:50:19.6438758","DxgKrnl","10011","정보",,""
"09:50:19.6439349","DxgKrnl","10011","정보",,""
"09:50:19.6439732","DxgKrnl","10011","정보",,""
"09:50:19.6444460","DxgKrnl","10011","정보",,""
"09:50:19.6444791","DxgKrnl","10011","정보",,""
"09:50:19.6445250","DxgKrnl","10011","정보",,""
"09:50:19.6452590","DxgKrnl","10011","정보",,""
"09:50:19.6453050","DxgKrnl","10011","정보",,""
"09:50:19.6487318","DxgKrnl","10011","정보",,""
"09:50:19.6489217","DxgKrnl","10011","정보",,""
"09:50:19.6489297","DxgKrnl","10011","정보",,""
"09:50:19.6490255","DxgKrnl","10011","정보",,""
"09:50:19.6490287","DxgKrnl","10011","정보",,""
"09:50:19.6556916","DxgKrnl","10011","정보",,""
"09:50:19.6557455","DxgKrnl","10011","정보",,""
"09:50:19.6583154","DxgKrnl","10011","정보",,""
"09:50:19.6583675","DxgKrnl","10011","정보",,""
"09:50:19.6612427","DxgKrnl","10011","정보",,""
"09:50:19.6612953","DxgKrnl","10011","정보",,""
"09:50:19.6644209","DxgKrnl","10011","정보",,""
"09:50:19.6644249","DxgKrnl","10011","정보",,""
"09:50:19.6646342","DxgKrnl","10011","정보",,""
"09:50:19.6646348","DxgKrnl","10011","정보",,""
"09:50:19.6663751","DxgKrnl","10011","정보",,""
"09:50:19.6675336","DxgKrnl","10011","정보",,""
"09:50:19.6679307","DxgKrnl","10011","정보",,""
"09:50:19.6679458","DxgKrnl","10011","정보",,""
"09:50:19.6679467","DxgKrnl","10011","정보",,""
"09:50:19.6680160","DxgKrnl","10011","정보",,""
"09:50:19.6680267","DxgKrnl","10011","정보",,""
"09:50:19.6683206","DxgKrnl","10011","정보",,""
"09:50:19.6694249","DxgKrnl","10011","정보",,""
"09:50:19.6694804","DxgKrnl","10011","정보",,""
"09:50:19.6739057","DxgKrnl","10011","정보",,""
"09:50:19.6739598","DxgKrnl","10011","정보",,""
"09:50:19.7559078","DxgKrnl","10011","정보",,""
"09:50:19.7566793","DxgKrnl","10011","정보",,""
"09:50:22.7320861","DxgKrnl","10011","정보",,""
"09:50:22.9634737","Kernel-PnP","220","시작",,"Begin querying bus relations for device PCI\VEN_1002&DEV_7550&SUBSYS_E4891DA2&REV_C0\6&8916a45&0&00000009"
"09:50:22.9635393","DxgKrnl","10011","정보",,""
"09:50:22.9637829","DxgKrnl","10011","정보",,""
"09:50:22.9638677","DxgKrnl","10011","정보",,""
"09:50:22.9650628","DxgKrnl","10011","정보",,""
"09:50:22.9651213","DxgKrnl","10011","정보",,""
"09:50:22.9656131","DxgKrnl","10011","정보",,""
"09:50:22.9656588","DxgKrnl","10011","정보",,""
"09:50:22.9664310","DxgKrnl","10011","정보",,""
"09:50:22.9691308","DxgKrnl","10011","정보",,""
"09:50:22.9700193","Kernel-PnP","222","시작",,"End querying bus relations for device PCI\VEN_1002&DEV_7550&SUBSYS_E4891DA2&REV_C0\6&8916a45&0&00000009"
"09:50:22.9700757","Kernel-PnP","220","시작",,"Begin querying bus relations for device SWD\DRIVERENUM\AMDCP&7&16b8ddb4&0"
"09:50:22.9700774","Kernel-PnP","222","시작",,"End querying bus relations for device SWD\DRIVERENUM\AMDCP&7&16b8ddb4&0"
"09:50:22.9700835","Kernel-PnP","220","시작",,"Begin querying bus relations for device SWD\DRIVERENUM\AMDFDANS&7&16b8ddb4&0"
"09:50:22.9700844","Kernel-PnP","222","시작",,"End querying bus relations for device SWD\DRIVERENUM\AMDFDANS&7&16b8ddb4&0"
"09:50:22.9700893","Kernel-PnP","220","시작",,"Begin querying bus relations for device SWD\DRIVERENUM\AMDOCL&7&16b8ddb4&0"
"09:50:22.9700900","Kernel-PnP","222","시작",,"End querying bus relations for device SWD\DRIVERENUM\AMDOCL&7&16b8ddb4&0"
"09:50:22.9700945","Kernel-PnP","220","시작",,"Begin querying bus relations for device SWD\DRIVERENUM\AMDOGL&7&16b8ddb4&0"
"09:50:22.9700952","Kernel-PnP","222","시작",,"End querying bus relations for device SWD\DRIVERENUM\AMDOGL&7&16b8ddb4&0"
"09:50:22.9700996","Kernel-PnP","220","시작",,"Begin querying bus relations for device SWD\DRIVERENUM\AMDVLK&7&16b8ddb4&0"
"09:50:22.9701006","Kernel-PnP","222","시작",,"End querying bus relations for device SWD\DRIVERENUM\AMDVLK&7&16b8ddb4&0"
"09:50:22.9701046","Kernel-PnP","220","시작",,"Begin querying bus relations for device SWD\DRIVERENUM\AMDWIN&7&16b8ddb4&0"
"09:50:22.9701053","Kernel-PnP","222","시작",,"End querying bus relations for device SWD\DRIVERENUM\AMDWIN&7&16b8ddb4&0"
"09:50:22.9701096","Kernel-PnP","220","시작",,"Begin querying bus relations for device DISPLAY\BBC0104\7&16b8ddb4&0&UID265"
"09:50:22.9701145","Kernel-PnP","222","시작",,"End querying bus relations for device DISPLAY\BBC0104\7&16b8ddb4&0&UID265"
"09:50:22.9701204","Kernel-PnP","220","시작",,"Begin querying bus relations for device DISPLAY\SAM79DF\7&16b8ddb4&0&UID256"
"09:50:22.9701224","Kernel-PnP","222","시작",,"End querying bus relations for device DISPLAY\SAM79DF\7&16b8ddb4&0&UID256"
"09:50:22.9752887","Kernel-PnP","808","시작",,"End device add, status (STATUS_SUCCESS)"
"09:50:22.9756278","Kernel-PnP","220","시작",,"Begin querying bus relations for device DISPLAY\SAM7B0C\7&16b8ddb4&0&UID260"
"09:50:22.9756316","Kernel-PnP","222","시작",,"End querying bus relations for device DISPLAY\SAM7B0C\7&16b8ddb4&0&UID260"
"09:50:22.9759147","DxgKrnl","10011","정보",,""
"09:50:22.9759899","DxgKrnl","10011","정보",,""
"09:50:22.9760394","DxgKrnl","10011","정보",,""
"09:50:22.9760975","DxgKrnl","10011","정보",,""
"09:50:22.9761057","DxgKrnl","10011","정보",,""
"09:50:22.9761087","DxgKrnl","10011","정보",,""
"09:50:22.9798302","DxgKrnl","10011","정보",,""
"09:50:22.9798778","DxgKrnl","10011","정보",,""
"09:50:22.9992364","DxgKrnl","10011","정보",,""
"09:50:22.9993024","DxgKrnl","10011","정보",,""
"09:50:22.9993517","DxgKrnl","10011","정보",,""
"09:50:23.0006213","DxgKrnl","10011","정보",,""
"09:50:23.0006747","DxgKrnl","10011","정보",,""
"09:50:23.0008247","DxgKrnl","10011","정보",,""
"09:50:23.0008819","DxgKrnl","10011","정보",,""
"09:50:23.0008828","DxgKrnl","10011","정보",,""
"09:50:23.0009355","DxgKrnl","10011","정보",,""
"09:50:23.0009371","DxgKrnl","10011","정보",,""
"09:50:23.0009911","DxgKrnl","10011","정보",,""
"09:50:23.0009960","DxgKrnl","10011","정보",,""
"09:50:23.0010480","DxgKrnl","10011","정보",,""
"09:50:23.0030190","DxgKrnl","10011","정보",,""
"09:50:23.0030309","DxgKrnl","10011","정보",,""
"09:50:23.0032540","DxgKrnl","10011","정보",,""
"09:50:23.0032708","DxgKrnl","10011","정보",,""
"09:50:23.0073566","DxgKrnl","10011","정보",,""
"09:50:23.0074205","DxgKrnl","10011","정보",,""
"09:50:23.0220090","DxgKrnl","10011","정보",,""
"09:50:23.0221087","DxgKrnl","10011","정보",,""
"09:50:23.0221104","DxgKrnl","10011","정보",,""
"09:50:23.0221656","DxgKrnl","10011","정보",,""
"09:50:23.0221672","DxgKrnl","10011","정보",,""
"09:50:23.0222206","DxgKrnl","10011","정보",,""
"09:50:23.0222265","DxgKrnl","10011","정보",,""
"09:50:23.0222886","DxgKrnl","10011","정보",,""
"09:50:23.0228149","DxgKrnl","10011","정보",,""
"09:50:23.0228668","DxgKrnl","10011","정보",,""
"09:50:23.0257746","DxgKrnl","10011","정보",,""
"09:50:23.0265637","DxgKrnl","10011","정보",,""
"09:50:23.0281141","DxgKrnl","10011","정보",,""
"09:50:23.0281813","DxgKrnl","10011","정보",,""
"09:50:23.0320989","DxgKrnl","10011","정보",,""
"09:50:23.0329424","DxgKrnl","10011","정보",,""
"09:50:23.0456830","DxgKrnl","10011","정보",,""
"09:50:23.0457154","DxgKrnl","10011","정보",,""
"09:50:23.0457834","DxgKrnl","10011","정보",,""
"09:50:23.0457879","DxgKrnl","10011","정보",,""
"09:50:23.0457901","DxgKrnl","10011","정보",,""
"09:50:23.0503759","DxgKrnl","10011","정보",,""
"09:50:23.0504404","DxgKrnl","10011","정보",,""
"09:50:23.0533553","DxgKrnl","10011","정보",,""
"09:50:23.0534218","DxgKrnl","10011","정보",,""
"09:50:23.0534677","DxgKrnl","10011","정보",,""
"09:50:23.0535772","DxgKrnl","10011","정보",,""
"09:50:23.0535783","DxgKrnl","10011","정보",,""
"09:50:23.0535839","DxgKrnl","10011","정보",,""
"09:50:23.0535973","DxgKrnl","10011","정보",,""
"09:50:23.0536090","DxgKrnl","10011","정보",,""
"09:50:23.0537296","DxgKrnl","10011","정보",,""
"09:50:23.0537297","DxgKrnl","10011","정보",,""
"09:50:23.0538722","DxgKrnl","10011","정보",,""
"09:50:23.0539382","DxgKrnl","10011","정보",,""
"09:50:23.0539394","DxgKrnl","10011","정보",,""
"09:50:23.0597066","DxgKrnl","10011","정보",,""
"09:50:23.0597885","DxgKrnl","10011","정보",,""
"09:50:23.0669999","DxgKrnl","10011","정보",,""
"09:50:23.0670842","DxgKrnl","10011","정보",,""
"09:50:23.0768174","DxgKrnl","10011","정보",,""
"09:50:23.0776302","DxgKrnl","10011","정보",,""
"09:50:23.2270595","DxgKrnl","10011","정보",,""
"09:50:23.2273790","DxgKrnl","10011","정보",,""
"09:50:23.2279341","DxgKrnl","10011","정보",,""
"09:50:23.2280572","DxgKrnl","10011","정보",,""
"09:50:23.2315868","DxgKrnl","10011","정보",,""
"09:50:23.2316428","DxgKrnl","10011","정보",,""
"09:50:23.2317159","DxgKrnl","10011","정보",,""
"09:50:23.2317988","DxgKrnl","10011","정보",,""
"09:50:23.2318797","DxgKrnl","10011","정보",,""
"09:50:23.2324830","DxgKrnl","10011","정보",,""
"09:50:23.2325805","DxgKrnl","10011","정보",,""
"09:50:23.2349016","DxgKrnl","10011","정보",,""
"09:50:23.2367503","DxgKrnl","10011","정보",,""
"09:50:23.2367622","DxgKrnl","10011","정보",,""
"09:50:23.2367631","DxgKrnl","10011","정보",,""
"09:50:23.2373913","DxgKrnl","10011","정보",,""
"09:50:23.2374853","DxgKrnl","10011","정보",,""
"09:50:23.2386587","DxgKrnl","10011","정보",,""
"09:50:23.2388612","DxgKrnl","10011","정보",,""
"09:50:23.2478063","DxgKrnl","10011","정보",,""
"09:50:23.2478635","DxgKrnl","10011","정보",,""
"09:50:23.2478699","DxgKrnl","10011","정보",,""
"09:50:23.2480390","DxgKrnl","10011","정보",,""
"09:50:23.2480399","DxgKrnl","10011","정보",,""
"09:50:23.2512379","DxgKrnl","10011","정보",,""
"09:50:23.2529494","DxgKrnl","10011","정보",,""
"09:50:23.2529624","DxgKrnl","10011","정보",,""
"09:50:23.2529632","DxgKrnl","10011","정보",,""
"09:50:23.2531354","DxgKrnl","10011","정보",,""
"09:50:23.2532401","DxgKrnl","10011","정보",,""
"09:50:23.2539739","DxgKrnl","10011","정보",,""
"09:50:23.2548124","DxgKrnl","10011","정보",,""
"09:50:23.2550077","DxgKrnl","10011","정보",,""
"09:50:23.2550392","DxgKrnl","10011","정보",,""
"09:50:23.2550847","DxgKrnl","10011","정보",,""
"09:50:23.2551687","DxgKrnl","10011","정보",,""
"09:50:23.2746697","DxgKrnl","10011","정보",,""
"09:50:23.2747363","DxgKrnl","10011","정보",,""
"09:50:23.2816263","DxgKrnl","10011","정보",,""
"09:50:23.2817144","DxgKrnl","10011","정보",,""
"09:50:23.2817167","DxgKrnl","10011","정보",,""
"09:50:23.2817901","DxgKrnl","10011","정보",,""
"09:50:23.2817938","DxgKrnl","10011","정보",,""
"09:50:23.2818699","DxgKrnl","10011","정보",,""
"09:50:23.2818905","DxgKrnl","10011","정보",,""
"09:50:23.2819560","DxgKrnl","10011","정보",,""
"09:51:00.1925654","Kernel-PnP","220","시작",,"Begin querying bus relations for device PCI\VEN_1002&DEV_7550&SUBSYS_E4891DA2&REV_C0\6&8916a45&0&00000009"
"09:51:00.1926332","DxgKrnl","10011","정보",,""
"09:51:00.2303651","DxgKrnl","10011","정보",,""
"09:51:00.2305047","DxgKrnl","10011","정보",,""
"09:51:00.2306671","DxgKrnl","10011","정보",,""
"09:51:00.2308648","Kernel-PnP","222","시작",,"End querying bus relations for device PCI\VEN_1002&DEV_7550&SUBSYS_E4891DA2&REV_C0\6&8916a45&0&00000009"
"09:51:00.2310989","Kernel-PnP","1010","시작",,"버스에 누락 된 것으로 보고 된 장치 DISPLAY\SAM7B0C\7&16b8ddb4&0&UID260이 (가) 제거 되었습니다. 제거 된 장치 수 | 개수: 1"
"09:51:00.2312309","DxgKrnl","10011","정보",,""
"09:51:00.2313054","DxgKrnl","10011","정보",,""
"09:51:00.2317688","Kernel-PnP","220","시작",,"Begin querying bus relations for device SWD\DRIVERENUM\AMDCP&7&16b8ddb4&0"
"09:51:00.2317717","Kernel-PnP","222","시작",,"End querying bus relations for device SWD\DRIVERENUM\AMDCP&7&16b8ddb4&0"
"09:51:00.2317872","Kernel-PnP","220","시작",,"Begin querying bus relations for device SWD\DRIVERENUM\AMDFDANS&7&16b8ddb4&0"
"09:51:00.2317883","Kernel-PnP","222","시작",,"End querying bus relations for device SWD\DRIVERENUM\AMDFDANS&7&16b8ddb4&0"
"09:51:00.2317948","Kernel-PnP","220","시작",,"Begin querying bus relations for device SWD\DRIVERENUM\AMDOCL&7&16b8ddb4&0"
"09:51:00.2317957","Kernel-PnP","222","시작",,"End querying bus relations for device SWD\DRIVERENUM\AMDOCL&7&16b8ddb4&0"
"09:51:00.2318014","Kernel-PnP","220","시작",,"Begin querying bus relations for device SWD\DRIVERENUM\AMDOGL&7&16b8ddb4&0"
"09:51:00.2318024","Kernel-PnP","222","시작",,"End querying bus relations for device SWD\DRIVERENUM\AMDOGL&7&16b8ddb4&0"
"09:51:00.2318157","Kernel-PnP","220","시작",,"Begin querying bus relations for device SWD\DRIVERENUM\AMDVLK&7&16b8ddb4&0"
"09:51:00.2318168","Kernel-PnP","222","시작",,"End querying bus relations for device SWD\DRIVERENUM\AMDVLK&7&16b8ddb4&0"
"09:51:00.2318229","Kernel-PnP","220","시작",,"Begin querying bus relations for device SWD\DRIVERENUM\AMDWIN&7&16b8ddb4&0"
"09:51:00.2318239","Kernel-PnP","222","시작",,"End querying bus relations for device SWD\DRIVERENUM\AMDWIN&7&16b8ddb4&0"
"09:51:00.2318322","Kernel-PnP","220","시작",,"Begin querying bus relations for device DISPLAY\BBC0104\7&16b8ddb4&0&UID265"
"09:51:00.2318383","Kernel-PnP","222","시작",,"End querying bus relations for device DISPLAY\BBC0104\7&16b8ddb4&0&UID265"
"09:51:00.2318444","Kernel-PnP","220","시작",,"Begin querying bus relations for device DISPLAY\SAM79DF\7&16b8ddb4&0&UID256"
"09:51:00.2318470","Kernel-PnP","222","시작",,"End querying bus relations for device DISPLAY\SAM79DF\7&16b8ddb4&0&UID256"
"09:51:00.2327897","DxgKrnl","10011","정보",,""
"09:51:00.2330043","DxgKrnl","10011","정보",,""
"09:51:00.2334753","Kernel-PnP","808","시작",,"End device add, status (STATUS_SUCCESS)"
"09:51:00.2339009","Kernel-PnP","220","시작",,"Begin querying bus relations for device DISPLAY\Default_Monitor\7&16b8ddb4&0&UID260"
"09:51:00.2339039","Kernel-PnP","222","시작",,"End querying bus relations for device DISPLAY\Default_Monitor\7&16b8ddb4&0&UID260"
"09:51:00.2342471","DxgKrnl","10011","정보",,""
"09:51:00.2374444","DxgKrnl","10011","정보",,""
"09:51:00.2375069","DxgKrnl","10011","정보",,""
"09:51:00.2463298","DxgKrnl","10011","정보",,""
"09:51:00.2463599","DxgKrnl","10011","정보",,""
"09:51:00.2464277","DxgKrnl","10011","정보",,""
"09:51:00.2464349","DxgKrnl","10011","정보",,""
"09:51:00.2464371","DxgKrnl","10011","정보",,""
"09:51:00.2498890","DxgKrnl","10011","정보",,""
"09:51:00.2499547","DxgKrnl","10011","정보",,""
"09:51:00.3268450","DxgKrnl","10011","정보",,""
"09:51:00.3269609","DxgKrnl","10011","정보",,""
"09:51:00.3270065","DxgKrnl","10011","정보",,""
"09:51:00.3282402","DxgKrnl","10011","정보",,""
"09:51:00.3283081","DxgKrnl","10011","정보",,""
"09:51:00.3284821","DxgKrnl","10011","정보",,""
"09:51:00.3285559","DxgKrnl","10011","정보",,""
"09:51:00.3285584","DxgKrnl","10011","정보",,""
"09:51:00.3286257","DxgKrnl","10011","정보",,""
"09:51:00.3286269","DxgKrnl","10011","정보",,""
"09:51:00.3286942","DxgKrnl","10011","정보",,""
"09:51:00.3286961","DxgKrnl","10011","정보",,""
"09:51:00.3287694","DxgKrnl","10011","정보",,""
"09:51:00.3287764","DxgKrnl","10011","정보",,""
"09:51:00.3288437","DxgKrnl","10011","정보",,""
"09:51:00.3288481","DxgKrnl","10011","정보",,""
"09:51:00.3289151","DxgKrnl","10011","정보",,""
"09:51:00.3308843","DxgKrnl","10011","정보",,""
"09:51:00.3308985","DxgKrnl","10011","정보",,""
"09:51:00.3309044","DxgKrnl","10011","정보",,""
"09:51:00.3309872","DxgKrnl","10011","정보",,""
"09:51:00.3313489","DxgKrnl","10011","정보",,""
"09:51:00.3313585","DxgKrnl","10011","정보",,""
"09:51:00.3321312","DxgKrnl","10011","정보",,""
"09:51:00.3322103","DxgKrnl","10011","정보",,""
"09:51:00.3476784","DxgKrnl","10011","정보",,""
"09:51:00.3477916","DxgKrnl","10011","정보",,""
"09:51:00.3477940","DxgKrnl","10011","정보",,""
"09:51:00.3478673","DxgKrnl","10011","정보",,""
"09:51:00.3478694","DxgKrnl","10011","정보",,""
"09:51:00.3479403","DxgKrnl","10011","정보",,""
"09:51:00.3479422","DxgKrnl","10011","정보",,""
"09:51:00.3480126","DxgKrnl","10011","정보",,""
"09:51:00.3480196","DxgKrnl","10011","정보",,""
"09:51:00.3481418","DxgKrnl","10011","정보",,""
"09:51:00.3481458","DxgKrnl","10011","정보",,""
"09:51:00.3482139","DxgKrnl","10011","정보",,""
"09:51:00.3487757","DxgKrnl","10011","정보",,""
"09:51:00.3488421","DxgKrnl","10011","정보",,""
"09:51:00.3512776","DxgKrnl","10011","정보",,""
"09:51:00.3524427","DxgKrnl","10011","정보",,""
"09:51:00.3537916","DxgKrnl","10011","정보",,""
"09:51:00.3542335","DxgKrnl","10011","정보",,""
"09:51:00.3546841","DxgKrnl","10011","정보",,""
"09:51:00.3546967","DxgKrnl","10011","정보",,""
"09:51:00.3597960","DxgKrnl","10011","정보",,""
"09:51:00.3598780","DxgKrnl","10011","정보",,""
"09:51:00.3820469","Kernel-PnP","220","시작",,"Begin querying bus relations for device PCI\VEN_1002&DEV_7550&SUBSYS_E4891DA2&REV_C0\6&8916a45&0&00000009"
"09:51:00.4252801","Kernel-PnP","222","시작",,"End querying bus relations for device PCI\VEN_1002&DEV_7550&SUBSYS_E4891DA2&REV_C0\6&8916a45&0&00000009"
"09:51:00.4253289","DxgKrnl","10011","정보",,""
"09:51:00.4253302","DxgKrnl","10011","정보",,""
"09:51:00.4253323","DxgKrnl","10011","정보",,""
"09:51:00.4254652","Kernel-PnP","1010","시작",,"버스에 누락 된 것으로 보고 된 장치 DISPLAY\Default_Monitor\7&16b8ddb4&0&UID260이 (가) 제거 되었습니다. 제거 된 장치 수 | 개수: 1"
"09:51:00.4256513","DxgKrnl","10011","정보",,""
"09:51:00.4256540","DxgKrnl","10011","정보",,""
"09:51:00.4256653","DxgKrnl","10011","정보",,""
"09:51:00.4260756","Kernel-PnP","220","시작",,"Begin querying bus relations for device SWD\DRIVERENUM\AMDCP&7&16b8ddb4&0"
"09:51:00.4260784","Kernel-PnP","222","시작",,"End querying bus relations for device SWD\DRIVERENUM\AMDCP&7&16b8ddb4&0"
"09:51:00.4260912","Kernel-PnP","220","시작",,"Begin querying bus relations for device SWD\DRIVERENUM\AMDFDANS&7&16b8ddb4&0"
"09:51:00.4260922","Kernel-PnP","222","시작",,"End querying bus relations for device SWD\DRIVERENUM\AMDFDANS&7&16b8ddb4&0"
"09:51:00.4261235","Kernel-PnP","220","시작",,"Begin querying bus relations for device SWD\DRIVERENUM\AMDOCL&7&16b8ddb4&0"
"09:51:00.4261262","Kernel-PnP","222","시작",,"End querying bus relations for device SWD\DRIVERENUM\AMDOCL&7&16b8ddb4&0"
"09:51:00.4261371","Kernel-PnP","220","시작",,"Begin querying bus relations for device SWD\DRIVERENUM\AMDOGL&7&16b8ddb4&0"
"09:51:00.4261381","Kernel-PnP","222","시작",,"End querying bus relations for device SWD\DRIVERENUM\AMDOGL&7&16b8ddb4&0"
"09:51:00.4261439","Kernel-PnP","220","시작",,"Begin querying bus relations for device SWD\DRIVERENUM\AMDVLK&7&16b8ddb4&0"
"09:51:00.4261448","Kernel-PnP","222","시작",,"End querying bus relations for device SWD\DRIVERENUM\AMDVLK&7&16b8ddb4&0"
"09:51:00.4261501","Kernel-PnP","220","시작",,"Begin querying bus relations for device SWD\DRIVERENUM\AMDWIN&7&16b8ddb4&0"
"09:51:00.4261510","Kernel-PnP","222","시작",,"End querying bus relations for device SWD\DRIVERENUM\AMDWIN&7&16b8ddb4&0"
"09:51:00.4261643","Kernel-PnP","220","시작",,"Begin querying bus relations for device DISPLAY\BBC0104\7&16b8ddb4&0&UID265"
"09:51:00.4261705","Kernel-PnP","222","시작",,"End querying bus relations for device DISPLAY\BBC0104\7&16b8ddb4&0&UID265"
"09:51:00.4261767","Kernel-PnP","220","시작",,"Begin querying bus relations for device DISPLAY\SAM79DF\7&16b8ddb4&0&UID256"
"09:51:00.4261798","Kernel-PnP","222","시작",,"End querying bus relations for device DISPLAY\SAM79DF\7&16b8ddb4&0&UID256"
"09:51:00.4353890","DxgKrnl","10011","정보",,""
"09:51:00.4361218","DxgKrnl","10011","정보",,""
"09:51:00.4496659","DxgKrnl","10011","정보",,""
"09:51:00.4498289","DxgKrnl","10011","정보",,""
"09:51:00.4751885","DxgKrnl","10011","정보",,""
"09:51:00.4753552","DxgKrnl","10011","정보",,""
"09:51:00.4801489","DxgKrnl","10011","정보",,""
"09:51:00.4801849","DxgKrnl","10011","정보",,""
"09:51:00.4802743","DxgKrnl","10011","정보",,""
"09:51:00.4802793","DxgKrnl","10011","정보",,""
"09:51:00.4802814","DxgKrnl","10011","정보",,""
"09:51:00.4806161","DxgKrnl","10011","정보",,""
"09:51:00.4806959","DxgKrnl","10011","정보",,""
"09:51:00.4915547","DxgKrnl","10011","정보",,""
"09:51:00.5009874","DxgKrnl","10011","정보",,""
"09:51:00.5010506","DxgKrnl","10011","정보",,""
"09:51:00.5011119","DxgKrnl","10011","정보",,""
"09:51:00.5016502","DxgKrnl","10011","정보",,""
"09:51:00.5016798","DxgKrnl","10011","정보",,""
"09:51:00.5017372","DxgKrnl","10011","정보",,""
"09:51:00.5017735","DxgKrnl","10011","정보",,""
"09:51:00.5017752","DxgKrnl","10011","정보",,""
"09:51:00.5018046","DxgKrnl","10011","정보",,""
"09:51:00.5035208","DxgKrnl","10011","정보",,""
"09:51:00.5037466","DxgKrnl","10011","정보",,""
"09:51:00.5097566","DxgKrnl","10011","정보",,""
"09:51:00.5098156","DxgKrnl","10011","정보",,""
"09:51:00.5102831","DxgKrnl","10011","정보",,""
"09:51:00.5103233","DxgKrnl","10011","정보",,""
"09:51:00.5103246","DxgKrnl","10011","정보",,""
"09:51:00.5103588","DxgKrnl","10011","정보",,""
"09:51:00.5109401","DxgKrnl","10011","정보",,""
"09:51:00.5109702","DxgKrnl","10011","정보",,""
"09:51:00.5148591","DxgKrnl","10011","정보",,""
"09:51:00.5156408","DxgKrnl","10011","정보",,""
"09:51:00.5167029","DxgKrnl","10011","정보",,""
"09:51:00.5167576","DxgKrnl","10011","정보",,""
"09:51:00.5184423","DxgKrnl","10011","정보",,""
"09:51:00.5184815","DxgKrnl","10011","정보",,""
"09:51:00.5218594","DxgKrnl","10011","정보",,""
"09:51:00.5225170","DxgKrnl","10011","정보",,""
"09:51:00.6742690","DxgKrnl","10011","정보",,""
"09:51:00.6941391","DxgKrnl","10011","정보",,""
"09:51:00.6941902","DxgKrnl","10011","정보",,""
"09:51:00.6942771","DxgKrnl","10011","정보",,""
"09:51:00.6945647","DxgKrnl","10011","정보",,""
"09:51:00.6946145","DxgKrnl","10011","정보",,""
"09:51:00.6946702","DxgKrnl","10011","정보",,""
"09:51:00.6947772","DxgKrnl","10011","정보",,""
"09:51:00.6948170","DxgKrnl","10011","정보",,""
"09:51:00.6951613","DxgKrnl","10011","정보",,""
"09:51:00.6953394","DxgKrnl","10011","정보",,""
"09:51:00.6953854","DxgKrnl","10011","정보",,""
"09:51:00.6955487","DxgKrnl","10011","정보",,""
"09:51:00.6955943","DxgKrnl","10011","정보",,""
"09:51:00.6999689","DxgKrnl","10011","정보",,""
"09:51:00.7000008","DxgKrnl","10011","정보",,""
"09:51:00.7000504","DxgKrnl","10011","정보",,""
"09:51:00.7061559","DxgKrnl","10011","정보",,""
"09:51:00.7062010","DxgKrnl","10011","정보",,""
"09:51:00.7116958","DxgKrnl","10011","정보",,""
"09:51:00.7117013","DxgKrnl","10011","정보",,""
"09:51:00.7117892","DxgKrnl","10011","정보",,""
"09:51:00.7117899","DxgKrnl","10011","정보",,""
"09:51:00.7132098","DxgKrnl","10011","정보",,""
"09:51:00.7132516","DxgKrnl","10011","정보",,""
"09:51:00.7148193","DxgKrnl","10011","정보",,""
"09:51:00.7148748","DxgKrnl","10011","정보",,""
"09:51:00.7166041","DxgKrnl","10011","정보",,""
"09:51:00.7167038","DxgKrnl","10011","정보",,""
"09:51:00.7177674","DxgKrnl","10011","정보",,""
"09:51:00.7181507","DxgKrnl","10011","정보",,""
"09:51:00.7181622","DxgKrnl","10011","정보",,""
"09:51:00.7181629","DxgKrnl","10011","정보",,""
"09:51:00.7182686","DxgKrnl","10011","정보",,""
"09:51:00.7183925","DxgKrnl","10011","정보",,""
"09:51:00.7187452","DxgKrnl","10011","정보",,""
"09:51:00.7187858","DxgKrnl","10011","정보",,""
"09:51:00.7278424","DxgKrnl","10011","정보",,""
"09:51:00.7285443","DxgKrnl","10011","정보",,""
"09:51:00.7369275","DxgKrnl","10011","정보",,""
"09:51:00.7369682","DxgKrnl","10011","정보",,""
"09:51:03.7045883","DxgKrnl","10011","정보",,""
"09:51:03.9513467","Kernel-PnP","220","시작",,"Begin querying bus relations for device PCI\VEN_1002&DEV_7550&SUBSYS_E4891DA2&REV_C0\6&8916a45&0&00000009"
"09:51:03.9514066","DxgKrnl","10011","정보",,""
"09:51:03.9515592","DxgKrnl","10011","정보",,""
"09:51:03.9516180","DxgKrnl","10011","정보",,""
"09:51:03.9522949","DxgKrnl","10011","정보",,""
"09:51:03.9523374","DxgKrnl","10011","정보",,""
"09:51:03.9531635","DxgKrnl","10011","정보",,""
"09:51:03.9532036","DxgKrnl","10011","정보",,""
"09:51:03.9536595","DxgKrnl","10011","정보",,""
"09:51:03.9537282","DxgKrnl","10011","정보",,""
"09:51:03.9577314","Kernel-PnP","222","시작",,"End querying bus relations for device PCI\VEN_1002&DEV_7550&SUBSYS_E4891DA2&REV_C0\6&8916a45&0&00000009"
"09:51:03.9577863","Kernel-PnP","220","시작",,"Begin querying bus relations for device SWD\DRIVERENUM\AMDCP&7&16b8ddb4&0"
"09:51:03.9577880","Kernel-PnP","222","시작",,"End querying bus relations for device SWD\DRIVERENUM\AMDCP&7&16b8ddb4&0"
"09:51:03.9577936","Kernel-PnP","220","시작",,"Begin querying bus relations for device SWD\DRIVERENUM\AMDFDANS&7&16b8ddb4&0"
"09:51:03.9577944","Kernel-PnP","222","시작",,"End querying bus relations for device SWD\DRIVERENUM\AMDFDANS&7&16b8ddb4&0"
"09:51:03.9577990","Kernel-PnP","220","시작",,"Begin querying bus relations for device SWD\DRIVERENUM\AMDOCL&7&16b8ddb4&0"
"09:51:03.9577998","Kernel-PnP","222","시작",,"End querying bus relations for device SWD\DRIVERENUM\AMDOCL&7&16b8ddb4&0"
"09:51:03.9578038","Kernel-PnP","220","시작",,"Begin querying bus relations for device SWD\DRIVERENUM\AMDOGL&7&16b8ddb4&0"
"09:51:03.9578044","Kernel-PnP","222","시작",,"End querying bus relations for device SWD\DRIVERENUM\AMDOGL&7&16b8ddb4&0"
"09:51:03.9578087","Kernel-PnP","220","시작",,"Begin querying bus relations for device SWD\DRIVERENUM\AMDVLK&7&16b8ddb4&0"
"09:51:03.9578093","Kernel-PnP","222","시작",,"End querying bus relations for device SWD\DRIVERENUM\AMDVLK&7&16b8ddb4&0"
"09:51:03.9578134","Kernel-PnP","220","시작",,"Begin querying bus relations for device SWD\DRIVERENUM\AMDWIN&7&16b8ddb4&0"
"09:51:03.9578139","Kernel-PnP","222","시작",,"End querying bus relations for device SWD\DRIVERENUM\AMDWIN&7&16b8ddb4&0"
"09:51:03.9578173","Kernel-PnP","220","시작",,"Begin querying bus relations for device DISPLAY\BBC0104\7&16b8ddb4&0&UID265"
"09:51:03.9578222","Kernel-PnP","222","시작",,"End querying bus relations for device DISPLAY\BBC0104\7&16b8ddb4&0&UID265"
"09:51:03.9578268","Kernel-PnP","220","시작",,"Begin querying bus relations for device DISPLAY\SAM79DF\7&16b8ddb4&0&UID256"
"09:51:03.9578287","Kernel-PnP","222","시작",,"End querying bus relations for device DISPLAY\SAM79DF\7&16b8ddb4&0&UID256"
"09:51:03.9619617","DxgKrnl","10011","정보",,""
"09:51:03.9619992","DxgKrnl","10011","정보",,""
"09:51:03.9620426","Kernel-PnP","808","시작",,"End device add, status (STATUS_SUCCESS)"
"09:51:03.9620504","DxgKrnl","10011","정보",,""
"09:51:03.9620586","DxgKrnl","10011","정보",,""
"09:51:03.9620621","DxgKrnl","10011","정보",,""
"09:51:03.9665660","DxgKrnl","10011","정보",,""
"09:51:03.9666424","DxgKrnl","10011","정보",,""
"09:51:03.9667097","Kernel-PnP","220","시작",,"Begin querying bus relations for device DISPLAY\SAM7B0C\7&16b8ddb4&0&UID260"
"09:51:03.9667125","Kernel-PnP","222","시작",,"End querying bus relations for device DISPLAY\SAM7B0C\7&16b8ddb4&0&UID260"
"09:51:03.9670694","DxgKrnl","10011","정보",,""
"09:51:03.9890070","DxgKrnl","10011","정보",,""
"09:51:03.9890727","DxgKrnl","10011","정보",,""
"09:51:03.9891179","DxgKrnl","10011","정보",,""
"09:51:03.9904420","DxgKrnl","10011","정보",,""
"09:51:03.9904957","DxgKrnl","10011","정보",,""
"09:51:03.9906350","DxgKrnl","10011","정보",,""
"09:51:03.9906915","DxgKrnl","10011","정보",,""
"09:51:03.9906929","DxgKrnl","10011","정보",,""
"09:51:03.9907471","DxgKrnl","10011","정보",,""
"09:51:03.9907498","DxgKrnl","10011","정보",,""
"09:51:03.9908017","DxgKrnl","10011","정보",,""
"09:51:03.9908083","DxgKrnl","10011","정보",,""
"09:51:03.9908675","DxgKrnl","10011","정보",,""
"09:51:03.9928096","DxgKrnl","10011","정보",,""
"09:51:03.9928624","DxgKrnl","10011","정보",,""
"09:51:03.9930189","DxgKrnl","10011","정보",,""
"09:51:03.9930341","DxgKrnl","10011","정보",,""
"09:51:03.9976270","DxgKrnl","10011","정보",,""
"09:51:03.9976999","DxgKrnl","10011","정보",,""
"09:51:04.0016324","DxgKrnl","10011","정보",,""
"09:51:04.0016956","DxgKrnl","10011","정보",,""
"09:51:04.0016972","DxgKrnl","10011","정보",,""
"09:51:04.0017537","DxgKrnl","10011","정보",,""
"09:51:04.0017564","DxgKrnl","10011","정보",,""
"09:51:04.0018076","DxgKrnl","10011","정보",,""
"09:51:04.0018149","DxgKrnl","10011","정보",,""
"09:51:04.0018697","DxgKrnl","10011","정보",,""
"09:51:04.0022378","DxgKrnl","10011","정보",,""
"09:51:04.0022862","DxgKrnl","10011","정보",,""
"09:51:04.0057880","DxgKrnl","10011","정보",,""
"09:51:04.0058529","DxgKrnl","10011","정보",,""
"09:51:04.0128944","DxgKrnl","10011","정보",,""
"09:51:04.0136406","DxgKrnl","10011","정보",,""
"09:51:04.0179792","DxgKrnl","10011","정보",,""
"09:51:04.0180148","DxgKrnl","10011","정보",,""
"09:51:04.0180836","DxgKrnl","10011","정보",,""
"09:51:04.0180897","DxgKrnl","10011","정보",,""
"09:51:04.0180930","DxgKrnl","10011","정보",,""
"09:51:04.0225127","DxgKrnl","10011","정보",,""
"09:51:04.0225708","DxgKrnl","10011","정보",,""
"09:51:04.0254379","DxgKrnl","10011","정보",,""
"09:51:04.0255008","DxgKrnl","10011","정보",,""
"09:51:04.0255307","DxgKrnl","10011","정보",,""
"09:51:04.0256673","DxgKrnl","10011","정보",,""
"09:51:04.0256692","DxgKrnl","10011","정보",,""
"09:51:04.0256813","DxgKrnl","10011","정보",,""
"09:51:04.0256848","DxgKrnl","10011","정보",,""
"09:51:04.0256937","DxgKrnl","10011","정보",,""
"09:51:04.0257040","DxgKrnl","10011","정보",,""
"09:51:04.0265513","DxgKrnl","10011","정보",,""
"09:51:04.0265553","DxgKrnl","10011","정보",,""
"09:51:04.0266263","DxgKrnl","10011","정보",,""
"09:51:04.0266281","DxgKrnl","10011","정보",,""
"09:51:04.0266302","DxgKrnl","10011","정보",,""
"09:51:04.0266413","DxgKrnl","10011","정보",,""
"09:51:04.0326217","DxgKrnl","10011","정보",,""
"09:51:04.0326905","DxgKrnl","10011","정보",,""
"09:51:04.0382077","DxgKrnl","10011","정보",,""
"09:51:04.0382700","DxgKrnl","10011","정보",,""
"09:51:04.2170698","DxgKrnl","10011","정보",,""
"09:51:04.2185061","DxgKrnl","10011","정보",,""
"09:51:04.2193108","DxgKrnl","10011","정보",,""
"09:51:04.2194044","DxgKrnl","10011","정보",,""
"09:51:04.2207890","DxgKrnl","10011","정보",,""
"09:51:04.2210605","DxgKrnl","10011","정보",,""
"09:51:04.2211637","DxgKrnl","10011","정보",,""
"09:51:04.2225051","DxgKrnl","10011","정보",,""
"09:51:04.2225060","DxgKrnl","10011","정보",,""
"09:51:04.2226397","DxgKrnl","10011","정보",,""
"09:51:04.2226410","DxgKrnl","10011","정보",,""
"09:51:04.2231578","DxgKrnl","10011","정보",,""
"09:51:04.2232206","DxgKrnl","10011","정보",,""
"09:51:04.2233199","DxgKrnl","10011","정보",,""
"09:51:04.2233948","DxgKrnl","10011","정보",,""
"09:51:04.2251888","DxgKrnl","10011","정보",,""
"09:51:04.2268481","DxgKrnl","10011","정보",,""
"09:51:04.2268605","DxgKrnl","10011","정보",,""
"09:51:04.2268615","DxgKrnl","10011","정보",,""
"09:51:04.2278636","DxgKrnl","10011","정보",,""
"09:51:04.2280924","DxgKrnl","10011","정보",,""
"09:51:04.2282459","DxgKrnl","10011","정보",,""
"09:51:04.2282542","DxgKrnl","10011","정보",,""
"09:51:04.2289182","DxgKrnl","10011","정보",,""
"09:51:04.2289940","DxgKrnl","10011","정보",,""
"09:51:04.2297237","DxgKrnl","10011","정보",,""
"09:51:04.2304601","DxgKrnl","10011","정보",,""
"09:51:04.2457984","DxgKrnl","10011","정보",,""
"09:51:04.2458367","DxgKrnl","10011","정보",,""
"09:51:04.2458969","DxgKrnl","10011","정보",,""
"09:51:04.2459632","DxgKrnl","10011","정보",,""
"09:51:04.2459636","DxgKrnl","10011","정보",,""
"09:51:04.2477694","DxgKrnl","10011","정보",,""
"09:51:04.2491367","DxgKrnl","10011","정보",,""
"09:51:04.2491480","DxgKrnl","10011","정보",,""
"09:51:04.2491488","DxgKrnl","10011","정보",,""
"09:51:04.2492258","DxgKrnl","10011","정보",,""
"09:51:04.2493050","DxgKrnl","10011","정보",,""
"09:51:04.2502522","DxgKrnl","10011","정보",,""
"09:51:04.2505550","DxgKrnl","10011","정보",,""
"09:51:04.2509660","DxgKrnl","10011","정보",,""
"09:51:04.2509694","DxgKrnl","10011","정보",,""
"09:51:04.2510276","DxgKrnl","10011","정보",,""
"09:51:04.2510304","DxgKrnl","10011","정보",,""
"09:51:04.2510306","DxgKrnl","10011","정보",,""
"09:51:04.2510840","DxgKrnl","10011","정보",,""
"09:51:04.2510956","DxgKrnl","10011","정보",,""
"09:51:04.2511497","DxgKrnl","10011","정보",,""
"09:51:04.2512942","DxgKrnl","10011","정보",,""
"09:51:04.2513210","DxgKrnl","10011","정보",,""
"09:51:04.2514207","DxgKrnl","10011","정보",,""
"09:51:04.2514221","DxgKrnl","10011","정보",,""
"09:51:04.2555812","DxgKrnl","10011","정보",,""
"09:51:04.2556553","DxgKrnl","10011","정보",,""
