"Time","Provider","Id","Opcode","Task","Message"
"06:22:26.2719045","Kernel-PnP","220","시작",,"Begin querying bus relations for device PCI\VEN_1002&DEV_7550&SUBSYS_E4891DA2&REV_C0\6&8916a45&0&00000009"
"06:22:26.2723745","DxgKrnl","10011","정보",,""
"06:22:26.3117046","DxgKrnl","10011","정보",,""
"06:22:26.3119212","DxgKrnl","10011","정보",,""
"06:22:26.3119367","DxgKrnl","10011","정보",,""
"06:22:26.3120262","DxgKrnl","10011","정보",,""
"06:22:26.3121092","DxgKrnl","10011","정보",,""
"06:22:26.3123599","Kernel-PnP","222","시작",,"End querying bus relations for device PCI\VEN_1002&DEV_7550&SUBSYS_E4891DA2&REV_C0\6&8916a45&0&00000009"
"06:22:26.3125756","Kernel-PnP","1010","시작",,"버스에 누락 된 것으로 보고 된 장치 DISPLAY\SAM7B0C\7&16b8ddb4&0&UID260이 (가) 제거 되었습니다. 제거 된 장치 수 | 개수: 1"
"06:22:26.3126883","DxgKrnl","10011","정보",,""
"06:22:26.3127681","DxgKrnl","10011","정보",,""
"06:22:26.3131668","Kernel-PnP","220","시작",,"Begin querying bus relations for device SWD\DRIVERENUM\AMDCP&7&16b8ddb4&0"
"06:22:26.3131700","Kernel-PnP","222","시작",,"End querying bus relations for device SWD\DRIVERENUM\AMDCP&7&16b8ddb4&0"
"06:22:26.3131814","Kernel-PnP","220","시작",,"Begin querying bus relations for device SWD\DRIVERENUM\AMDFDANS&7&16b8ddb4&0"
"06:22:26.3131825","Kernel-PnP","222","시작",,"End querying bus relations for device SWD\DRIVERENUM\AMDFDANS&7&16b8ddb4&0"
"06:22:26.3131891","Kernel-PnP","220","시작",,"Begin querying bus relations for device SWD\DRIVERENUM\AMDOCL&7&16b8ddb4&0"
"06:22:26.3131903","Kernel-PnP","222","시작",,"End querying bus relations for device SWD\DRIVERENUM\AMDOCL&7&16b8ddb4&0"
"06:22:26.3131962","Kernel-PnP","220","시작",,"Begin querying bus relations for device SWD\DRIVERENUM\AMDOGL&7&16b8ddb4&0"
"06:22:26.3131972","Kernel-PnP","222","시작",,"End querying bus relations for device SWD\DRIVERENUM\AMDOGL&7&16b8ddb4&0"
"06:22:26.3132029","Kernel-PnP","220","시작",,"Begin querying bus relations for device SWD\DRIVERENUM\AMDVLK&7&16b8ddb4&0"
"06:22:26.3132038","Kernel-PnP","222","시작",,"End querying bus relations for device SWD\DRIVERENUM\AMDVLK&7&16b8ddb4&0"
"06:22:26.3132089","Kernel-PnP","220","시작",,"Begin querying bus relations for device SWD\DRIVERENUM\AMDWIN&7&16b8ddb4&0"
"06:22:26.3132099","Kernel-PnP","222","시작",,"End querying bus relations for device SWD\DRIVERENUM\AMDWIN&7&16b8ddb4&0"
"06:22:26.3132163","Kernel-PnP","220","시작",,"Begin querying bus relations for device DISPLAY\SAM79DF\7&16b8ddb4&0&UID256"
"06:22:26.3132212","Kernel-PnP","222","시작",,"End querying bus relations for device DISPLAY\SAM79DF\7&16b8ddb4&0&UID256"
"06:22:26.3132284","Kernel-PnP","220","시작",,"Begin querying bus relations for device DISPLAY\BBC0104\7&16b8ddb4&0&UID265"
"06:22:26.3132311","Kernel-PnP","222","시작",,"End querying bus relations for device DISPLAY\BBC0104\7&16b8ddb4&0&UID265"
"06:22:26.3145541","Kernel-PnP","808","시작",,"End device add, status (STATUS_SUCCESS)"
"06:22:26.3149291","Kernel-PnP","220","시작",,"Begin querying bus relations for device DISPLAY\Default_Monitor\7&16b8ddb4&0&UID260"
"06:22:26.3149326","Kernel-PnP","222","시작",,"End querying bus relations for device DISPLAY\Default_Monitor\7&16b8ddb4&0&UID260"
"06:22:26.3153819","DxgKrnl","10011","정보",,""
"06:22:26.3154354","DxgKrnl","10011","정보",,""
"06:22:26.3155474","DxgKrnl","10011","정보",,""
"06:22:26.3266681","DxgKrnl","10011","정보",,""
"06:22:26.3267079","DxgKrnl","10011","정보",,""
"06:22:26.3267729","DxgKrnl","10011","정보",,""
"06:22:26.3267779","DxgKrnl","10011","정보",,""
"06:22:26.3267803","DxgKrnl","10011","정보",,""
"06:22:26.3290260","DxgKrnl","10011","정보",,""
"06:22:26.3290881","DxgKrnl","10011","정보",,""
"06:22:26.3963933","DxgKrnl","10011","정보",,""
"06:22:26.3965123","DxgKrnl","10011","정보",,""
"06:22:26.3965666","DxgKrnl","10011","정보",,""
"06:22:26.3978475","DxgKrnl","10011","정보",,""
"06:22:26.3979170","DxgKrnl","10011","정보",,""
"06:22:26.3980939","DxgKrnl","10011","정보",,""
"06:22:26.3981711","DxgKrnl","10011","정보",,""
"06:22:26.3981724","DxgKrnl","10011","정보",,""
"06:22:26.3982549","DxgKrnl","10011","정보",,""
"06:22:26.3982564","DxgKrnl","10011","정보",,""
"06:22:26.3983322","DxgKrnl","10011","정보",,""
"06:22:26.3983352","DxgKrnl","10011","정보",,""
"06:22:26.3984060","DxgKrnl","10011","정보",,""
"06:22:26.3984129","DxgKrnl","10011","정보",,""
"06:22:26.3984822","DxgKrnl","10011","정보",,""
"06:22:26.3984856","DxgKrnl","10011","정보",,""
"06:22:26.3985709","DxgKrnl","10011","정보",,""
"06:22:26.4005943","DxgKrnl","10011","정보",,""
"06:22:26.4007423","DxgKrnl","10011","정보",,""
"06:22:26.4044127","DxgKrnl","10011","정보",,""
"06:22:26.4044919","DxgKrnl","10011","정보",,""
"06:22:26.4262534","DxgKrnl","10011","정보",,""
"06:22:26.4263382","DxgKrnl","10011","정보",,""
"06:22:26.4263394","DxgKrnl","10011","정보",,""
"06:22:26.4264163","DxgKrnl","10011","정보",,""
"06:22:26.4264173","DxgKrnl","10011","정보",,""
"06:22:26.4264900","DxgKrnl","10011","정보",,""
"06:22:26.4264915","DxgKrnl","10011","정보",,""
"06:22:26.4266751","DxgKrnl","10011","정보",,""
"06:22:26.4266856","DxgKrnl","10011","정보",,""
"06:22:26.4267647","DxgKrnl","10011","정보",,""
"06:22:26.4267681","DxgKrnl","10011","정보",,""
"06:22:26.4268483","DxgKrnl","10011","정보",,""
"06:22:26.4276079","DxgKrnl","10011","정보",,""
"06:22:26.4276926","DxgKrnl","10011","정보",,""
"06:22:26.4313326","DxgKrnl","10011","정보",,""
"06:22:26.4346277","DxgKrnl","10011","정보",,""
"06:22:26.4361167","DxgKrnl","10011","정보",,""
"06:22:26.4362576","DxgKrnl","10011","정보",,""
"06:22:26.4414305","DxgKrnl","10011","정보",,""
"06:22:26.4423795","DxgKrnl","10011","정보",,""
"06:22:26.4646384","DxgKrnl","10011","정보",,""
"06:22:26.4646702","DxgKrnl","10011","정보",,""
"06:22:26.4647616","DxgKrnl","10011","정보",,""
"06:22:26.4647654","DxgKrnl","10011","정보",,""
"06:22:26.4647678","DxgKrnl","10011","정보",,""
"06:22:26.4680380","DxgKrnl","10011","정보",,""
"06:22:26.4681191","DxgKrnl","10011","정보",,""
"06:22:26.4721299","DxgKrnl","10011","정보",,""
"06:22:26.4722375","DxgKrnl","10011","정보",,""
"06:22:26.4722901","DxgKrnl","10011","정보",,""
"06:22:26.4724305","DxgKrnl","10011","정보",,""
"06:22:26.4724318","DxgKrnl","10011","정보",,""
"06:22:26.4724319","DxgKrnl","10011","정보",,""
"06:22:26.4724361","DxgKrnl","10011","정보",,""
"06:22:26.4724407","DxgKrnl","10011","정보",,""
"06:22:26.4724495","DxgKrnl","10011","정보",,""
"06:22:26.4724503","DxgKrnl","10011","정보",,""
"06:22:26.4728291","DxgKrnl","10011","정보",,""
"06:22:26.4731022","DxgKrnl","10011","정보",,""
"06:22:26.4732438","DxgKrnl","10011","정보",,""
"06:22:26.4732438","DxgKrnl","10011","정보",,""
"06:22:26.4732442","DxgKrnl","10011","정보",,""
"06:22:26.4732462","DxgKrnl","10011","정보",,""
"06:22:26.4732473","DxgKrnl","10011","정보",,""
"06:22:26.4732529","DxgKrnl","10011","정보",,""
"06:22:26.4732722","DxgKrnl","10011","정보",,""
"06:22:26.4831827","DxgKrnl","10011","정보",,""
"06:22:26.4832634","DxgKrnl","10011","정보",,""
"06:22:26.4886081","DxgKrnl","10011","정보",,""
"06:22:26.4886899","DxgKrnl","10011","정보",,""
"06:22:26.5302358","Kernel-PnP","220","시작",,"Begin querying bus relations for device PCI\VEN_1002&DEV_7550&SUBSYS_E4891DA2&REV_C0\6&8916a45&0&00000009"
"06:22:26.5871292","Kernel-PnP","222","시작",,"End querying bus relations for device PCI\VEN_1002&DEV_7550&SUBSYS_E4891DA2&REV_C0\6&8916a45&0&00000009"
"06:22:26.5873662","DxgKrnl","10011","정보",,""
"06:22:26.5873826","Kernel-PnP","1010","시작",,"버스에 누락 된 것으로 보고 된 장치 DISPLAY\Default_Monitor\7&16b8ddb4&0&UID260이 (가) 제거 되었습니다. 제거 된 장치 수 | 개수: 1"
"06:22:26.5877162","DxgKrnl","10011","정보",,""
"06:22:26.5879445","Kernel-PnP","220","시작",,"Begin querying bus relations for device SWD\DRIVERENUM\AMDCP&7&16b8ddb4&0"
"06:22:26.5879481","Kernel-PnP","222","시작",,"End querying bus relations for device SWD\DRIVERENUM\AMDCP&7&16b8ddb4&0"
"06:22:26.5879604","Kernel-PnP","220","시작",,"Begin querying bus relations for device SWD\DRIVERENUM\AMDFDANS&7&16b8ddb4&0"
"06:22:26.5879615","Kernel-PnP","222","시작",,"End querying bus relations for device SWD\DRIVERENUM\AMDFDANS&7&16b8ddb4&0"
"06:22:26.5879679","Kernel-PnP","220","시작",,"Begin querying bus relations for device SWD\DRIVERENUM\AMDOCL&7&16b8ddb4&0"
"06:22:26.5879689","Kernel-PnP","222","시작",,"End querying bus relations for device SWD\DRIVERENUM\AMDOCL&7&16b8ddb4&0"
"06:22:26.5879751","Kernel-PnP","220","시작",,"Begin querying bus relations for device SWD\DRIVERENUM\AMDOGL&7&16b8ddb4&0"
"06:22:26.5879762","Kernel-PnP","222","시작",,"End querying bus relations for device SWD\DRIVERENUM\AMDOGL&7&16b8ddb4&0"
"06:22:26.5879838","Kernel-PnP","220","시작",,"Begin querying bus relations for device SWD\DRIVERENUM\AMDVLK&7&16b8ddb4&0"
"06:22:26.5879848","Kernel-PnP","222","시작",,"End querying bus relations for device SWD\DRIVERENUM\AMDVLK&7&16b8ddb4&0"
"06:22:26.5879902","Kernel-PnP","220","시작",,"Begin querying bus relations for device SWD\DRIVERENUM\AMDWIN&7&16b8ddb4&0"
"06:22:26.5879913","Kernel-PnP","222","시작",,"End querying bus relations for device SWD\DRIVERENUM\AMDWIN&7&16b8ddb4&0"
"06:22:26.5879968","Kernel-PnP","220","시작",,"Begin querying bus relations for device DISPLAY\SAM79DF\7&16b8ddb4&0&UID256"
"06:22:26.5880025","Kernel-PnP","222","시작",,"End querying bus relations for device DISPLAY\SAM79DF\7&16b8ddb4&0&UID256"
"06:22:26.5880082","Kernel-PnP","220","시작",,"Begin querying bus relations for device DISPLAY\BBC0104\7&16b8ddb4&0&UID265"
"06:22:26.5880113","Kernel-PnP","222","시작",,"End querying bus relations for device DISPLAY\BBC0104\7&16b8ddb4&0&UID265"
"06:22:26.6287406","DxgKrnl","10011","정보",,""
"06:22:26.6288259","DxgKrnl","10011","정보",,""
"06:22:26.6442722","DxgKrnl","10011","정보",,""
"06:22:26.6443919","DxgKrnl","10011","정보",,""
"06:22:26.6538595","DxgKrnl","10011","정보",,""
"06:22:26.6538994","DxgKrnl","10011","정보",,""
"06:22:26.6539917","DxgKrnl","10011","정보",,""
"06:22:26.6539975","DxgKrnl","10011","정보",,""
"06:22:26.6539997","DxgKrnl","10011","정보",,""
"06:22:26.6542794","DxgKrnl","10011","정보",,""
"06:22:26.6543557","DxgKrnl","10011","정보",,""
"06:22:26.6717101","DxgKrnl","10011","정보",,""
"06:22:26.6860471","DxgKrnl","10011","정보",,""
"06:22:26.6860964","DxgKrnl","10011","정보",,""
"06:22:26.6861481","DxgKrnl","10011","정보",,""
"06:22:26.6866156","DxgKrnl","10011","정보",,""
"06:22:26.6866498","DxgKrnl","10011","정보",,""
"06:22:26.6867187","DxgKrnl","10011","정보",,""
"06:22:26.6867526","DxgKrnl","10011","정보",,""
"06:22:26.6867544","DxgKrnl","10011","정보",,""
"06:22:26.6867877","DxgKrnl","10011","정보",,""
"06:22:26.6885580","DxgKrnl","10011","정보",,""
"06:22:26.6886204","DxgKrnl","10011","정보",,""
"06:22:26.6949003","DxgKrnl","10011","정보",,""
"06:22:26.6959486","DxgKrnl","10011","정보",,""
"06:22:26.6967132","DxgKrnl","10011","정보",,""
"06:22:26.6967640","DxgKrnl","10011","정보",,""
"06:22:26.7460589","DxgKrnl","10011","정보",,""
"06:22:26.7461405","DxgKrnl","10011","정보",,""
"06:22:26.7461420","DxgKrnl","10011","정보",,""
"06:22:26.7461867","DxgKrnl","10011","정보",,""
"06:22:26.7468983","DxgKrnl","10011","정보",,""
"06:22:26.7469294","DxgKrnl","10011","정보",,""
"06:22:26.7512766","DxgKrnl","10011","정보",,""
"06:22:26.7513324","DxgKrnl","10011","정보",,""
"06:22:26.7530249","DxgKrnl","10011","정보",,""
"06:22:26.7530720","DxgKrnl","10011","정보",,""
"06:22:26.7550573","DxgKrnl","10011","정보",,""
"06:22:26.7551719","DxgKrnl","10011","정보",,""
"06:22:26.7568192","DxgKrnl","10011","정보",,""
"06:22:26.7568699","DxgKrnl","10011","정보",,""
"06:22:26.8486681","DxgKrnl","10011","정보",,""
"06:22:26.8487257","DxgKrnl","10011","정보",,""
"06:22:26.8488038","DxgKrnl","10011","정보",,""
"06:22:26.8494478","DxgKrnl","10011","정보",,""
"06:22:26.8496546","DxgKrnl","10011","정보",,""
"06:22:26.8501313","DxgKrnl","10011","정보",,""
"06:22:26.8503920","DxgKrnl","10011","정보",,""
"06:22:26.8504534","DxgKrnl","10011","정보",,""
"06:22:26.8514337","DxgKrnl","10011","정보",,""
"06:22:26.8514825","DxgKrnl","10011","정보",,""
"06:22:26.8548085","DxgKrnl","10011","정보",,""
"06:22:26.8548735","DxgKrnl","10011","정보",,""
"06:22:26.8567105","DxgKrnl","10011","정보",,""
"06:22:26.8567724","DxgKrnl","10011","정보",,""
"06:22:26.8568307","DxgKrnl","10011","정보",,""
"06:22:26.8570215","DxgKrnl","10011","정보",,""
"06:22:26.8570620","DxgKrnl","10011","정보",,""
"06:22:26.8668235","DxgKrnl","10011","정보",,""
"06:22:26.8669050","DxgKrnl","10011","정보",,""
"06:22:26.8698846","DxgKrnl","10011","정보",,""
"06:22:26.8699245","DxgKrnl","10011","정보",,""
"06:22:26.8700601","DxgKrnl","10011","정보",,""
"06:22:26.8700647","DxgKrnl","10011","정보",,""
"06:22:26.8756981","DxgKrnl","10011","정보",,""
"06:22:26.8757580","DxgKrnl","10011","정보",,""
"06:22:26.8770218","DxgKrnl","10011","정보",,""
"06:22:26.8779655","DxgKrnl","10011","정보",,""
"06:22:26.8779807","DxgKrnl","10011","정보",,""
"06:22:26.8779817","DxgKrnl","10011","정보",,""
"06:22:26.8786109","DxgKrnl","10011","정보",,""
"06:22:26.8787817","DxgKrnl","10011","정보",,""
"06:22:26.8792950","DxgKrnl","10011","정보",,""
"06:22:26.8793573","DxgKrnl","10011","정보",,""
"06:22:26.9516788","DxgKrnl","10011","정보",,""
"06:22:26.9527214","DxgKrnl","10011","정보",,""
"06:22:29.0600489","DxgKrnl","10011","정보",,""
"06:22:29.0601079","DxgKrnl","10011","정보",,""
"06:22:29.9046024","DxgKrnl","10011","정보",,""
"06:22:29.9077659","DxgKrnl","10011","정보",,""
"06:22:30.1584148","Kernel-PnP","220","시작",,"Begin querying bus relations for device PCI\VEN_1002&DEV_7550&SUBSYS_E4891DA2&REV_C0\6&8916a45&0&00000009"
"06:22:30.1584898","DxgKrnl","10011","정보",,""
"06:22:30.1584908","DxgKrnl","10011","정보",,""
"06:22:30.1588728","DxgKrnl","10011","정보",,""
"06:22:30.1589945","DxgKrnl","10011","정보",,""
"06:22:30.1592676","DxgKrnl","10011","정보",,""
"06:22:30.1594179","DxgKrnl","10011","정보",,""
"06:22:30.1615936","DxgKrnl","10011","정보",,""
"06:22:30.1616765","DxgKrnl","10011","정보",,""
"06:22:30.1648593","DxgKrnl","10011","정보",,""
"06:22:30.1649047","DxgKrnl","10011","정보",,""
"06:22:30.1657217","Kernel-PnP","222","시작",,"End querying bus relations for device PCI\VEN_1002&DEV_7550&SUBSYS_E4891DA2&REV_C0\6&8916a45&0&00000009"
"06:22:30.1657835","Kernel-PnP","220","시작",,"Begin querying bus relations for device SWD\DRIVERENUM\AMDCP&7&16b8ddb4&0"
"06:22:30.1657851","Kernel-PnP","222","시작",,"End querying bus relations for device SWD\DRIVERENUM\AMDCP&7&16b8ddb4&0"
"06:22:30.1657911","Kernel-PnP","220","시작",,"Begin querying bus relations for device SWD\DRIVERENUM\AMDFDANS&7&16b8ddb4&0"
"06:22:30.1657918","Kernel-PnP","222","시작",,"End querying bus relations for device SWD\DRIVERENUM\AMDFDANS&7&16b8ddb4&0"
"06:22:30.1657963","Kernel-PnP","220","시작",,"Begin querying bus relations for device SWD\DRIVERENUM\AMDOCL&7&16b8ddb4&0"
"06:22:30.1657970","Kernel-PnP","222","시작",,"End querying bus relations for device SWD\DRIVERENUM\AMDOCL&7&16b8ddb4&0"
"06:22:30.1658013","Kernel-PnP","220","시작",,"Begin querying bus relations for device SWD\DRIVERENUM\AMDOGL&7&16b8ddb4&0"
"06:22:30.1658019","Kernel-PnP","222","시작",,"End querying bus relations for device SWD\DRIVERENUM\AMDOGL&7&16b8ddb4&0"
"06:22:30.1658056","Kernel-PnP","220","시작",,"Begin querying bus relations for device SWD\DRIVERENUM\AMDVLK&7&16b8ddb4&0"
"06:22:30.1658063","Kernel-PnP","222","시작",,"End querying bus relations for device SWD\DRIVERENUM\AMDVLK&7&16b8ddb4&0"
"06:22:30.1658107","Kernel-PnP","220","시작",,"Begin querying bus relations for device SWD\DRIVERENUM\AMDWIN&7&16b8ddb4&0"
"06:22:30.1658114","Kernel-PnP","222","시작",,"End querying bus relations for device SWD\DRIVERENUM\AMDWIN&7&16b8ddb4&0"
"06:22:30.1658156","Kernel-PnP","220","시작",,"Begin querying bus relations for device DISPLAY\SAM79DF\7&16b8ddb4&0&UID256"
"06:22:30.1658200","Kernel-PnP","222","시작",,"End querying bus relations for device DISPLAY\SAM79DF\7&16b8ddb4&0&UID256"
"06:22:30.1658263","Kernel-PnP","220","시작",,"Begin querying bus relations for device DISPLAY\BBC0104\7&16b8ddb4&0&UID265"
"06:22:30.1658285","Kernel-PnP","222","시작",,"End querying bus relations for device DISPLAY\BBC0104\7&16b8ddb4&0&UID265"
"06:22:30.1710630","Kernel-PnP","808","시작",,"End device add, status (STATUS_SUCCESS)"
"06:22:30.1711013","DxgKrnl","10011","정보",,""
"06:22:30.1711343","DxgKrnl","10011","정보",,""
"06:22:30.1712226","DxgKrnl","10011","정보",,""
"06:22:30.1712280","DxgKrnl","10011","정보",,""
"06:22:30.1712305","DxgKrnl","10011","정보",,""
"06:22:30.1713598","Kernel-PnP","220","시작",,"Begin querying bus relations for device DISPLAY\SAM7B0C\7&16b8ddb4&0&UID260"
"06:22:30.1713624","Kernel-PnP","222","시작",,"End querying bus relations for device DISPLAY\SAM7B0C\7&16b8ddb4&0&UID260"
"06:22:30.1748835","DxgKrnl","10011","정보",,""
"06:22:30.1753550","DxgKrnl","10011","정보",,""
"06:22:30.1754387","DxgKrnl","10011","정보",,""
"06:22:30.1967275","DxgKrnl","10011","정보",,""
"06:22:30.1967967","DxgKrnl","10011","정보",,""
"06:22:30.1968510","DxgKrnl","10011","정보",,""
"06:22:30.1984577","DxgKrnl","10011","정보",,""
"06:22:30.1985119","DxgKrnl","10011","정보",,""
"06:22:30.1986582","DxgKrnl","10011","정보",,""
"06:22:30.1987172","DxgKrnl","10011","정보",,""
"06:22:30.1987181","DxgKrnl","10011","정보",,""
"06:22:30.1987726","DxgKrnl","10011","정보",,""
"06:22:30.1987747","DxgKrnl","10011","정보",,""
"06:22:30.1988285","DxgKrnl","10011","정보",,""
"06:22:30.1988365","DxgKrnl","10011","정보",,""
"06:22:30.1988917","DxgKrnl","10011","정보",,""
"06:22:30.2010634","DxgKrnl","10011","정보",,""
"06:22:30.2011492","DxgKrnl","10011","정보",,""
"06:22:30.2014291","DxgKrnl","10011","정보",,""
"06:22:30.2014425","DxgKrnl","10011","정보",,""
"06:22:30.2014518","DxgKrnl","10011","정보",,""
"06:22:30.2016333","DxgKrnl","10011","정보",,""
"06:22:30.2017398","DxgKrnl","10011","정보",,""
"06:22:30.2017623","DxgKrnl","10011","정보",,""
"06:22:30.2060898","DxgKrnl","10011","정보",,""
"06:22:30.2062035","DxgKrnl","10011","정보",,""
"06:22:30.4160319","DxgKrnl","10011","정보",,""
"06:22:30.4160933","DxgKrnl","10011","정보",,""
"06:22:30.4172938","DxgKrnl","10011","정보",,""
"06:22:30.4179752","DxgKrnl","10011","정보",,""
"06:22:30.4197160","DxgKrnl","10011","정보",,""
"06:22:30.4197944","DxgKrnl","10011","정보",,""
"06:22:30.4243310","DxgKrnl","10011","정보",,""
"06:22:30.4243577","DxgKrnl","10011","정보",,""
"06:22:30.4246657","DxgKrnl","10011","정보",,""
"06:22:30.4255480","DxgKrnl","10011","정보",,""
"06:22:30.4255873","DxgKrnl","10011","정보",,""
"06:22:30.4256616","DxgKrnl","10011","정보",,""
"06:22:30.4264107","DxgKrnl","10011","정보",,""
"06:22:30.4264545","DxgKrnl","10011","정보",,""
"06:22:30.4264752","DxgKrnl","10011","정보",,""
"06:22:30.4267712","DxgKrnl","10011","정보",,""
"06:22:30.4267771","DxgKrnl","10011","정보",,""
"06:22:30.4286393","DxgKrnl","10011","정보",,""
"06:22:30.4287060","DxgKrnl","10011","정보",,""
"06:22:30.4310308","DxgKrnl","10011","정보",,""
"06:22:30.4326032","DxgKrnl","10011","정보",,""
"06:22:30.4326129","DxgKrnl","10011","정보",,""
"06:22:30.4326138","DxgKrnl","10011","정보",,""
"06:22:30.4327380","DxgKrnl","10011","정보",,""
"06:22:30.4328603","DxgKrnl","10011","정보",,""
"06:22:30.4330906","DxgKrnl","10011","정보",,""
"06:22:30.4331666","DxgKrnl","10011","정보",,""
"06:22:30.4415785","DxgKrnl","10011","정보",,""
"06:22:30.4416488","DxgKrnl","10011","정보",,""
"06:22:30.4417342","DxgKrnl","10011","정보",,""
"06:22:30.4417387","DxgKrnl","10011","정보",,""
"06:22:30.4417411","DxgKrnl","10011","정보",,""
"06:22:30.4463709","DxgKrnl","10011","정보",,""
"06:22:30.4464610","DxgKrnl","10011","정보",,""
"06:22:30.4494049","DxgKrnl","10011","정보",,""
"06:22:30.4494643","DxgKrnl","10011","정보",,""
"06:22:30.4495282","DxgKrnl","10011","정보",,""
"06:22:30.4497260","DxgKrnl","10011","정보",,""
"06:22:30.4497371","DxgKrnl","10011","정보",,""
"06:22:30.4497381","DxgKrnl","10011","정보",,""
"06:22:30.4497429","DxgKrnl","10011","정보",,""
"06:22:30.4497733","DxgKrnl","10011","정보",,""
"06:22:30.4497742","DxgKrnl","10011","정보",,""
"06:22:30.4497831","DxgKrnl","10011","정보",,""
"06:22:30.4502211","DxgKrnl","10011","정보",,""
"06:22:30.4502239","DxgKrnl","10011","정보",,""
"06:22:30.4502249","DxgKrnl","10011","정보",,""
"06:22:30.4502296","DxgKrnl","10011","정보",,""
"06:22:30.4503203","DxgKrnl","10011","정보",,""
"06:22:30.4503231","DxgKrnl","10011","정보",,""
"06:22:30.4504105","DxgKrnl","10011","정보",,""
"06:22:30.4526439","DxgKrnl","10011","정보",,""
"06:22:30.4527323","DxgKrnl","10011","정보",,""
"06:22:30.4527394","DxgKrnl","10011","정보",,""
"06:22:30.4528598","DxgKrnl","10011","정보",,""
"06:22:30.4529874","DxgKrnl","10011","정보",,""
"06:22:30.4578815","DxgKrnl","10011","정보",,""
"06:22:30.4591548","DxgKrnl","10011","정보",,""
"06:22:30.4591663","DxgKrnl","10011","정보",,""
"06:22:30.4591670","DxgKrnl","10011","정보",,""
"06:22:30.4592532","DxgKrnl","10011","정보",,""
"06:22:30.4593912","DxgKrnl","10011","정보",,""
"06:22:30.4640174","DxgKrnl","10011","정보",,""
"06:22:30.4642766","DxgKrnl","10011","정보",,""
"06:22:30.4651886","DxgKrnl","10011","정보",,""
"06:22:30.4654676","DxgKrnl","10011","정보",,""
"06:22:30.4670306","DxgKrnl","10011","정보",,""
"06:22:30.4671561","DxgKrnl","10011","정보",,""
"06:22:30.6257744","DxgKrnl","10011","정보",,""
"06:22:30.6265143","DxgKrnl","10011","정보",,""
"06:22:31.4049327","DxgKrnl","10011","정보",,""
"06:22:31.4050787","DxgKrnl","10011","정보",,""
"06:22:31.4050801","DxgKrnl","10011","정보",,""
"06:22:31.4051632","DxgKrnl","10011","정보",,""
"06:22:31.4051654","DxgKrnl","10011","정보",,""
"06:22:31.4052684","DxgKrnl","10011","정보",,""
"06:22:31.4052982","DxgKrnl","10011","정보",,""
"06:22:31.4053656","DxgKrnl","10011","정보",,""
"06:22:31.6025450","DxgKrnl","10011","정보",,""
"06:22:31.6026659","DxgKrnl","10011","정보",,""
"06:22:31.6026673","DxgKrnl","10011","정보",,""
"06:22:31.6027504","DxgKrnl","10011","정보",,""
"06:22:31.6027523","DxgKrnl","10011","정보",,""
"06:22:31.6028255","DxgKrnl","10011","정보",,""
"06:22:31.6028390","DxgKrnl","10011","정보",,""
"06:22:31.6029108","DxgKrnl","10011","정보",,""
"06:23:11.1257632","Kernel-PnP","220","시작",,"Begin querying bus relations for device PCI\VEN_1002&DEV_7550&SUBSYS_E4891DA2&REV_C0\6&8916a45&0&00000009"
"06:23:11.1259175","DxgKrnl","10011","정보",,""
"06:23:11.1658619","DxgKrnl","10011","정보",,""
"06:23:11.1659536","DxgKrnl","10011","정보",,""
"06:23:11.1660414","DxgKrnl","10011","정보",,""
"06:23:11.1661753","Kernel-PnP","222","시작",,"End querying bus relations for device PCI\VEN_1002&DEV_7550&SUBSYS_E4891DA2&REV_C0\6&8916a45&0&00000009"
"06:23:11.1664873","Kernel-PnP","1010","시작",,"버스에 누락 된 것으로 보고 된 장치 DISPLAY\SAM7B0C\7&16b8ddb4&0&UID260이 (가) 제거 되었습니다. 제거 된 장치 수 | 개수: 1"
"06:23:11.1670403","Kernel-PnP","220","시작",,"Begin querying bus relations for device SWD\DRIVERENUM\AMDCP&7&16b8ddb4&0"
"06:23:11.1670429","Kernel-PnP","222","시작",,"End querying bus relations for device SWD\DRIVERENUM\AMDCP&7&16b8ddb4&0"
"06:23:11.1670571","Kernel-PnP","220","시작",,"Begin querying bus relations for device SWD\DRIVERENUM\AMDFDANS&7&16b8ddb4&0"
"06:23:11.1670582","Kernel-PnP","222","시작",,"End querying bus relations for device SWD\DRIVERENUM\AMDFDANS&7&16b8ddb4&0"
"06:23:11.1670642","Kernel-PnP","220","시작",,"Begin querying bus relations for device SWD\DRIVERENUM\AMDOCL&7&16b8ddb4&0"
"06:23:11.1670651","Kernel-PnP","222","시작",,"End querying bus relations for device SWD\DRIVERENUM\AMDOCL&7&16b8ddb4&0"
"06:23:11.1670719","Kernel-PnP","220","시작",,"Begin querying bus relations for device SWD\DRIVERENUM\AMDOGL&7&16b8ddb4&0"
"06:23:11.1670729","Kernel-PnP","222","시작",,"End querying bus relations for device SWD\DRIVERENUM\AMDOGL&7&16b8ddb4&0"
"06:23:11.1670786","Kernel-PnP","220","시작",,"Begin querying bus relations for device SWD\DRIVERENUM\AMDVLK&7&16b8ddb4&0"
"06:23:11.1670795","Kernel-PnP","222","시작",,"End querying bus relations for device SWD\DRIVERENUM\AMDVLK&7&16b8ddb4&0"
"06:23:11.1670852","Kernel-PnP","220","시작",,"Begin querying bus relations for device SWD\DRIVERENUM\AMDWIN&7&16b8ddb4&0"
"06:23:11.1670860","Kernel-PnP","222","시작",,"End querying bus relations for device SWD\DRIVERENUM\AMDWIN&7&16b8ddb4&0"
"06:23:11.1670915","Kernel-PnP","220","시작",,"Begin querying bus relations for device DISPLAY\SAM79DF\7&16b8ddb4&0&UID256"
"06:23:11.1670971","Kernel-PnP","222","시작",,"End querying bus relations for device DISPLAY\SAM79DF\7&16b8ddb4&0&UID256"
"06:23:11.1671029","Kernel-PnP","220","시작",,"Begin querying bus relations for device DISPLAY\BBC0104\7&16b8ddb4&0&UID265"
"06:23:11.1671058","Kernel-PnP","222","시작",,"End querying bus relations for device DISPLAY\BBC0104\7&16b8ddb4&0&UID265"
"06:23:11.1683062","Kernel-PnP","808","시작",,"End device add, status (STATUS_SUCCESS)"
"06:23:11.1686352","Kernel-PnP","220","시작",,"Begin querying bus relations for device DISPLAY\Default_Monitor\7&16b8ddb4&0&UID260"
"06:23:11.1686382","Kernel-PnP","222","시작",,"End querying bus relations for device DISPLAY\Default_Monitor\7&16b8ddb4&0&UID260"
"06:23:11.1688477","DxgKrnl","10011","정보",,""
"06:23:11.1695306","DxgKrnl","10011","정보",,""
"06:23:11.1696318","DxgKrnl","10011","정보",,""
"06:23:11.1712641","DxgKrnl","10011","정보",,""
"06:23:11.1713621","DxgKrnl","10011","정보",,""
"06:23:11.1716546","DxgKrnl","10011","정보",,""
"06:23:11.1717331","DxgKrnl","10011","정보",,""
"06:23:11.1834069","DxgKrnl","10011","정보",,""
"06:23:11.1834325","DxgKrnl","10011","정보",,""
"06:23:11.1835041","DxgKrnl","10011","정보",,""
"06:23:11.1835093","DxgKrnl","10011","정보",,""
"06:23:11.1835117","DxgKrnl","10011","정보",,""
"06:23:11.1866147","DxgKrnl","10011","정보",,""
"06:23:11.1866751","DxgKrnl","10011","정보",,""
"06:23:11.2726274","DxgKrnl","10011","정보",,""
"06:23:11.2727200","DxgKrnl","10011","정보",,""
"06:23:11.2727985","DxgKrnl","10011","정보",,""
"06:23:11.2740716","DxgKrnl","10011","정보",,""
"06:23:11.2741408","DxgKrnl","10011","정보",,""
"06:23:11.2742845","DxgKrnl","10011","정보",,""
"06:23:11.2743603","DxgKrnl","10011","정보",,""
"06:23:11.2743620","DxgKrnl","10011","정보",,""
"06:23:11.2744312","DxgKrnl","10011","정보",,""
"06:23:11.2744334","DxgKrnl","10011","정보",,""
"06:23:11.2745024","DxgKrnl","10011","정보",,""
"06:23:11.2745096","DxgKrnl","10011","정보",,""
"06:23:11.2745783","DxgKrnl","10011","정보",,""
"06:23:11.2745841","DxgKrnl","10011","정보",,""
"06:23:11.2746530","DxgKrnl","10011","정보",,""
"06:23:11.2746562","DxgKrnl","10011","정보",,""
"06:23:11.2747406","DxgKrnl","10011","정보",,""
"06:23:11.2776273","DxgKrnl","10011","정보",,""
"06:23:11.2776428","DxgKrnl","10011","정보",,""
"06:23:11.2776595","DxgKrnl","10011","정보",,""
"06:23:11.2776677","DxgKrnl","10011","정보",,""
"06:23:11.2778449","DxgKrnl","10011","정보",,""
"06:23:11.2780730","DxgKrnl","10011","정보",,""
"06:23:11.2780737","DxgKrnl","10011","정보",,""
"06:23:11.2780737","DxgKrnl","10011","정보",,""
"06:23:11.2818004","DxgKrnl","10011","정보",,""
"06:23:11.2818829","DxgKrnl","10011","정보",,""
"06:23:11.3053013","DxgKrnl","10011","정보",,""
"06:23:11.3054220","DxgKrnl","10011","정보",,""
"06:23:11.3054250","DxgKrnl","10011","정보",,""
"06:23:11.3055119","DxgKrnl","10011","정보",,""
"06:23:11.3055135","DxgKrnl","10011","정보",,""
"06:23:11.3055894","DxgKrnl","10011","정보",,""
"06:23:11.3055934","DxgKrnl","10011","정보",,""
"06:23:11.3056722","DxgKrnl","10011","정보",,""
"06:23:11.3056839","DxgKrnl","10011","정보",,""
"06:23:11.3057570","DxgKrnl","10011","정보",,""
"06:23:11.3057622","DxgKrnl","10011","정보",,""
"06:23:11.3058408","DxgKrnl","10011","정보",,""
"06:23:11.3066444","DxgKrnl","10011","정보",,""
"06:23:11.3067264","DxgKrnl","10011","정보",,""
"06:23:11.3103467","DxgKrnl","10011","정보",,""
"06:23:11.3131393","DxgKrnl","10011","정보",,""
"06:23:11.3146105","DxgKrnl","10011","정보",,""
"06:23:11.3147212","DxgKrnl","10011","정보",,""
"06:23:11.3199122","DxgKrnl","10011","정보",,""
"06:23:11.3206879","DxgKrnl","10011","정보",,""
"06:23:11.3207756","DxgKrnl","10011","정보",,""
"06:23:11.3207898","DxgKrnl","10011","정보",,""
"06:23:11.3745175","Kernel-PnP","220","시작",,"Begin querying bus relations for device PCI\VEN_1002&DEV_7550&SUBSYS_E4891DA2&REV_C0\6&8916a45&0&00000009"
"06:23:11.4283399","Kernel-PnP","222","시작",,"End querying bus relations for device PCI\VEN_1002&DEV_7550&SUBSYS_E4891DA2&REV_C0\6&8916a45&0&00000009"
"06:23:11.4285384","Kernel-PnP","1010","시작",,"버스에 누락 된 것으로 보고 된 장치 DISPLAY\Default_Monitor\7&16b8ddb4&0&UID260이 (가) 제거 되었습니다. 제거 된 장치 수 | 개수: 1"
"06:23:11.4286603","DxgKrnl","10011","정보",,""
"06:23:11.4289745","DxgKrnl","10011","정보",,""
"06:23:11.4290462","Kernel-PnP","220","시작",,"Begin querying bus relations for device SWD\DRIVERENUM\AMDCP&7&16b8ddb4&0"
"06:23:11.4290493","Kernel-PnP","222","시작",,"End querying bus relations for device SWD\DRIVERENUM\AMDCP&7&16b8ddb4&0"
"06:23:11.4290631","Kernel-PnP","220","시작",,"Begin querying bus relations for device SWD\DRIVERENUM\AMDFDANS&7&16b8ddb4&0"
"06:23:11.4290642","Kernel-PnP","222","시작",,"End querying bus relations for device SWD\DRIVERENUM\AMDFDANS&7&16b8ddb4&0"
"06:23:11.4290729","Kernel-PnP","220","시작",,"Begin querying bus relations for device SWD\DRIVERENUM\AMDOCL&7&16b8ddb4&0"
"06:23:11.4290741","Kernel-PnP","222","시작",,"End querying bus relations for device SWD\DRIVERENUM\AMDOCL&7&16b8ddb4&0"
"06:23:11.4290813","Kernel-PnP","220","시작",,"Begin querying bus relations for device SWD\DRIVERENUM\AMDOGL&7&16b8ddb4&0"
"06:23:11.4290822","Kernel-PnP","222","시작",,"End querying bus relations for device SWD\DRIVERENUM\AMDOGL&7&16b8ddb4&0"
"06:23:11.4290882","Kernel-PnP","220","시작",,"Begin querying bus relations for device SWD\DRIVERENUM\AMDVLK&7&16b8ddb4&0"
"06:23:11.4290890","Kernel-PnP","222","시작",,"End querying bus relations for device SWD\DRIVERENUM\AMDVLK&7&16b8ddb4&0"
"06:23:11.4290940","Kernel-PnP","220","시작",,"Begin querying bus relations for device SWD\DRIVERENUM\AMDWIN&7&16b8ddb4&0"
"06:23:11.4290949","Kernel-PnP","222","시작",,"End querying bus relations for device SWD\DRIVERENUM\AMDWIN&7&16b8ddb4&0"
"06:23:11.4291024","Kernel-PnP","220","시작",,"Begin querying bus relations for device DISPLAY\SAM79DF\7&16b8ddb4&0&UID256"
"06:23:11.4291078","Kernel-PnP","222","시작",,"End querying bus relations for device DISPLAY\SAM79DF\7&16b8ddb4&0&UID256"
"06:23:11.4291142","Kernel-PnP","220","시작",,"Begin querying bus relations for device DISPLAY\BBC0104\7&16b8ddb4&0&UID265"
"06:23:11.4291175","Kernel-PnP","222","시작",,"End querying bus relations for device DISPLAY\BBC0104\7&16b8ddb4&0&UID265"
"06:23:11.4350848","DxgKrnl","10011","정보",,""
"06:23:11.4352122","DxgKrnl","10011","정보",,""
"06:23:11.4651455","DxgKrnl","10011","정보",,""
"06:23:11.4652634","DxgKrnl","10011","정보",,""
"06:23:11.4714628","DxgKrnl","10011","정보",,""
"06:23:11.4714887","DxgKrnl","10011","정보",,""
"06:23:11.4715740","DxgKrnl","10011","정보",,""
"06:23:11.4715769","DxgKrnl","10011","정보",,""
"06:23:11.4715792","DxgKrnl","10011","정보",,""
"06:23:11.4719424","DxgKrnl","10011","정보",,""
"06:23:11.4720122","DxgKrnl","10011","정보",,""
"06:23:11.4802167","DxgKrnl","10011","정보",,""
"06:23:11.4911494","DxgKrnl","10011","정보",,""
"06:23:11.4912213","DxgKrnl","10011","정보",,""
"06:23:11.4912738","DxgKrnl","10011","정보",,""
"06:23:11.4917515","DxgKrnl","10011","정보",,""
"06:23:11.4917824","DxgKrnl","10011","정보",,""
"06:23:11.4918458","DxgKrnl","10011","정보",,""
"06:23:11.4918793","DxgKrnl","10011","정보",,""
"06:23:11.4918810","DxgKrnl","10011","정보",,""
"06:23:11.4919167","DxgKrnl","10011","정보",,""
"06:23:11.4939338","DxgKrnl","10011","정보",,""
"06:23:11.4939535","DxgKrnl","10011","정보",,""
"06:23:11.4939552","DxgKrnl","10011","정보",,""
"06:23:11.4940771","DxgKrnl","10011","정보",,""
"06:23:11.4941793","DxgKrnl","10011","정보",,""
"06:23:11.4942328","DxgKrnl","10011","정보",,""
"06:23:11.5004227","DxgKrnl","10011","정보",,""
"06:23:11.5004649","DxgKrnl","10011","정보",,""
"06:23:11.5202991","DxgKrnl","10011","정보",,""
"06:23:11.5210476","DxgKrnl","10011","정보",,""
"06:23:11.5437417","DxgKrnl","10011","정보",,""
"06:23:11.5438015","DxgKrnl","10011","정보",,""
"06:23:11.5438030","DxgKrnl","10011","정보",,""
"06:23:11.5438467","DxgKrnl","10011","정보",,""
"06:23:11.5446838","DxgKrnl","10011","정보",,""
"06:23:11.5447397","DxgKrnl","10011","정보",,""
"06:23:11.5497307","DxgKrnl","10011","정보",,""
"06:23:11.5498227","DxgKrnl","10011","정보",,""
"06:23:11.5518645","DxgKrnl","10011","정보",,""
"06:23:11.5519747","DxgKrnl","10011","정보",,""
"06:23:11.5540150","DxgKrnl","10011","정보",,""
"06:23:11.5540637","DxgKrnl","10011","정보",,""
"06:23:11.5557362","DxgKrnl","10011","정보",,""
"06:23:11.5558007","DxgKrnl","10011","정보",,""
"06:23:11.5896709","DxgKrnl","10011","정보",,""
"06:23:11.5906272","DxgKrnl","10011","정보",,""
"06:23:11.5907777","DxgKrnl","10011","정보",,""
"06:23:11.5912404","DxgKrnl","10011","정보",,""
"06:23:11.5917014","DxgKrnl","10011","정보",,""
"06:23:11.5917646","DxgKrnl","10011","정보",,""
"06:23:11.5970644","DxgKrnl","10011","정보",,""
"06:23:11.5971117","DxgKrnl","10011","정보",,""
"06:23:11.5971506","DxgKrnl","10011","정보",,""
"06:23:11.5972302","DxgKrnl","10011","정보",,""
"06:23:11.5972396","DxgKrnl","10011","정보",,""
"06:23:11.6038303","DxgKrnl","10011","정보",,""
"06:23:11.6039082","DxgKrnl","10011","정보",,""
"06:23:11.6063420","DxgKrnl","10011","정보",,""
"06:23:11.6064673","DxgKrnl","10011","정보",,""
"06:23:11.6128320","DxgKrnl","10011","정보",,""
"06:23:11.6129279","DxgKrnl","10011","정보",,""
"06:23:11.6146403","DxgKrnl","10011","정보",,""
"06:23:11.6147788","DxgKrnl","10011","정보",,""
"06:23:11.6172131","DxgKrnl","10011","정보",,""
"06:23:11.6176405","DxgKrnl","10011","정보",,""
"06:23:11.6176529","DxgKrnl","10011","정보",,""
"06:23:11.6176537","DxgKrnl","10011","정보",,""
"06:23:11.6181214","DxgKrnl","10011","정보",,""
"06:23:11.6181692","DxgKrnl","10011","정보",,""
"06:23:11.6197771","DxgKrnl","10011","정보",,""
"06:23:11.6198245","DxgKrnl","10011","정보",,""
"06:23:11.6670841","DxgKrnl","10011","정보",,""
"06:23:11.6671732","DxgKrnl","10011","정보",,""
"06:23:13.6198591","DxgKrnl","10011","정보",,""
"06:23:13.6209507","DxgKrnl","10011","정보",,""
"06:23:14.3051661","DxgKrnl","10011","정보",,""
"06:23:14.3064321","DxgKrnl","10011","정보",,""
"06:23:14.5527174","Kernel-PnP","220","시작",,"Begin querying bus relations for device PCI\VEN_1002&DEV_7550&SUBSYS_E4891DA2&REV_C0\6&8916a45&0&00000009"
"06:23:14.5528514","DxgKrnl","10011","정보",,""
"06:23:14.5528515","DxgKrnl","10011","정보",,""
"06:23:14.5529709","DxgKrnl","10011","정보",,""
"06:23:14.5530166","DxgKrnl","10011","정보",,""
"06:23:14.5534763","DxgKrnl","10011","정보",,""
"06:23:14.5534764","DxgKrnl","10011","정보",,""
"06:23:14.5545027","DxgKrnl","10011","정보",,""
"06:23:14.5545078","DxgKrnl","10011","정보",,""
"06:23:14.5545636","DxgKrnl","10011","정보",,""
"06:23:14.5546342","DxgKrnl","10011","정보",,""
"06:23:14.5560069","DxgKrnl","10011","정보",,""
"06:23:14.5560512","DxgKrnl","10011","정보",,""
"06:23:14.5604592","Kernel-PnP","222","시작",,"End querying bus relations for device PCI\VEN_1002&DEV_7550&SUBSYS_E4891DA2&REV_C0\6&8916a45&0&00000009"
"06:23:14.5605133","Kernel-PnP","220","시작",,"Begin querying bus relations for device SWD\DRIVERENUM\AMDCP&7&16b8ddb4&0"
"06:23:14.5605151","Kernel-PnP","222","시작",,"End querying bus relations for device SWD\DRIVERENUM\AMDCP&7&16b8ddb4&0"
"06:23:14.5605210","Kernel-PnP","220","시작",,"Begin querying bus relations for device SWD\DRIVERENUM\AMDFDANS&7&16b8ddb4&0"
"06:23:14.5605217","Kernel-PnP","222","시작",,"End querying bus relations for device SWD\DRIVERENUM\AMDFDANS&7&16b8ddb4&0"
"06:23:14.5605265","Kernel-PnP","220","시작",,"Begin querying bus relations for device SWD\DRIVERENUM\AMDOCL&7&16b8ddb4&0"
"06:23:14.5605271","Kernel-PnP","222","시작",,"End querying bus relations for device SWD\DRIVERENUM\AMDOCL&7&16b8ddb4&0"
"06:23:14.5605312","Kernel-PnP","220","시작",,"Begin querying bus relations for device SWD\DRIVERENUM\AMDOGL&7&16b8ddb4&0"
"06:23:14.5605318","Kernel-PnP","222","시작",,"End querying bus relations for device SWD\DRIVERENUM\AMDOGL&7&16b8ddb4&0"
"06:23:14.5605401","Kernel-PnP","220","시작",,"Begin querying bus relations for device SWD\DRIVERENUM\AMDVLK&7&16b8ddb4&0"
"06:23:14.5605409","Kernel-PnP","222","시작",,"End querying bus relations for device SWD\DRIVERENUM\AMDVLK&7&16b8ddb4&0"
"06:23:14.5605465","Kernel-PnP","220","시작",,"Begin querying bus relations for device SWD\DRIVERENUM\AMDWIN&7&16b8ddb4&0"
"06:23:14.5605472","Kernel-PnP","222","시작",,"End querying bus relations for device SWD\DRIVERENUM\AMDWIN&7&16b8ddb4&0"
"06:23:14.5605518","Kernel-PnP","220","시작",,"Begin querying bus relations for device DISPLAY\SAM79DF\7&16b8ddb4&0&UID256"
"06:23:14.5605566","Kernel-PnP","222","시작",,"End querying bus relations for device DISPLAY\SAM79DF\7&16b8ddb4&0&UID256"
"06:23:14.5605622","Kernel-PnP","220","시작",,"Begin querying bus relations for device DISPLAY\BBC0104\7&16b8ddb4&0&UID265"
"06:23:14.5605645","Kernel-PnP","222","시작",,"End querying bus relations for device DISPLAY\BBC0104\7&16b8ddb4&0&UID265"
"06:23:14.5650250","DxgKrnl","10011","정보",,""
"06:23:14.5650768","DxgKrnl","10011","정보",,""
"06:23:14.5651519","DxgKrnl","10011","정보",,""
"06:23:14.5651580","DxgKrnl","10011","정보",,""
"06:23:14.5651621","DxgKrnl","10011","정보",,""
"06:23:14.5696235","DxgKrnl","10011","정보",,""
"06:23:14.5696669","DxgKrnl","10011","정보",,""
"06:23:14.5697502","Kernel-PnP","808","시작",,"End device add, status (STATUS_SUCCESS)"
"06:23:14.5700230","Kernel-PnP","220","시작",,"Begin querying bus relations for device DISPLAY\SAM7B0C\7&16b8ddb4&0&UID260"
"06:23:14.5700259","Kernel-PnP","222","시작",,"End querying bus relations for device DISPLAY\SAM7B0C\7&16b8ddb4&0&UID260"
"06:23:14.5703856","DxgKrnl","10011","정보",,""
"06:23:14.5901827","DxgKrnl","10011","정보",,""
"06:23:14.5902681","DxgKrnl","10011","정보",,""
"06:23:14.5903191","DxgKrnl","10011","정보",,""
"06:23:14.5917574","DxgKrnl","10011","정보",,""
"06:23:14.5918106","DxgKrnl","10011","정보",,""
"06:23:14.5919435","DxgKrnl","10011","정보",,""
"06:23:14.5920023","DxgKrnl","10011","정보",,""
"06:23:14.5920033","DxgKrnl","10011","정보",,""
"06:23:14.5920619","DxgKrnl","10011","정보",,""
"06:23:14.5920636","DxgKrnl","10011","정보",,""
"06:23:14.5921175","DxgKrnl","10011","정보",,""
"06:23:14.5921238","DxgKrnl","10011","정보",,""
"06:23:14.5921788","DxgKrnl","10011","정보",,""
"06:23:14.5941153","DxgKrnl","10011","정보",,""
"06:23:14.5941266","DxgKrnl","10011","정보",,""
"06:23:14.5941649","DxgKrnl","10011","정보",,""
"06:23:14.5941652","DxgKrnl","10011","정보",,""
"06:23:14.5944381","DxgKrnl","10011","정보",,""
"06:23:14.5944395","DxgKrnl","10011","정보",,""
"06:23:14.5945281","DxgKrnl","10011","정보",,""
"06:23:14.5945322","DxgKrnl","10011","정보",,""
"06:23:14.5992425","DxgKrnl","10011","정보",,""
"06:23:14.5993299","DxgKrnl","10011","정보",,""
"06:23:14.7981041","DxgKrnl","10011","정보",,""
"06:23:14.7981790","DxgKrnl","10011","정보",,""
"06:23:14.8002236","DxgKrnl","10011","정보",,""
"06:23:14.8010345","DxgKrnl","10011","정보",,""
"06:23:14.8026860","DxgKrnl","10011","정보",,""
"06:23:14.8027717","DxgKrnl","10011","정보",,""
"06:23:14.8176897","DxgKrnl","10011","정보",,""
"06:23:14.8180644","DxgKrnl","10011","정보",,""
"06:23:14.8181425","DxgKrnl","10011","정보",,""
"06:23:14.8184667","DxgKrnl","10011","정보",,""
"06:23:14.8186709","DxgKrnl","10011","정보",,""
"06:23:14.8187171","DxgKrnl","10011","정보",,""
"06:23:14.8187905","DxgKrnl","10011","정보",,""
"06:23:14.8189160","DxgKrnl","10011","정보",,""
"06:23:14.8195000","DxgKrnl","10011","정보",,""
"06:23:14.8195658","DxgKrnl","10011","정보",,""
"06:23:14.8198136","DxgKrnl","10011","정보",,""
"06:23:14.8199040","DxgKrnl","10011","정보",,""
"06:23:14.8199504","DxgKrnl","10011","정보",,""
"06:23:14.8200172","DxgKrnl","10011","정보",,""
"06:23:14.8200221","DxgKrnl","10011","정보",,""
"06:23:14.8200244","DxgKrnl","10011","정보",,""
"06:23:14.8245396","DxgKrnl","10011","정보",,""
"06:23:14.8245995","DxgKrnl","10011","정보",,""
"06:23:14.8278361","DxgKrnl","10011","정보",,""
"06:23:14.8278986","DxgKrnl","10011","정보",,""
"06:23:14.8279566","DxgKrnl","10011","정보",,""
"06:23:14.8280440","DxgKrnl","10011","정보",,""
"06:23:14.8280544","DxgKrnl","10011","정보",,""
"06:23:14.8282218","DxgKrnl","10011","정보",,""
"06:23:14.8282245","DxgKrnl","10011","정보",,""
"06:23:14.8300356","DxgKrnl","10011","정보",,""
"06:23:14.8301082","DxgKrnl","10011","정보",,""
"06:23:14.8305711","DxgKrnl","10011","정보",,""
"06:23:14.8306529","DxgKrnl","10011","정보",,""
"06:23:14.8336978","DxgKrnl","10011","정보",,""
"06:23:14.8337802","DxgKrnl","10011","정보",,""
"06:23:14.8350171","DxgKrnl","10011","정보",,""
"06:23:14.8365798","DxgKrnl","10011","정보",,""
"06:23:14.8365923","DxgKrnl","10011","정보",,""
"06:23:14.8365930","DxgKrnl","10011","정보",,""
"06:23:14.8368012","DxgKrnl","10011","정보",,""
"06:23:14.8369312","DxgKrnl","10011","정보",,""
"06:23:14.8370155","DxgKrnl","10011","정보",,""
"06:23:14.8371047","DxgKrnl","10011","정보",,""
"06:23:14.8389891","DxgKrnl","10011","정보",,""
"06:23:14.8390580","DxgKrnl","10011","정보",,""
"06:23:14.8467579","DxgKrnl","10011","정보",,""
"06:23:14.8468677","DxgKrnl","10011","정보",,""
"06:23:14.8613703","DxgKrnl","10011","정보",,""
"06:23:14.8616428","DxgKrnl","10011","정보",,""
"06:23:14.8616931","DxgKrnl","10011","정보",,""
"06:23:14.8618415","DxgKrnl","10011","정보",,""
"06:23:14.8618437","DxgKrnl","10011","정보",,""
"06:23:14.8648690","DxgKrnl","10011","정보",,""
"06:23:14.8662770","DxgKrnl","10011","정보",,""
"06:23:14.8662897","DxgKrnl","10011","정보",,""
"06:23:14.8662904","DxgKrnl","10011","정보",,""
"06:23:14.8667860","DxgKrnl","10011","정보",,""
"06:23:14.8668103","DxgKrnl","10011","정보",,""
"06:23:14.8669273","DxgKrnl","10011","정보",,""
"06:23:14.8669331","DxgKrnl","10011","정보",,""
"06:23:14.8672098","DxgKrnl","10011","정보",,""
"06:23:14.8672826","DxgKrnl","10011","정보",,""
"06:23:15.0238613","DxgKrnl","10011","정보",,""
"06:23:15.0245669","DxgKrnl","10011","정보",,""
"06:23:15.0311344","DxgKrnl","10011","정보",,""
"06:23:15.0312031","DxgKrnl","10011","정보",,""
"06:23:16.0426875","DxgKrnl","10011","정보",,""
"06:23:16.0428029","DxgKrnl","10011","정보",,""
"06:23:16.0428050","DxgKrnl","10011","정보",,""
"06:23:16.0428729","DxgKrnl","10011","정보",,""
"06:23:16.0428746","DxgKrnl","10011","정보",,""
"06:23:16.0429297","DxgKrnl","10011","정보",,""
"06:23:16.0429494","DxgKrnl","10011","정보",,""
"06:23:16.0430118","DxgKrnl","10011","정보",,""
"06:23:16.2228402","DxgKrnl","10011","정보",,""
"06:23:16.2229795","DxgKrnl","10011","정보",,""
"06:23:16.2229808","DxgKrnl","10011","정보",,""
"06:23:16.2230510","DxgKrnl","10011","정보",,""
"06:23:16.2230530","DxgKrnl","10011","정보",,""
"06:23:16.2231191","DxgKrnl","10011","정보",,""
"06:23:16.2231345","DxgKrnl","10011","정보",,""
"06:23:16.2231983","DxgKrnl","10011","정보",,""
"06:23:55.3217373","Kernel-PnP","220","시작",,"Begin querying bus relations for device PCI\VEN_1002&DEV_7550&SUBSYS_E4891DA2&REV_C0\6&8916a45&0&00000009"
"06:23:55.3218889","DxgKrnl","10011","정보",,""
"06:23:55.3598167","DxgKrnl","10011","정보",,""
"06:23:55.3598409","Kernel-PnP","222","시작",,"End querying bus relations for device PCI\VEN_1002&DEV_7550&SUBSYS_E4891DA2&REV_C0\6&8916a45&0&00000009"
"06:23:55.3600376","Kernel-PnP","1010","시작",,"버스에 누락 된 것으로 보고 된 장치 DISPLAY\SAM7B0C\7&16b8ddb4&0&UID260이 (가) 제거 되었습니다. 제거 된 장치 수 | 개수: 1"
"06:23:55.3600722","DxgKrnl","10011","정보",,""
"06:23:55.3600812","DxgKrnl","10011","정보",,""
"06:23:55.3603844","DxgKrnl","10011","정보",,""
"06:23:55.3604621","DxgKrnl","10011","정보",,""
"06:23:55.3606641","Kernel-PnP","220","시작",,"Begin querying bus relations for device SWD\DRIVERENUM\AMDCP&7&16b8ddb4&0"
"06:23:55.3606669","Kernel-PnP","222","시작",,"End querying bus relations for device SWD\DRIVERENUM\AMDCP&7&16b8ddb4&0"
"06:23:55.3606807","Kernel-PnP","220","시작",,"Begin querying bus relations for device SWD\DRIVERENUM\AMDFDANS&7&16b8ddb4&0"
"06:23:55.3606817","Kernel-PnP","222","시작",,"End querying bus relations for device SWD\DRIVERENUM\AMDFDANS&7&16b8ddb4&0"
"06:23:55.3606876","Kernel-PnP","220","시작",,"Begin querying bus relations for device SWD\DRIVERENUM\AMDOCL&7&16b8ddb4&0"
"06:23:55.3606886","Kernel-PnP","222","시작",,"End querying bus relations for device SWD\DRIVERENUM\AMDOCL&7&16b8ddb4&0"
"06:23:55.3606945","Kernel-PnP","220","시작",,"Begin querying bus relations for device SWD\DRIVERENUM\AMDOGL&7&16b8ddb4&0"
"06:23:55.3606955","Kernel-PnP","222","시작",,"End querying bus relations for device SWD\DRIVERENUM\AMDOGL&7&16b8ddb4&0"
"06:23:55.3607016","Kernel-PnP","220","시작",,"Begin querying bus relations for device SWD\DRIVERENUM\AMDVLK&7&16b8ddb4&0"
"06:23:55.3607024","Kernel-PnP","222","시작",,"End querying bus relations for device SWD\DRIVERENUM\AMDVLK&7&16b8ddb4&0"
"06:23:55.3607088","Kernel-PnP","220","시작",,"Begin querying bus relations for device SWD\DRIVERENUM\AMDWIN&7&16b8ddb4&0"
"06:23:55.3607096","Kernel-PnP","222","시작",,"End querying bus relations for device SWD\DRIVERENUM\AMDWIN&7&16b8ddb4&0"
"06:23:55.3607157","Kernel-PnP","220","시작",,"Begin querying bus relations for device DISPLAY\SAM79DF\7&16b8ddb4&0&UID256"
"06:23:55.3607216","Kernel-PnP","222","시작",,"End querying bus relations for device DISPLAY\SAM79DF\7&16b8ddb4&0&UID256"
"06:23:55.3607285","Kernel-PnP","220","시작",,"Begin querying bus relations for device DISPLAY\BBC0104\7&16b8ddb4&0&UID265"
"06:23:55.3607316","Kernel-PnP","222","시작",,"End querying bus relations for device DISPLAY\BBC0104\7&16b8ddb4&0&UID265"
"06:23:55.3614708","DxgKrnl","10011","정보",,""
"06:23:55.3619879","DxgKrnl","10011","정보",,""
"06:23:55.3622296","Kernel-PnP","808","시작",,"End device add, status (STATUS_SUCCESS)"
"06:23:55.3625448","Kernel-PnP","220","시작",,"Begin querying bus relations for device DISPLAY\Default_Monitor\7&16b8ddb4&0&UID260"
"06:23:55.3625481","Kernel-PnP","222","시작",,"End querying bus relations for device DISPLAY\Default_Monitor\7&16b8ddb4&0&UID260"
"06:23:55.3629047","DxgKrnl","10011","정보",,""
"06:23:55.3663161","DxgKrnl","10011","정보",,""
"06:23:55.3664009","DxgKrnl","10011","정보",,""
"06:23:55.3780196","DxgKrnl","10011","정보",,""
"06:23:55.3780465","DxgKrnl","10011","정보",,""
"06:23:55.3781167","DxgKrnl","10011","정보",,""
"06:23:55.3781217","DxgKrnl","10011","정보",,""
"06:23:55.3781240","DxgKrnl","10011","정보",,""
"06:23:55.3811673","DxgKrnl","10011","정보",,""
"06:23:55.3812357","DxgKrnl","10011","정보",,""
"06:23:55.4711339","DxgKrnl","10011","정보",,""
"06:23:55.4712508","DxgKrnl","10011","정보",,""
"06:23:55.4713000","DxgKrnl","10011","정보",,""
"06:23:55.4725848","DxgKrnl","10011","정보",,""
"06:23:55.4726545","DxgKrnl","10011","정보",,""
"06:23:55.4728035","DxgKrnl","10011","정보",,""
"06:23:55.4728794","DxgKrnl","10011","정보",,""
"06:23:55.4728811","DxgKrnl","10011","정보",,""
"06:23:55.4729616","DxgKrnl","10011","정보",,""
"06:23:55.4729630","DxgKrnl","10011","정보",,""
"06:23:55.4730379","DxgKrnl","10011","정보",,""
"06:23:55.4730402","DxgKrnl","10011","정보",,""
"06:23:55.4731088","DxgKrnl","10011","정보",,""
"06:23:55.4731167","DxgKrnl","10011","정보",,""
"06:23:55.4731862","DxgKrnl","10011","정보",,""
"06:23:55.4731902","DxgKrnl","10011","정보",,""
"06:23:55.4732595","DxgKrnl","10011","정보",,""
"06:23:55.4752569","DxgKrnl","10011","정보",,""
"06:23:55.4752644","DxgKrnl","10011","정보",,""
"06:23:55.4752718","DxgKrnl","10011","정보",,""
"06:23:55.4755673","DxgKrnl","10011","정보",,""
"06:23:55.4758709","DxgKrnl","10011","정보",,""
"06:23:55.4758722","DxgKrnl","10011","정보",,""
"06:23:55.4796355","DxgKrnl","10011","정보",,""
"06:23:55.4797332","DxgKrnl","10011","정보",,""
"06:23:55.4981183","DxgKrnl","10011","정보",,""
"06:23:55.4982107","DxgKrnl","10011","정보",,""
"06:23:55.4982118","DxgKrnl","10011","정보",,""
"06:23:55.4982843","DxgKrnl","10011","정보",,""
"06:23:55.4982852","DxgKrnl","10011","정보",,""
"06:23:55.4983549","DxgKrnl","10011","정보",,""
"06:23:55.4983578","DxgKrnl","10011","정보",,""
"06:23:55.4984325","DxgKrnl","10011","정보",,""
"06:23:55.4984428","DxgKrnl","10011","정보",,""
"06:23:55.4985240","DxgKrnl","10011","정보",,""
"06:23:55.4985273","DxgKrnl","10011","정보",,""
"06:23:55.4985969","DxgKrnl","10011","정보",,""
"06:23:55.4993393","DxgKrnl","10011","정보",,""
"06:23:55.4994088","DxgKrnl","10011","정보",,""
"06:23:55.5050627","DxgKrnl","10011","정보",,""
"06:23:55.5078359","DxgKrnl","10011","정보",,""
"06:23:55.5094655","DxgKrnl","10011","정보",,""
"06:23:55.5097208","DxgKrnl","10011","정보",,""
"06:23:55.5149353","DxgKrnl","10011","정보",,""
"06:23:55.5155315","DxgKrnl","10011","정보",,""
"06:23:55.5160449","DxgKrnl","10011","정보",,""
"06:23:55.5195673","DxgKrnl","10011","정보",,""
"06:23:55.5401804","Kernel-PnP","220","시작",,"Begin querying bus relations for device PCI\VEN_1002&DEV_7550&SUBSYS_E4891DA2&REV_C0\6&8916a45&0&00000009"
"06:23:55.5900442","Kernel-PnP","222","시작",,"End querying bus relations for device PCI\VEN_1002&DEV_7550&SUBSYS_E4891DA2&REV_C0\6&8916a45&0&00000009"
"06:23:55.5902644","DxgKrnl","10011","정보",,""
"06:23:55.5902877","DxgKrnl","10011","정보",,""
"06:23:55.5903504","Kernel-PnP","1010","시작",,"버스에 누락 된 것으로 보고 된 장치 DISPLAY\Default_Monitor\7&16b8ddb4&0&UID260이 (가) 제거 되었습니다. 제거 된 장치 수 | 개수: 1"
"06:23:55.5904900","DxgKrnl","10011","정보",,""
"06:23:55.5907119","DxgKrnl","10011","정보",,""
"06:23:55.5907188","DxgKrnl","10011","정보",,""
"06:23:55.5907255","DxgKrnl","10011","정보",,""
"06:23:55.5909448","Kernel-PnP","220","시작",,"Begin querying bus relations for device SWD\DRIVERENUM\AMDCP&7&16b8ddb4&0"
"06:23:55.5909485","Kernel-PnP","222","시작",,"End querying bus relations for device SWD\DRIVERENUM\AMDCP&7&16b8ddb4&0"
"06:23:55.5909784","Kernel-PnP","220","시작",,"Begin querying bus relations for device SWD\DRIVERENUM\AMDFDANS&7&16b8ddb4&0"
"06:23:55.5909815","Kernel-PnP","222","시작",,"End querying bus relations for device SWD\DRIVERENUM\AMDFDANS&7&16b8ddb4&0"
"06:23:55.5909911","Kernel-PnP","220","시작",,"Begin querying bus relations for device SWD\DRIVERENUM\AMDOCL&7&16b8ddb4&0"
"06:23:55.5909922","Kernel-PnP","222","시작",,"End querying bus relations for device SWD\DRIVERENUM\AMDOCL&7&16b8ddb4&0"
"06:23:55.5910354","Kernel-PnP","220","시작",,"Begin querying bus relations for device SWD\DRIVERENUM\AMDOGL&7&16b8ddb4&0"
"06:23:55.5910387","Kernel-PnP","222","시작",,"End querying bus relations for device SWD\DRIVERENUM\AMDOGL&7&16b8ddb4&0"
"06:23:55.5910467","Kernel-PnP","220","시작",,"Begin querying bus relations for device SWD\DRIVERENUM\AMDVLK&7&16b8ddb4&0"
"06:23:55.5910479","Kernel-PnP","222","시작",,"End querying bus relations for device SWD\DRIVERENUM\AMDVLK&7&16b8ddb4&0"
"06:23:55.5910533","Kernel-PnP","220","시작",,"Begin querying bus relations for device SWD\DRIVERENUM\AMDWIN&7&16b8ddb4&0"
"06:23:55.5910541","Kernel-PnP","222","시작",,"End querying bus relations for device SWD\DRIVERENUM\AMDWIN&7&16b8ddb4&0"
"06:23:55.5910600","Kernel-PnP","220","시작",,"Begin querying bus relations for device DISPLAY\SAM79DF\7&16b8ddb4&0&UID256"
"06:23:55.5910665","Kernel-PnP","222","시작",,"End querying bus relations for device DISPLAY\SAM79DF\7&16b8ddb4&0&UID256"
"06:23:55.5910726","Kernel-PnP","220","시작",,"Begin querying bus relations for device DISPLAY\BBC0104\7&16b8ddb4&0&UID265"
"06:23:55.5910757","Kernel-PnP","222","시작",,"End querying bus relations for device DISPLAY\BBC0104\7&16b8ddb4&0&UID265"
"06:23:55.6002641","DxgKrnl","10011","정보",,""
"06:23:55.6003608","DxgKrnl","10011","정보",,""
"06:23:55.6468566","DxgKrnl","10011","정보",,""
"06:23:55.6470019","DxgKrnl","10011","정보",,""
"06:23:55.6525669","DxgKrnl","10011","정보",,""
"06:23:55.6525926","DxgKrnl","10011","정보",,""
"06:23:55.6526949","DxgKrnl","10011","정보",,""
"06:23:55.6526984","DxgKrnl","10011","정보",,""
"06:23:55.6527006","DxgKrnl","10011","정보",,""
"06:23:55.6530418","DxgKrnl","10011","정보",,""
"06:23:55.6531122","DxgKrnl","10011","정보",,""
"06:23:55.6579771","DxgKrnl","10011","정보",,""
"06:23:55.6698672","DxgKrnl","10011","정보",,""
"06:23:55.6699195","DxgKrnl","10011","정보",,""
"06:23:55.6699594","DxgKrnl","10011","정보",,""
"06:23:55.6704188","DxgKrnl","10011","정보",,""
"06:23:55.6704481","DxgKrnl","10011","정보",,""
"06:23:55.6705146","DxgKrnl","10011","정보",,""
"06:23:55.6705519","DxgKrnl","10011","정보",,""
"06:23:55.6705537","DxgKrnl","10011","정보",,""
"06:23:55.6705842","DxgKrnl","10011","정보",,""
"06:23:55.6724003","DxgKrnl","10011","정보",,""
"06:23:55.6724086","DxgKrnl","10011","정보",,""
"06:23:55.6724149","DxgKrnl","10011","정보",,""
"06:23:55.6726897","DxgKrnl","10011","정보",,""
"06:23:55.6728301","DxgKrnl","10011","정보",,""
"06:23:55.6728345","DxgKrnl","10011","정보",,""
"06:23:55.6783265","DxgKrnl","10011","정보",,""
"06:23:55.6783715","DxgKrnl","10011","정보",,""
"06:23:55.7232473","DxgKrnl","10011","정보",,""
"06:23:55.7233301","DxgKrnl","10011","정보",,""
"06:23:55.7233319","DxgKrnl","10011","정보",,""
"06:23:55.7233669","DxgKrnl","10011","정보",,""
"06:23:55.7241567","DxgKrnl","10011","정보",,""
"06:23:55.7242225","DxgKrnl","10011","정보",,""
"06:23:55.7243971","DxgKrnl","10011","정보",,""
"06:23:55.7252044","DxgKrnl","10011","정보",,""
"06:23:55.7295692","DxgKrnl","10011","정보",,""
"06:23:55.7296484","DxgKrnl","10011","정보",,""
"06:23:55.7316722","DxgKrnl","10011","정보",,""
"06:23:55.7317230","DxgKrnl","10011","정보",,""
"06:23:55.7881818","DxgKrnl","10011","정보",,""
"06:23:55.7887971","DxgKrnl","10011","정보",,""
"06:23:55.7890245","DxgKrnl","10011","정보",,""
"06:23:55.7894982","DxgKrnl","10011","정보",,""
"06:23:55.7906092","DxgKrnl","10011","정보",,""
"06:23:55.7906645","DxgKrnl","10011","정보",,""
"06:23:55.7916960","DxgKrnl","10011","정보",,""
"06:23:55.7917420","DxgKrnl","10011","정보",,""
"06:23:55.7967046","DxgKrnl","10011","정보",,""
"06:23:55.7967623","DxgKrnl","10011","정보",,""
"06:23:55.7967884","DxgKrnl","10011","정보",,""
"06:23:55.7968501","DxgKrnl","10011","정보",,""
"06:23:55.7968528","DxgKrnl","10011","정보",,""
"06:23:55.8065866","DxgKrnl","10011","정보",,""
"06:23:55.8066311","DxgKrnl","10011","정보",,""
"06:23:55.8137182","DxgKrnl","10011","정보",,""
"06:23:55.8137908","DxgKrnl","10011","정보",,""
"06:23:55.8154378","DxgKrnl","10011","정보",,""
"06:23:55.8155982","DxgKrnl","10011","정보",,""
"06:23:55.8171100","DxgKrnl","10011","정보",,""
"06:23:55.8175264","DxgKrnl","10011","정보",,""
"06:23:55.8175401","DxgKrnl","10011","정보",,""
"06:23:55.8175409","DxgKrnl","10011","정보",,""
"06:23:55.8181581","DxgKrnl","10011","정보",,""
"06:23:55.8181644","DxgKrnl","10011","정보",,""
"06:23:55.8183257","DxgKrnl","10011","정보",,""
"06:23:55.8183318","DxgKrnl","10011","정보",,""
"06:23:55.8187735","DxgKrnl","10011","정보",,""
"06:23:55.8188377","DxgKrnl","10011","정보",,""
"06:23:55.8452698","DxgKrnl","10011","정보",,""
"06:23:55.8453527","DxgKrnl","10011","정보",,""
"06:23:57.7745362","DxgKrnl","10011","정보",,""
"06:23:57.7762807","DxgKrnl","10011","정보",,""
"06:23:58.8690104","DxgKrnl","10011","정보",,""
"06:23:59.1172864","Kernel-PnP","220","시작",,"Begin querying bus relations for device PCI\VEN_1002&DEV_7550&SUBSYS_E4891DA2&REV_C0\6&8916a45&0&00000009"
"06:23:59.1173187","DxgKrnl","10011","정보",,""
"06:23:59.1177167","DxgKrnl","10011","정보",,""
"06:23:59.1177868","DxgKrnl","10011","정보",,""
"06:23:59.1188742","DxgKrnl","10011","정보",,""
"06:23:59.1189257","DxgKrnl","10011","정보",,""
"06:23:59.1197943","DxgKrnl","10011","정보",,""
"06:23:59.1198403","DxgKrnl","10011","정보",,""
"06:23:59.1212775","DxgKrnl","10011","정보",,""
"06:23:59.1213258","DxgKrnl","10011","정보",,""
"06:23:59.1237450","Kernel-PnP","222","시작",,"End querying bus relations for device PCI\VEN_1002&DEV_7550&SUBSYS_E4891DA2&REV_C0\6&8916a45&0&00000009"
"06:23:59.1238302","Kernel-PnP","220","시작",,"Begin querying bus relations for device SWD\DRIVERENUM\AMDCP&7&16b8ddb4&0"
"06:23:59.1238323","Kernel-PnP","222","시작",,"End querying bus relations for device SWD\DRIVERENUM\AMDCP&7&16b8ddb4&0"
"06:23:59.1238380","Kernel-PnP","220","시작",,"Begin querying bus relations for device SWD\DRIVERENUM\AMDFDANS&7&16b8ddb4&0"
"06:23:59.1238388","Kernel-PnP","222","시작",,"End querying bus relations for device SWD\DRIVERENUM\AMDFDANS&7&16b8ddb4&0"
"06:23:59.1238440","Kernel-PnP","220","시작",,"Begin querying bus relations for device SWD\DRIVERENUM\AMDOCL&7&16b8ddb4&0"
"06:23:59.1238448","Kernel-PnP","222","시작",,"End querying bus relations for device SWD\DRIVERENUM\AMDOCL&7&16b8ddb4&0"
"06:23:59.1238493","Kernel-PnP","220","시작",,"Begin querying bus relations for device SWD\DRIVERENUM\AMDOGL&7&16b8ddb4&0"
"06:23:59.1238501","Kernel-PnP","222","시작",,"End querying bus relations for device SWD\DRIVERENUM\AMDOGL&7&16b8ddb4&0"
"06:23:59.1238544","Kernel-PnP","220","시작",,"Begin querying bus relations for device SWD\DRIVERENUM\AMDVLK&7&16b8ddb4&0"
"06:23:59.1238551","Kernel-PnP","222","시작",,"End querying bus relations for device SWD\DRIVERENUM\AMDVLK&7&16b8ddb4&0"
"06:23:59.1238596","Kernel-PnP","220","시작",,"Begin querying bus relations for device SWD\DRIVERENUM\AMDWIN&7&16b8ddb4&0"
"06:23:59.1238604","Kernel-PnP","222","시작",,"End querying bus relations for device SWD\DRIVERENUM\AMDWIN&7&16b8ddb4&0"
"06:23:59.1238648","Kernel-PnP","220","시작",,"Begin querying bus relations for device DISPLAY\SAM79DF\7&16b8ddb4&0&UID256"
"06:23:59.1238699","Kernel-PnP","222","시작",,"End querying bus relations for device DISPLAY\SAM79DF\7&16b8ddb4&0&UID256"
"06:23:59.1238756","Kernel-PnP","220","시작",,"Begin querying bus relations for device DISPLAY\BBC0104\7&16b8ddb4&0&UID265"
"06:23:59.1238781","Kernel-PnP","222","시작",,"End querying bus relations for device DISPLAY\BBC0104\7&16b8ddb4&0&UID265"
"06:23:59.1289450","DxgKrnl","10011","정보",,""
"06:23:59.1290076","DxgKrnl","10011","정보",,""
"06:23:59.1291089","DxgKrnl","10011","정보",,""
"06:23:59.1291138","Kernel-PnP","808","시작",,"End device add, status (STATUS_SUCCESS)"
"06:23:59.1291209","DxgKrnl","10011","정보",,""
"06:23:59.1291260","DxgKrnl","10011","정보",,""
"06:23:59.1332174","DxgKrnl","10011","정보",,""
"06:23:59.1333048","DxgKrnl","10011","정보",,""
"06:23:59.1333790","Kernel-PnP","220","시작",,"Begin querying bus relations for device DISPLAY\SAM7B0C\7&16b8ddb4&0&UID260"
"06:23:59.1333824","Kernel-PnP","222","시작",,"End querying bus relations for device DISPLAY\SAM7B0C\7&16b8ddb4&0&UID260"
"06:23:59.1336792","DxgKrnl","10011","정보",,""
"06:23:59.1543745","DxgKrnl","10011","정보",,""
"06:23:59.1544507","DxgKrnl","10011","정보",,""
"06:23:59.1544867","DxgKrnl","10011","정보",,""
"06:23:59.1560167","DxgKrnl","10011","정보",,""
"06:23:59.1560701","DxgKrnl","10011","정보",,""
"06:23:59.1562049","DxgKrnl","10011","정보",,""
"06:23:59.1562642","DxgKrnl","10011","정보",,""
"06:23:59.1562656","DxgKrnl","10011","정보",,""
"06:23:59.1563201","DxgKrnl","10011","정보",,""
"06:23:59.1563222","DxgKrnl","10011","정보",,""
"06:23:59.1563769","DxgKrnl","10011","정보",,""
"06:23:59.1563829","DxgKrnl","10011","정보",,""
"06:23:59.1564372","DxgKrnl","10011","정보",,""
"06:23:59.1584078","DxgKrnl","10011","정보",,""
"06:23:59.1584649","DxgKrnl","10011","정보",,""
"06:23:59.1585065","DxgKrnl","10011","정보",,""
"06:23:59.1587777","DxgKrnl","10011","정보",,""
"06:23:59.1588429","DxgKrnl","10011","정보",,""
"06:23:59.1588436","DxgKrnl","10011","정보",,""
"06:23:59.1592995","DxgKrnl","10011","정보",,""
"06:23:59.1594562","DxgKrnl","10011","정보",,""
"06:23:59.3707882","DxgKrnl","10011","정보",,""
"06:23:59.3708699","DxgKrnl","10011","정보",,""
"06:23:59.3722550","DxgKrnl","10011","정보",,""
"06:23:59.3730318","DxgKrnl","10011","정보",,""
"06:23:59.3742427","DxgKrnl","10011","정보",,""
"06:23:59.3747478","DxgKrnl","10011","정보",,""
"06:23:59.3748564","DxgKrnl","10011","정보",,""
"06:23:59.3749367","DxgKrnl","10011","정보",,""
"06:23:59.3791448","DxgKrnl","10011","정보",,""
"06:23:59.3792081","DxgKrnl","10011","정보",,""
"06:23:59.3792778","DxgKrnl","10011","정보",,""
"06:23:59.3812403","DxgKrnl","10011","정보",,""
"06:23:59.3813266","DxgKrnl","10011","정보",,""
"06:23:59.3857845","DxgKrnl","10011","정보",,""
"06:23:59.3874204","DxgKrnl","10011","정보",,""
"06:23:59.3874330","DxgKrnl","10011","정보",,""
"06:23:59.3874338","DxgKrnl","10011","정보",,""
"06:23:59.3878347","DxgKrnl","10011","정보",,""
"06:23:59.3879581","DxgKrnl","10011","정보",,""
"06:23:59.3889841","DxgKrnl","10011","정보",,""
"06:23:59.3890508","DxgKrnl","10011","정보",,""
"06:23:59.3939848","DxgKrnl","10011","정보",,""
"06:23:59.3940861","DxgKrnl","10011","정보",,""
"06:23:59.3941674","DxgKrnl","10011","정보",,""
"06:23:59.3941733","DxgKrnl","10011","정보",,""
"06:23:59.3941766","DxgKrnl","10011","정보",,""
"06:23:59.3977677","DxgKrnl","10011","정보",,""
"06:23:59.3978308","DxgKrnl","10011","정보",,""
"06:23:59.4004093","DxgKrnl","10011","정보",,""
"06:23:59.4004668","DxgKrnl","10011","정보",,""
"06:23:59.4005457","DxgKrnl","10011","정보",,""
"06:23:59.4006859","DxgKrnl","10011","정보",,""
"06:23:59.4006961","DxgKrnl","10011","정보",,""
"06:23:59.4007018","DxgKrnl","10011","정보",,""
"06:23:59.4007054","DxgKrnl","10011","정보",,""
"06:23:59.4007177","DxgKrnl","10011","정보",,""
"06:23:59.4007463","DxgKrnl","10011","정보",,""
"06:23:59.4009971","DxgKrnl","10011","정보",,""
"06:23:59.4011318","DxgKrnl","10011","정보",,""
"06:23:59.4011332","DxgKrnl","10011","정보",,""
"06:23:59.4012410","DxgKrnl","10011","정보",,""
"06:23:59.4012436","DxgKrnl","10011","정보",,""
"06:23:59.4012447","DxgKrnl","10011","정보",,""
"06:23:59.4012548","DxgKrnl","10011","정보",,""
"06:23:59.4017965","DxgKrnl","10011","정보",,""
"06:23:59.4057562","DxgKrnl","10011","정보",,""
"06:23:59.4061113","DxgKrnl","10011","정보",,""
"06:23:59.4061136","DxgKrnl","10011","정보",,""
"06:23:59.4063181","DxgKrnl","10011","정보",,""
"06:23:59.4063251","DxgKrnl","10011","정보",,""
"06:23:59.4092207","DxgKrnl","10011","정보",,""
"06:23:59.4092926","DxgKrnl","10011","정보",,""
"06:23:59.4164638","DxgKrnl","10011","정보",,""
"06:23:59.4177476","DxgKrnl","10011","정보",,""
"06:23:59.4177626","DxgKrnl","10011","정보",,""
"06:23:59.4177635","DxgKrnl","10011","정보",,""
"06:23:59.4178556","DxgKrnl","10011","정보",,""
"06:23:59.4178598","DxgKrnl","10011","정보",,""
"06:23:59.4180266","DxgKrnl","10011","정보",,""
"06:23:59.4180288","DxgKrnl","10011","정보",,""
"06:23:59.4228869","DxgKrnl","10011","정보",,""
"06:23:59.4229796","DxgKrnl","10011","정보",,""
"06:23:59.4257645","DxgKrnl","10011","정보",,""
"06:23:59.4258436","DxgKrnl","10011","정보",,""
"06:23:59.5745545","DxgKrnl","10011","정보",,""
"06:23:59.5752658","DxgKrnl","10011","정보",,""
"06:24:00.2928899","DxgKrnl","10011","정보",,""
"06:24:00.2929831","DxgKrnl","10011","정보",,""
"06:24:00.2929847","DxgKrnl","10011","정보",,""
"06:24:00.2930579","DxgKrnl","10011","정보",,""
"06:24:00.2930607","DxgKrnl","10011","정보",,""
"06:24:00.2931161","DxgKrnl","10011","정보",,""
"06:24:00.2931358","DxgKrnl","10011","정보",,""
"06:24:00.2931974","DxgKrnl","10011","정보",,""
"06:24:00.4939753","DxgKrnl","10011","정보",,""
"06:24:00.4940970","DxgKrnl","10011","정보",,""
"06:24:00.4940992","DxgKrnl","10011","정보",,""
"06:24:00.4941862","DxgKrnl","10011","정보",,""
"06:24:00.4941895","DxgKrnl","10011","정보",,""
"06:24:00.4942576","DxgKrnl","10011","정보",,""
"06:24:00.4942759","DxgKrnl","10011","정보",,""
"06:24:00.4943396","DxgKrnl","10011","정보",,""
"06:24:39.4130525","Kernel-PnP","220","시작",,"Begin querying bus relations for device PCI\VEN_1002&DEV_7550&SUBSYS_E4891DA2&REV_C0\6&8916a45&0&00000009"
"06:24:39.4131898","DxgKrnl","10011","정보",,""
"06:24:39.4549187","DxgKrnl","10011","정보",,""
"06:24:39.4551196","DxgKrnl","10011","정보",,""
"06:24:39.4551291","DxgKrnl","10011","정보",,""
"06:24:39.4553607","Kernel-PnP","222","시작",,"End querying bus relations for device PCI\VEN_1002&DEV_7550&SUBSYS_E4891DA2&REV_C0\6&8916a45&0&00000009"
"06:24:39.4555481","Kernel-PnP","1010","시작",,"버스에 누락 된 것으로 보고 된 장치 DISPLAY\SAM7B0C\7&16b8ddb4&0&UID260이 (가) 제거 되었습니다. 제거 된 장치 수 | 개수: 1"
"06:24:39.4556041","DxgKrnl","10011","정보",,""
"06:24:39.4556777","DxgKrnl","10011","정보",,""
"06:24:39.4561536","Kernel-PnP","220","시작",,"Begin querying bus relations for device SWD\DRIVERENUM\AMDCP&7&16b8ddb4&0"
"06:24:39.4561576","Kernel-PnP","222","시작",,"End querying bus relations for device SWD\DRIVERENUM\AMDCP&7&16b8ddb4&0"
"06:24:39.4561748","Kernel-PnP","220","시작",,"Begin querying bus relations for device SWD\DRIVERENUM\AMDFDANS&7&16b8ddb4&0"
"06:24:39.4561760","Kernel-PnP","222","시작",,"End querying bus relations for device SWD\DRIVERENUM\AMDFDANS&7&16b8ddb4&0"
"06:24:39.4561814","Kernel-PnP","220","시작",,"Begin querying bus relations for device SWD\DRIVERENUM\AMDOCL&7&16b8ddb4&0"
"06:24:39.4561825","Kernel-PnP","222","시작",,"End querying bus relations for device SWD\DRIVERENUM\AMDOCL&7&16b8ddb4&0"
"06:24:39.4561888","Kernel-PnP","220","시작",,"Begin querying bus relations for device SWD\DRIVERENUM\AMDOGL&7&16b8ddb4&0"
"06:24:39.4561899","Kernel-PnP","222","시작",,"End querying bus relations for device SWD\DRIVERENUM\AMDOGL&7&16b8ddb4&0"
"06:24:39.4562021","Kernel-PnP","220","시작",,"Begin querying bus relations for device SWD\DRIVERENUM\AMDVLK&7&16b8ddb4&0"
"06:24:39.4562049","Kernel-PnP","222","시작",,"End querying bus relations for device SWD\DRIVERENUM\AMDVLK&7&16b8ddb4&0"
"06:24:39.4562126","Kernel-PnP","220","시작",,"Begin querying bus relations for device SWD\DRIVERENUM\AMDWIN&7&16b8ddb4&0"
"06:24:39.4562138","Kernel-PnP","222","시작",,"End querying bus relations for device SWD\DRIVERENUM\AMDWIN&7&16b8ddb4&0"
"06:24:39.4562196","Kernel-PnP","220","시작",,"Begin querying bus relations for device DISPLAY\SAM79DF\7&16b8ddb4&0&UID256"
"06:24:39.4562257","Kernel-PnP","222","시작",,"End querying bus relations for device DISPLAY\SAM79DF\7&16b8ddb4&0&UID256"
"06:24:39.4562329","Kernel-PnP","220","시작",,"Begin querying bus relations for device DISPLAY\BBC0104\7&16b8ddb4&0&UID265"
"06:24:39.4562385","Kernel-PnP","222","시작",,"End querying bus relations for device DISPLAY\BBC0104\7&16b8ddb4&0&UID265"
"06:24:39.4572631","DxgKrnl","10011","정보",,""
"06:24:39.4573797","DxgKrnl","10011","정보",,""
"06:24:39.4577143","Kernel-PnP","808","시작",,"End device add, status (STATUS_SUCCESS)"
"06:24:39.4582094","Kernel-PnP","220","시작",,"Begin querying bus relations for device DISPLAY\Default_Monitor\7&16b8ddb4&0&UID260"
"06:24:39.4582142","Kernel-PnP","222","시작",,"End querying bus relations for device DISPLAY\Default_Monitor\7&16b8ddb4&0&UID260"
"06:24:39.4584566","DxgKrnl","10011","정보",,""
"06:24:39.4614051","DxgKrnl","10011","정보",,""
"06:24:39.4614670","DxgKrnl","10011","정보",,""
"06:24:39.4727191","DxgKrnl","10011","정보",,""
"06:24:39.4727634","DxgKrnl","10011","정보",,""
"06:24:39.4728415","DxgKrnl","10011","정보",,""
"06:24:39.4728465","DxgKrnl","10011","정보",,""
"06:24:39.4728490","DxgKrnl","10011","정보",,""
"06:24:39.4759227","DxgKrnl","10011","정보",,""
"06:24:39.4759948","DxgKrnl","10011","정보",,""
"06:24:39.5630077","DxgKrnl","10011","정보",,""
"06:24:39.5631320","DxgKrnl","10011","정보",,""
"06:24:39.5631740","DxgKrnl","10011","정보",,""
"06:24:39.5644128","DxgKrnl","10011","정보",,""
"06:24:39.5644815","DxgKrnl","10011","정보",,""
"06:24:39.5646475","DxgKrnl","10011","정보",,""
"06:24:39.5647221","DxgKrnl","10011","정보",,""
"06:24:39.5647238","DxgKrnl","10011","정보",,""
"06:24:39.5647965","DxgKrnl","10011","정보",,""
"06:24:39.5647983","DxgKrnl","10011","정보",,""
"06:24:39.5648674","DxgKrnl","10011","정보",,""
"06:24:39.5648705","DxgKrnl","10011","정보",,""
"06:24:39.5649412","DxgKrnl","10011","정보",,""
"06:24:39.5649497","DxgKrnl","10011","정보",,""
"06:24:39.5650187","DxgKrnl","10011","정보",,""
"06:24:39.5650219","DxgKrnl","10011","정보",,""
"06:24:39.5650905","DxgKrnl","10011","정보",,""
"06:24:39.5672006","DxgKrnl","10011","정보",,""
"06:24:39.5672017","DxgKrnl","10011","정보",,""
"06:24:39.5676183","DxgKrnl","10011","정보",,""
"06:24:39.5676270","DxgKrnl","10011","정보",,""
"06:24:39.5715427","DxgKrnl","10011","정보",,""
"06:24:39.5716255","DxgKrnl","10011","정보",,""
"06:24:39.5886952","DxgKrnl","10011","정보",,""
"06:24:39.5887867","DxgKrnl","10011","정보",,""
"06:24:39.5887878","DxgKrnl","10011","정보",,""
"06:24:39.5888703","DxgKrnl","10011","정보",,""
"06:24:39.5888712","DxgKrnl","10011","정보",,""
"06:24:39.5889447","DxgKrnl","10011","정보",,""
"06:24:39.5889470","DxgKrnl","10011","정보",,""
"06:24:39.5890199","DxgKrnl","10011","정보",,""
"06:24:39.5890286","DxgKrnl","10011","정보",,""
"06:24:39.5890985","DxgKrnl","10011","정보",,""
"06:24:39.5891024","DxgKrnl","10011","정보",,""
"06:24:39.5891714","DxgKrnl","10011","정보",,""
"06:24:39.5898387","DxgKrnl","10011","정보",,""
"06:24:39.5899088","DxgKrnl","10011","정보",,""
"06:24:39.5952846","DxgKrnl","10011","정보",,""
"06:24:39.5983286","DxgKrnl","10011","정보",,""
"06:24:39.5998093","DxgKrnl","10011","정보",,""
"06:24:39.5999196","DxgKrnl","10011","정보",,""
"06:24:39.6047617","DxgKrnl","10011","정보",,""
"06:24:39.6048449","DxgKrnl","10011","정보",,""
"06:24:39.6082113","DxgKrnl","10011","정보",,""
"06:24:39.6093652","DxgKrnl","10011","정보",,""
"06:24:39.6507927","DxgKrnl","10011","정보",,""
"06:24:39.6508678","Kernel-PnP","220","시작",,"Begin querying bus relations for device PCI\VEN_1002&DEV_7550&SUBSYS_E4891DA2&REV_C0\6&8916a45&0&00000009"
"06:24:39.7014868","DxgKrnl","10011","정보",,""
"06:24:39.7015026","Kernel-PnP","222","시작",,"End querying bus relations for device PCI\VEN_1002&DEV_7550&SUBSYS_E4891DA2&REV_C0\6&8916a45&0&00000009"
"06:24:39.7017460","Kernel-PnP","1010","시작",,"버스에 누락 된 것으로 보고 된 장치 DISPLAY\Default_Monitor\7&16b8ddb4&0&UID260이 (가) 제거 되었습니다. 제거 된 장치 수 | 개수: 1"
"06:24:39.7017748","DxgKrnl","10011","정보",,""
"06:24:39.7017748","DxgKrnl","10011","정보",,""
"06:24:39.7022250","Kernel-PnP","220","시작",,"Begin querying bus relations for device SWD\DRIVERENUM\AMDCP&7&16b8ddb4&0"
"06:24:39.7022274","Kernel-PnP","222","시작",,"End querying bus relations for device SWD\DRIVERENUM\AMDCP&7&16b8ddb4&0"
"06:24:39.7022360","Kernel-PnP","220","시작",,"Begin querying bus relations for device SWD\DRIVERENUM\AMDFDANS&7&16b8ddb4&0"
"06:24:39.7022369","Kernel-PnP","222","시작",,"End querying bus relations for device SWD\DRIVERENUM\AMDFDANS&7&16b8ddb4&0"
"06:24:39.7022435","Kernel-PnP","220","시작",,"Begin querying bus relations for device SWD\DRIVERENUM\AMDOCL&7&16b8ddb4&0"
"06:24:39.7022443","Kernel-PnP","222","시작",,"End querying bus relations for device SWD\DRIVERENUM\AMDOCL&7&16b8ddb4&0"
"06:24:39.7022496","Kernel-PnP","220","시작",,"Begin querying bus relations for device SWD\DRIVERENUM\AMDOGL&7&16b8ddb4&0"
"06:24:39.7022504","Kernel-PnP","222","시작",,"End querying bus relations for device SWD\DRIVERENUM\AMDOGL&7&16b8ddb4&0"
"06:24:39.7022563","Kernel-PnP","220","시작",,"Begin querying bus relations for device SWD\DRIVERENUM\AMDVLK&7&16b8ddb4&0"
"06:24:39.7022571","Kernel-PnP","222","시작",,"End querying bus relations for device SWD\DRIVERENUM\AMDVLK&7&16b8ddb4&0"
"06:24:39.7022673","Kernel-PnP","220","시작",,"Begin querying bus relations for device SWD\DRIVERENUM\AMDWIN&7&16b8ddb4&0"
"06:24:39.7022693","Kernel-PnP","222","시작",,"End querying bus relations for device SWD\DRIVERENUM\AMDWIN&7&16b8ddb4&0"
"06:24:39.7022795","Kernel-PnP","220","시작",,"Begin querying bus relations for device DISPLAY\SAM79DF\7&16b8ddb4&0&UID256"
"06:24:39.7022856","Kernel-PnP","222","시작",,"End querying bus relations for device DISPLAY\SAM79DF\7&16b8ddb4&0&UID256"
"06:24:39.7022918","Kernel-PnP","220","시작",,"Begin querying bus relations for device DISPLAY\BBC0104\7&16b8ddb4&0&UID265"
"06:24:39.7022950","Kernel-PnP","222","시작",,"End querying bus relations for device DISPLAY\BBC0104\7&16b8ddb4&0&UID265"
"06:24:39.7063580","DxgKrnl","10011","정보",,""
"06:24:39.7064994","DxgKrnl","10011","정보",,""
"06:24:39.7401022","DxgKrnl","10011","정보",,""
"06:24:39.7402164","DxgKrnl","10011","정보",,""
"06:24:39.7485148","DxgKrnl","10011","정보",,""
"06:24:39.7485484","DxgKrnl","10011","정보",,""
"06:24:39.7486657","DxgKrnl","10011","정보",,""
"06:24:39.7486703","DxgKrnl","10011","정보",,""
"06:24:39.7486725","DxgKrnl","10011","정보",,""
"06:24:39.7490208","DxgKrnl","10011","정보",,""
"06:24:39.7491341","DxgKrnl","10011","정보",,""
"06:24:39.7694433","DxgKrnl","10011","정보",,""
"06:24:39.7804569","DxgKrnl","10011","정보",,""
"06:24:39.7805352","DxgKrnl","10011","정보",,""
"06:24:39.7805779","DxgKrnl","10011","정보",,""
"06:24:39.7810526","DxgKrnl","10011","정보",,""
"06:24:39.7810818","DxgKrnl","10011","정보",,""
"06:24:39.7811501","DxgKrnl","10011","정보",,""
"06:24:39.7811865","DxgKrnl","10011","정보",,""
"06:24:39.7811881","DxgKrnl","10011","정보",,""
"06:24:39.7812357","DxgKrnl","10011","정보",,""
"06:24:39.7831121","DxgKrnl","10011","정보",,""
"06:24:39.7831282","DxgKrnl","10011","정보",,""
"06:24:39.7831303","DxgKrnl","10011","정보",,""
"06:24:39.7831326","DxgKrnl","10011","정보",,""
"06:24:39.7833743","DxgKrnl","10011","정보",,""
"06:24:39.7833817","DxgKrnl","10011","정보",,""
"06:24:39.7836076","DxgKrnl","10011","정보",,""
"06:24:39.7836146","DxgKrnl","10011","정보",,""
"06:24:39.7879458","DxgKrnl","10011","정보",,""
"06:24:39.7880014","DxgKrnl","10011","정보",,""
"06:24:39.8032863","DxgKrnl","10011","정보",,""
"06:24:39.8040485","DxgKrnl","10011","정보",,""
"06:24:39.8415704","DxgKrnl","10011","정보",,""
"06:24:39.8416463","DxgKrnl","10011","정보",,""
"06:24:39.8416477","DxgKrnl","10011","정보",,""
"06:24:39.8416827","DxgKrnl","10011","정보",,""
"06:24:39.8424547","DxgKrnl","10011","정보",,""
"06:24:39.8424961","DxgKrnl","10011","정보",,""
"06:24:39.8483680","DxgKrnl","10011","정보",,""
"06:24:39.8484182","DxgKrnl","10011","정보",,""
"06:24:39.8502494","DxgKrnl","10011","정보",,""
"06:24:39.8503772","DxgKrnl","10011","정보",,""
"06:24:39.8522698","DxgKrnl","10011","정보",,""
"06:24:39.8523490","DxgKrnl","10011","정보",,""
"06:24:39.8539567","DxgKrnl","10011","정보",,""
"06:24:39.8540169","DxgKrnl","10011","정보",,""
"06:24:39.8771377","DxgKrnl","10011","정보",,""
"06:24:39.8777011","DxgKrnl","10011","정보",,""
"06:24:39.8777434","DxgKrnl","10011","정보",,""
"06:24:39.8778266","DxgKrnl","10011","정보",,""
"06:24:39.8778855","DxgKrnl","10011","정보",,""
"06:24:39.8784330","DxgKrnl","10011","정보",,""
"06:24:39.8786367","DxgKrnl","10011","정보",,""
"06:24:39.8787076","DxgKrnl","10011","정보",,""
"06:24:39.8787291","DxgKrnl","10011","정보",,""
"06:24:39.8788365","DxgKrnl","10011","정보",,""
"06:24:39.8834360","DxgKrnl","10011","정보",,""
"06:24:39.8835217","DxgKrnl","10011","정보",,""
"06:24:39.8835687","DxgKrnl","10011","정보",,""
"06:24:39.8959217","DxgKrnl","10011","정보",,""
"06:24:39.8960485","DxgKrnl","10011","정보",,""
"06:24:39.9013505","DxgKrnl","10011","정보",,""
"06:24:39.9014273","DxgKrnl","10011","정보",,""
"06:24:39.9018919","DxgKrnl","10011","정보",,""
"06:24:39.9019603","DxgKrnl","10011","정보",,""
"06:24:39.9043089","DxgKrnl","10011","정보",,""
"06:24:39.9047390","DxgKrnl","10011","정보",,""
"06:24:39.9047543","DxgKrnl","10011","정보",,""
"06:24:39.9047551","DxgKrnl","10011","정보",,""
"06:24:39.9048353","DxgKrnl","10011","정보",,""
"06:24:39.9049108","DxgKrnl","10011","정보",,""
"06:24:39.9072378","DxgKrnl","10011","정보",,""
"06:24:39.9072946","DxgKrnl","10011","정보",,""
"06:24:39.9680775","DxgKrnl","10011","정보",,""
"06:24:39.9681540","DxgKrnl","10011","정보",,""
"06:24:41.8527938","DxgKrnl","10011","정보",,""
"06:24:41.8546469","DxgKrnl","10011","정보",,""
"06:24:42.9839594","DxgKrnl","10011","정보",,""
"06:24:43.2140112","DxgKrnl","10011","정보",,""
"06:24:43.2140211","Kernel-PnP","220","시작",,"Begin querying bus relations for device PCI\VEN_1002&DEV_7550&SUBSYS_E4891DA2&REV_C0\6&8916a45&0&00000009"
"06:24:43.2144258","DxgKrnl","10011","정보",,""
"06:24:43.2145039","DxgKrnl","10011","정보",,""
"06:24:43.2151813","DxgKrnl","10011","정보",,""
"06:24:43.2152313","DxgKrnl","10011","정보",,""
"06:24:43.2162798","DxgKrnl","10011","정보",,""
"06:24:43.2163457","DxgKrnl","10011","정보",,""
"06:24:43.2195818","DxgKrnl","10011","정보",,""
"06:24:43.2196411","DxgKrnl","10011","정보",,""
"06:24:43.2200736","Kernel-PnP","222","시작",,"End querying bus relations for device PCI\VEN_1002&DEV_7550&SUBSYS_E4891DA2&REV_C0\6&8916a45&0&00000009"
"06:24:43.2201394","Kernel-PnP","220","시작",,"Begin querying bus relations for device SWD\DRIVERENUM\AMDCP&7&16b8ddb4&0"
"06:24:43.2201419","Kernel-PnP","222","시작",,"End querying bus relations for device SWD\DRIVERENUM\AMDCP&7&16b8ddb4&0"
"06:24:43.2201533","Kernel-PnP","220","시작",,"Begin querying bus relations for device SWD\DRIVERENUM\AMDFDANS&7&16b8ddb4&0"
"06:24:43.2201545","Kernel-PnP","222","시작",,"End querying bus relations for device SWD\DRIVERENUM\AMDFDANS&7&16b8ddb4&0"
"06:24:43.2201604","Kernel-PnP","220","시작",,"Begin querying bus relations for device SWD\DRIVERENUM\AMDOCL&7&16b8ddb4&0"
"06:24:43.2201613","Kernel-PnP","222","시작",,"End querying bus relations for device SWD\DRIVERENUM\AMDOCL&7&16b8ddb4&0"
"06:24:43.2201668","Kernel-PnP","220","시작",,"Begin querying bus relations for device SWD\DRIVERENUM\AMDOGL&7&16b8ddb4&0"
"06:24:43.2201675","Kernel-PnP","222","시작",,"End querying bus relations for device SWD\DRIVERENUM\AMDOGL&7&16b8ddb4&0"
"06:24:43.2201733","Kernel-PnP","220","시작",,"Begin querying bus relations for device SWD\DRIVERENUM\AMDVLK&7&16b8ddb4&0"
"06:24:43.2201743","Kernel-PnP","222","시작",,"End querying bus relations for device SWD\DRIVERENUM\AMDVLK&7&16b8ddb4&0"
"06:24:43.2201833","Kernel-PnP","220","시작",,"Begin querying bus relations for device SWD\DRIVERENUM\AMDWIN&7&16b8ddb4&0"
"06:24:43.2201845","Kernel-PnP","222","시작",,"End querying bus relations for device SWD\DRIVERENUM\AMDWIN&7&16b8ddb4&0"
"06:24:43.2201912","Kernel-PnP","220","시작",,"Begin querying bus relations for device DISPLAY\SAM79DF\7&16b8ddb4&0&UID256"
"06:24:43.2201974","Kernel-PnP","222","시작",,"End querying bus relations for device DISPLAY\SAM79DF\7&16b8ddb4&0&UID256"
"06:24:43.2202072","Kernel-PnP","220","시작",,"Begin querying bus relations for device DISPLAY\BBC0104\7&16b8ddb4&0&UID265"
"06:24:43.2202098","Kernel-PnP","222","시작",,"End querying bus relations for device DISPLAY\BBC0104\7&16b8ddb4&0&UID265"
"06:24:43.2250349","DxgKrnl","10011","정보",,""
"06:24:43.2250711","DxgKrnl","10011","정보",,""
"06:24:43.2252510","DxgKrnl","10011","정보",,""
"06:24:43.2252579","DxgKrnl","10011","정보",,""
"06:24:43.2252603","DxgKrnl","10011","정보",,""
"06:24:43.2297465","DxgKrnl","10011","정보",,""
"06:24:43.2298469","DxgKrnl","10011","정보",,""
"06:24:43.2299458","Kernel-PnP","808","시작",,"End device add, status (STATUS_SUCCESS)"
"06:24:43.2302550","Kernel-PnP","220","시작",,"Begin querying bus relations for device DISPLAY\SAM7B0C\7&16b8ddb4&0&UID260"
"06:24:43.2302578","Kernel-PnP","222","시작",,"End querying bus relations for device DISPLAY\SAM7B0C\7&16b8ddb4&0&UID260"
"06:24:43.2305049","DxgKrnl","10011","정보",,""
"06:24:43.2508569","DxgKrnl","10011","정보",,""
"06:24:43.2509254","DxgKrnl","10011","정보",,""
"06:24:43.2509682","DxgKrnl","10011","정보",,""
"06:24:43.2524442","DxgKrnl","10011","정보",,""
"06:24:43.2524986","DxgKrnl","10011","정보",,""
"06:24:43.2526337","DxgKrnl","10011","정보",,""
"06:24:43.2527166","DxgKrnl","10011","정보",,""
"06:24:43.2527176","DxgKrnl","10011","정보",,""
"06:24:43.2527724","DxgKrnl","10011","정보",,""
"06:24:43.2527742","DxgKrnl","10011","정보",,""
"06:24:43.2528293","DxgKrnl","10011","정보",,""
"06:24:43.2528354","DxgKrnl","10011","정보",,""
"06:24:43.2528888","DxgKrnl","10011","정보",,""
"06:24:43.2548152","DxgKrnl","10011","정보",,""
"06:24:43.2548597","DxgKrnl","10011","정보",,""
"06:24:43.2549041","DxgKrnl","10011","정보",,""
"06:24:43.2549148","DxgKrnl","10011","정보",,""
"06:24:43.2549824","DxgKrnl","10011","정보",,""
"06:24:43.2552201","DxgKrnl","10011","정보",,""
"06:24:43.2552279","DxgKrnl","10011","정보",,""
"06:24:43.2552294","DxgKrnl","10011","정보",,""
"06:24:43.2564863","DxgKrnl","10011","정보",,""
"06:24:43.2565861","DxgKrnl","10011","정보",,""
"06:24:43.4553075","DxgKrnl","10011","정보",,""
"06:24:43.4553906","DxgKrnl","10011","정보",,""
"06:24:43.4570245","DxgKrnl","10011","정보",,""
"06:24:43.4577720","DxgKrnl","10011","정보",,""
"06:24:43.4595712","DxgKrnl","10011","정보",,""
"06:24:43.4596436","DxgKrnl","10011","정보",,""
"06:24:43.4740751","DxgKrnl","10011","정보",,""
"06:24:43.4742069","DxgKrnl","10011","정보",,""
"06:24:43.4742912","DxgKrnl","10011","정보",,""
"06:24:43.4744610","DxgKrnl","10011","정보",,""
"06:24:43.4745197","DxgKrnl","10011","정보",,""
"06:24:43.4745587","DxgKrnl","10011","정보",,""
"06:24:43.4749755","DxgKrnl","10011","정보",,""
"06:24:43.4750435","DxgKrnl","10011","정보",,""
"06:24:43.4752087","DxgKrnl","10011","정보",,""
"06:24:43.4752723","DxgKrnl","10011","정보",,""
"06:24:43.4753089","DxgKrnl","10011","정보",,""
"06:24:43.4753725","DxgKrnl","10011","정보",,""
"06:24:43.4753760","DxgKrnl","10011","정보",,""
"06:24:43.4753782","DxgKrnl","10011","정보",,""
"06:24:43.4797767","DxgKrnl","10011","정보",,""
"06:24:43.4798361","DxgKrnl","10011","정보",,""
"06:24:43.4827519","DxgKrnl","10011","정보",,""
"06:24:43.4828157","DxgKrnl","10011","정보",,""
"06:24:43.4828930","DxgKrnl","10011","정보",,""
"06:24:43.4829940","DxgKrnl","10011","정보",,""
"06:24:43.4830173","DxgKrnl","10011","정보",,""
"06:24:43.4830175","DxgKrnl","10011","정보",,""
"06:24:43.4830190","DxgKrnl","10011","정보",,""
"06:24:43.4830200","DxgKrnl","10011","정보",,""
"06:24:43.4831616","DxgKrnl","10011","정보",,""
"06:24:43.4832149","DxgKrnl","10011","정보",,""
"06:24:43.4832567","DxgKrnl","10011","정보",,""
"06:24:43.4833831","DxgKrnl","10011","정보",,""
"06:24:43.4833842","DxgKrnl","10011","정보",,""
"06:24:43.4835423","DxgKrnl","10011","정보",,""
"06:24:43.4835490","DxgKrnl","10011","정보",,""
"06:24:43.4835568","DxgKrnl","10011","정보",,""
"06:24:43.4837102","DxgKrnl","10011","정보",,""
"06:24:43.4844426","DxgKrnl","10011","정보",,""
"06:24:43.4844443","DxgKrnl","10011","정보",,""
"06:24:43.4845831","DxgKrnl","10011","정보",,""
"06:24:43.4845862","DxgKrnl","10011","정보",,""
"06:24:43.4855147","DxgKrnl","10011","정보",,""
"06:24:43.4855935","DxgKrnl","10011","정보",,""
"06:24:43.4858857","DxgKrnl","10011","정보",,""
"06:24:43.4861507","DxgKrnl","10011","정보",,""
"06:24:43.4916865","DxgKrnl","10011","정보",,""
"06:24:43.4932861","DxgKrnl","10011","정보",,""
"06:24:43.4932981","DxgKrnl","10011","정보",,""
"06:24:43.4932990","DxgKrnl","10011","정보",,""
"06:24:43.4934095","DxgKrnl","10011","정보",,""
"06:24:43.4935964","DxgKrnl","10011","정보",,""
"06:24:43.4985829","DxgKrnl","10011","정보",,""
"06:24:43.4985911","DxgKrnl","10011","정보",,""
"06:24:43.4988026","DxgKrnl","10011","정보",,""
"06:24:43.4988041","DxgKrnl","10011","정보",,""
"06:24:43.4993764","DxgKrnl","10011","정보",,""
"06:24:43.4994621","DxgKrnl","10011","정보",,""
"06:24:43.5007256","DxgKrnl","10011","정보",,""
"06:24:43.5007934","DxgKrnl","10011","정보",,""
"06:24:43.5205384","DxgKrnl","10011","정보",,""
"06:24:43.5206030","DxgKrnl","10011","정보",,""
"06:24:43.5206702","DxgKrnl","10011","정보",,""
"06:24:43.5239475","DxgKrnl","10011","정보",,""
"06:24:43.5253125","DxgKrnl","10011","정보",,""
"06:24:43.5253272","DxgKrnl","10011","정보",,""
"06:24:43.5253280","DxgKrnl","10011","정보",,""
"06:24:43.5257206","DxgKrnl","10011","정보",,""
"06:24:43.5258243","DxgKrnl","10011","정보",,""
"06:24:43.5282213","DxgKrnl","10011","정보",,""
"06:24:43.5282996","DxgKrnl","10011","정보",,""
"06:24:43.6797877","DxgKrnl","10011","정보",,""
"06:24:43.6805124","DxgKrnl","10011","정보",,""
"06:24:43.6869164","DxgKrnl","10011","정보",,""
"06:24:43.6869878","DxgKrnl","10011","정보",,""
"06:24:44.3106807","DxgKrnl","10011","정보",,""
"06:24:44.3108137","DxgKrnl","10011","정보",,""
"06:24:44.3108471","DxgKrnl","10011","정보",,""
"06:24:44.3109132","DxgKrnl","10011","정보",,""
"06:24:44.3109151","DxgKrnl","10011","정보",,""
"06:24:44.3109783","DxgKrnl","10011","정보",,""
"06:24:44.3110025","DxgKrnl","10011","정보",,""
"06:24:44.3110587","DxgKrnl","10011","정보",,""
"06:24:44.4832936","DxgKrnl","10011","정보",,""
"06:24:44.4834299","DxgKrnl","10011","정보",,""
"06:24:44.4834315","DxgKrnl","10011","정보",,""
"06:24:44.4835044","DxgKrnl","10011","정보",,""
"06:24:44.4835068","DxgKrnl","10011","정보",,""
"06:24:44.4835732","DxgKrnl","10011","정보",,""
"06:24:44.4835873","DxgKrnl","10011","정보",,""
"06:24:44.4836525","DxgKrnl","10011","정보",,""
"06:25:23.3422255","Kernel-PnP","220","시작",,"Begin querying bus relations for device PCI\VEN_1002&DEV_7550&SUBSYS_E4891DA2&REV_C0\6&8916a45&0&00000009"
"06:25:23.3425656","DxgKrnl","10011","정보",,""
"06:25:23.3810864","DxgKrnl","10011","정보",,""
"06:25:23.3810933","Kernel-PnP","222","시작",,"End querying bus relations for device PCI\VEN_1002&DEV_7550&SUBSYS_E4891DA2&REV_C0\6&8916a45&0&00000009"
"06:25:23.3811982","DxgKrnl","10011","정보",,""
"06:25:23.3813162","DxgKrnl","10011","정보",,""
"06:25:23.3813822","Kernel-PnP","1010","시작",,"버스에 누락 된 것으로 보고 된 장치 DISPLAY\SAM7B0C\7&16b8ddb4&0&UID260이 (가) 제거 되었습니다. 제거 된 장치 수 | 개수: 1"
"06:25:23.3819656","Kernel-PnP","220","시작",,"Begin querying bus relations for device SWD\DRIVERENUM\AMDCP&7&16b8ddb4&0"
"06:25:23.3819689","Kernel-PnP","222","시작",,"End querying bus relations for device SWD\DRIVERENUM\AMDCP&7&16b8ddb4&0"
"06:25:23.3819820","Kernel-PnP","220","시작",,"Begin querying bus relations for device SWD\DRIVERENUM\AMDFDANS&7&16b8ddb4&0"
"06:25:23.3819830","Kernel-PnP","222","시작",,"End querying bus relations for device SWD\DRIVERENUM\AMDFDANS&7&16b8ddb4&0"
"06:25:23.3819921","Kernel-PnP","220","시작",,"Begin querying bus relations for device SWD\DRIVERENUM\AMDOCL&7&16b8ddb4&0"
"06:25:23.3819930","Kernel-PnP","222","시작",,"End querying bus relations for device SWD\DRIVERENUM\AMDOCL&7&16b8ddb4&0"
"06:25:23.3819999","Kernel-PnP","220","시작",,"Begin querying bus relations for device SWD\DRIVERENUM\AMDOGL&7&16b8ddb4&0"
"06:25:23.3820009","Kernel-PnP","222","시작",,"End querying bus relations for device SWD\DRIVERENUM\AMDOGL&7&16b8ddb4&0"
"06:25:23.3820076","Kernel-PnP","220","시작",,"Begin querying bus relations for device SWD\DRIVERENUM\AMDVLK&7&16b8ddb4&0"
"06:25:23.3820084","Kernel-PnP","222","시작",,"End querying bus relations for device SWD\DRIVERENUM\AMDVLK&7&16b8ddb4&0"
"06:25:23.3820144","Kernel-PnP","220","시작",,"Begin querying bus relations for device SWD\DRIVERENUM\AMDWIN&7&16b8ddb4&0"
"06:25:23.3820154","Kernel-PnP","222","시작",,"End querying bus relations for device SWD\DRIVERENUM\AMDWIN&7&16b8ddb4&0"
"06:25:23.3820214","Kernel-PnP","220","시작",,"Begin querying bus relations for device DISPLAY\SAM79DF\7&16b8ddb4&0&UID256"
"06:25:23.3820271","Kernel-PnP","222","시작",,"End querying bus relations for device DISPLAY\SAM79DF\7&16b8ddb4&0&UID256"
"06:25:23.3820329","Kernel-PnP","220","시작",,"Begin querying bus relations for device DISPLAY\BBC0104\7&16b8ddb4&0&UID265"
"06:25:23.3820380","Kernel-PnP","222","시작",,"End querying bus relations for device DISPLAY\BBC0104\7&16b8ddb4&0&UID265"
"06:25:23.3829067","DxgKrnl","10011","정보",,""
"06:25:23.3829965","DxgKrnl","10011","정보",,""
"06:25:23.3832282","Kernel-PnP","808","시작",,"End device add, status (STATUS_SUCCESS)"
"06:25:23.3836846","Kernel-PnP","220","시작",,"Begin querying bus relations for device DISPLAY\Default_Monitor\7&16b8ddb4&0&UID260"
"06:25:23.3836876","Kernel-PnP","222","시작",,"End querying bus relations for device DISPLAY\Default_Monitor\7&16b8ddb4&0&UID260"
"06:25:23.3839043","DxgKrnl","10011","정보",,""
"06:25:23.3844531","DxgKrnl","10011","정보",,""
"06:25:23.3846005","DxgKrnl","10011","정보",,""
"06:25:23.3862664","DxgKrnl","10011","정보",,""
"06:25:23.3863585","DxgKrnl","10011","정보",,""
"06:25:23.3966022","DxgKrnl","10011","정보",,""
"06:25:23.3966330","DxgKrnl","10011","정보",,""
"06:25:23.3967072","DxgKrnl","10011","정보",,""
"06:25:23.3967123","DxgKrnl","10011","정보",,""
"06:25:23.3967147","DxgKrnl","10011","정보",,""
"06:25:23.3996848","DxgKrnl","10011","정보",,""
"06:25:23.3997513","DxgKrnl","10011","정보",,""
"06:25:23.4869141","DxgKrnl","10011","정보",,""
"06:25:23.4870147","DxgKrnl","10011","정보",,""
"06:25:23.4870663","DxgKrnl","10011","정보",,""
"06:25:23.4883337","DxgKrnl","10011","정보",,""
"06:25:23.4884147","DxgKrnl","10011","정보",,""
"06:25:23.4885540","DxgKrnl","10011","정보",,""
"06:25:23.4886411","DxgKrnl","10011","정보",,""
"06:25:23.4886430","DxgKrnl","10011","정보",,""
"06:25:23.4887121","DxgKrnl","10011","정보",,""
"06:25:23.4887148","DxgKrnl","10011","정보",,""
"06:25:23.4887832","DxgKrnl","10011","정보",,""
"06:25:23.4887861","DxgKrnl","10011","정보",,""
"06:25:23.4889332","DxgKrnl","10011","정보",,""
"06:25:23.4889440","DxgKrnl","10011","정보",,""
"06:25:23.4890165","DxgKrnl","10011","정보",,""
"06:25:23.4890202","DxgKrnl","10011","정보",,""
"06:25:23.4890894","DxgKrnl","10011","정보",,""
"06:25:23.4911091","DxgKrnl","10011","정보",,""
"06:25:23.4911104","DxgKrnl","10011","정보",,""
"06:25:23.4911178","DxgKrnl","10011","정보",,""
"06:25:23.4913680","DxgKrnl","10011","정보",,""
"06:25:23.4913691","DxgKrnl","10011","정보",,""
"06:25:23.4914831","DxgKrnl","10011","정보",,""
"06:25:23.4949332","DxgKrnl","10011","정보",,""
"06:25:23.4950153","DxgKrnl","10011","정보",,""
"06:25:23.5113174","DxgKrnl","10011","정보",,""
"06:25:23.5114033","DxgKrnl","10011","정보",,""
"06:25:23.5114047","DxgKrnl","10011","정보",,""
"06:25:23.5114858","DxgKrnl","10011","정보",,""
"06:25:23.5114877","DxgKrnl","10011","정보",,""
"06:25:23.5115630","DxgKrnl","10011","정보",,""
"06:25:23.5115653","DxgKrnl","10011","정보",,""
"06:25:23.5116403","DxgKrnl","10011","정보",,""
"06:25:23.5116484","DxgKrnl","10011","정보",,""
"06:25:23.5117268","DxgKrnl","10011","정보",,""
"06:25:23.5117316","DxgKrnl","10011","정보",,""
"06:25:23.5118040","DxgKrnl","10011","정보",,""
"06:25:23.5125576","DxgKrnl","10011","정보",,""
"06:25:23.5126358","DxgKrnl","10011","정보",,""
"06:25:23.5167183","DxgKrnl","10011","정보",,""
"06:25:23.5191700","DxgKrnl","10011","정보",,""
"06:25:23.5208730","DxgKrnl","10011","정보",,""
"06:25:23.5209824","DxgKrnl","10011","정보",,""
"06:25:23.5255655","DxgKrnl","10011","정보",,""
"06:25:23.5265946","DxgKrnl","10011","정보",,""
"06:25:23.5266702","DxgKrnl","10011","정보",,""
"06:25:23.5267769","DxgKrnl","10011","정보",,""
"06:25:23.5373243","Kernel-PnP","220","시작",,"Begin querying bus relations for device PCI\VEN_1002&DEV_7550&SUBSYS_E4891DA2&REV_C0\6&8916a45&0&00000009"
"06:25:23.5908325","Kernel-PnP","222","시작",,"End querying bus relations for device PCI\VEN_1002&DEV_7550&SUBSYS_E4891DA2&REV_C0\6&8916a45&0&00000009"
"06:25:23.5911495","Kernel-PnP","1010","시작",,"버스에 누락 된 것으로 보고 된 장치 DISPLAY\Default_Monitor\7&16b8ddb4&0&UID260이 (가) 제거 되었습니다. 제거 된 장치 수 | 개수: 1"
"06:25:23.5913838","DxgKrnl","10011","정보",,""
"06:25:23.5914308","DxgKrnl","10011","정보",,""
"06:25:23.5916578","DxgKrnl","10011","정보",,""
"06:25:23.5916725","Kernel-PnP","220","시작",,"Begin querying bus relations for device SWD\DRIVERENUM\AMDCP&7&16b8ddb4&0"
"06:25:23.5916754","Kernel-PnP","222","시작",,"End querying bus relations for device SWD\DRIVERENUM\AMDCP&7&16b8ddb4&0"
"06:25:23.5916831","DxgKrnl","10011","정보",,""
"06:25:23.5917473","Kernel-PnP","220","시작",,"Begin querying bus relations for device SWD\DRIVERENUM\AMDFDANS&7&16b8ddb4&0"
"06:25:23.5917496","Kernel-PnP","222","시작",,"End querying bus relations for device SWD\DRIVERENUM\AMDFDANS&7&16b8ddb4&0"
"06:25:23.5917621","Kernel-PnP","220","시작",,"Begin querying bus relations for device SWD\DRIVERENUM\AMDOCL&7&16b8ddb4&0"
"06:25:23.5917630","Kernel-PnP","222","시작",,"End querying bus relations for device SWD\DRIVERENUM\AMDOCL&7&16b8ddb4&0"
"06:25:23.5917696","Kernel-PnP","220","시작",,"Begin querying bus relations for device SWD\DRIVERENUM\AMDOGL&7&16b8ddb4&0"
"06:25:23.5917707","Kernel-PnP","222","시작",,"End querying bus relations for device SWD\DRIVERENUM\AMDOGL&7&16b8ddb4&0"
"06:25:23.5917760","Kernel-PnP","220","시작",,"Begin querying bus relations for device SWD\DRIVERENUM\AMDVLK&7&16b8ddb4&0"
"06:25:23.5917769","Kernel-PnP","222","시작",,"End querying bus relations for device SWD\DRIVERENUM\AMDVLK&7&16b8ddb4&0"
"06:25:23.5917832","Kernel-PnP","220","시작",,"Begin querying bus relations for device SWD\DRIVERENUM\AMDWIN&7&16b8ddb4&0"
"06:25:23.5917841","Kernel-PnP","222","시작",,"End querying bus relations for device SWD\DRIVERENUM\AMDWIN&7&16b8ddb4&0"
"06:25:23.5917898","Kernel-PnP","220","시작",,"Begin querying bus relations for device DISPLAY\SAM79DF\7&16b8ddb4&0&UID256"
"06:25:23.5917954","Kernel-PnP","222","시작",,"End querying bus relations for device DISPLAY\SAM79DF\7&16b8ddb4&0&UID256"
"06:25:23.5918020","Kernel-PnP","220","시작",,"Begin querying bus relations for device DISPLAY\BBC0104\7&16b8ddb4&0&UID265"
"06:25:23.5918064","Kernel-PnP","222","시작",,"End querying bus relations for device DISPLAY\BBC0104\7&16b8ddb4&0&UID265"
"06:25:23.6125397","DxgKrnl","10011","정보",,""
"06:25:23.6126389","DxgKrnl","10011","정보",,""
"06:25:23.6449334","DxgKrnl","10011","정보",,""
"06:25:23.6450802","DxgKrnl","10011","정보",,""
"06:25:23.6517565","DxgKrnl","10011","정보",,""
"06:25:23.6517818","DxgKrnl","10011","정보",,""
"06:25:23.6518660","DxgKrnl","10011","정보",,""
"06:25:23.6518696","DxgKrnl","10011","정보",,""
"06:25:23.6518757","DxgKrnl","10011","정보",,""
"06:25:23.6522167","DxgKrnl","10011","정보",,""
"06:25:23.6522887","DxgKrnl","10011","정보",,""
"06:25:23.6598238","DxgKrnl","10011","정보",,""
"06:25:23.6715712","DxgKrnl","10011","정보",,""
"06:25:23.6716239","DxgKrnl","10011","정보",,""
"06:25:23.6716800","DxgKrnl","10011","정보",,""
"06:25:23.6722266","DxgKrnl","10011","정보",,""
"06:25:23.6722569","DxgKrnl","10011","정보",,""
"06:25:23.6723447","DxgKrnl","10011","정보",,""
"06:25:23.6723788","DxgKrnl","10011","정보",,""
"06:25:23.6723805","DxgKrnl","10011","정보",,""
"06:25:23.6724151","DxgKrnl","10011","정보",,""
"06:25:23.6742143","DxgKrnl","10011","정보",,""
"06:25:23.6742549","DxgKrnl","10011","정보",,""
"06:25:23.6742588","DxgKrnl","10011","정보",,""
"06:25:23.6744124","DxgKrnl","10011","정보",,""
"06:25:23.6744846","DxgKrnl","10011","정보",,""
"06:25:23.6745248","DxgKrnl","10011","정보",,""
"06:25:23.6784207","DxgKrnl","10011","정보",,""
"06:25:23.6784975","DxgKrnl","10011","정보",,""
"06:25:23.6852672","DxgKrnl","10011","정보",,""
"06:25:23.6853123","DxgKrnl","10011","정보",,""
"06:25:23.6853137","DxgKrnl","10011","정보",,""
"06:25:23.6853486","DxgKrnl","10011","정보",,""
"06:25:23.6860169","DxgKrnl","10011","정보",,""
"06:25:23.6860542","DxgKrnl","10011","정보",,""
"06:25:23.6877927","DxgKrnl","10011","정보",,""
"06:25:23.6898787","DxgKrnl","10011","정보",,""
"06:25:23.6908673","DxgKrnl","10011","정보",,""
"06:25:23.6909100","DxgKrnl","10011","정보",,""
"06:25:23.6926953","DxgKrnl","10011","정보",,""
"06:25:23.6928043","DxgKrnl","10011","정보",,""
"06:25:23.7754152","DxgKrnl","10011","정보",,""
"06:25:23.7759737","DxgKrnl","10011","정보",,""
"06:25:23.8494580","DxgKrnl","10011","정보",,""
"06:25:23.8499436","DxgKrnl","10011","정보",,""
"06:25:23.8500610","DxgKrnl","10011","정보",,""
"06:25:23.8503197","DxgKrnl","10011","정보",,""
"06:25:23.8505952","DxgKrnl","10011","정보",,""
"06:25:23.8506625","DxgKrnl","10011","정보",,""
"06:25:23.8513147","DxgKrnl","10011","정보",,""
"06:25:23.8513720","DxgKrnl","10011","정보",,""
"06:25:23.8561123","DxgKrnl","10011","정보",,""
"06:25:23.8561610","DxgKrnl","10011","정보",,""
"06:25:23.8561725","DxgKrnl","10011","정보",,""
"06:25:23.8562576","DxgKrnl","10011","정보",,""
"06:25:23.8562617","DxgKrnl","10011","정보",,""
"06:25:23.8655063","DxgKrnl","10011","정보",,""
"06:25:23.8655621","DxgKrnl","10011","정보",,""
"06:25:23.8709620","DxgKrnl","10011","정보",,""
"06:25:23.8711268","DxgKrnl","10011","정보",,""
"06:25:23.8750882","DxgKrnl","10011","정보",,""
"06:25:23.8751609","DxgKrnl","10011","정보",,""
"06:25:23.8763722","DxgKrnl","10011","정보",,""
"06:25:23.8768647","DxgKrnl","10011","정보",,""
"06:25:23.8768792","DxgKrnl","10011","정보",,""
"06:25:23.8768801","DxgKrnl","10011","정보",,""
"06:25:23.8769665","DxgKrnl","10011","정보",,""
"06:25:23.8769706","DxgKrnl","10011","정보",,""
"06:25:23.8770927","DxgKrnl","10011","정보",,""
"06:25:23.8772673","DxgKrnl","10011","정보",,""
"06:25:23.8780330","DxgKrnl","10011","정보",,""
"06:25:23.8780854","DxgKrnl","10011","정보",,""
"06:25:23.8882058","DxgKrnl","10011","정보",,""
"06:25:23.8890932","DxgKrnl","10011","정보",,""
"06:25:23.8952114","DxgKrnl","10011","정보",,""
"06:25:23.8952621","DxgKrnl","10011","정보",,""
"06:25:26.8770181","DxgKrnl","10011","정보",,""
"06:25:27.1083706","Kernel-PnP","220","시작",,"Begin querying bus relations for device PCI\VEN_1002&DEV_7550&SUBSYS_E4891DA2&REV_C0\6&8916a45&0&00000009"
"06:25:27.1084873","DxgKrnl","10011","정보",,""
"06:25:27.1087490","DxgKrnl","10011","정보",,""
"06:25:27.1088115","DxgKrnl","10011","정보",,""
"06:25:27.1089434","DxgKrnl","10011","정보",,""
"06:25:27.1089935","DxgKrnl","10011","정보",,""
"06:25:27.1100119","DxgKrnl","10011","정보",,""
"06:25:27.1100601","DxgKrnl","10011","정보",,""
"06:25:27.1116052","DxgKrnl","10011","정보",,""
"06:25:27.1116600","DxgKrnl","10011","정보",,""
"06:25:27.1148097","Kernel-PnP","222","시작",,"End querying bus relations for device PCI\VEN_1002&DEV_7550&SUBSYS_E4891DA2&REV_C0\6&8916a45&0&00000009"
"06:25:27.1148691","Kernel-PnP","220","시작",,"Begin querying bus relations for device SWD\DRIVERENUM\AMDCP&7&16b8ddb4&0"
"06:25:27.1148711","Kernel-PnP","222","시작",,"End querying bus relations for device SWD\DRIVERENUM\AMDCP&7&16b8ddb4&0"
"06:25:27.1148768","Kernel-PnP","220","시작",,"Begin querying bus relations for device SWD\DRIVERENUM\AMDFDANS&7&16b8ddb4&0"
"06:25:27.1148775","Kernel-PnP","222","시작",,"End querying bus relations for device SWD\DRIVERENUM\AMDFDANS&7&16b8ddb4&0"
"06:25:27.1148825","Kernel-PnP","220","시작",,"Begin querying bus relations for device SWD\DRIVERENUM\AMDOCL&7&16b8ddb4&0"
"06:25:27.1148832","Kernel-PnP","222","시작",,"End querying bus relations for device SWD\DRIVERENUM\AMDOCL&7&16b8ddb4&0"
"06:25:27.1148876","Kernel-PnP","220","시작",,"Begin querying bus relations for device SWD\DRIVERENUM\AMDOGL&7&16b8ddb4&0"
"06:25:27.1148882","Kernel-PnP","222","시작",,"End querying bus relations for device SWD\DRIVERENUM\AMDOGL&7&16b8ddb4&0"
"06:25:27.1148917","Kernel-PnP","220","시작",,"Begin querying bus relations for device SWD\DRIVERENUM\AMDVLK&7&16b8ddb4&0"
"06:25:27.1148923","Kernel-PnP","222","시작",,"End querying bus relations for device SWD\DRIVERENUM\AMDVLK&7&16b8ddb4&0"
"06:25:27.1148967","Kernel-PnP","220","시작",,"Begin querying bus relations for device SWD\DRIVERENUM\AMDWIN&7&16b8ddb4&0"
"06:25:27.1148973","Kernel-PnP","222","시작",,"End querying bus relations for device SWD\DRIVERENUM\AMDWIN&7&16b8ddb4&0"
"06:25:27.1149016","Kernel-PnP","220","시작",,"Begin querying bus relations for device DISPLAY\SAM79DF\7&16b8ddb4&0&UID256"
"06:25:27.1149063","Kernel-PnP","222","시작",,"End querying bus relations for device DISPLAY\SAM79DF\7&16b8ddb4&0&UID256"
"06:25:27.1149107","Kernel-PnP","220","시작",,"Begin querying bus relations for device DISPLAY\BBC0104\7&16b8ddb4&0&UID265"
"06:25:27.1149129","Kernel-PnP","222","시작",,"End querying bus relations for device DISPLAY\BBC0104\7&16b8ddb4&0&UID265"
"06:25:27.1195544","DxgKrnl","10011","정보",,""
"06:25:27.1196209","DxgKrnl","10011","정보",,""
"06:25:27.1196455","Kernel-PnP","808","시작",,"End device add, status (STATUS_SUCCESS)"
"06:25:27.1197052","DxgKrnl","10011","정보",,""
"06:25:27.1197178","DxgKrnl","10011","정보",,""
"06:25:27.1197234","DxgKrnl","10011","정보",,""
"06:25:27.1241523","DxgKrnl","10011","정보",,""
"06:25:27.1242068","DxgKrnl","10011","정보",,""
"06:25:27.1243621","Kernel-PnP","220","시작",,"Begin querying bus relations for device DISPLAY\SAM7B0C\7&16b8ddb4&0&UID260"
"06:25:27.1243680","Kernel-PnP","222","시작",,"End querying bus relations for device DISPLAY\SAM7B0C\7&16b8ddb4&0&UID260"
"06:25:27.1245927","DxgKrnl","10011","정보",,""
"06:25:27.1459990","DxgKrnl","10011","정보",,""
"06:25:27.1460981","DxgKrnl","10011","정보",,""
"06:25:27.1461593","DxgKrnl","10011","정보",,""
"06:25:27.1479349","DxgKrnl","10011","정보",,""
"06:25:27.1480022","DxgKrnl","10011","정보",,""
"06:25:27.1481794","DxgKrnl","10011","정보",,""
"06:25:27.1482537","DxgKrnl","10011","정보",,""
"06:25:27.1482552","DxgKrnl","10011","정보",,""
"06:25:27.1483230","DxgKrnl","10011","정보",,""
"06:25:27.1483252","DxgKrnl","10011","정보",,""
"06:25:27.1483922","DxgKrnl","10011","정보",,""
"06:25:27.1483989","DxgKrnl","10011","정보",,""
"06:25:27.1484752","DxgKrnl","10011","정보",,""
"06:25:27.1515641","DxgKrnl","10011","정보",,""
"06:25:27.1515686","DxgKrnl","10011","정보",,""
"06:25:27.1515705","DxgKrnl","10011","정보",,""
"06:25:27.1515944","DxgKrnl","10011","정보",,""
"06:25:27.1518741","DxgKrnl","10011","정보",,""
"06:25:27.1520130","DxgKrnl","10011","정보",,""
"06:25:27.1520998","DxgKrnl","10011","정보",,""
"06:25:27.1521071","DxgKrnl","10011","정보",,""
"06:25:27.1521083","DxgKrnl","10011","정보",,""
"06:25:27.1521125","DxgKrnl","10011","정보",,""
"06:25:27.1585118","DxgKrnl","10011","정보",,""
"06:25:27.1585902","DxgKrnl","10011","정보",,""
"06:25:27.3550172","DxgKrnl","10011","정보",,""
"06:25:27.3551115","DxgKrnl","10011","정보",,""
"06:25:27.3582264","DxgKrnl","10011","정보",,""
"06:25:27.3588133","DxgKrnl","10011","정보",,""
"06:25:27.3613538","DxgKrnl","10011","정보",,""
"06:25:27.3614250","DxgKrnl","10011","정보",,""
"06:25:27.3748724","DxgKrnl","10011","정보",,""
"06:25:27.3756545","DxgKrnl","10011","정보",,""
"06:25:27.3756797","DxgKrnl","10011","정보",,""
"06:25:27.3757636","DxgKrnl","10011","정보",,""
"06:25:27.3763656","DxgKrnl","10011","정보",,""
"06:25:27.3764331","DxgKrnl","10011","정보",,""
"06:25:27.3765164","DxgKrnl","10011","정보",,""
"06:25:27.3766530","DxgKrnl","10011","정보",,""
"06:25:27.3767340","DxgKrnl","10011","정보",,""
"06:25:27.3777395","DxgKrnl","10011","정보",,""
"06:25:27.3778084","DxgKrnl","10011","정보",,""
"06:25:27.3791442","DxgKrnl","10011","정보",,""
"06:25:27.3792288","DxgKrnl","10011","정보",,""
"06:25:27.3817592","DxgKrnl","10011","정보",,""
"06:25:27.3833288","DxgKrnl","10011","정보",,""
"06:25:27.3833406","DxgKrnl","10011","정보",,""
"06:25:27.3833414","DxgKrnl","10011","정보",,""
"06:25:27.3834423","DxgKrnl","10011","정보",,""
"06:25:27.3836190","DxgKrnl","10011","정보",,""
"06:25:27.3836373","DxgKrnl","10011","정보",,""
"06:25:27.3836687","DxgKrnl","10011","정보",,""
"06:25:27.3837339","DxgKrnl","10011","정보",,""
"06:25:27.3837385","DxgKrnl","10011","정보",,""
"06:25:27.3837408","DxgKrnl","10011","정보",,""
"06:25:27.3881828","DxgKrnl","10011","정보",,""
"06:25:27.3882639","DxgKrnl","10011","정보",,""
"06:25:27.3918429","DxgKrnl","10011","정보",,""
"06:25:27.3919406","DxgKrnl","10011","정보",,""
"06:25:27.3919941","DxgKrnl","10011","정보",,""
"06:25:27.3921287","DxgKrnl","10011","정보",,""
"06:25:27.3921288","DxgKrnl","10011","정보",,""
"06:25:27.3921337","DxgKrnl","10011","정보",,""
"06:25:27.3921505","DxgKrnl","10011","정보",,""
"06:25:27.3925980","DxgKrnl","10011","정보",,""
"06:25:27.3925987","DxgKrnl","10011","정보",,""
"06:25:27.3926003","DxgKrnl","10011","정보",,""
"06:25:27.3926109","DxgKrnl","10011","정보",,""
"06:25:27.4004531","DxgKrnl","10011","정보",,""
"06:25:27.4005247","DxgKrnl","10011","정보",,""
"06:25:27.4077925","DxgKrnl","10011","정보",,""
"06:25:27.4078905","DxgKrnl","10011","정보",,""
"06:25:27.4166553","DxgKrnl","10011","정보",,""
"06:25:27.4167528","DxgKrnl","10011","정보",,""
"06:25:27.4170117","DxgKrnl","10011","정보",,""
"06:25:27.4170234","DxgKrnl","10011","정보",,""
"06:25:27.4171424","DxgKrnl","10011","정보",,""
"06:25:27.4229317","DxgKrnl","10011","정보",,""
"06:25:27.4242677","DxgKrnl","10011","정보",,""
"06:25:27.4242819","DxgKrnl","10011","정보",,""
"06:25:27.4242828","DxgKrnl","10011","정보",,""
"06:25:27.4244300","DxgKrnl","10011","정보",,""
"06:25:27.4245350","DxgKrnl","10011","정보",,""
"06:25:27.4270702","DxgKrnl","10011","정보",,""
"06:25:27.4270707","DxgKrnl","10011","정보",,""
"06:25:27.4272386","DxgKrnl","10011","정보",,""
"06:25:27.4272402","DxgKrnl","10011","정보",,""
"06:25:27.5643484","DxgKrnl","10011","정보",,""
"06:25:27.5650921","DxgKrnl","10011","정보",,""
"06:25:27.5715842","DxgKrnl","10011","정보",,""
"06:25:27.5717005","DxgKrnl","10011","정보",,""
"06:25:29.2690131","DxgKrnl","10011","정보",,""
"06:25:29.2690926","DxgKrnl","10011","정보",,""
"06:25:29.2690938","DxgKrnl","10011","정보",,""
"06:25:29.2691532","DxgKrnl","10011","정보",,""
"06:25:29.2691552","DxgKrnl","10011","정보",,""
"06:25:29.2692095","DxgKrnl","10011","정보",,""
"06:25:29.2692287","DxgKrnl","10011","정보",,""
"06:25:29.2692832","DxgKrnl","10011","정보",,""
"06:25:29.4613695","DxgKrnl","10011","정보",,""
"06:25:29.4619293","DxgKrnl","10011","정보",,""
"06:25:29.4619347","DxgKrnl","10011","정보",,""
"06:25:29.4621066","DxgKrnl","10011","정보",,""
"06:25:29.4621101","DxgKrnl","10011","정보",,""
"06:25:29.4621907","DxgKrnl","10011","정보",,""
"06:25:29.4622480","DxgKrnl","10011","정보",,""
"06:25:29.4623393","DxgKrnl","10011","정보",,""
