"Time","Provider","Id","Opcode","Task","Message"
"19:17:27.3005651","Kernel-PnP","220","시작",,"Begin querying bus relations for device PCI\VEN_1002&DEV_7550&SUBSYS_E4891DA2&REV_C0\6&8916a45&0&00000009"
"19:17:27.3008546","DxgKrnl","10011","정보",,""
"19:17:27.3406558","DxgKrnl","10011","정보",,""
"19:17:27.3407196","Kernel-PnP","222","시작",,"End querying bus relations for device PCI\VEN_1002&DEV_7550&SUBSYS_E4891DA2&REV_C0\6&8916a45&0&00000009"
"19:17:27.3408812","DxgKrnl","10011","정보",,""
"19:17:27.3408842","DxgKrnl","10011","정보",,""
"19:17:27.3409879","Kernel-PnP","1010","시작",,"버스에 누락 된 것으로 보고 된 장치 DISPLAY\SAM7B0C\7&16b8ddb4&0&UID260이 (가) 제거 되었습니다. 제거 된 장치 수 | 개수: 1"
"19:17:27.3415676","Kernel-PnP","220","시작",,"Begin querying bus relations for device SWD\DRIVERENUM\AMDCP&7&16b8ddb4&0"
"19:17:27.3415704","Kernel-PnP","222","시작",,"End querying bus relations for device SWD\DRIVERENUM\AMDCP&7&16b8ddb4&0"
"19:17:27.3415821","Kernel-PnP","220","시작",,"Begin querying bus relations for device SWD\DRIVERENUM\AMDFDANS&7&16b8ddb4&0"
"19:17:27.3415829","Kernel-PnP","222","시작",,"End querying bus relations for device SWD\DRIVERENUM\AMDFDANS&7&16b8ddb4&0"
"19:17:27.3415896","Kernel-PnP","220","시작",,"Begin querying bus relations for device SWD\DRIVERENUM\AMDOCL&7&16b8ddb4&0"
"19:17:27.3415906","Kernel-PnP","222","시작",,"End querying bus relations for device SWD\DRIVERENUM\AMDOCL&7&16b8ddb4&0"
"19:17:27.3415973","Kernel-PnP","220","시작",,"Begin querying bus relations for device SWD\DRIVERENUM\AMDOGL&7&16b8ddb4&0"
"19:17:27.3415982","Kernel-PnP","222","시작",,"End querying bus relations for device SWD\DRIVERENUM\AMDOGL&7&16b8ddb4&0"
"19:17:27.3416054","Kernel-PnP","220","시작",,"Begin querying bus relations for device SWD\DRIVERENUM\AMDVLK&7&16b8ddb4&0"
"19:17:27.3416062","Kernel-PnP","222","시작",,"End querying bus relations for device SWD\DRIVERENUM\AMDVLK&7&16b8ddb4&0"
"19:17:27.3416131","Kernel-PnP","220","시작",,"Begin querying bus relations for device SWD\DRIVERENUM\AMDWIN&7&16b8ddb4&0"
"19:17:27.3416139","Kernel-PnP","222","시작",,"End querying bus relations for device SWD\DRIVERENUM\AMDWIN&7&16b8ddb4&0"
"19:17:27.3416217","Kernel-PnP","220","시작",,"Begin querying bus relations for device DISPLAY\BBC0104\7&16b8ddb4&0&UID265"
"19:17:27.3416286","Kernel-PnP","222","시작",,"End querying bus relations for device DISPLAY\BBC0104\7&16b8ddb4&0&UID265"
"19:17:27.3416401","Kernel-PnP","220","시작",,"Begin querying bus relations for device DISPLAY\SAM79DF\7&16b8ddb4&0&UID256"
"19:17:27.3416430","Kernel-PnP","222","시작",,"End querying bus relations for device DISPLAY\SAM79DF\7&16b8ddb4&0&UID256"
"19:17:27.3428901","Kernel-PnP","808","시작",,"End device add, status (STATUS_SUCCESS)"
"19:17:27.3432472","Kernel-PnP","220","시작",,"Begin querying bus relations for device DISPLAY\Default_Monitor\7&16b8ddb4&0&UID260"
"19:17:27.3432501","Kernel-PnP","222","시작",,"End querying bus relations for device DISPLAY\Default_Monitor\7&16b8ddb4&0&UID260"
"19:17:27.3435867","DxgKrnl","10011","정보",,""
"19:17:27.3437483","DxgKrnl","10011","정보",,""
"19:17:27.3438477","DxgKrnl","10011","정보",,""
"19:17:27.3446187","DxgKrnl","10011","정보",,""
"19:17:27.3447259","DxgKrnl","10011","정보",,""
"19:17:27.3466687","DxgKrnl","10011","정보",,""
"19:17:27.3467393","DxgKrnl","10011","정보",,""
"19:17:27.3602352","DxgKrnl","10011","정보",,""
"19:17:27.3602643","DxgKrnl","10011","정보",,""
"19:17:27.3603364","DxgKrnl","10011","정보",,""
"19:17:27.3603413","DxgKrnl","10011","정보",,""
"19:17:27.3603438","DxgKrnl","10011","정보",,""
"19:17:27.3640807","DxgKrnl","10011","정보",,""
"19:17:27.3641545","DxgKrnl","10011","정보",,""
"19:17:27.4381113","DxgKrnl","10011","정보",,""
"19:17:27.4382269","DxgKrnl","10011","정보",,""
"19:17:27.4382820","DxgKrnl","10011","정보",,""
"19:17:27.4395314","DxgKrnl","10011","정보",,""
"19:17:27.4396035","DxgKrnl","10011","정보",,""
"19:17:27.4397557","DxgKrnl","10011","정보",,""
"19:17:27.4398274","DxgKrnl","10011","정보",,""
"19:17:27.4398289","DxgKrnl","10011","정보",,""
"19:17:27.4399022","DxgKrnl","10011","정보",,""
"19:17:27.4399039","DxgKrnl","10011","정보",,""
"19:17:27.4399700","DxgKrnl","10011","정보",,""
"19:17:27.4399724","DxgKrnl","10011","정보",,""
"19:17:27.4401461","DxgKrnl","10011","정보",,""
"19:17:27.4401624","DxgKrnl","10011","정보",,""
"19:17:27.4403006","DxgKrnl","10011","정보",,""
"19:17:27.4403074","DxgKrnl","10011","정보",,""
"19:17:27.4404446","DxgKrnl","10011","정보",,""
"19:17:27.4427142","DxgKrnl","10011","정보",,""
"19:17:27.4427327","DxgKrnl","10011","정보",,""
"19:17:27.4427327","DxgKrnl","10011","정보",,""
"19:17:27.4431304","DxgKrnl","10011","정보",,""
"19:17:27.4431423","DxgKrnl","10011","정보",,""
"19:17:27.4431474","DxgKrnl","10011","정보",,""
"19:17:27.4470460","DxgKrnl","10011","정보",,""
"19:17:27.4471482","DxgKrnl","10011","정보",,""
"19:17:27.4689214","DxgKrnl","10011","정보",,""
"19:17:27.4690261","DxgKrnl","10011","정보",,""
"19:17:27.4690507","DxgKrnl","10011","정보",,""
"19:17:27.4691210","DxgKrnl","10011","정보",,""
"19:17:27.4691220","DxgKrnl","10011","정보",,""
"19:17:27.4691919","DxgKrnl","10011","정보",,""
"19:17:27.4691937","DxgKrnl","10011","정보",,""
"19:17:27.4692620","DxgKrnl","10011","정보",,""
"19:17:27.4692682","DxgKrnl","10011","정보",,""
"19:17:27.4693368","DxgKrnl","10011","정보",,""
"19:17:27.4693393","DxgKrnl","10011","정보",,""
"19:17:27.4694081","DxgKrnl","10011","정보",,""
"19:17:27.4700701","DxgKrnl","10011","정보",,""
"19:17:27.4701415","DxgKrnl","10011","정보",,""
"19:17:27.4757408","DxgKrnl","10011","정보",,""
"19:17:27.4771977","DxgKrnl","10011","정보",,""
"19:17:27.4784774","DxgKrnl","10011","정보",,""
"19:17:27.4787347","DxgKrnl","10011","정보",,""
"19:17:27.4839091","DxgKrnl","10011","정보",,""
"19:17:27.4841408","DxgKrnl","10011","정보",,""
"19:17:27.4845845","DxgKrnl","10011","정보",,""
"19:17:27.4876860","DxgKrnl","10011","정보",,""
"19:17:27.5684968","Kernel-PnP","220","시작",,"Begin querying bus relations for device PCI\VEN_1002&DEV_7550&SUBSYS_E4891DA2&REV_C0\6&8916a45&0&00000009"
"19:17:27.6215720","Kernel-PnP","222","시작",,"End querying bus relations for device PCI\VEN_1002&DEV_7550&SUBSYS_E4891DA2&REV_C0\6&8916a45&0&00000009"
"19:17:27.6219353","DxgKrnl","10011","정보",,""
"19:17:27.6219624","DxgKrnl","10011","정보",,""
"19:17:27.6219742","DxgKrnl","10011","정보",,""
"19:17:27.6220199","Kernel-PnP","1010","시작",,"버스에 누락 된 것으로 보고 된 장치 DISPLAY\Default_Monitor\7&16b8ddb4&0&UID260이 (가) 제거 되었습니다. 제거 된 장치 수 | 개수: 1"
"19:17:27.6220410","DxgKrnl","10011","정보",,""
"19:17:27.6223651","DxgKrnl","10011","정보",,""
"19:17:27.6223653","DxgKrnl","10011","정보",,""
"19:17:27.6226187","Kernel-PnP","220","시작",,"Begin querying bus relations for device SWD\DRIVERENUM\AMDCP&7&16b8ddb4&0"
"19:17:27.6226410","Kernel-PnP","222","시작",,"End querying bus relations for device SWD\DRIVERENUM\AMDCP&7&16b8ddb4&0"
"19:17:27.6226517","Kernel-PnP","220","시작",,"Begin querying bus relations for device SWD\DRIVERENUM\AMDFDANS&7&16b8ddb4&0"
"19:17:27.6226533","Kernel-PnP","222","시작",,"End querying bus relations for device SWD\DRIVERENUM\AMDFDANS&7&16b8ddb4&0"
"19:17:27.6226592","Kernel-PnP","220","시작",,"Begin querying bus relations for device SWD\DRIVERENUM\AMDOCL&7&16b8ddb4&0"
"19:17:27.6226603","Kernel-PnP","222","시작",,"End querying bus relations for device SWD\DRIVERENUM\AMDOCL&7&16b8ddb4&0"
"19:17:27.6226658","Kernel-PnP","220","시작",,"Begin querying bus relations for device SWD\DRIVERENUM\AMDOGL&7&16b8ddb4&0"
"19:17:27.6226668","Kernel-PnP","222","시작",,"End querying bus relations for device SWD\DRIVERENUM\AMDOGL&7&16b8ddb4&0"
"19:17:27.6226729","Kernel-PnP","220","시작",,"Begin querying bus relations for device SWD\DRIVERENUM\AMDVLK&7&16b8ddb4&0"
"19:17:27.6226740","Kernel-PnP","222","시작",,"End querying bus relations for device SWD\DRIVERENUM\AMDVLK&7&16b8ddb4&0"
"19:17:27.6226798","Kernel-PnP","220","시작",,"Begin querying bus relations for device SWD\DRIVERENUM\AMDWIN&7&16b8ddb4&0"
"19:17:27.6226808","Kernel-PnP","222","시작",,"End querying bus relations for device SWD\DRIVERENUM\AMDWIN&7&16b8ddb4&0"
"19:17:27.6226879","Kernel-PnP","220","시작",,"Begin querying bus relations for device DISPLAY\BBC0104\7&16b8ddb4&0&UID265"
"19:17:27.6226941","Kernel-PnP","222","시작",,"End querying bus relations for device DISPLAY\BBC0104\7&16b8ddb4&0&UID265"
"19:17:27.6227012","Kernel-PnP","220","시작",,"Begin querying bus relations for device DISPLAY\SAM79DF\7&16b8ddb4&0&UID256"
"19:17:27.6227040","Kernel-PnP","222","시작",,"End querying bus relations for device DISPLAY\SAM79DF\7&16b8ddb4&0&UID256"
"19:17:27.6228443","DxgKrnl","10011","정보",,""
"19:17:27.6228474","DxgKrnl","10011","정보",,""
"19:17:27.6447733","DxgKrnl","10011","정보",,""
"19:17:27.6450147","DxgKrnl","10011","정보",,""
"19:17:27.6462842","DxgKrnl","10011","정보",,""
"19:17:27.6463883","DxgKrnl","10011","정보",,""
"19:17:27.6540300","DxgKrnl","10011","정보",,""
"19:17:27.6540588","DxgKrnl","10011","정보",,""
"19:17:27.6541404","DxgKrnl","10011","정보",,""
"19:17:27.6541447","DxgKrnl","10011","정보",,""
"19:17:27.6541469","DxgKrnl","10011","정보",,""
"19:17:27.6545441","DxgKrnl","10011","정보",,""
"19:17:27.6546211","DxgKrnl","10011","정보",,""
"19:17:27.6734031","DxgKrnl","10011","정보",,""
"19:17:27.6859182","DxgKrnl","10011","정보",,""
"19:17:27.6859759","DxgKrnl","10011","정보",,""
"19:17:27.6860601","DxgKrnl","10011","정보",,""
"19:17:27.6871195","DxgKrnl","10011","정보",,""
"19:17:27.6871654","DxgKrnl","10011","정보",,""
"19:17:27.6872746","DxgKrnl","10011","정보",,""
"19:17:27.6873268","DxgKrnl","10011","정보",,""
"19:17:27.6873294","DxgKrnl","10011","정보",,""
"19:17:27.6873688","DxgKrnl","10011","정보",,""
"19:17:27.6900399","DxgKrnl","10011","정보",,""
"19:17:27.6901282","DxgKrnl","10011","정보",,""
"19:17:27.6902705","DxgKrnl","10011","정보",,""
"19:17:27.6904591","DxgKrnl","10011","정보",,""
"19:17:27.6906231","DxgKrnl","10011","정보",,""
"19:17:27.6908427","DxgKrnl","10011","정보",,""
"19:17:27.6957310","DxgKrnl","10011","정보",,""
"19:17:27.6957749","DxgKrnl","10011","정보",,""
"19:17:27.7174798","DxgKrnl","10011","정보",,""
"19:17:27.7182702","DxgKrnl","10011","정보",,""
"19:17:27.7500833","DxgKrnl","10011","정보",,""
"19:17:27.7501359","DxgKrnl","10011","정보",,""
"19:17:27.7501374","DxgKrnl","10011","정보",,""
"19:17:27.7501714","DxgKrnl","10011","정보",,""
"19:17:27.7509246","DxgKrnl","10011","정보",,""
"19:17:27.7509850","DxgKrnl","10011","정보",,""
"19:17:27.7567769","DxgKrnl","10011","정보",,""
"19:17:27.7568555","DxgKrnl","10011","정보",,""
"19:17:27.7587926","DxgKrnl","10011","정보",,""
"19:17:27.7589088","DxgKrnl","10011","정보",,""
"19:17:27.7606827","DxgKrnl","10011","정보",,""
"19:17:27.7607288","DxgKrnl","10011","정보",,""
"19:17:27.7624508","DxgKrnl","10011","정보",,""
"19:17:27.7625212","DxgKrnl","10011","정보",,""
"19:17:27.7803756","DxgKrnl","10011","정보",,""
"19:17:27.7815829","DxgKrnl","10011","정보",,""
"19:17:27.7816597","DxgKrnl","10011","정보",,""
"19:17:27.7817371","DxgKrnl","10011","정보",,""
"19:17:27.7817716","DxgKrnl","10011","정보",,""
"19:17:27.7819763","DxgKrnl","10011","정보",,""
"19:17:27.7820165","DxgKrnl","10011","정보",,""
"19:17:27.7822616","DxgKrnl","10011","정보",,""
"19:17:27.7822749","DxgKrnl","10011","정보",,""
"19:17:27.7823247","DxgKrnl","10011","정보",,""
"19:17:27.7888430","DxgKrnl","10011","정보",,""
"19:17:27.7889351","DxgKrnl","10011","정보",,""
"19:17:27.7918122","DxgKrnl","10011","정보",,""
"19:17:27.7919628","DxgKrnl","10011","정보",,""
"19:17:27.7920143","DxgKrnl","10011","정보",,""
"19:17:27.7920550","DxgKrnl","10011","정보",,""
"19:17:27.7921561","DxgKrnl","10011","정보",,""
"19:17:27.8014586","DxgKrnl","10011","정보",,""
"19:17:27.8015195","DxgKrnl","10011","정보",,""
"19:17:27.8047710","DxgKrnl","10011","정보",,""
"19:17:27.8048090","DxgKrnl","10011","정보",,""
"19:17:27.8048119","DxgKrnl","10011","정보",,""
"19:17:27.8049887","DxgKrnl","10011","정보",,""
"19:17:27.8049923","DxgKrnl","10011","정보",,""
"19:17:27.8049950","DxgKrnl","10011","정보",,""
"19:17:27.8099551","DxgKrnl","10011","정보",,""
"19:17:27.8099556","DxgKrnl","10011","정보",,""
"19:17:27.8099650","DxgKrnl","10011","정보",,""
"19:17:27.8101595","DxgKrnl","10011","정보",,""
"19:17:27.8101644","DxgKrnl","10011","정보",,""
"19:17:27.8101653","DxgKrnl","10011","정보",,""
"19:17:27.8128966","DxgKrnl","10011","정보",,""
"19:17:27.8133460","DxgKrnl","10011","정보",,""
"19:17:27.8133601","DxgKrnl","10011","정보",,""
"19:17:27.8133609","DxgKrnl","10011","정보",,""
"19:17:27.8138968","DxgKrnl","10011","정보",,""
"19:17:27.8139589","DxgKrnl","10011","정보",,""
"19:17:27.8140188","DxgKrnl","10011","정보",,""
"19:17:27.8140765","DxgKrnl","10011","정보",,""
"19:17:27.9639562","DxgKrnl","10011","정보",,""
"19:17:27.9640060","DxgKrnl","10011","정보",,""
"19:17:28.1318102","DxgKrnl","10011","정보",,""
"19:17:28.1325306","DxgKrnl","10011","정보",,""
"19:17:30.8928976","DxgKrnl","10011","정보",,""
"19:17:30.8954247","DxgKrnl","10011","정보",,""
"19:17:31.1395630","Kernel-PnP","220","시작",,"Begin querying bus relations for device PCI\VEN_1002&DEV_7550&SUBSYS_E4891DA2&REV_C0\6&8916a45&0&00000009"
"19:17:31.1397230","DxgKrnl","10011","정보",,""
"19:17:31.1397377","DxgKrnl","10011","정보",,""
"19:17:31.1398348","DxgKrnl","10011","정보",,""
"19:17:31.1398790","DxgKrnl","10011","정보",,""
"19:17:31.1402387","DxgKrnl","10011","정보",,""
"19:17:31.1403915","DxgKrnl","10011","정보",,""
"19:17:31.1425088","DxgKrnl","10011","정보",,""
"19:17:31.1425543","DxgKrnl","10011","정보",,""
"19:17:31.1442534","DxgKrnl","10011","정보",,""
"19:17:31.1467882","DxgKrnl","10011","정보",,""
"19:17:31.1472852","Kernel-PnP","222","시작",,"End querying bus relations for device PCI\VEN_1002&DEV_7550&SUBSYS_E4891DA2&REV_C0\6&8916a45&0&00000009"
"19:17:31.1473639","Kernel-PnP","220","시작",,"Begin querying bus relations for device SWD\DRIVERENUM\AMDCP&7&16b8ddb4&0"
"19:17:31.1473666","Kernel-PnP","222","시작",,"End querying bus relations for device SWD\DRIVERENUM\AMDCP&7&16b8ddb4&0"
"19:17:31.1473735","Kernel-PnP","220","시작",,"Begin querying bus relations for device SWD\DRIVERENUM\AMDFDANS&7&16b8ddb4&0"
"19:17:31.1473744","Kernel-PnP","222","시작",,"End querying bus relations for device SWD\DRIVERENUM\AMDFDANS&7&16b8ddb4&0"
"19:17:31.1473808","Kernel-PnP","220","시작",,"Begin querying bus relations for device SWD\DRIVERENUM\AMDOCL&7&16b8ddb4&0"
"19:17:31.1473819","Kernel-PnP","222","시작",,"End querying bus relations for device SWD\DRIVERENUM\AMDOCL&7&16b8ddb4&0"
"19:17:31.1473895","Kernel-PnP","220","시작",,"Begin querying bus relations for device SWD\DRIVERENUM\AMDOGL&7&16b8ddb4&0"
"19:17:31.1473906","Kernel-PnP","222","시작",,"End querying bus relations for device SWD\DRIVERENUM\AMDOGL&7&16b8ddb4&0"
"19:17:31.1473972","Kernel-PnP","220","시작",,"Begin querying bus relations for device SWD\DRIVERENUM\AMDVLK&7&16b8ddb4&0"
"19:17:31.1473980","Kernel-PnP","222","시작",,"End querying bus relations for device SWD\DRIVERENUM\AMDVLK&7&16b8ddb4&0"
"19:17:31.1474051","Kernel-PnP","220","시작",,"Begin querying bus relations for device SWD\DRIVERENUM\AMDWIN&7&16b8ddb4&0"
"19:17:31.1474061","Kernel-PnP","222","시작",,"End querying bus relations for device SWD\DRIVERENUM\AMDWIN&7&16b8ddb4&0"
"19:17:31.1474199","Kernel-PnP","220","시작",,"Begin querying bus relations for device DISPLAY\BBC0104\7&16b8ddb4&0&UID265"
"19:17:31.1474260","Kernel-PnP","222","시작",,"End querying bus relations for device DISPLAY\BBC0104\7&16b8ddb4&0&UID265"
"19:17:31.1474318","Kernel-PnP","220","시작",,"Begin querying bus relations for device DISPLAY\SAM79DF\7&16b8ddb4&0&UID256"
"19:17:31.1474343","Kernel-PnP","222","시작",,"End querying bus relations for device DISPLAY\SAM79DF\7&16b8ddb4&0&UID256"
"19:17:31.1529779","DxgKrnl","10011","정보",,""
"19:17:31.1531680","DxgKrnl","10011","정보",,""
"19:17:31.1532070","DxgKrnl","10011","정보",,""
"19:17:31.1532112","DxgKrnl","10011","정보",,""
"19:17:31.1532144","DxgKrnl","10011","정보",,""
"19:17:31.1569081","DxgKrnl","10011","정보",,""
"19:17:31.1569915","DxgKrnl","10011","정보",,""
"19:17:31.1570958","Kernel-PnP","808","시작",,"End device add, status (STATUS_SUCCESS)"
"19:17:31.1573657","Kernel-PnP","220","시작",,"Begin querying bus relations for device DISPLAY\SAM7B0C\7&16b8ddb4&0&UID260"
"19:17:31.1573683","Kernel-PnP","222","시작",,"End querying bus relations for device DISPLAY\SAM7B0C\7&16b8ddb4&0&UID260"
"19:17:31.1578314","DxgKrnl","10011","정보",,""
"19:17:31.1790650","DxgKrnl","10011","정보",,""
"19:17:31.1791383","DxgKrnl","10011","정보",,""
"19:17:31.1791851","DxgKrnl","10011","정보",,""
"19:17:31.1805545","DxgKrnl","10011","정보",,""
"19:17:31.1806131","DxgKrnl","10011","정보",,""
"19:17:31.1807651","DxgKrnl","10011","정보",,""
"19:17:31.1808214","DxgKrnl","10011","정보",,""
"19:17:31.1808223","DxgKrnl","10011","정보",,""
"19:17:31.1808750","DxgKrnl","10011","정보",,""
"19:17:31.1808768","DxgKrnl","10011","정보",,""
"19:17:31.1809404","DxgKrnl","10011","정보",,""
"19:17:31.1809458","DxgKrnl","10011","정보",,""
"19:17:31.1809967","DxgKrnl","10011","정보",,""
"19:17:31.1832357","DxgKrnl","10011","정보",,""
"19:17:31.1832826","DxgKrnl","10011","정보",,""
"19:17:31.1833112","DxgKrnl","10011","정보",,""
"19:17:31.1836028","DxgKrnl","10011","정보",,""
"19:17:31.1836384","DxgKrnl","10011","정보",,""
"19:17:31.1836392","DxgKrnl","10011","정보",,""
"19:17:31.1837809","DxgKrnl","10011","정보",,""
"19:17:31.1837949","DxgKrnl","10011","정보",,""
"19:17:31.1898547","DxgKrnl","10011","정보",,""
"19:17:31.1899210","DxgKrnl","10011","정보",,""
"19:17:31.1912774","DxgKrnl","10011","정보",,""
"19:17:31.1913500","DxgKrnl","10011","정보",,""
"19:17:31.1913508","DxgKrnl","10011","정보",,""
"19:17:31.1914056","DxgKrnl","10011","정보",,""
"19:17:31.1914068","DxgKrnl","10011","정보",,""
"19:17:31.1914609","DxgKrnl","10011","정보",,""
"19:17:31.1914673","DxgKrnl","10011","정보",,""
"19:17:31.1915214","DxgKrnl","10011","정보",,""
"19:17:31.1919538","DxgKrnl","10011","정보",,""
"19:17:31.1920086","DxgKrnl","10011","정보",,""
"19:17:31.1974839","DxgKrnl","10011","정보",,""
"19:17:31.1975468","DxgKrnl","10011","정보",,""
"19:17:31.2044390","DxgKrnl","10011","정보",,""
"19:17:31.2051368","DxgKrnl","10011","정보",,""
"19:17:31.2103140","DxgKrnl","10011","정보",,""
"19:17:31.2103551","DxgKrnl","10011","정보",,""
"19:17:31.2104246","DxgKrnl","10011","정보",,""
"19:17:31.2104294","DxgKrnl","10011","정보",,""
"19:17:31.2104315","DxgKrnl","10011","정보",,""
"19:17:31.2141698","DxgKrnl","10011","정보",,""
"19:17:31.2142386","DxgKrnl","10011","정보",,""
"19:17:31.2173875","DxgKrnl","10011","정보",,""
"19:17:31.2174515","DxgKrnl","10011","정보",,""
"19:17:31.2174828","DxgKrnl","10011","정보",,""
"19:17:31.2175938","DxgKrnl","10011","정보",,""
"19:17:31.2175964","DxgKrnl","10011","정보",,""
"19:17:31.2177347","DxgKrnl","10011","정보",,""
"19:17:31.2177383","DxgKrnl","10011","정보",,""
"19:17:31.2177533","DxgKrnl","10011","정보",,""
"19:17:31.2178600","DxgKrnl","10011","정보",,""
"19:17:31.2225713","DxgKrnl","10011","정보",,""
"19:17:31.2226423","DxgKrnl","10011","정보",,""
"19:17:31.2283080","DxgKrnl","10011","정보",,""
"19:17:31.2283822","DxgKrnl","10011","정보",,""
"19:17:31.3259233","DxgKrnl","10011","정보",,""
"19:17:31.3266291","DxgKrnl","10011","정보",,""
"19:17:31.4084747","DxgKrnl","10011","정보",,""
"19:17:31.4092753","DxgKrnl","10011","정보",,""
"19:17:31.4098913","DxgKrnl","10011","정보",,""
"19:17:31.4099727","DxgKrnl","10011","정보",,""
"19:17:31.4117692","DxgKrnl","10011","정보",,""
"19:17:31.4118511","DxgKrnl","10011","정보",,""
"19:17:31.4118551","DxgKrnl","10011","정보",,""
"19:17:31.4119902","DxgKrnl","10011","정보",,""
"19:17:31.4119926","DxgKrnl","10011","정보",,""
"19:17:31.4137004","DxgKrnl","10011","정보",,""
"19:17:31.4143689","DxgKrnl","10011","정보",,""
"19:17:31.4147919","DxgKrnl","10011","정보",,""
"19:17:31.4148624","DxgKrnl","10011","정보",,""
"19:17:31.4163855","DxgKrnl","10011","정보",,""
"19:17:31.4179622","DxgKrnl","10011","정보",,""
"19:17:31.4179751","DxgKrnl","10011","정보",,""
"19:17:31.4179759","DxgKrnl","10011","정보",,""
"19:17:31.4184785","DxgKrnl","10011","정보",,""
"19:17:31.4185593","DxgKrnl","10011","정보",,""
"19:17:31.4185593","DxgKrnl","10011","정보",,""
"19:17:31.4186510","DxgKrnl","10011","정보",,""
"19:17:31.4197597","DxgKrnl","10011","정보",,""
"19:17:31.4198220","DxgKrnl","10011","정보",,""
"19:17:31.4280250","DxgKrnl","10011","정보",,""
"19:17:31.4280858","DxgKrnl","10011","정보",,""
"19:17:31.4281109","DxgKrnl","10011","정보",,""
"19:17:31.4284114","DxgKrnl","10011","정보",,""
"19:17:31.4288371","DxgKrnl","10011","정보",,""
"19:17:31.4288376","DxgKrnl","10011","정보",,""
"19:17:31.4289118","DxgKrnl","10011","정보",,""
"19:17:31.4318291","DxgKrnl","10011","정보",,""
"19:17:31.4333369","DxgKrnl","10011","정보",,""
"19:17:31.4333493","DxgKrnl","10011","정보",,""
"19:17:31.4333500","DxgKrnl","10011","정보",,""
"19:17:31.4334204","DxgKrnl","10011","정보",,""
"19:17:31.4336304","DxgKrnl","10011","정보",,""
"19:17:31.4354438","DxgKrnl","10011","정보",,""
"19:17:31.4355438","DxgKrnl","10011","정보",,""
"19:17:31.4359096","DxgKrnl","10011","정보",,""
"19:17:31.4368052","DxgKrnl","10011","정보",,""
"19:17:31.4384758","DxgKrnl","10011","정보",,""
"19:17:31.4385597","DxgKrnl","10011","정보",,""
"19:17:31.6669116","DxgKrnl","10011","정보",,""
"19:17:31.6670041","DxgKrnl","10011","정보",,""
"19:17:31.6670048","DxgKrnl","10011","정보",,""
"19:17:31.6670640","DxgKrnl","10011","정보",,""
"19:17:31.6670654","DxgKrnl","10011","정보",,""
"19:17:31.6671264","DxgKrnl","10011","정보",,""
"19:17:31.6671340","DxgKrnl","10011","정보",,""
"19:17:31.6672091","DxgKrnl","10011","정보",,""
"19:18:07.7754818","Kernel-PnP","220","시작",,"Begin querying bus relations for device PCI\VEN_1002&DEV_7550&SUBSYS_E4891DA2&REV_C0\6&8916a45&0&00000009"
"19:18:07.7755335","DxgKrnl","10011","정보",,""
"19:18:07.8178177","DxgKrnl","10011","정보",,""
"19:18:07.8180369","DxgKrnl","10011","정보",,""
"19:18:07.8180381","DxgKrnl","10011","정보",,""
"19:18:07.8181387","Kernel-PnP","222","시작",,"End querying bus relations for device PCI\VEN_1002&DEV_7550&SUBSYS_E4891DA2&REV_C0\6&8916a45&0&00000009"
"19:18:07.8183256","Kernel-PnP","1010","시작",,"버스에 누락 된 것으로 보고 된 장치 DISPLAY\SAM7B0C\7&16b8ddb4&0&UID260이 (가) 제거 되었습니다. 제거 된 장치 수 | 개수: 1"
"19:18:07.8185189","DxgKrnl","10011","정보",,""
"19:18:07.8186014","DxgKrnl","10011","정보",,""
"19:18:07.8189591","Kernel-PnP","220","시작",,"Begin querying bus relations for device SWD\DRIVERENUM\AMDCP&7&16b8ddb4&0"
"19:18:07.8189616","Kernel-PnP","222","시작",,"End querying bus relations for device SWD\DRIVERENUM\AMDCP&7&16b8ddb4&0"
"19:18:07.8189718","Kernel-PnP","220","시작",,"Begin querying bus relations for device SWD\DRIVERENUM\AMDFDANS&7&16b8ddb4&0"
"19:18:07.8189729","Kernel-PnP","222","시작",,"End querying bus relations for device SWD\DRIVERENUM\AMDFDANS&7&16b8ddb4&0"
"19:18:07.8189806","Kernel-PnP","220","시작",,"Begin querying bus relations for device SWD\DRIVERENUM\AMDOCL&7&16b8ddb4&0"
"19:18:07.8189814","Kernel-PnP","222","시작",,"End querying bus relations for device SWD\DRIVERENUM\AMDOCL&7&16b8ddb4&0"
"19:18:07.8190199","Kernel-PnP","220","시작",,"Begin querying bus relations for device SWD\DRIVERENUM\AMDOGL&7&16b8ddb4&0"
"19:18:07.8190225","Kernel-PnP","222","시작",,"End querying bus relations for device SWD\DRIVERENUM\AMDOGL&7&16b8ddb4&0"
"19:18:07.8190397","Kernel-PnP","220","시작",,"Begin querying bus relations for device SWD\DRIVERENUM\AMDVLK&7&16b8ddb4&0"
"19:18:07.8190485","Kernel-PnP","222","시작",,"End querying bus relations for device SWD\DRIVERENUM\AMDVLK&7&16b8ddb4&0"
"19:18:07.8190594","Kernel-PnP","220","시작",,"Begin querying bus relations for device SWD\DRIVERENUM\AMDWIN&7&16b8ddb4&0"
"19:18:07.8190603","Kernel-PnP","222","시작",,"End querying bus relations for device SWD\DRIVERENUM\AMDWIN&7&16b8ddb4&0"
"19:18:07.8190726","Kernel-PnP","220","시작",,"Begin querying bus relations for device DISPLAY\BBC0104\7&16b8ddb4&0&UID265"
"19:18:07.8190794","Kernel-PnP","222","시작",,"End querying bus relations for device DISPLAY\BBC0104\7&16b8ddb4&0&UID265"
"19:18:07.8190875","Kernel-PnP","220","시작",,"Begin querying bus relations for device DISPLAY\SAM79DF\7&16b8ddb4&0&UID256"
"19:18:07.8190930","Kernel-PnP","222","시작",,"End querying bus relations for device DISPLAY\SAM79DF\7&16b8ddb4&0&UID256"
"19:18:07.8196114","DxgKrnl","10011","정보",,""
"19:18:07.8198171","DxgKrnl","10011","정보",,""
"19:18:07.8215468","Kernel-PnP","808","시작",,"End device add, status (STATUS_SUCCESS)"
"19:18:07.8218893","Kernel-PnP","220","시작",,"Begin querying bus relations for device DISPLAY\Default_Monitor\7&16b8ddb4&0&UID260"
"19:18:07.8218919","Kernel-PnP","222","시작",,"End querying bus relations for device DISPLAY\Default_Monitor\7&16b8ddb4&0&UID260"
"19:18:07.8222485","DxgKrnl","10011","정보",,""
"19:18:07.8252722","DxgKrnl","10011","정보",,""
"19:18:07.8253592","DxgKrnl","10011","정보",,""
"19:18:07.8336890","DxgKrnl","10011","정보",,""
"19:18:07.8337245","DxgKrnl","10011","정보",,""
"19:18:07.8338234","DxgKrnl","10011","정보",,""
"19:18:07.8338288","DxgKrnl","10011","정보",,""
"19:18:07.8338311","DxgKrnl","10011","정보",,""
"19:18:07.8368967","DxgKrnl","10011","정보",,""
"19:18:07.8369641","DxgKrnl","10011","정보",,""
"19:18:07.9229002","DxgKrnl","10011","정보",,""
"19:18:07.9230669","DxgKrnl","10011","정보",,""
"19:18:07.9231213","DxgKrnl","10011","정보",,""
"19:18:07.9244352","DxgKrnl","10011","정보",,""
"19:18:07.9245059","DxgKrnl","10011","정보",,""
"19:18:07.9246583","DxgKrnl","10011","정보",,""
"19:18:07.9247337","DxgKrnl","10011","정보",,""
"19:18:07.9247353","DxgKrnl","10011","정보",,""
"19:18:07.9248044","DxgKrnl","10011","정보",,""
"19:18:07.9248059","DxgKrnl","10011","정보",,""
"19:18:07.9248800","DxgKrnl","10011","정보",,""
"19:18:07.9248823","DxgKrnl","10011","정보",,""
"19:18:07.9249504","DxgKrnl","10011","정보",,""
"19:18:07.9249565","DxgKrnl","10011","정보",,""
"19:18:07.9250270","DxgKrnl","10011","정보",,""
"19:18:07.9250301","DxgKrnl","10011","정보",,""
"19:18:07.9250989","DxgKrnl","10011","정보",,""
"19:18:07.9273081","DxgKrnl","10011","정보",,""
"19:18:07.9273092","DxgKrnl","10011","정보",,""
"19:18:07.9273350","DxgKrnl","10011","정보",,""
"19:18:07.9274721","DxgKrnl","10011","정보",,""
"19:18:07.9278329","DxgKrnl","10011","정보",,""
"19:18:07.9278535","DxgKrnl","10011","정보",,""
"19:18:07.9287952","DxgKrnl","10011","정보",,""
"19:18:07.9288778","DxgKrnl","10011","정보",,""
"19:18:07.9452386","DxgKrnl","10011","정보",,""
"19:18:07.9453453","DxgKrnl","10011","정보",,""
"19:18:07.9453484","DxgKrnl","10011","정보",,""
"19:18:07.9454398","DxgKrnl","10011","정보",,""
"19:18:07.9454411","DxgKrnl","10011","정보",,""
"19:18:07.9455340","DxgKrnl","10011","정보",,""
"19:18:07.9455536","DxgKrnl","10011","정보",,""
"19:18:07.9456336","DxgKrnl","10011","정보",,""
"19:18:07.9456395","DxgKrnl","10011","정보",,""
"19:18:07.9457292","DxgKrnl","10011","정보",,""
"19:18:07.9457318","DxgKrnl","10011","정보",,""
"19:18:07.9458034","DxgKrnl","10011","정보",,""
"19:18:07.9464689","DxgKrnl","10011","정보",,""
"19:18:07.9465369","DxgKrnl","10011","정보",,""
"19:18:07.9502875","DxgKrnl","10011","정보",,""
"19:18:07.9518452","DxgKrnl","10011","정보",,""
"19:18:07.9531966","DxgKrnl","10011","정보",,""
"19:18:07.9534419","DxgKrnl","10011","정보",,""
"19:18:07.9579390","DxgKrnl","10011","정보",,""
"19:18:07.9588644","DxgKrnl","10011","정보",,""
"19:18:07.9589407","DxgKrnl","10011","정보",,""
"19:18:07.9590332","DxgKrnl","10011","정보",,""
"19:18:08.0049805","Kernel-PnP","220","시작",,"Begin querying bus relations for device PCI\VEN_1002&DEV_7550&SUBSYS_E4891DA2&REV_C0\6&8916a45&0&00000009"
"19:18:08.0458345","Kernel-PnP","222","시작",,"End querying bus relations for device PCI\VEN_1002&DEV_7550&SUBSYS_E4891DA2&REV_C0\6&8916a45&0&00000009"
"19:18:08.0460960","Kernel-PnP","1010","시작",,"버스에 누락 된 것으로 보고 된 장치 DISPLAY\Default_Monitor\7&16b8ddb4&0&UID260이 (가) 제거 되었습니다. 제거 된 장치 수 | 개수: 1"
"19:18:08.0462963","DxgKrnl","10011","정보",,""
"19:18:08.0463002","DxgKrnl","10011","정보",,""
"19:18:08.0466633","Kernel-PnP","220","시작",,"Begin querying bus relations for device SWD\DRIVERENUM\AMDCP&7&16b8ddb4&0"
"19:18:08.0466637","DxgKrnl","10011","정보",,""
"19:18:08.0466663","Kernel-PnP","222","시작",,"End querying bus relations for device SWD\DRIVERENUM\AMDCP&7&16b8ddb4&0"
"19:18:08.0466909","Kernel-PnP","220","시작",,"Begin querying bus relations for device SWD\DRIVERENUM\AMDFDANS&7&16b8ddb4&0"
"19:18:08.0466931","Kernel-PnP","222","시작",,"End querying bus relations for device SWD\DRIVERENUM\AMDFDANS&7&16b8ddb4&0"
"19:18:08.0467063","Kernel-PnP","220","시작",,"Begin querying bus relations for device SWD\DRIVERENUM\AMDOCL&7&16b8ddb4&0"
"19:18:08.0467074","Kernel-PnP","222","시작",,"End querying bus relations for device SWD\DRIVERENUM\AMDOCL&7&16b8ddb4&0"
"19:18:08.0467133","Kernel-PnP","220","시작",,"Begin querying bus relations for device SWD\DRIVERENUM\AMDOGL&7&16b8ddb4&0"
"19:18:08.0467143","Kernel-PnP","222","시작",,"End querying bus relations for device SWD\DRIVERENUM\AMDOGL&7&16b8ddb4&0"
"19:18:08.0467198","Kernel-PnP","220","시작",,"Begin querying bus relations for device SWD\DRIVERENUM\AMDVLK&7&16b8ddb4&0"
"19:18:08.0467208","Kernel-PnP","222","시작",,"End querying bus relations for device SWD\DRIVERENUM\AMDVLK&7&16b8ddb4&0"
"19:18:08.0467270","Kernel-PnP","220","시작",,"Begin querying bus relations for device SWD\DRIVERENUM\AMDWIN&7&16b8ddb4&0"
"19:18:08.0467282","Kernel-PnP","222","시작",,"End querying bus relations for device SWD\DRIVERENUM\AMDWIN&7&16b8ddb4&0"
"19:18:08.0467330","Kernel-PnP","220","시작",,"Begin querying bus relations for device DISPLAY\BBC0104\7&16b8ddb4&0&UID265"
"19:18:08.0467386","Kernel-PnP","222","시작",,"End querying bus relations for device DISPLAY\BBC0104\7&16b8ddb4&0&UID265"
"19:18:08.0467449","Kernel-PnP","220","시작",,"Begin querying bus relations for device DISPLAY\SAM79DF\7&16b8ddb4&0&UID256"
"19:18:08.0467482","Kernel-PnP","222","시작",,"End querying bus relations for device DISPLAY\SAM79DF\7&16b8ddb4&0&UID256"
"19:18:08.0469385","DxgKrnl","10011","정보",,""
"19:18:08.0497498","DxgKrnl","10011","정보",,""
"19:18:08.0498385","DxgKrnl","10011","정보",,""
"19:18:08.0827694","DxgKrnl","10011","정보",,""
"19:18:08.0830022","DxgKrnl","10011","정보",,""
"19:18:08.0888753","DxgKrnl","10011","정보",,""
"19:18:08.0959540","DxgKrnl","10011","정보",,""
"19:18:08.0960552","DxgKrnl","10011","정보",,""
"19:18:08.0960595","DxgKrnl","10011","정보",,""
"19:18:08.0960616","DxgKrnl","10011","정보",,""
"19:18:08.0964005","DxgKrnl","10011","정보",,""
"19:18:08.0964764","DxgKrnl","10011","정보",,""
"19:18:08.1144848","DxgKrnl","10011","정보",,""
"19:18:08.1239043","DxgKrnl","10011","정보",,""
"19:18:08.1239883","DxgKrnl","10011","정보",,""
"19:18:08.1240449","DxgKrnl","10011","정보",,""
"19:18:08.1250144","DxgKrnl","10011","정보",,""
"19:18:08.1250555","DxgKrnl","10011","정보",,""
"19:18:08.1251309","DxgKrnl","10011","정보",,""
"19:18:08.1251967","DxgKrnl","10011","정보",,""
"19:18:08.1251991","DxgKrnl","10011","정보",,""
"19:18:08.1252384","DxgKrnl","10011","정보",,""
"19:18:08.1279769","DxgKrnl","10011","정보",,""
"19:18:08.1279774","DxgKrnl","10011","정보",,""
"19:18:08.1281168","DxgKrnl","10011","정보",,""
"19:18:08.1281183","DxgKrnl","10011","정보",,""
"19:18:08.1354216","DxgKrnl","10011","정보",,""
"19:18:08.1354745","DxgKrnl","10011","정보",,""
"19:18:08.1354751","DxgKrnl","10011","정보",,""
"19:18:08.1355290","DxgKrnl","10011","정보",,""
"19:18:08.1355305","DxgKrnl","10011","정보",,""
"19:18:08.1355682","DxgKrnl","10011","정보",,""
"19:18:08.1363283","DxgKrnl","10011","정보",,""
"19:18:08.1363676","DxgKrnl","10011","정보",,""
"19:18:08.1401393","DxgKrnl","10011","정보",,""
"19:18:08.1407844","DxgKrnl","10011","정보",,""
"19:18:08.1420801","DxgKrnl","10011","정보",,""
"19:18:08.1421306","DxgKrnl","10011","정보",,""
"19:18:08.1438340","DxgKrnl","10011","정보",,""
"19:18:08.1439047","DxgKrnl","10011","정보",,""
"19:18:08.3117112","DxgKrnl","10011","정보",,""
"19:18:08.3125291","DxgKrnl","10011","정보",,""
"19:18:08.3206152","DxgKrnl","10011","정보",,""
"19:18:08.3216147","DxgKrnl","10011","정보",,""
"19:18:08.3217879","DxgKrnl","10011","정보",,""
"19:18:08.3224325","DxgKrnl","10011","정보",,""
"19:18:08.3227736","DxgKrnl","10011","정보",,""
"19:18:08.3227740","DxgKrnl","10011","정보",,""
"19:18:08.3230151","DxgKrnl","10011","정보",,""
"19:18:08.3230193","DxgKrnl","10011","정보",,""
"19:18:08.3269461","DxgKrnl","10011","정보",,""
"19:18:08.3270834","DxgKrnl","10011","정보",,""
"19:18:08.3300740","DxgKrnl","10011","정보",,""
"19:18:08.3307002","DxgKrnl","10011","정보",,""
"19:18:08.3308075","DxgKrnl","10011","정보",,""
"19:18:08.3308977","DxgKrnl","10011","정보",,""
"19:18:08.3309111","DxgKrnl","10011","정보",,""
"19:18:08.3309162","DxgKrnl","10011","정보",,""
"19:18:08.3310579","DxgKrnl","10011","정보",,""
"19:18:08.3310953","DxgKrnl","10011","정보",,""
"19:18:08.3312296","DxgKrnl","10011","정보",,""
"19:18:08.3313589","DxgKrnl","10011","정보",,""
"19:18:08.3313650","DxgKrnl","10011","정보",,""
"19:18:08.3433148","DxgKrnl","10011","정보",,""
"19:18:08.3434282","DxgKrnl","10011","정보",,""
"19:18:08.3449721","DxgKrnl","10011","정보",,""
"19:18:08.3452113","DxgKrnl","10011","정보",,""
"19:18:08.3469769","DxgKrnl","10011","정보",,""
"19:18:08.3470713","DxgKrnl","10011","정보",,""
"19:18:08.3493026","DxgKrnl","10011","정보",,""
"19:18:08.3493286","DxgKrnl","10011","정보",,""
"19:18:08.3515661","DxgKrnl","10011","정보",,""
"19:18:08.3520698","DxgKrnl","10011","정보",,""
"19:18:08.3520933","DxgKrnl","10011","정보",,""
"19:18:08.3520947","DxgKrnl","10011","정보",,""
"19:18:08.3521865","DxgKrnl","10011","정보",,""
"19:18:08.3522068","DxgKrnl","10011","정보",,""
"19:18:08.3522083","DxgKrnl","10011","정보",,""
"19:18:08.3522224","DxgKrnl","10011","정보",,""
"19:18:08.3523321","DxgKrnl","10011","정보",,""
"19:18:08.3524161","DxgKrnl","10011","정보",,""
"19:18:08.3530487","DxgKrnl","10011","정보",,""
"19:18:08.3531498","DxgKrnl","10011","정보",,""
"19:18:08.3663073","DxgKrnl","10011","정보",,""
"19:18:08.3670899","DxgKrnl","10011","정보",,""
"19:18:08.3808270","DxgKrnl","10011","정보",,""
"19:18:08.3808732","DxgKrnl","10011","정보",,""
"19:18:11.3222091","DxgKrnl","10011","정보",,""
"19:18:11.5583428","Kernel-PnP","220","시작",,"Begin querying bus relations for device PCI\VEN_1002&DEV_7550&SUBSYS_E4891DA2&REV_C0\6&8916a45&0&00000009"
"19:18:11.5584588","DxgKrnl","10011","정보",,""
"19:18:11.5586074","DxgKrnl","10011","정보",,""
"19:18:11.5586562","DxgKrnl","10011","정보",,""
"19:18:11.5590825","DxgKrnl","10011","정보",,""
"19:18:11.5591854","DxgKrnl","10011","정보",,""
"19:18:11.5604937","DxgKrnl","10011","정보",,""
"19:18:11.5605448","DxgKrnl","10011","정보",,""
"19:18:11.5619080","DxgKrnl","10011","정보",,""
"19:18:11.5629900","DxgKrnl","10011","정보",,""
"19:18:11.5634793","Kernel-PnP","222","시작",,"End querying bus relations for device PCI\VEN_1002&DEV_7550&SUBSYS_E4891DA2&REV_C0\6&8916a45&0&00000009"
"19:18:11.5635373","Kernel-PnP","220","시작",,"Begin querying bus relations for device SWD\DRIVERENUM\AMDCP&7&16b8ddb4&0"
"19:18:11.5635392","Kernel-PnP","222","시작",,"End querying bus relations for device SWD\DRIVERENUM\AMDCP&7&16b8ddb4&0"
"19:18:11.5635457","Kernel-PnP","220","시작",,"Begin querying bus relations for device SWD\DRIVERENUM\AMDFDANS&7&16b8ddb4&0"
"19:18:11.5635468","Kernel-PnP","222","시작",,"End querying bus relations for device SWD\DRIVERENUM\AMDFDANS&7&16b8ddb4&0"
"19:18:11.5635552","Kernel-PnP","220","시작",,"Begin querying bus relations for device SWD\DRIVERENUM\AMDOCL&7&16b8ddb4&0"
"19:18:11.5635560","Kernel-PnP","222","시작",,"End querying bus relations for device SWD\DRIVERENUM\AMDOCL&7&16b8ddb4&0"
"19:18:11.5635623","Kernel-PnP","220","시작",,"Begin querying bus relations for device SWD\DRIVERENUM\AMDOGL&7&16b8ddb4&0"
"19:18:11.5635630","Kernel-PnP","222","시작",,"End querying bus relations for device SWD\DRIVERENUM\AMDOGL&7&16b8ddb4&0"
"19:18:11.5635691","Kernel-PnP","220","시작",,"Begin querying bus relations for device SWD\DRIVERENUM\AMDVLK&7&16b8ddb4&0"
"19:18:11.5635700","Kernel-PnP","222","시작",,"End querying bus relations for device SWD\DRIVERENUM\AMDVLK&7&16b8ddb4&0"
"19:18:11.5635762","Kernel-PnP","220","시작",,"Begin querying bus relations for device SWD\DRIVERENUM\AMDWIN&7&16b8ddb4&0"
"19:18:11.5635769","Kernel-PnP","222","시작",,"End querying bus relations for device SWD\DRIVERENUM\AMDWIN&7&16b8ddb4&0"
"19:18:11.5635843","Kernel-PnP","220","시작",,"Begin querying bus relations for device DISPLAY\BBC0104\7&16b8ddb4&0&UID265"
"19:18:11.5635896","Kernel-PnP","222","시작",,"End querying bus relations for device DISPLAY\BBC0104\7&16b8ddb4&0&UID265"
"19:18:11.5635972","Kernel-PnP","220","시작",,"Begin querying bus relations for device DISPLAY\SAM79DF\7&16b8ddb4&0&UID256"
"19:18:11.5635995","Kernel-PnP","222","시작",,"End querying bus relations for device DISPLAY\SAM79DF\7&16b8ddb4&0&UID256"
"19:18:11.5684533","DxgKrnl","10011","정보",,""
"19:18:11.5685011","DxgKrnl","10011","정보",,""
"19:18:11.5686722","DxgKrnl","10011","정보",,""
"19:18:11.5686773","DxgKrnl","10011","정보",,""
"19:18:11.5686797","DxgKrnl","10011","정보",,""
"19:18:11.5723218","DxgKrnl","10011","정보",,""
"19:18:11.5724262","DxgKrnl","10011","정보",,""
"19:18:11.5725189","Kernel-PnP","808","시작",,"End device add, status (STATUS_SUCCESS)"
"19:18:11.5727957","Kernel-PnP","220","시작",,"Begin querying bus relations for device DISPLAY\SAM7B0C\7&16b8ddb4&0&UID260"
"19:18:11.5727984","Kernel-PnP","222","시작",,"End querying bus relations for device DISPLAY\SAM7B0C\7&16b8ddb4&0&UID260"
"19:18:11.5730207","DxgKrnl","10011","정보",,""
"19:18:11.5957902","DxgKrnl","10011","정보",,""
"19:18:11.5958676","DxgKrnl","10011","정보",,""
"19:18:11.5959265","DxgKrnl","10011","정보",,""
"19:18:11.5973202","DxgKrnl","10011","정보",,""
"19:18:11.5973764","DxgKrnl","10011","정보",,""
"19:18:11.5975257","DxgKrnl","10011","정보",,""
"19:18:11.5975829","DxgKrnl","10011","정보",,""
"19:18:11.5975837","DxgKrnl","10011","정보",,""
"19:18:11.5976404","DxgKrnl","10011","정보",,""
"19:18:11.5976420","DxgKrnl","10011","정보",,""
"19:18:11.5976985","DxgKrnl","10011","정보",,""
"19:18:11.5977044","DxgKrnl","10011","정보",,""
"19:18:11.5977599","DxgKrnl","10011","정보",,""
"19:18:11.5999398","DxgKrnl","10011","정보",,""
"19:18:11.5999399","DxgKrnl","10011","정보",,""
"19:18:11.5999412","DxgKrnl","10011","정보",,""
"19:18:11.5999431","DxgKrnl","10011","정보",,""
"19:18:11.6000070","DxgKrnl","10011","정보",,""
"19:18:11.6002095","DxgKrnl","10011","정보",,""
"19:18:11.6004133","DxgKrnl","10011","정보",,""
"19:18:11.6004152","DxgKrnl","10011","정보",,""
"19:18:11.6005807","DxgKrnl","10011","정보",,""
"19:18:11.6005812","DxgKrnl","10011","정보",,""
"19:18:11.6005848","DxgKrnl","10011","정보",,""
"19:18:11.6006266","DxgKrnl","10011","정보",,""
"19:18:11.6014445","DxgKrnl","10011","정보",,""
"19:18:11.6022850","DxgKrnl","10011","정보",,""
"19:18:11.6062950","DxgKrnl","10011","정보",,""
"19:18:11.6063623","DxgKrnl","10011","정보",,""
"19:18:11.6063630","DxgKrnl","10011","정보",,""
"19:18:11.6064235","DxgKrnl","10011","정보",,""
"19:18:11.6064283","DxgKrnl","10011","정보",,""
"19:18:11.6064798","DxgKrnl","10011","정보",,""
"19:18:11.6064864","DxgKrnl","10011","정보",,""
"19:18:11.6065420","DxgKrnl","10011","정보",,""
"19:18:11.6069573","DxgKrnl","10011","정보",,""
"19:18:11.6070130","DxgKrnl","10011","정보",,""
"19:18:11.6071193","DxgKrnl","10011","정보",,""
"19:18:11.6071993","DxgKrnl","10011","정보",,""
"19:18:11.6119989","DxgKrnl","10011","정보",,""
"19:18:11.6120662","DxgKrnl","10011","정보",,""
"19:18:11.6258054","DxgKrnl","10011","정보",,""
"19:18:11.6258339","DxgKrnl","10011","정보",,""
"19:18:11.6259187","DxgKrnl","10011","정보",,""
"19:18:11.6259227","DxgKrnl","10011","정보",,""
"19:18:11.6259249","DxgKrnl","10011","정보",,""
"19:18:11.6295909","DxgKrnl","10011","정보",,""
"19:18:11.6296540","DxgKrnl","10011","정보",,""
"19:18:11.6323204","DxgKrnl","10011","정보",,""
"19:18:11.6324206","DxgKrnl","10011","정보",,""
"19:18:11.6324666","DxgKrnl","10011","정보",,""
"19:18:11.6325758","DxgKrnl","10011","정보",,""
"19:18:11.6325795","DxgKrnl","10011","정보",,""
"19:18:11.6326068","DxgKrnl","10011","정보",,""
"19:18:11.6327300","DxgKrnl","10011","정보",,""
"19:18:11.6327319","DxgKrnl","10011","정보",,""
"19:18:11.6329000","DxgKrnl","10011","정보",,""
"19:18:11.6370997","DxgKrnl","10011","정보",,""
"19:18:11.6371769","DxgKrnl","10011","정보",,""
"19:18:11.6433258","DxgKrnl","10011","정보",,""
"19:18:11.6435411","DxgKrnl","10011","정보",,""
"19:18:11.7471387","DxgKrnl","10011","정보",,""
"19:18:11.7478523","DxgKrnl","10011","정보",,""
"19:18:11.8213256","DxgKrnl","10011","정보",,""
"19:18:11.8218551","DxgKrnl","10011","정보",,""
"19:18:11.8225352","DxgKrnl","10011","정보",,""
"19:18:11.8226083","DxgKrnl","10011","정보",,""
"19:18:11.8241005","DxgKrnl","10011","정보",,""
"19:18:11.8241932","DxgKrnl","10011","정보",,""
"19:18:11.8243709","DxgKrnl","10011","정보",,""
"19:18:11.8244359","DxgKrnl","10011","정보",,""
"19:18:11.8246437","DxgKrnl","10011","정보",,""
"19:18:11.8248145","DxgKrnl","10011","정보",,""
"19:18:11.8249103","DxgKrnl","10011","정보",,""
"19:18:11.8259851","DxgKrnl","10011","정보",,""
"19:18:11.8261932","DxgKrnl","10011","정보",,""
"19:18:11.8267403","DxgKrnl","10011","정보",,""
"19:18:11.8268204","DxgKrnl","10011","정보",,""
"19:18:11.8282289","DxgKrnl","10011","정보",,""
"19:18:11.8299107","DxgKrnl","10011","정보",,""
"19:18:11.8299234","DxgKrnl","10011","정보",,""
"19:18:11.8299242","DxgKrnl","10011","정보",,""
"19:18:11.8300697","DxgKrnl","10011","정보",,""
"19:18:11.8303111","DxgKrnl","10011","정보",,""
"19:18:11.8317713","DxgKrnl","10011","정보",,""
"19:18:11.8318726","DxgKrnl","10011","정보",,""
"19:18:11.8399200","DxgKrnl","10011","정보",,""
"19:18:11.8399761","DxgKrnl","10011","정보",,""
"19:18:11.8400460","DxgKrnl","10011","정보",,""
"19:18:11.8419645","DxgKrnl","10011","정보",,""
"19:18:11.8435584","DxgKrnl","10011","정보",,""
"19:18:11.8435711","DxgKrnl","10011","정보",,""
"19:18:11.8435718","DxgKrnl","10011","정보",,""
"19:18:11.8437083","DxgKrnl","10011","정보",,""
"19:18:11.8438409","DxgKrnl","10011","정보",,""
"19:18:11.8443426","DxgKrnl","10011","정보",,""
"19:18:11.8451391","DxgKrnl","10011","정보",,""
"19:18:11.8452350","DxgKrnl","10011","정보",,""
"19:18:11.8452370","DxgKrnl","10011","정보",,""
"19:18:11.8575553","DxgKrnl","10011","정보",,""
"19:18:11.8576424","DxgKrnl","10011","정보",,""
"19:18:12.0835019","DxgKrnl","10011","정보",,""
"19:18:12.0835724","DxgKrnl","10011","정보",,""
"19:18:12.0835732","DxgKrnl","10011","정보",,""
"19:18:12.0836287","DxgKrnl","10011","정보",,""
"19:18:12.0836301","DxgKrnl","10011","정보",,""
"19:18:12.0836798","DxgKrnl","10011","정보",,""
"19:18:12.0836872","DxgKrnl","10011","정보",,""
"19:18:12.0837415","DxgKrnl","10011","정보",,""
"19:18:55.7977209","Kernel-PnP","220","시작",,"Begin querying bus relations for device PCI\VEN_1002&DEV_7550&SUBSYS_E4891DA2&REV_C0\6&8916a45&0&00000009"
"19:18:55.7978398","DxgKrnl","10011","정보",,""
"19:18:55.8344037","DxgKrnl","10011","정보",,""
"19:18:55.8347691","DxgKrnl","10011","정보",,""
"19:18:55.8347693","DxgKrnl","10011","정보",,""
"19:18:55.8349437","Kernel-PnP","222","시작",,"End querying bus relations for device PCI\VEN_1002&DEV_7550&SUBSYS_E4891DA2&REV_C0\6&8916a45&0&00000009"
"19:18:55.8351343","Kernel-PnP","1010","시작",,"버스에 누락 된 것으로 보고 된 장치 DISPLAY\SAM7B0C\7&16b8ddb4&0&UID260이 (가) 제거 되었습니다. 제거 된 장치 수 | 개수: 1"
"19:18:55.8351353","DxgKrnl","10011","정보",,""
"19:18:55.8352127","DxgKrnl","10011","정보",,""
"19:18:55.8358113","Kernel-PnP","220","시작",,"Begin querying bus relations for device SWD\DRIVERENUM\AMDCP&7&16b8ddb4&0"
"19:18:55.8358140","Kernel-PnP","222","시작",,"End querying bus relations for device SWD\DRIVERENUM\AMDCP&7&16b8ddb4&0"
"19:18:55.8358710","Kernel-PnP","220","시작",,"Begin querying bus relations for device SWD\DRIVERENUM\AMDFDANS&7&16b8ddb4&0"
"19:18:55.8358743","Kernel-PnP","222","시작",,"End querying bus relations for device SWD\DRIVERENUM\AMDFDANS&7&16b8ddb4&0"
"19:18:55.8358833","Kernel-PnP","220","시작",,"Begin querying bus relations for device SWD\DRIVERENUM\AMDOCL&7&16b8ddb4&0"
"19:18:55.8358843","Kernel-PnP","222","시작",,"End querying bus relations for device SWD\DRIVERENUM\AMDOCL&7&16b8ddb4&0"
"19:18:55.8358893","Kernel-PnP","220","시작",,"Begin querying bus relations for device SWD\DRIVERENUM\AMDOGL&7&16b8ddb4&0"
"19:18:55.8358901","Kernel-PnP","222","시작",,"End querying bus relations for device SWD\DRIVERENUM\AMDOGL&7&16b8ddb4&0"
"19:18:55.8358964","Kernel-PnP","220","시작",,"Begin querying bus relations for device SWD\DRIVERENUM\AMDVLK&7&16b8ddb4&0"
"19:18:55.8358973","Kernel-PnP","222","시작",,"End querying bus relations for device SWD\DRIVERENUM\AMDVLK&7&16b8ddb4&0"
"19:18:55.8359034","Kernel-PnP","220","시작",,"Begin querying bus relations for device SWD\DRIVERENUM\AMDWIN&7&16b8ddb4&0"
"19:18:55.8359043","Kernel-PnP","222","시작",,"End querying bus relations for device SWD\DRIVERENUM\AMDWIN&7&16b8ddb4&0"
"19:18:55.8359104","Kernel-PnP","220","시작",,"Begin querying bus relations for device DISPLAY\BBC0104\7&16b8ddb4&0&UID265"
"19:18:55.8359159","Kernel-PnP","222","시작",,"End querying bus relations for device DISPLAY\BBC0104\7&16b8ddb4&0&UID265"
"19:18:55.8359209","Kernel-PnP","220","시작",,"Begin querying bus relations for device DISPLAY\SAM79DF\7&16b8ddb4&0&UID256"
"19:18:55.8359234","Kernel-PnP","222","시작",,"End querying bus relations for device DISPLAY\SAM79DF\7&16b8ddb4&0&UID256"
"19:18:55.8368261","DxgKrnl","10011","정보",,""
"19:18:55.8369149","DxgKrnl","10011","정보",,""
"19:18:55.8375301","Kernel-PnP","808","시작",,"End device add, status (STATUS_SUCCESS)"
"19:18:55.8378837","Kernel-PnP","220","시작",,"Begin querying bus relations for device DISPLAY\Default_Monitor\7&16b8ddb4&0&UID260"
"19:18:55.8378863","Kernel-PnP","222","시작",,"End querying bus relations for device DISPLAY\Default_Monitor\7&16b8ddb4&0&UID260"
"19:18:55.8382745","DxgKrnl","10011","정보",,""
"19:18:55.8416015","DxgKrnl","10011","정보",,""
"19:18:55.8416779","DxgKrnl","10011","정보",,""
"19:18:55.8507863","DxgKrnl","10011","정보",,""
"19:18:55.8508259","DxgKrnl","10011","정보",,""
"19:18:55.8509036","DxgKrnl","10011","정보",,""
"19:18:55.8509091","DxgKrnl","10011","정보",,""
"19:18:55.8509113","DxgKrnl","10011","정보",,""
"19:18:55.8545502","DxgKrnl","10011","정보",,""
"19:18:55.8546199","DxgKrnl","10011","정보",,""
"19:18:55.9392419","DxgKrnl","10011","정보",,""
"19:18:55.9393595","DxgKrnl","10011","정보",,""
"19:18:55.9394220","DxgKrnl","10011","정보",,""
"19:18:55.9407305","DxgKrnl","10011","정보",,""
"19:18:55.9408000","DxgKrnl","10011","정보",,""
"19:18:55.9409530","DxgKrnl","10011","정보",,""
"19:18:55.9410271","DxgKrnl","10011","정보",,""
"19:18:55.9410285","DxgKrnl","10011","정보",,""
"19:18:55.9410983","DxgKrnl","10011","정보",,""
"19:18:55.9410997","DxgKrnl","10011","정보",,""
"19:18:55.9412048","DxgKrnl","10011","정보",,""
"19:18:55.9412104","DxgKrnl","10011","정보",,""
"19:18:55.9413242","DxgKrnl","10011","정보",,""
"19:18:55.9413310","DxgKrnl","10011","정보",,""
"19:18:55.9414298","DxgKrnl","10011","정보",,""
"19:18:55.9414343","DxgKrnl","10011","정보",,""
"19:18:55.9415375","DxgKrnl","10011","정보",,""
"19:18:55.9438309","DxgKrnl","10011","정보",,""
"19:18:55.9438441","DxgKrnl","10011","정보",,""
"19:18:55.9438618","DxgKrnl","10011","정보",,""
"19:18:55.9438681","DxgKrnl","10011","정보",,""
"19:18:55.9440593","DxgKrnl","10011","정보",,""
"19:18:55.9443124","DxgKrnl","10011","정보",,""
"19:18:55.9443208","DxgKrnl","10011","정보",,""
"19:18:55.9443208","DxgKrnl","10011","정보",,""
"19:18:55.9446739","DxgKrnl","10011","정보",,""
"19:18:55.9447587","DxgKrnl","10011","정보",,""
"19:18:55.9626487","DxgKrnl","10011","정보",,""
"19:18:55.9627412","DxgKrnl","10011","정보",,""
"19:18:55.9627428","DxgKrnl","10011","정보",,""
"19:18:55.9628150","DxgKrnl","10011","정보",,""
"19:18:55.9628173","DxgKrnl","10011","정보",,""
"19:18:55.9628861","DxgKrnl","10011","정보",,""
"19:18:55.9628879","DxgKrnl","10011","정보",,""
"19:18:55.9629568","DxgKrnl","10011","정보",,""
"19:18:55.9629642","DxgKrnl","10011","정보",,""
"19:18:55.9630330","DxgKrnl","10011","정보",,""
"19:18:55.9630357","DxgKrnl","10011","정보",,""
"19:18:55.9631059","DxgKrnl","10011","정보",,""
"19:18:55.9637568","DxgKrnl","10011","정보",,""
"19:18:55.9638252","DxgKrnl","10011","정보",,""
"19:18:55.9696045","DxgKrnl","10011","정보",,""
"19:18:55.9710563","DxgKrnl","10011","정보",,""
"19:18:55.9728040","DxgKrnl","10011","정보",,""
"19:18:55.9728893","DxgKrnl","10011","정보",,""
"19:18:55.9773751","DxgKrnl","10011","정보",,""
"19:18:55.9781497","DxgKrnl","10011","정보",,""
"19:18:55.9782171","DxgKrnl","10011","정보",,""
"19:18:55.9783001","DxgKrnl","10011","정보",,""
"19:18:56.1965994","Kernel-PnP","220","시작",,"Begin querying bus relations for device PCI\VEN_1002&DEV_7550&SUBSYS_E4891DA2&REV_C0\6&8916a45&0&00000009"
"19:18:56.2466177","Kernel-PnP","222","시작",,"End querying bus relations for device PCI\VEN_1002&DEV_7550&SUBSYS_E4891DA2&REV_C0\6&8916a45&0&00000009"
"19:18:56.2468254","Kernel-PnP","1010","시작",,"버스에 누락 된 것으로 보고 된 장치 DISPLAY\Default_Monitor\7&16b8ddb4&0&UID260이 (가) 제거 되었습니다. 제거 된 장치 수 | 개수: 1"
"19:18:56.2474278","Kernel-PnP","220","시작",,"Begin querying bus relations for device SWD\DRIVERENUM\AMDCP&7&16b8ddb4&0"
"19:18:56.2474308","Kernel-PnP","222","시작",,"End querying bus relations for device SWD\DRIVERENUM\AMDCP&7&16b8ddb4&0"
"19:18:56.2474420","Kernel-PnP","220","시작",,"Begin querying bus relations for device SWD\DRIVERENUM\AMDFDANS&7&16b8ddb4&0"
"19:18:56.2474429","Kernel-PnP","222","시작",,"End querying bus relations for device SWD\DRIVERENUM\AMDFDANS&7&16b8ddb4&0"
"19:18:56.2474489","Kernel-PnP","220","시작",,"Begin querying bus relations for device SWD\DRIVERENUM\AMDOCL&7&16b8ddb4&0"
"19:18:56.2474639","DxgKrnl","10011","정보",,""
"19:18:56.2474662","Kernel-PnP","222","시작",,"End querying bus relations for device SWD\DRIVERENUM\AMDOCL&7&16b8ddb4&0"
"19:18:56.2474684","DxgKrnl","10011","정보",,""
"19:18:56.2474747","Kernel-PnP","220","시작",,"Begin querying bus relations for device SWD\DRIVERENUM\AMDOGL&7&16b8ddb4&0"
"19:18:56.2474757","Kernel-PnP","222","시작",,"End querying bus relations for device SWD\DRIVERENUM\AMDOGL&7&16b8ddb4&0"
"19:18:56.2474813","Kernel-PnP","220","시작",,"Begin querying bus relations for device SWD\DRIVERENUM\AMDVLK&7&16b8ddb4&0"
"19:18:56.2474822","Kernel-PnP","222","시작",,"End querying bus relations for device SWD\DRIVERENUM\AMDVLK&7&16b8ddb4&0"
"19:18:56.2474881","Kernel-PnP","220","시작",,"Begin querying bus relations for device SWD\DRIVERENUM\AMDWIN&7&16b8ddb4&0"
"19:18:56.2474890","Kernel-PnP","222","시작",,"End querying bus relations for device SWD\DRIVERENUM\AMDWIN&7&16b8ddb4&0"
"19:18:56.2474960","Kernel-PnP","220","시작",,"Begin querying bus relations for device DISPLAY\BBC0104\7&16b8ddb4&0&UID265"
"19:18:56.2475063","Kernel-PnP","222","시작",,"End querying bus relations for device DISPLAY\BBC0104\7&16b8ddb4&0&UID265"
"19:18:56.2475150","Kernel-PnP","220","시작",,"Begin querying bus relations for device DISPLAY\SAM79DF\7&16b8ddb4&0&UID256"
"19:18:56.2475205","Kernel-PnP","222","시작",,"End querying bus relations for device DISPLAY\SAM79DF\7&16b8ddb4&0&UID256"
"19:18:56.2478248","DxgKrnl","10011","정보",,""
"19:18:56.2478298","DxgKrnl","10011","정보",,""
"19:18:56.2509341","DxgKrnl","10011","정보",,""
"19:18:56.2511520","DxgKrnl","10011","정보",,""
"19:18:56.2754103","DxgKrnl","10011","정보",,""
"19:18:56.2755357","DxgKrnl","10011","정보",,""
"19:18:56.2775981","DxgKrnl","10011","정보",,""
"19:18:56.2784894","DxgKrnl","10011","정보",,""
"19:18:56.2800350","DxgKrnl","10011","정보",,""
"19:18:56.2800621","DxgKrnl","10011","정보",,""
"19:18:56.2801467","DxgKrnl","10011","정보",,""
"19:18:56.2801503","DxgKrnl","10011","정보",,""
"19:18:56.2801524","DxgKrnl","10011","정보",,""
"19:18:56.2804706","DxgKrnl","10011","정보",,""
"19:18:56.2805453","DxgKrnl","10011","정보",,""
"19:18:56.2984939","DxgKrnl","10011","정보",,""
"19:18:56.3088544","DxgKrnl","10011","정보",,""
"19:18:56.3089174","DxgKrnl","10011","정보",,""
"19:18:56.3089692","DxgKrnl","10011","정보",,""
"19:18:56.3097424","DxgKrnl","10011","정보",,""
"19:18:56.3097762","DxgKrnl","10011","정보",,""
"19:18:56.3098463","DxgKrnl","10011","정보",,""
"19:18:56.3098802","DxgKrnl","10011","정보",,""
"19:18:56.3098817","DxgKrnl","10011","정보",,""
"19:18:56.3099121","DxgKrnl","10011","정보",,""
"19:18:56.3118531","DxgKrnl","10011","정보",,""
"19:18:56.3119734","DxgKrnl","10011","정보",,""
"19:18:56.3119853","DxgKrnl","10011","정보",,""
"19:18:56.3119866","DxgKrnl","10011","정보",,""
"19:18:56.3120232","DxgKrnl","10011","정보",,""
"19:18:56.3122466","DxgKrnl","10011","정보",,""
"19:18:56.3122536","DxgKrnl","10011","정보",,""
"19:18:56.3123387","DxgKrnl","10011","정보",,""
"19:18:56.3123471","DxgKrnl","10011","정보",,""
"19:18:56.3127307","DxgKrnl","10011","정보",,""
"19:18:56.3127839","DxgKrnl","10011","정보",,""
"19:18:56.3129139","DxgKrnl","10011","정보",,""
"19:18:56.3130810","DxgKrnl","10011","정보",,""
"19:18:56.3133767","DxgKrnl","10011","정보",,""
"19:18:56.3134453","DxgKrnl","10011","정보",,""
"19:18:56.3134964","DxgKrnl","10011","정보",,""
"19:18:56.3136369","DxgKrnl","10011","정보",,""
"19:18:56.3138020","DxgKrnl","10011","정보",,""
"19:18:56.3138518","DxgKrnl","10011","정보",,""
"19:18:56.3142716","DxgKrnl","10011","정보",,""
"19:18:56.3142908","DxgKrnl","10011","정보",,""
"19:18:56.3143875","DxgKrnl","10011","정보",,""
"19:18:56.3143896","DxgKrnl","10011","정보",,""
"19:18:56.3144319","DxgKrnl","10011","정보",,""
"19:18:56.3145239","DxgKrnl","10011","정보",,""
"19:18:56.3145768","DxgKrnl","10011","정보",,""
"19:18:56.3163553","DxgKrnl","10011","정보",,""
"19:18:56.3163733","DxgKrnl","10011","정보",,""
"19:18:56.3165886","DxgKrnl","10011","정보",,""
"19:18:56.3170008","DxgKrnl","10011","정보",,""
"19:18:56.3170813","DxgKrnl","10011","정보",,""
"19:18:56.3170823","DxgKrnl","10011","정보",,""
"19:18:56.3172184","DxgKrnl","10011","정보",,""
"19:18:56.3172209","DxgKrnl","10011","정보",,""
"19:18:56.3174494","DxgKrnl","10011","정보",,""
"19:18:56.3175445","DxgKrnl","10011","정보",,""
"19:18:56.3175875","DxgKrnl","10011","정보",,""
"19:18:56.3262996","DxgKrnl","10011","정보",,""
"19:18:56.3263838","DxgKrnl","10011","정보",,""
"19:18:56.3294398","DxgKrnl","10011","정보",,""
"19:18:56.3295717","DxgKrnl","10011","정보",,""
"19:18:56.3327678","DxgKrnl","10011","정보",,""
"19:18:56.3328717","DxgKrnl","10011","정보",,""
"19:18:56.3349823","DxgKrnl","10011","정보",,""
"19:18:56.3350591","DxgKrnl","10011","정보",,""
"19:18:56.3366045","DxgKrnl","10011","정보",,""
"19:18:56.3371424","DxgKrnl","10011","정보",,""
"19:18:56.3371572","DxgKrnl","10011","정보",,""
"19:18:56.3371579","DxgKrnl","10011","정보",,""
"19:18:56.3373634","DxgKrnl","10011","정보",,""
"19:18:56.3375078","DxgKrnl","10011","정보",,""
"19:18:56.3377508","DxgKrnl","10011","정보",,""
"19:18:56.3378082","DxgKrnl","10011","정보",,""
"19:18:56.3468980","DxgKrnl","10011","정보",,""
"19:18:56.3476785","DxgKrnl","10011","정보",,""
"19:18:56.4077152","DxgKrnl","10011","정보",,""
"19:18:56.4077820","DxgKrnl","10011","정보",,""
"19:18:56.4077835","DxgKrnl","10011","정보",,""
"19:18:56.4078171","DxgKrnl","10011","정보",,""
"19:18:56.4084707","DxgKrnl","10011","정보",,""
"19:18:56.4085060","DxgKrnl","10011","정보",,""
"19:18:56.4127441","DxgKrnl","10011","정보",,""
"19:18:56.4127926","DxgKrnl","10011","정보",,""
"19:18:56.4144583","DxgKrnl","10011","정보",,""
"19:18:56.4145246","DxgKrnl","10011","정보",,""
"19:18:56.4160651","DxgKrnl","10011","정보",,""
"19:18:56.4161204","DxgKrnl","10011","정보",,""
"19:18:56.4175140","DxgKrnl","10011","정보",,""
"19:18:56.4175679","DxgKrnl","10011","정보",,""
"19:18:56.4190778","DxgKrnl","10011","정보",,""
"19:18:56.4191361","DxgKrnl","10011","정보",,""
"19:18:56.4207494","DxgKrnl","10011","정보",,""
"19:18:56.4207944","DxgKrnl","10011","정보",,""
"19:18:59.4862341","DxgKrnl","10011","정보",,""
"19:18:59.7161287","Kernel-PnP","220","시작",,"Begin querying bus relations for device PCI\VEN_1002&DEV_7550&SUBSYS_E4891DA2&REV_C0\6&8916a45&0&00000009"
"19:18:59.7162284","DxgKrnl","10011","정보",,""
"19:18:59.7163421","DxgKrnl","10011","정보",,""
"19:18:59.7163976","DxgKrnl","10011","정보",,""
"19:18:59.7169137","DxgKrnl","10011","정보",,""
"19:18:59.7170550","DxgKrnl","10011","정보",,""
"19:18:59.7177121","DxgKrnl","10011","정보",,""
"19:18:59.7177652","DxgKrnl","10011","정보",,""
"19:18:59.7190660","DxgKrnl","10011","정보",,""
"19:18:59.7205295","DxgKrnl","10011","정보",,""
"19:18:59.7208515","Kernel-PnP","222","시작",,"End querying bus relations for device PCI\VEN_1002&DEV_7550&SUBSYS_E4891DA2&REV_C0\6&8916a45&0&00000009"
"19:18:59.7209608","Kernel-PnP","220","시작",,"Begin querying bus relations for device SWD\DRIVERENUM\AMDCP&7&16b8ddb4&0"
"19:18:59.7209638","Kernel-PnP","222","시작",,"End querying bus relations for device SWD\DRIVERENUM\AMDCP&7&16b8ddb4&0"
"19:18:59.7209713","Kernel-PnP","220","시작",,"Begin querying bus relations for device SWD\DRIVERENUM\AMDFDANS&7&16b8ddb4&0"
"19:18:59.7209724","Kernel-PnP","222","시작",,"End querying bus relations for device SWD\DRIVERENUM\AMDFDANS&7&16b8ddb4&0"
"19:18:59.7209792","Kernel-PnP","220","시작",,"Begin querying bus relations for device SWD\DRIVERENUM\AMDOCL&7&16b8ddb4&0"
"19:18:59.7209806","Kernel-PnP","222","시작",,"End querying bus relations for device SWD\DRIVERENUM\AMDOCL&7&16b8ddb4&0"
"19:18:59.7209904","Kernel-PnP","220","시작",,"Begin querying bus relations for device SWD\DRIVERENUM\AMDOGL&7&16b8ddb4&0"
"19:18:59.7209912","Kernel-PnP","222","시작",,"End querying bus relations for device SWD\DRIVERENUM\AMDOGL&7&16b8ddb4&0"
"19:18:59.7209998","Kernel-PnP","220","시작",,"Begin querying bus relations for device SWD\DRIVERENUM\AMDVLK&7&16b8ddb4&0"
"19:18:59.7210008","Kernel-PnP","222","시작",,"End querying bus relations for device SWD\DRIVERENUM\AMDVLK&7&16b8ddb4&0"
"19:18:59.7210100","Kernel-PnP","220","시작",,"Begin querying bus relations for device SWD\DRIVERENUM\AMDWIN&7&16b8ddb4&0"
"19:18:59.7210108","Kernel-PnP","222","시작",,"End querying bus relations for device SWD\DRIVERENUM\AMDWIN&7&16b8ddb4&0"
"19:18:59.7210185","Kernel-PnP","220","시작",,"Begin querying bus relations for device DISPLAY\BBC0104\7&16b8ddb4&0&UID265"
"19:18:59.7210247","Kernel-PnP","222","시작",,"End querying bus relations for device DISPLAY\BBC0104\7&16b8ddb4&0&UID265"
"19:18:59.7210330","Kernel-PnP","220","시작",,"Begin querying bus relations for device DISPLAY\SAM79DF\7&16b8ddb4&0&UID256"
"19:18:59.7210357","Kernel-PnP","222","시작",,"End querying bus relations for device DISPLAY\SAM79DF\7&16b8ddb4&0&UID256"
"19:18:59.7256098","DxgKrnl","10011","정보",,""
"19:18:59.7256400","DxgKrnl","10011","정보",,""
"19:18:59.7256855","DxgKrnl","10011","정보",,""
"19:18:59.7256905","DxgKrnl","10011","정보",,""
"19:18:59.7256938","DxgKrnl","10011","정보",,""
"19:18:59.7301338","DxgKrnl","10011","정보",,""
"19:18:59.7302133","DxgKrnl","10011","정보",,""
"19:18:59.7303240","Kernel-PnP","808","시작",,"End device add, status (STATUS_SUCCESS)"
"19:18:59.7306240","Kernel-PnP","220","시작",,"Begin querying bus relations for device DISPLAY\SAM7B0C\7&16b8ddb4&0&UID260"
"19:18:59.7306274","Kernel-PnP","222","시작",,"End querying bus relations for device DISPLAY\SAM7B0C\7&16b8ddb4&0&UID260"
"19:18:59.7308525","DxgKrnl","10011","정보",,""
"19:18:59.7470064","DxgKrnl","10011","정보",,""
"19:18:59.7471014","DxgKrnl","10011","정보",,""
"19:18:59.7471648","DxgKrnl","10011","정보",,""
"19:18:59.7485295","DxgKrnl","10011","정보",,""
"19:18:59.7485888","DxgKrnl","10011","정보",,""
"19:18:59.7487257","DxgKrnl","10011","정보",,""
"19:18:59.7487829","DxgKrnl","10011","정보",,""
"19:18:59.7487837","DxgKrnl","10011","정보",,""
"19:18:59.7488357","DxgKrnl","10011","정보",,""
"19:18:59.7488374","DxgKrnl","10011","정보",,""
"19:18:59.7489031","DxgKrnl","10011","정보",,""
"19:18:59.7489091","DxgKrnl","10011","정보",,""
"19:18:59.7489679","DxgKrnl","10011","정보",,""
"19:18:59.7511291","DxgKrnl","10011","정보",,""
"19:18:59.7511401","DxgKrnl","10011","정보",,""
"19:18:59.7511463","DxgKrnl","10011","정보",,""
"19:18:59.7511972","DxgKrnl","10011","정보",,""
"19:18:59.7515363","DxgKrnl","10011","정보",,""
"19:18:59.7516504","DxgKrnl","10011","정보",,""
"19:18:59.7516531","DxgKrnl","10011","정보",,""
"19:18:59.7516550","DxgKrnl","10011","정보",,""
"19:18:59.7516551","DxgKrnl","10011","정보",,""
"19:18:59.7516559","DxgKrnl","10011","정보",,""
"19:18:59.7572926","DxgKrnl","10011","정보",,""
"19:18:59.7573705","DxgKrnl","10011","정보",,""
"19:18:59.7573713","DxgKrnl","10011","정보",,""
"19:18:59.7574268","DxgKrnl","10011","정보",,""
"19:18:59.7574280","DxgKrnl","10011","정보",,""
"19:18:59.7574827","DxgKrnl","10011","정보",,""
"19:18:59.7574902","DxgKrnl","10011","정보",,""
"19:18:59.7575444","DxgKrnl","10011","정보",,""
"19:18:59.7579694","DxgKrnl","10011","정보",,""
"19:18:59.7580372","DxgKrnl","10011","정보",,""
"19:18:59.7581368","DxgKrnl","10011","정보",,""
"19:18:59.7582330","DxgKrnl","10011","정보",,""
"19:18:59.7626514","DxgKrnl","10011","정보",,""
"19:18:59.7627167","DxgKrnl","10011","정보",,""
"19:18:59.7703468","DxgKrnl","10011","정보",,""
"19:18:59.7710368","DxgKrnl","10011","정보",,""
"19:18:59.7763624","DxgKrnl","10011","정보",,""
"19:18:59.7764000","DxgKrnl","10011","정보",,""
"19:18:59.7764631","DxgKrnl","10011","정보",,""
"19:18:59.7764683","DxgKrnl","10011","정보",,""
"19:18:59.7764705","DxgKrnl","10011","정보",,""
"19:18:59.7813919","DxgKrnl","10011","정보",,""
"19:18:59.7814652","DxgKrnl","10011","정보",,""
"19:18:59.7846813","DxgKrnl","10011","정보",,""
"19:18:59.7847447","DxgKrnl","10011","정보",,""
"19:18:59.7847996","DxgKrnl","10011","정보",,""
"19:18:59.7849106","DxgKrnl","10011","정보",,""
"19:18:59.7849200","DxgKrnl","10011","정보",,""
"19:18:59.7849333","DxgKrnl","10011","정보",,""
"19:18:59.7849401","DxgKrnl","10011","정보",,""
"19:18:59.7851395","DxgKrnl","10011","정보",,""
"19:18:59.7852189","DxgKrnl","10011","정보",,""
"19:18:59.7852240","DxgKrnl","10011","정보",,""
"19:18:59.7852281","DxgKrnl","10011","정보",,""
"19:18:59.7892914","DxgKrnl","10011","정보",,""
"19:18:59.7893948","DxgKrnl","10011","정보",,""
"19:18:59.7960930","DxgKrnl","10011","정보",,""
"19:18:59.7961717","DxgKrnl","10011","정보",,""
"19:18:59.8978052","DxgKrnl","10011","정보",,""
"19:18:59.8985429","DxgKrnl","10011","정보",,""
"19:18:59.9842371","DxgKrnl","10011","정보",,""
"19:18:59.9842613","DxgKrnl","10011","정보",,""
"19:18:59.9843611","DxgKrnl","10011","정보",,""
"19:18:59.9852309","DxgKrnl","10011","정보",,""
"19:18:59.9856079","DxgKrnl","10011","정보",,""
"19:18:59.9856772","DxgKrnl","10011","정보",,""
"19:18:59.9857024","DxgKrnl","10011","정보",,""
"19:18:59.9859210","DxgKrnl","10011","정보",,""
"19:18:59.9876540","DxgKrnl","10011","정보",,""
"19:18:59.9877439","DxgKrnl","10011","정보",,""
"19:18:59.9877483","DxgKrnl","10011","정보",,""
"19:18:59.9879080","DxgKrnl","10011","정보",,""
"19:18:59.9879091","DxgKrnl","10011","정보",,""
"19:18:59.9901142","DxgKrnl","10011","정보",,""
"19:18:59.9901772","DxgKrnl","10011","정보",,""
"19:18:59.9923636","DxgKrnl","10011","정보",,""
"19:18:59.9940267","DxgKrnl","10011","정보",,""
"19:18:59.9940395","DxgKrnl","10011","정보",,""
"19:18:59.9940403","DxgKrnl","10011","정보",,""
"19:18:59.9944156","DxgKrnl","10011","정보",,""
"19:18:59.9945297","DxgKrnl","10011","정보",,""
"19:18:59.9952293","DxgKrnl","10011","정보",,""
"19:18:59.9961463","DxgKrnl","10011","정보",,""
"19:18:59.9962397","DxgKrnl","10011","정보",,""
"19:18:59.9964911","DxgKrnl","10011","정보",,""
"19:19:00.0055027","DxgKrnl","10011","정보",,""
"19:19:00.0055426","DxgKrnl","10011","정보",,""
"19:19:00.0055428","DxgKrnl","10011","정보",,""
"19:19:00.0056922","DxgKrnl","10011","정보",,""
"19:19:00.0056945","DxgKrnl","10011","정보",,""
"19:19:00.0057915","DxgKrnl","10011","정보",,""
"19:19:00.0057979","DxgKrnl","10011","정보",,""
"19:19:00.0088107","DxgKrnl","10011","정보",,""
"19:19:00.0104773","DxgKrnl","10011","정보",,""
"19:19:00.0104917","DxgKrnl","10011","정보",,""
"19:19:00.0104927","DxgKrnl","10011","정보",,""
"19:19:00.0110388","DxgKrnl","10011","정보",,""
"19:19:00.0111494","DxgKrnl","10011","정보",,""
"19:19:00.0118651","DxgKrnl","10011","정보",,""
"19:19:00.0128579","DxgKrnl","10011","정보",,""
"19:19:00.0129887","DxgKrnl","10011","정보",,""
"19:19:00.0131207","DxgKrnl","10011","정보",,""
"19:19:00.0159364","DxgKrnl","10011","정보",,""
"19:19:00.0160180","DxgKrnl","10011","정보",,""
"19:19:00.2400411","DxgKrnl","10011","정보",,""
"19:19:00.2401478","DxgKrnl","10011","정보",,""
"19:19:00.2401484","DxgKrnl","10011","정보",,""
"19:19:00.2402041","DxgKrnl","10011","정보",,""
"19:19:00.2402056","DxgKrnl","10011","정보",,""
"19:19:00.2402630","DxgKrnl","10011","정보",,""
"19:19:00.2402715","DxgKrnl","10011","정보",,""
"19:19:00.2403230","DxgKrnl","10011","정보",,""
"19:19:36.0668562","Kernel-PnP","220","시작",,"Begin querying bus relations for device PCI\VEN_1002&DEV_7550&SUBSYS_E4891DA2&REV_C0\6&8916a45&0&00000009"
"19:19:36.0669798","DxgKrnl","10011","정보",,""
"19:19:36.1056995","DxgKrnl","10011","정보",,""
"19:19:36.1057612","Kernel-PnP","222","시작",,"End querying bus relations for device PCI\VEN_1002&DEV_7550&SUBSYS_E4891DA2&REV_C0\6&8916a45&0&00000009"
"19:19:36.1059754","DxgKrnl","10011","정보",,""
"19:19:36.1059802","DxgKrnl","10011","정보",,""
"19:19:36.1060365","Kernel-PnP","1010","시작",,"버스에 누락 된 것으로 보고 된 장치 DISPLAY\SAM7B0C\7&16b8ddb4&0&UID260이 (가) 제거 되었습니다. 제거 된 장치 수 | 개수: 1"
"19:19:36.1066261","Kernel-PnP","220","시작",,"Begin querying bus relations for device SWD\DRIVERENUM\AMDCP&7&16b8ddb4&0"
"19:19:36.1066324","Kernel-PnP","222","시작",,"End querying bus relations for device SWD\DRIVERENUM\AMDCP&7&16b8ddb4&0"
"19:19:36.1066604","Kernel-PnP","220","시작",,"Begin querying bus relations for device SWD\DRIVERENUM\AMDFDANS&7&16b8ddb4&0"
"19:19:36.1066622","Kernel-PnP","222","시작",,"End querying bus relations for device SWD\DRIVERENUM\AMDFDANS&7&16b8ddb4&0"
"19:19:36.1066745","Kernel-PnP","220","시작",,"Begin querying bus relations for device SWD\DRIVERENUM\AMDOCL&7&16b8ddb4&0"
"19:19:36.1066762","Kernel-PnP","222","시작",,"End querying bus relations for device SWD\DRIVERENUM\AMDOCL&7&16b8ddb4&0"
"19:19:36.1066882","Kernel-PnP","220","시작",,"Begin querying bus relations for device SWD\DRIVERENUM\AMDOGL&7&16b8ddb4&0"
"19:19:36.1066900","Kernel-PnP","222","시작",,"End querying bus relations for device SWD\DRIVERENUM\AMDOGL&7&16b8ddb4&0"
"19:19:36.1066996","Kernel-PnP","220","시작",,"Begin querying bus relations for device SWD\DRIVERENUM\AMDVLK&7&16b8ddb4&0"
"19:19:36.1067012","Kernel-PnP","222","시작",,"End querying bus relations for device SWD\DRIVERENUM\AMDVLK&7&16b8ddb4&0"
"19:19:36.1067127","Kernel-PnP","220","시작",,"Begin querying bus relations for device SWD\DRIVERENUM\AMDWIN&7&16b8ddb4&0"
"19:19:36.1067144","Kernel-PnP","222","시작",,"End querying bus relations for device SWD\DRIVERENUM\AMDWIN&7&16b8ddb4&0"
"19:19:36.1067263","Kernel-PnP","220","시작",,"Begin querying bus relations for device DISPLAY\BBC0104\7&16b8ddb4&0&UID265"
"19:19:36.1067357","Kernel-PnP","222","시작",,"End querying bus relations for device DISPLAY\BBC0104\7&16b8ddb4&0&UID265"
"19:19:36.1067519","Kernel-PnP","220","시작",,"Begin querying bus relations for device DISPLAY\SAM79DF\7&16b8ddb4&0&UID256"
"19:19:36.1067573","Kernel-PnP","222","시작",,"End querying bus relations for device DISPLAY\SAM79DF\7&16b8ddb4&0&UID256"
"19:19:36.1076786","DxgKrnl","10011","정보",,""
"19:19:36.1077728","DxgKrnl","10011","정보",,""
"19:19:36.1080368","Kernel-PnP","808","시작",,"End device add, status (STATUS_SUCCESS)"
"19:19:36.1085194","Kernel-PnP","220","시작",,"Begin querying bus relations for device DISPLAY\Default_Monitor\7&16b8ddb4&0&UID260"
"19:19:36.1085221","Kernel-PnP","222","시작",,"End querying bus relations for device DISPLAY\Default_Monitor\7&16b8ddb4&0&UID260"
"19:19:36.1085315","DxgKrnl","10011","정보",,""
"19:19:36.1088146","DxgKrnl","10011","정보",,""
"19:19:36.1089761","DxgKrnl","10011","정보",,""
"19:19:36.1114393","DxgKrnl","10011","정보",,""
"19:19:36.1115276","DxgKrnl","10011","정보",,""
"19:19:36.1228465","DxgKrnl","10011","정보",,""
"19:19:36.1228735","DxgKrnl","10011","정보",,""
"19:19:36.1229402","DxgKrnl","10011","정보",,""
"19:19:36.1229456","DxgKrnl","10011","정보",,""
"19:19:36.1229478","DxgKrnl","10011","정보",,""
"19:19:36.1255662","DxgKrnl","10011","정보",,""
"19:19:36.1256298","DxgKrnl","10011","정보",,""
"19:19:36.2087552","DxgKrnl","10011","정보",,""
"19:19:36.2089219","DxgKrnl","10011","정보",,""
"19:19:36.2089841","DxgKrnl","10011","정보",,""
"19:19:36.2102256","DxgKrnl","10011","정보",,""
"19:19:36.2102960","DxgKrnl","10011","정보",,""
"19:19:36.2104649","DxgKrnl","10011","정보",,""
"19:19:36.2105407","DxgKrnl","10011","정보",,""
"19:19:36.2105425","DxgKrnl","10011","정보",,""
"19:19:36.2106131","DxgKrnl","10011","정보",,""
"19:19:36.2106148","DxgKrnl","10011","정보",,""
"19:19:36.2106837","DxgKrnl","10011","정보",,""
"19:19:36.2106860","DxgKrnl","10011","정보",,""
"19:19:36.2107595","DxgKrnl","10011","정보",,""
"19:19:36.2107661","DxgKrnl","10011","정보",,""
"19:19:36.2108381","DxgKrnl","10011","정보",,""
"19:19:36.2108431","DxgKrnl","10011","정보",,""
"19:19:36.2109143","DxgKrnl","10011","정보",,""
"19:19:36.2130989","DxgKrnl","10011","정보",,""
"19:19:36.2130999","DxgKrnl","10011","정보",,""
"19:19:36.2131168","DxgKrnl","10011","정보",,""
"19:19:36.2131400","DxgKrnl","10011","정보",,""
"19:19:36.2134415","DxgKrnl","10011","정보",,""
"19:19:36.2134478","DxgKrnl","10011","정보",,""
"19:19:36.2136216","DxgKrnl","10011","정보",,""
"19:19:36.2136227","DxgKrnl","10011","정보",,""
"19:19:36.2173959","DxgKrnl","10011","정보",,""
"19:19:36.2175106","DxgKrnl","10011","정보",,""
"19:19:36.2313475","DxgKrnl","10011","정보",,""
"19:19:36.2314588","DxgKrnl","10011","정보",,""
"19:19:36.2314610","DxgKrnl","10011","정보",,""
"19:19:36.2315350","DxgKrnl","10011","정보",,""
"19:19:36.2315364","DxgKrnl","10011","정보",,""
"19:19:36.2316134","DxgKrnl","10011","정보",,""
"19:19:36.2316163","DxgKrnl","10011","정보",,""
"19:19:36.2317120","DxgKrnl","10011","정보",,""
"19:19:36.2317221","DxgKrnl","10011","정보",,""
"19:19:36.2318108","DxgKrnl","10011","정보",,""
"19:19:36.2318138","DxgKrnl","10011","정보",,""
"19:19:36.2318857","DxgKrnl","10011","정보",,""
"19:19:36.2325487","DxgKrnl","10011","정보",,""
"19:19:36.2326166","DxgKrnl","10011","정보",,""
"19:19:36.2388107","DxgKrnl","10011","정보",,""
"19:19:36.2400651","DxgKrnl","10011","정보",,""
"19:19:36.2415196","DxgKrnl","10011","정보",,""
"19:19:36.2416060","DxgKrnl","10011","정보",,""
"19:19:36.2445605","DxgKrnl","10011","정보",,""
"19:19:36.2454471","DxgKrnl","10011","정보",,""
"19:19:36.2472666","DxgKrnl","10011","정보",,""
"19:19:36.2473613","DxgKrnl","10011","정보",,""
"19:19:36.3277153","Kernel-PnP","220","시작",,"Begin querying bus relations for device PCI\VEN_1002&DEV_7550&SUBSYS_E4891DA2&REV_C0\6&8916a45&0&00000009"
"19:19:36.3841279","Kernel-PnP","222","시작",,"End querying bus relations for device PCI\VEN_1002&DEV_7550&SUBSYS_E4891DA2&REV_C0\6&8916a45&0&00000009"
"19:19:36.3843442","Kernel-PnP","1010","시작",,"버스에 누락 된 것으로 보고 된 장치 DISPLAY\Default_Monitor\7&16b8ddb4&0&UID260이 (가) 제거 되었습니다. 제거 된 장치 수 | 개수: 1"
"19:19:36.3845864","DxgKrnl","10011","정보",,""
"19:19:36.3845965","DxgKrnl","10011","정보",,""
"19:19:36.3847647","DxgKrnl","10011","정보",,""
"19:19:36.3848721","DxgKrnl","10011","정보",,""
"19:19:36.3848755","DxgKrnl","10011","정보",,""
"19:19:36.3850710","DxgKrnl","10011","정보",,""
"19:19:36.3852010","Kernel-PnP","220","시작",,"Begin querying bus relations for device SWD\DRIVERENUM\AMDCP&7&16b8ddb4&0"
"19:19:36.3852068","Kernel-PnP","222","시작",,"End querying bus relations for device SWD\DRIVERENUM\AMDCP&7&16b8ddb4&0"
"19:19:36.3852346","Kernel-PnP","220","시작",,"Begin querying bus relations for device SWD\DRIVERENUM\AMDFDANS&7&16b8ddb4&0"
"19:19:36.3852386","Kernel-PnP","222","시작",,"End querying bus relations for device SWD\DRIVERENUM\AMDFDANS&7&16b8ddb4&0"
"19:19:36.3852567","Kernel-PnP","220","시작",,"Begin querying bus relations for device SWD\DRIVERENUM\AMDOCL&7&16b8ddb4&0"
"19:19:36.3852585","Kernel-PnP","222","시작",,"End querying bus relations for device SWD\DRIVERENUM\AMDOCL&7&16b8ddb4&0"
"19:19:36.3852699","Kernel-PnP","220","시작",,"Begin querying bus relations for device SWD\DRIVERENUM\AMDOGL&7&16b8ddb4&0"
"19:19:36.3852714","Kernel-PnP","222","시작",,"End querying bus relations for device SWD\DRIVERENUM\AMDOGL&7&16b8ddb4&0"
"19:19:36.3852820","Kernel-PnP","220","시작",,"Begin querying bus relations for device SWD\DRIVERENUM\AMDVLK&7&16b8ddb4&0"
"19:19:36.3852849","Kernel-PnP","222","시작",,"End querying bus relations for device SWD\DRIVERENUM\AMDVLK&7&16b8ddb4&0"
"19:19:36.3853151","Kernel-PnP","220","시작",,"Begin querying bus relations for device SWD\DRIVERENUM\AMDWIN&7&16b8ddb4&0"
"19:19:36.3853191","Kernel-PnP","222","시작",,"End querying bus relations for device SWD\DRIVERENUM\AMDWIN&7&16b8ddb4&0"
"19:19:36.3853393","Kernel-PnP","220","시작",,"Begin querying bus relations for device DISPLAY\BBC0104\7&16b8ddb4&0&UID265"
"19:19:36.3853485","Kernel-PnP","222","시작",,"End querying bus relations for device DISPLAY\BBC0104\7&16b8ddb4&0&UID265"
"19:19:36.3853582","Kernel-PnP","220","시작",,"Begin querying bus relations for device DISPLAY\SAM79DF\7&16b8ddb4&0&UID256"
"19:19:36.3853656","Kernel-PnP","222","시작",,"End querying bus relations for device DISPLAY\SAM79DF\7&16b8ddb4&0&UID256"
"19:19:36.4074669","DxgKrnl","10011","정보",,""
"19:19:36.4075673","DxgKrnl","10011","정보",,""
"19:19:36.4089661","DxgKrnl","10011","정보",,""
"19:19:36.4090788","DxgKrnl","10011","정보",,""
"19:19:36.4122713","DxgKrnl","10011","정보",,""
"19:19:36.4123093","DxgKrnl","10011","정보",,""
"19:19:36.4124204","DxgKrnl","10011","정보",,""
"19:19:36.4124241","DxgKrnl","10011","정보",,""
"19:19:36.4124263","DxgKrnl","10011","정보",,""
"19:19:36.4127853","DxgKrnl","10011","정보",,""
"19:19:36.4128597","DxgKrnl","10011","정보",,""
"19:19:36.4358085","DxgKrnl","10011","정보",,""
"19:19:36.4482358","DxgKrnl","10011","정보",,""
"19:19:36.4483179","DxgKrnl","10011","정보",,""
"19:19:36.4483699","DxgKrnl","10011","정보",,""
"19:19:36.4490155","DxgKrnl","10011","정보",,""
"19:19:36.4490450","DxgKrnl","10011","정보",,""
"19:19:36.4491050","DxgKrnl","10011","정보",,""
"19:19:36.4491374","DxgKrnl","10011","정보",,""
"19:19:36.4491389","DxgKrnl","10011","정보",,""
"19:19:36.4491686","DxgKrnl","10011","정보",,""
"19:19:36.4511962","DxgKrnl","10011","정보",,""
"19:19:36.4512393","DxgKrnl","10011","정보",,""
"19:19:36.4512474","DxgKrnl","10011","정보",,""
"19:19:36.4513908","DxgKrnl","10011","정보",,""
"19:19:36.4514627","DxgKrnl","10011","정보",,""
"19:19:36.4515438","DxgKrnl","10011","정보",,""
"19:19:36.4552106","DxgKrnl","10011","정보",,""
"19:19:36.4552532","DxgKrnl","10011","정보",,""
"19:19:36.4552545","DxgKrnl","10011","정보",,""
"19:19:36.4552949","DxgKrnl","10011","정보",,""
"19:19:36.4559097","DxgKrnl","10011","정보",,""
"19:19:36.4559396","DxgKrnl","10011","정보",,""
"19:19:36.4560972","DxgKrnl","10011","정보",,""
"19:19:36.4561647","DxgKrnl","10011","정보",,""
"19:19:36.4605207","DxgKrnl","10011","정보",,""
"19:19:36.4606162","DxgKrnl","10011","정보",,""
"19:19:36.4620514","DxgKrnl","10011","정보",,""
"19:19:36.4622454","DxgKrnl","10011","정보",,""
"19:19:36.4627650","DxgKrnl","10011","정보",,""
"19:19:36.4631806","DxgKrnl","10011","정보",,""
"19:19:36.6195621","DxgKrnl","10011","정보",,""
"19:19:36.6196476","DxgKrnl","10011","정보",,""
"19:19:36.6196710","DxgKrnl","10011","정보",,""
"19:19:36.6197831","DxgKrnl","10011","정보",,""
"19:19:36.6197911","DxgKrnl","10011","정보",,""
"19:19:36.6201955","DxgKrnl","10011","정보",,""
"19:19:36.6202472","DxgKrnl","10011","정보",,""
"19:19:36.6203491","DxgKrnl","10011","정보",,""
"19:19:36.6204307","DxgKrnl","10011","정보",,""
"19:19:36.6204660","DxgKrnl","10011","정보",,""
"19:19:36.6206211","DxgKrnl","10011","정보",,""
"19:19:36.6210925","DxgKrnl","10011","정보",,""
"19:19:36.6225668","DxgKrnl","10011","정보",,""
"19:19:36.6227842","DxgKrnl","10011","정보",,""
"19:19:36.6244782","DxgKrnl","10011","정보",,""
"19:19:36.6245327","DxgKrnl","10011","정보",,""
"19:19:36.6280551","DxgKrnl","10011","정보",,""
"19:19:36.6281173","DxgKrnl","10011","정보",,""
"19:19:36.6281393","DxgKrnl","10011","정보",,""
"19:19:36.6281420","DxgKrnl","10011","정보",,""
"19:19:36.6282530","DxgKrnl","10011","정보",,""
"19:19:36.6283626","DxgKrnl","10011","정보",,""
"19:19:36.6284174","DxgKrnl","10011","정보",,""
"19:19:36.6284224","DxgKrnl","10011","정보",,""
"19:19:36.6284295","DxgKrnl","10011","정보",,""
"19:19:36.6418486","DxgKrnl","10011","정보",,""
"19:19:36.6418492","DxgKrnl","10011","정보",,""
"19:19:36.6419811","DxgKrnl","10011","정보",,""
"19:19:36.6419847","DxgKrnl","10011","정보",,""
"19:19:36.6485224","DxgKrnl","10011","정보",,""
"19:19:36.6485237","DxgKrnl","10011","정보",,""
"19:19:36.6486920","DxgKrnl","10011","정보",,""
"19:19:36.6486942","DxgKrnl","10011","정보",,""
"19:19:36.6504195","DxgKrnl","10011","정보",,""
"19:19:36.6504771","DxgKrnl","10011","정보",,""
"19:19:36.6508253","DxgKrnl","10011","정보",,""
"19:19:36.6508255","DxgKrnl","10011","정보",,""
"19:19:36.6509664","DxgKrnl","10011","정보",,""
"19:19:36.6511036","DxgKrnl","10011","정보",,""
"19:19:36.6530233","DxgKrnl","10011","정보",,""
"19:19:36.6534403","DxgKrnl","10011","정보",,""
"19:19:36.6534580","DxgKrnl","10011","정보",,""
"19:19:36.6534588","DxgKrnl","10011","정보",,""
"19:19:36.6538550","DxgKrnl","10011","정보",,""
"19:19:36.6539456","DxgKrnl","10011","정보",,""
"19:19:36.6552475","DxgKrnl","10011","정보",,""
"19:19:36.6554006","DxgKrnl","10011","정보",,""
"19:19:36.6670760","DxgKrnl","10011","정보",,""
"19:19:36.6678714","DxgKrnl","10011","정보",,""
"19:19:36.7123822","DxgKrnl","10011","정보",,""
"19:19:36.7124410","DxgKrnl","10011","정보",,""
"19:19:39.6600473","DxgKrnl","10011","정보",,""
"19:19:39.9079522","Kernel-PnP","220","시작",,"Begin querying bus relations for device PCI\VEN_1002&DEV_7550&SUBSYS_E4891DA2&REV_C0\6&8916a45&0&00000009"
"19:19:39.9080792","DxgKrnl","10011","정보",,""
"19:19:39.9094571","DxgKrnl","10011","정보",,""
"19:19:39.9095106","DxgKrnl","10011","정보",,""
"19:19:39.9098304","DxgKrnl","10011","정보",,""
"19:19:39.9099413","DxgKrnl","10011","정보",,""
"19:19:39.9102932","DxgKrnl","10011","정보",,""
"19:19:39.9103508","DxgKrnl","10011","정보",,""
"19:19:39.9119516","DxgKrnl","10011","정보",,""
"19:19:39.9134949","DxgKrnl","10011","정보",,""
"19:19:39.9138268","Kernel-PnP","222","시작",,"End querying bus relations for device PCI\VEN_1002&DEV_7550&SUBSYS_E4891DA2&REV_C0\6&8916a45&0&00000009"
"19:19:39.9138968","Kernel-PnP","220","시작",,"Begin querying bus relations for device SWD\DRIVERENUM\AMDCP&7&16b8ddb4&0"
"19:19:39.9138991","Kernel-PnP","222","시작",,"End querying bus relations for device SWD\DRIVERENUM\AMDCP&7&16b8ddb4&0"
"19:19:39.9139082","Kernel-PnP","220","시작",,"Begin querying bus relations for device SWD\DRIVERENUM\AMDFDANS&7&16b8ddb4&0"
"19:19:39.9139090","Kernel-PnP","222","시작",,"End querying bus relations for device SWD\DRIVERENUM\AMDFDANS&7&16b8ddb4&0"
"19:19:39.9139168","Kernel-PnP","220","시작",,"Begin querying bus relations for device SWD\DRIVERENUM\AMDOCL&7&16b8ddb4&0"
"19:19:39.9139181","Kernel-PnP","222","시작",,"End querying bus relations for device SWD\DRIVERENUM\AMDOCL&7&16b8ddb4&0"
"19:19:39.9139248","Kernel-PnP","220","시작",,"Begin querying bus relations for device SWD\DRIVERENUM\AMDOGL&7&16b8ddb4&0"
"19:19:39.9139258","Kernel-PnP","222","시작",,"End querying bus relations for device SWD\DRIVERENUM\AMDOGL&7&16b8ddb4&0"
"19:19:39.9139319","Kernel-PnP","220","시작",,"Begin querying bus relations for device SWD\DRIVERENUM\AMDVLK&7&16b8ddb4&0"
"19:19:39.9139326","Kernel-PnP","222","시작",,"End querying bus relations for device SWD\DRIVERENUM\AMDVLK&7&16b8ddb4&0"
"19:19:39.9139367","Kernel-PnP","220","시작",,"Begin querying bus relations for device SWD\DRIVERENUM\AMDWIN&7&16b8ddb4&0"
"19:19:39.9139374","Kernel-PnP","222","시작",,"End querying bus relations for device SWD\DRIVERENUM\AMDWIN&7&16b8ddb4&0"
"19:19:39.9139425","Kernel-PnP","220","시작",,"Begin querying bus relations for device DISPLAY\BBC0104\7&16b8ddb4&0&UID265"
"19:19:39.9139476","Kernel-PnP","222","시작",,"End querying bus relations for device DISPLAY\BBC0104\7&16b8ddb4&0&UID265"
"19:19:39.9139523","Kernel-PnP","220","시작",,"Begin querying bus relations for device DISPLAY\SAM79DF\7&16b8ddb4&0&UID256"
"19:19:39.9139545","Kernel-PnP","222","시작",,"End querying bus relations for device DISPLAY\SAM79DF\7&16b8ddb4&0&UID256"
"19:19:39.9181590","DxgKrnl","10011","정보",,""
"19:19:39.9182932","DxgKrnl","10011","정보",,""
"19:19:39.9183616","DxgKrnl","10011","정보",,""
"19:19:39.9183676","DxgKrnl","10011","정보",,""
"19:19:39.9183709","DxgKrnl","10011","정보",,""
"19:19:39.9228257","DxgKrnl","10011","정보",,""
"19:19:39.9229198","DxgKrnl","10011","정보",,""
"19:19:39.9230293","Kernel-PnP","808","시작",,"End device add, status (STATUS_SUCCESS)"
"19:19:39.9233530","Kernel-PnP","220","시작",,"Begin querying bus relations for device DISPLAY\SAM7B0C\7&16b8ddb4&0&UID260"
"19:19:39.9233562","Kernel-PnP","222","시작",,"End querying bus relations for device DISPLAY\SAM7B0C\7&16b8ddb4&0&UID260"
"19:19:39.9235984","DxgKrnl","10011","정보",,""
"19:19:39.9446419","DxgKrnl","10011","정보",,""
"19:19:39.9447170","DxgKrnl","10011","정보",,""
"19:19:39.9447645","DxgKrnl","10011","정보",,""
"19:19:39.9461353","DxgKrnl","10011","정보",,""
"19:19:39.9461875","DxgKrnl","10011","정보",,""
"19:19:39.9463285","DxgKrnl","10011","정보",,""
"19:19:39.9463885","DxgKrnl","10011","정보",,""
"19:19:39.9463894","DxgKrnl","10011","정보",,""
"19:19:39.9464411","DxgKrnl","10011","정보",,""
"19:19:39.9464428","DxgKrnl","10011","정보",,""
"19:19:39.9465030","DxgKrnl","10011","정보",,""
"19:19:39.9465089","DxgKrnl","10011","정보",,""
"19:19:39.9465599","DxgKrnl","10011","정보",,""
"19:19:39.9488327","DxgKrnl","10011","정보",,""
"19:19:39.9488398","DxgKrnl","10011","정보",,""
"19:19:39.9488595","DxgKrnl","10011","정보",,""
"19:19:39.9488789","DxgKrnl","10011","정보",,""
"19:19:39.9493747","DxgKrnl","10011","정보",,""
"19:19:39.9493766","DxgKrnl","10011","정보",,""
"19:19:39.9493796","DxgKrnl","10011","정보",,""
"19:19:39.9493810","DxgKrnl","10011","정보",,""
"19:19:39.9510247","DxgKrnl","10011","정보",,""
"19:19:39.9516073","DxgKrnl","10011","정보",,""
"19:19:39.9563786","DxgKrnl","10011","정보",,""
"19:19:39.9564481","DxgKrnl","10011","정보",,""
"19:19:39.9564488","DxgKrnl","10011","정보",,""
"19:19:39.9565073","DxgKrnl","10011","정보",,""
"19:19:39.9565085","DxgKrnl","10011","정보",,""
"19:19:39.9565648","DxgKrnl","10011","정보",,""
"19:19:39.9565733","DxgKrnl","10011","정보",,""
"19:19:39.9566249","DxgKrnl","10011","정보",,""
"19:19:39.9570544","DxgKrnl","10011","정보",,""
"19:19:39.9571091","DxgKrnl","10011","정보",,""
"19:19:39.9625529","DxgKrnl","10011","정보",,""
"19:19:39.9626199","DxgKrnl","10011","정보",,""
"19:19:39.9756890","DxgKrnl","10011","정보",,""
"19:19:39.9757314","DxgKrnl","10011","정보",,""
"19:19:39.9758358","DxgKrnl","10011","정보",,""
"19:19:39.9758405","DxgKrnl","10011","정보",,""
"19:19:39.9758427","DxgKrnl","10011","정보",,""
"19:19:39.9796671","DxgKrnl","10011","정보",,""
"19:19:39.9797343","DxgKrnl","10011","정보",,""
"19:19:39.9829910","DxgKrnl","10011","정보",,""
"19:19:39.9830709","DxgKrnl","10011","정보",,""
"19:19:39.9831020","DxgKrnl","10011","정보",,""
"19:19:39.9832281","DxgKrnl","10011","정보",,""
"19:19:39.9832287","DxgKrnl","10011","정보",,""
"19:19:39.9832401","DxgKrnl","10011","정보",,""
"19:19:39.9832514","DxgKrnl","10011","정보",,""
"19:19:39.9832808","DxgKrnl","10011","정보",,""
"19:19:39.9836059","DxgKrnl","10011","정보",,""
"19:19:39.9836851","DxgKrnl","10011","정보",,""
"19:19:39.9836918","DxgKrnl","10011","정보",,""
"19:19:39.9836942","DxgKrnl","10011","정보",,""
"19:19:39.9836948","DxgKrnl","10011","정보",,""
"19:19:39.9888302","DxgKrnl","10011","정보",,""
"19:19:39.9889126","DxgKrnl","10011","정보",,""
"19:19:39.9947968","DxgKrnl","10011","정보",,""
"19:19:39.9949372","DxgKrnl","10011","정보",,""
"19:19:40.0949879","DxgKrnl","10011","정보",,""
"19:19:40.0960161","DxgKrnl","10011","정보",,""
"19:19:40.1745619","DxgKrnl","10011","정보",,""
"19:19:40.1748064","DxgKrnl","10011","정보",,""
"19:19:40.1748833","DxgKrnl","10011","정보",,""
"19:19:40.1751820","DxgKrnl","10011","정보",,""
"19:19:40.1762693","DxgKrnl","10011","정보",,""
"19:19:40.1763321","DxgKrnl","10011","정보",,""
"19:19:40.1763558","DxgKrnl","10011","정보",,""
"19:19:40.1775925","DxgKrnl","10011","정보",,""
"19:19:40.1777604","DxgKrnl","10011","정보",,""
"19:19:40.1778381","DxgKrnl","10011","정보",,""
"19:19:40.1779238","DxgKrnl","10011","정보",,""
"19:19:40.1779909","DxgKrnl","10011","정보",,""
"19:19:40.1779923","DxgKrnl","10011","정보",,""
"19:19:40.1801093","DxgKrnl","10011","정보",,""
"19:19:40.1809530","DxgKrnl","10011","정보",,""
"19:19:40.1829766","DxgKrnl","10011","정보",,""
"19:19:40.1829903","DxgKrnl","10011","정보",,""
"19:19:40.1829912","DxgKrnl","10011","정보",,""
"19:19:40.1830969","DxgKrnl","10011","정보",,""
"19:19:40.1831831","DxgKrnl","10011","정보",,""
"19:19:40.1834647","DxgKrnl","10011","정보",,""
"19:19:40.1848482","DxgKrnl","10011","정보",,""
"19:19:40.1849469","DxgKrnl","10011","정보",,""
"19:19:40.1889666","DxgKrnl","10011","정보",,""
"19:19:40.1896867","DxgKrnl","10011","정보",,""
"19:19:40.1922884","DxgKrnl","10011","정보",,""
"19:19:40.1923419","DxgKrnl","10011","정보",,""
"19:19:40.1923486","DxgKrnl","10011","정보",,""
"19:19:40.1924874","DxgKrnl","10011","정보",,""
"19:19:40.1924975","DxgKrnl","10011","정보",,""
"19:19:40.1924979","DxgKrnl","10011","정보",,""
"19:19:40.1926095","DxgKrnl","10011","정보",,""
"19:19:40.1944068","DxgKrnl","10011","정보",,""
"19:19:40.1958274","DxgKrnl","10011","정보",,""
"19:19:40.1958393","DxgKrnl","10011","정보",,""
"19:19:40.1958401","DxgKrnl","10011","정보",,""
"19:19:40.1960499","DxgKrnl","10011","정보",,""
"19:19:40.1960588","DxgKrnl","10011","정보",,""
"19:19:40.1962798","DxgKrnl","10011","정보",,""
"19:19:40.1962958","DxgKrnl","10011","정보",,""
"19:19:40.1976965","DxgKrnl","10011","정보",,""
"19:19:40.1977826","DxgKrnl","10011","정보",,""
"19:19:40.2045401","DxgKrnl","10011","정보",,""
"19:19:40.2046077","DxgKrnl","10011","정보",,""
"19:19:40.2098684","DxgKrnl","10011","정보",,""
"19:19:40.2107928","DxgKrnl","10011","정보",,""
"19:19:40.4533957","DxgKrnl","10011","정보",,""
"19:19:40.4534698","DxgKrnl","10011","정보",,""
"19:19:40.4534705","DxgKrnl","10011","정보",,""
"19:19:40.4535263","DxgKrnl","10011","정보",,""
"19:19:40.4535275","DxgKrnl","10011","정보",,""
"19:19:40.4535805","DxgKrnl","10011","정보",,""
"19:19:40.4535882","DxgKrnl","10011","정보",,""
"19:19:40.4536411","DxgKrnl","10011","정보",,""
"19:20:26.6085752","Kernel-PnP","220","시작",,"Begin querying bus relations for device PCI\VEN_1002&DEV_7550&SUBSYS_E4891DA2&REV_C0\6&8916a45&0&00000009"
"19:20:26.6086507","DxgKrnl","10011","정보",,""
"19:20:26.6493374","DxgKrnl","10011","정보",,""
"19:20:26.6497334","Kernel-PnP","222","시작",,"End querying bus relations for device PCI\VEN_1002&DEV_7550&SUBSYS_E4891DA2&REV_C0\6&8916a45&0&00000009"
"19:20:26.6497392","DxgKrnl","10011","정보",,""
"19:20:26.6497595","DxgKrnl","10011","정보",,""
"19:20:26.6499150","Kernel-PnP","1010","시작",,"버스에 누락 된 것으로 보고 된 장치 DISPLAY\SAM7B0C\7&16b8ddb4&0&UID260이 (가) 제거 되었습니다. 제거 된 장치 수 | 개수: 1"
"19:20:26.6500601","DxgKrnl","10011","정보",,""
"19:20:26.6501382","DxgKrnl","10011","정보",,""
"19:20:26.6505202","Kernel-PnP","220","시작",,"Begin querying bus relations for device SWD\DRIVERENUM\AMDCP&7&16b8ddb4&0"
"19:20:26.6505232","Kernel-PnP","222","시작",,"End querying bus relations for device SWD\DRIVERENUM\AMDCP&7&16b8ddb4&0"
"19:20:26.6505367","Kernel-PnP","220","시작",,"Begin querying bus relations for device SWD\DRIVERENUM\AMDFDANS&7&16b8ddb4&0"
"19:20:26.6505379","Kernel-PnP","222","시작",,"End querying bus relations for device SWD\DRIVERENUM\AMDFDANS&7&16b8ddb4&0"
"19:20:26.6505452","Kernel-PnP","220","시작",,"Begin querying bus relations for device SWD\DRIVERENUM\AMDOCL&7&16b8ddb4&0"
"19:20:26.6505461","Kernel-PnP","222","시작",,"End querying bus relations for device SWD\DRIVERENUM\AMDOCL&7&16b8ddb4&0"
"19:20:26.6505521","Kernel-PnP","220","시작",,"Begin querying bus relations for device SWD\DRIVERENUM\AMDOGL&7&16b8ddb4&0"
"19:20:26.6505532","Kernel-PnP","222","시작",,"End querying bus relations for device SWD\DRIVERENUM\AMDOGL&7&16b8ddb4&0"
"19:20:26.6505589","Kernel-PnP","220","시작",,"Begin querying bus relations for device SWD\DRIVERENUM\AMDVLK&7&16b8ddb4&0"
"19:20:26.6505598","Kernel-PnP","222","시작",,"End querying bus relations for device SWD\DRIVERENUM\AMDVLK&7&16b8ddb4&0"
"19:20:26.6505662","Kernel-PnP","220","시작",,"Begin querying bus relations for device SWD\DRIVERENUM\AMDWIN&7&16b8ddb4&0"
"19:20:26.6505672","Kernel-PnP","222","시작",,"End querying bus relations for device SWD\DRIVERENUM\AMDWIN&7&16b8ddb4&0"
"19:20:26.6505737","Kernel-PnP","220","시작",,"Begin querying bus relations for device DISPLAY\BBC0104\7&16b8ddb4&0&UID265"
"19:20:26.6505811","Kernel-PnP","222","시작",,"End querying bus relations for device DISPLAY\BBC0104\7&16b8ddb4&0&UID265"
"19:20:26.6505973","Kernel-PnP","220","시작",,"Begin querying bus relations for device DISPLAY\SAM79DF\7&16b8ddb4&0&UID256"
"19:20:26.6506007","Kernel-PnP","222","시작",,"End querying bus relations for device DISPLAY\SAM79DF\7&16b8ddb4&0&UID256"
"19:20:26.6519194","DxgKrnl","10011","정보",,""
"19:20:26.6520239","DxgKrnl","10011","정보",,""
"19:20:26.6523088","Kernel-PnP","808","시작",,"End device add, status (STATUS_SUCCESS)"
"19:20:26.6526719","Kernel-PnP","220","시작",,"Begin querying bus relations for device DISPLAY\Default_Monitor\7&16b8ddb4&0&UID260"
"19:20:26.6526755","Kernel-PnP","222","시작",,"End querying bus relations for device DISPLAY\Default_Monitor\7&16b8ddb4&0&UID260"
"19:20:26.6530571","DxgKrnl","10011","정보",,""
"19:20:26.6563168","DxgKrnl","10011","정보",,""
"19:20:26.6563882","DxgKrnl","10011","정보",,""
"19:20:26.6650788","DxgKrnl","10011","정보",,""
"19:20:26.6651065","DxgKrnl","10011","정보",,""
"19:20:26.6651731","DxgKrnl","10011","정보",,""
"19:20:26.6651777","DxgKrnl","10011","정보",,""
"19:20:26.6651801","DxgKrnl","10011","정보",,""
"19:20:26.6686942","DxgKrnl","10011","정보",,""
"19:20:26.6687640","DxgKrnl","10011","정보",,""
"19:20:26.7519587","DxgKrnl","10011","정보",,""
"19:20:26.7520819","DxgKrnl","10011","정보",,""
"19:20:26.7521361","DxgKrnl","10011","정보",,""
"19:20:26.7534041","DxgKrnl","10011","정보",,""
"19:20:26.7534744","DxgKrnl","10011","정보",,""
"19:20:26.7536314","DxgKrnl","10011","정보",,""
"19:20:26.7537076","DxgKrnl","10011","정보",,""
"19:20:26.7537092","DxgKrnl","10011","정보",,""
"19:20:26.7537803","DxgKrnl","10011","정보",,""
"19:20:26.7537820","DxgKrnl","10011","정보",,""
"19:20:26.7538520","DxgKrnl","10011","정보",,""
"19:20:26.7538542","DxgKrnl","10011","정보",,""
"19:20:26.7539502","DxgKrnl","10011","정보",,""
"19:20:26.7539576","DxgKrnl","10011","정보",,""
"19:20:26.7540272","DxgKrnl","10011","정보",,""
"19:20:26.7540306","DxgKrnl","10011","정보",,""
"19:20:26.7540992","DxgKrnl","10011","정보",,""
"19:20:26.7562690","DxgKrnl","10011","정보",,""
"19:20:26.7562731","DxgKrnl","10011","정보",,""
"19:20:26.7562974","DxgKrnl","10011","정보",,""
"19:20:26.7563139","DxgKrnl","10011","정보",,""
"19:20:26.7563832","DxgKrnl","10011","정보",,""
"19:20:26.7565896","DxgKrnl","10011","정보",,""
"19:20:26.7566939","DxgKrnl","10011","정보",,""
"19:20:26.7566971","DxgKrnl","10011","정보",,""
"19:20:26.7576125","DxgKrnl","10011","정보",,""
"19:20:26.7576902","DxgKrnl","10011","정보",,""
"19:20:26.7749623","DxgKrnl","10011","정보",,""
"19:20:26.7750763","DxgKrnl","10011","정보",,""
"19:20:26.7750799","DxgKrnl","10011","정보",,""
"19:20:26.7751581","DxgKrnl","10011","정보",,""
"19:20:26.7751594","DxgKrnl","10011","정보",,""
"19:20:26.7752346","DxgKrnl","10011","정보",,""
"19:20:26.7752372","DxgKrnl","10011","정보",,""
"19:20:26.7753108","DxgKrnl","10011","정보",,""
"19:20:26.7753186","DxgKrnl","10011","정보",,""
"19:20:26.7753878","DxgKrnl","10011","정보",,""
"19:20:26.7753912","DxgKrnl","10011","정보",,""
"19:20:26.7754609","DxgKrnl","10011","정보",,""
"19:20:26.7761547","DxgKrnl","10011","정보",,""
"19:20:26.7762303","DxgKrnl","10011","정보",,""
"19:20:26.7809581","DxgKrnl","10011","정보",,""
"19:20:26.7816565","DxgKrnl","10011","정보",,""
"19:20:26.7830759","DxgKrnl","10011","정보",,""
"19:20:26.7831601","DxgKrnl","10011","정보",,""
"19:20:26.7884730","DxgKrnl","10011","정보",,""
"19:20:26.7885695","DxgKrnl","10011","정보",,""
"19:20:26.7952055","DxgKrnl","10011","정보",,""
"19:20:26.7960271","DxgKrnl","10011","정보",,""
"19:20:27.0089271","Kernel-PnP","220","시작",,"Begin querying bus relations for device PCI\VEN_1002&DEV_7550&SUBSYS_E4891DA2&REV_C0\6&8916a45&0&00000009"
"19:20:27.0610305","Kernel-PnP","222","시작",,"End querying bus relations for device PCI\VEN_1002&DEV_7550&SUBSYS_E4891DA2&REV_C0\6&8916a45&0&00000009"
"19:20:27.0612597","Kernel-PnP","1010","시작",,"버스에 누락 된 것으로 보고 된 장치 DISPLAY\Default_Monitor\7&16b8ddb4&0&UID260이 (가) 제거 되었습니다. 제거 된 장치 수 | 개수: 1"
"19:20:27.0616291","DxgKrnl","10011","정보",,""
"19:20:27.0618469","DxgKrnl","10011","정보",,""
"19:20:27.0618603","Kernel-PnP","220","시작",,"Begin querying bus relations for device SWD\DRIVERENUM\AMDCP&7&16b8ddb4&0"
"19:20:27.0618632","Kernel-PnP","222","시작",,"End querying bus relations for device SWD\DRIVERENUM\AMDCP&7&16b8ddb4&0"
"19:20:27.0618743","Kernel-PnP","220","시작",,"Begin querying bus relations for device SWD\DRIVERENUM\AMDFDANS&7&16b8ddb4&0"
"19:20:27.0618754","Kernel-PnP","222","시작",,"End querying bus relations for device SWD\DRIVERENUM\AMDFDANS&7&16b8ddb4&0"
"19:20:27.0619115","Kernel-PnP","220","시작",,"Begin querying bus relations for device SWD\DRIVERENUM\AMDOCL&7&16b8ddb4&0"
"19:20:27.0619137","Kernel-PnP","222","시작",,"End querying bus relations for device SWD\DRIVERENUM\AMDOCL&7&16b8ddb4&0"
"19:20:27.0619468","Kernel-PnP","220","시작",,"Begin querying bus relations for device SWD\DRIVERENUM\AMDOGL&7&16b8ddb4&0"
"19:20:27.0619478","Kernel-PnP","222","시작",,"End querying bus relations for device SWD\DRIVERENUM\AMDOGL&7&16b8ddb4&0"
"19:20:27.0619772","Kernel-PnP","220","시작",,"Begin querying bus relations for device SWD\DRIVERENUM\AMDVLK&7&16b8ddb4&0"
"19:20:27.0619781","Kernel-PnP","222","시작",,"End querying bus relations for device SWD\DRIVERENUM\AMDVLK&7&16b8ddb4&0"
"19:20:27.0619838","Kernel-PnP","220","시작",,"Begin querying bus relations for device SWD\DRIVERENUM\AMDWIN&7&16b8ddb4&0"
"19:20:27.0619847","Kernel-PnP","222","시작",,"End querying bus relations for device SWD\DRIVERENUM\AMDWIN&7&16b8ddb4&0"
"19:20:27.0619907","Kernel-PnP","220","시작",,"Begin querying bus relations for device DISPLAY\BBC0104\7&16b8ddb4&0&UID265"
"19:20:27.0619964","Kernel-PnP","222","시작",,"End querying bus relations for device DISPLAY\BBC0104\7&16b8ddb4&0&UID265"
"19:20:27.0620021","Kernel-PnP","220","시작",,"Begin querying bus relations for device DISPLAY\SAM79DF\7&16b8ddb4&0&UID256"
"19:20:27.0620056","Kernel-PnP","222","시작",,"End querying bus relations for device DISPLAY\SAM79DF\7&16b8ddb4&0&UID256"
"19:20:27.0866955","DxgKrnl","10011","정보",,""
"19:20:27.0868025","DxgKrnl","10011","정보",,""
"19:20:27.0878536","DxgKrnl","10011","정보",,""
"19:20:27.0879951","DxgKrnl","10011","정보",,""
"19:20:27.0885856","DxgKrnl","10011","정보",,""
"19:20:27.0890797","DxgKrnl","10011","정보",,""
"19:20:27.0904022","DxgKrnl","10011","정보",,""
"19:20:27.0904279","DxgKrnl","10011","정보",,""
"19:20:27.0905514","DxgKrnl","10011","정보",,""
"19:20:27.0905548","DxgKrnl","10011","정보",,""
"19:20:27.0905570","DxgKrnl","10011","정보",,""
"19:20:27.0908645","DxgKrnl","10011","정보",,""
"19:20:27.0909621","DxgKrnl","10011","정보",,""
"19:20:27.1116114","DxgKrnl","10011","정보",,""
"19:20:27.1220618","DxgKrnl","10011","정보",,""
"19:20:27.1221216","DxgKrnl","10011","정보",,""
"19:20:27.1221731","DxgKrnl","10011","정보",,""
"19:20:27.1229823","DxgKrnl","10011","정보",,""
"19:20:27.1230127","DxgKrnl","10011","정보",,""
"19:20:27.1230797","DxgKrnl","10011","정보",,""
"19:20:27.1231130","DxgKrnl","10011","정보",,""
"19:20:27.1231144","DxgKrnl","10011","정보",,""
"19:20:27.1231440","DxgKrnl","10011","정보",,""
"19:20:27.1250688","DxgKrnl","10011","정보",,""
"19:20:27.1251455","DxgKrnl","10011","정보",,""
"19:20:27.1251903","DxgKrnl","10011","정보",,""
"19:20:27.1253827","DxgKrnl","10011","정보",,""
"19:20:27.1253897","DxgKrnl","10011","정보",,""
"19:20:27.1256304","DxgKrnl","10011","정보",,""
"19:20:27.1257592","DxgKrnl","10011","정보",,""
"19:20:27.1259040","DxgKrnl","10011","정보",,""
"19:20:27.1259710","DxgKrnl","10011","정보",,""
"19:20:27.1263757","DxgKrnl","10011","정보",,""
"19:20:27.1264638","DxgKrnl","10011","정보",,""
"19:20:27.1265202","DxgKrnl","10011","정보",,""
"19:20:27.1266069","DxgKrnl","10011","정보",,""
"19:20:27.1266228","DxgKrnl","10011","정보",,""
"19:20:27.1267747","DxgKrnl","10011","정보",,""
"19:20:27.1275457","DxgKrnl","10011","정보",,""
"19:20:27.1275565","DxgKrnl","10011","정보",,""
"19:20:27.1276545","DxgKrnl","10011","정보",,""
"19:20:27.1276564","DxgKrnl","10011","정보",,""
"19:20:27.1276959","DxgKrnl","10011","정보",,""
"19:20:27.1282865","DxgKrnl","10011","정보",,""
"19:20:27.1283390","DxgKrnl","10011","정보",,""
"19:20:27.1301784","DxgKrnl","10011","정보",,""
"19:20:27.1304990","DxgKrnl","10011","정보",,""
"19:20:27.1305521","DxgKrnl","10011","정보",,""
"19:20:27.1306535","DxgKrnl","10011","정보",,""
"19:20:27.1308041","DxgKrnl","10011","정보",,""
"19:20:27.1308728","DxgKrnl","10011","정보",,""
"19:20:27.1308746","DxgKrnl","10011","정보",,""
"19:20:27.1309658","DxgKrnl","10011","정보",,""
"19:20:27.1309719","DxgKrnl","10011","정보",,""
"19:20:27.1399408","DxgKrnl","10011","정보",,""
"19:20:27.1399464","DxgKrnl","10011","정보",,""
"19:20:27.1401166","DxgKrnl","10011","정보",,""
"19:20:27.1401191","DxgKrnl","10011","정보",,""
"19:20:27.1430492","DxgKrnl","10011","정보",,""
"19:20:27.1431252","DxgKrnl","10011","정보",,""
"19:20:27.1462855","DxgKrnl","10011","정보",,""
"19:20:27.1463441","DxgKrnl","10011","정보",,""
"19:20:27.1481956","DxgKrnl","10011","정보",,""
"19:20:27.1482677","DxgKrnl","10011","정보",,""
"19:20:27.1496641","DxgKrnl","10011","정보",,""
"19:20:27.1501457","DxgKrnl","10011","정보",,""
"19:20:27.1501584","DxgKrnl","10011","정보",,""
"19:20:27.1501591","DxgKrnl","10011","정보",,""
"19:20:27.1502686","DxgKrnl","10011","정보",,""
"19:20:27.1503551","DxgKrnl","10011","정보",,""
"19:20:27.1525467","DxgKrnl","10011","정보",,""
"19:20:27.1525948","DxgKrnl","10011","정보",,""
"19:20:27.1569540","DxgKrnl","10011","정보",,""
"19:20:27.1577330","DxgKrnl","10011","정보",,""
"19:20:27.2033653","DxgKrnl","10011","정보",,""
"19:20:27.2034309","DxgKrnl","10011","정보",,""
"19:20:27.2034323","DxgKrnl","10011","정보",,""
"19:20:27.2034648","DxgKrnl","10011","정보",,""
"19:20:27.2041066","DxgKrnl","10011","정보",,""
"19:20:27.2041746","DxgKrnl","10011","정보",,""
"19:20:27.2081995","DxgKrnl","10011","정보",,""
"19:20:27.2082686","DxgKrnl","10011","정보",,""
"19:20:27.2099290","DxgKrnl","10011","정보",,""
"19:20:27.2099730","DxgKrnl","10011","정보",,""
"19:20:27.2115789","DxgKrnl","10011","정보",,""
"19:20:27.2116228","DxgKrnl","10011","정보",,""
"19:20:27.2131402","DxgKrnl","10011","정보",,""
"19:20:27.2131828","DxgKrnl","10011","정보",,""
"19:20:30.2908108","DxgKrnl","10011","정보",,""
"19:20:30.5385408","Kernel-PnP","220","시작",,"Begin querying bus relations for device PCI\VEN_1002&DEV_7550&SUBSYS_E4891DA2&REV_C0\6&8916a45&0&00000009"
"19:20:30.5386489","DxgKrnl","10011","정보",,""
"19:20:30.5387580","DxgKrnl","10011","정보",,""
"19:20:30.5388088","DxgKrnl","10011","정보",,""
"19:20:30.5393145","DxgKrnl","10011","정보",,""
"19:20:30.5396120","DxgKrnl","10011","정보",,""
"19:20:30.5397376","DxgKrnl","10011","정보",,""
"19:20:30.5397856","DxgKrnl","10011","정보",,""
"19:20:30.5410285","DxgKrnl","10011","정보",,""
"19:20:30.5410755","DxgKrnl","10011","정보",,""
"19:20:30.5432621","Kernel-PnP","222","시작",,"End querying bus relations for device PCI\VEN_1002&DEV_7550&SUBSYS_E4891DA2&REV_C0\6&8916a45&0&00000009"
"19:20:30.5433318","Kernel-PnP","220","시작",,"Begin querying bus relations for device SWD\DRIVERENUM\AMDCP&7&16b8ddb4&0"
"19:20:30.5433339","Kernel-PnP","222","시작",,"End querying bus relations for device SWD\DRIVERENUM\AMDCP&7&16b8ddb4&0"
"19:20:30.5433388","Kernel-PnP","220","시작",,"Begin querying bus relations for device SWD\DRIVERENUM\AMDFDANS&7&16b8ddb4&0"
"19:20:30.5433395","Kernel-PnP","222","시작",,"End querying bus relations for device SWD\DRIVERENUM\AMDFDANS&7&16b8ddb4&0"
"19:20:30.5433438","Kernel-PnP","220","시작",,"Begin querying bus relations for device SWD\DRIVERENUM\AMDOCL&7&16b8ddb4&0"
"19:20:30.5433445","Kernel-PnP","222","시작",,"End querying bus relations for device SWD\DRIVERENUM\AMDOCL&7&16b8ddb4&0"
"19:20:30.5433488","Kernel-PnP","220","시작",,"Begin querying bus relations for device SWD\DRIVERENUM\AMDOGL&7&16b8ddb4&0"
"19:20:30.5433495","Kernel-PnP","222","시작",,"End querying bus relations for device SWD\DRIVERENUM\AMDOGL&7&16b8ddb4&0"
"19:20:30.5433535","Kernel-PnP","220","시작",,"Begin querying bus relations for device SWD\DRIVERENUM\AMDVLK&7&16b8ddb4&0"
"19:20:30.5433541","Kernel-PnP","222","시작",,"End querying bus relations for device SWD\DRIVERENUM\AMDVLK&7&16b8ddb4&0"
"19:20:30.5433583","Kernel-PnP","220","시작",,"Begin querying bus relations for device SWD\DRIVERENUM\AMDWIN&7&16b8ddb4&0"
"19:20:30.5433590","Kernel-PnP","222","시작",,"End querying bus relations for device SWD\DRIVERENUM\AMDWIN&7&16b8ddb4&0"
"19:20:30.5433631","Kernel-PnP","220","시작",,"Begin querying bus relations for device DISPLAY\BBC0104\7&16b8ddb4&0&UID265"
"19:20:30.5433681","Kernel-PnP","222","시작",,"End querying bus relations for device DISPLAY\BBC0104\7&16b8ddb4&0&UID265"
"19:20:30.5433725","Kernel-PnP","220","시작",,"Begin querying bus relations for device DISPLAY\SAM79DF\7&16b8ddb4&0&UID256"
"19:20:30.5433746","Kernel-PnP","222","시작",,"End querying bus relations for device DISPLAY\SAM79DF\7&16b8ddb4&0&UID256"
"19:20:30.5484586","DxgKrnl","10011","정보",,""
"19:20:30.5485016","DxgKrnl","10011","정보",,""
"19:20:30.5486045","DxgKrnl","10011","정보",,""
"19:20:30.5486125","DxgKrnl","10011","정보",,""
"19:20:30.5486157","DxgKrnl","10011","정보",,""
"19:20:30.5487660","Kernel-PnP","808","시작",,"End device add, status (STATUS_SUCCESS)"
"19:20:30.5530802","DxgKrnl","10011","정보",,""
"19:20:30.5531243","DxgKrnl","10011","정보",,""
"19:20:30.5533055","Kernel-PnP","220","시작",,"Begin querying bus relations for device DISPLAY\SAM7B0C\7&16b8ddb4&0&UID260"
"19:20:30.5533089","Kernel-PnP","222","시작",,"End querying bus relations for device DISPLAY\SAM7B0C\7&16b8ddb4&0&UID260"
"19:20:30.5536764","DxgKrnl","10011","정보",,""
"19:20:30.5728820","DxgKrnl","10011","정보",,""
"19:20:30.5729488","DxgKrnl","10011","정보",,""
"19:20:30.5729999","DxgKrnl","10011","정보",,""
"19:20:30.5744161","DxgKrnl","10011","정보",,""
"19:20:30.5744670","DxgKrnl","10011","정보",,""
"19:20:30.5746058","DxgKrnl","10011","정보",,""
"19:20:30.5746745","DxgKrnl","10011","정보",,""
"19:20:30.5746754","DxgKrnl","10011","정보",,""
"19:20:30.5747283","DxgKrnl","10011","정보",,""
"19:20:30.5747298","DxgKrnl","10011","정보",,""
"19:20:30.5747916","DxgKrnl","10011","정보",,""
"19:20:30.5747992","DxgKrnl","10011","정보",,""
"19:20:30.5748499","DxgKrnl","10011","정보",,""
"19:20:30.5770312","DxgKrnl","10011","정보",,""
"19:20:30.5770730","DxgKrnl","10011","정보",,""
"19:20:30.5773448","DxgKrnl","10011","정보",,""
"19:20:30.5774583","DxgKrnl","10011","정보",,""
"19:20:30.5775400","DxgKrnl","10011","정보",,""
"19:20:30.5775520","DxgKrnl","10011","정보",,""
"19:20:30.5833965","DxgKrnl","10011","정보",,""
"19:20:30.5834686","DxgKrnl","10011","정보",,""
"19:20:30.5844048","DxgKrnl","10011","정보",,""
"19:20:30.5844800","DxgKrnl","10011","정보",,""
"19:20:30.5844807","DxgKrnl","10011","정보",,""
"19:20:30.5845377","DxgKrnl","10011","정보",,""
"19:20:30.5845388","DxgKrnl","10011","정보",,""
"19:20:30.5845899","DxgKrnl","10011","정보",,""
"19:20:30.5845987","DxgKrnl","10011","정보",,""
"19:20:30.5846601","DxgKrnl","10011","정보",,""
"19:20:30.5850894","DxgKrnl","10011","정보",,""
"19:20:30.5851390","DxgKrnl","10011","정보",,""
"19:20:30.5904446","DxgKrnl","10011","정보",,""
"19:20:30.5905299","DxgKrnl","10011","정보",,""
"19:20:30.5980507","DxgKrnl","10011","정보",,""
"19:20:30.5987438","DxgKrnl","10011","정보",,""
"19:20:30.6039448","DxgKrnl","10011","정보",,""
"19:20:30.6048737","DxgKrnl","10011","정보",,""
"19:20:30.6049488","DxgKrnl","10011","정보",,""
"19:20:30.6049532","DxgKrnl","10011","정보",,""
"19:20:30.6049557","DxgKrnl","10011","정보",,""
"19:20:30.6087212","DxgKrnl","10011","정보",,""
"19:20:30.6087837","DxgKrnl","10011","정보",,""
"19:20:30.6119093","DxgKrnl","10011","정보",,""
"19:20:30.6119802","DxgKrnl","10011","정보",,""
"19:20:30.6120144","DxgKrnl","10011","정보",,""
"19:20:30.6121264","DxgKrnl","10011","정보",,""
"19:20:30.6121273","DxgKrnl","10011","정보",,""
"19:20:30.6121292","DxgKrnl","10011","정보",,""
"19:20:30.6121506","DxgKrnl","10011","정보",,""
"19:20:30.6123886","DxgKrnl","10011","정보",,""
"19:20:30.6124673","DxgKrnl","10011","정보",,""
"19:20:30.6125655","DxgKrnl","10011","정보",,""
"19:20:30.6125659","DxgKrnl","10011","정보",,""
"19:20:30.6125722","DxgKrnl","10011","정보",,""
"19:20:30.6125775","DxgKrnl","10011","정보",,""
"19:20:30.6182422","DxgKrnl","10011","정보",,""
"19:20:30.6183058","DxgKrnl","10011","정보",,""
"19:20:30.6244789","DxgKrnl","10011","정보",,""
"19:20:30.6245418","DxgKrnl","10011","정보",,""
"19:20:30.7273158","DxgKrnl","10011","정보",,""
"19:20:30.7283262","DxgKrnl","10011","정보",,""
"19:20:30.8018163","DxgKrnl","10011","정보",,""
"19:20:30.8027250","DxgKrnl","10011","정보",,""
"19:20:30.8027406","DxgKrnl","10011","정보",,""
"19:20:30.8028190","DxgKrnl","10011","정보",,""
"19:20:30.8052814","DxgKrnl","10011","정보",,""
"19:20:30.8053289","DxgKrnl","10011","정보",,""
"19:20:30.8053424","DxgKrnl","10011","정보",,""
"19:20:30.8055391","DxgKrnl","10011","정보",,""
"19:20:30.8055415","DxgKrnl","10011","정보",,""
"19:20:30.8072186","DxgKrnl","10011","정보",,""
"19:20:30.8080385","DxgKrnl","10011","정보",,""
"19:20:30.8098842","DxgKrnl","10011","정보",,""
"19:20:30.8098972","DxgKrnl","10011","정보",,""
"19:20:30.8098980","DxgKrnl","10011","정보",,""
"19:20:30.8100086","DxgKrnl","10011","정보",,""
"19:20:30.8105824","DxgKrnl","10011","정보",,""
"19:20:30.8108921","DxgKrnl","10011","정보",,""
"19:20:30.8114021","DxgKrnl","10011","정보",,""
"19:20:30.8114360","DxgKrnl","10011","정보",,""
"19:20:30.8115744","DxgKrnl","10011","정보",,""
"19:20:30.8115750","DxgKrnl","10011","정보",,""
"19:20:30.8116735","DxgKrnl","10011","정보",,""
"19:20:30.8125830","DxgKrnl","10011","정보",,""
"19:20:30.8174983","DxgKrnl","10011","정보",,""
"19:20:30.8175837","DxgKrnl","10011","정보",,""
"19:20:30.8240545","DxgKrnl","10011","정보",,""
"19:20:30.8241190","DxgKrnl","10011","정보",,""
"19:20:30.8242097","DxgKrnl","10011","정보",,""
"19:20:30.8260741","DxgKrnl","10011","정보",,""
"19:20:30.8274064","DxgKrnl","10011","정보",,""
"19:20:30.8274195","DxgKrnl","10011","정보",,""
"19:20:30.8274204","DxgKrnl","10011","정보",,""
"19:20:30.8281668","DxgKrnl","10011","정보",,""
"19:20:30.8289043","DxgKrnl","10011","정보",,""
"19:20:30.8289055","DxgKrnl","10011","정보",,""
"19:20:30.8289066","DxgKrnl","10011","정보",,""
"19:20:30.8289148","DxgKrnl","10011","정보",,""
"19:20:30.8292983","DxgKrnl","10011","정보",,""
"19:20:30.8293000","DxgKrnl","10011","정보",,""
"19:20:30.8293718","DxgKrnl","10011","정보",,""
"19:20:30.8293730","DxgKrnl","10011","정보",,""
"19:20:30.8293759","DxgKrnl","10011","정보",,""
"19:20:30.8330588","DxgKrnl","10011","정보",,""
"19:20:30.8331408","DxgKrnl","10011","정보",,""
"19:20:31.0809048","DxgKrnl","10011","정보",,""
"19:20:31.0809755","DxgKrnl","10011","정보",,""
"19:20:31.0809762","DxgKrnl","10011","정보",,""
"19:20:31.0810288","DxgKrnl","10011","정보",,""
"19:20:31.0810301","DxgKrnl","10011","정보",,""
"19:20:31.0811300","DxgKrnl","10011","정보",,""
"19:20:31.0811389","DxgKrnl","10011","정보",,""
"19:20:31.0811892","DxgKrnl","10011","정보",,""
