file,time,id,a,b,c
g80sh-exp-A-trcc-on.etl,2026-09-24 03:07:05.025314,1099,"256",10,24310
g80sh-exp-A-trcc-on.etl,2026-09-24 03:07:05.025328,1099,"257",8,24311
g80sh-exp-A-trcc-on.etl,2026-09-24 03:07:05.025332,1099,"258",8,24312
g80sh-exp-A-trcc-on.etl,2026-09-24 03:07:05.025335,1099,"259",8,24313
g80sh-exp-A-trcc-on.etl,2026-09-24 03:07:05.025340,1099,"260",10,24314
g80sh-exp-A-trcc-on.etl,2026-09-24 03:07:05.025346,1099,"261",8,24315
g80sh-exp-A-trcc-on.etl,2026-09-24 03:07:05.025349,1099,"262",8,24316
g80sh-exp-A-trcc-on.etl,2026-09-24 03:07:05.025352,1099,"263",8,24317
g80sh-exp-A-trcc-on.etl,2026-09-24 03:07:05.025355,1099,"264",8,24318
g80sh-exp-A-trcc-on.etl,2026-09-24 03:07:05.025361,1099,"265",10,24319
g80sh-exp-A-trcc-on.etl,2026-09-24 03:07:05.025366,1099,"266",8,24320
g80sh-exp-A-trcc-on.etl,2026-09-24 03:07:05.025368,1099,"0",0,0
g80sh-exp-A-trcc-on.etl,2026-09-24 03:07:06.429173,1099,"260",8,24321
g80sh-exp-A-trcc-on.etl,2026-09-24 03:07:06.429296,1099,"260",10,24322
g80sh-exp-A-trcc-on.etl,2026-09-24 03:07:06.429345,220,"GPU",,
g80sh-exp-A-trcc-on.etl,2026-09-24 03:07:06.456668,1099,"0",0,0
g80sh-exp-A-trcc-on.etl,2026-09-24 03:07:06.468543,1010,"DISPLAY\SAM7B0C\7&16b8ddb4&0&UID260",,
g80sh-exp-A-trcc-on.etl,2026-09-24 03:07:06.530739,1099,"0",0,0
g80sh-exp-A-trcc-on.etl,2026-09-24 03:07:06.782778,1099,"260",8,24323
g80sh-exp-A-trcc-on.etl,2026-09-24 03:07:06.782871,1099,"0",0,0
g80sh-exp-A-trcc-on.etl,2026-09-24 03:07:06.782930,220,"GPU",,
g80sh-exp-A-trcc-on.etl,2026-09-24 03:07:06.831899,1010,"DISPLAY\Default_Monitor\7&16b8ddb4&0&UID260",,
g80sh-exp-A-trcc-on.etl,2026-09-24 03:07:06.865374,1099,"0",0,0
g80sh-exp-A-trcc-on.etl,2026-09-24 03:07:10.110185,1099,"260",10,24324
g80sh-exp-A-trcc-on.etl,2026-09-24 03:07:10.341001,1099,"0",0,0
g80sh-exp-A-trcc-on.etl,2026-09-24 03:07:10.341067,220,"GPU",,
g80sh-exp-A-trcc-on.etl,2026-09-24 03:07:10.375576,1099,"0",0,0
g80sh-exp-A-trcc-on.etl,2026-09-24 03:07:41.464328,1099,"256",10,24325
g80sh-exp-A-trcc-on.etl,2026-09-24 03:07:41.464343,1099,"257",8,24326
g80sh-exp-A-trcc-on.etl,2026-09-24 03:07:41.464347,1099,"258",8,24327
g80sh-exp-A-trcc-on.etl,2026-09-24 03:07:41.464350,1099,"259",8,24328
g80sh-exp-A-trcc-on.etl,2026-09-24 03:07:41.464356,1099,"260",10,24329
g80sh-exp-A-trcc-on.etl,2026-09-24 03:07:41.464361,1099,"261",8,24330
g80sh-exp-A-trcc-on.etl,2026-09-24 03:07:41.464364,1099,"262",8,24331
g80sh-exp-A-trcc-on.etl,2026-09-24 03:07:41.464367,1099,"263",8,24332
g80sh-exp-A-trcc-on.etl,2026-09-24 03:07:41.464370,1099,"264",8,24333
g80sh-exp-A-trcc-on.etl,2026-09-24 03:07:41.464376,1099,"265",10,24334
g80sh-exp-A-trcc-on.etl,2026-09-24 03:07:41.464382,1099,"266",8,24335
g80sh-exp-A-trcc-on.etl,2026-09-24 03:07:41.464383,1099,"0",0,0
g80sh-exp-A-trcc-on.etl,2026-09-24 03:07:51.821765,1099,"256",10,24336
g80sh-exp-A-trcc-on.etl,2026-09-24 03:07:51.821790,1099,"257",8,24337
g80sh-exp-A-trcc-on.etl,2026-09-24 03:07:51.821799,1099,"258",8,24338
g80sh-exp-A-trcc-on.etl,2026-09-24 03:07:51.821808,1099,"259",8,24339
g80sh-exp-A-trcc-on.etl,2026-09-24 03:07:51.821820,1099,"260",10,24340
g80sh-exp-A-trcc-on.etl,2026-09-24 03:07:51.821832,1099,"261",8,24341
g80sh-exp-A-trcc-on.etl,2026-09-24 03:07:51.821840,1099,"262",8,24342
g80sh-exp-A-trcc-on.etl,2026-09-24 03:07:51.821849,1099,"263",8,24343
g80sh-exp-A-trcc-on.etl,2026-09-24 03:07:51.821857,1099,"264",8,24344
g80sh-exp-A-trcc-on.etl,2026-09-24 03:07:51.821871,1099,"265",10,24345
g80sh-exp-A-trcc-on.etl,2026-09-24 03:07:51.821884,1099,"266",8,24346
g80sh-exp-A-trcc-on.etl,2026-09-24 03:07:51.821887,1099,"0",0,0
g80sh-exp-A-trcc-on.etl,2026-09-24 03:07:53.213468,1099,"260",8,24347
g80sh-exp-A-trcc-on.etl,2026-09-24 03:07:53.213600,1099,"260",10,24348
g80sh-exp-A-trcc-on.etl,2026-09-24 03:07:53.213645,220,"GPU",,
g80sh-exp-A-trcc-on.etl,2026-09-24 03:07:53.240931,1099,"0",0,0
g80sh-exp-A-trcc-on.etl,2026-09-24 03:07:53.252495,1010,"DISPLAY\SAM7B0C\7&16b8ddb4&0&UID260",,
g80sh-exp-A-trcc-on.etl,2026-09-24 03:07:53.312166,1099,"0",0,0
g80sh-exp-A-trcc-on.etl,2026-09-24 03:07:53.421175,1099,"260",8,24349
g80sh-exp-A-trcc-on.etl,2026-09-24 03:07:53.421236,1099,"0",0,0
g80sh-exp-A-trcc-on.etl,2026-09-24 03:07:53.421334,220,"GPU",,
g80sh-exp-A-trcc-on.etl,2026-09-24 03:07:53.479464,1010,"DISPLAY\Default_Monitor\7&16b8ddb4&0&UID260",,
g80sh-exp-A-trcc-on.etl,2026-09-24 03:07:53.563913,1099,"0",0,0
g80sh-exp-A-trcc-on.etl,2026-09-24 03:07:56.738386,1099,"260",10,24350
g80sh-exp-A-trcc-on.etl,2026-09-24 03:07:56.984729,1099,"0",0,0
g80sh-exp-A-trcc-on.etl,2026-09-24 03:07:56.984824,220,"GPU",,
g80sh-exp-A-trcc-on.etl,2026-09-24 03:07:57.016194,1099,"0",0,0
g80sh-exp-A-trcc-on.etl,2026-09-24 03:08:24.845948,1099,"256",10,24351
g80sh-exp-A-trcc-on.etl,2026-09-24 03:08:24.845963,1099,"257",8,24352
g80sh-exp-A-trcc-on.etl,2026-09-24 03:08:24.845968,1099,"258",8,24353
g80sh-exp-A-trcc-on.etl,2026-09-24 03:08:24.845972,1099,"259",8,24354
g80sh-exp-A-trcc-on.etl,2026-09-24 03:08:24.845979,1099,"260",10,24355
g80sh-exp-A-trcc-on.etl,2026-09-24 03:08:24.845986,1099,"261",8,24356
g80sh-exp-A-trcc-on.etl,2026-09-24 03:08:24.845991,1099,"262",8,24357
g80sh-exp-A-trcc-on.etl,2026-09-24 03:08:24.845995,1099,"263",8,24358
g80sh-exp-A-trcc-on.etl,2026-09-24 03:08:24.845999,1099,"264",8,24359
g80sh-exp-A-trcc-on.etl,2026-09-24 03:08:24.846007,1099,"265",10,24360
g80sh-exp-A-trcc-on.etl,2026-09-24 03:08:24.846014,1099,"266",8,24361
g80sh-exp-A-trcc-on.etl,2026-09-24 03:08:24.846016,1099,"0",0,0
g80sh-exp-A-trcc-on.etl,2026-09-24 03:08:45.449526,1099,"256",10,24362
g80sh-exp-A-trcc-on.etl,2026-09-24 03:08:45.449542,1099,"257",8,24363
g80sh-exp-A-trcc-on.etl,2026-09-24 03:08:45.449546,1099,"258",8,24364
g80sh-exp-A-trcc-on.etl,2026-09-24 03:08:45.449551,1099,"259",8,24365
g80sh-exp-A-trcc-on.etl,2026-09-24 03:08:45.449558,1099,"260",10,24366
g80sh-exp-A-trcc-on.etl,2026-09-24 03:08:45.449565,1099,"261",8,24367
g80sh-exp-A-trcc-on.etl,2026-09-24 03:08:45.449570,1099,"262",8,24368
g80sh-exp-A-trcc-on.etl,2026-09-24 03:08:45.449575,1099,"263",8,24369
g80sh-exp-A-trcc-on.etl,2026-09-24 03:08:45.449579,1099,"264",8,24370
g80sh-exp-A-trcc-on.etl,2026-09-24 03:08:45.449587,1099,"265",10,24371
g80sh-exp-A-trcc-on.etl,2026-09-24 03:08:45.449594,1099,"266",8,24372
g80sh-exp-A-trcc-on.etl,2026-09-24 03:08:45.449596,1099,"0",0,0
g80sh-exp-A-trcc-on.etl,2026-09-24 03:08:46.842926,1099,"260",8,24373
g80sh-exp-A-trcc-on.etl,2026-09-24 03:08:46.843070,1099,"260",10,24374
g80sh-exp-A-trcc-on.etl,2026-09-24 03:08:46.843132,220,"GPU",,
g80sh-exp-A-trcc-on.etl,2026-09-24 03:08:46.870559,1099,"0",0,0
g80sh-exp-A-trcc-on.etl,2026-09-24 03:08:46.882737,1010,"DISPLAY\SAM7B0C\7&16b8ddb4&0&UID260",,
g80sh-exp-A-trcc-on.etl,2026-09-24 03:08:46.947413,1099,"0",0,0
g80sh-exp-A-trcc-on.etl,2026-09-24 03:08:47.198012,1099,"260",8,24375
g80sh-exp-A-trcc-on.etl,2026-09-24 03:08:47.198080,1099,"0",0,0
g80sh-exp-A-trcc-on.etl,2026-09-24 03:08:47.198181,220,"GPU",,
g80sh-exp-A-trcc-on.etl,2026-09-24 03:08:47.247465,1010,"DISPLAY\Default_Monitor\7&16b8ddb4&0&UID260",,
g80sh-exp-A-trcc-on.etl,2026-09-24 03:08:47.282061,1099,"0",0,0
g80sh-exp-A-trcc-on.etl,2026-09-24 03:08:50.551868,1099,"260",10,24376
g80sh-exp-A-trcc-on.etl,2026-09-24 03:08:50.799064,1099,"0",0,0
g80sh-exp-A-trcc-on.etl,2026-09-24 03:08:50.799122,220,"GPU",,
g80sh-exp-A-trcc-on.etl,2026-09-24 03:08:50.835241,1099,"0",0,0
g80sh-exp-A-trcc-on.etl,2026-09-24 03:09:18.765063,1099,"256",10,24377
g80sh-exp-A-trcc-on.etl,2026-09-24 03:09:18.765078,1099,"257",8,24378
g80sh-exp-A-trcc-on.etl,2026-09-24 03:09:18.765083,1099,"258",8,24379
g80sh-exp-A-trcc-on.etl,2026-09-24 03:09:18.765088,1099,"259",8,24380
g80sh-exp-A-trcc-on.etl,2026-09-24 03:09:18.765095,1099,"260",10,24381
g80sh-exp-A-trcc-on.etl,2026-09-24 03:09:18.765102,1099,"261",8,24382
g80sh-exp-A-trcc-on.etl,2026-09-24 03:09:18.765106,1099,"262",8,24383
g80sh-exp-A-trcc-on.etl,2026-09-24 03:09:18.765111,1099,"263",8,24384
g80sh-exp-A-trcc-on.etl,2026-09-24 03:09:18.765115,1099,"264",8,24385
g80sh-exp-A-trcc-on.etl,2026-09-24 03:09:18.765123,1099,"265",10,24386
g80sh-exp-A-trcc-on.etl,2026-09-24 03:09:18.765130,1099,"266",8,24387
g80sh-exp-A-trcc-on.etl,2026-09-24 03:09:18.765132,1099,"0",0,0
g80sh-exp-A-trcc-on.etl,2026-09-24 03:09:29.107237,1099,"256",10,24388
g80sh-exp-A-trcc-on.etl,2026-09-24 03:09:29.107253,1099,"257",8,24389
g80sh-exp-A-trcc-on.etl,2026-09-24 03:09:29.107258,1099,"258",8,24390
g80sh-exp-A-trcc-on.etl,2026-09-24 03:09:29.107262,1099,"259",8,24391
g80sh-exp-A-trcc-on.etl,2026-09-24 03:09:29.107270,1099,"260",10,24392
g80sh-exp-A-trcc-on.etl,2026-09-24 03:09:29.107277,1099,"261",8,24393
g80sh-exp-A-trcc-on.etl,2026-09-24 03:09:29.107281,1099,"262",8,24394
g80sh-exp-A-trcc-on.etl,2026-09-24 03:09:29.107286,1099,"263",8,24395
g80sh-exp-A-trcc-on.etl,2026-09-24 03:09:29.107290,1099,"264",8,24396
g80sh-exp-A-trcc-on.etl,2026-09-24 03:09:29.107298,1099,"265",10,24397
g80sh-exp-A-trcc-on.etl,2026-09-24 03:09:29.107305,1099,"266",8,24398
g80sh-exp-A-trcc-on.etl,2026-09-24 03:09:29.107307,1099,"0",0,0
g80sh-exp-A-trcc-on.etl,2026-09-24 03:09:30.495016,1099,"260",8,24399
g80sh-exp-A-trcc-on.etl,2026-09-24 03:09:30.495143,1099,"260",10,24400
g80sh-exp-A-trcc-on.etl,2026-09-24 03:09:30.495273,220,"GPU",,
g80sh-exp-A-trcc-on.etl,2026-09-24 03:09:30.520687,1099,"0",0,0
g80sh-exp-A-trcc-on.etl,2026-09-24 03:09:30.532175,1010,"DISPLAY\SAM7B0C\7&16b8ddb4&0&UID260",,
g80sh-exp-A-trcc-on.etl,2026-09-24 03:09:30.593525,1099,"0",0,0
g80sh-exp-A-trcc-on.etl,2026-09-24 03:09:30.737888,1099,"260",8,24401
g80sh-exp-A-trcc-on.etl,2026-09-24 03:09:30.737952,1099,"0",0,0
g80sh-exp-A-trcc-on.etl,2026-09-24 03:09:30.738025,220,"GPU",,
g80sh-exp-A-trcc-on.etl,2026-09-24 03:09:30.793801,1010,"DISPLAY\Default_Monitor\7&16b8ddb4&0&UID260",,
g80sh-exp-A-trcc-on.etl,2026-09-24 03:09:30.845318,1099,"0",0,0
g80sh-exp-A-trcc-on.etl,2026-09-24 03:09:34.065676,1099,"260",10,24402
g80sh-exp-A-trcc-on.etl,2026-09-24 03:09:34.313152,1099,"0",0,0
g80sh-exp-A-trcc-on.etl,2026-09-24 03:09:34.313279,220,"GPU",,
g80sh-exp-A-trcc-on.etl,2026-09-24 03:09:34.340547,1099,"0",0,0
g80sh-exp-A-trcc-on.etl,2026-09-24 03:10:00.487178,1099,"256",10,24403
g80sh-exp-A-trcc-on.etl,2026-09-24 03:10:00.487192,1099,"257",8,24404
g80sh-exp-A-trcc-on.etl,2026-09-24 03:10:00.487196,1099,"258",8,24405
g80sh-exp-A-trcc-on.etl,2026-09-24 03:10:00.487199,1099,"259",8,24406
g80sh-exp-A-trcc-on.etl,2026-09-24 03:10:00.487204,1099,"260",10,24407
g80sh-exp-A-trcc-on.etl,2026-09-24 03:10:00.487210,1099,"261",8,24408
g80sh-exp-A-trcc-on.etl,2026-09-24 03:10:00.487213,1099,"262",8,24409
g80sh-exp-A-trcc-on.etl,2026-09-24 03:10:00.487216,1099,"263",8,24410
g80sh-exp-A-trcc-on.etl,2026-09-24 03:10:00.487219,1099,"264",8,24411
g80sh-exp-A-trcc-on.etl,2026-09-24 03:10:00.487225,1099,"265",10,24412
g80sh-exp-A-trcc-on.etl,2026-09-24 03:10:00.487230,1099,"266",8,24413
g80sh-exp-A-trcc-on.etl,2026-09-24 03:10:00.487232,1099,"0",0,0
g80sh-exp-A-trcc-on.etl,2026-09-24 03:10:12.420407,1099,"256",10,24414
g80sh-exp-A-trcc-on.etl,2026-09-24 03:10:12.420423,1099,"257",8,24415
g80sh-exp-A-trcc-on.etl,2026-09-24 03:10:12.420428,1099,"258",8,24416
g80sh-exp-A-trcc-on.etl,2026-09-24 03:10:12.420432,1099,"259",8,24417
g80sh-exp-A-trcc-on.etl,2026-09-24 03:10:12.420440,1099,"260",10,24418
g80sh-exp-A-trcc-on.etl,2026-09-24 03:10:12.420447,1099,"261",8,24419
g80sh-exp-A-trcc-on.etl,2026-09-24 03:10:12.420451,1099,"262",8,24420
g80sh-exp-A-trcc-on.etl,2026-09-24 03:10:12.420456,1099,"263",8,24421
g80sh-exp-A-trcc-on.etl,2026-09-24 03:10:12.420460,1099,"264",8,24422
g80sh-exp-A-trcc-on.etl,2026-09-24 03:10:12.420468,1099,"265",10,24423
g80sh-exp-A-trcc-on.etl,2026-09-24 03:10:12.420475,1099,"266",8,24424
g80sh-exp-A-trcc-on.etl,2026-09-24 03:10:12.420477,1099,"0",0,0
g80sh-exp-A-trcc-on.etl,2026-09-24 03:10:13.814318,1099,"260",8,24425
g80sh-exp-A-trcc-on.etl,2026-09-24 03:10:13.814438,1099,"260",10,24426
g80sh-exp-A-trcc-on.etl,2026-09-24 03:10:13.814502,220,"GPU",,
g80sh-exp-A-trcc-on.etl,2026-09-24 03:10:13.840088,1099,"0",0,0
g80sh-exp-A-trcc-on.etl,2026-09-24 03:10:13.853094,1010,"DISPLAY\SAM7B0C\7&16b8ddb4&0&UID260",,
g80sh-exp-A-trcc-on.etl,2026-09-24 03:10:13.916132,1099,"0",0,0
g80sh-exp-A-trcc-on.etl,2026-09-24 03:10:14.038192,1099,"260",8,24427
g80sh-exp-A-trcc-on.etl,2026-09-24 03:10:14.038278,1099,"0",0,0
g80sh-exp-A-trcc-on.etl,2026-09-24 03:10:14.038384,220,"GPU",,
g80sh-exp-A-trcc-on.etl,2026-09-24 03:10:14.066100,1010,"DISPLAY\Default_Monitor\7&16b8ddb4&0&UID260",,
g80sh-exp-A-trcc-on.etl,2026-09-24 03:10:14.150845,1099,"0",0,0
g80sh-exp-A-trcc-on.etl,2026-09-24 03:10:17.332051,1099,"260",10,24428
g80sh-exp-A-trcc-on.etl,2026-09-24 03:10:17.578401,1099,"0",0,0
g80sh-exp-A-trcc-on.etl,2026-09-24 03:10:17.578498,220,"GPU",,
g80sh-exp-A-trcc-on.etl,2026-09-24 03:10:17.604779,1099,"0",0,0
g80sh-exp-A-trcc-on.etl,2026-09-24 03:10:44.794161,1099,"256",10,24429
g80sh-exp-A-trcc-on.etl,2026-09-24 03:10:44.794184,1099,"257",8,24430
g80sh-exp-A-trcc-on.etl,2026-09-24 03:10:44.794190,1099,"258",8,24431
g80sh-exp-A-trcc-on.etl,2026-09-24 03:10:44.794195,1099,"259",8,24432
g80sh-exp-A-trcc-on.etl,2026-09-24 03:10:44.794204,1099,"260",10,24433
g80sh-exp-A-trcc-on.etl,2026-09-24 03:10:44.794213,1099,"261",8,24434
g80sh-exp-A-trcc-on.etl,2026-09-24 03:10:44.794219,1099,"262",8,24435
g80sh-exp-A-trcc-on.etl,2026-09-24 03:10:44.794224,1099,"263",8,24436
g80sh-exp-A-trcc-on.etl,2026-09-24 03:10:44.794230,1099,"264",8,24437
g80sh-exp-A-trcc-on.etl,2026-09-24 03:10:44.794240,1099,"265",10,24438
g80sh-exp-A-trcc-on.etl,2026-09-24 03:10:44.794249,1099,"266",8,24439
g80sh-exp-A-trcc-on.etl,2026-09-24 03:10:44.794252,1099,"0",0,0
g80sh-exp-A-trcc-on.etl,2026-09-24 03:10:55.088670,1099,"256",10,24440
g80sh-exp-A-trcc-on.etl,2026-09-24 03:10:55.088686,1099,"257",8,24441
g80sh-exp-A-trcc-on.etl,2026-09-24 03:10:55.088691,1099,"258",8,24442
g80sh-exp-A-trcc-on.etl,2026-09-24 03:10:55.088696,1099,"259",8,24443
g80sh-exp-A-trcc-on.etl,2026-09-24 03:10:55.088703,1099,"260",10,24444
g80sh-exp-A-trcc-on.etl,2026-09-24 03:10:55.088710,1099,"261",8,24445
g80sh-exp-A-trcc-on.etl,2026-09-24 03:10:55.088714,1099,"262",8,24446
g80sh-exp-A-trcc-on.etl,2026-09-24 03:10:55.088719,1099,"263",8,24447
g80sh-exp-A-trcc-on.etl,2026-09-24 03:10:55.088723,1099,"264",8,24448
g80sh-exp-A-trcc-on.etl,2026-09-24 03:10:55.088731,1099,"265",10,24449
g80sh-exp-A-trcc-on.etl,2026-09-24 03:10:55.088738,1099,"266",8,24450
g80sh-exp-A-trcc-on.etl,2026-09-24 03:10:55.088740,1099,"0",0,0
g80sh-exp-A-trcc-on.etl,2026-09-24 03:10:56.484337,1099,"260",8,24451
g80sh-exp-A-trcc-on.etl,2026-09-24 03:10:56.484452,1099,"260",10,24452
g80sh-exp-A-trcc-on.etl,2026-09-24 03:10:56.484558,220,"GPU",,
g80sh-exp-A-trcc-on.etl,2026-09-24 03:10:56.511892,1099,"0",0,0
g80sh-exp-A-trcc-on.etl,2026-09-24 03:10:56.523464,1010,"DISPLAY\SAM7B0C\7&16b8ddb4&0&UID260",,
g80sh-exp-A-trcc-on.etl,2026-09-24 03:10:56.585374,1099,"0",0,0
g80sh-exp-A-trcc-on.etl,2026-09-24 03:10:56.690249,1099,"260",8,24453
g80sh-exp-A-trcc-on.etl,2026-09-24 03:10:56.690307,1099,"0",0,0
g80sh-exp-A-trcc-on.etl,2026-09-24 03:10:56.690374,220,"GPU",,
g80sh-exp-A-trcc-on.etl,2026-09-24 03:10:56.736590,1010,"DISPLAY\Default_Monitor\7&16b8ddb4&0&UID260",,
g80sh-exp-A-trcc-on.etl,2026-09-24 03:10:56.820254,1099,"0",0,0
g80sh-exp-A-trcc-on.etl,2026-09-24 03:11:00.031782,1099,"260",10,24454
g80sh-exp-A-trcc-on.etl,2026-09-24 03:11:00.262098,1099,"0",0,0
g80sh-exp-A-trcc-on.etl,2026-09-24 03:11:00.262173,220,"GPU",,
g80sh-exp-A-trcc-on.etl,2026-09-24 03:11:00.291404,1099,"0",0,0
g80sh-exp-A-trcc-on.etl,2026-09-24 03:11:27.493186,1099,"256",10,24455
g80sh-exp-A-trcc-on.etl,2026-09-24 03:11:27.493202,1099,"257",8,24456
g80sh-exp-A-trcc-on.etl,2026-09-24 03:11:27.493207,1099,"258",8,24457
g80sh-exp-A-trcc-on.etl,2026-09-24 03:11:27.493211,1099,"259",8,24458
g80sh-exp-A-trcc-on.etl,2026-09-24 03:11:27.493219,1099,"260",10,24459
g80sh-exp-A-trcc-on.etl,2026-09-24 03:11:27.493226,1099,"261",8,24460
g80sh-exp-A-trcc-on.etl,2026-09-24 03:11:27.493230,1099,"262",8,24461
g80sh-exp-A-trcc-on.etl,2026-09-24 03:11:27.493234,1099,"263",8,24462
g80sh-exp-A-trcc-on.etl,2026-09-24 03:11:27.493239,1099,"264",8,24463
g80sh-exp-A-trcc-on.etl,2026-09-24 03:11:27.493247,1099,"265",10,24464
g80sh-exp-A-trcc-on.etl,2026-09-24 03:11:27.493254,1099,"266",8,24465
g80sh-exp-A-trcc-on.etl,2026-09-24 03:11:27.493256,1099,"0",0,0
g80sh-exp-A-trcc-on.etl,2026-09-24 03:11:42.424099,1099,"256",10,24466
g80sh-exp-A-trcc-on.etl,2026-09-24 03:11:42.424115,1099,"257",8,24467
g80sh-exp-A-trcc-on.etl,2026-09-24 03:11:42.424120,1099,"258",8,24468
g80sh-exp-A-trcc-on.etl,2026-09-24 03:11:42.424125,1099,"259",8,24469
g80sh-exp-A-trcc-on.etl,2026-09-24 03:11:42.424132,1099,"260",10,24470
g80sh-exp-A-trcc-on.etl,2026-09-24 03:11:42.424140,1099,"261",8,24471
g80sh-exp-A-trcc-on.etl,2026-09-24 03:11:42.424144,1099,"262",8,24472
g80sh-exp-A-trcc-on.etl,2026-09-24 03:11:42.424149,1099,"263",8,24473
g80sh-exp-A-trcc-on.etl,2026-09-24 03:11:42.424153,1099,"264",8,24474
g80sh-exp-A-trcc-on.etl,2026-09-24 03:11:42.424162,1099,"265",10,24475
g80sh-exp-A-trcc-on.etl,2026-09-24 03:11:42.424168,1099,"266",8,24476
g80sh-exp-A-trcc-on.etl,2026-09-24 03:11:42.424170,1099,"0",0,0
g80sh-exp-A-trcc-on.etl,2026-09-24 03:11:43.818352,1099,"260",8,24477
g80sh-exp-A-trcc-on.etl,2026-09-24 03:11:43.818466,1099,"260",10,24478
g80sh-exp-A-trcc-on.etl,2026-09-24 03:11:43.818518,220,"GPU",,
g80sh-exp-A-trcc-on.etl,2026-09-24 03:11:43.845964,1099,"0",0,0
g80sh-exp-A-trcc-on.etl,2026-09-24 03:11:43.858863,1010,"DISPLAY\SAM7B0C\7&16b8ddb4&0&UID260",,
g80sh-exp-A-trcc-on.etl,2026-09-24 03:11:43.922236,1099,"0",0,0
g80sh-exp-A-trcc-on.etl,2026-09-24 03:11:44.039567,1099,"260",8,24479
g80sh-exp-A-trcc-on.etl,2026-09-24 03:11:44.039623,1099,"0",0,0
g80sh-exp-A-trcc-on.etl,2026-09-24 03:11:44.039702,220,"GPU",,
g80sh-exp-A-trcc-on.etl,2026-09-24 03:11:44.089119,1010,"DISPLAY\Default_Monitor\7&16b8ddb4&0&UID260",,
g80sh-exp-A-trcc-on.etl,2026-09-24 03:11:44.173637,1099,"0",0,0
g80sh-exp-A-trcc-on.etl,2026-09-24 03:11:47.361614,1099,"260",10,24480
g80sh-exp-A-trcc-on.etl,2026-09-24 03:11:47.593406,1099,"0",0,0
g80sh-exp-A-trcc-on.etl,2026-09-24 03:11:47.593458,220,"GPU",,
g80sh-exp-A-trcc-on.etl,2026-09-24 03:11:47.624175,1099,"0",0,0
g80sh-exp-A-trcc-on.etl,2026-09-24 03:12:14.713482,1099,"256",10,24481
g80sh-exp-A-trcc-on.etl,2026-09-24 03:12:14.713497,1099,"257",8,24482
g80sh-exp-A-trcc-on.etl,2026-09-24 03:12:14.713502,1099,"258",8,24483
g80sh-exp-A-trcc-on.etl,2026-09-24 03:12:14.713507,1099,"259",8,24484
g80sh-exp-A-trcc-on.etl,2026-09-24 03:12:14.713514,1099,"260",10,24485
g80sh-exp-A-trcc-on.etl,2026-09-24 03:12:14.713521,1099,"261",8,24486
g80sh-exp-A-trcc-on.etl,2026-09-24 03:12:14.713526,1099,"262",8,24487
g80sh-exp-A-trcc-on.etl,2026-09-24 03:12:14.713530,1099,"263",8,24488
g80sh-exp-A-trcc-on.etl,2026-09-24 03:12:14.713535,1099,"264",8,24489
g80sh-exp-A-trcc-on.etl,2026-09-24 03:12:14.713543,1099,"265",10,24490
g80sh-exp-A-trcc-on.etl,2026-09-24 03:12:14.713550,1099,"266",8,24491
g80sh-exp-A-trcc-on.etl,2026-09-24 03:12:14.713551,1099,"0",0,0
g80sh-exp-A-trcc-on.etl,2026-09-24 03:12:25.122028,1099,"256",10,24492
g80sh-exp-A-trcc-on.etl,2026-09-24 03:12:25.122044,1099,"257",8,24493
g80sh-exp-A-trcc-on.etl,2026-09-24 03:12:25.122049,1099,"258",8,24494
g80sh-exp-A-trcc-on.etl,2026-09-24 03:12:25.122053,1099,"259",8,24495
g80sh-exp-A-trcc-on.etl,2026-09-24 03:12:25.122061,1099,"260",10,24496
g80sh-exp-A-trcc-on.etl,2026-09-24 03:12:25.122068,1099,"261",8,24497
g80sh-exp-A-trcc-on.etl,2026-09-24 03:12:25.122072,1099,"262",8,24498
g80sh-exp-A-trcc-on.etl,2026-09-24 03:12:25.122077,1099,"263",8,24499
g80sh-exp-A-trcc-on.etl,2026-09-24 03:12:25.122081,1099,"264",8,24500
g80sh-exp-A-trcc-on.etl,2026-09-24 03:12:25.122090,1099,"265",10,24501
g80sh-exp-A-trcc-on.etl,2026-09-24 03:12:25.122096,1099,"266",8,24502
g80sh-exp-A-trcc-on.etl,2026-09-24 03:12:25.122098,1099,"0",0,0
g80sh-exp-A-trcc-on.etl,2026-09-24 03:12:26.516937,1099,"260",8,24503
g80sh-exp-A-trcc-on.etl,2026-09-24 03:12:26.517062,1099,"260",10,24504
g80sh-exp-A-trcc-on.etl,2026-09-24 03:12:26.517129,220,"GPU",,
g80sh-exp-A-trcc-on.etl,2026-09-24 03:12:26.541992,1099,"0",0,0
g80sh-exp-A-trcc-on.etl,2026-09-24 03:12:26.556218,1010,"DISPLAY\SAM7B0C\7&16b8ddb4&0&UID260",,
g80sh-exp-A-trcc-on.etl,2026-09-24 03:12:26.615450,1099,"0",0,0
g80sh-exp-A-trcc-on.etl,2026-09-24 03:12:26.768244,1099,"260",8,24505
g80sh-exp-A-trcc-on.etl,2026-09-24 03:12:26.768320,1099,"0",0,0
g80sh-exp-A-trcc-on.etl,2026-09-24 03:12:26.768371,220,"GPU",,
g80sh-exp-A-trcc-on.etl,2026-09-24 03:12:26.816747,1010,"DISPLAY\Default_Monitor\7&16b8ddb4&0&UID260",,
g80sh-exp-A-trcc-on.etl,2026-09-24 03:12:26.868057,1099,"0",0,0
g80sh-exp-A-trcc-on.etl,2026-09-24 03:12:30.118217,1099,"260",10,24506
g80sh-exp-A-trcc-on.etl,2026-09-24 03:12:30.365512,1099,"0",0,0
g80sh-exp-A-trcc-on.etl,2026-09-24 03:12:30.365591,220,"GPU",,
g80sh-exp-A-trcc-on.etl,2026-09-24 03:12:30.405482,1099,"0",0,0
g80sh-exp-A-trcc-on.etl,2026-09-24 03:12:58.720106,1099,"256",10,24507
g80sh-exp-A-trcc-on.etl,2026-09-24 03:12:58.720122,1099,"257",8,24508
g80sh-exp-A-trcc-on.etl,2026-09-24 03:12:58.720127,1099,"258",8,24509
g80sh-exp-A-trcc-on.etl,2026-09-24 03:12:58.720132,1099,"259",8,24510
g80sh-exp-A-trcc-on.etl,2026-09-24 03:12:58.720139,1099,"260",10,24511
g80sh-exp-A-trcc-on.etl,2026-09-24 03:12:58.720146,1099,"261",8,24512
g80sh-exp-A-trcc-on.etl,2026-09-24 03:12:58.720150,1099,"262",8,24513
g80sh-exp-A-trcc-on.etl,2026-09-24 03:12:58.720155,1099,"263",8,24514
g80sh-exp-A-trcc-on.etl,2026-09-24 03:12:58.720159,1099,"264",8,24515
g80sh-exp-A-trcc-on.etl,2026-09-24 03:12:58.720167,1099,"265",10,24516
g80sh-exp-A-trcc-on.etl,2026-09-24 03:12:58.720174,1099,"266",8,24517
g80sh-exp-A-trcc-on.etl,2026-09-24 03:12:58.720176,1099,"0",0,0
g80sh-exp-A-trcc-on.etl,2026-09-24 03:13:09.058952,1099,"256",10,24518
g80sh-exp-A-trcc-on.etl,2026-09-24 03:13:09.058966,1099,"257",8,24519
g80sh-exp-A-trcc-on.etl,2026-09-24 03:13:09.058969,1099,"258",8,24520
g80sh-exp-A-trcc-on.etl,2026-09-24 03:13:09.058973,1099,"259",8,24521
g80sh-exp-A-trcc-on.etl,2026-09-24 03:13:09.058978,1099,"260",10,24522
g80sh-exp-A-trcc-on.etl,2026-09-24 03:13:09.058983,1099,"261",8,24523
g80sh-exp-A-trcc-on.etl,2026-09-24 03:13:09.058986,1099,"262",8,24524
g80sh-exp-A-trcc-on.etl,2026-09-24 03:13:09.058989,1099,"263",8,24525
g80sh-exp-A-trcc-on.etl,2026-09-24 03:13:09.058993,1099,"264",8,24526
g80sh-exp-A-trcc-on.etl,2026-09-24 03:13:09.058999,1099,"265",10,24527
g80sh-exp-A-trcc-on.etl,2026-09-24 03:13:09.059004,1099,"266",8,24528
g80sh-exp-A-trcc-on.etl,2026-09-24 03:13:09.059005,1099,"0",0,0
g80sh-exp-A-trcc-on.etl,2026-09-24 03:13:10.455133,1099,"260",8,24529
g80sh-exp-A-trcc-on.etl,2026-09-24 03:13:10.455263,1099,"260",10,24530
g80sh-exp-A-trcc-on.etl,2026-09-24 03:13:10.455391,220,"GPU",,
g80sh-exp-A-trcc-on.etl,2026-09-24 03:13:10.482261,1099,"0",0,0
g80sh-exp-A-trcc-on.etl,2026-09-24 03:13:10.497820,1010,"DISPLAY\SAM7B0C\7&16b8ddb4&0&UID260",,
g80sh-exp-A-trcc-on.etl,2026-09-24 03:13:10.558848,1099,"0",0,0
g80sh-exp-A-trcc-on.etl,2026-09-24 03:13:10.704511,1099,"260",8,24531
g80sh-exp-A-trcc-on.etl,2026-09-24 03:13:10.704585,1099,"0",0,0
g80sh-exp-A-trcc-on.etl,2026-09-24 03:13:10.704641,220,"GPU",,
g80sh-exp-A-trcc-on.etl,2026-09-24 03:13:10.759603,1010,"DISPLAY\Default_Monitor\7&16b8ddb4&0&UID260",,
g80sh-exp-A-trcc-on.etl,2026-09-24 03:13:10.810492,1099,"0",0,0
g80sh-exp-A-trcc-on.etl,2026-09-24 03:13:14.020553,1099,"260",10,24532
g80sh-exp-A-trcc-on.etl,2026-09-24 03:13:14.268161,1099,"0",0,0
g80sh-exp-A-trcc-on.etl,2026-09-24 03:13:14.268219,220,"GPU",,
g80sh-exp-A-trcc-on.etl,2026-09-24 03:13:14.303667,1099,"0",0,0
g80sh-exp-A-trcc-on.etl,2026-09-24 03:13:52.359851,1099,"256",10,24533
g80sh-exp-A-trcc-on.etl,2026-09-24 03:13:52.359876,1099,"257",8,24534
g80sh-exp-A-trcc-on.etl,2026-09-24 03:13:52.359886,1099,"258",8,24535
g80sh-exp-A-trcc-on.etl,2026-09-24 03:13:52.359894,1099,"259",8,24536
g80sh-exp-A-trcc-on.etl,2026-09-24 03:13:52.359907,1099,"260",10,24537
g80sh-exp-A-trcc-on.etl,2026-09-24 03:13:52.359919,1099,"261",8,24538
g80sh-exp-A-trcc-on.etl,2026-09-24 03:13:52.359928,1099,"262",8,24539
g80sh-exp-A-trcc-on.etl,2026-09-24 03:13:52.359936,1099,"263",8,24540
g80sh-exp-A-trcc-on.etl,2026-09-24 03:13:52.359944,1099,"264",8,24541
g80sh-exp-A-trcc-on.etl,2026-09-24 03:13:52.359958,1099,"265",10,24542
g80sh-exp-A-trcc-on.etl,2026-09-24 03:13:52.359971,1099,"266",8,24543
g80sh-exp-A-trcc-on.etl,2026-09-24 03:13:52.359974,1099,"0",0,0
g80sh-exp-A-trcc-on.etl,2026-09-24 03:13:53.755428,1099,"260",8,24544
g80sh-exp-A-trcc-on.etl,2026-09-24 03:13:53.755600,1099,"260",10,24545
g80sh-exp-A-trcc-on.etl,2026-09-24 03:13:53.755718,220,"GPU",,
g80sh-exp-A-trcc-on.etl,2026-09-24 03:13:53.781715,1099,"0",0,0
g80sh-exp-A-trcc-on.etl,2026-09-24 03:13:53.797981,1010,"DISPLAY\SAM7B0C\7&16b8ddb4&0&UID260",,
g80sh-exp-A-trcc-on.etl,2026-09-24 03:13:53.858207,1099,"0",0,0
g80sh-exp-A-trcc-on.etl,2026-09-24 03:13:53.966483,1099,"260",8,24546
g80sh-exp-A-trcc-on.etl,2026-09-24 03:13:53.966542,1099,"0",0,0
g80sh-exp-A-trcc-on.etl,2026-09-24 03:13:53.966651,220,"GPU",,
g80sh-exp-A-trcc-on.etl,2026-09-24 03:13:54.009473,1010,"DISPLAY\Default_Monitor\7&16b8ddb4&0&UID260",,
g80sh-exp-A-trcc-on.etl,2026-09-24 03:13:54.093180,1099,"0",0,0
g80sh-exp-A-trcc-on.etl,2026-09-24 03:13:57.293383,1099,"260",10,24547
g80sh-exp-A-trcc-on.etl,2026-09-24 03:13:57.549564,1099,"0",0,0
g80sh-exp-A-trcc-on.etl,2026-09-24 03:13:57.549624,220,"GPU",,
g80sh-exp-A-trcc-on.etl,2026-09-24 03:13:57.577332,1099,"0",0,0
g80sh-exp-A-trcc-on.etl,2026-09-24 03:14:24.989002,1099,"256",10,24548
g80sh-exp-A-trcc-on.etl,2026-09-24 03:14:24.989018,1099,"257",8,24549
g80sh-exp-A-trcc-on.etl,2026-09-24 03:14:24.989023,1099,"258",8,24550
g80sh-exp-A-trcc-on.etl,2026-09-24 03:14:24.989028,1099,"259",8,24551
g80sh-exp-A-trcc-on.etl,2026-09-24 03:14:24.989035,1099,"260",10,24552
g80sh-exp-A-trcc-on.etl,2026-09-24 03:14:24.989041,1099,"261",8,24553
g80sh-exp-A-trcc-on.etl,2026-09-24 03:14:24.989046,1099,"262",8,24554
g80sh-exp-A-trcc-on.etl,2026-09-24 03:14:24.989050,1099,"263",8,24555
g80sh-exp-A-trcc-on.etl,2026-09-24 03:14:24.989055,1099,"264",8,24556
g80sh-exp-A-trcc-on.etl,2026-09-24 03:14:24.989063,1099,"265",10,24557
g80sh-exp-A-trcc-on.etl,2026-09-24 03:14:24.989070,1099,"266",8,24558
g80sh-exp-A-trcc-on.etl,2026-09-24 03:14:24.989072,1099,"0",0,0
g80sh-exp-A-trcc-on.etl,2026-09-24 03:14:35.325005,1099,"256",10,24559
g80sh-exp-A-trcc-on.etl,2026-09-24 03:14:35.325022,1099,"257",8,24560
g80sh-exp-A-trcc-on.etl,2026-09-24 03:14:35.325028,1099,"258",8,24561
g80sh-exp-A-trcc-on.etl,2026-09-24 03:14:35.325033,1099,"259",8,24562
g80sh-exp-A-trcc-on.etl,2026-09-24 03:14:35.325041,1099,"260",10,24563
g80sh-exp-A-trcc-on.etl,2026-09-24 03:14:35.325048,1099,"261",8,24564
g80sh-exp-A-trcc-on.etl,2026-09-24 03:14:35.325052,1099,"262",8,24565
g80sh-exp-A-trcc-on.etl,2026-09-24 03:14:35.325057,1099,"263",8,24566
g80sh-exp-A-trcc-on.etl,2026-09-24 03:14:35.325061,1099,"264",8,24567
g80sh-exp-A-trcc-on.etl,2026-09-24 03:14:35.325069,1099,"265",10,24568
g80sh-exp-A-trcc-on.etl,2026-09-24 03:14:35.325076,1099,"266",8,24569
g80sh-exp-A-trcc-on.etl,2026-09-24 03:14:35.325078,1099,"0",0,0
g80sh-exp-A-trcc-on.etl,2026-09-24 03:14:36.718409,1099,"260",8,24570
g80sh-exp-A-trcc-on.etl,2026-09-24 03:14:36.718537,1099,"260",10,24571
g80sh-exp-A-trcc-on.etl,2026-09-24 03:14:36.718582,220,"GPU",,
g80sh-exp-A-trcc-on.etl,2026-09-24 03:14:36.743203,1099,"0",0,0
g80sh-exp-A-trcc-on.etl,2026-09-24 03:14:36.758021,1010,"DISPLAY\SAM7B0C\7&16b8ddb4&0&UID260",,
g80sh-exp-A-trcc-on.etl,2026-09-24 03:14:36.817628,1099,"0",0,0
g80sh-exp-A-trcc-on.etl,2026-09-24 03:14:36.940026,1099,"260",8,24572
g80sh-exp-A-trcc-on.etl,2026-09-24 03:14:36.940087,1099,"0",0,0
g80sh-exp-A-trcc-on.etl,2026-09-24 03:14:36.940207,220,"GPU",,
g80sh-exp-A-trcc-on.etl,2026-09-24 03:14:36.984758,1010,"DISPLAY\Default_Monitor\7&16b8ddb4&0&UID260",,
g80sh-exp-A-trcc-on.etl,2026-09-24 03:14:37.052548,1099,"0",0,0
g80sh-exp-A-trcc-on.etl,2026-09-24 03:14:40.274498,1099,"260",10,24573
g80sh-exp-A-trcc-on.etl,2026-09-24 03:14:40.505054,1099,"0",0,0
g80sh-exp-A-trcc-on.etl,2026-09-24 03:14:40.505116,220,"GPU",,
g80sh-exp-A-trcc-on.etl,2026-09-24 03:14:40.530641,1099,"0",0,0
g80sh-exp-A-trcc-on.etl,2026-09-24 03:15:11.590232,1099,"256",10,24574
g80sh-exp-A-trcc-on.etl,2026-09-24 03:15:11.590247,1099,"257",8,24575
g80sh-exp-A-trcc-on.etl,2026-09-24 03:15:11.590252,1099,"258",8,24576
g80sh-exp-A-trcc-on.etl,2026-09-24 03:15:11.590257,1099,"259",8,24577
g80sh-exp-A-trcc-on.etl,2026-09-24 03:15:11.590264,1099,"260",10,24578
g80sh-exp-A-trcc-on.etl,2026-09-24 03:15:11.590271,1099,"261",8,24579
g80sh-exp-A-trcc-on.etl,2026-09-24 03:15:11.590275,1099,"262",8,24580
g80sh-exp-A-trcc-on.etl,2026-09-24 03:15:11.590279,1099,"263",8,24581
g80sh-exp-A-trcc-on.etl,2026-09-24 03:15:11.590284,1099,"264",8,24582
g80sh-exp-A-trcc-on.etl,2026-09-24 03:15:11.590292,1099,"265",10,24583
g80sh-exp-A-trcc-on.etl,2026-09-24 03:15:11.590299,1099,"266",8,24584
g80sh-exp-A-trcc-on.etl,2026-09-24 03:15:11.590301,1099,"0",0,0
g80sh-exp-A-trcc-on.etl,2026-09-24 03:15:22.275577,1099,"256",10,24585
g80sh-exp-A-trcc-on.etl,2026-09-24 03:15:22.275594,1099,"257",8,24586
g80sh-exp-A-trcc-on.etl,2026-09-24 03:15:22.275598,1099,"258",8,24587
g80sh-exp-A-trcc-on.etl,2026-09-24 03:15:22.275603,1099,"259",8,24588
g80sh-exp-A-trcc-on.etl,2026-09-24 03:15:22.275610,1099,"260",10,24589
g80sh-exp-A-trcc-on.etl,2026-09-24 03:15:22.275618,1099,"261",8,24590
g80sh-exp-A-trcc-on.etl,2026-09-24 03:15:22.275622,1099,"262",8,24591
g80sh-exp-A-trcc-on.etl,2026-09-24 03:15:22.275627,1099,"263",8,24592
g80sh-exp-A-trcc-on.etl,2026-09-24 03:15:22.275631,1099,"264",8,24593
g80sh-exp-A-trcc-on.etl,2026-09-24 03:15:22.275639,1099,"265",10,24594
g80sh-exp-A-trcc-on.etl,2026-09-24 03:15:22.275646,1099,"266",8,24595
g80sh-exp-A-trcc-on.etl,2026-09-24 03:15:22.275648,1099,"0",0,0
g80sh-exp-A-trcc-on.etl,2026-09-24 03:15:23.669412,1099,"260",8,24596
g80sh-exp-A-trcc-on.etl,2026-09-24 03:15:23.669568,1099,"260",10,24597
g80sh-exp-A-trcc-on.etl,2026-09-24 03:15:23.669626,220,"GPU",,
g80sh-exp-A-trcc-on.etl,2026-09-24 03:15:23.696986,1099,"0",0,0
g80sh-exp-A-trcc-on.etl,2026-09-24 03:15:23.709382,1010,"DISPLAY\SAM7B0C\7&16b8ddb4&0&UID260",,
g80sh-exp-A-trcc-on.etl,2026-09-24 03:15:23.769414,1099,"0",0,0
g80sh-exp-A-trcc-on.etl,2026-09-24 03:15:23.886283,1099,"260",8,24598
g80sh-exp-A-trcc-on.etl,2026-09-24 03:15:23.886355,1099,"0",0,0
g80sh-exp-A-trcc-on.etl,2026-09-24 03:15:23.886409,220,"GPU",,
g80sh-exp-A-trcc-on.etl,2026-09-24 03:15:23.919673,1010,"DISPLAY\Default_Monitor\7&16b8ddb4&0&UID260",,
g80sh-exp-A-trcc-on.etl,2026-09-24 03:15:24.004068,1099,"0",0,0
g80sh-exp-A-trcc-on.etl,2026-09-24 03:15:27.208338,1099,"260",10,24599
g80sh-exp-A-trcc-on.etl,2026-09-24 03:15:27.440393,1099,"0",0,0
g80sh-exp-A-trcc-on.etl,2026-09-24 03:15:27.440448,220,"GPU",,
g80sh-exp-A-trcc-on.etl,2026-09-24 03:15:27.470390,1099,"0",0,0
g80sh-exp-A-trcc-on.etl,2026-09-24 03:15:54.936270,1099,"256",10,24600
g80sh-exp-A-trcc-on.etl,2026-09-24 03:15:54.936291,1099,"257",8,24601
g80sh-exp-A-trcc-on.etl,2026-09-24 03:15:54.936294,1099,"258",8,24602
g80sh-exp-A-trcc-on.etl,2026-09-24 03:15:54.936297,1099,"259",8,24603
g80sh-exp-A-trcc-on.etl,2026-09-24 03:15:54.936303,1099,"260",10,24604
g80sh-exp-A-trcc-on.etl,2026-09-24 03:15:54.936309,1099,"261",8,24605
g80sh-exp-A-trcc-on.etl,2026-09-24 03:15:54.936312,1099,"262",8,24606
g80sh-exp-A-trcc-on.etl,2026-09-24 03:15:54.936315,1099,"263",8,24607
g80sh-exp-A-trcc-on.etl,2026-09-24 03:15:54.936318,1099,"264",8,24608
g80sh-exp-A-trcc-on.etl,2026-09-24 03:15:54.936325,1099,"265",10,24609
g80sh-exp-A-trcc-on.etl,2026-09-24 03:15:54.936331,1099,"266",8,24610
g80sh-exp-A-trcc-on.etl,2026-09-24 03:15:54.936332,1099,"0",0,0
g80sh-exp-A-trcc-on.etl,2026-09-24 03:16:05.283166,1099,"256",10,24611
g80sh-exp-A-trcc-on.etl,2026-09-24 03:16:05.283181,1099,"257",8,24612
g80sh-exp-A-trcc-on.etl,2026-09-24 03:16:05.283186,1099,"258",8,24613
g80sh-exp-A-trcc-on.etl,2026-09-24 03:16:05.283190,1099,"259",8,24614
g80sh-exp-A-trcc-on.etl,2026-09-24 03:16:05.283197,1099,"260",10,24615
g80sh-exp-A-trcc-on.etl,2026-09-24 03:16:05.283205,1099,"261",8,24616
g80sh-exp-A-trcc-on.etl,2026-09-24 03:16:05.283209,1099,"262",8,24617
g80sh-exp-A-trcc-on.etl,2026-09-24 03:16:05.283213,1099,"263",8,24618
g80sh-exp-A-trcc-on.etl,2026-09-24 03:16:05.283218,1099,"264",8,24619
g80sh-exp-A-trcc-on.etl,2026-09-24 03:16:05.283226,1099,"265",10,24620
g80sh-exp-A-trcc-on.etl,2026-09-24 03:16:05.283233,1099,"266",8,24621
g80sh-exp-A-trcc-on.etl,2026-09-24 03:16:05.283235,1099,"0",0,0
g80sh-exp-A-trcc-on.etl,2026-09-24 03:16:06.675173,1099,"260",8,24622
g80sh-exp-A-trcc-on.etl,2026-09-24 03:16:06.675295,1099,"260",10,24623
g80sh-exp-A-trcc-on.etl,2026-09-24 03:16:06.675380,220,"GPU",,
g80sh-exp-A-trcc-on.etl,2026-09-24 03:16:06.702196,1099,"0",0,0
g80sh-exp-A-trcc-on.etl,2026-09-24 03:16:06.716374,1010,"DISPLAY\SAM7B0C\7&16b8ddb4&0&UID260",,
g80sh-exp-A-trcc-on.etl,2026-09-24 03:16:06.777597,1099,"0",0,0
g80sh-exp-A-trcc-on.etl,2026-09-24 03:16:06.879310,1099,"260",8,24624
g80sh-exp-A-trcc-on.etl,2026-09-24 03:16:06.879378,1099,"0",0,0
g80sh-exp-A-trcc-on.etl,2026-09-24 03:16:06.879435,220,"GPU",,
g80sh-exp-A-trcc-on.etl,2026-09-24 03:16:06.929528,1010,"DISPLAY\Default_Monitor\7&16b8ddb4&0&UID260",,
g80sh-exp-A-trcc-on.etl,2026-09-24 03:16:07.012562,1099,"0",0,0
g80sh-exp-A-trcc-on.etl,2026-09-24 03:16:10.198169,1099,"260",10,24625
g80sh-exp-A-trcc-on.etl,2026-09-24 03:16:10.429261,1099,"0",0,0
g80sh-exp-A-trcc-on.etl,2026-09-24 03:16:10.429353,220,"GPU",,
g80sh-exp-A-trcc-on.etl,2026-09-24 03:16:10.459638,1099,"0",0,0
g80sh-exp-A-trcc-on.etl,2026-09-24 03:16:52.336217,1099,"256",10,24626
g80sh-exp-A-trcc-on.etl,2026-09-24 03:16:52.336233,1099,"257",8,24627
g80sh-exp-A-trcc-on.etl,2026-09-24 03:16:52.336238,1099,"258",8,24628
g80sh-exp-A-trcc-on.etl,2026-09-24 03:16:52.336243,1099,"259",8,24629
g80sh-exp-A-trcc-on.etl,2026-09-24 03:16:52.336250,1099,"260",10,24630
g80sh-exp-A-trcc-on.etl,2026-09-24 03:16:52.336257,1099,"261",8,24631
g80sh-exp-A-trcc-on.etl,2026-09-24 03:16:52.336261,1099,"262",8,24632
g80sh-exp-A-trcc-on.etl,2026-09-24 03:16:52.336266,1099,"263",8,24633
g80sh-exp-A-trcc-on.etl,2026-09-24 03:16:52.336271,1099,"264",8,24634
g80sh-exp-A-trcc-on.etl,2026-09-24 03:16:52.336279,1099,"265",10,24635
g80sh-exp-A-trcc-on.etl,2026-09-24 03:16:52.336286,1099,"266",8,24636
g80sh-exp-A-trcc-on.etl,2026-09-24 03:16:52.336288,1099,"0",0,0
g80sh-exp-A-trcc-on.etl,2026-09-24 03:16:53.732336,1099,"260",8,24637
g80sh-exp-A-trcc-on.etl,2026-09-24 03:16:53.732474,1099,"260",10,24638
g80sh-exp-A-trcc-on.etl,2026-09-24 03:16:53.732505,220,"GPU",,
g80sh-exp-A-trcc-on.etl,2026-09-24 03:16:53.759007,1099,"0",0,0
g80sh-exp-A-trcc-on.etl,2026-09-24 03:16:53.771314,1010,"DISPLAY\SAM7B0C\7&16b8ddb4&0&UID260",,
g80sh-exp-A-trcc-on.etl,2026-09-24 03:16:53.830640,1099,"0",0,0
g80sh-exp-A-trcc-on.etl,2026-09-24 03:16:54.096203,1099,"260",8,24639
g80sh-exp-A-trcc-on.etl,2026-09-24 03:16:54.096291,1099,"0",0,0
g80sh-exp-A-trcc-on.etl,2026-09-24 03:16:54.096363,220,"GPU",,
g80sh-exp-A-trcc-on.etl,2026-09-24 03:16:54.148472,1010,"DISPLAY\Default_Monitor\7&16b8ddb4&0&UID260",,
g80sh-exp-A-trcc-on.etl,2026-09-24 03:16:54.183109,1099,"0",0,0
g80sh-exp-A-trcc-on.etl,2026-09-24 03:16:57.562440,1099,"260",10,24640
g80sh-exp-A-trcc-on.etl,2026-09-24 03:16:57.810316,1099,"0",0,0
g80sh-exp-A-trcc-on.etl,2026-09-24 03:16:57.810420,220,"GPU",,
g80sh-exp-A-trcc-on.etl,2026-09-24 03:16:57.835210,1099,"0",0,0
g80sh-exp-A-trcc-on.etl,2026-09-24 03:17:34.432193,1099,"256",10,24641
g80sh-exp-A-trcc-on.etl,2026-09-24 03:17:34.432208,1099,"257",8,24642
g80sh-exp-A-trcc-on.etl,2026-09-24 03:17:34.432213,1099,"258",8,24643
g80sh-exp-A-trcc-on.etl,2026-09-24 03:17:34.432217,1099,"259",8,24644
g80sh-exp-A-trcc-on.etl,2026-09-24 03:17:34.432224,1099,"260",10,24645
g80sh-exp-A-trcc-on.etl,2026-09-24 03:17:34.432231,1099,"261",8,24646
g80sh-exp-A-trcc-on.etl,2026-09-24 03:17:34.432236,1099,"262",8,24647
g80sh-exp-A-trcc-on.etl,2026-09-24 03:17:34.432240,1099,"263",8,24648
g80sh-exp-A-trcc-on.etl,2026-09-24 03:17:34.432245,1099,"264",8,24649
g80sh-exp-A-trcc-on.etl,2026-09-24 03:17:34.432253,1099,"265",10,24650
g80sh-exp-A-trcc-on.etl,2026-09-24 03:17:34.432259,1099,"266",8,24651
g80sh-exp-A-trcc-on.etl,2026-09-24 03:17:34.432261,1099,"0",0,0
g80sh-exp-A-trcc-on.etl,2026-09-24 03:17:35.825955,1099,"260",8,24652
g80sh-exp-A-trcc-on.etl,2026-09-24 03:17:35.826065,1099,"260",10,24653
g80sh-exp-A-trcc-on.etl,2026-09-24 03:17:35.826146,220,"GPU",,
g80sh-exp-A-trcc-on.etl,2026-09-24 03:17:35.850794,1099,"0",0,0
g80sh-exp-A-trcc-on.etl,2026-09-24 03:17:35.863583,1010,"DISPLAY\SAM7B0C\7&16b8ddb4&0&UID260",,
g80sh-exp-A-trcc-on.etl,2026-09-24 03:17:35.923004,1099,"0",0,0
g80sh-exp-A-trcc-on.etl,2026-09-24 03:17:36.074955,1099,"260",8,24654
g80sh-exp-A-trcc-on.etl,2026-09-24 03:17:36.075013,1099,"0",0,0
g80sh-exp-A-trcc-on.etl,2026-09-24 03:17:36.075067,220,"GPU",,
g80sh-exp-A-trcc-on.etl,2026-09-24 03:17:36.124363,1010,"DISPLAY\Default_Monitor\7&16b8ddb4&0&UID260",,
g80sh-exp-A-trcc-on.etl,2026-09-24 03:17:36.175222,1099,"0",0,0
g80sh-exp-A-trcc-on.etl,2026-09-24 03:17:39.405844,1099,"260",10,24655
g80sh-exp-A-trcc-on.etl,2026-09-24 03:17:39.651802,1099,"0",0,0
g80sh-exp-A-trcc-on.etl,2026-09-24 03:17:39.651861,220,"GPU",,
g80sh-exp-A-trcc-on.etl,2026-09-24 03:17:39.683709,1099,"0",0,0
g80sh-exp-A-trcc-on.etl,2026-09-24 03:18:08.514196,1099,"256",10,24656
g80sh-exp-A-trcc-on.etl,2026-09-24 03:18:08.514211,1099,"257",8,24657
g80sh-exp-A-trcc-on.etl,2026-09-24 03:18:08.514216,1099,"258",8,24658
g80sh-exp-A-trcc-on.etl,2026-09-24 03:18:08.514221,1099,"259",8,24659
g80sh-exp-A-trcc-on.etl,2026-09-24 03:18:08.514228,1099,"260",10,24660
g80sh-exp-A-trcc-on.etl,2026-09-24 03:18:08.514235,1099,"261",8,24661
g80sh-exp-A-trcc-on.etl,2026-09-24 03:18:08.514239,1099,"262",8,24662
g80sh-exp-A-trcc-on.etl,2026-09-24 03:18:08.514244,1099,"263",8,24663
g80sh-exp-A-trcc-on.etl,2026-09-24 03:18:08.514249,1099,"264",8,24664
g80sh-exp-A-trcc-on.etl,2026-09-24 03:18:08.514256,1099,"265",10,24665
g80sh-exp-A-trcc-on.etl,2026-09-24 03:18:08.514263,1099,"266",8,24666
g80sh-exp-A-trcc-on.etl,2026-09-24 03:18:08.514265,1099,"0",0,0
g80sh-exp-A-trcc-on.etl,2026-09-24 03:18:22.733069,1099,"256",10,24667
g80sh-exp-A-trcc-on.etl,2026-09-24 03:18:22.733085,1099,"257",8,24668
g80sh-exp-A-trcc-on.etl,2026-09-24 03:18:22.733090,1099,"258",8,24669
g80sh-exp-A-trcc-on.etl,2026-09-24 03:18:22.733095,1099,"259",8,24670
g80sh-exp-A-trcc-on.etl,2026-09-24 03:18:22.733102,1099,"260",10,24671
g80sh-exp-A-trcc-on.etl,2026-09-24 03:18:22.733109,1099,"261",8,24672
g80sh-exp-A-trcc-on.etl,2026-09-24 03:18:22.733114,1099,"262",8,24673
g80sh-exp-A-trcc-on.etl,2026-09-24 03:18:22.733118,1099,"263",8,24674
g80sh-exp-A-trcc-on.etl,2026-09-24 03:18:22.733123,1099,"264",8,24675
g80sh-exp-A-trcc-on.etl,2026-09-24 03:18:22.733131,1099,"265",10,24676
g80sh-exp-A-trcc-on.etl,2026-09-24 03:18:22.733138,1099,"266",8,24677
g80sh-exp-A-trcc-on.etl,2026-09-24 03:18:22.733139,1099,"0",0,0
g80sh-exp-A-trcc-on.etl,2026-09-24 03:18:24.142615,1099,"260",8,24678
g80sh-exp-A-trcc-on.etl,2026-09-24 03:18:24.142740,1099,"260",10,24679
g80sh-exp-A-trcc-on.etl,2026-09-24 03:18:24.142844,220,"GPU",,
g80sh-exp-A-trcc-on.etl,2026-09-24 03:18:24.167856,1099,"0",0,0
g80sh-exp-A-trcc-on.etl,2026-09-24 03:18:24.182808,1010,"DISPLAY\SAM7B0C\7&16b8ddb4&0&UID260",,
g80sh-exp-A-trcc-on.etl,2026-09-24 03:18:24.242221,1099,"0",0,0
g80sh-exp-A-trcc-on.etl,2026-09-24 03:18:24.347588,1099,"260",8,24680
g80sh-exp-A-trcc-on.etl,2026-09-24 03:18:24.347652,1099,"0",0,0
g80sh-exp-A-trcc-on.etl,2026-09-24 03:18:24.347709,220,"GPU",,
g80sh-exp-A-trcc-on.etl,2026-09-24 03:18:24.391610,1010,"DISPLAY\Default_Monitor\7&16b8ddb4&0&UID260",,
g80sh-exp-A-trcc-on.etl,2026-09-24 03:18:24.477039,1099,"0",0,0
g80sh-exp-A-trcc-on.etl,2026-09-24 03:18:27.666132,1099,"260",10,24681
g80sh-exp-A-trcc-on.etl,2026-09-24 03:18:27.913640,1099,"0",0,0
g80sh-exp-A-trcc-on.etl,2026-09-24 03:18:27.913748,220,"GPU",,
g80sh-exp-A-trcc-on.etl,2026-09-24 03:18:27.944264,1099,"0",0,0
g80sh-exp-A-trcc-on.etl,2026-09-24 03:18:55.225261,1099,"256",10,24682
g80sh-exp-A-trcc-on.etl,2026-09-24 03:18:55.225275,1099,"257",8,24683
g80sh-exp-A-trcc-on.etl,2026-09-24 03:18:55.225278,1099,"258",8,24684
g80sh-exp-A-trcc-on.etl,2026-09-24 03:18:55.225282,1099,"259",8,24685
g80sh-exp-A-trcc-on.etl,2026-09-24 03:18:55.225287,1099,"260",10,24686
g80sh-exp-A-trcc-on.etl,2026-09-24 03:18:55.225292,1099,"261",8,24687
g80sh-exp-A-trcc-on.etl,2026-09-24 03:18:55.225300,1099,"262",8,24688
g80sh-exp-A-trcc-on.etl,2026-09-24 03:18:55.225303,1099,"263",8,24689
g80sh-exp-A-trcc-on.etl,2026-09-24 03:18:55.225306,1099,"264",8,24690
g80sh-exp-A-trcc-on.etl,2026-09-24 03:18:55.225312,1099,"265",10,24691
g80sh-exp-A-trcc-on.etl,2026-09-24 03:18:55.225318,1099,"266",8,24692
g80sh-exp-A-trcc-on.etl,2026-09-24 03:18:55.225319,1099,"0",0,0
g80sh-exp-A-trcc-on.etl,2026-09-24 03:19:06.094917,1099,"256",10,24693
g80sh-exp-A-trcc-on.etl,2026-09-24 03:19:06.094933,1099,"257",8,24694
g80sh-exp-A-trcc-on.etl,2026-09-24 03:19:06.094938,1099,"258",8,24695
g80sh-exp-A-trcc-on.etl,2026-09-24 03:19:06.094943,1099,"259",8,24696
g80sh-exp-A-trcc-on.etl,2026-09-24 03:19:06.094950,1099,"260",10,24697
g80sh-exp-A-trcc-on.etl,2026-09-24 03:19:06.094957,1099,"261",8,24698
g80sh-exp-A-trcc-on.etl,2026-09-24 03:19:06.094962,1099,"262",8,24699
g80sh-exp-A-trcc-on.etl,2026-09-24 03:19:06.094966,1099,"263",8,24700
g80sh-exp-A-trcc-on.etl,2026-09-24 03:19:06.094971,1099,"264",8,24701
g80sh-exp-A-trcc-on.etl,2026-09-24 03:19:06.094979,1099,"265",10,24702
g80sh-exp-A-trcc-on.etl,2026-09-24 03:19:06.094986,1099,"266",8,24703
g80sh-exp-A-trcc-on.etl,2026-09-24 03:19:06.094987,1099,"0",0,0
g80sh-exp-A-trcc-on.etl,2026-09-24 03:19:07.508598,1099,"260",8,24704
g80sh-exp-A-trcc-on.etl,2026-09-24 03:19:07.508717,1099,"260",10,24705
g80sh-exp-A-trcc-on.etl,2026-09-24 03:19:07.508758,220,"GPU",,
g80sh-exp-A-trcc-on.etl,2026-09-24 03:19:07.540685,1099,"0",0,0
g80sh-exp-A-trcc-on.etl,2026-09-24 03:19:07.551943,1010,"DISPLAY\SAM7B0C\7&16b8ddb4&0&UID260",,
g80sh-exp-A-trcc-on.etl,2026-09-24 03:19:07.610723,1099,"0",0,0
g80sh-exp-A-trcc-on.etl,2026-09-24 03:19:07.760908,1099,"260",8,24706
g80sh-exp-A-trcc-on.etl,2026-09-24 03:19:07.760966,1099,"0",0,0
g80sh-exp-A-trcc-on.etl,2026-09-24 03:19:07.761045,220,"GPU",,
g80sh-exp-A-trcc-on.etl,2026-09-24 03:19:07.794776,1010,"DISPLAY\Default_Monitor\7&16b8ddb4&0&UID260",,
g80sh-exp-A-trcc-on.etl,2026-09-24 03:19:07.878552,1099,"0",0,0
g80sh-exp-A-trcc-on.etl,2026-09-24 03:19:11.060208,1099,"260",10,24707
g80sh-exp-A-trcc-on.etl,2026-09-24 03:19:11.290396,1099,"0",0,0
g80sh-exp-A-trcc-on.etl,2026-09-24 03:19:11.290450,220,"GPU",,
g80sh-exp-A-trcc-on.etl,2026-09-24 03:19:11.319665,1099,"0",0,0
g80sh-exp-A-trcc-on.etl,2026-09-24 03:19:41.460143,1099,"256",10,24708
g80sh-exp-A-trcc-on.etl,2026-09-24 03:19:41.460158,1099,"257",8,24709
g80sh-exp-A-trcc-on.etl,2026-09-24 03:19:41.460163,1099,"258",8,24710
g80sh-exp-A-trcc-on.etl,2026-09-24 03:19:41.460167,1099,"259",8,24711
g80sh-exp-A-trcc-on.etl,2026-09-24 03:19:41.460175,1099,"260",10,24712
g80sh-exp-A-trcc-on.etl,2026-09-24 03:19:41.460183,1099,"261",8,24713
g80sh-exp-A-trcc-on.etl,2026-09-24 03:19:41.460187,1099,"262",8,24714
g80sh-exp-A-trcc-on.etl,2026-09-24 03:19:41.460192,1099,"263",8,24715
g80sh-exp-A-trcc-on.etl,2026-09-24 03:19:41.460197,1099,"264",8,24716
g80sh-exp-A-trcc-on.etl,2026-09-24 03:19:41.460205,1099,"265",10,24717
g80sh-exp-A-trcc-on.etl,2026-09-24 03:19:41.460212,1099,"266",8,24718
g80sh-exp-A-trcc-on.etl,2026-09-24 03:19:41.460214,1099,"0",0,0
g80sh-exp-A-trcc-on.etl,2026-09-24 03:19:51.783230,1099,"256",10,24719
g80sh-exp-A-trcc-on.etl,2026-09-24 03:19:51.783245,1099,"257",8,24720
g80sh-exp-A-trcc-on.etl,2026-09-24 03:19:51.783249,1099,"258",8,24721
g80sh-exp-A-trcc-on.etl,2026-09-24 03:19:51.783254,1099,"259",8,24722
g80sh-exp-A-trcc-on.etl,2026-09-24 03:19:51.783261,1099,"260",10,24723
g80sh-exp-A-trcc-on.etl,2026-09-24 03:19:51.783268,1099,"261",8,24724
g80sh-exp-A-trcc-on.etl,2026-09-24 03:19:51.783272,1099,"262",8,24725
g80sh-exp-A-trcc-on.etl,2026-09-24 03:19:51.783277,1099,"263",8,24726
g80sh-exp-A-trcc-on.etl,2026-09-24 03:19:51.783281,1099,"264",8,24727
g80sh-exp-A-trcc-on.etl,2026-09-24 03:19:51.783289,1099,"265",10,24728
g80sh-exp-A-trcc-on.etl,2026-09-24 03:19:51.783296,1099,"266",8,24729
g80sh-exp-A-trcc-on.etl,2026-09-24 03:19:51.783298,1099,"0",0,0
g80sh-exp-A-trcc-on.etl,2026-09-24 03:19:53.178662,1099,"260",8,24730
g80sh-exp-A-trcc-on.etl,2026-09-24 03:19:53.178773,1099,"260",10,24731
g80sh-exp-A-trcc-on.etl,2026-09-24 03:19:53.178827,220,"GPU",,
g80sh-exp-A-trcc-on.etl,2026-09-24 03:19:53.203453,1099,"0",0,0
g80sh-exp-A-trcc-on.etl,2026-09-24 03:19:53.217061,1010,"DISPLAY\SAM7B0C\7&16b8ddb4&0&UID260",,
g80sh-exp-A-trcc-on.etl,2026-09-24 03:19:53.276288,1099,"0",0,0
g80sh-exp-A-trcc-on.etl,2026-09-24 03:19:53.543505,1099,"260",8,24732
g80sh-exp-A-trcc-on.etl,2026-09-24 03:19:53.543574,1099,"0",0,0
g80sh-exp-A-trcc-on.etl,2026-09-24 03:19:53.543625,220,"GPU",,
g80sh-exp-A-trcc-on.etl,2026-09-24 03:19:53.593404,1010,"DISPLAY\Default_Monitor\7&16b8ddb4&0&UID260",,
g80sh-exp-A-trcc-on.etl,2026-09-24 03:19:53.627960,1099,"0",0,0
g80sh-exp-A-trcc-on.etl,2026-09-24 03:19:56.876287,1099,"260",10,24733
g80sh-exp-A-trcc-on.etl,2026-09-24 03:19:57.125981,1099,"0",0,0
g80sh-exp-A-trcc-on.etl,2026-09-24 03:19:57.126029,220,"GPU",,
g80sh-exp-A-trcc-on.etl,2026-09-24 03:19:57.155984,1099,"0",0,0
g80sh-exp-A-trcc-on.etl,2026-09-24 03:20:23.884321,1099,"256",10,24734
g80sh-exp-A-trcc-on.etl,2026-09-24 03:20:23.884337,1099,"257",8,24735
g80sh-exp-A-trcc-on.etl,2026-09-24 03:20:23.884342,1099,"258",8,24736
g80sh-exp-A-trcc-on.etl,2026-09-24 03:20:23.884346,1099,"259",8,24737
g80sh-exp-A-trcc-on.etl,2026-09-24 03:20:23.884353,1099,"260",10,24738
g80sh-exp-A-trcc-on.etl,2026-09-24 03:20:23.884360,1099,"261",8,24739
g80sh-exp-A-trcc-on.etl,2026-09-24 03:20:23.884365,1099,"262",8,24740
g80sh-exp-A-trcc-on.etl,2026-09-24 03:20:23.884369,1099,"263",8,24741
g80sh-exp-A-trcc-on.etl,2026-09-24 03:20:23.884373,1099,"264",8,24742
g80sh-exp-A-trcc-on.etl,2026-09-24 03:20:23.884381,1099,"265",10,24743
g80sh-exp-A-trcc-on.etl,2026-09-24 03:20:23.884388,1099,"266",8,24744
g80sh-exp-A-trcc-on.etl,2026-09-24 03:20:23.884390,1099,"0",0,0
g80sh-exp-A-trcc-on.etl,2026-09-24 03:20:36.291991,1099,"256",10,24745
g80sh-exp-A-trcc-on.etl,2026-09-24 03:20:36.292006,1099,"257",8,24746
g80sh-exp-A-trcc-on.etl,2026-09-24 03:20:36.292011,1099,"258",8,24747
g80sh-exp-A-trcc-on.etl,2026-09-24 03:20:36.292015,1099,"259",8,24748
g80sh-exp-A-trcc-on.etl,2026-09-24 03:20:36.292022,1099,"260",10,24749
g80sh-exp-A-trcc-on.etl,2026-09-24 03:20:36.292030,1099,"261",8,24750
g80sh-exp-A-trcc-on.etl,2026-09-24 03:20:36.292034,1099,"262",8,24751
g80sh-exp-A-trcc-on.etl,2026-09-24 03:20:36.292038,1099,"263",8,24752
g80sh-exp-A-trcc-on.etl,2026-09-24 03:20:36.292043,1099,"264",8,24753
g80sh-exp-A-trcc-on.etl,2026-09-24 03:20:36.292051,1099,"265",10,24754
g80sh-exp-A-trcc-on.etl,2026-09-24 03:20:36.292058,1099,"266",8,24755
g80sh-exp-A-trcc-on.etl,2026-09-24 03:20:36.292060,1099,"0",0,0
g80sh-exp-A-trcc-on.etl,2026-09-24 03:20:37.701296,1099,"260",8,24756
g80sh-exp-A-trcc-on.etl,2026-09-24 03:20:37.701407,1099,"260",10,24757
g80sh-exp-A-trcc-on.etl,2026-09-24 03:20:37.701518,220,"GPU",,
g80sh-exp-A-trcc-on.etl,2026-09-24 03:20:37.728578,1099,"0",0,0
g80sh-exp-A-trcc-on.etl,2026-09-24 03:20:37.741874,1010,"DISPLAY\SAM7B0C\7&16b8ddb4&0&UID260",,
g80sh-exp-A-trcc-on.etl,2026-09-24 03:20:37.800810,1099,"0",0,0
g80sh-exp-A-trcc-on.etl,2026-09-24 03:20:38.067182,1099,"260",8,24758
g80sh-exp-A-trcc-on.etl,2026-09-24 03:20:38.067251,1099,"0",0,0
g80sh-exp-A-trcc-on.etl,2026-09-24 03:20:38.067315,220,"GPU",,
g80sh-exp-A-trcc-on.etl,2026-09-24 03:20:38.118153,1010,"DISPLAY\Default_Monitor\7&16b8ddb4&0&UID260",,
g80sh-exp-A-trcc-on.etl,2026-09-24 03:20:38.152528,1099,"0",0,0
g80sh-exp-A-trcc-on.etl,2026-09-24 03:20:41.398859,1099,"260",10,24759
g80sh-exp-A-trcc-on.etl,2026-09-24 03:20:41.644946,1099,"0",0,0
g80sh-exp-A-trcc-on.etl,2026-09-24 03:20:41.645051,220,"GPU",,
g80sh-exp-A-trcc-on.etl,2026-09-24 03:20:41.676817,1099,"0",0,0
g80sh-exp-A-trcc-on.etl,2026-09-24 03:21:11.510675,1099,"256",10,24760
g80sh-exp-A-trcc-on.etl,2026-09-24 03:21:11.510701,1099,"257",8,24761
g80sh-exp-A-trcc-on.etl,2026-09-24 03:21:11.510710,1099,"258",8,24762
g80sh-exp-A-trcc-on.etl,2026-09-24 03:21:11.510718,1099,"259",8,24763
g80sh-exp-A-trcc-on.etl,2026-09-24 03:21:11.510730,1099,"260",10,24764
g80sh-exp-A-trcc-on.etl,2026-09-24 03:21:11.510743,1099,"261",8,24765
g80sh-exp-A-trcc-on.etl,2026-09-24 03:21:11.510751,1099,"262",8,24766
g80sh-exp-A-trcc-on.etl,2026-09-24 03:21:11.510760,1099,"263",8,24767
g80sh-exp-A-trcc-on.etl,2026-09-24 03:21:11.510769,1099,"264",8,24768
g80sh-exp-A-trcc-on.etl,2026-09-24 03:21:11.510783,1099,"265",10,24769
g80sh-exp-A-trcc-on.etl,2026-09-24 03:21:11.510795,1099,"266",8,24770
g80sh-exp-A-trcc-on.etl,2026-09-24 03:21:11.510798,1099,"0",0,0
g80sh-exp-A-trcc-on.etl,2026-09-24 03:21:21.831978,1099,"256",10,24771
g80sh-exp-A-trcc-on.etl,2026-09-24 03:21:21.831993,1099,"257",8,24772
g80sh-exp-A-trcc-on.etl,2026-09-24 03:21:21.831998,1099,"258",8,24773
g80sh-exp-A-trcc-on.etl,2026-09-24 03:21:21.832002,1099,"259",8,24774
g80sh-exp-A-trcc-on.etl,2026-09-24 03:21:21.832010,1099,"260",10,24775
g80sh-exp-A-trcc-on.etl,2026-09-24 03:21:21.832016,1099,"261",8,24776
g80sh-exp-A-trcc-on.etl,2026-09-24 03:21:21.832021,1099,"262",8,24777
g80sh-exp-A-trcc-on.etl,2026-09-24 03:21:21.832025,1099,"263",8,24778
g80sh-exp-A-trcc-on.etl,2026-09-24 03:21:21.832030,1099,"264",8,24779
g80sh-exp-A-trcc-on.etl,2026-09-24 03:21:21.832038,1099,"265",10,24780
g80sh-exp-A-trcc-on.etl,2026-09-24 03:21:21.832045,1099,"266",8,24781
g80sh-exp-A-trcc-on.etl,2026-09-24 03:21:21.832047,1099,"0",0,0
g80sh-exp-A-trcc-on.etl,2026-09-24 03:21:23.224144,1099,"260",8,24782
g80sh-exp-A-trcc-on.etl,2026-09-24 03:21:23.224258,1099,"260",10,24783
g80sh-exp-A-trcc-on.etl,2026-09-24 03:21:23.224307,220,"GPU",,
g80sh-exp-A-trcc-on.etl,2026-09-24 03:21:23.250138,1099,"0",0,0
g80sh-exp-A-trcc-on.etl,2026-09-24 03:21:23.261901,1010,"DISPLAY\SAM7B0C\7&16b8ddb4&0&UID260",,
g80sh-exp-A-trcc-on.etl,2026-09-24 03:21:23.324218,1099,"0",0,0
g80sh-exp-A-trcc-on.etl,2026-09-24 03:21:23.458291,1099,"260",8,24784
g80sh-exp-A-trcc-on.etl,2026-09-24 03:21:23.458355,1099,"0",0,0
g80sh-exp-A-trcc-on.etl,2026-09-24 03:21:23.458414,220,"GPU",,
g80sh-exp-A-trcc-on.etl,2026-09-24 03:21:23.508264,1010,"DISPLAY\Default_Monitor\7&16b8ddb4&0&UID260",,
g80sh-exp-A-trcc-on.etl,2026-09-24 03:21:23.575008,1099,"0",0,0
g80sh-exp-A-trcc-on.etl,2026-09-24 03:21:26.803480,1099,"260",10,24785
g80sh-exp-A-trcc-on.etl,2026-09-24 03:21:27.049640,1099,"0",0,0
g80sh-exp-A-trcc-on.etl,2026-09-24 03:21:27.049694,220,"GPU",,
g80sh-exp-A-trcc-on.etl,2026-09-24 03:21:27.077246,1099,"0",0,0
g80sh-exp-A-trcc-on.etl,2026-09-24 03:21:54.369844,1099,"256",10,24786
g80sh-exp-A-trcc-on.etl,2026-09-24 03:21:54.369862,1099,"257",8,24787
g80sh-exp-A-trcc-on.etl,2026-09-24 03:21:54.369868,1099,"258",8,24788
g80sh-exp-A-trcc-on.etl,2026-09-24 03:21:54.369874,1099,"259",8,24789
g80sh-exp-A-trcc-on.etl,2026-09-24 03:21:54.369882,1099,"260",10,24790
g80sh-exp-A-trcc-on.etl,2026-09-24 03:21:54.369891,1099,"261",8,24791
g80sh-exp-A-trcc-on.etl,2026-09-24 03:21:54.369897,1099,"262",8,24792
g80sh-exp-A-trcc-on.etl,2026-09-24 03:21:54.369902,1099,"263",8,24793
g80sh-exp-A-trcc-on.etl,2026-09-24 03:21:54.369908,1099,"264",8,24794
g80sh-exp-A-trcc-on.etl,2026-09-24 03:21:54.369919,1099,"265",10,24795
g80sh-exp-A-trcc-on.etl,2026-09-24 03:21:54.369927,1099,"266",8,24796
g80sh-exp-A-trcc-on.etl,2026-09-24 03:21:54.369930,1099,"0",0,0
g80sh-exp-A-trcc-on.etl,2026-09-24 03:22:06.095490,1099,"256",10,24797
g80sh-exp-A-trcc-on.etl,2026-09-24 03:22:06.095508,1099,"257",8,24798
g80sh-exp-A-trcc-on.etl,2026-09-24 03:22:06.095513,1099,"258",8,24799
g80sh-exp-A-trcc-on.etl,2026-09-24 03:22:06.095517,1099,"259",8,24800
g80sh-exp-A-trcc-on.etl,2026-09-24 03:22:06.095525,1099,"260",10,24801
g80sh-exp-A-trcc-on.etl,2026-09-24 03:22:06.095532,1099,"261",8,24802
g80sh-exp-A-trcc-on.etl,2026-09-24 03:22:06.095536,1099,"262",8,24803
g80sh-exp-A-trcc-on.etl,2026-09-24 03:22:06.095541,1099,"263",8,24804
g80sh-exp-A-trcc-on.etl,2026-09-24 03:22:06.095545,1099,"264",8,24805
g80sh-exp-A-trcc-on.etl,2026-09-24 03:22:06.095553,1099,"265",10,24806
g80sh-exp-A-trcc-on.etl,2026-09-24 03:22:06.095560,1099,"266",8,24807
g80sh-exp-A-trcc-on.etl,2026-09-24 03:22:06.095562,1099,"0",0,0
g80sh-exp-A-trcc-on.etl,2026-09-24 03:22:07.488262,1099,"260",8,24808
g80sh-exp-A-trcc-on.etl,2026-09-24 03:22:07.488373,1099,"260",10,24809
g80sh-exp-A-trcc-on.etl,2026-09-24 03:22:07.488446,220,"GPU",,
g80sh-exp-A-trcc-on.etl,2026-09-24 03:22:07.515774,1099,"0",0,0
g80sh-exp-A-trcc-on.etl,2026-09-24 03:22:07.527003,1010,"DISPLAY\SAM7B0C\7&16b8ddb4&0&UID260",,
g80sh-exp-A-trcc-on.etl,2026-09-24 03:22:07.587761,1099,"0",0,0
g80sh-exp-A-trcc-on.etl,2026-09-24 03:22:07.858661,1099,"260",8,24810
g80sh-exp-A-trcc-on.etl,2026-09-24 03:22:07.858723,1099,"0",0,0
g80sh-exp-A-trcc-on.etl,2026-09-24 03:22:07.858798,220,"GPU",,
g80sh-exp-A-trcc-on.etl,2026-09-24 03:22:07.904962,1010,"DISPLAY\Default_Monitor\7&16b8ddb4&0&UID260",,
g80sh-exp-A-trcc-on.etl,2026-09-24 03:22:07.939507,1099,"0",0,0
g80sh-exp-A-trcc-on.etl,2026-09-24 03:22:11.202892,1099,"260",10,24811
g80sh-exp-A-trcc-on.etl,2026-09-24 03:22:11.433504,1099,"0",0,0
g80sh-exp-A-trcc-on.etl,2026-09-24 03:22:11.433559,220,"GPU",,
g80sh-exp-A-trcc-on.etl,2026-09-24 03:22:11.458797,1099,"0",0,0
g80sh-exp-A-trcc-on.etl,2026-09-24 03:22:41.639928,1099,"256",10,24812
g80sh-exp-A-trcc-on.etl,2026-09-24 03:22:41.639942,1099,"257",8,24813
g80sh-exp-A-trcc-on.etl,2026-09-24 03:22:41.639945,1099,"258",8,24814
g80sh-exp-A-trcc-on.etl,2026-09-24 03:22:41.639948,1099,"259",8,24815
g80sh-exp-A-trcc-on.etl,2026-09-24 03:22:41.639954,1099,"260",10,24816
g80sh-exp-A-trcc-on.etl,2026-09-24 03:22:41.639959,1099,"261",8,24817
g80sh-exp-A-trcc-on.etl,2026-09-24 03:22:41.639962,1099,"262",8,24818
g80sh-exp-A-trcc-on.etl,2026-09-24 03:22:41.639965,1099,"263",8,24819
g80sh-exp-A-trcc-on.etl,2026-09-24 03:22:41.639968,1099,"264",8,24820
g80sh-exp-A-trcc-on.etl,2026-09-24 03:22:41.639974,1099,"265",10,24821
g80sh-exp-A-trcc-on.etl,2026-09-24 03:22:41.639980,1099,"266",8,24822
g80sh-exp-A-trcc-on.etl,2026-09-24 03:22:41.639981,1099,"0",0,0
g80sh-exp-A-trcc-on.etl,2026-09-24 03:22:51.974217,1099,"256",10,24823
g80sh-exp-A-trcc-on.etl,2026-09-24 03:22:51.974232,1099,"257",8,24824
g80sh-exp-A-trcc-on.etl,2026-09-24 03:22:51.974237,1099,"258",8,24825
g80sh-exp-A-trcc-on.etl,2026-09-24 03:22:51.974242,1099,"259",8,24826
g80sh-exp-A-trcc-on.etl,2026-09-24 03:22:51.974249,1099,"260",10,24827
g80sh-exp-A-trcc-on.etl,2026-09-24 03:22:51.974255,1099,"261",8,24828
g80sh-exp-A-trcc-on.etl,2026-09-24 03:22:51.974260,1099,"262",8,24829
g80sh-exp-A-trcc-on.etl,2026-09-24 03:22:51.974264,1099,"263",8,24830
g80sh-exp-A-trcc-on.etl,2026-09-24 03:22:51.974269,1099,"264",8,24831
g80sh-exp-A-trcc-on.etl,2026-09-24 03:22:51.974277,1099,"265",10,24832
g80sh-exp-A-trcc-on.etl,2026-09-24 03:22:51.974284,1099,"266",8,24833
g80sh-exp-A-trcc-on.etl,2026-09-24 03:22:51.974285,1099,"0",0,0
g80sh-exp-A-trcc-on.etl,2026-09-24 03:22:53.368903,1099,"260",8,24834
g80sh-exp-A-trcc-on.etl,2026-09-24 03:22:53.369078,1099,"260",10,24835
g80sh-exp-A-trcc-on.etl,2026-09-24 03:22:53.369182,220,"GPU",,
g80sh-exp-A-trcc-on.etl,2026-09-24 03:22:53.395908,1099,"0",0,0
g80sh-exp-A-trcc-on.etl,2026-09-24 03:22:53.408624,1010,"DISPLAY\SAM7B0C\7&16b8ddb4&0&UID260",,
g80sh-exp-A-trcc-on.etl,2026-09-24 03:22:53.467346,1099,"0",0,0
g80sh-exp-A-trcc-on.etl,2026-09-24 03:22:53.724883,1099,"260",8,24836
g80sh-exp-A-trcc-on.etl,2026-09-24 03:22:53.724963,1099,"0",0,0
g80sh-exp-A-trcc-on.etl,2026-09-24 03:22:53.725032,220,"GPU",,
g80sh-exp-A-trcc-on.etl,2026-09-24 03:22:53.768425,1010,"DISPLAY\Default_Monitor\7&16b8ddb4&0&UID260",,
g80sh-exp-A-trcc-on.etl,2026-09-24 03:22:53.802121,1099,"0",0,0
g80sh-exp-A-trcc-on.etl,2026-09-24 03:22:57.046029,1099,"260",10,24837
g80sh-exp-A-trcc-on.etl,2026-09-24 03:22:57.292259,1099,"0",0,0
g80sh-exp-A-trcc-on.etl,2026-09-24 03:22:57.292304,220,"GPU",,
g80sh-exp-A-trcc-on.etl,2026-09-24 03:22:57.322505,1099,"0",0,0
g80sh-exp-A-trcc-on.etl,2026-09-24 03:23:25.085967,1099,"256",10,24838
g80sh-exp-A-trcc-on.etl,2026-09-24 03:23:25.085982,1099,"257",8,24839
g80sh-exp-A-trcc-on.etl,2026-09-24 03:23:25.085985,1099,"258",8,24840
g80sh-exp-A-trcc-on.etl,2026-09-24 03:23:25.085989,1099,"259",8,24841
g80sh-exp-A-trcc-on.etl,2026-09-24 03:23:25.085994,1099,"260",10,24842
g80sh-exp-A-trcc-on.etl,2026-09-24 03:23:25.085999,1099,"261",8,24843
g80sh-exp-A-trcc-on.etl,2026-09-24 03:23:25.086002,1099,"262",8,24844
g80sh-exp-A-trcc-on.etl,2026-09-24 03:23:25.086005,1099,"263",8,24845
g80sh-exp-A-trcc-on.etl,2026-09-24 03:23:25.086008,1099,"264",8,24846
g80sh-exp-A-trcc-on.etl,2026-09-24 03:23:25.086014,1099,"265",10,24847
g80sh-exp-A-trcc-on.etl,2026-09-24 03:23:25.086019,1099,"266",8,24848
g80sh-exp-A-trcc-on.etl,2026-09-24 03:23:25.086021,1099,"0",0,0
g80sh-exp-A-trcc-on.etl,2026-09-24 03:23:36.374531,1099,"256",10,24849
g80sh-exp-A-trcc-on.etl,2026-09-24 03:23:36.374556,1099,"257",8,24850
g80sh-exp-A-trcc-on.etl,2026-09-24 03:23:36.374565,1099,"258",8,24851
g80sh-exp-A-trcc-on.etl,2026-09-24 03:23:36.374574,1099,"259",8,24852
g80sh-exp-A-trcc-on.etl,2026-09-24 03:23:36.374586,1099,"260",10,24853
g80sh-exp-A-trcc-on.etl,2026-09-24 03:23:36.374599,1099,"261",8,24854
g80sh-exp-A-trcc-on.etl,2026-09-24 03:23:36.374607,1099,"262",8,24855
g80sh-exp-A-trcc-on.etl,2026-09-24 03:23:36.374615,1099,"263",8,24856
g80sh-exp-A-trcc-on.etl,2026-09-24 03:23:36.374624,1099,"264",8,24857
g80sh-exp-A-trcc-on.etl,2026-09-24 03:23:36.374638,1099,"265",10,24858
g80sh-exp-A-trcc-on.etl,2026-09-24 03:23:36.374650,1099,"266",8,24859
g80sh-exp-A-trcc-on.etl,2026-09-24 03:23:36.374653,1099,"0",0,0
g80sh-exp-A-trcc-on.etl,2026-09-24 03:23:37.773740,1099,"260",8,24860
g80sh-exp-A-trcc-on.etl,2026-09-24 03:23:37.773865,1099,"260",10,24861
g80sh-exp-A-trcc-on.etl,2026-09-24 03:23:37.773913,220,"GPU",,
g80sh-exp-A-trcc-on.etl,2026-09-24 03:23:37.798897,1099,"0",0,0
g80sh-exp-A-trcc-on.etl,2026-09-24 03:23:37.809913,1010,"DISPLAY\SAM7B0C\7&16b8ddb4&0&UID260",,
g80sh-exp-A-trcc-on.etl,2026-09-24 03:23:37.868745,1099,"0",0,0
g80sh-exp-A-trcc-on.etl,2026-09-24 03:23:38.019373,1099,"260",8,24862
g80sh-exp-A-trcc-on.etl,2026-09-24 03:23:38.019443,1099,"0",0,0
g80sh-exp-A-trcc-on.etl,2026-09-24 03:23:38.019510,220,"GPU",,
g80sh-exp-A-trcc-on.etl,2026-09-24 03:23:38.068819,1010,"DISPLAY\Default_Monitor\7&16b8ddb4&0&UID260",,
g80sh-exp-A-trcc-on.etl,2026-09-24 03:23:38.121646,1099,"0",0,0
g80sh-exp-A-trcc-on.etl,2026-09-24 03:23:40.921841,1099,"260",10,24863
g80sh-exp-A-trcc-on.etl,2026-09-24 03:23:41.167293,1099,"0",0,0
g80sh-exp-A-trcc-on.etl,2026-09-24 03:23:41.167347,220,"GPU",,
g80sh-exp-A-trcc-on.etl,2026-09-24 03:23:41.194663,1099,"0",0,0
g80sh-exp-A-trcc-on.etl,2026-09-24 03:24:11.461944,1099,"256",10,24864
g80sh-exp-A-trcc-on.etl,2026-09-24 03:24:11.461959,1099,"257",8,24865
g80sh-exp-A-trcc-on.etl,2026-09-24 03:24:11.461964,1099,"258",8,24866
g80sh-exp-A-trcc-on.etl,2026-09-24 03:24:11.461968,1099,"259",8,24867
g80sh-exp-A-trcc-on.etl,2026-09-24 03:24:11.461976,1099,"260",10,24868
g80sh-exp-A-trcc-on.etl,2026-09-24 03:24:11.461983,1099,"261",8,24869
g80sh-exp-A-trcc-on.etl,2026-09-24 03:24:11.461987,1099,"262",8,24870
g80sh-exp-A-trcc-on.etl,2026-09-24 03:24:11.461992,1099,"263",8,24871
g80sh-exp-A-trcc-on.etl,2026-09-24 03:24:11.461996,1099,"264",8,24872
g80sh-exp-A-trcc-on.etl,2026-09-24 03:24:11.462004,1099,"265",10,24873
g80sh-exp-A-trcc-on.etl,2026-09-24 03:24:11.462011,1099,"266",8,24874
g80sh-exp-A-trcc-on.etl,2026-09-24 03:24:11.462013,1099,"0",0,0
g80sh-exp-A-trcc-on.etl,2026-09-24 03:24:36.201743,1099,"256",10,24875
g80sh-exp-A-trcc-on.etl,2026-09-24 03:24:36.201758,1099,"257",8,24876
g80sh-exp-A-trcc-on.etl,2026-09-24 03:24:36.201761,1099,"258",8,24877
g80sh-exp-A-trcc-on.etl,2026-09-24 03:24:36.201764,1099,"259",8,24878
g80sh-exp-A-trcc-on.etl,2026-09-24 03:24:36.201770,1099,"260",10,24879
g80sh-exp-A-trcc-on.etl,2026-09-24 03:24:36.201775,1099,"261",8,24880
g80sh-exp-A-trcc-on.etl,2026-09-24 03:24:36.201778,1099,"262",8,24881
g80sh-exp-A-trcc-on.etl,2026-09-24 03:24:36.201781,1099,"263",8,24882
g80sh-exp-A-trcc-on.etl,2026-09-24 03:24:36.201784,1099,"264",8,24883
g80sh-exp-A-trcc-on.etl,2026-09-24 03:24:36.201790,1099,"265",10,24884
g80sh-exp-A-trcc-on.etl,2026-09-24 03:24:36.201795,1099,"266",8,24885
g80sh-exp-A-trcc-on.etl,2026-09-24 03:24:36.201797,1099,"0",0,0
g80sh-exp-A-trcc-on.etl,2026-09-24 03:24:37.598038,1099,"260",8,24886
g80sh-exp-A-trcc-on.etl,2026-09-24 03:24:37.598164,1099,"260",10,24887
g80sh-exp-A-trcc-on.etl,2026-09-24 03:24:37.598212,220,"GPU",,
g80sh-exp-A-trcc-on.etl,2026-09-24 03:24:37.623769,1099,"0",0,0
g80sh-exp-A-trcc-on.etl,2026-09-24 03:24:37.636356,1010,"DISPLAY\SAM7B0C\7&16b8ddb4&0&UID260",,
g80sh-exp-A-trcc-on.etl,2026-09-24 03:24:37.697069,1099,"0",0,0
g80sh-exp-A-trcc-on.etl,2026-09-24 03:24:37.820382,1099,"260",8,24888
g80sh-exp-A-trcc-on.etl,2026-09-24 03:24:37.820442,1099,"0",0,0
g80sh-exp-A-trcc-on.etl,2026-09-24 03:24:37.820509,220,"GPU",,
g80sh-exp-A-trcc-on.etl,2026-09-24 03:24:37.865483,1010,"DISPLAY\Default_Monitor\7&16b8ddb4&0&UID260",,
g80sh-exp-A-trcc-on.etl,2026-09-24 03:24:37.948173,1099,"0",0,0
g80sh-exp-A-trcc-on.etl,2026-09-24 03:24:41.165805,1099,"260",10,24889
g80sh-exp-A-trcc-on.etl,2026-09-24 03:24:41.412267,1099,"0",0,0
g80sh-exp-A-trcc-on.etl,2026-09-24 03:24:41.412375,220,"GPU",,
g80sh-exp-A-trcc-on.etl,2026-09-24 03:24:41.441198,1099,"0",0,0
g80sh-exp-A-trcc-on.etl,2026-09-24 03:25:42.546721,1099,"256",10,24890
g80sh-exp-A-trcc-on.etl,2026-09-24 03:25:42.546737,1099,"257",8,24891
g80sh-exp-A-trcc-on.etl,2026-09-24 03:25:42.546742,1099,"258",8,24892
g80sh-exp-A-trcc-on.etl,2026-09-24 03:25:42.546746,1099,"259",8,24893
g80sh-exp-A-trcc-on.etl,2026-09-24 03:25:42.546754,1099,"260",10,24894
g80sh-exp-A-trcc-on.etl,2026-09-24 03:25:42.546761,1099,"261",8,24895
g80sh-exp-A-trcc-on.etl,2026-09-24 03:25:42.546765,1099,"262",8,24896
g80sh-exp-A-trcc-on.etl,2026-09-24 03:25:42.546769,1099,"263",8,24897
g80sh-exp-A-trcc-on.etl,2026-09-24 03:25:42.546774,1099,"264",8,24898
g80sh-exp-A-trcc-on.etl,2026-09-24 03:25:42.546782,1099,"265",10,24899
g80sh-exp-A-trcc-on.etl,2026-09-24 03:25:42.546789,1099,"266",8,24900
g80sh-exp-A-trcc-on.etl,2026-09-24 03:25:42.546791,1099,"0",0,0
g80sh-exp-A-trcc-on.etl,2026-09-24 03:25:43.950165,1099,"260",8,24901
g80sh-exp-A-trcc-on.etl,2026-09-24 03:25:43.950332,1099,"260",10,24902
g80sh-exp-A-trcc-on.etl,2026-09-24 03:25:43.950381,220,"GPU",,
g80sh-exp-A-trcc-on.etl,2026-09-24 03:25:43.978304,1099,"0",0,0
g80sh-exp-A-trcc-on.etl,2026-09-24 03:25:43.990098,1010,"DISPLAY\SAM7B0C\7&16b8ddb4&0&UID260",,
g80sh-exp-A-trcc-on.etl,2026-09-24 03:25:44.049975,1099,"0",0,0
g80sh-exp-A-trcc-on.etl,2026-09-24 03:25:44.170064,1099,"260",8,24903
g80sh-exp-A-trcc-on.etl,2026-09-24 03:25:44.170123,1099,"0",0,0
g80sh-exp-A-trcc-on.etl,2026-09-24 03:25:44.170176,220,"GPU",,
g80sh-exp-A-trcc-on.etl,2026-09-24 03:25:44.217701,1010,"DISPLAY\Default_Monitor\7&16b8ddb4&0&UID260",,
g80sh-exp-A-trcc-on.etl,2026-09-24 03:25:44.301682,1099,"0",0,0
g80sh-exp-A-trcc-on.etl,2026-09-24 03:25:47.487372,1099,"260",10,24904
g80sh-exp-A-trcc-on.etl,2026-09-24 03:25:47.717448,1099,"0",0,0
g80sh-exp-A-trcc-on.etl,2026-09-24 03:25:47.717574,220,"GPU",,
g80sh-exp-A-trcc-on.etl,2026-09-24 03:25:47.746870,1099,"0",0,0
g80sh-exp-A-trcc-on.etl,2026-09-24 03:26:25.867708,1099,"256",10,24905
g80sh-exp-A-trcc-on.etl,2026-09-24 03:26:25.867723,1099,"257",8,24906
g80sh-exp-A-trcc-on.etl,2026-09-24 03:26:25.867728,1099,"258",8,24907
g80sh-exp-A-trcc-on.etl,2026-09-24 03:26:25.867733,1099,"259",8,24908
g80sh-exp-A-trcc-on.etl,2026-09-24 03:26:25.867740,1099,"260",10,24909
g80sh-exp-A-trcc-on.etl,2026-09-24 03:26:25.867747,1099,"261",8,24910
g80sh-exp-A-trcc-on.etl,2026-09-24 03:26:25.867752,1099,"262",8,24911
g80sh-exp-A-trcc-on.etl,2026-09-24 03:26:25.867756,1099,"263",8,24912
g80sh-exp-A-trcc-on.etl,2026-09-24 03:26:25.867761,1099,"264",8,24913
g80sh-exp-A-trcc-on.etl,2026-09-24 03:26:25.867769,1099,"265",10,24914
g80sh-exp-A-trcc-on.etl,2026-09-24 03:26:25.867776,1099,"266",8,24915
g80sh-exp-A-trcc-on.etl,2026-09-24 03:26:25.867777,1099,"0",0,0
g80sh-exp-A-trcc-on.etl,2026-09-24 03:26:27.257783,1099,"260",8,24916
g80sh-exp-A-trcc-on.etl,2026-09-24 03:26:27.257905,1099,"260",10,24917
g80sh-exp-A-trcc-on.etl,2026-09-24 03:26:27.257976,220,"GPU",,
g80sh-exp-A-trcc-on.etl,2026-09-24 03:26:27.281632,1099,"0",0,0
g80sh-exp-A-trcc-on.etl,2026-09-24 03:26:27.295366,1010,"DISPLAY\SAM7B0C\7&16b8ddb4&0&UID260",,
g80sh-exp-A-trcc-on.etl,2026-09-24 03:26:27.354320,1099,"0",0,0
g80sh-exp-A-trcc-on.etl,2026-09-24 03:26:27.476010,1099,"260",8,24918
g80sh-exp-A-trcc-on.etl,2026-09-24 03:26:27.476072,1099,"0",0,0
g80sh-exp-A-trcc-on.etl,2026-09-24 03:26:27.476143,220,"GPU",,
g80sh-exp-A-trcc-on.etl,2026-09-24 03:26:27.521430,1010,"DISPLAY\Default_Monitor\7&16b8ddb4&0&UID260",,
g80sh-exp-A-trcc-on.etl,2026-09-24 03:26:27.606109,1099,"0",0,0
g80sh-exp-A-trcc-on.etl,2026-09-24 03:26:30.789692,1099,"260",10,24919
g80sh-exp-A-trcc-on.etl,2026-09-24 03:26:31.036278,1099,"0",0,0
g80sh-exp-A-trcc-on.etl,2026-09-24 03:26:31.036391,220,"GPU",,
g80sh-exp-A-trcc-on.etl,2026-09-24 03:26:31.071242,1099,"0",0,0
g80sh-exp-A-trcc-on.etl,2026-09-24 03:27:13.373055,1099,"256",10,24920
g80sh-exp-A-trcc-on.etl,2026-09-24 03:27:13.373070,1099,"257",8,24921
g80sh-exp-A-trcc-on.etl,2026-09-24 03:27:13.373075,1099,"258",8,24922
g80sh-exp-A-trcc-on.etl,2026-09-24 03:27:13.373080,1099,"259",8,24923
g80sh-exp-A-trcc-on.etl,2026-09-24 03:27:13.373087,1099,"260",10,24924
g80sh-exp-A-trcc-on.etl,2026-09-24 03:27:13.373094,1099,"261",8,24925
g80sh-exp-A-trcc-on.etl,2026-09-24 03:27:13.373098,1099,"262",8,24926
g80sh-exp-A-trcc-on.etl,2026-09-24 03:27:13.373103,1099,"263",8,24927
g80sh-exp-A-trcc-on.etl,2026-09-24 03:27:13.373107,1099,"264",8,24928
g80sh-exp-A-trcc-on.etl,2026-09-24 03:27:13.373115,1099,"265",10,24929
g80sh-exp-A-trcc-on.etl,2026-09-24 03:27:13.373124,1099,"266",8,24930
g80sh-exp-A-trcc-on.etl,2026-09-24 03:27:13.373126,1099,"0",0,0
g80sh-exp-A-trcc-on.etl,2026-09-24 03:27:14.773206,1099,"260",8,24931
g80sh-exp-A-trcc-on.etl,2026-09-24 03:27:14.773321,1099,"260",10,24932
g80sh-exp-A-trcc-on.etl,2026-09-24 03:27:14.773369,220,"GPU",,
g80sh-exp-A-trcc-on.etl,2026-09-24 03:27:14.798803,1099,"0",0,0
g80sh-exp-A-trcc-on.etl,2026-09-24 03:27:14.810056,1010,"DISPLAY\SAM7B0C\7&16b8ddb4&0&UID260",,
g80sh-exp-A-trcc-on.etl,2026-09-24 03:27:14.868885,1099,"0",0,0
g80sh-exp-A-trcc-on.etl,2026-09-24 03:27:15.141381,1099,"260",8,24933
g80sh-exp-A-trcc-on.etl,2026-09-24 03:27:15.141448,1099,"0",0,0
g80sh-exp-A-trcc-on.etl,2026-09-24 03:27:15.141507,220,"GPU",,
g80sh-exp-A-trcc-on.etl,2026-09-24 03:27:15.186138,1010,"DISPLAY\Default_Monitor\7&16b8ddb4&0&UID260",,
g80sh-exp-A-trcc-on.etl,2026-09-24 03:27:15.220809,1099,"0",0,0
g80sh-exp-A-trcc-on.etl,2026-09-24 03:27:18.601650,1099,"260",10,24934
g80sh-exp-A-trcc-on.etl,2026-09-24 03:27:18.847648,1099,"0",0,0
g80sh-exp-A-trcc-on.etl,2026-09-24 03:27:18.847707,220,"GPU",,
g80sh-exp-A-trcc-on.etl,2026-09-24 03:27:18.878020,1099,"0",0,0
g80sh-exp-A-trcc-on.etl,2026-09-24 03:27:56.932267,1099,"256",10,24935
g80sh-exp-A-trcc-on.etl,2026-09-24 03:27:56.932282,1099,"257",8,24936
g80sh-exp-A-trcc-on.etl,2026-09-24 03:27:56.932286,1099,"258",8,24937
g80sh-exp-A-trcc-on.etl,2026-09-24 03:27:56.932291,1099,"259",8,24938
g80sh-exp-A-trcc-on.etl,2026-09-24 03:27:56.932299,1099,"260",10,24939
g80sh-exp-A-trcc-on.etl,2026-09-24 03:27:56.932306,1099,"261",8,24940
g80sh-exp-A-trcc-on.etl,2026-09-24 03:27:56.932310,1099,"262",8,24941
g80sh-exp-A-trcc-on.etl,2026-09-24 03:27:56.932318,1099,"263",8,24942
g80sh-exp-A-trcc-on.etl,2026-09-24 03:27:56.932322,1099,"264",8,24943
g80sh-exp-A-trcc-on.etl,2026-09-24 03:27:56.932330,1099,"265",10,24944
g80sh-exp-A-trcc-on.etl,2026-09-24 03:27:56.932337,1099,"266",8,24945
g80sh-exp-A-trcc-on.etl,2026-09-24 03:27:56.932339,1099,"0",0,0
g80sh-exp-A-trcc-on.etl,2026-09-24 03:27:58.336074,1099,"260",8,24946
g80sh-exp-A-trcc-on.etl,2026-09-24 03:27:58.336195,1099,"260",10,24947
g80sh-exp-A-trcc-on.etl,2026-09-24 03:27:58.336264,220,"GPU",,
g80sh-exp-A-trcc-on.etl,2026-09-24 03:27:58.362269,1099,"0",0,0
g80sh-exp-A-trcc-on.etl,2026-09-24 03:27:58.375533,1010,"DISPLAY\SAM7B0C\7&16b8ddb4&0&UID260",,
g80sh-exp-A-trcc-on.etl,2026-09-24 03:27:58.436544,1099,"0",0,0
g80sh-exp-A-trcc-on.etl,2026-09-24 03:27:58.551123,1099,"260",8,24948
g80sh-exp-A-trcc-on.etl,2026-09-24 03:27:58.551196,1099,"0",0,0
g80sh-exp-A-trcc-on.etl,2026-09-24 03:27:58.551266,220,"GPU",,
g80sh-exp-A-trcc-on.etl,2026-09-24 03:27:58.571635,1010,"DISPLAY\Default_Monitor\7&16b8ddb4&0&UID260",,
g80sh-exp-A-trcc-on.etl,2026-09-24 03:27:58.621261,1099,"0",0,0
g80sh-exp-A-trcc-on.etl,2026-09-24 03:28:01.866434,1099,"260",10,24949
g80sh-exp-A-trcc-on.etl,2026-09-24 03:28:02.102229,1099,"0",0,0
g80sh-exp-A-trcc-on.etl,2026-09-24 03:28:02.102279,220,"GPU",,
g80sh-exp-A-trcc-on.etl,2026-09-24 03:28:02.131459,1099,"0",0,0
g80sh-exp-A-trcc-on.etl,2026-09-24 03:28:43.967899,1099,"256",10,24950
g80sh-exp-A-trcc-on.etl,2026-09-24 03:28:43.967914,1099,"257",8,24951
g80sh-exp-A-trcc-on.etl,2026-09-24 03:28:43.967919,1099,"258",8,24952
g80sh-exp-A-trcc-on.etl,2026-09-24 03:28:43.967924,1099,"259",8,24953
g80sh-exp-A-trcc-on.etl,2026-09-24 03:28:43.967931,1099,"260",10,24954
g80sh-exp-A-trcc-on.etl,2026-09-24 03:28:43.967938,1099,"261",8,24955
g80sh-exp-A-trcc-on.etl,2026-09-24 03:28:43.967942,1099,"262",8,24956
g80sh-exp-A-trcc-on.etl,2026-09-24 03:28:43.967947,1099,"263",8,24957
g80sh-exp-A-trcc-on.etl,2026-09-24 03:28:43.967951,1099,"264",8,24958
g80sh-exp-A-trcc-on.etl,2026-09-24 03:28:43.967959,1099,"265",10,24959
g80sh-exp-A-trcc-on.etl,2026-09-24 03:28:43.967966,1099,"266",8,24960
g80sh-exp-A-trcc-on.etl,2026-09-24 03:28:43.967968,1099,"0",0,0
g80sh-exp-A-trcc-on.etl,2026-09-24 03:28:45.384614,1099,"260",8,24961
g80sh-exp-A-trcc-on.etl,2026-09-24 03:28:45.384789,1099,"260",10,24962
g80sh-exp-A-trcc-on.etl,2026-09-24 03:28:45.384894,220,"GPU",,
g80sh-exp-A-trcc-on.etl,2026-09-24 03:28:45.410148,1099,"0",0,0
g80sh-exp-A-trcc-on.etl,2026-09-24 03:28:45.422538,1010,"DISPLAY\SAM7B0C\7&16b8ddb4&0&UID260",,
g80sh-exp-A-trcc-on.etl,2026-09-24 03:28:45.483119,1099,"0",0,0
g80sh-exp-A-trcc-on.etl,2026-09-24 03:28:45.586160,1099,"260",8,24963
g80sh-exp-A-trcc-on.etl,2026-09-24 03:28:45.586218,1099,"0",0,0
g80sh-exp-A-trcc-on.etl,2026-09-24 03:28:45.586293,220,"GPU",,
g80sh-exp-A-trcc-on.etl,2026-09-24 03:28:45.634005,1010,"DISPLAY\Default_Monitor\7&16b8ddb4&0&UID260",,
g80sh-exp-A-trcc-on.etl,2026-09-24 03:28:45.717848,1099,"0",0,0
g80sh-exp-A-trcc-on.etl,2026-09-24 03:28:48.922826,1099,"260",10,24964
g80sh-exp-A-trcc-on.etl,2026-09-24 03:28:49.168952,1099,"0",0,0
g80sh-exp-A-trcc-on.etl,2026-09-24 03:28:49.169010,220,"GPU",,
g80sh-exp-A-trcc-on.etl,2026-09-24 03:28:49.201172,1099,"0",0,0
g80sh-exp-A-trcc-on.etl,2026-09-24 03:29:16.540501,1099,"256",10,24965
g80sh-exp-A-trcc-on.etl,2026-09-24 03:29:16.540516,1099,"257",8,24966
g80sh-exp-A-trcc-on.etl,2026-09-24 03:29:16.540521,1099,"258",8,24967
g80sh-exp-A-trcc-on.etl,2026-09-24 03:29:16.540525,1099,"259",8,24968
g80sh-exp-A-trcc-on.etl,2026-09-24 03:29:16.540533,1099,"260",10,24969
g80sh-exp-A-trcc-on.etl,2026-09-24 03:29:16.540540,1099,"261",8,24970
g80sh-exp-A-trcc-on.etl,2026-09-24 03:29:16.540544,1099,"262",8,24971
g80sh-exp-A-trcc-on.etl,2026-09-24 03:29:16.540548,1099,"263",8,24972
g80sh-exp-A-trcc-on.etl,2026-09-24 03:29:16.540553,1099,"264",8,24973
g80sh-exp-A-trcc-on.etl,2026-09-24 03:29:16.540561,1099,"265",10,24974
g80sh-exp-A-trcc-on.etl,2026-09-24 03:29:16.540568,1099,"266",8,24975
g80sh-exp-A-trcc-on.etl,2026-09-24 03:29:16.540570,1099,"0",0,0
g80sh-exp-A-trcc-on.etl,2026-09-24 03:29:37.370018,1099,"256",10,24976
g80sh-exp-A-trcc-on.etl,2026-09-24 03:29:37.370043,1099,"257",8,24977
g80sh-exp-A-trcc-on.etl,2026-09-24 03:29:37.370052,1099,"258",8,24978
g80sh-exp-A-trcc-on.etl,2026-09-24 03:29:37.370061,1099,"259",8,24979
g80sh-exp-A-trcc-on.etl,2026-09-24 03:29:37.370073,1099,"260",10,24980
g80sh-exp-A-trcc-on.etl,2026-09-24 03:29:37.370085,1099,"261",8,24981
g80sh-exp-A-trcc-on.etl,2026-09-24 03:29:37.370094,1099,"262",8,24982
g80sh-exp-A-trcc-on.etl,2026-09-24 03:29:37.370102,1099,"263",8,24983
g80sh-exp-A-trcc-on.etl,2026-09-24 03:29:37.370110,1099,"264",8,24984
g80sh-exp-A-trcc-on.etl,2026-09-24 03:29:37.370124,1099,"265",10,24985
g80sh-exp-A-trcc-on.etl,2026-09-24 03:29:37.370137,1099,"266",8,24986
g80sh-exp-A-trcc-on.etl,2026-09-24 03:29:37.370140,1099,"0",0,0
g80sh-exp-A-trcc-on.etl,2026-09-24 03:29:38.766984,1099,"260",8,24987
g80sh-exp-A-trcc-on.etl,2026-09-24 03:29:38.767176,1099,"260",10,24988
g80sh-exp-A-trcc-on.etl,2026-09-24 03:29:38.767229,220,"GPU",,
g80sh-exp-A-trcc-on.etl,2026-09-24 03:29:38.793095,1099,"0",0,0
g80sh-exp-A-trcc-on.etl,2026-09-24 03:29:38.803265,1010,"DISPLAY\SAM7B0C\7&16b8ddb4&0&UID260",,
g80sh-exp-A-trcc-on.etl,2026-09-24 03:29:38.865052,1099,"0",0,0
g80sh-exp-A-trcc-on.etl,2026-09-24 03:29:38.985243,1099,"260",8,24989
g80sh-exp-A-trcc-on.etl,2026-09-24 03:29:38.985298,1099,"0",0,0
g80sh-exp-A-trcc-on.etl,2026-09-24 03:29:38.985347,220,"GPU",,
g80sh-exp-A-trcc-on.etl,2026-09-24 03:29:39.032240,1010,"DISPLAY\Default_Monitor\7&16b8ddb4&0&UID260",,
g80sh-exp-A-trcc-on.etl,2026-09-24 03:29:39.082972,1099,"0",0,0
g80sh-exp-A-trcc-on.etl,2026-09-24 03:29:42.306358,1099,"260",10,24990
g80sh-exp-A-trcc-on.etl,2026-09-24 03:29:42.553668,1099,"0",0,0
g80sh-exp-A-trcc-on.etl,2026-09-24 03:29:42.553734,220,"GPU",,
g80sh-exp-A-trcc-on.etl,2026-09-24 03:29:42.583156,1099,"0",0,0
g80sh-exp-A-trcc-on.etl,2026-09-24 03:30:12.989803,1099,"256",10,24991
g80sh-exp-A-trcc-on.etl,2026-09-24 03:30:12.989816,1099,"257",8,24992
g80sh-exp-A-trcc-on.etl,2026-09-24 03:30:12.989820,1099,"258",8,24993
g80sh-exp-A-trcc-on.etl,2026-09-24 03:30:12.989823,1099,"259",8,24994
g80sh-exp-A-trcc-on.etl,2026-09-24 03:30:12.989828,1099,"260",10,24995
g80sh-exp-A-trcc-on.etl,2026-09-24 03:30:12.989833,1099,"261",8,24996
g80sh-exp-A-trcc-on.etl,2026-09-24 03:30:12.989836,1099,"262",8,24997
g80sh-exp-A-trcc-on.etl,2026-09-24 03:30:12.989840,1099,"263",8,24998
g80sh-exp-A-trcc-on.etl,2026-09-24 03:30:12.989843,1099,"264",8,24999
g80sh-exp-A-trcc-on.etl,2026-09-24 03:30:12.989849,1099,"265",10,25000
g80sh-exp-A-trcc-on.etl,2026-09-24 03:30:12.989854,1099,"266",8,25001
g80sh-exp-A-trcc-on.etl,2026-09-24 03:30:12.989856,1099,"0",0,0
g80sh-exp-A-trcc-on.etl,2026-09-24 03:30:27.419209,1099,"256",10,25002
g80sh-exp-A-trcc-on.etl,2026-09-24 03:30:27.419224,1099,"257",8,25003
g80sh-exp-A-trcc-on.etl,2026-09-24 03:30:27.419229,1099,"258",8,25004
g80sh-exp-A-trcc-on.etl,2026-09-24 03:30:27.419234,1099,"259",8,25005
g80sh-exp-A-trcc-on.etl,2026-09-24 03:30:27.419241,1099,"260",10,25006
g80sh-exp-A-trcc-on.etl,2026-09-24 03:30:27.419248,1099,"261",8,25007
g80sh-exp-A-trcc-on.etl,2026-09-24 03:30:27.419252,1099,"262",8,25008
g80sh-exp-A-trcc-on.etl,2026-09-24 03:30:27.419257,1099,"263",8,25009
g80sh-exp-A-trcc-on.etl,2026-09-24 03:30:27.419261,1099,"264",8,25010
g80sh-exp-A-trcc-on.etl,2026-09-24 03:30:27.419269,1099,"265",10,25011
g80sh-exp-A-trcc-on.etl,2026-09-24 03:30:27.419276,1099,"266",8,25012
g80sh-exp-A-trcc-on.etl,2026-09-24 03:30:27.419278,1099,"0",0,0
g80sh-exp-A-trcc-on.etl,2026-09-24 03:30:28.815009,1099,"260",8,25013
g80sh-exp-A-trcc-on.etl,2026-09-24 03:30:28.815133,1099,"260",10,25014
g80sh-exp-A-trcc-on.etl,2026-09-24 03:30:28.815188,220,"GPU",,
g80sh-exp-A-trcc-on.etl,2026-09-24 03:30:28.841378,1099,"0",0,0
g80sh-exp-A-trcc-on.etl,2026-09-24 03:30:28.856401,1010,"DISPLAY\SAM7B0C\7&16b8ddb4&0&UID260",,
g80sh-exp-A-trcc-on.etl,2026-09-24 03:30:28.915651,1099,"0",0,0
g80sh-exp-A-trcc-on.etl,2026-09-24 03:30:29.037138,1099,"260",8,25015
g80sh-exp-A-trcc-on.etl,2026-09-24 03:30:29.037199,1099,"0",0,0
g80sh-exp-A-trcc-on.etl,2026-09-24 03:30:29.037264,220,"GPU",,
g80sh-exp-A-trcc-on.etl,2026-09-24 03:30:29.083050,1010,"DISPLAY\Default_Monitor\7&16b8ddb4&0&UID260",,
g80sh-exp-A-trcc-on.etl,2026-09-24 03:30:29.166779,1099,"0",0,0
g80sh-exp-A-trcc-on.etl,2026-09-24 03:30:31.931028,1099,"260",10,25016
g80sh-exp-A-trcc-on.etl,2026-09-24 03:30:32.161746,1099,"0",0,0
g80sh-exp-A-trcc-on.etl,2026-09-24 03:30:32.161795,220,"GPU",,
g80sh-exp-A-trcc-on.etl,2026-09-24 03:30:32.193981,1099,"0",0,0
g80sh-exp-A-trcc-on.etl,2026-09-24 03:31:00.144186,1099,"256",10,25017
g80sh-exp-A-trcc-on.etl,2026-09-24 03:31:00.144201,1099,"257",8,25018
g80sh-exp-A-trcc-on.etl,2026-09-24 03:31:00.144206,1099,"258",8,25019
g80sh-exp-A-trcc-on.etl,2026-09-24 03:31:00.144211,1099,"259",8,25020
g80sh-exp-A-trcc-on.etl,2026-09-24 03:31:00.144218,1099,"260",10,25021
g80sh-exp-A-trcc-on.etl,2026-09-24 03:31:00.144225,1099,"261",8,25022
g80sh-exp-A-trcc-on.etl,2026-09-24 03:31:00.144229,1099,"262",8,25023
g80sh-exp-A-trcc-on.etl,2026-09-24 03:31:00.144233,1099,"263",8,25024
g80sh-exp-A-trcc-on.etl,2026-09-24 03:31:00.144238,1099,"264",8,25025
g80sh-exp-A-trcc-on.etl,2026-09-24 03:31:00.144246,1099,"265",10,25026
g80sh-exp-A-trcc-on.etl,2026-09-24 03:31:00.144253,1099,"266",8,25027
g80sh-exp-A-trcc-on.etl,2026-09-24 03:31:00.144255,1099,"0",0,0
g80sh-exp-A-trcc-on.etl,2026-09-24 03:31:10.770666,1099,"256",10,25028
g80sh-exp-A-trcc-on.etl,2026-09-24 03:31:10.770682,1099,"257",8,25029
g80sh-exp-A-trcc-on.etl,2026-09-24 03:31:10.770686,1099,"258",8,25030
g80sh-exp-A-trcc-on.etl,2026-09-24 03:31:10.770691,1099,"259",8,25031
g80sh-exp-A-trcc-on.etl,2026-09-24 03:31:10.770698,1099,"260",10,25032
g80sh-exp-A-trcc-on.etl,2026-09-24 03:31:10.770705,1099,"261",8,25033
g80sh-exp-A-trcc-on.etl,2026-09-24 03:31:10.770710,1099,"262",8,25034
g80sh-exp-A-trcc-on.etl,2026-09-24 03:31:10.770714,1099,"263",8,25035
g80sh-exp-A-trcc-on.etl,2026-09-24 03:31:10.770719,1099,"264",8,25036
g80sh-exp-A-trcc-on.etl,2026-09-24 03:31:10.770727,1099,"265",10,25037
g80sh-exp-A-trcc-on.etl,2026-09-24 03:31:10.770734,1099,"266",8,25038
g80sh-exp-A-trcc-on.etl,2026-09-24 03:31:10.770736,1099,"0",0,0
g80sh-exp-A-trcc-on.etl,2026-09-24 03:31:12.168684,1099,"260",8,25039
g80sh-exp-A-trcc-on.etl,2026-09-24 03:31:12.168800,1099,"260",10,25040
g80sh-exp-A-trcc-on.etl,2026-09-24 03:31:12.168851,220,"GPU",,
g80sh-exp-A-trcc-on.etl,2026-09-24 03:31:12.196483,1099,"0",0,0
g80sh-exp-A-trcc-on.etl,2026-09-24 03:31:12.210157,1010,"DISPLAY\SAM7B0C\7&16b8ddb4&0&UID260",,
g80sh-exp-A-trcc-on.etl,2026-09-24 03:31:12.269700,1099,"0",0,0
g80sh-exp-A-trcc-on.etl,2026-09-24 03:31:12.515442,1099,"260",8,25041
g80sh-exp-A-trcc-on.etl,2026-09-24 03:31:12.515511,1099,"0",0,0
g80sh-exp-A-trcc-on.etl,2026-09-24 03:31:12.515585,220,"GPU",,
g80sh-exp-A-trcc-on.etl,2026-09-24 03:31:12.571484,1010,"DISPLAY\Default_Monitor\7&16b8ddb4&0&UID260",,
g80sh-exp-A-trcc-on.etl,2026-09-24 03:31:12.605496,1099,"0",0,0
g80sh-exp-A-trcc-on.etl,2026-09-24 03:31:15.984240,1099,"260",10,25042
g80sh-exp-A-trcc-on.etl,2026-09-24 03:31:16.231233,1099,"0",0,0
g80sh-exp-A-trcc-on.etl,2026-09-24 03:31:16.231312,220,"GPU",,
g80sh-exp-A-trcc-on.etl,2026-09-24 03:31:16.260366,1099,"0",0,0
g80sh-exp-A-trcc-on.etl,2026-09-24 03:31:43.852808,1099,"256",10,25043
g80sh-exp-A-trcc-on.etl,2026-09-24 03:31:43.852824,1099,"257",8,25044
g80sh-exp-A-trcc-on.etl,2026-09-24 03:31:43.852828,1099,"258",8,25045
g80sh-exp-A-trcc-on.etl,2026-09-24 03:31:43.852833,1099,"259",8,25046
g80sh-exp-A-trcc-on.etl,2026-09-24 03:31:43.852840,1099,"260",10,25047
g80sh-exp-A-trcc-on.etl,2026-09-24 03:31:43.852847,1099,"261",8,25048
g80sh-exp-A-trcc-on.etl,2026-09-24 03:31:43.852852,1099,"262",8,25049
g80sh-exp-A-trcc-on.etl,2026-09-24 03:31:43.852856,1099,"263",8,25050
g80sh-exp-A-trcc-on.etl,2026-09-24 03:31:43.852861,1099,"264",8,25051
g80sh-exp-A-trcc-on.etl,2026-09-24 03:31:43.852869,1099,"265",10,25052
g80sh-exp-A-trcc-on.etl,2026-09-24 03:31:43.852876,1099,"266",8,25053
g80sh-exp-A-trcc-on.etl,2026-09-24 03:31:43.852878,1099,"0",0,0
g80sh-exp-A-trcc-on.etl,2026-09-24 03:31:54.186261,1099,"256",10,25054
g80sh-exp-A-trcc-on.etl,2026-09-24 03:31:54.186275,1099,"257",8,25055
g80sh-exp-A-trcc-on.etl,2026-09-24 03:31:54.186280,1099,"258",8,25056
g80sh-exp-A-trcc-on.etl,2026-09-24 03:31:54.186285,1099,"259",8,25057
g80sh-exp-A-trcc-on.etl,2026-09-24 03:31:54.186292,1099,"260",10,25058
g80sh-exp-A-trcc-on.etl,2026-09-24 03:31:54.186299,1099,"261",8,25059
g80sh-exp-A-trcc-on.etl,2026-09-24 03:31:54.186304,1099,"262",8,25060
g80sh-exp-A-trcc-on.etl,2026-09-24 03:31:54.186308,1099,"263",8,25061
g80sh-exp-A-trcc-on.etl,2026-09-24 03:31:54.186312,1099,"264",8,25062
g80sh-exp-A-trcc-on.etl,2026-09-24 03:31:54.186320,1099,"265",10,25063
g80sh-exp-A-trcc-on.etl,2026-09-24 03:31:54.186328,1099,"266",8,25064
g80sh-exp-A-trcc-on.etl,2026-09-24 03:31:54.186330,1099,"0",0,0
g80sh-exp-A-trcc-on.etl,2026-09-24 03:31:55.583394,1099,"260",8,25065
g80sh-exp-A-trcc-on.etl,2026-09-24 03:31:55.583520,1099,"260",10,25066
g80sh-exp-A-trcc-on.etl,2026-09-24 03:31:55.583572,220,"GPU",,
g80sh-exp-A-trcc-on.etl,2026-09-24 03:31:55.611249,1099,"0",0,0
g80sh-exp-A-trcc-on.etl,2026-09-24 03:31:55.623802,1010,"DISPLAY\SAM7B0C\7&16b8ddb4&0&UID260",,
g80sh-exp-A-trcc-on.etl,2026-09-24 03:31:55.683844,1099,"0",0,0
g80sh-exp-A-trcc-on.etl,2026-09-24 03:31:55.949599,1099,"260",8,25067
g80sh-exp-A-trcc-on.etl,2026-09-24 03:31:55.949669,1099,"0",0,0
g80sh-exp-A-trcc-on.etl,2026-09-24 03:31:55.949725,220,"GPU",,
g80sh-exp-A-trcc-on.etl,2026-09-24 03:31:56.001167,1010,"DISPLAY\Default_Monitor\7&16b8ddb4&0&UID260",,
g80sh-exp-A-trcc-on.etl,2026-09-24 03:31:56.035482,1099,"0",0,0
g80sh-exp-A-trcc-on.etl,2026-09-24 03:31:59.277877,1099,"260",10,25068
g80sh-exp-A-trcc-on.etl,2026-09-24 03:31:59.526421,1099,"0",0,0
g80sh-exp-A-trcc-on.etl,2026-09-24 03:31:59.526472,220,"GPU",,
g80sh-exp-A-trcc-on.etl,2026-09-24 03:31:59.551824,1099,"0",0,0
g80sh-exp-A-trcc-on.etl,2026-09-24 03:32:27.369927,1099,"256",10,25069
g80sh-exp-A-trcc-on.etl,2026-09-24 03:32:27.369943,1099,"257",8,25070
g80sh-exp-A-trcc-on.etl,2026-09-24 03:32:27.369948,1099,"258",8,25071
g80sh-exp-A-trcc-on.etl,2026-09-24 03:32:27.369952,1099,"259",8,25072
g80sh-exp-A-trcc-on.etl,2026-09-24 03:32:27.369960,1099,"260",10,25073
g80sh-exp-A-trcc-on.etl,2026-09-24 03:32:27.369967,1099,"261",8,25074
g80sh-exp-A-trcc-on.etl,2026-09-24 03:32:27.369972,1099,"262",8,25075
g80sh-exp-A-trcc-on.etl,2026-09-24 03:32:27.369976,1099,"263",8,25076
g80sh-exp-A-trcc-on.etl,2026-09-24 03:32:27.369981,1099,"264",8,25077
g80sh-exp-A-trcc-on.etl,2026-09-24 03:32:27.369989,1099,"265",10,25078
g80sh-exp-A-trcc-on.etl,2026-09-24 03:32:27.369995,1099,"266",8,25079
g80sh-exp-A-trcc-on.etl,2026-09-24 03:32:27.369997,1099,"0",0,0
g80sh-exp-A-trcc-on.etl,2026-09-24 03:32:40.823770,1099,"256",10,25080
g80sh-exp-A-trcc-on.etl,2026-09-24 03:32:40.823785,1099,"257",8,25081
g80sh-exp-A-trcc-on.etl,2026-09-24 03:32:40.823790,1099,"258",8,25082
g80sh-exp-A-trcc-on.etl,2026-09-24 03:32:40.823794,1099,"259",8,25083
g80sh-exp-A-trcc-on.etl,2026-09-24 03:32:40.823802,1099,"260",10,25084
g80sh-exp-A-trcc-on.etl,2026-09-24 03:32:40.823809,1099,"261",8,25085
g80sh-exp-A-trcc-on.etl,2026-09-24 03:32:40.823813,1099,"262",8,25086
g80sh-exp-A-trcc-on.etl,2026-09-24 03:32:40.823818,1099,"263",8,25087
g80sh-exp-A-trcc-on.etl,2026-09-24 03:32:40.823822,1099,"264",8,25088
g80sh-exp-A-trcc-on.etl,2026-09-24 03:32:40.823830,1099,"265",10,25089
g80sh-exp-A-trcc-on.etl,2026-09-24 03:32:40.823837,1099,"266",8,25090
g80sh-exp-A-trcc-on.etl,2026-09-24 03:32:40.823839,1099,"0",0,0
g80sh-exp-A-trcc-on.etl,2026-09-24 03:32:42.220212,1099,"260",8,25091
g80sh-exp-A-trcc-on.etl,2026-09-24 03:32:42.220335,1099,"260",10,25092
g80sh-exp-A-trcc-on.etl,2026-09-24 03:32:42.220388,220,"GPU",,
g80sh-exp-A-trcc-on.etl,2026-09-24 03:32:42.246574,1099,"0",0,0
g80sh-exp-A-trcc-on.etl,2026-09-24 03:32:42.260881,1010,"DISPLAY\SAM7B0C\7&16b8ddb4&0&UID260",,
g80sh-exp-A-trcc-on.etl,2026-09-24 03:32:42.321324,1099,"0",0,0
g80sh-exp-A-trcc-on.etl,2026-09-24 03:32:42.425750,1099,"260",8,25093
g80sh-exp-A-trcc-on.etl,2026-09-24 03:32:42.425813,1099,"0",0,0
g80sh-exp-A-trcc-on.etl,2026-09-24 03:32:42.425877,220,"GPU",,
g80sh-exp-A-trcc-on.etl,2026-09-24 03:32:42.472384,1010,"DISPLAY\Default_Monitor\7&16b8ddb4&0&UID260",,
g80sh-exp-A-trcc-on.etl,2026-09-24 03:32:42.556251,1099,"0",0,0
g80sh-exp-A-trcc-on.etl,2026-09-24 03:32:45.727367,1099,"260",10,25094
g80sh-exp-A-trcc-on.etl,2026-09-24 03:32:45.960551,1099,"0",0,0
g80sh-exp-A-trcc-on.etl,2026-09-24 03:32:45.960641,220,"GPU",,
g80sh-exp-A-trcc-on.etl,2026-09-24 03:32:45.987339,1099,"0",0,0
g80sh-exp-A-trcc-on.etl,2026-09-24 03:33:13.460512,1099,"256",10,25095
g80sh-exp-A-trcc-on.etl,2026-09-24 03:33:13.460527,1099,"257",8,25096
g80sh-exp-A-trcc-on.etl,2026-09-24 03:33:13.460531,1099,"258",8,25097
g80sh-exp-A-trcc-on.etl,2026-09-24 03:33:13.460534,1099,"259",8,25098
g80sh-exp-A-trcc-on.etl,2026-09-24 03:33:13.460539,1099,"260",10,25099
g80sh-exp-A-trcc-on.etl,2026-09-24 03:33:13.460545,1099,"261",8,25100
g80sh-exp-A-trcc-on.etl,2026-09-24 03:33:13.460548,1099,"262",8,25101
g80sh-exp-A-trcc-on.etl,2026-09-24 03:33:13.460550,1099,"263",8,25102
g80sh-exp-A-trcc-on.etl,2026-09-24 03:33:13.460554,1099,"264",8,25103
g80sh-exp-A-trcc-on.etl,2026-09-24 03:33:13.460560,1099,"265",10,25104
g80sh-exp-A-trcc-on.etl,2026-09-24 03:33:13.460565,1099,"266",8,25105
g80sh-exp-A-trcc-on.etl,2026-09-24 03:33:13.460567,1099,"0",0,0
g80sh-exp-A-trcc-on.etl,2026-09-24 03:33:23.792396,1099,"256",10,25106
g80sh-exp-A-trcc-on.etl,2026-09-24 03:33:23.792410,1099,"257",8,25107
g80sh-exp-A-trcc-on.etl,2026-09-24 03:33:23.792413,1099,"258",8,25108
g80sh-exp-A-trcc-on.etl,2026-09-24 03:33:23.792417,1099,"259",8,25109
g80sh-exp-A-trcc-on.etl,2026-09-24 03:33:23.792422,1099,"260",10,25110
g80sh-exp-A-trcc-on.etl,2026-09-24 03:33:23.792427,1099,"261",8,25111
g80sh-exp-A-trcc-on.etl,2026-09-24 03:33:23.792430,1099,"262",8,25112
g80sh-exp-A-trcc-on.etl,2026-09-24 03:33:23.792433,1099,"263",8,25113
g80sh-exp-A-trcc-on.etl,2026-09-24 03:33:23.792436,1099,"264",8,25114
g80sh-exp-A-trcc-on.etl,2026-09-24 03:33:23.792442,1099,"265",10,25115
g80sh-exp-A-trcc-on.etl,2026-09-24 03:33:23.792447,1099,"266",8,25116
g80sh-exp-A-trcc-on.etl,2026-09-24 03:33:23.792449,1099,"0",0,0
g80sh-exp-A-trcc-on.etl,2026-09-24 03:33:25.187215,1099,"260",8,25117
g80sh-exp-A-trcc-on.etl,2026-09-24 03:33:25.187325,1099,"260",10,25118
g80sh-exp-A-trcc-on.etl,2026-09-24 03:33:25.187390,220,"GPU",,
g80sh-exp-A-trcc-on.etl,2026-09-24 03:33:25.214058,1099,"0",0,0
g80sh-exp-A-trcc-on.etl,2026-09-24 03:33:25.225864,1010,"DISPLAY\SAM7B0C\7&16b8ddb4&0&UID260",,
g80sh-exp-A-trcc-on.etl,2026-09-24 03:33:25.282768,1099,"0",0,0
g80sh-exp-A-trcc-on.etl,2026-09-24 03:33:25.385964,1099,"260",8,25119
g80sh-exp-A-trcc-on.etl,2026-09-24 03:33:25.386024,1099,"0",0,0
g80sh-exp-A-trcc-on.etl,2026-09-24 03:33:25.386128,220,"GPU",,
g80sh-exp-A-trcc-on.etl,2026-09-24 03:33:25.434923,1010,"DISPLAY\Default_Monitor\7&16b8ddb4&0&UID260",,
g80sh-exp-A-trcc-on.etl,2026-09-24 03:33:25.501525,1099,"0",0,0
g80sh-exp-A-trcc-on.etl,2026-09-24 03:33:28.707890,1099,"260",10,25120
g80sh-exp-A-trcc-on.etl,2026-09-24 03:33:28.939300,1099,"0",0,0
g80sh-exp-A-trcc-on.etl,2026-09-24 03:33:28.939361,220,"GPU",,
g80sh-exp-A-trcc-on.etl,2026-09-24 03:33:28.968858,1099,"0",0,0
g80sh-exp-A-trcc-on.etl,2026-09-24 03:33:56.351387,1099,"256",10,25121
g80sh-exp-A-trcc-on.etl,2026-09-24 03:33:56.351402,1099,"257",8,25122
g80sh-exp-A-trcc-on.etl,2026-09-24 03:33:56.351407,1099,"258",8,25123
g80sh-exp-A-trcc-on.etl,2026-09-24 03:33:56.351412,1099,"259",8,25124
g80sh-exp-A-trcc-on.etl,2026-09-24 03:33:56.351419,1099,"260",10,25125
g80sh-exp-A-trcc-on.etl,2026-09-24 03:33:56.351426,1099,"261",8,25126
g80sh-exp-A-trcc-on.etl,2026-09-24 03:33:56.351430,1099,"262",8,25127
g80sh-exp-A-trcc-on.etl,2026-09-24 03:33:56.351435,1099,"263",8,25128
g80sh-exp-A-trcc-on.etl,2026-09-24 03:33:56.351439,1099,"264",8,25129
g80sh-exp-A-trcc-on.etl,2026-09-24 03:33:56.351447,1099,"265",10,25130
g80sh-exp-A-trcc-on.etl,2026-09-24 03:33:56.351454,1099,"266",8,25131
g80sh-exp-A-trcc-on.etl,2026-09-24 03:33:56.351456,1099,"0",0,0
g80sh-exp-A-trcc-on.etl,2026-09-24 03:34:10.777532,1099,"256",10,25132
g80sh-exp-A-trcc-on.etl,2026-09-24 03:34:10.777555,1099,"257",8,25133
g80sh-exp-A-trcc-on.etl,2026-09-24 03:34:10.777561,1099,"258",8,25134
g80sh-exp-A-trcc-on.etl,2026-09-24 03:34:10.777566,1099,"259",8,25135
g80sh-exp-A-trcc-on.etl,2026-09-24 03:34:10.777575,1099,"260",10,25136
g80sh-exp-A-trcc-on.etl,2026-09-24 03:34:10.777584,1099,"261",8,25137
g80sh-exp-A-trcc-on.etl,2026-09-24 03:34:10.777590,1099,"262",8,25138
g80sh-exp-A-trcc-on.etl,2026-09-24 03:34:10.777595,1099,"263",8,25139
g80sh-exp-A-trcc-on.etl,2026-09-24 03:34:10.777601,1099,"264",8,25140
g80sh-exp-A-trcc-on.etl,2026-09-24 03:34:10.777611,1099,"265",10,25141
g80sh-exp-A-trcc-on.etl,2026-09-24 03:34:10.777620,1099,"266",8,25142
g80sh-exp-A-trcc-on.etl,2026-09-24 03:34:10.777623,1099,"0",0,0
g80sh-exp-A-trcc-on.etl,2026-09-24 03:34:12.176818,1099,"260",8,25143
g80sh-exp-A-trcc-on.etl,2026-09-24 03:34:12.176938,1099,"260",10,25144
g80sh-exp-A-trcc-on.etl,2026-09-24 03:34:12.177000,220,"GPU",,
g80sh-exp-A-trcc-on.etl,2026-09-24 03:34:12.202381,1099,"0",0,0
g80sh-exp-A-trcc-on.etl,2026-09-24 03:34:12.214012,1010,"DISPLAY\SAM7B0C\7&16b8ddb4&0&UID260",,
g80sh-exp-A-trcc-on.etl,2026-09-24 03:34:12.274395,1099,"0",0,0
g80sh-exp-A-trcc-on.etl,2026-09-24 03:34:12.395391,1099,"260",8,25145
g80sh-exp-A-trcc-on.etl,2026-09-24 03:34:12.395447,1099,"0",0,0
g80sh-exp-A-trcc-on.etl,2026-09-24 03:34:12.395515,220,"GPU",,
g80sh-exp-A-trcc-on.etl,2026-09-24 03:34:12.442239,1010,"DISPLAY\Default_Monitor\7&16b8ddb4&0&UID260",,
g80sh-exp-A-trcc-on.etl,2026-09-24 03:34:12.492257,1099,"0",0,0
g80sh-exp-A-trcc-on.etl,2026-09-24 03:34:15.729944,1099,"260",10,25146
g80sh-exp-A-trcc-on.etl,2026-09-24 03:34:15.976227,1099,"0",0,0
g80sh-exp-A-trcc-on.etl,2026-09-24 03:34:15.976294,220,"GPU",,
g80sh-exp-A-trcc-on.etl,2026-09-24 03:34:16.005142,1099,"0",0,0
g80sh-exp-A-trcc-on.etl,2026-09-24 03:34:43.018251,1099,"256",10,25147
g80sh-exp-A-trcc-on.etl,2026-09-24 03:34:43.018265,1099,"257",8,25148
g80sh-exp-A-trcc-on.etl,2026-09-24 03:34:43.018268,1099,"258",8,25149
g80sh-exp-A-trcc-on.etl,2026-09-24 03:34:43.018271,1099,"259",8,25150
g80sh-exp-A-trcc-on.etl,2026-09-24 03:34:43.018277,1099,"260",10,25151
g80sh-exp-A-trcc-on.etl,2026-09-24 03:34:43.018282,1099,"261",8,25152
g80sh-exp-A-trcc-on.etl,2026-09-24 03:34:43.018285,1099,"262",8,25153
g80sh-exp-A-trcc-on.etl,2026-09-24 03:34:43.018288,1099,"263",8,25154
g80sh-exp-A-trcc-on.etl,2026-09-24 03:34:43.018291,1099,"264",8,25155
g80sh-exp-A-trcc-on.etl,2026-09-24 03:34:43.018297,1099,"265",10,25156
g80sh-exp-A-trcc-on.etl,2026-09-24 03:34:43.018302,1099,"266",8,25157
g80sh-exp-A-trcc-on.etl,2026-09-24 03:34:43.018304,1099,"0",0,0
g80sh-exp-A-trcc-on.etl,2026-09-24 03:34:53.235496,1099,"256",10,25158
g80sh-exp-A-trcc-on.etl,2026-09-24 03:34:53.235512,1099,"257",8,25159
g80sh-exp-A-trcc-on.etl,2026-09-24 03:34:53.235517,1099,"258",8,25160
g80sh-exp-A-trcc-on.etl,2026-09-24 03:34:53.235522,1099,"259",8,25161
g80sh-exp-A-trcc-on.etl,2026-09-24 03:34:53.235530,1099,"260",10,25162
g80sh-exp-A-trcc-on.etl,2026-09-24 03:34:53.235537,1099,"261",8,25163
g80sh-exp-A-trcc-on.etl,2026-09-24 03:34:53.235541,1099,"262",8,25164
g80sh-exp-A-trcc-on.etl,2026-09-24 03:34:53.235546,1099,"263",8,25165
g80sh-exp-A-trcc-on.etl,2026-09-24 03:34:53.235550,1099,"264",8,25166
g80sh-exp-A-trcc-on.etl,2026-09-24 03:34:53.235558,1099,"265",10,25167
g80sh-exp-A-trcc-on.etl,2026-09-24 03:34:53.235565,1099,"266",8,25168
g80sh-exp-A-trcc-on.etl,2026-09-24 03:34:53.235567,1099,"0",0,0
g80sh-exp-A-trcc-on.etl,2026-09-24 03:34:54.641252,1099,"260",8,25169
g80sh-exp-A-trcc-on.etl,2026-09-24 03:34:54.641445,1099,"260",10,25170
g80sh-exp-A-trcc-on.etl,2026-09-24 03:34:54.641495,220,"GPU",,
g80sh-exp-A-trcc-on.etl,2026-09-24 03:34:54.668097,1099,"0",0,0
g80sh-exp-A-trcc-on.etl,2026-09-24 03:34:54.679850,1010,"DISPLAY\SAM7B0C\7&16b8ddb4&0&UID260",,
g80sh-exp-A-trcc-on.etl,2026-09-24 03:34:54.741846,1099,"0",0,0
g80sh-exp-A-trcc-on.etl,2026-09-24 03:34:54.867733,1099,"260",8,25171
g80sh-exp-A-trcc-on.etl,2026-09-24 03:34:54.867796,1099,"0",0,0
g80sh-exp-A-trcc-on.etl,2026-09-24 03:34:54.867847,220,"GPU",,
g80sh-exp-A-trcc-on.etl,2026-09-24 03:34:54.926717,1010,"DISPLAY\Default_Monitor\7&16b8ddb4&0&UID260",,
g80sh-exp-A-trcc-on.etl,2026-09-24 03:34:54.995448,1099,"0",0,0
g80sh-exp-A-trcc-on.etl,2026-09-24 03:34:58.185679,1099,"260",10,25172
g80sh-exp-A-trcc-on.etl,2026-09-24 03:34:58.433548,1099,"0",0,0
g80sh-exp-A-trcc-on.etl,2026-09-24 03:34:58.433647,220,"GPU",,
g80sh-exp-A-trcc-on.etl,2026-09-24 03:34:58.460596,1099,"0",0,0
g80sh-exp-A-trcc-on.etl,2026-09-24 03:35:26.581352,1099,"256",10,25173
g80sh-exp-A-trcc-on.etl,2026-09-24 03:35:26.581368,1099,"257",8,25174
g80sh-exp-A-trcc-on.etl,2026-09-24 03:35:26.581373,1099,"258",8,25175
g80sh-exp-A-trcc-on.etl,2026-09-24 03:35:26.581377,1099,"259",8,25176
g80sh-exp-A-trcc-on.etl,2026-09-24 03:35:26.581384,1099,"260",10,25177
g80sh-exp-A-trcc-on.etl,2026-09-24 03:35:26.581391,1099,"261",8,25178
g80sh-exp-A-trcc-on.etl,2026-09-24 03:35:26.581396,1099,"262",8,25179
g80sh-exp-A-trcc-on.etl,2026-09-24 03:35:26.581400,1099,"263",8,25180
g80sh-exp-A-trcc-on.etl,2026-09-24 03:35:26.581405,1099,"264",8,25181
g80sh-exp-A-trcc-on.etl,2026-09-24 03:35:26.581413,1099,"265",10,25182
g80sh-exp-A-trcc-on.etl,2026-09-24 03:35:26.581420,1099,"266",8,25183
g80sh-exp-A-trcc-on.etl,2026-09-24 03:35:26.581422,1099,"0",0,0
g80sh-exp-A-trcc-on.etl,2026-09-24 03:35:36.916758,1099,"256",10,25184
g80sh-exp-A-trcc-on.etl,2026-09-24 03:35:36.916774,1099,"257",8,25185
g80sh-exp-A-trcc-on.etl,2026-09-24 03:35:36.916779,1099,"258",8,25186
g80sh-exp-A-trcc-on.etl,2026-09-24 03:35:36.916784,1099,"259",8,25187
g80sh-exp-A-trcc-on.etl,2026-09-24 03:35:36.916790,1099,"260",10,25188
g80sh-exp-A-trcc-on.etl,2026-09-24 03:35:36.916797,1099,"261",8,25189
g80sh-exp-A-trcc-on.etl,2026-09-24 03:35:36.916802,1099,"262",8,25190
g80sh-exp-A-trcc-on.etl,2026-09-24 03:35:36.916806,1099,"263",8,25191
g80sh-exp-A-trcc-on.etl,2026-09-24 03:35:36.916811,1099,"264",8,25192
g80sh-exp-A-trcc-on.etl,2026-09-24 03:35:36.916819,1099,"265",10,25193
g80sh-exp-A-trcc-on.etl,2026-09-24 03:35:36.916826,1099,"266",8,25194
g80sh-exp-A-trcc-on.etl,2026-09-24 03:35:36.916828,1099,"0",0,0
g80sh-exp-A-trcc-on.etl,2026-09-24 03:35:38.311897,1099,"260",8,25195
g80sh-exp-A-trcc-on.etl,2026-09-24 03:35:38.312054,1099,"260",10,25196
g80sh-exp-A-trcc-on.etl,2026-09-24 03:35:38.312099,220,"GPU",,
g80sh-exp-A-trcc-on.etl,2026-09-24 03:35:38.339588,1099,"0",0,0
g80sh-exp-A-trcc-on.etl,2026-09-24 03:35:38.350782,1010,"DISPLAY\SAM7B0C\7&16b8ddb4&0&UID260",,
g80sh-exp-A-trcc-on.etl,2026-09-24 03:35:38.411636,1099,"0",0,0
g80sh-exp-A-trcc-on.etl,2026-09-24 03:35:38.563157,1099,"260",8,25197
g80sh-exp-A-trcc-on.etl,2026-09-24 03:35:38.563219,1099,"0",0,0
g80sh-exp-A-trcc-on.etl,2026-09-24 03:35:38.563271,220,"GPU",,
g80sh-exp-A-trcc-on.etl,2026-09-24 03:35:38.612438,1010,"DISPLAY\Default_Monitor\7&16b8ddb4&0&UID260",,
g80sh-exp-A-trcc-on.etl,2026-09-24 03:35:38.663957,1099,"0",0,0
g80sh-exp-A-trcc-on.etl,2026-09-24 03:35:41.899010,1099,"260",10,25198
g80sh-exp-A-trcc-on.etl,2026-09-24 03:35:42.147317,1099,"0",0,0
g80sh-exp-A-trcc-on.etl,2026-09-24 03:35:42.147372,220,"GPU",,
g80sh-exp-A-trcc-on.etl,2026-09-24 03:35:42.177298,1099,"0",0,0
g80sh-exp-A-trcc-on.etl,2026-09-24 03:36:20.335002,1099,"256",10,25199
g80sh-exp-A-trcc-on.etl,2026-09-24 03:36:20.335018,1099,"257",8,25200
g80sh-exp-A-trcc-on.etl,2026-09-24 03:36:20.335023,1099,"258",8,25201
g80sh-exp-A-trcc-on.etl,2026-09-24 03:36:20.335027,1099,"259",8,25202
g80sh-exp-A-trcc-on.etl,2026-09-24 03:36:20.335034,1099,"260",10,25203
g80sh-exp-A-trcc-on.etl,2026-09-24 03:36:20.335042,1099,"261",8,25204
g80sh-exp-A-trcc-on.etl,2026-09-24 03:36:20.335047,1099,"262",8,25205
g80sh-exp-A-trcc-on.etl,2026-09-24 03:36:20.335051,1099,"263",8,25206
g80sh-exp-A-trcc-on.etl,2026-09-24 03:36:20.335056,1099,"264",8,25207
g80sh-exp-A-trcc-on.etl,2026-09-24 03:36:20.335064,1099,"265",10,25208
g80sh-exp-A-trcc-on.etl,2026-09-24 03:36:20.335071,1099,"266",8,25209
g80sh-exp-A-trcc-on.etl,2026-09-24 03:36:20.335072,1099,"0",0,0
g80sh-exp-A-trcc-on.etl,2026-09-24 03:36:21.725903,1099,"260",8,25210
g80sh-exp-A-trcc-on.etl,2026-09-24 03:36:21.726027,1099,"260",10,25211
g80sh-exp-A-trcc-on.etl,2026-09-24 03:36:21.726167,220,"GPU",,
g80sh-exp-A-trcc-on.etl,2026-09-24 03:36:21.753049,1099,"0",0,0
g80sh-exp-A-trcc-on.etl,2026-09-24 03:36:21.766514,1010,"DISPLAY\SAM7B0C\7&16b8ddb4&0&UID260",,
g80sh-exp-A-trcc-on.etl,2026-09-24 03:36:21.825626,1099,"0",0,0
g80sh-exp-A-trcc-on.etl,2026-09-24 03:36:21.955634,1099,"260",8,25212
g80sh-exp-A-trcc-on.etl,2026-09-24 03:36:21.955719,1099,"0",0,0
g80sh-exp-A-trcc-on.etl,2026-09-24 03:36:21.955773,220,"GPU",,
g80sh-exp-A-trcc-on.etl,2026-09-24 03:36:22.009591,1010,"DISPLAY\Default_Monitor\7&16b8ddb4&0&UID260",,
g80sh-exp-A-trcc-on.etl,2026-09-24 03:36:22.077382,1099,"0",0,0
g80sh-exp-A-trcc-on.etl,2026-09-24 03:36:25.275867,1099,"260",10,25213
g80sh-exp-A-trcc-on.etl,2026-09-24 03:36:25.506358,1099,"0",0,0
g80sh-exp-A-trcc-on.etl,2026-09-24 03:36:25.506430,220,"GPU",,
g80sh-exp-A-trcc-on.etl,2026-09-24 03:36:25.536720,1099,"0",0,0
g80sh-exp-B-trcc-off.etl,2026-09-24 03:37:03.575890,1099,"256",10,25214
g80sh-exp-B-trcc-off.etl,2026-09-24 03:37:03.575905,1099,"257",8,25215
g80sh-exp-B-trcc-off.etl,2026-09-24 03:37:03.575910,1099,"258",8,25216
g80sh-exp-B-trcc-off.etl,2026-09-24 03:37:03.575915,1099,"259",8,25217
g80sh-exp-B-trcc-off.etl,2026-09-24 03:37:03.575921,1099,"260",10,25218
g80sh-exp-B-trcc-off.etl,2026-09-24 03:37:03.575928,1099,"261",8,25219
g80sh-exp-B-trcc-off.etl,2026-09-24 03:37:03.575933,1099,"262",8,25220
g80sh-exp-B-trcc-off.etl,2026-09-24 03:37:03.575937,1099,"263",8,25221
g80sh-exp-B-trcc-off.etl,2026-09-24 03:37:03.575942,1099,"264",8,25222
g80sh-exp-B-trcc-off.etl,2026-09-24 03:37:03.575950,1099,"265",10,25223
g80sh-exp-B-trcc-off.etl,2026-09-24 03:37:03.575956,1099,"266",8,25224
g80sh-exp-B-trcc-off.etl,2026-09-24 03:37:03.575958,1099,"0",0,0
g80sh-exp-B-trcc-off.etl,2026-09-24 03:37:04.967884,1099,"260",8,25225
g80sh-exp-B-trcc-off.etl,2026-09-24 03:37:04.968014,1099,"260",10,25226
g80sh-exp-B-trcc-off.etl,2026-09-24 03:37:04.968141,220,"GPU",,
g80sh-exp-B-trcc-off.etl,2026-09-24 03:37:04.994472,1099,"0",0,0
g80sh-exp-B-trcc-off.etl,2026-09-24 03:37:05.007507,1010,"DISPLAY\SAM7B0C\7&16b8ddb4&0&UID260",,
g80sh-exp-B-trcc-off.etl,2026-09-24 03:37:05.066076,1099,"0",0,0
g80sh-exp-B-trcc-off.etl,2026-09-24 03:37:05.176291,1099,"260",8,25227
g80sh-exp-B-trcc-off.etl,2026-09-24 03:37:05.176358,1099,"0",0,0
g80sh-exp-B-trcc-off.etl,2026-09-24 03:37:05.176410,220,"GPU",,
g80sh-exp-B-trcc-off.etl,2026-09-24 03:37:05.233973,1010,"DISPLAY\Default_Monitor\7&16b8ddb4&0&UID260",,
g80sh-exp-B-trcc-off.etl,2026-09-24 03:37:05.318958,1099,"0",0,0
g80sh-exp-B-trcc-off.etl,2026-09-24 03:37:08.506038,1099,"260",10,25228
g80sh-exp-B-trcc-off.etl,2026-09-24 03:37:08.756865,1099,"0",0,0
g80sh-exp-B-trcc-off.etl,2026-09-24 03:37:08.756926,220,"GPU",,
g80sh-exp-B-trcc-off.etl,2026-09-24 03:37:08.787019,1099,"0",0,0
g80sh-exp-B-trcc-off.etl,2026-09-24 03:37:36.949127,1099,"256",10,25229
g80sh-exp-B-trcc-off.etl,2026-09-24 03:37:36.949142,1099,"257",8,25230
g80sh-exp-B-trcc-off.etl,2026-09-24 03:37:36.949147,1099,"258",8,25231
g80sh-exp-B-trcc-off.etl,2026-09-24 03:37:36.949151,1099,"259",8,25232
g80sh-exp-B-trcc-off.etl,2026-09-24 03:37:36.949158,1099,"260",10,25233
g80sh-exp-B-trcc-off.etl,2026-09-24 03:37:36.949165,1099,"261",8,25234
g80sh-exp-B-trcc-off.etl,2026-09-24 03:37:36.949170,1099,"262",8,25235
g80sh-exp-B-trcc-off.etl,2026-09-24 03:37:36.949174,1099,"263",8,25236
g80sh-exp-B-trcc-off.etl,2026-09-24 03:37:36.949179,1099,"264",8,25237
g80sh-exp-B-trcc-off.etl,2026-09-24 03:37:36.949187,1099,"265",10,25238
g80sh-exp-B-trcc-off.etl,2026-09-24 03:37:36.949194,1099,"266",8,25239
g80sh-exp-B-trcc-off.etl,2026-09-24 03:37:36.949196,1099,"0",0,0
g80sh-exp-B-trcc-off.etl,2026-09-24 03:38:01.025000,1099,"256",10,25240
g80sh-exp-B-trcc-off.etl,2026-09-24 03:38:01.025016,1099,"257",8,25241
g80sh-exp-B-trcc-off.etl,2026-09-24 03:38:01.025021,1099,"258",8,25242
g80sh-exp-B-trcc-off.etl,2026-09-24 03:38:01.025026,1099,"259",8,25243
g80sh-exp-B-trcc-off.etl,2026-09-24 03:38:01.025033,1099,"260",10,25244
g80sh-exp-B-trcc-off.etl,2026-09-24 03:38:01.025040,1099,"261",8,25245
g80sh-exp-B-trcc-off.etl,2026-09-24 03:38:01.025045,1099,"262",8,25246
g80sh-exp-B-trcc-off.etl,2026-09-24 03:38:01.025049,1099,"263",8,25247
g80sh-exp-B-trcc-off.etl,2026-09-24 03:38:01.025054,1099,"264",8,25248
g80sh-exp-B-trcc-off.etl,2026-09-24 03:38:01.025061,1099,"265",10,25249
g80sh-exp-B-trcc-off.etl,2026-09-24 03:38:01.025068,1099,"266",8,25250
g80sh-exp-B-trcc-off.etl,2026-09-24 03:38:01.025070,1099,"0",0,0
g80sh-exp-B-trcc-off.etl,2026-09-24 03:38:02.441369,1099,"260",8,25251
g80sh-exp-B-trcc-off.etl,2026-09-24 03:38:02.441489,1099,"260",10,25252
g80sh-exp-B-trcc-off.etl,2026-09-24 03:38:02.441541,220,"GPU",,
g80sh-exp-B-trcc-off.etl,2026-09-24 03:38:02.470449,1099,"0",0,0
g80sh-exp-B-trcc-off.etl,2026-09-24 03:38:02.481463,1010,"DISPLAY\SAM7B0C\7&16b8ddb4&0&UID260",,
g80sh-exp-B-trcc-off.etl,2026-09-24 03:38:02.543192,1099,"0",0,0
g80sh-exp-B-trcc-off.etl,2026-09-24 03:38:02.648106,1099,"260",8,25253
g80sh-exp-B-trcc-off.etl,2026-09-24 03:38:02.648165,1099,"0",0,0
g80sh-exp-B-trcc-off.etl,2026-09-24 03:38:02.648223,220,"GPU",,
g80sh-exp-B-trcc-off.etl,2026-09-24 03:38:02.694150,1010,"DISPLAY\Default_Monitor\7&16b8ddb4&0&UID260",,
g80sh-exp-B-trcc-off.etl,2026-09-24 03:38:02.778132,1099,"0",0,0
g80sh-exp-B-trcc-off.etl,2026-09-24 03:38:05.967374,1099,"260",10,25254
g80sh-exp-B-trcc-off.etl,2026-09-24 03:38:06.215681,1099,"0",0,0
g80sh-exp-B-trcc-off.etl,2026-09-24 03:38:06.215733,220,"GPU",,
g80sh-exp-B-trcc-off.etl,2026-09-24 03:38:06.243098,1099,"0",0,0
g80sh-exp-B-trcc-off.etl,2026-09-24 03:38:35.018797,1099,"256",10,25255
g80sh-exp-B-trcc-off.etl,2026-09-24 03:38:35.018813,1099,"257",8,25256
g80sh-exp-B-trcc-off.etl,2026-09-24 03:38:35.018818,1099,"258",8,25257
g80sh-exp-B-trcc-off.etl,2026-09-24 03:38:35.018822,1099,"259",8,25258
g80sh-exp-B-trcc-off.etl,2026-09-24 03:38:35.018829,1099,"260",10,25259
g80sh-exp-B-trcc-off.etl,2026-09-24 03:38:35.018836,1099,"261",8,25260
g80sh-exp-B-trcc-off.etl,2026-09-24 03:38:35.018841,1099,"262",8,25261
g80sh-exp-B-trcc-off.etl,2026-09-24 03:38:35.018845,1099,"263",8,25262
g80sh-exp-B-trcc-off.etl,2026-09-24 03:38:35.018850,1099,"264",8,25263
g80sh-exp-B-trcc-off.etl,2026-09-24 03:38:35.018858,1099,"265",10,25264
g80sh-exp-B-trcc-off.etl,2026-09-24 03:38:35.018865,1099,"266",8,25265
g80sh-exp-B-trcc-off.etl,2026-09-24 03:38:35.018866,1099,"0",0,0
g80sh-exp-B-trcc-off.etl,2026-09-24 03:38:45.360785,1099,"256",10,25266
g80sh-exp-B-trcc-off.etl,2026-09-24 03:38:45.360802,1099,"257",8,25267
g80sh-exp-B-trcc-off.etl,2026-09-24 03:38:45.360806,1099,"258",8,25268
g80sh-exp-B-trcc-off.etl,2026-09-24 03:38:45.360811,1099,"259",8,25269
g80sh-exp-B-trcc-off.etl,2026-09-24 03:38:45.360818,1099,"260",10,25270
g80sh-exp-B-trcc-off.etl,2026-09-24 03:38:45.360825,1099,"261",8,25271
g80sh-exp-B-trcc-off.etl,2026-09-24 03:38:45.360830,1099,"262",8,25272
g80sh-exp-B-trcc-off.etl,2026-09-24 03:38:45.360834,1099,"263",8,25273
g80sh-exp-B-trcc-off.etl,2026-09-24 03:38:45.360839,1099,"264",8,25274
g80sh-exp-B-trcc-off.etl,2026-09-24 03:38:45.360846,1099,"265",10,25275
g80sh-exp-B-trcc-off.etl,2026-09-24 03:38:45.360853,1099,"266",8,25276
g80sh-exp-B-trcc-off.etl,2026-09-24 03:38:45.360855,1099,"0",0,0
g80sh-exp-B-trcc-off.etl,2026-09-24 03:38:46.756446,1099,"260",8,25277
g80sh-exp-B-trcc-off.etl,2026-09-24 03:38:46.756574,1099,"260",10,25278
g80sh-exp-B-trcc-off.etl,2026-09-24 03:38:46.756645,220,"GPU",,
g80sh-exp-B-trcc-off.etl,2026-09-24 03:38:46.785868,1099,"0",0,0
g80sh-exp-B-trcc-off.etl,2026-09-24 03:38:46.798779,1010,"DISPLAY\SAM7B0C\7&16b8ddb4&0&UID260",,
g80sh-exp-B-trcc-off.etl,2026-09-24 03:38:46.859714,1099,"0",0,0
g80sh-exp-B-trcc-off.etl,2026-09-24 03:38:47.109372,1099,"260",8,25279
g80sh-exp-B-trcc-off.etl,2026-09-24 03:38:47.109496,1099,"0",0,0
g80sh-exp-B-trcc-off.etl,2026-09-24 03:38:47.109552,220,"GPU",,
g80sh-exp-B-trcc-off.etl,2026-09-24 03:38:47.160729,1010,"DISPLAY\Default_Monitor\7&16b8ddb4&0&UID260",,
g80sh-exp-B-trcc-off.etl,2026-09-24 03:38:47.194554,1099,"0",0,0
g80sh-exp-B-trcc-off.etl,2026-09-24 03:38:50.431900,1099,"260",10,25280
g80sh-exp-B-trcc-off.etl,2026-09-24 03:38:50.679968,1099,"0",0,0
g80sh-exp-B-trcc-off.etl,2026-09-24 03:38:50.680021,220,"GPU",,
g80sh-exp-B-trcc-off.etl,2026-09-24 03:38:50.711785,1099,"0",0,0
g80sh-exp-B-trcc-off.etl,2026-09-24 03:39:28.650385,1099,"256",10,25281
g80sh-exp-B-trcc-off.etl,2026-09-24 03:39:28.650401,1099,"257",8,25282
g80sh-exp-B-trcc-off.etl,2026-09-24 03:39:28.650406,1099,"258",8,25283
g80sh-exp-B-trcc-off.etl,2026-09-24 03:39:28.650411,1099,"259",8,25284
g80sh-exp-B-trcc-off.etl,2026-09-24 03:39:28.650418,1099,"260",10,25285
g80sh-exp-B-trcc-off.etl,2026-09-24 03:39:28.650424,1099,"261",8,25286
g80sh-exp-B-trcc-off.etl,2026-09-24 03:39:28.650429,1099,"262",8,25287
g80sh-exp-B-trcc-off.etl,2026-09-24 03:39:28.650434,1099,"263",8,25288
g80sh-exp-B-trcc-off.etl,2026-09-24 03:39:28.650438,1099,"264",8,25289
g80sh-exp-B-trcc-off.etl,2026-09-24 03:39:28.650446,1099,"265",10,25290
g80sh-exp-B-trcc-off.etl,2026-09-24 03:39:28.650453,1099,"266",8,25291
g80sh-exp-B-trcc-off.etl,2026-09-24 03:39:28.650455,1099,"0",0,0
g80sh-exp-B-trcc-off.etl,2026-09-24 03:39:30.045493,1099,"260",8,25292
g80sh-exp-B-trcc-off.etl,2026-09-24 03:39:30.045618,1099,"260",10,25293
g80sh-exp-B-trcc-off.etl,2026-09-24 03:39:30.045683,220,"GPU",,
g80sh-exp-B-trcc-off.etl,2026-09-24 03:39:30.072307,1099,"0",0,0
g80sh-exp-B-trcc-off.etl,2026-09-24 03:39:30.084428,1010,"DISPLAY\SAM7B0C\7&16b8ddb4&0&UID260",,
g80sh-exp-B-trcc-off.etl,2026-09-24 03:39:30.147113,1099,"0",0,0
g80sh-exp-B-trcc-off.etl,2026-09-24 03:39:30.277263,1099,"260",8,25294
g80sh-exp-B-trcc-off.etl,2026-09-24 03:39:30.277338,1099,"0",0,0
g80sh-exp-B-trcc-off.etl,2026-09-24 03:39:30.277455,220,"GPU",,
g80sh-exp-B-trcc-off.etl,2026-09-24 03:39:30.332130,1010,"DISPLAY\Default_Monitor\7&16b8ddb4&0&UID260",,
g80sh-exp-B-trcc-off.etl,2026-09-24 03:39:30.431976,1099,"0",0,0
g80sh-exp-B-trcc-off.etl,2026-09-24 03:39:33.600093,1099,"260",10,25295
g80sh-exp-B-trcc-off.etl,2026-09-24 03:39:33.849430,1099,"0",0,0
g80sh-exp-B-trcc-off.etl,2026-09-24 03:39:33.849479,220,"GPU",,
g80sh-exp-B-trcc-off.etl,2026-09-24 03:39:33.877150,1099,"0",0,0
g80sh-exp-B-trcc-off.etl,2026-09-24 03:40:02.030401,1099,"256",10,25296
g80sh-exp-B-trcc-off.etl,2026-09-24 03:40:02.030417,1099,"257",8,25297
g80sh-exp-B-trcc-off.etl,2026-09-24 03:40:02.030422,1099,"258",8,25298
g80sh-exp-B-trcc-off.etl,2026-09-24 03:40:02.030427,1099,"259",8,25299
g80sh-exp-B-trcc-off.etl,2026-09-24 03:40:02.030434,1099,"260",10,25300
g80sh-exp-B-trcc-off.etl,2026-09-24 03:40:02.030441,1099,"261",8,25301
g80sh-exp-B-trcc-off.etl,2026-09-24 03:40:02.030445,1099,"262",8,25302
g80sh-exp-B-trcc-off.etl,2026-09-24 03:40:02.030450,1099,"263",8,25303
g80sh-exp-B-trcc-off.etl,2026-09-24 03:40:02.030454,1099,"264",8,25304
g80sh-exp-B-trcc-off.etl,2026-09-24 03:40:02.030462,1099,"265",10,25305
g80sh-exp-B-trcc-off.etl,2026-09-24 03:40:02.030469,1099,"266",8,25306
g80sh-exp-B-trcc-off.etl,2026-09-24 03:40:02.030471,1099,"0",0,0
g80sh-exp-B-trcc-off.etl,2026-09-24 03:40:12.378958,1099,"256",10,25307
g80sh-exp-B-trcc-off.etl,2026-09-24 03:40:12.378974,1099,"257",8,25308
g80sh-exp-B-trcc-off.etl,2026-09-24 03:40:12.378979,1099,"258",8,25309
g80sh-exp-B-trcc-off.etl,2026-09-24 03:40:12.378984,1099,"259",8,25310
g80sh-exp-B-trcc-off.etl,2026-09-24 03:40:12.378991,1099,"260",10,25311
g80sh-exp-B-trcc-off.etl,2026-09-24 03:40:12.378998,1099,"261",8,25312
g80sh-exp-B-trcc-off.etl,2026-09-24 03:40:12.379002,1099,"262",8,25313
g80sh-exp-B-trcc-off.etl,2026-09-24 03:40:12.379007,1099,"263",8,25314
g80sh-exp-B-trcc-off.etl,2026-09-24 03:40:12.379011,1099,"264",8,25315
g80sh-exp-B-trcc-off.etl,2026-09-24 03:40:12.379019,1099,"265",10,25316
g80sh-exp-B-trcc-off.etl,2026-09-24 03:40:12.379026,1099,"266",8,25317
g80sh-exp-B-trcc-off.etl,2026-09-24 03:40:12.379028,1099,"0",0,0
g80sh-exp-B-trcc-off.etl,2026-09-24 03:40:13.772930,1099,"260",8,25318
g80sh-exp-B-trcc-off.etl,2026-09-24 03:40:13.773073,1099,"260",10,25319
g80sh-exp-B-trcc-off.etl,2026-09-24 03:40:13.773122,220,"GPU",,
g80sh-exp-B-trcc-off.etl,2026-09-24 03:40:13.798592,1099,"0",0,0
g80sh-exp-B-trcc-off.etl,2026-09-24 03:40:13.810683,1010,"DISPLAY\SAM7B0C\7&16b8ddb4&0&UID260",,
g80sh-exp-B-trcc-off.etl,2026-09-24 03:40:13.872574,1099,"0",0,0
g80sh-exp-B-trcc-off.etl,2026-09-24 03:40:14.000029,1099,"260",8,25320
g80sh-exp-B-trcc-off.etl,2026-09-24 03:40:14.000104,1099,"0",0,0
g80sh-exp-B-trcc-off.etl,2026-09-24 03:40:14.000175,220,"GPU",,
g80sh-exp-B-trcc-off.etl,2026-09-24 03:40:14.023733,1010,"DISPLAY\Default_Monitor\7&16b8ddb4&0&UID260",,
g80sh-exp-B-trcc-off.etl,2026-09-24 03:40:14.109403,1099,"0",0,0
g80sh-exp-B-trcc-off.etl,2026-09-24 03:40:17.309312,1099,"260",10,25321
g80sh-exp-B-trcc-off.etl,2026-09-24 03:40:17.556821,1099,"0",0,0
g80sh-exp-B-trcc-off.etl,2026-09-24 03:40:17.556882,220,"GPU",,
g80sh-exp-B-trcc-off.etl,2026-09-24 03:40:17.583724,1099,"0",0,0
g80sh-exp-B-trcc-off.etl,2026-09-24 03:40:45.641486,1099,"256",10,25322
g80sh-exp-B-trcc-off.etl,2026-09-24 03:40:45.641501,1099,"257",8,25323
g80sh-exp-B-trcc-off.etl,2026-09-24 03:40:45.641505,1099,"258",8,25324
g80sh-exp-B-trcc-off.etl,2026-09-24 03:40:45.641510,1099,"259",8,25325
g80sh-exp-B-trcc-off.etl,2026-09-24 03:40:45.641517,1099,"260",10,25326
g80sh-exp-B-trcc-off.etl,2026-09-24 03:40:45.641525,1099,"261",8,25327
g80sh-exp-B-trcc-off.etl,2026-09-24 03:40:45.641530,1099,"262",8,25328
g80sh-exp-B-trcc-off.etl,2026-09-24 03:40:45.641535,1099,"263",8,25329
g80sh-exp-B-trcc-off.etl,2026-09-24 03:40:45.641539,1099,"264",8,25330
g80sh-exp-B-trcc-off.etl,2026-09-24 03:40:45.641547,1099,"265",10,25331
g80sh-exp-B-trcc-off.etl,2026-09-24 03:40:45.641554,1099,"266",8,25332
g80sh-exp-B-trcc-off.etl,2026-09-24 03:40:45.641556,1099,"0",0,0
g80sh-exp-B-trcc-off.etl,2026-09-24 03:40:58.918658,1099,"256",10,25333
g80sh-exp-B-trcc-off.etl,2026-09-24 03:40:58.918674,1099,"257",8,25334
g80sh-exp-B-trcc-off.etl,2026-09-24 03:40:58.918678,1099,"258",8,25335
g80sh-exp-B-trcc-off.etl,2026-09-24 03:40:58.918683,1099,"259",8,25336
g80sh-exp-B-trcc-off.etl,2026-09-24 03:40:58.918690,1099,"260",10,25337
g80sh-exp-B-trcc-off.etl,2026-09-24 03:40:58.918697,1099,"261",8,25338
g80sh-exp-B-trcc-off.etl,2026-09-24 03:40:58.918702,1099,"262",8,25339
g80sh-exp-B-trcc-off.etl,2026-09-24 03:40:58.918706,1099,"263",8,25340
g80sh-exp-B-trcc-off.etl,2026-09-24 03:40:58.918711,1099,"264",8,25341
g80sh-exp-B-trcc-off.etl,2026-09-24 03:40:58.918719,1099,"265",10,25342
g80sh-exp-B-trcc-off.etl,2026-09-24 03:40:58.918726,1099,"266",8,25343
g80sh-exp-B-trcc-off.etl,2026-09-24 03:40:58.918728,1099,"0",0,0
g80sh-exp-B-trcc-off.etl,2026-09-24 03:41:00.315908,1099,"260",8,25344
g80sh-exp-B-trcc-off.etl,2026-09-24 03:41:00.316083,1099,"260",10,25345
g80sh-exp-B-trcc-off.etl,2026-09-24 03:41:00.316125,220,"GPU",,
g80sh-exp-B-trcc-off.etl,2026-09-24 03:41:00.343382,1099,"0",0,0
g80sh-exp-B-trcc-off.etl,2026-09-24 03:41:00.354297,1010,"DISPLAY\SAM7B0C\7&16b8ddb4&0&UID260",,
g80sh-exp-B-trcc-off.etl,2026-09-24 03:41:00.414136,1099,"0",0,0
g80sh-exp-B-trcc-off.etl,2026-09-24 03:41:00.668294,1099,"260",8,25346
g80sh-exp-B-trcc-off.etl,2026-09-24 03:41:00.668363,1099,"0",0,0
g80sh-exp-B-trcc-off.etl,2026-09-24 03:41:00.668420,220,"GPU",,
g80sh-exp-B-trcc-off.etl,2026-09-24 03:41:00.715243,1010,"DISPLAY\Default_Monitor\7&16b8ddb4&0&UID260",,
g80sh-exp-B-trcc-off.etl,2026-09-24 03:41:00.750995,1099,"0",0,0
g80sh-exp-B-trcc-off.etl,2026-09-24 03:41:03.988294,1099,"260",10,25347
g80sh-exp-B-trcc-off.etl,2026-09-24 03:41:04.227115,1099,"0",0,0
g80sh-exp-B-trcc-off.etl,2026-09-24 03:41:04.227169,220,"GPU",,
g80sh-exp-B-trcc-off.etl,2026-09-24 03:41:04.258176,1099,"0",0,0
g80sh-exp-B-trcc-off.etl,2026-09-24 03:41:33.303320,1099,"256",10,25348
g80sh-exp-B-trcc-off.etl,2026-09-24 03:41:33.303344,1099,"257",8,25349
g80sh-exp-B-trcc-off.etl,2026-09-24 03:41:33.303353,1099,"258",8,25350
g80sh-exp-B-trcc-off.etl,2026-09-24 03:41:33.303361,1099,"259",8,25351
g80sh-exp-B-trcc-off.etl,2026-09-24 03:41:33.303373,1099,"260",10,25352
g80sh-exp-B-trcc-off.etl,2026-09-24 03:41:33.303386,1099,"261",8,25353
g80sh-exp-B-trcc-off.etl,2026-09-24 03:41:33.303395,1099,"262",8,25354
g80sh-exp-B-trcc-off.etl,2026-09-24 03:41:33.303403,1099,"263",8,25355
g80sh-exp-B-trcc-off.etl,2026-09-24 03:41:33.303411,1099,"264",8,25356
g80sh-exp-B-trcc-off.etl,2026-09-24 03:41:33.303425,1099,"265",10,25357
g80sh-exp-B-trcc-off.etl,2026-09-24 03:41:33.303438,1099,"266",8,25358
g80sh-exp-B-trcc-off.etl,2026-09-24 03:41:33.303441,1099,"0",0,0
g80sh-exp-B-trcc-off.etl,2026-09-24 03:41:43.652343,1099,"256",10,25359
g80sh-exp-B-trcc-off.etl,2026-09-24 03:41:43.652359,1099,"257",8,25360
g80sh-exp-B-trcc-off.etl,2026-09-24 03:41:43.652363,1099,"258",8,25361
g80sh-exp-B-trcc-off.etl,2026-09-24 03:41:43.652368,1099,"259",8,25362
g80sh-exp-B-trcc-off.etl,2026-09-24 03:41:43.652375,1099,"260",10,25363
g80sh-exp-B-trcc-off.etl,2026-09-24 03:41:43.652382,1099,"261",8,25364
g80sh-exp-B-trcc-off.etl,2026-09-24 03:41:43.652387,1099,"262",8,25365
g80sh-exp-B-trcc-off.etl,2026-09-24 03:41:43.652391,1099,"263",8,25366
g80sh-exp-B-trcc-off.etl,2026-09-24 03:41:43.652396,1099,"264",8,25367
g80sh-exp-B-trcc-off.etl,2026-09-24 03:41:43.652406,1099,"265",10,25368
g80sh-exp-B-trcc-off.etl,2026-09-24 03:41:43.652414,1099,"266",8,25369
g80sh-exp-B-trcc-off.etl,2026-09-24 03:41:43.652416,1099,"0",0,0
g80sh-exp-B-trcc-off.etl,2026-09-24 03:41:45.048146,1099,"260",8,25370
g80sh-exp-B-trcc-off.etl,2026-09-24 03:41:45.048331,1099,"260",10,25371
g80sh-exp-B-trcc-off.etl,2026-09-24 03:41:45.048372,220,"GPU",,
g80sh-exp-B-trcc-off.etl,2026-09-24 03:41:45.074669,1099,"0",0,0
g80sh-exp-B-trcc-off.etl,2026-09-24 03:41:45.087269,1010,"DISPLAY\SAM7B0C\7&16b8ddb4&0&UID260",,
g80sh-exp-B-trcc-off.etl,2026-09-24 03:41:45.147565,1099,"0",0,0
g80sh-exp-B-trcc-off.etl,2026-09-24 03:41:45.402083,1099,"260",8,25372
g80sh-exp-B-trcc-off.etl,2026-09-24 03:41:45.402151,1099,"0",0,0
g80sh-exp-B-trcc-off.etl,2026-09-24 03:41:45.402214,220,"GPU",,
g80sh-exp-B-trcc-off.etl,2026-09-24 03:41:45.447913,1010,"DISPLAY\Default_Monitor\7&16b8ddb4&0&UID260",,
g80sh-exp-B-trcc-off.etl,2026-09-24 03:41:45.482460,1099,"0",0,0
g80sh-exp-B-trcc-off.etl,2026-09-24 03:41:48.715164,1099,"260",10,25373
g80sh-exp-B-trcc-off.etl,2026-09-24 03:41:48.962981,1099,"0",0,0
g80sh-exp-B-trcc-off.etl,2026-09-24 03:41:48.963044,220,"GPU",,
g80sh-exp-B-trcc-off.etl,2026-09-24 03:41:48.993803,1099,"0",0,0
g80sh-exp-B-trcc-off.etl,2026-09-24 03:42:17.361589,1099,"256",10,25374
g80sh-exp-B-trcc-off.etl,2026-09-24 03:42:17.361605,1099,"257",8,25375
g80sh-exp-B-trcc-off.etl,2026-09-24 03:42:17.361610,1099,"258",8,25376
g80sh-exp-B-trcc-off.etl,2026-09-24 03:42:17.361615,1099,"259",8,25377
g80sh-exp-B-trcc-off.etl,2026-09-24 03:42:17.361622,1099,"260",10,25378
g80sh-exp-B-trcc-off.etl,2026-09-24 03:42:17.361629,1099,"261",8,25379
g80sh-exp-B-trcc-off.etl,2026-09-24 03:42:17.361633,1099,"262",8,25380
g80sh-exp-B-trcc-off.etl,2026-09-24 03:42:17.361637,1099,"263",8,25381
g80sh-exp-B-trcc-off.etl,2026-09-24 03:42:17.361642,1099,"264",8,25382
g80sh-exp-B-trcc-off.etl,2026-09-24 03:42:17.361650,1099,"265",10,25383
g80sh-exp-B-trcc-off.etl,2026-09-24 03:42:17.361657,1099,"266",8,25384
g80sh-exp-B-trcc-off.etl,2026-09-24 03:42:17.361659,1099,"0",0,0
g80sh-exp-B-trcc-off.etl,2026-09-24 03:42:29.365037,1099,"256",10,25385
g80sh-exp-B-trcc-off.etl,2026-09-24 03:42:29.365052,1099,"257",8,25386
g80sh-exp-B-trcc-off.etl,2026-09-24 03:42:29.365057,1099,"258",8,25387
g80sh-exp-B-trcc-off.etl,2026-09-24 03:42:29.365061,1099,"259",8,25388
g80sh-exp-B-trcc-off.etl,2026-09-24 03:42:29.365069,1099,"260",10,25389
g80sh-exp-B-trcc-off.etl,2026-09-24 03:42:29.365075,1099,"261",8,25390
g80sh-exp-B-trcc-off.etl,2026-09-24 03:42:29.365080,1099,"262",8,25391
g80sh-exp-B-trcc-off.etl,2026-09-24 03:42:29.365084,1099,"263",8,25392
g80sh-exp-B-trcc-off.etl,2026-09-24 03:42:29.365089,1099,"264",8,25393
g80sh-exp-B-trcc-off.etl,2026-09-24 03:42:29.365097,1099,"265",10,25394
g80sh-exp-B-trcc-off.etl,2026-09-24 03:42:29.365104,1099,"266",8,25395
g80sh-exp-B-trcc-off.etl,2026-09-24 03:42:29.365106,1099,"0",0,0
g80sh-exp-B-trcc-off.etl,2026-09-24 03:42:30.758418,1099,"260",8,25396
g80sh-exp-B-trcc-off.etl,2026-09-24 03:42:30.758544,1099,"260",10,25397
g80sh-exp-B-trcc-off.etl,2026-09-24 03:42:30.758606,220,"GPU",,
g80sh-exp-B-trcc-off.etl,2026-09-24 03:42:30.783805,1099,"0",0,0
g80sh-exp-B-trcc-off.etl,2026-09-24 03:42:30.799074,1010,"DISPLAY\SAM7B0C\7&16b8ddb4&0&UID260",,
g80sh-exp-B-trcc-off.etl,2026-09-24 03:42:30.855229,1099,"0",0,0
g80sh-exp-B-trcc-off.etl,2026-09-24 03:42:30.970698,1099,"260",8,25398
g80sh-exp-B-trcc-off.etl,2026-09-24 03:42:30.970751,1099,"0",0,0
g80sh-exp-B-trcc-off.etl,2026-09-24 03:42:30.970832,220,"GPU",,
g80sh-exp-B-trcc-off.etl,2026-09-24 03:42:31.022491,1010,"DISPLAY\Default_Monitor\7&16b8ddb4&0&UID260",,
g80sh-exp-B-trcc-off.etl,2026-09-24 03:42:31.092033,1099,"0",0,0
g80sh-exp-B-trcc-off.etl,2026-09-24 03:42:34.283992,1099,"260",10,25399
g80sh-exp-B-trcc-off.etl,2026-09-24 03:42:34.529757,1099,"0",0,0
g80sh-exp-B-trcc-off.etl,2026-09-24 03:42:34.529836,220,"GPU",,
g80sh-exp-B-trcc-off.etl,2026-09-24 03:42:34.556457,1099,"0",0,0
g80sh-exp-B-trcc-off.etl,2026-09-24 03:43:01.870553,1099,"256",10,25400
g80sh-exp-B-trcc-off.etl,2026-09-24 03:43:01.870568,1099,"257",8,25401
g80sh-exp-B-trcc-off.etl,2026-09-24 03:43:01.870573,1099,"258",8,25402
g80sh-exp-B-trcc-off.etl,2026-09-24 03:43:01.870578,1099,"259",8,25403
g80sh-exp-B-trcc-off.etl,2026-09-24 03:43:01.870585,1099,"260",10,25404
g80sh-exp-B-trcc-off.etl,2026-09-24 03:43:01.870592,1099,"261",8,25405
g80sh-exp-B-trcc-off.etl,2026-09-24 03:43:01.870597,1099,"262",8,25406
g80sh-exp-B-trcc-off.etl,2026-09-24 03:43:01.870601,1099,"263",8,25407
g80sh-exp-B-trcc-off.etl,2026-09-24 03:43:01.870605,1099,"264",8,25408
g80sh-exp-B-trcc-off.etl,2026-09-24 03:43:01.870613,1099,"265",10,25409
g80sh-exp-B-trcc-off.etl,2026-09-24 03:43:01.870620,1099,"266",8,25410
g80sh-exp-B-trcc-off.etl,2026-09-24 03:43:01.870622,1099,"0",0,0
g80sh-exp-B-trcc-off.etl,2026-09-24 03:43:12.228288,1099,"256",10,25411
g80sh-exp-B-trcc-off.etl,2026-09-24 03:43:12.228303,1099,"257",8,25412
g80sh-exp-B-trcc-off.etl,2026-09-24 03:43:12.228308,1099,"258",8,25413
g80sh-exp-B-trcc-off.etl,2026-09-24 03:43:12.228312,1099,"259",8,25414
g80sh-exp-B-trcc-off.etl,2026-09-24 03:43:12.228320,1099,"260",10,25415
g80sh-exp-B-trcc-off.etl,2026-09-24 03:43:12.228327,1099,"261",8,25416
g80sh-exp-B-trcc-off.etl,2026-09-24 03:43:12.228331,1099,"262",8,25417
g80sh-exp-B-trcc-off.etl,2026-09-24 03:43:12.228335,1099,"263",8,25418
g80sh-exp-B-trcc-off.etl,2026-09-24 03:43:12.228340,1099,"264",8,25419
g80sh-exp-B-trcc-off.etl,2026-09-24 03:43:12.228348,1099,"265",10,25420
g80sh-exp-B-trcc-off.etl,2026-09-24 03:43:12.228355,1099,"266",8,25421
g80sh-exp-B-trcc-off.etl,2026-09-24 03:43:12.228357,1099,"0",0,0
g80sh-exp-B-trcc-off.etl,2026-09-24 03:43:13.632256,1099,"260",8,25422
g80sh-exp-B-trcc-off.etl,2026-09-24 03:43:13.632368,1099,"260",10,25423
g80sh-exp-B-trcc-off.etl,2026-09-24 03:43:13.632427,220,"GPU",,
g80sh-exp-B-trcc-off.etl,2026-09-24 03:43:13.657884,1099,"0",0,0
g80sh-exp-B-trcc-off.etl,2026-09-24 03:43:13.674565,1010,"DISPLAY\SAM7B0C\7&16b8ddb4&0&UID260",,
g80sh-exp-B-trcc-off.etl,2026-09-24 03:43:13.732611,1099,"0",0,0
g80sh-exp-B-trcc-off.etl,2026-09-24 03:43:13.856606,1099,"260",8,25424
g80sh-exp-B-trcc-off.etl,2026-09-24 03:43:13.856678,1099,"0",0,0
g80sh-exp-B-trcc-off.etl,2026-09-24 03:43:13.856736,220,"GPU",,
g80sh-exp-B-trcc-off.etl,2026-09-24 03:43:13.883665,1010,"DISPLAY\Default_Monitor\7&16b8ddb4&0&UID260",,
g80sh-exp-B-trcc-off.etl,2026-09-24 03:43:13.950513,1099,"0",0,0
g80sh-exp-B-trcc-off.etl,2026-09-24 03:43:17.156208,1099,"260",10,25425
g80sh-exp-B-trcc-off.etl,2026-09-24 03:43:17.401864,1099,"0",0,0
g80sh-exp-B-trcc-off.etl,2026-09-24 03:43:17.401953,220,"GPU",,
g80sh-exp-B-trcc-off.etl,2026-09-24 03:43:17.436647,1099,"0",0,0
g80sh-exp-B-trcc-off.etl,2026-09-24 03:43:46.447490,1099,"256",10,25426
g80sh-exp-B-trcc-off.etl,2026-09-24 03:43:46.447514,1099,"257",8,25427
g80sh-exp-B-trcc-off.etl,2026-09-24 03:43:46.447523,1099,"258",8,25428
g80sh-exp-B-trcc-off.etl,2026-09-24 03:43:46.447532,1099,"259",8,25429
g80sh-exp-B-trcc-off.etl,2026-09-24 03:43:46.447544,1099,"260",10,25430
g80sh-exp-B-trcc-off.etl,2026-09-24 03:43:46.447556,1099,"261",8,25431
g80sh-exp-B-trcc-off.etl,2026-09-24 03:43:46.447564,1099,"262",8,25432
g80sh-exp-B-trcc-off.etl,2026-09-24 03:43:46.447572,1099,"263",8,25433
g80sh-exp-B-trcc-off.etl,2026-09-24 03:43:46.447580,1099,"264",8,25434
g80sh-exp-B-trcc-off.etl,2026-09-24 03:43:46.447595,1099,"265",10,25435
g80sh-exp-B-trcc-off.etl,2026-09-24 03:43:46.447607,1099,"266",8,25436
g80sh-exp-B-trcc-off.etl,2026-09-24 03:43:46.447610,1099,"0",0,0
g80sh-exp-B-trcc-off.etl,2026-09-24 03:43:58.834593,1099,"256",10,25437
g80sh-exp-B-trcc-off.etl,2026-09-24 03:43:58.834608,1099,"257",8,25438
g80sh-exp-B-trcc-off.etl,2026-09-24 03:43:58.834613,1099,"258",8,25439
g80sh-exp-B-trcc-off.etl,2026-09-24 03:43:58.834617,1099,"259",8,25440
g80sh-exp-B-trcc-off.etl,2026-09-24 03:43:58.834625,1099,"260",10,25441
g80sh-exp-B-trcc-off.etl,2026-09-24 03:43:58.834632,1099,"261",8,25442
g80sh-exp-B-trcc-off.etl,2026-09-24 03:43:58.834636,1099,"262",8,25443
g80sh-exp-B-trcc-off.etl,2026-09-24 03:43:58.834641,1099,"263",8,25444
g80sh-exp-B-trcc-off.etl,2026-09-24 03:43:58.834645,1099,"264",8,25445
g80sh-exp-B-trcc-off.etl,2026-09-24 03:43:58.834653,1099,"265",10,25446
g80sh-exp-B-trcc-off.etl,2026-09-24 03:43:58.834660,1099,"266",8,25447
g80sh-exp-B-trcc-off.etl,2026-09-24 03:43:58.834662,1099,"0",0,0
g80sh-exp-B-trcc-off.etl,2026-09-24 03:44:00.243260,1099,"260",8,25448
g80sh-exp-B-trcc-off.etl,2026-09-24 03:44:00.243374,1099,"260",10,25449
g80sh-exp-B-trcc-off.etl,2026-09-24 03:44:00.243492,220,"GPU",,
g80sh-exp-B-trcc-off.etl,2026-09-24 03:44:00.270569,1099,"0",0,0
g80sh-exp-B-trcc-off.etl,2026-09-24 03:44:00.284584,1010,"DISPLAY\SAM7B0C\7&16b8ddb4&0&UID260",,
g80sh-exp-B-trcc-off.etl,2026-09-24 03:44:00.342234,1099,"0",0,0
g80sh-exp-B-trcc-off.etl,2026-09-24 03:44:00.612035,1099,"260",8,25450
g80sh-exp-B-trcc-off.etl,2026-09-24 03:44:00.612095,1099,"0",0,0
g80sh-exp-B-trcc-off.etl,2026-09-24 03:44:00.612156,220,"GPU",,
g80sh-exp-B-trcc-off.etl,2026-09-24 03:44:00.660381,1010,"DISPLAY\Default_Monitor\7&16b8ddb4&0&UID260",,
g80sh-exp-B-trcc-off.etl,2026-09-24 03:44:00.693939,1099,"0",0,0
g80sh-exp-B-trcc-off.etl,2026-09-24 03:44:03.936408,1099,"260",10,25451
g80sh-exp-B-trcc-off.etl,2026-09-24 03:44:04.183571,1099,"0",0,0
g80sh-exp-B-trcc-off.etl,2026-09-24 03:44:04.183621,220,"GPU",,
g80sh-exp-B-trcc-off.etl,2026-09-24 03:44:04.214323,1099,"0",0,0
g80sh-exp-B-trcc-off.etl,2026-09-24 03:44:30.614619,1099,"256",10,25452
g80sh-exp-B-trcc-off.etl,2026-09-24 03:44:30.614645,1099,"257",8,25453
g80sh-exp-B-trcc-off.etl,2026-09-24 03:44:30.614653,1099,"258",8,25454
g80sh-exp-B-trcc-off.etl,2026-09-24 03:44:30.614662,1099,"259",8,25455
g80sh-exp-B-trcc-off.etl,2026-09-24 03:44:30.614674,1099,"260",10,25456
g80sh-exp-B-trcc-off.etl,2026-09-24 03:44:30.614687,1099,"261",8,25457
g80sh-exp-B-trcc-off.etl,2026-09-24 03:44:30.614695,1099,"262",8,25458
g80sh-exp-B-trcc-off.etl,2026-09-24 03:44:30.614703,1099,"263",8,25459
g80sh-exp-B-trcc-off.etl,2026-09-24 03:44:30.614712,1099,"264",8,25460
g80sh-exp-B-trcc-off.etl,2026-09-24 03:44:30.614726,1099,"265",10,25461
g80sh-exp-B-trcc-off.etl,2026-09-24 03:44:30.614738,1099,"266",8,25462
g80sh-exp-B-trcc-off.etl,2026-09-24 03:44:30.614742,1099,"0",0,0
g80sh-exp-B-trcc-off.etl,2026-09-24 03:44:40.930093,1099,"256",10,25463
g80sh-exp-B-trcc-off.etl,2026-09-24 03:44:40.930109,1099,"257",8,25464
g80sh-exp-B-trcc-off.etl,2026-09-24 03:44:40.930114,1099,"258",8,25465
g80sh-exp-B-trcc-off.etl,2026-09-24 03:44:40.930118,1099,"259",8,25466
g80sh-exp-B-trcc-off.etl,2026-09-24 03:44:40.930127,1099,"260",10,25467
g80sh-exp-B-trcc-off.etl,2026-09-24 03:44:40.930134,1099,"261",8,25468
g80sh-exp-B-trcc-off.etl,2026-09-24 03:44:40.930139,1099,"262",8,25469
g80sh-exp-B-trcc-off.etl,2026-09-24 03:44:40.930143,1099,"263",8,25470
g80sh-exp-B-trcc-off.etl,2026-09-24 03:44:40.930148,1099,"264",8,25471
g80sh-exp-B-trcc-off.etl,2026-09-24 03:44:40.930156,1099,"265",10,25472
g80sh-exp-B-trcc-off.etl,2026-09-24 03:44:40.930163,1099,"266",8,25473
g80sh-exp-B-trcc-off.etl,2026-09-24 03:44:40.930165,1099,"0",0,0
g80sh-exp-B-trcc-off.etl,2026-09-24 03:44:42.332230,1099,"260",8,25474
g80sh-exp-B-trcc-off.etl,2026-09-24 03:44:42.332345,1099,"260",10,25475
g80sh-exp-B-trcc-off.etl,2026-09-24 03:44:42.332412,220,"GPU",,
g80sh-exp-B-trcc-off.etl,2026-09-24 03:44:42.359435,1099,"0",0,0
g80sh-exp-B-trcc-off.etl,2026-09-24 03:44:42.371216,1010,"DISPLAY\SAM7B0C\7&16b8ddb4&0&UID260",,
g80sh-exp-B-trcc-off.etl,2026-09-24 03:44:42.430515,1099,"0",0,0
g80sh-exp-B-trcc-off.etl,2026-09-24 03:44:42.694471,1099,"260",8,25476
g80sh-exp-B-trcc-off.etl,2026-09-24 03:44:42.694540,1099,"0",0,0
g80sh-exp-B-trcc-off.etl,2026-09-24 03:44:42.694661,220,"GPU",,
g80sh-exp-B-trcc-off.etl,2026-09-24 03:44:42.748497,1010,"DISPLAY\Default_Monitor\7&16b8ddb4&0&UID260",,
g80sh-exp-B-trcc-off.etl,2026-09-24 03:44:42.783301,1099,"0",0,0
g80sh-exp-B-trcc-off.etl,2026-09-24 03:44:46.027819,1099,"260",10,25477
g80sh-exp-B-trcc-off.etl,2026-09-24 03:44:46.274330,1099,"0",0,0
g80sh-exp-B-trcc-off.etl,2026-09-24 03:44:46.274379,220,"GPU",,
g80sh-exp-B-trcc-off.etl,2026-09-24 03:44:46.312423,1099,"0",0,0
g80sh-exp-B-trcc-off.etl,2026-09-24 03:45:14.338639,1099,"256",10,25478
g80sh-exp-B-trcc-off.etl,2026-09-24 03:45:14.338655,1099,"257",8,25479
g80sh-exp-B-trcc-off.etl,2026-09-24 03:45:14.338660,1099,"258",8,25480
g80sh-exp-B-trcc-off.etl,2026-09-24 03:45:14.338665,1099,"259",8,25481
g80sh-exp-B-trcc-off.etl,2026-09-24 03:45:14.338672,1099,"260",10,25482
g80sh-exp-B-trcc-off.etl,2026-09-24 03:45:14.338679,1099,"261",8,25483
g80sh-exp-B-trcc-off.etl,2026-09-24 03:45:14.338683,1099,"262",8,25484
g80sh-exp-B-trcc-off.etl,2026-09-24 03:45:14.338688,1099,"263",8,25485
g80sh-exp-B-trcc-off.etl,2026-09-24 03:45:14.338692,1099,"264",8,25486
g80sh-exp-B-trcc-off.etl,2026-09-24 03:45:14.338700,1099,"265",10,25487
g80sh-exp-B-trcc-off.etl,2026-09-24 03:45:14.338707,1099,"266",8,25488
g80sh-exp-B-trcc-off.etl,2026-09-24 03:45:14.338709,1099,"0",0,0
g80sh-exp-B-trcc-off.etl,2026-09-24 03:45:28.782986,1099,"256",10,25489
g80sh-exp-B-trcc-off.etl,2026-09-24 03:45:28.783001,1099,"257",8,25490
g80sh-exp-B-trcc-off.etl,2026-09-24 03:45:28.783006,1099,"258",8,25491
g80sh-exp-B-trcc-off.etl,2026-09-24 03:45:28.783011,1099,"259",8,25492
g80sh-exp-B-trcc-off.etl,2026-09-24 03:45:28.783018,1099,"260",10,25493
g80sh-exp-B-trcc-off.etl,2026-09-24 03:45:28.783025,1099,"261",8,25494
g80sh-exp-B-trcc-off.etl,2026-09-24 03:45:28.783029,1099,"262",8,25495
g80sh-exp-B-trcc-off.etl,2026-09-24 03:45:28.783034,1099,"263",8,25496
g80sh-exp-B-trcc-off.etl,2026-09-24 03:45:28.783038,1099,"264",8,25497
g80sh-exp-B-trcc-off.etl,2026-09-24 03:45:28.783046,1099,"265",10,25498
g80sh-exp-B-trcc-off.etl,2026-09-24 03:45:28.783053,1099,"266",8,25499
g80sh-exp-B-trcc-off.etl,2026-09-24 03:45:28.783055,1099,"0",0,0
g80sh-exp-B-trcc-off.etl,2026-09-24 03:45:30.174025,1099,"260",8,25500
g80sh-exp-B-trcc-off.etl,2026-09-24 03:45:30.174144,1099,"260",10,25501
g80sh-exp-B-trcc-off.etl,2026-09-24 03:45:30.174206,220,"GPU",,
g80sh-exp-B-trcc-off.etl,2026-09-24 03:45:30.201499,1099,"0",0,0
g80sh-exp-B-trcc-off.etl,2026-09-24 03:45:30.212524,1010,"DISPLAY\SAM7B0C\7&16b8ddb4&0&UID260",,
g80sh-exp-B-trcc-off.etl,2026-09-24 03:45:30.271281,1099,"0",0,0
g80sh-exp-B-trcc-off.etl,2026-09-24 03:45:30.386033,1099,"260",8,25502
g80sh-exp-B-trcc-off.etl,2026-09-24 03:45:30.386091,1099,"0",0,0
g80sh-exp-B-trcc-off.etl,2026-09-24 03:45:30.386185,220,"GPU",,
g80sh-exp-B-trcc-off.etl,2026-09-24 03:45:30.438499,1010,"DISPLAY\Default_Monitor\7&16b8ddb4&0&UID260",,
g80sh-exp-B-trcc-off.etl,2026-09-24 03:45:30.523064,1099,"0",0,0
g80sh-exp-B-trcc-off.etl,2026-09-24 03:45:33.699963,1099,"260",10,25503
g80sh-exp-B-trcc-off.etl,2026-09-24 03:45:33.948757,1099,"0",0,0
g80sh-exp-B-trcc-off.etl,2026-09-24 03:45:33.948816,220,"GPU",,
g80sh-exp-B-trcc-off.etl,2026-09-24 03:45:33.977336,1099,"0",0,0
g80sh-exp-B-trcc-off.etl,2026-09-24 03:46:01.345740,1099,"256",10,25504
g80sh-exp-B-trcc-off.etl,2026-09-24 03:46:01.345754,1099,"257",8,25505
g80sh-exp-B-trcc-off.etl,2026-09-24 03:46:01.345759,1099,"258",8,25506
g80sh-exp-B-trcc-off.etl,2026-09-24 03:46:01.345764,1099,"259",8,25507
g80sh-exp-B-trcc-off.etl,2026-09-24 03:46:01.345771,1099,"260",10,25508
g80sh-exp-B-trcc-off.etl,2026-09-24 03:46:01.345779,1099,"261",8,25509
g80sh-exp-B-trcc-off.etl,2026-09-24 03:46:01.345783,1099,"262",8,25510
g80sh-exp-B-trcc-off.etl,2026-09-24 03:46:01.345787,1099,"263",8,25511
g80sh-exp-B-trcc-off.etl,2026-09-24 03:46:01.345792,1099,"264",8,25512
g80sh-exp-B-trcc-off.etl,2026-09-24 03:46:01.345800,1099,"265",10,25513
g80sh-exp-B-trcc-off.etl,2026-09-24 03:46:01.345807,1099,"266",8,25514
g80sh-exp-B-trcc-off.etl,2026-09-24 03:46:01.345809,1099,"0",0,0
g80sh-exp-B-trcc-off.etl,2026-09-24 03:46:19.261064,1099,"256",10,25515
g80sh-exp-B-trcc-off.etl,2026-09-24 03:46:19.261090,1099,"257",8,25516
g80sh-exp-B-trcc-off.etl,2026-09-24 03:46:19.261099,1099,"258",8,25517
g80sh-exp-B-trcc-off.etl,2026-09-24 03:46:19.261108,1099,"259",8,25518
g80sh-exp-B-trcc-off.etl,2026-09-24 03:46:19.261120,1099,"260",10,25519
g80sh-exp-B-trcc-off.etl,2026-09-24 03:46:19.261133,1099,"261",8,25520
g80sh-exp-B-trcc-off.etl,2026-09-24 03:46:19.261141,1099,"262",8,25521
g80sh-exp-B-trcc-off.etl,2026-09-24 03:46:19.261150,1099,"263",8,25522
g80sh-exp-B-trcc-off.etl,2026-09-24 03:46:19.261158,1099,"264",8,25523
g80sh-exp-B-trcc-off.etl,2026-09-24 03:46:19.261172,1099,"265",10,25524
g80sh-exp-B-trcc-off.etl,2026-09-24 03:46:19.261185,1099,"266",8,25525
g80sh-exp-B-trcc-off.etl,2026-09-24 03:46:19.261188,1099,"0",0,0
g80sh-exp-B-trcc-off.etl,2026-09-24 03:46:20.661235,1099,"260",8,25526
g80sh-exp-B-trcc-off.etl,2026-09-24 03:46:20.661375,1099,"260",10,25527
g80sh-exp-B-trcc-off.etl,2026-09-24 03:46:20.661423,220,"GPU",,
g80sh-exp-B-trcc-off.etl,2026-09-24 03:46:20.688822,1099,"0",0,0
g80sh-exp-B-trcc-off.etl,2026-09-24 03:46:20.700420,1010,"DISPLAY\SAM7B0C\7&16b8ddb4&0&UID260",,
g80sh-exp-B-trcc-off.etl,2026-09-24 03:46:20.761266,1099,"0",0,0
g80sh-exp-B-trcc-off.etl,2026-09-24 03:46:21.026441,1099,"260",8,25528
g80sh-exp-B-trcc-off.etl,2026-09-24 03:46:21.026509,1099,"0",0,0
g80sh-exp-B-trcc-off.etl,2026-09-24 03:46:21.026578,220,"GPU",,
g80sh-exp-B-trcc-off.etl,2026-09-24 03:46:21.078176,1010,"DISPLAY\Default_Monitor\7&16b8ddb4&0&UID260",,
g80sh-exp-B-trcc-off.etl,2026-09-24 03:46:21.113955,1099,"0",0,0
g80sh-exp-B-trcc-off.etl,2026-09-24 03:46:24.354809,1099,"260",10,25529
g80sh-exp-B-trcc-off.etl,2026-09-24 03:46:24.602581,1099,"0",0,0
g80sh-exp-B-trcc-off.etl,2026-09-24 03:46:24.602671,220,"GPU",,
g80sh-exp-B-trcc-off.etl,2026-09-24 03:46:24.635220,1099,"0",0,0
g80sh-exp-B-trcc-off.etl,2026-09-24 03:47:03.072422,1099,"256",10,25530
g80sh-exp-B-trcc-off.etl,2026-09-24 03:47:03.072438,1099,"257",8,25531
g80sh-exp-B-trcc-off.etl,2026-09-24 03:47:03.072443,1099,"258",8,25532
g80sh-exp-B-trcc-off.etl,2026-09-24 03:47:03.072447,1099,"259",8,25533
g80sh-exp-B-trcc-off.etl,2026-09-24 03:47:03.072459,1099,"260",10,25534
g80sh-exp-B-trcc-off.etl,2026-09-24 03:47:03.072472,1099,"261",8,25535
g80sh-exp-B-trcc-off.etl,2026-09-24 03:47:03.072480,1099,"262",8,25536
g80sh-exp-B-trcc-off.etl,2026-09-24 03:47:03.072488,1099,"263",8,25537
g80sh-exp-B-trcc-off.etl,2026-09-24 03:47:03.072497,1099,"264",8,25538
g80sh-exp-B-trcc-off.etl,2026-09-24 03:47:03.072511,1099,"265",10,25539
g80sh-exp-B-trcc-off.etl,2026-09-24 03:47:03.072523,1099,"266",8,25540
g80sh-exp-B-trcc-off.etl,2026-09-24 03:47:03.072526,1099,"0",0,0
g80sh-exp-B-trcc-off.etl,2026-09-24 03:47:04.470072,1099,"260",8,25541
g80sh-exp-B-trcc-off.etl,2026-09-24 03:47:04.470205,1099,"260",10,25542
g80sh-exp-B-trcc-off.etl,2026-09-24 03:47:04.470265,220,"GPU",,
g80sh-exp-B-trcc-off.etl,2026-09-24 03:47:04.492839,1099,"0",0,0
g80sh-exp-B-trcc-off.etl,2026-09-24 03:47:04.507223,1010,"DISPLAY\SAM7B0C\7&16b8ddb4&0&UID260",,
g80sh-exp-B-trcc-off.etl,2026-09-24 03:47:04.567446,1099,"0",0,0
g80sh-exp-B-trcc-off.etl,2026-09-24 03:47:04.693434,1099,"260",8,25543
g80sh-exp-B-trcc-off.etl,2026-09-24 03:47:04.693493,1099,"0",0,0
g80sh-exp-B-trcc-off.etl,2026-09-24 03:47:04.693559,220,"GPU",,
g80sh-exp-B-trcc-off.etl,2026-09-24 03:47:04.751706,1010,"DISPLAY\Default_Monitor\7&16b8ddb4&0&UID260",,
g80sh-exp-B-trcc-off.etl,2026-09-24 03:47:04.819285,1099,"0",0,0
g80sh-exp-B-trcc-off.etl,2026-09-24 03:47:08.032959,1099,"260",10,25544
g80sh-exp-B-trcc-off.etl,2026-09-24 03:47:08.279507,1099,"0",0,0
g80sh-exp-B-trcc-off.etl,2026-09-24 03:47:08.279575,220,"GPU",,
g80sh-exp-B-trcc-off.etl,2026-09-24 03:47:08.307672,1099,"0",0,0
g80sh-exp-B-trcc-off.etl,2026-09-24 03:47:42.492058,1099,"256",10,25545
g80sh-exp-B-trcc-off.etl,2026-09-24 03:47:42.492072,1099,"257",8,25546
g80sh-exp-B-trcc-off.etl,2026-09-24 03:47:42.492076,1099,"258",8,25547
g80sh-exp-B-trcc-off.etl,2026-09-24 03:47:42.492079,1099,"259",8,25548
g80sh-exp-B-trcc-off.etl,2026-09-24 03:47:42.492085,1099,"260",10,25549
g80sh-exp-B-trcc-off.etl,2026-09-24 03:47:42.492090,1099,"261",8,25550
g80sh-exp-B-trcc-off.etl,2026-09-24 03:47:42.492093,1099,"262",8,25551
g80sh-exp-B-trcc-off.etl,2026-09-24 03:47:42.492096,1099,"263",8,25552
g80sh-exp-B-trcc-off.etl,2026-09-24 03:47:42.492099,1099,"264",8,25553
g80sh-exp-B-trcc-off.etl,2026-09-24 03:47:42.492106,1099,"265",10,25554
g80sh-exp-B-trcc-off.etl,2026-09-24 03:47:42.492111,1099,"266",8,25555
g80sh-exp-B-trcc-off.etl,2026-09-24 03:47:42.492112,1099,"0",0,0
g80sh-exp-B-trcc-off.etl,2026-09-24 03:47:43.882532,1099,"260",8,25556
g80sh-exp-B-trcc-off.etl,2026-09-24 03:47:43.882646,1099,"260",10,25557
g80sh-exp-B-trcc-off.etl,2026-09-24 03:47:43.882732,220,"GPU",,
g80sh-exp-B-trcc-off.etl,2026-09-24 03:47:43.908944,1099,"0",0,0
g80sh-exp-B-trcc-off.etl,2026-09-24 03:47:43.924450,1010,"DISPLAY\SAM7B0C\7&16b8ddb4&0&UID260",,
g80sh-exp-B-trcc-off.etl,2026-09-24 03:47:43.984723,1099,"0",0,0
g80sh-exp-B-trcc-off.etl,2026-09-24 03:47:44.242298,1099,"260",8,25558
g80sh-exp-B-trcc-off.etl,2026-09-24 03:47:44.242369,1099,"0",0,0
g80sh-exp-B-trcc-off.etl,2026-09-24 03:47:44.242419,220,"GPU",,
g80sh-exp-B-trcc-off.etl,2026-09-24 03:47:44.285719,1010,"DISPLAY\Default_Monitor\7&16b8ddb4&0&UID260",,
g80sh-exp-B-trcc-off.etl,2026-09-24 03:47:44.319470,1099,"0",0,0
g80sh-exp-B-trcc-off.etl,2026-09-24 03:47:47.571275,1099,"260",10,25559
g80sh-exp-B-trcc-off.etl,2026-09-24 03:47:47.817381,1099,"0",0,0
g80sh-exp-B-trcc-off.etl,2026-09-24 03:47:47.817435,220,"GPU",,
g80sh-exp-B-trcc-off.etl,2026-09-24 03:47:47.852897,1099,"0",0,0
g80sh-exp-B-trcc-off.etl,2026-09-24 03:48:15.669108,1099,"256",10,25560
g80sh-exp-B-trcc-off.etl,2026-09-24 03:48:15.669121,1099,"257",8,25561
g80sh-exp-B-trcc-off.etl,2026-09-24 03:48:15.669125,1099,"258",8,25562
g80sh-exp-B-trcc-off.etl,2026-09-24 03:48:15.669128,1099,"259",8,25563
g80sh-exp-B-trcc-off.etl,2026-09-24 03:48:15.669133,1099,"260",10,25564
g80sh-exp-B-trcc-off.etl,2026-09-24 03:48:15.669138,1099,"261",8,25565
g80sh-exp-B-trcc-off.etl,2026-09-24 03:48:15.669141,1099,"262",8,25566
g80sh-exp-B-trcc-off.etl,2026-09-24 03:48:15.669144,1099,"263",8,25567
g80sh-exp-B-trcc-off.etl,2026-09-24 03:48:15.669148,1099,"264",8,25568
g80sh-exp-B-trcc-off.etl,2026-09-24 03:48:15.669153,1099,"265",10,25569
g80sh-exp-B-trcc-off.etl,2026-09-24 03:48:15.669159,1099,"266",8,25570
g80sh-exp-B-trcc-off.etl,2026-09-24 03:48:15.669160,1099,"0",0,0
g80sh-exp-B-trcc-off.etl,2026-09-24 03:48:36.271575,1099,"256",10,25571
g80sh-exp-B-trcc-off.etl,2026-09-24 03:48:36.271591,1099,"257",8,25572
g80sh-exp-B-trcc-off.etl,2026-09-24 03:48:36.271595,1099,"258",8,25573
g80sh-exp-B-trcc-off.etl,2026-09-24 03:48:36.271600,1099,"259",8,25574
g80sh-exp-B-trcc-off.etl,2026-09-24 03:48:36.271607,1099,"260",10,25575
g80sh-exp-B-trcc-off.etl,2026-09-24 03:48:36.271614,1099,"261",8,25576
g80sh-exp-B-trcc-off.etl,2026-09-24 03:48:36.271619,1099,"262",8,25577
g80sh-exp-B-trcc-off.etl,2026-09-24 03:48:36.271623,1099,"263",8,25578
g80sh-exp-B-trcc-off.etl,2026-09-24 03:48:36.271628,1099,"264",8,25579
g80sh-exp-B-trcc-off.etl,2026-09-24 03:48:36.271636,1099,"265",10,25580
g80sh-exp-B-trcc-off.etl,2026-09-24 03:48:36.271642,1099,"266",8,25581
g80sh-exp-B-trcc-off.etl,2026-09-24 03:48:36.271644,1099,"0",0,0
g80sh-exp-B-trcc-off.etl,2026-09-24 03:48:37.676155,1099,"260",8,25582
g80sh-exp-B-trcc-off.etl,2026-09-24 03:48:37.676272,1099,"260",10,25583
g80sh-exp-B-trcc-off.etl,2026-09-24 03:48:37.676353,220,"GPU",,
g80sh-exp-B-trcc-off.etl,2026-09-24 03:48:37.704347,1099,"0",0,0
g80sh-exp-B-trcc-off.etl,2026-09-24 03:48:37.717073,1010,"DISPLAY\SAM7B0C\7&16b8ddb4&0&UID260",,
g80sh-exp-B-trcc-off.etl,2026-09-24 03:48:37.776790,1099,"0",0,0
g80sh-exp-B-trcc-off.etl,2026-09-24 03:48:37.879607,1099,"260",8,25584
g80sh-exp-B-trcc-off.etl,2026-09-24 03:48:37.879672,1099,"0",0,0
g80sh-exp-B-trcc-off.etl,2026-09-24 03:48:37.879725,220,"GPU",,
g80sh-exp-B-trcc-off.etl,2026-09-24 03:48:37.927649,1010,"DISPLAY\Default_Monitor\7&16b8ddb4&0&UID260",,
g80sh-exp-B-trcc-off.etl,2026-09-24 03:48:38.013646,1099,"0",0,0
g80sh-exp-B-trcc-off.etl,2026-09-24 03:48:41.208942,1099,"260",10,25585
g80sh-exp-B-trcc-off.etl,2026-09-24 03:48:41.455548,1099,"0",0,0
g80sh-exp-B-trcc-off.etl,2026-09-24 03:48:41.455652,220,"GPU",,
g80sh-exp-B-trcc-off.etl,2026-09-24 03:48:41.488547,1099,"0",0,0
g80sh-exp-B-trcc-off.etl,2026-09-24 03:49:54.424634,1099,"256",10,25586
g80sh-exp-B-trcc-off.etl,2026-09-24 03:49:54.424650,1099,"257",8,25587
g80sh-exp-B-trcc-off.etl,2026-09-24 03:49:54.424654,1099,"258",8,25588
g80sh-exp-B-trcc-off.etl,2026-09-24 03:49:54.424659,1099,"259",8,25589
g80sh-exp-B-trcc-off.etl,2026-09-24 03:49:54.424667,1099,"260",10,25590
g80sh-exp-B-trcc-off.etl,2026-09-24 03:49:54.424673,1099,"261",8,25591
g80sh-exp-B-trcc-off.etl,2026-09-24 03:49:54.424678,1099,"262",8,25592
g80sh-exp-B-trcc-off.etl,2026-09-24 03:49:54.424682,1099,"263",8,25593
g80sh-exp-B-trcc-off.etl,2026-09-24 03:49:54.424687,1099,"264",8,25594
g80sh-exp-B-trcc-off.etl,2026-09-24 03:49:54.424695,1099,"265",10,25595
g80sh-exp-B-trcc-off.etl,2026-09-24 03:49:54.424702,1099,"266",8,25596
g80sh-exp-B-trcc-off.etl,2026-09-24 03:49:54.424704,1099,"0",0,0
g80sh-exp-B-trcc-off.etl,2026-09-24 03:49:55.823942,1099,"260",8,25597
g80sh-exp-B-trcc-off.etl,2026-09-24 03:49:55.824057,1099,"260",10,25598
g80sh-exp-B-trcc-off.etl,2026-09-24 03:49:55.824142,220,"GPU",,
g80sh-exp-B-trcc-off.etl,2026-09-24 03:49:55.849332,1099,"0",0,0
g80sh-exp-B-trcc-off.etl,2026-09-24 03:49:55.865452,1010,"DISPLAY\SAM7B0C\7&16b8ddb4&0&UID260",,
g80sh-exp-B-trcc-off.etl,2026-09-24 03:49:55.927082,1099,"0",0,0
g80sh-exp-B-trcc-off.etl,2026-09-24 03:49:56.194884,1099,"260",8,25599
g80sh-exp-B-trcc-off.etl,2026-09-24 03:49:56.194947,1099,"0",0,0
g80sh-exp-B-trcc-off.etl,2026-09-24 03:49:56.195003,220,"GPU",,
g80sh-exp-B-trcc-off.etl,2026-09-24 03:49:56.245075,1010,"DISPLAY\Default_Monitor\7&16b8ddb4&0&UID260",,
g80sh-exp-B-trcc-off.etl,2026-09-24 03:49:56.279055,1099,"0",0,0
g80sh-exp-B-trcc-off.etl,2026-09-24 03:49:59.523672,1099,"260",10,25600
g80sh-exp-B-trcc-off.etl,2026-09-24 03:49:59.770448,1099,"0",0,0
g80sh-exp-B-trcc-off.etl,2026-09-24 03:49:59.770505,220,"GPU",,
g80sh-exp-B-trcc-off.etl,2026-09-24 03:49:59.798236,1099,"0",0,0
g80sh-exp-B-trcc-off.etl,2026-09-24 03:50:37.889454,1099,"256",10,25601
g80sh-exp-B-trcc-off.etl,2026-09-24 03:50:37.889473,1099,"257",8,25602
g80sh-exp-B-trcc-off.etl,2026-09-24 03:50:37.889478,1099,"258",8,25603
g80sh-exp-B-trcc-off.etl,2026-09-24 03:50:37.889483,1099,"259",8,25604
g80sh-exp-B-trcc-off.etl,2026-09-24 03:50:37.889490,1099,"260",10,25605
g80sh-exp-B-trcc-off.etl,2026-09-24 03:50:37.889497,1099,"261",8,25606
g80sh-exp-B-trcc-off.etl,2026-09-24 03:50:37.889502,1099,"262",8,25607
g80sh-exp-B-trcc-off.etl,2026-09-24 03:50:37.889506,1099,"263",8,25608
g80sh-exp-B-trcc-off.etl,2026-09-24 03:50:37.889511,1099,"264",8,25609
g80sh-exp-B-trcc-off.etl,2026-09-24 03:50:37.889519,1099,"265",10,25610
g80sh-exp-B-trcc-off.etl,2026-09-24 03:50:37.889526,1099,"266",8,25611
g80sh-exp-B-trcc-off.etl,2026-09-24 03:50:37.889528,1099,"0",0,0
g80sh-exp-B-trcc-off.etl,2026-09-24 03:50:39.293902,1099,"260",8,25612
g80sh-exp-B-trcc-off.etl,2026-09-24 03:50:39.294031,1099,"260",10,25613
g80sh-exp-B-trcc-off.etl,2026-09-24 03:50:39.294089,220,"GPU",,
g80sh-exp-B-trcc-off.etl,2026-09-24 03:50:39.319109,1099,"0",0,0
g80sh-exp-B-trcc-off.etl,2026-09-24 03:50:39.333539,1010,"DISPLAY\SAM7B0C\7&16b8ddb4&0&UID260",,
g80sh-exp-B-trcc-off.etl,2026-09-24 03:50:39.391528,1099,"0",0,0
g80sh-exp-B-trcc-off.etl,2026-09-24 03:50:39.533996,1099,"260",8,25614
g80sh-exp-B-trcc-off.etl,2026-09-24 03:50:39.534062,1099,"0",0,0
g80sh-exp-B-trcc-off.etl,2026-09-24 03:50:39.534150,220,"GPU",,
g80sh-exp-B-trcc-off.etl,2026-09-24 03:50:39.592782,1010,"DISPLAY\Default_Monitor\7&16b8ddb4&0&UID260",,
g80sh-exp-B-trcc-off.etl,2026-09-24 03:50:39.643149,1099,"0",0,0
g80sh-exp-B-trcc-off.etl,2026-09-24 03:50:42.850374,1099,"260",10,25615
g80sh-exp-B-trcc-off.etl,2026-09-24 03:50:43.097212,1099,"0",0,0
g80sh-exp-B-trcc-off.etl,2026-09-24 03:50:43.097273,220,"GPU",,
g80sh-exp-B-trcc-off.etl,2026-09-24 03:50:43.129645,1099,"0",0,0
g80sh-exp-B-trcc-off.etl,2026-09-24 03:51:10.313267,1099,"256",10,25616
g80sh-exp-B-trcc-off.etl,2026-09-24 03:51:10.313282,1099,"257",8,25617
g80sh-exp-B-trcc-off.etl,2026-09-24 03:51:10.313286,1099,"258",8,25618
g80sh-exp-B-trcc-off.etl,2026-09-24 03:51:10.313291,1099,"259",8,25619
g80sh-exp-B-trcc-off.etl,2026-09-24 03:51:10.313298,1099,"260",10,25620
g80sh-exp-B-trcc-off.etl,2026-09-24 03:51:10.313305,1099,"261",8,25621
g80sh-exp-B-trcc-off.etl,2026-09-24 03:51:10.313309,1099,"262",8,25622
g80sh-exp-B-trcc-off.etl,2026-09-24 03:51:10.313314,1099,"263",8,25623
g80sh-exp-B-trcc-off.etl,2026-09-24 03:51:10.313318,1099,"264",8,25624
g80sh-exp-B-trcc-off.etl,2026-09-24 03:51:10.313326,1099,"265",10,25625
g80sh-exp-B-trcc-off.etl,2026-09-24 03:51:10.313333,1099,"266",8,25626
g80sh-exp-B-trcc-off.etl,2026-09-24 03:51:10.313335,1099,"0",0,0
g80sh-exp-B-trcc-off.etl,2026-09-24 03:51:20.630823,1099,"256",10,25627
g80sh-exp-B-trcc-off.etl,2026-09-24 03:51:20.630837,1099,"257",8,25628
g80sh-exp-B-trcc-off.etl,2026-09-24 03:51:20.630840,1099,"258",8,25629
g80sh-exp-B-trcc-off.etl,2026-09-24 03:51:20.630843,1099,"259",8,25630
g80sh-exp-B-trcc-off.etl,2026-09-24 03:51:20.630851,1099,"260",10,25631
g80sh-exp-B-trcc-off.etl,2026-09-24 03:51:20.630856,1099,"261",8,25632
g80sh-exp-B-trcc-off.etl,2026-09-24 03:51:20.630859,1099,"262",8,25633
g80sh-exp-B-trcc-off.etl,2026-09-24 03:51:20.630862,1099,"263",8,25634
g80sh-exp-B-trcc-off.etl,2026-09-24 03:51:20.630865,1099,"264",8,25635
g80sh-exp-B-trcc-off.etl,2026-09-24 03:51:20.630871,1099,"265",10,25636
g80sh-exp-B-trcc-off.etl,2026-09-24 03:51:20.630876,1099,"266",8,25637
g80sh-exp-B-trcc-off.etl,2026-09-24 03:51:20.630878,1099,"0",0,0
g80sh-exp-B-trcc-off.etl,2026-09-24 03:51:22.022029,1099,"260",8,25638
g80sh-exp-B-trcc-off.etl,2026-09-24 03:51:22.022144,1099,"260",10,25639
g80sh-exp-B-trcc-off.etl,2026-09-24 03:51:22.022204,220,"GPU",,
g80sh-exp-B-trcc-off.etl,2026-09-24 03:51:22.049297,1099,"0",0,0
g80sh-exp-B-trcc-off.etl,2026-09-24 03:51:22.062121,1010,"DISPLAY\SAM7B0C\7&16b8ddb4&0&UID260",,
g80sh-exp-B-trcc-off.etl,2026-09-24 03:51:22.122060,1099,"0",0,0
g80sh-exp-B-trcc-off.etl,2026-09-24 03:51:22.278787,1099,"260",8,25640
g80sh-exp-B-trcc-off.etl,2026-09-24 03:51:22.278847,1099,"0",0,0
g80sh-exp-B-trcc-off.etl,2026-09-24 03:51:22.278909,220,"GPU",,
g80sh-exp-B-trcc-off.etl,2026-09-24 03:51:22.322147,1010,"DISPLAY\Default_Monitor\7&16b8ddb4&0&UID260",,
g80sh-exp-B-trcc-off.etl,2026-09-24 03:51:22.356752,1099,"0",0,0
g80sh-exp-B-trcc-off.etl,2026-09-24 03:51:25.615810,1099,"260",10,25641
g80sh-exp-B-trcc-off.etl,2026-09-24 03:51:25.862347,1099,"0",0,0
g80sh-exp-B-trcc-off.etl,2026-09-24 03:51:25.862436,220,"GPU",,
g80sh-exp-B-trcc-off.etl,2026-09-24 03:51:25.892161,1099,"0",0,0
g80sh-exp-B-trcc-off.etl,2026-09-24 03:51:53.056543,1099,"256",10,25642
g80sh-exp-B-trcc-off.etl,2026-09-24 03:51:53.056557,1099,"257",8,25643
g80sh-exp-B-trcc-off.etl,2026-09-24 03:51:53.056562,1099,"258",8,25644
g80sh-exp-B-trcc-off.etl,2026-09-24 03:51:53.056567,1099,"259",8,25645
g80sh-exp-B-trcc-off.etl,2026-09-24 03:51:53.056574,1099,"260",10,25646
g80sh-exp-B-trcc-off.etl,2026-09-24 03:51:53.056581,1099,"261",8,25647
g80sh-exp-B-trcc-off.etl,2026-09-24 03:51:53.056585,1099,"262",8,25648
g80sh-exp-B-trcc-off.etl,2026-09-24 03:51:53.056589,1099,"263",8,25649
g80sh-exp-B-trcc-off.etl,2026-09-24 03:51:53.056594,1099,"264",8,25650
g80sh-exp-B-trcc-off.etl,2026-09-24 03:51:53.056602,1099,"265",10,25651
g80sh-exp-B-trcc-off.etl,2026-09-24 03:51:53.056609,1099,"266",8,25652
g80sh-exp-B-trcc-off.etl,2026-09-24 03:51:53.056611,1099,"0",0,0
g80sh-exp-B-trcc-off.etl,2026-09-24 03:52:17.776972,1099,"256",10,25653
g80sh-exp-B-trcc-off.etl,2026-09-24 03:52:17.776987,1099,"257",8,25654
g80sh-exp-B-trcc-off.etl,2026-09-24 03:52:17.776992,1099,"258",8,25655
g80sh-exp-B-trcc-off.etl,2026-09-24 03:52:17.776996,1099,"259",8,25656
g80sh-exp-B-trcc-off.etl,2026-09-24 03:52:17.777004,1099,"260",10,25657
g80sh-exp-B-trcc-off.etl,2026-09-24 03:52:17.777011,1099,"261",8,25658
g80sh-exp-B-trcc-off.etl,2026-09-24 03:52:17.777015,1099,"262",8,25659
g80sh-exp-B-trcc-off.etl,2026-09-24 03:52:17.777019,1099,"263",8,25660
g80sh-exp-B-trcc-off.etl,2026-09-24 03:52:17.777024,1099,"264",8,25661
g80sh-exp-B-trcc-off.etl,2026-09-24 03:52:17.777032,1099,"265",10,25662
g80sh-exp-B-trcc-off.etl,2026-09-24 03:52:17.777039,1099,"266",8,25663
g80sh-exp-B-trcc-off.etl,2026-09-24 03:52:17.777040,1099,"0",0,0
g80sh-exp-B-trcc-off.etl,2026-09-24 03:52:19.171673,1099,"260",8,25664
g80sh-exp-B-trcc-off.etl,2026-09-24 03:52:19.171790,1099,"260",10,25665
g80sh-exp-B-trcc-off.etl,2026-09-24 03:52:19.171843,220,"GPU",,
g80sh-exp-B-trcc-off.etl,2026-09-24 03:52:19.196896,1099,"0",0,0
g80sh-exp-B-trcc-off.etl,2026-09-24 03:52:19.214146,1010,"DISPLAY\SAM7B0C\7&16b8ddb4&0&UID260",,
g80sh-exp-B-trcc-off.etl,2026-09-24 03:52:19.274196,1099,"0",0,0
g80sh-exp-B-trcc-off.etl,2026-09-24 03:52:19.520618,1099,"260",8,25666
g80sh-exp-B-trcc-off.etl,2026-09-24 03:52:19.520691,1099,"0",0,0
g80sh-exp-B-trcc-off.etl,2026-09-24 03:52:19.520763,220,"GPU",,
g80sh-exp-B-trcc-off.etl,2026-09-24 03:52:19.576014,1010,"DISPLAY\Default_Monitor\7&16b8ddb4&0&UID260",,
g80sh-exp-B-trcc-off.etl,2026-09-24 03:52:19.608950,1099,"0",0,0
g80sh-exp-B-trcc-off.etl,2026-09-24 03:52:22.850466,1099,"260",10,25667
g80sh-exp-B-trcc-off.etl,2026-09-24 03:52:23.097948,1099,"0",0,0
g80sh-exp-B-trcc-off.etl,2026-09-24 03:52:23.098002,220,"GPU",,
g80sh-exp-B-trcc-off.etl,2026-09-24 03:52:23.122374,1099,"0",0,0
g80sh-exp-B-trcc-off.etl,2026-09-24 03:52:50.774276,1099,"256",10,25668
g80sh-exp-B-trcc-off.etl,2026-09-24 03:52:50.774291,1099,"257",8,25669
g80sh-exp-B-trcc-off.etl,2026-09-24 03:52:50.774296,1099,"258",8,25670
g80sh-exp-B-trcc-off.etl,2026-09-24 03:52:50.774301,1099,"259",8,25671
g80sh-exp-B-trcc-off.etl,2026-09-24 03:52:50.774308,1099,"260",10,25672
g80sh-exp-B-trcc-off.etl,2026-09-24 03:52:50.774315,1099,"261",8,25673
g80sh-exp-B-trcc-off.etl,2026-09-24 03:52:50.774320,1099,"262",8,25674
g80sh-exp-B-trcc-off.etl,2026-09-24 03:52:50.774324,1099,"263",8,25675
g80sh-exp-B-trcc-off.etl,2026-09-24 03:52:50.774329,1099,"264",8,25676
g80sh-exp-B-trcc-off.etl,2026-09-24 03:52:50.774337,1099,"265",10,25677
g80sh-exp-B-trcc-off.etl,2026-09-24 03:52:50.774344,1099,"266",8,25678
g80sh-exp-B-trcc-off.etl,2026-09-24 03:52:50.774346,1099,"0",0,0
g80sh-exp-B-trcc-off.etl,2026-09-24 03:53:08.076270,1099,"256",10,25679
g80sh-exp-B-trcc-off.etl,2026-09-24 03:53:08.076285,1099,"257",8,25680
g80sh-exp-B-trcc-off.etl,2026-09-24 03:53:08.076290,1099,"258",8,25681
g80sh-exp-B-trcc-off.etl,2026-09-24 03:53:08.076295,1099,"259",8,25682
g80sh-exp-B-trcc-off.etl,2026-09-24 03:53:08.076302,1099,"260",10,25683
g80sh-exp-B-trcc-off.etl,2026-09-24 03:53:08.076309,1099,"261",8,25684
g80sh-exp-B-trcc-off.etl,2026-09-24 03:53:08.076314,1099,"262",8,25685
g80sh-exp-B-trcc-off.etl,2026-09-24 03:53:08.076318,1099,"263",8,25686
g80sh-exp-B-trcc-off.etl,2026-09-24 03:53:08.076323,1099,"264",8,25687
g80sh-exp-B-trcc-off.etl,2026-09-24 03:53:08.076331,1099,"265",10,25688
g80sh-exp-B-trcc-off.etl,2026-09-24 03:53:08.076338,1099,"266",8,25689
g80sh-exp-B-trcc-off.etl,2026-09-24 03:53:08.076340,1099,"0",0,0
g80sh-exp-B-trcc-off.etl,2026-09-24 03:53:09.476174,1099,"260",8,25690
g80sh-exp-B-trcc-off.etl,2026-09-24 03:53:09.476288,1099,"260",10,25691
g80sh-exp-B-trcc-off.etl,2026-09-24 03:53:09.476344,220,"GPU",,
g80sh-exp-B-trcc-off.etl,2026-09-24 03:53:09.502140,1099,"0",0,0
g80sh-exp-B-trcc-off.etl,2026-09-24 03:53:09.516018,1010,"DISPLAY\SAM7B0C\7&16b8ddb4&0&UID260",,
g80sh-exp-B-trcc-off.etl,2026-09-24 03:53:09.575966,1099,"0",0,0
g80sh-exp-B-trcc-off.etl,2026-09-24 03:53:09.828767,1099,"260",8,25692
g80sh-exp-B-trcc-off.etl,2026-09-24 03:53:09.828866,1099,"0",0,0
g80sh-exp-B-trcc-off.etl,2026-09-24 03:53:09.828935,220,"GPU",,
g80sh-exp-B-trcc-off.etl,2026-09-24 03:53:09.876885,1010,"DISPLAY\Default_Monitor\7&16b8ddb4&0&UID260",,
g80sh-exp-B-trcc-off.etl,2026-09-24 03:53:09.910928,1099,"0",0,0
g80sh-exp-B-trcc-off.etl,2026-09-24 03:53:13.176721,1099,"260",10,25693
g80sh-exp-B-trcc-off.etl,2026-09-24 03:53:13.424301,1099,"0",0,0
g80sh-exp-B-trcc-off.etl,2026-09-24 03:53:13.424395,220,"GPU",,
g80sh-exp-B-trcc-off.etl,2026-09-24 03:53:13.456887,1099,"0",0,0
g80sh-exp-B-trcc-off.etl,2026-09-24 03:53:51.153929,1099,"256",10,25694
g80sh-exp-B-trcc-off.etl,2026-09-24 03:53:51.153945,1099,"257",8,25695
g80sh-exp-B-trcc-off.etl,2026-09-24 03:53:51.153950,1099,"258",8,25696
g80sh-exp-B-trcc-off.etl,2026-09-24 03:53:51.153955,1099,"259",8,25697
g80sh-exp-B-trcc-off.etl,2026-09-24 03:53:51.153962,1099,"260",10,25698
g80sh-exp-B-trcc-off.etl,2026-09-24 03:53:51.153969,1099,"261",8,25699
g80sh-exp-B-trcc-off.etl,2026-09-24 03:53:51.153973,1099,"262",8,25700
g80sh-exp-B-trcc-off.etl,2026-09-24 03:53:51.153978,1099,"263",8,25701
g80sh-exp-B-trcc-off.etl,2026-09-24 03:53:51.153982,1099,"264",8,25702
g80sh-exp-B-trcc-off.etl,2026-09-24 03:53:51.153990,1099,"265",10,25703
g80sh-exp-B-trcc-off.etl,2026-09-24 03:53:51.153997,1099,"266",8,25704
g80sh-exp-B-trcc-off.etl,2026-09-24 03:53:51.153999,1099,"0",0,0
g80sh-exp-B-trcc-off.etl,2026-09-24 03:53:52.595918,1099,"260",8,25705
g80sh-exp-B-trcc-off.etl,2026-09-24 03:53:52.596035,1099,"260",10,25706
g80sh-exp-B-trcc-off.etl,2026-09-24 03:53:52.596097,220,"GPU",,
g80sh-exp-B-trcc-off.etl,2026-09-24 03:53:52.623825,1099,"0",0,0
g80sh-exp-B-trcc-off.etl,2026-09-24 03:53:52.636539,1010,"DISPLAY\SAM7B0C\7&16b8ddb4&0&UID260",,
g80sh-exp-B-trcc-off.etl,2026-09-24 03:53:52.698512,1099,"0",0,0
g80sh-exp-B-trcc-off.etl,2026-09-24 03:53:52.729374,1099,"260",8,25707
g80sh-exp-B-trcc-off.etl,2026-09-24 03:53:52.729432,1099,"0",0,0
g80sh-exp-B-trcc-off.etl,2026-09-24 03:53:52.729504,220,"GPU",,
g80sh-exp-B-trcc-off.etl,2026-09-24 03:53:52.783411,1010,"DISPLAY\Default_Monitor\7&16b8ddb4&0&UID260",,
g80sh-exp-B-trcc-off.etl,2026-09-24 03:53:52.867262,1099,"0",0,0
g80sh-exp-B-trcc-off.etl,2026-09-24 03:53:56.059928,1099,"260",10,25708
g80sh-exp-B-trcc-off.etl,2026-09-24 03:53:56.291266,1099,"0",0,0
g80sh-exp-B-trcc-off.etl,2026-09-24 03:53:56.291318,220,"GPU",,
g80sh-exp-B-trcc-off.etl,2026-09-24 03:53:56.321416,1099,"0",0,0
g80sh-exp-B-trcc-off.etl,2026-09-24 03:54:25.001900,1099,"256",10,25709
g80sh-exp-B-trcc-off.etl,2026-09-24 03:54:25.001924,1099,"257",8,25710
g80sh-exp-B-trcc-off.etl,2026-09-24 03:54:25.001933,1099,"258",8,25711
g80sh-exp-B-trcc-off.etl,2026-09-24 03:54:25.001941,1099,"259",8,25712
g80sh-exp-B-trcc-off.etl,2026-09-24 03:54:25.001954,1099,"260",10,25713
g80sh-exp-B-trcc-off.etl,2026-09-24 03:54:25.001966,1099,"261",8,25714
g80sh-exp-B-trcc-off.etl,2026-09-24 03:54:25.001975,1099,"262",8,25715
g80sh-exp-B-trcc-off.etl,2026-09-24 03:54:25.001983,1099,"263",8,25716
g80sh-exp-B-trcc-off.etl,2026-09-24 03:54:25.001991,1099,"264",8,25717
g80sh-exp-B-trcc-off.etl,2026-09-24 03:54:25.002005,1099,"265",10,25718
g80sh-exp-B-trcc-off.etl,2026-09-24 03:54:25.002018,1099,"266",8,25719
g80sh-exp-B-trcc-off.etl,2026-09-24 03:54:25.002021,1099,"0",0,0
g80sh-exp-B-trcc-off.etl,2026-09-24 03:54:35.342309,1099,"256",10,25720
g80sh-exp-B-trcc-off.etl,2026-09-24 03:54:35.342324,1099,"257",8,25721
g80sh-exp-B-trcc-off.etl,2026-09-24 03:54:35.342329,1099,"258",8,25722
g80sh-exp-B-trcc-off.etl,2026-09-24 03:54:35.342334,1099,"259",8,25723
g80sh-exp-B-trcc-off.etl,2026-09-24 03:54:35.342341,1099,"260",10,25724
g80sh-exp-B-trcc-off.etl,2026-09-24 03:54:35.342348,1099,"261",8,25725
g80sh-exp-B-trcc-off.etl,2026-09-24 03:54:35.342352,1099,"262",8,25726
g80sh-exp-B-trcc-off.etl,2026-09-24 03:54:35.342357,1099,"263",8,25727
g80sh-exp-B-trcc-off.etl,2026-09-24 03:54:35.342361,1099,"264",8,25728
g80sh-exp-B-trcc-off.etl,2026-09-24 03:54:35.342370,1099,"265",10,25729
g80sh-exp-B-trcc-off.etl,2026-09-24 03:54:35.342377,1099,"266",8,25730
g80sh-exp-B-trcc-off.etl,2026-09-24 03:54:35.342378,1099,"0",0,0
g80sh-exp-B-trcc-off.etl,2026-09-24 03:54:36.740789,1099,"260",8,25731
g80sh-exp-B-trcc-off.etl,2026-09-24 03:54:36.740912,1099,"260",10,25732
g80sh-exp-B-trcc-off.etl,2026-09-24 03:54:36.741024,220,"GPU",,
g80sh-exp-B-trcc-off.etl,2026-09-24 03:54:36.767202,1099,"0",0,0
g80sh-exp-B-trcc-off.etl,2026-09-24 03:54:36.781073,1010,"DISPLAY\SAM7B0C\7&16b8ddb4&0&UID260",,
g80sh-exp-B-trcc-off.etl,2026-09-24 03:54:36.839905,1099,"0",0,0
g80sh-exp-B-trcc-off.etl,2026-09-24 03:54:37.103753,1099,"260",8,25733
g80sh-exp-B-trcc-off.etl,2026-09-24 03:54:37.103827,1099,"0",0,0
g80sh-exp-B-trcc-off.etl,2026-09-24 03:54:37.103885,220,"GPU",,
g80sh-exp-B-trcc-off.etl,2026-09-24 03:54:37.156954,1010,"DISPLAY\Default_Monitor\7&16b8ddb4&0&UID260",,
g80sh-exp-B-trcc-off.etl,2026-09-24 03:54:37.191758,1099,"0",0,0
g80sh-exp-B-trcc-off.etl,2026-09-24 03:54:40.434463,1099,"260",10,25734
g80sh-exp-B-trcc-off.etl,2026-09-24 03:54:40.680548,1099,"0",0,0
g80sh-exp-B-trcc-off.etl,2026-09-24 03:54:40.680634,220,"GPU",,
g80sh-exp-B-trcc-off.etl,2026-09-24 03:54:40.716868,1099,"0",0,0
g80sh-exp-B-trcc-off.etl,2026-09-24 03:55:08.561053,1099,"256",10,25735
g80sh-exp-B-trcc-off.etl,2026-09-24 03:55:08.561068,1099,"257",8,25736
g80sh-exp-B-trcc-off.etl,2026-09-24 03:55:08.561073,1099,"258",8,25737
g80sh-exp-B-trcc-off.etl,2026-09-24 03:55:08.561077,1099,"259",8,25738
g80sh-exp-B-trcc-off.etl,2026-09-24 03:55:08.561085,1099,"260",10,25739
g80sh-exp-B-trcc-off.etl,2026-09-24 03:55:08.561092,1099,"261",8,25740
g80sh-exp-B-trcc-off.etl,2026-09-24 03:55:08.561096,1099,"262",8,25741
g80sh-exp-B-trcc-off.etl,2026-09-24 03:55:08.561101,1099,"263",8,25742
g80sh-exp-B-trcc-off.etl,2026-09-24 03:55:08.561105,1099,"264",8,25743
g80sh-exp-B-trcc-off.etl,2026-09-24 03:55:08.561113,1099,"265",10,25744
g80sh-exp-B-trcc-off.etl,2026-09-24 03:55:08.561120,1099,"266",8,25745
g80sh-exp-B-trcc-off.etl,2026-09-24 03:55:08.561122,1099,"0",0,0
g80sh-exp-B-trcc-off.etl,2026-09-24 03:55:21.153619,1099,"256",10,25746
g80sh-exp-B-trcc-off.etl,2026-09-24 03:55:21.153634,1099,"257",8,25747
g80sh-exp-B-trcc-off.etl,2026-09-24 03:55:21.153638,1099,"258",8,25748
g80sh-exp-B-trcc-off.etl,2026-09-24 03:55:21.153641,1099,"259",8,25749
g80sh-exp-B-trcc-off.etl,2026-09-24 03:55:21.153647,1099,"260",10,25750
g80sh-exp-B-trcc-off.etl,2026-09-24 03:55:21.153652,1099,"261",8,25751
g80sh-exp-B-trcc-off.etl,2026-09-24 03:55:21.153655,1099,"262",8,25752
g80sh-exp-B-trcc-off.etl,2026-09-24 03:55:21.153658,1099,"263",8,25753
g80sh-exp-B-trcc-off.etl,2026-09-24 03:55:21.153661,1099,"264",8,25754
g80sh-exp-B-trcc-off.etl,2026-09-24 03:55:21.153667,1099,"265",10,25755
g80sh-exp-B-trcc-off.etl,2026-09-24 03:55:21.153672,1099,"266",8,25756
g80sh-exp-B-trcc-off.etl,2026-09-24 03:55:21.153674,1099,"0",0,0
g80sh-exp-B-trcc-off.etl,2026-09-24 03:55:22.618899,1099,"260",8,25757
g80sh-exp-B-trcc-off.etl,2026-09-24 03:55:22.619012,1099,"260",10,25758
g80sh-exp-B-trcc-off.etl,2026-09-24 03:55:22.619083,220,"GPU",,
g80sh-exp-B-trcc-off.etl,2026-09-24 03:55:22.643618,1099,"0",0,0
g80sh-exp-B-trcc-off.etl,2026-09-24 03:55:22.659644,1010,"DISPLAY\SAM7B0C\7&16b8ddb4&0&UID260",,
g80sh-exp-B-trcc-off.etl,2026-09-24 03:55:22.719039,1099,"0",0,0
g80sh-exp-B-trcc-off.etl,2026-09-24 03:55:22.745793,1099,"260",8,25759
g80sh-exp-B-trcc-off.etl,2026-09-24 03:55:22.745854,1099,"0",0,0
g80sh-exp-B-trcc-off.etl,2026-09-24 03:55:22.745925,220,"GPU",,
g80sh-exp-B-trcc-off.etl,2026-09-24 03:55:22.802520,1010,"DISPLAY\Default_Monitor\7&16b8ddb4&0&UID260",,
g80sh-exp-B-trcc-off.etl,2026-09-24 03:55:22.887101,1099,"0",0,0
g80sh-exp-B-trcc-off.etl,2026-09-24 03:55:25.641870,1099,"260",10,25760
g80sh-exp-B-trcc-off.etl,2026-09-24 03:55:25.888263,1099,"0",0,0
g80sh-exp-B-trcc-off.etl,2026-09-24 03:55:25.888360,220,"GPU",,
g80sh-exp-B-trcc-off.etl,2026-09-24 03:55:25.915297,1099,"0",0,0
g80sh-exp-B-trcc-off.etl,2026-09-24 03:55:52.768162,1099,"256",10,25761
g80sh-exp-B-trcc-off.etl,2026-09-24 03:55:52.768176,1099,"257",8,25762
g80sh-exp-B-trcc-off.etl,2026-09-24 03:55:52.768179,1099,"258",8,25763
g80sh-exp-B-trcc-off.etl,2026-09-24 03:55:52.768182,1099,"259",8,25764
g80sh-exp-B-trcc-off.etl,2026-09-24 03:55:52.768188,1099,"260",10,25765
g80sh-exp-B-trcc-off.etl,2026-09-24 03:55:52.768193,1099,"261",8,25766
g80sh-exp-B-trcc-off.etl,2026-09-24 03:55:52.768196,1099,"262",8,25767
g80sh-exp-B-trcc-off.etl,2026-09-24 03:55:52.768199,1099,"263",8,25768
g80sh-exp-B-trcc-off.etl,2026-09-24 03:55:52.768202,1099,"264",8,25769
g80sh-exp-B-trcc-off.etl,2026-09-24 03:55:52.768208,1099,"265",10,25770
g80sh-exp-B-trcc-off.etl,2026-09-24 03:55:52.768214,1099,"266",8,25771
g80sh-exp-B-trcc-off.etl,2026-09-24 03:55:52.768215,1099,"0",0,0
g80sh-exp-B-trcc-off.etl,2026-09-24 03:56:03.105684,1099,"256",10,25772
g80sh-exp-B-trcc-off.etl,2026-09-24 03:56:03.105699,1099,"257",8,25773
g80sh-exp-B-trcc-off.etl,2026-09-24 03:56:03.105704,1099,"258",8,25774
g80sh-exp-B-trcc-off.etl,2026-09-24 03:56:03.105709,1099,"259",8,25775
g80sh-exp-B-trcc-off.etl,2026-09-24 03:56:03.105716,1099,"260",10,25776
g80sh-exp-B-trcc-off.etl,2026-09-24 03:56:03.105723,1099,"261",8,25777
g80sh-exp-B-trcc-off.etl,2026-09-24 03:56:03.105728,1099,"262",8,25778
g80sh-exp-B-trcc-off.etl,2026-09-24 03:56:03.105732,1099,"263",8,25779
g80sh-exp-B-trcc-off.etl,2026-09-24 03:56:03.105736,1099,"264",8,25780
g80sh-exp-B-trcc-off.etl,2026-09-24 03:56:03.105745,1099,"265",10,25781
g80sh-exp-B-trcc-off.etl,2026-09-24 03:56:03.105752,1099,"266",8,25782
g80sh-exp-B-trcc-off.etl,2026-09-24 03:56:03.105753,1099,"0",0,0
g80sh-exp-B-trcc-off.etl,2026-09-24 03:56:04.516807,1099,"260",8,25783
g80sh-exp-B-trcc-off.etl,2026-09-24 03:56:04.516940,1099,"260",10,25784
g80sh-exp-B-trcc-off.etl,2026-09-24 03:56:04.516989,220,"GPU",,
g80sh-exp-B-trcc-off.etl,2026-09-24 03:56:04.543699,1099,"0",0,0
g80sh-exp-B-trcc-off.etl,2026-09-24 03:56:04.555147,1010,"DISPLAY\SAM7B0C\7&16b8ddb4&0&UID260",,
g80sh-exp-B-trcc-off.etl,2026-09-24 03:56:04.614809,1099,"0",0,0
g80sh-exp-B-trcc-off.etl,2026-09-24 03:56:04.745075,1099,"260",8,25785
g80sh-exp-B-trcc-off.etl,2026-09-24 03:56:04.745153,1099,"0",0,0
g80sh-exp-B-trcc-off.etl,2026-09-24 03:56:04.745220,220,"GPU",,
g80sh-exp-B-trcc-off.etl,2026-09-24 03:56:04.799616,1010,"DISPLAY\Default_Monitor\7&16b8ddb4&0&UID260",,
g80sh-exp-B-trcc-off.etl,2026-09-24 03:56:04.866726,1099,"0",0,0
g80sh-exp-B-trcc-off.etl,2026-09-24 03:56:08.081766,1099,"260",10,25786
g80sh-exp-B-trcc-off.etl,2026-09-24 03:56:08.313219,1099,"0",0,0
g80sh-exp-B-trcc-off.etl,2026-09-24 03:56:08.313286,220,"GPU",,
g80sh-exp-B-trcc-off.etl,2026-09-24 03:56:08.339713,1099,"0",0,0
g80sh-exp-B-trcc-off.etl,2026-09-24 03:56:35.795296,1099,"256",10,25787
g80sh-exp-B-trcc-off.etl,2026-09-24 03:56:35.795311,1099,"257",8,25788
g80sh-exp-B-trcc-off.etl,2026-09-24 03:56:35.795316,1099,"258",8,25789
g80sh-exp-B-trcc-off.etl,2026-09-24 03:56:35.795321,1099,"259",8,25790
g80sh-exp-B-trcc-off.etl,2026-09-24 03:56:35.795328,1099,"260",10,25791
g80sh-exp-B-trcc-off.etl,2026-09-24 03:56:35.795335,1099,"261",8,25792
g80sh-exp-B-trcc-off.etl,2026-09-24 03:56:35.795339,1099,"262",8,25793
g80sh-exp-B-trcc-off.etl,2026-09-24 03:56:35.795345,1099,"263",8,25794
g80sh-exp-B-trcc-off.etl,2026-09-24 03:56:35.795349,1099,"264",8,25795
g80sh-exp-B-trcc-off.etl,2026-09-24 03:56:35.795357,1099,"265",10,25796
g80sh-exp-B-trcc-off.etl,2026-09-24 03:56:35.795364,1099,"266",8,25797
g80sh-exp-B-trcc-off.etl,2026-09-24 03:56:35.795366,1099,"0",0,0
g80sh-exp-B-trcc-off.etl,2026-09-24 03:56:51.602152,1099,"256",10,25798
g80sh-exp-B-trcc-off.etl,2026-09-24 03:56:51.602169,1099,"257",8,25799
g80sh-exp-B-trcc-off.etl,2026-09-24 03:56:51.602174,1099,"258",8,25800
g80sh-exp-B-trcc-off.etl,2026-09-24 03:56:51.602178,1099,"259",8,25801
g80sh-exp-B-trcc-off.etl,2026-09-24 03:56:51.602186,1099,"260",10,25802
g80sh-exp-B-trcc-off.etl,2026-09-24 03:56:51.602195,1099,"261",8,25803
g80sh-exp-B-trcc-off.etl,2026-09-24 03:56:51.602200,1099,"262",8,25804
g80sh-exp-B-trcc-off.etl,2026-09-24 03:56:51.602205,1099,"263",8,25805
g80sh-exp-B-trcc-off.etl,2026-09-24 03:56:51.602209,1099,"264",8,25806
g80sh-exp-B-trcc-off.etl,2026-09-24 03:56:51.602218,1099,"265",10,25807
g80sh-exp-B-trcc-off.etl,2026-09-24 03:56:51.602225,1099,"266",8,25808
g80sh-exp-B-trcc-off.etl,2026-09-24 03:56:51.602227,1099,"0",0,0
g80sh-exp-B-trcc-off.etl,2026-09-24 03:56:53.009459,1099,"260",8,25809
g80sh-exp-B-trcc-off.etl,2026-09-24 03:56:53.009575,1099,"260",10,25810
g80sh-exp-B-trcc-off.etl,2026-09-24 03:56:53.009699,220,"GPU",,
g80sh-exp-B-trcc-off.etl,2026-09-24 03:56:53.035896,1099,"0",0,0
g80sh-exp-B-trcc-off.etl,2026-09-24 03:56:53.050188,1010,"DISPLAY\SAM7B0C\7&16b8ddb4&0&UID260",,
g80sh-exp-B-trcc-off.etl,2026-09-24 03:56:53.109882,1099,"0",0,0
g80sh-exp-B-trcc-off.etl,2026-09-24 03:56:53.192027,1099,"260",8,25811
g80sh-exp-B-trcc-off.etl,2026-09-24 03:56:53.192086,1099,"0",0,0
g80sh-exp-B-trcc-off.etl,2026-09-24 03:56:53.192187,220,"GPU",,
g80sh-exp-B-trcc-off.etl,2026-09-24 03:56:53.244705,1010,"DISPLAY\Default_Monitor\7&16b8ddb4&0&UID260",,
g80sh-exp-B-trcc-off.etl,2026-09-24 03:56:53.296264,1099,"0",0,0
g80sh-exp-B-trcc-off.etl,2026-09-24 03:56:56.506908,1099,"260",10,25812
g80sh-exp-B-trcc-off.etl,2026-09-24 03:56:56.753481,1099,"0",0,0
g80sh-exp-B-trcc-off.etl,2026-09-24 03:56:56.753535,220,"GPU",,
g80sh-exp-B-trcc-off.etl,2026-09-24 03:56:56.792365,1099,"0",0,0
g80sh-exp-B-trcc-off.etl,2026-09-24 03:57:25.292598,1099,"256",10,25813
g80sh-exp-B-trcc-off.etl,2026-09-24 03:57:25.292613,1099,"257",8,25814
g80sh-exp-B-trcc-off.etl,2026-09-24 03:57:25.292618,1099,"258",8,25815
g80sh-exp-B-trcc-off.etl,2026-09-24 03:57:25.292622,1099,"259",8,25816
g80sh-exp-B-trcc-off.etl,2026-09-24 03:57:25.292629,1099,"260",10,25817
g80sh-exp-B-trcc-off.etl,2026-09-24 03:57:25.292637,1099,"261",8,25818
g80sh-exp-B-trcc-off.etl,2026-09-24 03:57:25.292642,1099,"262",8,25819
g80sh-exp-B-trcc-off.etl,2026-09-24 03:57:25.292646,1099,"263",8,25820
g80sh-exp-B-trcc-off.etl,2026-09-24 03:57:25.292651,1099,"264",8,25821
g80sh-exp-B-trcc-off.etl,2026-09-24 03:57:25.292659,1099,"265",10,25822
g80sh-exp-B-trcc-off.etl,2026-09-24 03:57:25.292666,1099,"266",8,25823
g80sh-exp-B-trcc-off.etl,2026-09-24 03:57:25.292668,1099,"0",0,0
g80sh-exp-B-trcc-off.etl,2026-09-24 03:57:35.666320,1099,"256",10,25824
g80sh-exp-B-trcc-off.etl,2026-09-24 03:57:35.666335,1099,"257",8,25825
g80sh-exp-B-trcc-off.etl,2026-09-24 03:57:35.666340,1099,"258",8,25826
g80sh-exp-B-trcc-off.etl,2026-09-24 03:57:35.666344,1099,"259",8,25827
g80sh-exp-B-trcc-off.etl,2026-09-24 03:57:35.666352,1099,"260",10,25828
g80sh-exp-B-trcc-off.etl,2026-09-24 03:57:35.666359,1099,"261",8,25829
g80sh-exp-B-trcc-off.etl,2026-09-24 03:57:35.666363,1099,"262",8,25830
g80sh-exp-B-trcc-off.etl,2026-09-24 03:57:35.666368,1099,"263",8,25831
g80sh-exp-B-trcc-off.etl,2026-09-24 03:57:35.666372,1099,"264",8,25832
g80sh-exp-B-trcc-off.etl,2026-09-24 03:57:35.666380,1099,"265",10,25833
g80sh-exp-B-trcc-off.etl,2026-09-24 03:57:35.666388,1099,"266",8,25834
g80sh-exp-B-trcc-off.etl,2026-09-24 03:57:35.666390,1099,"0",0,0
g80sh-exp-B-trcc-off.etl,2026-09-24 03:57:37.068036,1099,"260",8,25835
g80sh-exp-B-trcc-off.etl,2026-09-24 03:57:37.068160,1099,"260",10,25836
g80sh-exp-B-trcc-off.etl,2026-09-24 03:57:37.068229,220,"GPU",,
g80sh-exp-B-trcc-off.etl,2026-09-24 03:57:37.092838,1099,"0",0,0
g80sh-exp-B-trcc-off.etl,2026-09-24 03:57:37.106853,1010,"DISPLAY\SAM7B0C\7&16b8ddb4&0&UID260",,
g80sh-exp-B-trcc-off.etl,2026-09-24 03:57:37.167955,1099,"0",0,0
g80sh-exp-B-trcc-off.etl,2026-09-24 03:57:37.444899,1099,"260",8,25837
g80sh-exp-B-trcc-off.etl,2026-09-24 03:57:37.444987,1099,"0",0,0
g80sh-exp-B-trcc-off.etl,2026-09-24 03:57:37.445056,220,"GPU",,
g80sh-exp-B-trcc-off.etl,2026-09-24 03:57:37.502209,1010,"DISPLAY\Default_Monitor\7&16b8ddb4&0&UID260",,
g80sh-exp-B-trcc-off.etl,2026-09-24 03:57:37.535837,1099,"0",0,0
g80sh-exp-B-trcc-off.etl,2026-09-24 03:57:40.759832,1099,"260",10,25838
g80sh-exp-B-trcc-off.etl,2026-09-24 03:57:41.004795,1099,"0",0,0
g80sh-exp-B-trcc-off.etl,2026-09-24 03:57:41.004846,220,"GPU",,
g80sh-exp-B-trcc-off.etl,2026-09-24 03:57:41.038106,1099,"0",0,0
g80sh-exp-B-trcc-off.etl,2026-09-24 03:58:21.680179,1099,"256",10,25839
g80sh-exp-B-trcc-off.etl,2026-09-24 03:58:21.680197,1099,"257",8,25840
g80sh-exp-B-trcc-off.etl,2026-09-24 03:58:21.680201,1099,"258",8,25841
g80sh-exp-B-trcc-off.etl,2026-09-24 03:58:21.680206,1099,"259",8,25842
g80sh-exp-B-trcc-off.etl,2026-09-24 03:58:21.680213,1099,"260",10,25843
g80sh-exp-B-trcc-off.etl,2026-09-24 03:58:21.680221,1099,"261",8,25844
g80sh-exp-B-trcc-off.etl,2026-09-24 03:58:21.680225,1099,"262",8,25845
g80sh-exp-B-trcc-off.etl,2026-09-24 03:58:21.680230,1099,"263",8,25846
g80sh-exp-B-trcc-off.etl,2026-09-24 03:58:21.680234,1099,"264",8,25847
g80sh-exp-B-trcc-off.etl,2026-09-24 03:58:21.680242,1099,"265",10,25848
g80sh-exp-B-trcc-off.etl,2026-09-24 03:58:21.680249,1099,"266",8,25849
g80sh-exp-B-trcc-off.etl,2026-09-24 03:58:21.680251,1099,"0",0,0
g80sh-exp-B-trcc-off.etl,2026-09-24 03:58:23.057557,1099,"260",8,25850
g80sh-exp-B-trcc-off.etl,2026-09-24 03:58:23.057676,1099,"260",10,25851
g80sh-exp-B-trcc-off.etl,2026-09-24 03:58:23.057745,220,"GPU",,
g80sh-exp-B-trcc-off.etl,2026-09-24 03:58:23.081934,1099,"0",0,0
g80sh-exp-B-trcc-off.etl,2026-09-24 03:58:23.098491,1010,"DISPLAY\SAM7B0C\7&16b8ddb4&0&UID260",,
g80sh-exp-B-trcc-off.etl,2026-09-24 03:58:23.159416,1099,"0",0,0
g80sh-exp-B-trcc-off.etl,2026-09-24 03:58:23.419390,1099,"260",8,25852
g80sh-exp-B-trcc-off.etl,2026-09-24 03:58:23.419461,1099,"0",0,0
g80sh-exp-B-trcc-off.etl,2026-09-24 03:58:23.419527,220,"GPU",,
g80sh-exp-B-trcc-off.etl,2026-09-24 03:58:23.476833,1010,"DISPLAY\Default_Monitor\7&16b8ddb4&0&UID260",,
g80sh-exp-B-trcc-off.etl,2026-09-24 03:58:23.513526,1099,"0",0,0
g80sh-exp-B-trcc-off.etl,2026-09-24 03:58:26.745787,1099,"260",10,25853
g80sh-exp-B-trcc-off.etl,2026-09-24 03:58:26.992071,1099,"0",0,0
g80sh-exp-B-trcc-off.etl,2026-09-24 03:58:26.992124,220,"GPU",,
g80sh-exp-B-trcc-off.etl,2026-09-24 03:58:27.019716,1099,"0",0,0
g80sh-exp-B-trcc-off.etl,2026-09-24 03:58:54.708309,1099,"256",10,25854
g80sh-exp-B-trcc-off.etl,2026-09-24 03:58:54.708325,1099,"257",8,25855
g80sh-exp-B-trcc-off.etl,2026-09-24 03:58:54.708329,1099,"258",8,25856
g80sh-exp-B-trcc-off.etl,2026-09-24 03:58:54.708334,1099,"259",8,25857
g80sh-exp-B-trcc-off.etl,2026-09-24 03:58:54.708341,1099,"260",10,25858
g80sh-exp-B-trcc-off.etl,2026-09-24 03:58:54.708348,1099,"261",8,25859
g80sh-exp-B-trcc-off.etl,2026-09-24 03:58:54.708353,1099,"262",8,25860
g80sh-exp-B-trcc-off.etl,2026-09-24 03:58:54.708357,1099,"263",8,25861
g80sh-exp-B-trcc-off.etl,2026-09-24 03:58:54.708362,1099,"264",8,25862
g80sh-exp-B-trcc-off.etl,2026-09-24 03:58:54.708369,1099,"265",10,25863
g80sh-exp-B-trcc-off.etl,2026-09-24 03:58:54.708376,1099,"266",8,25864
g80sh-exp-B-trcc-off.etl,2026-09-24 03:58:54.708378,1099,"0",0,0
g80sh-exp-B-trcc-off.etl,2026-09-24 03:59:05.042021,1099,"256",10,25865
g80sh-exp-B-trcc-off.etl,2026-09-24 03:59:05.042035,1099,"257",8,25866
g80sh-exp-B-trcc-off.etl,2026-09-24 03:59:05.042039,1099,"258",8,25867
g80sh-exp-B-trcc-off.etl,2026-09-24 03:59:05.042042,1099,"259",8,25868
g80sh-exp-B-trcc-off.etl,2026-09-24 03:59:05.042047,1099,"260",10,25869
g80sh-exp-B-trcc-off.etl,2026-09-24 03:59:05.042053,1099,"261",8,25870
g80sh-exp-B-trcc-off.etl,2026-09-24 03:59:05.042056,1099,"262",8,25871
g80sh-exp-B-trcc-off.etl,2026-09-24 03:59:05.042059,1099,"263",8,25872
g80sh-exp-B-trcc-off.etl,2026-09-24 03:59:05.042062,1099,"264",8,25873
g80sh-exp-B-trcc-off.etl,2026-09-24 03:59:05.042068,1099,"265",10,25874
g80sh-exp-B-trcc-off.etl,2026-09-24 03:59:05.042074,1099,"266",8,25875
g80sh-exp-B-trcc-off.etl,2026-09-24 03:59:05.042075,1099,"0",0,0
g80sh-exp-B-trcc-off.etl,2026-09-24 03:59:06.442708,1099,"260",8,25876
g80sh-exp-B-trcc-off.etl,2026-09-24 03:59:06.442824,1099,"260",10,25877
g80sh-exp-B-trcc-off.etl,2026-09-24 03:59:06.442921,220,"GPU",,
g80sh-exp-B-trcc-off.etl,2026-09-24 03:59:06.469372,1099,"0",0,0
g80sh-exp-B-trcc-off.etl,2026-09-24 03:59:06.484061,1010,"DISPLAY\SAM7B0C\7&16b8ddb4&0&UID260",,
g80sh-exp-B-trcc-off.etl,2026-09-24 03:59:06.542331,1099,"0",0,0
g80sh-exp-B-trcc-off.etl,2026-09-24 03:59:06.690724,1099,"260",8,25878
g80sh-exp-B-trcc-off.etl,2026-09-24 03:59:06.690788,1099,"0",0,0
g80sh-exp-B-trcc-off.etl,2026-09-24 03:59:06.690860,220,"GPU",,
g80sh-exp-B-trcc-off.etl,2026-09-24 03:59:06.742295,1010,"DISPLAY\Default_Monitor\7&16b8ddb4&0&UID260",,
g80sh-exp-B-trcc-off.etl,2026-09-24 03:59:06.809690,1099,"0",0,0
g80sh-exp-B-trcc-off.etl,2026-09-24 03:59:10.015067,1099,"260",10,25879
g80sh-exp-B-trcc-off.etl,2026-09-24 03:59:10.261648,1099,"0",0,0
g80sh-exp-B-trcc-off.etl,2026-09-24 03:59:10.261708,220,"GPU",,
g80sh-exp-B-trcc-off.etl,2026-09-24 03:59:10.291138,1099,"0",0,0
g80sh-exp-B-trcc-off.etl,2026-09-24 03:59:39.071679,1099,"256",10,25880
g80sh-exp-B-trcc-off.etl,2026-09-24 03:59:39.071695,1099,"257",8,25881
g80sh-exp-B-trcc-off.etl,2026-09-24 03:59:39.071699,1099,"258",8,25882
g80sh-exp-B-trcc-off.etl,2026-09-24 03:59:39.071704,1099,"259",8,25883
g80sh-exp-B-trcc-off.etl,2026-09-24 03:59:39.071711,1099,"260",10,25884
g80sh-exp-B-trcc-off.etl,2026-09-24 03:59:39.071718,1099,"261",8,25885
g80sh-exp-B-trcc-off.etl,2026-09-24 03:59:39.071723,1099,"262",8,25886
g80sh-exp-B-trcc-off.etl,2026-09-24 03:59:39.071727,1099,"263",8,25887
g80sh-exp-B-trcc-off.etl,2026-09-24 03:59:39.071732,1099,"264",8,25888
g80sh-exp-B-trcc-off.etl,2026-09-24 03:59:39.071740,1099,"265",10,25889
g80sh-exp-B-trcc-off.etl,2026-09-24 03:59:39.071747,1099,"266",8,25890
g80sh-exp-B-trcc-off.etl,2026-09-24 03:59:39.071749,1099,"0",0,0
g80sh-exp-B-trcc-off.etl,2026-09-24 03:59:51.457586,1099,"256",10,25891
g80sh-exp-B-trcc-off.etl,2026-09-24 03:59:51.457611,1099,"257",8,25892
g80sh-exp-B-trcc-off.etl,2026-09-24 03:59:51.457620,1099,"258",8,25893
g80sh-exp-B-trcc-off.etl,2026-09-24 03:59:51.457628,1099,"259",8,25894
g80sh-exp-B-trcc-off.etl,2026-09-24 03:59:51.457640,1099,"260",10,25895
g80sh-exp-B-trcc-off.etl,2026-09-24 03:59:51.457653,1099,"261",8,25896
g80sh-exp-B-trcc-off.etl,2026-09-24 03:59:51.457661,1099,"262",8,25897
g80sh-exp-B-trcc-off.etl,2026-09-24 03:59:51.457670,1099,"263",8,25898
g80sh-exp-B-trcc-off.etl,2026-09-24 03:59:51.457678,1099,"264",8,25899
g80sh-exp-B-trcc-off.etl,2026-09-24 03:59:51.457692,1099,"265",10,25900
g80sh-exp-B-trcc-off.etl,2026-09-24 03:59:51.457705,1099,"266",8,25901
g80sh-exp-B-trcc-off.etl,2026-09-24 03:59:51.457708,1099,"0",0,0
g80sh-exp-B-trcc-off.etl,2026-09-24 03:59:53.612006,1099,"260",8,25902
g80sh-exp-B-trcc-off.etl,2026-09-24 03:59:53.612132,1099,"0",0,0
g80sh-exp-B-trcc-off.etl,2026-09-24 03:59:53.612193,220,"GPU",,
g80sh-exp-B-trcc-off.etl,2026-09-24 03:59:53.650544,1099,"0",0,0
g80sh-exp-B-trcc-off.etl,2026-09-24 03:59:53.650860,1010,"DISPLAY\SAM7B0C\7&16b8ddb4&0&UID260",,
g80sh-exp-B-trcc-off.etl,2026-09-24 03:59:53.664521,1099,"0",0,0
g80sh-exp-B-trcc-off.etl,2026-09-24 03:59:56.423896,1099,"260",10,25903
g80sh-exp-B-trcc-off.etl,2026-09-24 03:59:56.674886,1099,"0",0,0
g80sh-exp-B-trcc-off.etl,2026-09-24 03:59:56.674942,220,"GPU",,
g80sh-exp-B-trcc-off.etl,2026-09-24 03:59:56.703805,1099,"0",0,0
g80sh-exp-B-trcc-off.etl,2026-09-24 04:00:23.877579,1099,"256",10,25904
g80sh-exp-B-trcc-off.etl,2026-09-24 04:00:23.877595,1099,"257",8,25905
g80sh-exp-B-trcc-off.etl,2026-09-24 04:00:23.877600,1099,"258",8,25906
g80sh-exp-B-trcc-off.etl,2026-09-24 04:00:23.877604,1099,"259",8,25907
g80sh-exp-B-trcc-off.etl,2026-09-24 04:00:23.877611,1099,"260",10,25908
g80sh-exp-B-trcc-off.etl,2026-09-24 04:00:23.877619,1099,"261",8,25909
g80sh-exp-B-trcc-off.etl,2026-09-24 04:00:23.877623,1099,"262",8,25910
g80sh-exp-B-trcc-off.etl,2026-09-24 04:00:23.877627,1099,"263",8,25911
g80sh-exp-B-trcc-off.etl,2026-09-24 04:00:23.877632,1099,"264",8,25912
g80sh-exp-B-trcc-off.etl,2026-09-24 04:00:23.877640,1099,"265",10,25913
g80sh-exp-B-trcc-off.etl,2026-09-24 04:00:23.877647,1099,"266",8,25914
g80sh-exp-B-trcc-off.etl,2026-09-24 04:00:23.877649,1099,"0",0,0
g80sh-exp-B-trcc-off.etl,2026-09-24 04:00:34.213382,1099,"256",10,25915
g80sh-exp-B-trcc-off.etl,2026-09-24 04:00:34.213397,1099,"257",8,25916
g80sh-exp-B-trcc-off.etl,2026-09-24 04:00:34.213402,1099,"258",8,25917
g80sh-exp-B-trcc-off.etl,2026-09-24 04:00:34.213407,1099,"259",8,25918
g80sh-exp-B-trcc-off.etl,2026-09-24 04:00:34.213415,1099,"260",10,25919
g80sh-exp-B-trcc-off.etl,2026-09-24 04:00:34.213422,1099,"261",8,25920
g80sh-exp-B-trcc-off.etl,2026-09-24 04:00:34.213426,1099,"262",8,25921
g80sh-exp-B-trcc-off.etl,2026-09-24 04:00:34.213431,1099,"263",8,25922
g80sh-exp-B-trcc-off.etl,2026-09-24 04:00:34.213435,1099,"264",8,25923
g80sh-exp-B-trcc-off.etl,2026-09-24 04:00:34.213443,1099,"265",10,25924
g80sh-exp-B-trcc-off.etl,2026-09-24 04:00:34.213450,1099,"266",8,25925
g80sh-exp-B-trcc-off.etl,2026-09-24 04:00:34.213453,1099,"0",0,0
g80sh-exp-B-trcc-off.etl,2026-09-24 04:00:35.605163,1099,"260",8,25926
g80sh-exp-B-trcc-off.etl,2026-09-24 04:00:35.605284,1099,"260",10,25927
g80sh-exp-B-trcc-off.etl,2026-09-24 04:00:35.605324,220,"GPU",,
g80sh-exp-B-trcc-off.etl,2026-09-24 04:00:35.632288,1099,"0",0,0
g80sh-exp-B-trcc-off.etl,2026-09-24 04:00:35.644742,1010,"DISPLAY\SAM7B0C\7&16b8ddb4&0&UID260",,
g80sh-exp-B-trcc-off.etl,2026-09-24 04:00:35.706278,1099,"0",0,0
g80sh-exp-B-trcc-off.etl,2026-09-24 04:00:35.834303,1099,"260",8,25928
g80sh-exp-B-trcc-off.etl,2026-09-24 04:00:35.834361,1099,"0",0,0
g80sh-exp-B-trcc-off.etl,2026-09-24 04:00:35.834450,220,"GPU",,
g80sh-exp-B-trcc-off.etl,2026-09-24 04:00:35.889236,1010,"DISPLAY\Default_Monitor\7&16b8ddb4&0&UID260",,
g80sh-exp-B-trcc-off.etl,2026-09-24 04:00:35.956946,1099,"0",0,0
g80sh-exp-B-trcc-off.etl,2026-09-24 04:00:39.160785,1099,"260",10,25929
g80sh-exp-B-trcc-off.etl,2026-09-24 04:00:39.391640,1099,"0",0,0
g80sh-exp-B-trcc-off.etl,2026-09-24 04:00:39.391740,220,"GPU",,
g80sh-exp-B-trcc-off.etl,2026-09-24 04:00:39.427148,1099,"0",0,0
g80sh-exp-B-trcc-off.etl,2026-09-24 04:01:07.173605,1099,"256",10,25930
g80sh-exp-B-trcc-off.etl,2026-09-24 04:01:07.173620,1099,"257",8,25931
g80sh-exp-B-trcc-off.etl,2026-09-24 04:01:07.173624,1099,"258",8,25932
g80sh-exp-B-trcc-off.etl,2026-09-24 04:01:07.173629,1099,"259",8,25933
g80sh-exp-B-trcc-off.etl,2026-09-24 04:01:07.173636,1099,"260",10,25934
g80sh-exp-B-trcc-off.etl,2026-09-24 04:01:07.173643,1099,"261",8,25935
g80sh-exp-B-trcc-off.etl,2026-09-24 04:01:07.173647,1099,"262",8,25936
g80sh-exp-B-trcc-off.etl,2026-09-24 04:01:07.173652,1099,"263",8,25937
g80sh-exp-B-trcc-off.etl,2026-09-24 04:01:07.173656,1099,"264",8,25938
g80sh-exp-B-trcc-off.etl,2026-09-24 04:01:07.173664,1099,"265",10,25939
g80sh-exp-B-trcc-off.etl,2026-09-24 04:01:07.173671,1099,"266",8,25940
g80sh-exp-B-trcc-off.etl,2026-09-24 04:01:07.173673,1099,"0",0,0
g80sh-exp-B-trcc-off.etl,2026-09-24 04:01:21.610341,1099,"256",10,25941
g80sh-exp-B-trcc-off.etl,2026-09-24 04:01:21.610357,1099,"257",8,25942
g80sh-exp-B-trcc-off.etl,2026-09-24 04:01:21.610361,1099,"258",8,25943
g80sh-exp-B-trcc-off.etl,2026-09-24 04:01:21.610366,1099,"259",8,25944
g80sh-exp-B-trcc-off.etl,2026-09-24 04:01:21.610373,1099,"260",10,25945
g80sh-exp-B-trcc-off.etl,2026-09-24 04:01:21.610381,1099,"261",8,25946
g80sh-exp-B-trcc-off.etl,2026-09-24 04:01:21.610385,1099,"262",8,25947
g80sh-exp-B-trcc-off.etl,2026-09-24 04:01:21.610389,1099,"263",8,25948
g80sh-exp-B-trcc-off.etl,2026-09-24 04:01:21.610394,1099,"264",8,25949
g80sh-exp-B-trcc-off.etl,2026-09-24 04:01:21.610402,1099,"265",10,25950
g80sh-exp-B-trcc-off.etl,2026-09-24 04:01:21.610409,1099,"266",8,25951
g80sh-exp-B-trcc-off.etl,2026-09-24 04:01:21.610411,1099,"0",0,0
g80sh-exp-B-trcc-off.etl,2026-09-24 04:01:23.090080,1099,"260",8,25952
g80sh-exp-B-trcc-off.etl,2026-09-24 04:01:23.090214,1099,"260",10,25953
g80sh-exp-B-trcc-off.etl,2026-09-24 04:01:23.090268,220,"GPU",,
g80sh-exp-B-trcc-off.etl,2026-09-24 04:01:23.117444,1099,"0",0,0
g80sh-exp-B-trcc-off.etl,2026-09-24 04:01:23.128761,1010,"DISPLAY\SAM7B0C\7&16b8ddb4&0&UID260",,
g80sh-exp-B-trcc-off.etl,2026-09-24 04:01:23.193677,1099,"0",0,0
g80sh-exp-B-trcc-off.etl,2026-09-24 04:01:23.354090,1099,"260",8,25954
g80sh-exp-B-trcc-off.etl,2026-09-24 04:01:23.354156,1099,"0",0,0
g80sh-exp-B-trcc-off.etl,2026-09-24 04:01:23.354227,220,"GPU",,
g80sh-exp-B-trcc-off.etl,2026-09-24 04:01:23.409873,1010,"DISPLAY\Default_Monitor\7&16b8ddb4&0&UID260",,
g80sh-exp-B-trcc-off.etl,2026-09-24 04:01:23.460580,1099,"0",0,0
g80sh-exp-B-trcc-off.etl,2026-09-24 04:01:26.688439,1099,"260",10,25955
g80sh-exp-B-trcc-off.etl,2026-09-24 04:01:26.934366,1099,"0",0,0
g80sh-exp-B-trcc-off.etl,2026-09-24 04:01:26.934462,220,"GPU",,
g80sh-exp-B-trcc-off.etl,2026-09-24 04:01:26.961680,1099,"0",0,0
g80sh-exp-B-trcc-off.etl,2026-09-24 04:01:56.057508,1099,"256",10,25956
g80sh-exp-B-trcc-off.etl,2026-09-24 04:01:56.057524,1099,"257",8,25957
g80sh-exp-B-trcc-off.etl,2026-09-24 04:01:56.057528,1099,"258",8,25958
g80sh-exp-B-trcc-off.etl,2026-09-24 04:01:56.057533,1099,"259",8,25959
g80sh-exp-B-trcc-off.etl,2026-09-24 04:01:56.057540,1099,"260",10,25960
g80sh-exp-B-trcc-off.etl,2026-09-24 04:01:56.057547,1099,"261",8,25961
g80sh-exp-B-trcc-off.etl,2026-09-24 04:01:56.057552,1099,"262",8,25962
g80sh-exp-B-trcc-off.etl,2026-09-24 04:01:56.057556,1099,"263",8,25963
g80sh-exp-B-trcc-off.etl,2026-09-24 04:01:56.057561,1099,"264",8,25964
g80sh-exp-B-trcc-off.etl,2026-09-24 04:01:56.057569,1099,"265",10,25965
g80sh-exp-B-trcc-off.etl,2026-09-24 04:01:56.057576,1099,"266",8,25966
g80sh-exp-B-trcc-off.etl,2026-09-24 04:01:56.057577,1099,"0",0,0
g80sh-exp-B-trcc-off.etl,2026-09-24 04:02:06.390318,1099,"256",10,25967
g80sh-exp-B-trcc-off.etl,2026-09-24 04:02:06.390331,1099,"257",8,25968
g80sh-exp-B-trcc-off.etl,2026-09-24 04:02:06.390335,1099,"258",8,25969
g80sh-exp-B-trcc-off.etl,2026-09-24 04:02:06.390338,1099,"259",8,25970
g80sh-exp-B-trcc-off.etl,2026-09-24 04:02:06.390343,1099,"260",10,25971
g80sh-exp-B-trcc-off.etl,2026-09-24 04:02:06.390349,1099,"261",8,25972
g80sh-exp-B-trcc-off.etl,2026-09-24 04:02:06.390352,1099,"262",8,25973
g80sh-exp-B-trcc-off.etl,2026-09-24 04:02:06.390355,1099,"263",8,25974
g80sh-exp-B-trcc-off.etl,2026-09-24 04:02:06.390359,1099,"264",8,25975
g80sh-exp-B-trcc-off.etl,2026-09-24 04:02:06.390365,1099,"265",10,25976
g80sh-exp-B-trcc-off.etl,2026-09-24 04:02:06.390370,1099,"266",8,25977
g80sh-exp-B-trcc-off.etl,2026-09-24 04:02:06.390371,1099,"0",0,0
g80sh-exp-B-trcc-off.etl,2026-09-24 04:02:07.780751,1099,"260",8,25978
g80sh-exp-B-trcc-off.etl,2026-09-24 04:02:07.780947,1099,"260",10,25979
g80sh-exp-B-trcc-off.etl,2026-09-24 04:02:07.780987,220,"GPU",,
g80sh-exp-B-trcc-off.etl,2026-09-24 04:02:07.810066,1099,"0",0,0
g80sh-exp-B-trcc-off.etl,2026-09-24 04:02:07.822328,1010,"DISPLAY\SAM7B0C\7&16b8ddb4&0&UID260",,
g80sh-exp-B-trcc-off.etl,2026-09-24 04:02:07.883122,1099,"0",0,0
g80sh-exp-B-trcc-off.etl,2026-09-24 04:02:07.985348,1099,"260",8,25980
g80sh-exp-B-trcc-off.etl,2026-09-24 04:02:07.985405,1099,"0",0,0
g80sh-exp-B-trcc-off.etl,2026-09-24 04:02:07.985474,220,"GPU",,
g80sh-exp-B-trcc-off.etl,2026-09-24 04:02:08.033264,1010,"DISPLAY\Default_Monitor\7&16b8ddb4&0&UID260",,
g80sh-exp-B-trcc-off.etl,2026-09-24 04:02:08.100122,1099,"0",0,0
g80sh-exp-B-trcc-off.etl,2026-09-24 04:02:11.304564,1099,"260",10,25981
g80sh-exp-B-trcc-off.etl,2026-09-24 04:02:11.552429,1099,"0",0,0
g80sh-exp-B-trcc-off.etl,2026-09-24 04:02:11.552524,220,"GPU",,
g80sh-exp-B-trcc-off.etl,2026-09-24 04:02:11.582312,1099,"0",0,0
g80sh-exp-B-trcc-off.etl,2026-09-24 04:02:38.741167,1099,"256",10,25982
g80sh-exp-B-trcc-off.etl,2026-09-24 04:02:38.741182,1099,"257",8,25983
g80sh-exp-B-trcc-off.etl,2026-09-24 04:02:38.741187,1099,"258",8,25984
g80sh-exp-B-trcc-off.etl,2026-09-24 04:02:38.741191,1099,"259",8,25985
g80sh-exp-B-trcc-off.etl,2026-09-24 04:02:38.741199,1099,"260",10,25986
g80sh-exp-B-trcc-off.etl,2026-09-24 04:02:38.741206,1099,"261",8,25987
g80sh-exp-B-trcc-off.etl,2026-09-24 04:02:38.741210,1099,"262",8,25988
g80sh-exp-B-trcc-off.etl,2026-09-24 04:02:38.741214,1099,"263",8,25989
g80sh-exp-B-trcc-off.etl,2026-09-24 04:02:38.741219,1099,"264",8,25990
g80sh-exp-B-trcc-off.etl,2026-09-24 04:02:38.741227,1099,"265",10,25991
g80sh-exp-B-trcc-off.etl,2026-09-24 04:02:38.741234,1099,"266",8,25992
g80sh-exp-B-trcc-off.etl,2026-09-24 04:02:38.741236,1099,"0",0,0
g80sh-exp-B-trcc-off.etl,2026-09-24 04:02:52.032175,1099,"256",10,25993
g80sh-exp-B-trcc-off.etl,2026-09-24 04:02:52.032201,1099,"257",8,25994
g80sh-exp-B-trcc-off.etl,2026-09-24 04:02:52.032210,1099,"258",8,25995
g80sh-exp-B-trcc-off.etl,2026-09-24 04:02:52.032218,1099,"259",8,25996
g80sh-exp-B-trcc-off.etl,2026-09-24 04:02:52.032231,1099,"260",10,25997
g80sh-exp-B-trcc-off.etl,2026-09-24 04:02:52.032243,1099,"261",8,25998
g80sh-exp-B-trcc-off.etl,2026-09-24 04:02:52.032252,1099,"262",8,25999
g80sh-exp-B-trcc-off.etl,2026-09-24 04:02:52.032260,1099,"263",8,26000
g80sh-exp-B-trcc-off.etl,2026-09-24 04:02:52.032269,1099,"264",8,26001
g80sh-exp-B-trcc-off.etl,2026-09-24 04:02:52.032283,1099,"265",10,26002
g80sh-exp-B-trcc-off.etl,2026-09-24 04:02:52.032295,1099,"266",8,26003
g80sh-exp-B-trcc-off.etl,2026-09-24 04:02:52.032298,1099,"0",0,0
g80sh-exp-B-trcc-off.etl,2026-09-24 04:02:53.447003,1099,"260",8,26004
g80sh-exp-B-trcc-off.etl,2026-09-24 04:02:53.447122,1099,"260",10,26005
g80sh-exp-B-trcc-off.etl,2026-09-24 04:02:53.447231,220,"GPU",,
g80sh-exp-B-trcc-off.etl,2026-09-24 04:02:53.474087,1099,"0",0,0
g80sh-exp-B-trcc-off.etl,2026-09-24 04:02:53.488282,1010,"DISPLAY\SAM7B0C\7&16b8ddb4&0&UID260",,
g80sh-exp-B-trcc-off.etl,2026-09-24 04:02:53.546800,1099,"0",0,0
g80sh-exp-B-trcc-off.etl,2026-09-24 04:02:53.795420,1099,"260",8,26006
g80sh-exp-B-trcc-off.etl,2026-09-24 04:02:53.795493,1099,"0",0,0
g80sh-exp-B-trcc-off.etl,2026-09-24 04:02:53.795552,220,"GPU",,
g80sh-exp-B-trcc-off.etl,2026-09-24 04:02:53.846759,1010,"DISPLAY\Default_Monitor\7&16b8ddb4&0&UID260",,
g80sh-exp-B-trcc-off.etl,2026-09-24 04:02:53.880633,1099,"0",0,0
g80sh-exp-B-trcc-off.etl,2026-09-24 04:02:57.110013,1099,"260",10,26007
g80sh-exp-B-trcc-off.etl,2026-09-24 04:02:57.357182,1099,"0",0,0
g80sh-exp-B-trcc-off.etl,2026-09-24 04:02:57.357248,220,"GPU",,
g80sh-exp-B-trcc-off.etl,2026-09-24 04:02:57.381862,1099,"0",0,0
g80sh-exp-B-trcc-off.etl,2026-09-24 04:03:23.883580,1099,"256",10,26008
g80sh-exp-B-trcc-off.etl,2026-09-24 04:03:23.883595,1099,"257",8,26009
g80sh-exp-B-trcc-off.etl,2026-09-24 04:03:23.883600,1099,"258",8,26010
g80sh-exp-B-trcc-off.etl,2026-09-24 04:03:23.883604,1099,"259",8,26011
g80sh-exp-B-trcc-off.etl,2026-09-24 04:03:23.883611,1099,"260",10,26012
g80sh-exp-B-trcc-off.etl,2026-09-24 04:03:23.883618,1099,"261",8,26013
g80sh-exp-B-trcc-off.etl,2026-09-24 04:03:23.883623,1099,"262",8,26014
g80sh-exp-B-trcc-off.etl,2026-09-24 04:03:23.883627,1099,"263",8,26015
g80sh-exp-B-trcc-off.etl,2026-09-24 04:03:23.883632,1099,"264",8,26016
g80sh-exp-B-trcc-off.etl,2026-09-24 04:03:23.883640,1099,"265",10,26017
g80sh-exp-B-trcc-off.etl,2026-09-24 04:03:23.883647,1099,"266",8,26018
g80sh-exp-B-trcc-off.etl,2026-09-24 04:03:23.883648,1099,"0",0,0
g80sh-exp-B-trcc-off.etl,2026-09-24 04:03:34.223116,1099,"256",10,26019
g80sh-exp-B-trcc-off.etl,2026-09-24 04:03:34.223132,1099,"257",8,26020
g80sh-exp-B-trcc-off.etl,2026-09-24 04:03:34.223137,1099,"258",8,26021
g80sh-exp-B-trcc-off.etl,2026-09-24 04:03:34.223141,1099,"259",8,26022
g80sh-exp-B-trcc-off.etl,2026-09-24 04:03:34.223149,1099,"260",10,26023
g80sh-exp-B-trcc-off.etl,2026-09-24 04:03:34.223156,1099,"261",8,26024
g80sh-exp-B-trcc-off.etl,2026-09-24 04:03:34.223160,1099,"262",8,26025
g80sh-exp-B-trcc-off.etl,2026-09-24 04:03:34.223164,1099,"263",8,26026
g80sh-exp-B-trcc-off.etl,2026-09-24 04:03:34.223169,1099,"264",8,26027
g80sh-exp-B-trcc-off.etl,2026-09-24 04:03:34.223177,1099,"265",10,26028
g80sh-exp-B-trcc-off.etl,2026-09-24 04:03:34.223184,1099,"266",8,26029
g80sh-exp-B-trcc-off.etl,2026-09-24 04:03:34.223186,1099,"0",0,0
g80sh-exp-B-trcc-off.etl,2026-09-24 04:03:35.632310,1099,"260",8,26030
g80sh-exp-B-trcc-off.etl,2026-09-24 04:03:35.632424,1099,"260",10,26031
g80sh-exp-B-trcc-off.etl,2026-09-24 04:03:35.632536,220,"GPU",,
g80sh-exp-B-trcc-off.etl,2026-09-24 04:03:35.658455,1099,"0",0,0
g80sh-exp-B-trcc-off.etl,2026-09-24 04:03:35.673136,1010,"DISPLAY\SAM7B0C\7&16b8ddb4&0&UID260",,
g80sh-exp-B-trcc-off.etl,2026-09-24 04:03:35.732092,1099,"0",0,0
g80sh-exp-B-trcc-off.etl,2026-09-24 04:03:35.859719,1099,"260",8,26032
g80sh-exp-B-trcc-off.etl,2026-09-24 04:03:35.859800,1099,"0",0,0
g80sh-exp-B-trcc-off.etl,2026-09-24 04:03:35.859856,220,"GPU",,
g80sh-exp-B-trcc-off.etl,2026-09-24 04:03:35.916391,1010,"DISPLAY\Default_Monitor\7&16b8ddb4&0&UID260",,
g80sh-exp-B-trcc-off.etl,2026-09-24 04:03:35.984996,1099,"0",0,0
g80sh-exp-B-trcc-off.etl,2026-09-24 04:03:39.189079,1099,"260",10,26033
g80sh-exp-B-trcc-off.etl,2026-09-24 04:03:39.437489,1099,"0",0,0
g80sh-exp-B-trcc-off.etl,2026-09-24 04:03:39.437546,220,"GPU",,
g80sh-exp-B-trcc-off.etl,2026-09-24 04:03:39.467227,1099,"0",0,0
g80sh-exp-B-trcc-off.etl,2026-09-24 04:04:07.068725,1099,"256",10,26034
g80sh-exp-B-trcc-off.etl,2026-09-24 04:04:07.068740,1099,"257",8,26035
g80sh-exp-B-trcc-off.etl,2026-09-24 04:04:07.068743,1099,"258",8,26036
g80sh-exp-B-trcc-off.etl,2026-09-24 04:04:07.068746,1099,"259",8,26037
g80sh-exp-B-trcc-off.etl,2026-09-24 04:04:07.068751,1099,"260",10,26038
g80sh-exp-B-trcc-off.etl,2026-09-24 04:04:07.068757,1099,"261",8,26039
g80sh-exp-B-trcc-off.etl,2026-09-24 04:04:07.068760,1099,"262",8,26040
g80sh-exp-B-trcc-off.etl,2026-09-24 04:04:07.068763,1099,"263",8,26041
g80sh-exp-B-trcc-off.etl,2026-09-24 04:04:07.068766,1099,"264",8,26042
g80sh-exp-B-trcc-off.etl,2026-09-24 04:04:07.068772,1099,"265",10,26043
g80sh-exp-B-trcc-off.etl,2026-09-24 04:04:07.068777,1099,"266",8,26044
g80sh-exp-B-trcc-off.etl,2026-09-24 04:04:07.068779,1099,"0",0,0
g80sh-exp-B-trcc-off.etl,2026-09-24 04:04:21.518151,1099,"256",10,26045
g80sh-exp-B-trcc-off.etl,2026-09-24 04:04:21.518175,1099,"257",8,26046
g80sh-exp-B-trcc-off.etl,2026-09-24 04:04:21.518184,1099,"258",8,26047
g80sh-exp-B-trcc-off.etl,2026-09-24 04:04:21.518192,1099,"259",8,26048
g80sh-exp-B-trcc-off.etl,2026-09-24 04:04:21.518204,1099,"260",10,26049
g80sh-exp-B-trcc-off.etl,2026-09-24 04:04:21.518217,1099,"261",8,26050
g80sh-exp-B-trcc-off.etl,2026-09-24 04:04:21.518226,1099,"262",8,26051
g80sh-exp-B-trcc-off.etl,2026-09-24 04:04:21.518234,1099,"263",8,26052
g80sh-exp-B-trcc-off.etl,2026-09-24 04:04:21.518242,1099,"264",8,26053
g80sh-exp-B-trcc-off.etl,2026-09-24 04:04:21.518256,1099,"265",10,26054
g80sh-exp-B-trcc-off.etl,2026-09-24 04:04:21.518269,1099,"266",8,26055
g80sh-exp-B-trcc-off.etl,2026-09-24 04:04:21.518272,1099,"0",0,0
g80sh-exp-B-trcc-off.etl,2026-09-24 04:04:23.390638,1099,"260",8,26056
g80sh-exp-B-trcc-off.etl,2026-09-24 04:04:23.390800,1099,"0",0,0
g80sh-exp-B-trcc-off.etl,2026-09-24 04:04:23.390873,220,"GPU",,
g80sh-exp-B-trcc-off.etl,2026-09-24 04:04:23.432009,1099,"0",0,0
g80sh-exp-B-trcc-off.etl,2026-09-24 04:04:23.432293,1010,"DISPLAY\SAM7B0C\7&16b8ddb4&0&UID260",,
g80sh-exp-B-trcc-off.etl,2026-09-24 04:04:23.444584,1099,"0",0,0
g80sh-exp-B-trcc-off.etl,2026-09-24 04:04:26.054665,1099,"260",10,26057
g80sh-exp-B-trcc-off.etl,2026-09-24 04:04:26.287909,1099,"0",0,0
g80sh-exp-B-trcc-off.etl,2026-09-24 04:04:26.287996,220,"GPU",,
g80sh-exp-B-trcc-off.etl,2026-09-24 04:04:26.314881,1099,"0",0,0
g80sh-exp-B-trcc-off.etl,2026-09-24 04:04:53.272379,1099,"256",10,26058
g80sh-exp-B-trcc-off.etl,2026-09-24 04:04:53.272394,1099,"257",8,26059
g80sh-exp-B-trcc-off.etl,2026-09-24 04:04:53.272399,1099,"258",8,26060
g80sh-exp-B-trcc-off.etl,2026-09-24 04:04:53.272404,1099,"259",8,26061
g80sh-exp-B-trcc-off.etl,2026-09-24 04:04:53.272411,1099,"260",10,26062
g80sh-exp-B-trcc-off.etl,2026-09-24 04:04:53.272418,1099,"261",8,26063
g80sh-exp-B-trcc-off.etl,2026-09-24 04:04:53.272422,1099,"262",8,26064
g80sh-exp-B-trcc-off.etl,2026-09-24 04:04:53.272427,1099,"263",8,26065
g80sh-exp-B-trcc-off.etl,2026-09-24 04:04:53.272431,1099,"264",8,26066
g80sh-exp-B-trcc-off.etl,2026-09-24 04:04:53.272439,1099,"265",10,26067
g80sh-exp-B-trcc-off.etl,2026-09-24 04:04:53.272446,1099,"266",8,26068
g80sh-exp-B-trcc-off.etl,2026-09-24 04:04:53.272448,1099,"0",0,0
g80sh-exp-B-trcc-off.etl,2026-09-24 04:05:03.609501,1099,"256",10,26069
g80sh-exp-B-trcc-off.etl,2026-09-24 04:05:03.609514,1099,"257",8,26070
g80sh-exp-B-trcc-off.etl,2026-09-24 04:05:03.609517,1099,"258",8,26071
g80sh-exp-B-trcc-off.etl,2026-09-24 04:05:03.609520,1099,"259",8,26072
g80sh-exp-B-trcc-off.etl,2026-09-24 04:05:03.609526,1099,"260",10,26073
g80sh-exp-B-trcc-off.etl,2026-09-24 04:05:03.609531,1099,"261",8,26074
g80sh-exp-B-trcc-off.etl,2026-09-24 04:05:03.609534,1099,"262",8,26075
g80sh-exp-B-trcc-off.etl,2026-09-24 04:05:03.609537,1099,"263",8,26076
g80sh-exp-B-trcc-off.etl,2026-09-24 04:05:03.609540,1099,"264",8,26077
g80sh-exp-B-trcc-off.etl,2026-09-24 04:05:03.609546,1099,"265",10,26078
g80sh-exp-B-trcc-off.etl,2026-09-24 04:05:03.609551,1099,"266",8,26079
g80sh-exp-B-trcc-off.etl,2026-09-24 04:05:03.609553,1099,"0",0,0
g80sh-exp-B-trcc-off.etl,2026-09-24 04:05:05.002095,1099,"260",8,26080
g80sh-exp-B-trcc-off.etl,2026-09-24 04:05:05.002207,1099,"260",10,26081
g80sh-exp-B-trcc-off.etl,2026-09-24 04:05:05.002289,220,"GPU",,
g80sh-exp-B-trcc-off.etl,2026-09-24 04:05:05.030177,1099,"0",0,0
g80sh-exp-B-trcc-off.etl,2026-09-24 04:05:05.042408,1010,"DISPLAY\SAM7B0C\7&16b8ddb4&0&UID260",,
g80sh-exp-B-trcc-off.etl,2026-09-24 04:05:05.102256,1099,"0",0,0
g80sh-exp-B-trcc-off.etl,2026-09-24 04:05:05.248707,1099,"260",8,26082
g80sh-exp-B-trcc-off.etl,2026-09-24 04:05:05.248771,1099,"0",0,0
g80sh-exp-B-trcc-off.etl,2026-09-24 04:05:05.248829,220,"GPU",,
g80sh-exp-B-trcc-off.etl,2026-09-24 04:05:05.303181,1010,"DISPLAY\Default_Monitor\7&16b8ddb4&0&UID260",,
g80sh-exp-B-trcc-off.etl,2026-09-24 04:05:05.337051,1099,"0",0,0
g80sh-exp-B-trcc-off.etl,2026-09-24 04:05:08.595040,1099,"260",10,26083
g80sh-exp-B-trcc-off.etl,2026-09-24 04:05:08.841042,1099,"0",0,0
g80sh-exp-B-trcc-off.etl,2026-09-24 04:05:08.841132,220,"GPU",,
g80sh-exp-B-trcc-off.etl,2026-09-24 04:05:08.872055,1099,"0",0,0
g80sh-exp-B-trcc-off.etl,2026-09-24 04:05:37.264506,1099,"256",10,26084
g80sh-exp-B-trcc-off.etl,2026-09-24 04:05:37.264522,1099,"257",8,26085
g80sh-exp-B-trcc-off.etl,2026-09-24 04:05:37.264527,1099,"258",8,26086
g80sh-exp-B-trcc-off.etl,2026-09-24 04:05:37.264532,1099,"259",8,26087
g80sh-exp-B-trcc-off.etl,2026-09-24 04:05:37.264539,1099,"260",10,26088
g80sh-exp-B-trcc-off.etl,2026-09-24 04:05:37.264546,1099,"261",8,26089
g80sh-exp-B-trcc-off.etl,2026-09-24 04:05:37.264550,1099,"262",8,26090
g80sh-exp-B-trcc-off.etl,2026-09-24 04:05:37.264554,1099,"263",8,26091
g80sh-exp-B-trcc-off.etl,2026-09-24 04:05:37.264559,1099,"264",8,26092
g80sh-exp-B-trcc-off.etl,2026-09-24 04:05:37.264567,1099,"265",10,26093
g80sh-exp-B-trcc-off.etl,2026-09-24 04:05:37.264574,1099,"266",8,26094
g80sh-exp-B-trcc-off.etl,2026-09-24 04:05:37.264576,1099,"0",0,0
g80sh-exp-B-trcc-off.etl,2026-09-24 04:05:47.602015,1099,"256",10,26095
g80sh-exp-B-trcc-off.etl,2026-09-24 04:05:47.602030,1099,"257",8,26096
g80sh-exp-B-trcc-off.etl,2026-09-24 04:05:47.602035,1099,"258",8,26097
g80sh-exp-B-trcc-off.etl,2026-09-24 04:05:47.602040,1099,"259",8,26098
g80sh-exp-B-trcc-off.etl,2026-09-24 04:05:47.602047,1099,"260",10,26099
g80sh-exp-B-trcc-off.etl,2026-09-24 04:05:47.602054,1099,"261",8,26100
g80sh-exp-B-trcc-off.etl,2026-09-24 04:05:47.602058,1099,"262",8,26101
g80sh-exp-B-trcc-off.etl,2026-09-24 04:05:47.602063,1099,"263",8,26102
g80sh-exp-B-trcc-off.etl,2026-09-24 04:05:47.602067,1099,"264",8,26103
g80sh-exp-B-trcc-off.etl,2026-09-24 04:05:47.602075,1099,"265",10,26104
g80sh-exp-B-trcc-off.etl,2026-09-24 04:05:47.602082,1099,"266",8,26105
g80sh-exp-B-trcc-off.etl,2026-09-24 04:05:47.602084,1099,"0",0,0
g80sh-exp-B-trcc-off.etl,2026-09-24 04:05:48.993545,1099,"260",8,26106
g80sh-exp-B-trcc-off.etl,2026-09-24 04:05:48.993710,1099,"260",10,26107
g80sh-exp-B-trcc-off.etl,2026-09-24 04:05:48.993749,220,"GPU",,
g80sh-exp-B-trcc-off.etl,2026-09-24 04:05:49.019959,1099,"0",0,0
g80sh-exp-B-trcc-off.etl,2026-09-24 04:05:49.030840,1010,"DISPLAY\SAM7B0C\7&16b8ddb4&0&UID260",,
g80sh-exp-B-trcc-off.etl,2026-09-24 04:05:49.090621,1099,"0",0,0
g80sh-exp-B-trcc-off.etl,2026-09-24 04:05:49.221930,1099,"260",8,26108
g80sh-exp-B-trcc-off.etl,2026-09-24 04:05:49.222010,1099,"0",0,0
g80sh-exp-B-trcc-off.etl,2026-09-24 04:05:49.222062,220,"GPU",,
g80sh-exp-B-trcc-off.etl,2026-09-24 04:05:49.274817,1010,"DISPLAY\Default_Monitor\7&16b8ddb4&0&UID260",,
g80sh-exp-B-trcc-off.etl,2026-09-24 04:05:49.326550,1099,"0",0,0
g80sh-exp-B-trcc-off.etl,2026-09-24 04:05:52.553553,1099,"260",10,26109
g80sh-exp-B-trcc-off.etl,2026-09-24 04:05:52.800026,1099,"0",0,0
g80sh-exp-B-trcc-off.etl,2026-09-24 04:05:52.800072,220,"GPU",,
g80sh-exp-B-trcc-off.etl,2026-09-24 04:05:52.834656,1099,"0",0,0
g80sh-exp-B-trcc-off.etl,2026-09-24 04:06:20.152937,1099,"256",10,26110
g80sh-exp-B-trcc-off.etl,2026-09-24 04:06:20.152952,1099,"257",8,26111
g80sh-exp-B-trcc-off.etl,2026-09-24 04:06:20.152957,1099,"258",8,26112
g80sh-exp-B-trcc-off.etl,2026-09-24 04:06:20.152962,1099,"259",8,26113
g80sh-exp-B-trcc-off.etl,2026-09-24 04:06:20.152969,1099,"260",10,26114
g80sh-exp-B-trcc-off.etl,2026-09-24 04:06:20.152976,1099,"261",8,26115
g80sh-exp-B-trcc-off.etl,2026-09-24 04:06:20.152980,1099,"262",8,26116
g80sh-exp-B-trcc-off.etl,2026-09-24 04:06:20.152985,1099,"263",8,26117
g80sh-exp-B-trcc-off.etl,2026-09-24 04:06:20.152989,1099,"264",8,26118
g80sh-exp-B-trcc-off.etl,2026-09-24 04:06:20.152997,1099,"265",10,26119
g80sh-exp-B-trcc-off.etl,2026-09-24 04:06:20.153004,1099,"266",8,26120
g80sh-exp-B-trcc-off.etl,2026-09-24 04:06:20.153006,1099,"0",0,0
g80sh-exp-B-trcc-off.etl,2026-09-24 04:06:31.163863,1099,"256",10,26121
g80sh-exp-B-trcc-off.etl,2026-09-24 04:06:31.163879,1099,"257",8,26122
g80sh-exp-B-trcc-off.etl,2026-09-24 04:06:31.163884,1099,"258",8,26123
g80sh-exp-B-trcc-off.etl,2026-09-24 04:06:31.163888,1099,"259",8,26124
g80sh-exp-B-trcc-off.etl,2026-09-24 04:06:31.163895,1099,"260",10,26125
g80sh-exp-B-trcc-off.etl,2026-09-24 04:06:31.163903,1099,"261",8,26126
g80sh-exp-B-trcc-off.etl,2026-09-24 04:06:31.163907,1099,"262",8,26127
g80sh-exp-B-trcc-off.etl,2026-09-24 04:06:31.163912,1099,"263",8,26128
g80sh-exp-B-trcc-off.etl,2026-09-24 04:06:31.163916,1099,"264",8,26129
g80sh-exp-B-trcc-off.etl,2026-09-24 04:06:31.163924,1099,"265",10,26130
g80sh-exp-B-trcc-off.etl,2026-09-24 04:06:31.163931,1099,"266",8,26131
g80sh-exp-B-trcc-off.etl,2026-09-24 04:06:31.163933,1099,"0",0,0
g80sh-exp-B-trcc-off.etl,2026-09-24 04:06:32.558234,1099,"260",8,26132
g80sh-exp-B-trcc-off.etl,2026-09-24 04:06:32.558355,1099,"260",10,26133
g80sh-exp-B-trcc-off.etl,2026-09-24 04:06:32.558445,220,"GPU",,
g80sh-exp-B-trcc-off.etl,2026-09-24 04:06:32.584250,1099,"0",0,0
g80sh-exp-B-trcc-off.etl,2026-09-24 04:06:32.595418,1010,"DISPLAY\SAM7B0C\7&16b8ddb4&0&UID260",,
g80sh-exp-B-trcc-off.etl,2026-09-24 04:06:32.655049,1099,"0",0,0
g80sh-exp-B-trcc-off.etl,2026-09-24 04:06:32.794420,1099,"260",8,26134
g80sh-exp-B-trcc-off.etl,2026-09-24 04:06:32.794483,1099,"0",0,0
g80sh-exp-B-trcc-off.etl,2026-09-24 04:06:32.794621,220,"GPU",,
g80sh-exp-B-trcc-off.etl,2026-09-24 04:06:32.839005,1010,"DISPLAY\Default_Monitor\7&16b8ddb4&0&UID260",,
g80sh-exp-B-trcc-off.etl,2026-09-24 04:06:32.906793,1099,"0",0,0
g80sh-exp-B-trcc-off.etl,2026-09-24 04:06:36.120525,1099,"260",10,26135
g80sh-exp-B-trcc-off.etl,2026-09-24 04:06:36.366746,1099,"0",0,0
g80sh-exp-B-trcc-off.etl,2026-09-24 04:06:36.366810,220,"GPU",,
g80sh-exp-B-trcc-off.etl,2026-09-24 04:06:36.395037,1099,"0",0,0
g80sh-exp-off-logi.etl,2026-09-24 04:14:29.088313,1099,"256",10,26293
g80sh-exp-off-logi.etl,2026-09-24 04:14:29.088329,1099,"257",8,26294
g80sh-exp-off-logi.etl,2026-09-24 04:14:29.088334,1099,"258",8,26295
g80sh-exp-off-logi.etl,2026-09-24 04:14:29.088339,1099,"259",8,26296
g80sh-exp-off-logi.etl,2026-09-24 04:14:29.088346,1099,"260",10,26297
g80sh-exp-off-logi.etl,2026-09-24 04:14:29.088353,1099,"261",8,26298
g80sh-exp-off-logi.etl,2026-09-24 04:14:29.088358,1099,"262",8,26299
g80sh-exp-off-logi.etl,2026-09-24 04:14:29.088362,1099,"263",8,26300
g80sh-exp-off-logi.etl,2026-09-24 04:14:29.088367,1099,"264",8,26301
g80sh-exp-off-logi.etl,2026-09-24 04:14:29.088375,1099,"265",10,26302
g80sh-exp-off-logi.etl,2026-09-24 04:14:29.088381,1099,"266",8,26303
g80sh-exp-off-logi.etl,2026-09-24 04:14:29.088383,1099,"0",0,0
g80sh-exp-off-logi.etl,2026-09-24 04:14:30.477488,1099,"260",8,26304
g80sh-exp-off-logi.etl,2026-09-24 04:14:30.477661,1099,"260",10,26305
g80sh-exp-off-logi.etl,2026-09-24 04:14:30.477711,220,"GPU",,
g80sh-exp-off-logi.etl,2026-09-24 04:14:30.505332,1099,"0",0,0
g80sh-exp-off-logi.etl,2026-09-24 04:14:30.515758,1010,"DISPLAY\SAM7B0C\7&16b8ddb4&0&UID260",,
g80sh-exp-off-logi.etl,2026-09-24 04:14:30.574731,1099,"0",0,0
g80sh-exp-off-logi.etl,2026-09-24 04:14:30.695350,1099,"260",8,26306
g80sh-exp-off-logi.etl,2026-09-24 04:14:30.695407,1099,"0",0,0
g80sh-exp-off-logi.etl,2026-09-24 04:14:30.695525,220,"GPU",,
g80sh-exp-off-logi.etl,2026-09-24 04:14:30.741814,1010,"DISPLAY\Default_Monitor\7&16b8ddb4&0&UID260",,
g80sh-exp-off-logi.etl,2026-09-24 04:14:30.826469,1099,"0",0,0
g80sh-exp-off-logi.etl,2026-09-24 04:14:34.013682,1099,"260",10,26307
g80sh-exp-off-logi.etl,2026-09-24 04:14:34.245464,1099,"0",0,0
g80sh-exp-off-logi.etl,2026-09-24 04:14:34.245558,220,"GPU",,
g80sh-exp-off-logi.etl,2026-09-24 04:14:34.276925,1099,"0",0,0
g80sh-exp-off-logi.etl,2026-09-24 04:15:17.854626,1099,"256",10,26308
g80sh-exp-off-logi.etl,2026-09-24 04:15:17.854641,1099,"257",8,26309
g80sh-exp-off-logi.etl,2026-09-24 04:15:17.854646,1099,"258",8,26310
g80sh-exp-off-logi.etl,2026-09-24 04:15:17.854650,1099,"259",8,26311
g80sh-exp-off-logi.etl,2026-09-24 04:15:17.854657,1099,"260",10,26312
g80sh-exp-off-logi.etl,2026-09-24 04:15:17.854664,1099,"261",8,26313
g80sh-exp-off-logi.etl,2026-09-24 04:15:17.854669,1099,"262",8,26314
g80sh-exp-off-logi.etl,2026-09-24 04:15:17.854673,1099,"263",8,26315
g80sh-exp-off-logi.etl,2026-09-24 04:15:17.854677,1099,"264",8,26316
g80sh-exp-off-logi.etl,2026-09-24 04:15:17.854686,1099,"265",10,26317
g80sh-exp-off-logi.etl,2026-09-24 04:15:17.854693,1099,"266",8,26318
g80sh-exp-off-logi.etl,2026-09-24 04:15:17.854694,1099,"0",0,0
g80sh-exp-off-logi.etl,2026-09-24 04:15:19.253756,1099,"260",8,26319
g80sh-exp-off-logi.etl,2026-09-24 04:15:19.253870,1099,"260",10,26320
g80sh-exp-off-logi.etl,2026-09-24 04:15:19.253928,220,"GPU",,
g80sh-exp-off-logi.etl,2026-09-24 04:15:19.281711,1099,"0",0,0
g80sh-exp-off-logi.etl,2026-09-24 04:15:19.295272,1010,"DISPLAY\SAM7B0C\7&16b8ddb4&0&UID260",,
g80sh-exp-off-logi.etl,2026-09-24 04:15:19.353467,1099,"0",0,0
g80sh-exp-off-logi.etl,2026-09-24 04:15:19.490432,1099,"260",8,26321
g80sh-exp-off-logi.etl,2026-09-24 04:15:19.490495,1099,"0",0,0
g80sh-exp-off-logi.etl,2026-09-24 04:15:19.490554,220,"GPU",,
g80sh-exp-off-logi.etl,2026-09-24 04:15:19.537977,1010,"DISPLAY\Default_Monitor\7&16b8ddb4&0&UID260",,
g80sh-exp-off-logi.etl,2026-09-24 04:15:19.605377,1099,"0",0,0
g80sh-exp-off-logi.etl,2026-09-24 04:15:22.821991,1099,"260",10,26322
g80sh-exp-off-logi.etl,2026-09-24 04:15:23.068884,1099,"0",0,0
g80sh-exp-off-logi.etl,2026-09-24 04:15:23.069031,220,"GPU",,
g80sh-exp-off-logi.etl,2026-09-24 04:15:23.097490,1099,"0",0,0
g80sh-exp-off-logi.etl,2026-09-24 04:16:01.394122,1099,"256",10,26323
g80sh-exp-off-logi.etl,2026-09-24 04:16:01.394143,1099,"257",8,26324
g80sh-exp-off-logi.etl,2026-09-24 04:16:01.394150,1099,"258",8,26325
g80sh-exp-off-logi.etl,2026-09-24 04:16:01.394157,1099,"259",8,26326
g80sh-exp-off-logi.etl,2026-09-24 04:16:01.394167,1099,"260",10,26327
g80sh-exp-off-logi.etl,2026-09-24 04:16:01.394179,1099,"261",8,26328
g80sh-exp-off-logi.etl,2026-09-24 04:16:01.394186,1099,"262",8,26329
g80sh-exp-off-logi.etl,2026-09-24 04:16:01.394193,1099,"263",8,26330
g80sh-exp-off-logi.etl,2026-09-24 04:16:01.394200,1099,"264",8,26331
g80sh-exp-off-logi.etl,2026-09-24 04:16:01.394210,1099,"265",10,26332
g80sh-exp-off-logi.etl,2026-09-24 04:16:01.394222,1099,"266",8,26333
g80sh-exp-off-logi.etl,2026-09-24 04:16:01.394226,1099,"0",0,0
g80sh-exp-off-logi.etl,2026-09-24 04:16:02.797655,1099,"260",8,26334
g80sh-exp-off-logi.etl,2026-09-24 04:16:02.797845,1099,"260",10,26335
g80sh-exp-off-logi.etl,2026-09-24 04:16:02.797911,220,"GPU",,
g80sh-exp-off-logi.etl,2026-09-24 04:16:02.825067,1099,"0",0,0
g80sh-exp-off-logi.etl,2026-09-24 04:16:02.840181,1010,"DISPLAY\SAM7B0C\7&16b8ddb4&0&UID260",,
g80sh-exp-off-logi.etl,2026-09-24 04:16:02.907217,1099,"0",0,0
g80sh-exp-off-logi.etl,2026-09-24 04:16:03.037621,1099,"260",8,26336
g80sh-exp-off-logi.etl,2026-09-24 04:16:03.037708,1099,"0",0,0
g80sh-exp-off-logi.etl,2026-09-24 04:16:03.037774,220,"GPU",,
g80sh-exp-off-logi.etl,2026-09-24 04:16:03.073001,1010,"DISPLAY\Default_Monitor\7&16b8ddb4&0&UID260",,
g80sh-exp-off-logi.etl,2026-09-24 04:16:03.173846,1099,"0",0,0
g80sh-exp-off-logi.etl,2026-09-24 04:16:06.347755,1099,"260",10,26337
g80sh-exp-off-logi.etl,2026-09-24 04:16:06.593140,1099,"0",0,0
g80sh-exp-off-logi.etl,2026-09-24 04:16:06.593206,220,"GPU",,
g80sh-exp-off-logi.etl,2026-09-24 04:16:06.631875,1099,"0",0,0
g80sh-exp-off-logi.etl,2026-09-24 04:16:34.875824,1099,"256",10,26338
g80sh-exp-off-logi.etl,2026-09-24 04:16:34.875844,1099,"257",8,26339
g80sh-exp-off-logi.etl,2026-09-24 04:16:34.875850,1099,"258",8,26340
g80sh-exp-off-logi.etl,2026-09-24 04:16:34.875856,1099,"259",8,26341
g80sh-exp-off-logi.etl,2026-09-24 04:16:34.875864,1099,"260",10,26342
g80sh-exp-off-logi.etl,2026-09-24 04:16:34.875874,1099,"261",8,26343
g80sh-exp-off-logi.etl,2026-09-24 04:16:34.875880,1099,"262",8,26344
g80sh-exp-off-logi.etl,2026-09-24 04:16:34.875885,1099,"263",8,26345
g80sh-exp-off-logi.etl,2026-09-24 04:16:34.875891,1099,"264",8,26346
g80sh-exp-off-logi.etl,2026-09-24 04:16:34.875899,1099,"265",10,26347
g80sh-exp-off-logi.etl,2026-09-24 04:16:34.875909,1099,"266",8,26348
g80sh-exp-off-logi.etl,2026-09-24 04:16:34.875913,1099,"0",0,0
g80sh-exp-off-logi.etl,2026-09-24 04:17:02.186674,1099,"256",10,26349
g80sh-exp-off-logi.etl,2026-09-24 04:17:02.186696,1099,"257",8,26350
g80sh-exp-off-logi.etl,2026-09-24 04:17:02.186703,1099,"258",8,26351
g80sh-exp-off-logi.etl,2026-09-24 04:17:02.186710,1099,"259",8,26352
g80sh-exp-off-logi.etl,2026-09-24 04:17:02.186720,1099,"260",10,26353
g80sh-exp-off-logi.etl,2026-09-24 04:17:02.186732,1099,"261",8,26354
g80sh-exp-off-logi.etl,2026-09-24 04:17:02.186739,1099,"262",8,26355
g80sh-exp-off-logi.etl,2026-09-24 04:17:02.186745,1099,"263",8,26356
g80sh-exp-off-logi.etl,2026-09-24 04:17:02.186752,1099,"264",8,26357
g80sh-exp-off-logi.etl,2026-09-24 04:17:02.186763,1099,"265",10,26358
g80sh-exp-off-logi.etl,2026-09-24 04:17:02.186775,1099,"266",8,26359
g80sh-exp-off-logi.etl,2026-09-24 04:17:02.186779,1099,"0",0,0
g80sh-exp-off-logi.etl,2026-09-24 04:17:03.585447,1099,"260",8,26360
g80sh-exp-off-logi.etl,2026-09-24 04:17:03.585584,1099,"260",10,26361
g80sh-exp-off-logi.etl,2026-09-24 04:17:03.585646,220,"GPU",,
g80sh-exp-off-logi.etl,2026-09-24 04:17:03.613603,1099,"0",0,0
g80sh-exp-off-logi.etl,2026-09-24 04:17:03.625406,1010,"DISPLAY\SAM7B0C\7&16b8ddb4&0&UID260",,
g80sh-exp-off-logi.etl,2026-09-24 04:17:03.691179,1099,"0",0,0
g80sh-exp-off-logi.etl,2026-09-24 04:17:03.787759,1099,"260",8,26362
g80sh-exp-off-logi.etl,2026-09-24 04:17:03.787830,1099,"0",0,0
g80sh-exp-off-logi.etl,2026-09-24 04:17:03.787935,220,"GPU",,
g80sh-exp-off-logi.etl,2026-09-24 04:17:03.842241,1010,"DISPLAY\Default_Monitor\7&16b8ddb4&0&UID260",,
g80sh-exp-off-logi.etl,2026-09-24 04:17:03.876153,1099,"0",0,0
g80sh-exp-off-logi.etl,2026-09-24 04:17:07.125101,1099,"260",10,26363
g80sh-exp-off-logi.etl,2026-09-24 04:17:07.356134,1099,"0",0,0
g80sh-exp-off-logi.etl,2026-09-24 04:17:07.356194,220,"GPU",,
g80sh-exp-off-logi.etl,2026-09-24 04:17:07.385152,1099,"0",0,0
g80sh-exp-off-logi.etl,2026-09-24 04:17:35.487358,1099,"256",10,26364
g80sh-exp-off-logi.etl,2026-09-24 04:17:35.487379,1099,"257",8,26365
g80sh-exp-off-logi.etl,2026-09-24 04:17:35.487385,1099,"258",8,26366
g80sh-exp-off-logi.etl,2026-09-24 04:17:35.487390,1099,"259",8,26367
g80sh-exp-off-logi.etl,2026-09-24 04:17:35.487398,1099,"260",10,26368
g80sh-exp-off-logi.etl,2026-09-24 04:17:35.487408,1099,"261",8,26369
g80sh-exp-off-logi.etl,2026-09-24 04:17:35.487414,1099,"262",8,26370
g80sh-exp-off-logi.etl,2026-09-24 04:17:35.487419,1099,"263",8,26371
g80sh-exp-off-logi.etl,2026-09-24 04:17:35.487425,1099,"264",8,26372
g80sh-exp-off-logi.etl,2026-09-24 04:17:35.487433,1099,"265",10,26373
g80sh-exp-off-logi.etl,2026-09-24 04:17:35.487443,1099,"266",8,26374
g80sh-exp-off-logi.etl,2026-09-24 04:17:35.487447,1099,"0",0,0
g80sh-exp-off-logi.etl,2026-09-24 04:17:45.826230,1099,"256",10,26375
g80sh-exp-off-logi.etl,2026-09-24 04:17:45.826253,1099,"257",8,26376
g80sh-exp-off-logi.etl,2026-09-24 04:17:45.826261,1099,"258",8,26377
g80sh-exp-off-logi.etl,2026-09-24 04:17:45.826268,1099,"259",8,26378
g80sh-exp-off-logi.etl,2026-09-24 04:17:45.826277,1099,"260",10,26379
g80sh-exp-off-logi.etl,2026-09-24 04:17:45.826289,1099,"261",8,26380
g80sh-exp-off-logi.etl,2026-09-24 04:17:45.826296,1099,"262",8,26381
g80sh-exp-off-logi.etl,2026-09-24 04:17:45.826303,1099,"263",8,26382
g80sh-exp-off-logi.etl,2026-09-24 04:17:45.826310,1099,"264",8,26383
g80sh-exp-off-logi.etl,2026-09-24 04:17:45.826320,1099,"265",10,26384
g80sh-exp-off-logi.etl,2026-09-24 04:17:45.826332,1099,"266",8,26385
g80sh-exp-off-logi.etl,2026-09-24 04:17:45.826336,1099,"0",0,0
g80sh-exp-off-logi.etl,2026-09-24 04:17:47.237484,1099,"260",8,26386
g80sh-exp-off-logi.etl,2026-09-24 04:17:47.237626,1099,"260",10,26387
g80sh-exp-off-logi.etl,2026-09-24 04:17:47.237738,220,"GPU",,
g80sh-exp-off-logi.etl,2026-09-24 04:17:47.261780,1099,"0",0,0
g80sh-exp-off-logi.etl,2026-09-24 04:17:47.276739,1010,"DISPLAY\SAM7B0C\7&16b8ddb4&0&UID260",,
g80sh-exp-off-logi.etl,2026-09-24 04:17:47.339831,1099,"0",0,0
g80sh-exp-off-logi.etl,2026-09-24 04:17:47.648390,1099,"260",8,26388
g80sh-exp-off-logi.etl,2026-09-24 04:17:47.648472,1099,"0",0,0
g80sh-exp-off-logi.etl,2026-09-24 04:17:47.648540,220,"GPU",,
g80sh-exp-off-logi.etl,2026-09-24 04:17:47.690680,1010,"DISPLAY\Default_Monitor\7&16b8ddb4&0&UID260",,
g80sh-exp-off-logi.etl,2026-09-24 04:17:47.758383,1099,"0",0,0
g80sh-exp-off-logi.etl,2026-09-24 04:17:50.942887,1099,"260",10,26389
g80sh-exp-off-logi.etl,2026-09-24 04:17:51.173475,1099,"0",0,0
g80sh-exp-off-logi.etl,2026-09-24 04:17:51.173534,220,"GPU",,
g80sh-exp-off-logi.etl,2026-09-24 04:17:51.202625,1099,"0",0,0
g80sh-exp-off-logi.etl,2026-09-24 04:18:20.757455,1099,"256",10,26390
g80sh-exp-off-logi.etl,2026-09-24 04:18:20.757476,1099,"257",8,26391
g80sh-exp-off-logi.etl,2026-09-24 04:18:20.757483,1099,"258",8,26392
g80sh-exp-off-logi.etl,2026-09-24 04:18:20.757490,1099,"259",8,26393
g80sh-exp-off-logi.etl,2026-09-24 04:18:20.757500,1099,"260",10,26394
g80sh-exp-off-logi.etl,2026-09-24 04:18:20.757512,1099,"261",8,26395
g80sh-exp-off-logi.etl,2026-09-24 04:18:20.757519,1099,"262",8,26396
g80sh-exp-off-logi.etl,2026-09-24 04:18:20.757525,1099,"263",8,26397
g80sh-exp-off-logi.etl,2026-09-24 04:18:20.757532,1099,"264",8,26398
g80sh-exp-off-logi.etl,2026-09-24 04:18:20.757542,1099,"265",10,26399
g80sh-exp-off-logi.etl,2026-09-24 04:18:20.757555,1099,"266",8,26400
g80sh-exp-off-logi.etl,2026-09-24 04:18:20.757559,1099,"0",0,0
g80sh-exp-off-logi.etl,2026-09-24 04:18:41.348195,1099,"256",10,26401
g80sh-exp-off-logi.etl,2026-09-24 04:18:41.348216,1099,"257",8,26402
g80sh-exp-off-logi.etl,2026-09-24 04:18:41.348224,1099,"258",8,26403
g80sh-exp-off-logi.etl,2026-09-24 04:18:41.348231,1099,"259",8,26404
g80sh-exp-off-logi.etl,2026-09-24 04:18:41.348240,1099,"260",10,26405
g80sh-exp-off-logi.etl,2026-09-24 04:18:41.348252,1099,"261",8,26406
g80sh-exp-off-logi.etl,2026-09-24 04:18:41.348259,1099,"262",8,26407
g80sh-exp-off-logi.etl,2026-09-24 04:18:41.348266,1099,"263",8,26408
g80sh-exp-off-logi.etl,2026-09-24 04:18:41.348272,1099,"264",8,26409
g80sh-exp-off-logi.etl,2026-09-24 04:18:41.348283,1099,"265",10,26410
g80sh-exp-off-logi.etl,2026-09-24 04:18:41.348295,1099,"266",8,26411
g80sh-exp-off-logi.etl,2026-09-24 04:18:41.348300,1099,"0",0,0
g80sh-exp-off-logi.etl,2026-09-24 04:18:42.743687,1099,"260",8,26412
g80sh-exp-off-logi.etl,2026-09-24 04:18:42.743829,1099,"260",10,26413
g80sh-exp-off-logi.etl,2026-09-24 04:18:42.743909,220,"GPU",,
g80sh-exp-off-logi.etl,2026-09-24 04:18:42.770230,1099,"0",0,0
g80sh-exp-off-logi.etl,2026-09-24 04:18:42.783033,1010,"DISPLAY\SAM7B0C\7&16b8ddb4&0&UID260",,
g80sh-exp-off-logi.etl,2026-09-24 04:18:42.848320,1099,"0",0,0
g80sh-exp-off-logi.etl,2026-09-24 04:18:42.960104,1099,"260",8,26414
g80sh-exp-off-logi.etl,2026-09-24 04:18:42.960186,1099,"0",0,0
g80sh-exp-off-logi.etl,2026-09-24 04:18:42.960259,220,"GPU",,
g80sh-exp-off-logi.etl,2026-09-24 04:18:43.015801,1010,"DISPLAY\Default_Monitor\7&16b8ddb4&0&UID260",,
g80sh-exp-off-logi.etl,2026-09-24 04:18:43.050263,1099,"0",0,0
g80sh-exp-off-logi.etl,2026-09-24 04:18:46.259634,1099,"260",10,26415
g80sh-exp-off-logi.etl,2026-09-24 04:18:46.490472,1099,"0",0,0
g80sh-exp-off-logi.etl,2026-09-24 04:18:46.490580,220,"GPU",,
g80sh-exp-off-logi.etl,2026-09-24 04:18:46.524961,1099,"0",0,0
g80sh-exp-off-logi.etl,2026-09-24 04:19:15.138658,1099,"256",10,26416
g80sh-exp-off-logi.etl,2026-09-24 04:19:15.138678,1099,"257",8,26417
g80sh-exp-off-logi.etl,2026-09-24 04:19:15.138684,1099,"258",8,26418
g80sh-exp-off-logi.etl,2026-09-24 04:19:15.138690,1099,"259",8,26419
g80sh-exp-off-logi.etl,2026-09-24 04:19:15.138697,1099,"260",10,26420
g80sh-exp-off-logi.etl,2026-09-24 04:19:15.138707,1099,"261",8,26421
g80sh-exp-off-logi.etl,2026-09-24 04:19:15.138713,1099,"262",8,26422
g80sh-exp-off-logi.etl,2026-09-24 04:19:15.138718,1099,"263",8,26423
g80sh-exp-off-logi.etl,2026-09-24 04:19:15.138723,1099,"264",8,26424
g80sh-exp-off-logi.etl,2026-09-24 04:19:15.138732,1099,"265",10,26425
g80sh-exp-off-logi.etl,2026-09-24 04:19:15.138741,1099,"266",8,26426
g80sh-exp-off-logi.etl,2026-09-24 04:19:15.138745,1099,"0",0,0
g80sh-exp-off-logi.etl,2026-09-24 04:19:45.990406,1099,"256",10,26427
g80sh-exp-off-logi.etl,2026-09-24 04:19:45.990425,1099,"257",8,26428
g80sh-exp-off-logi.etl,2026-09-24 04:19:45.990431,1099,"258",8,26429
g80sh-exp-off-logi.etl,2026-09-24 04:19:45.990437,1099,"259",8,26430
g80sh-exp-off-logi.etl,2026-09-24 04:19:45.990445,1099,"260",10,26431
g80sh-exp-off-logi.etl,2026-09-24 04:19:45.990455,1099,"261",8,26432
g80sh-exp-off-logi.etl,2026-09-24 04:19:45.990461,1099,"262",8,26433
g80sh-exp-off-logi.etl,2026-09-24 04:19:45.990466,1099,"263",8,26434
g80sh-exp-off-logi.etl,2026-09-24 04:19:45.990472,1099,"264",8,26435
g80sh-exp-off-logi.etl,2026-09-24 04:19:45.990480,1099,"265",10,26436
g80sh-exp-off-logi.etl,2026-09-24 04:19:45.990490,1099,"266",8,26437
g80sh-exp-off-logi.etl,2026-09-24 04:19:45.990494,1099,"0",0,0
g80sh-exp-off-logi.etl,2026-09-24 04:19:47.386438,1099,"260",8,26438
g80sh-exp-off-logi.etl,2026-09-24 04:19:47.386629,1099,"260",10,26439
g80sh-exp-off-logi.etl,2026-09-24 04:19:47.386712,220,"GPU",,
g80sh-exp-off-logi.etl,2026-09-24 04:19:47.414672,1099,"0",0,0
g80sh-exp-off-logi.etl,2026-09-24 04:19:47.431220,1010,"DISPLAY\SAM7B0C\7&16b8ddb4&0&UID260",,
g80sh-exp-off-logi.etl,2026-09-24 04:19:47.494521,1099,"0",0,0
g80sh-exp-off-logi.etl,2026-09-24 04:19:47.764600,1099,"260",8,26440
g80sh-exp-off-logi.etl,2026-09-24 04:19:47.764689,1099,"0",0,0
g80sh-exp-off-logi.etl,2026-09-24 04:19:47.764764,220,"GPU",,
g80sh-exp-off-logi.etl,2026-09-24 04:19:47.811631,1010,"DISPLAY\Default_Monitor\7&16b8ddb4&0&UID260",,
g80sh-exp-off-logi.etl,2026-09-24 04:19:47.862327,1099,"0",0,0
g80sh-exp-off-logi.etl,2026-09-24 04:19:51.076561,1099,"260",10,26441
g80sh-exp-off-logi.etl,2026-09-24 04:19:51.323135,1099,"0",0,0
g80sh-exp-off-logi.etl,2026-09-24 04:19:51.323209,220,"GPU",,
g80sh-exp-off-logi.etl,2026-09-24 04:19:51.352513,1099,"0",0,0
g80sh-exp-off-logi.etl,2026-09-24 04:20:30.134497,1099,"256",10,26442
g80sh-exp-off-logi.etl,2026-09-24 04:20:30.134512,1099,"257",8,26443
g80sh-exp-off-logi.etl,2026-09-24 04:20:30.134517,1099,"258",8,26444
g80sh-exp-off-logi.etl,2026-09-24 04:20:30.134522,1099,"259",8,26445
g80sh-exp-off-logi.etl,2026-09-24 04:20:30.134529,1099,"260",10,26446
g80sh-exp-off-logi.etl,2026-09-24 04:20:30.134536,1099,"261",8,26447
g80sh-exp-off-logi.etl,2026-09-24 04:20:30.134541,1099,"262",8,26448
g80sh-exp-off-logi.etl,2026-09-24 04:20:30.134545,1099,"263",8,26449
g80sh-exp-off-logi.etl,2026-09-24 04:20:30.134549,1099,"264",8,26450
g80sh-exp-off-logi.etl,2026-09-24 04:20:30.134557,1099,"265",10,26451
g80sh-exp-off-logi.etl,2026-09-24 04:20:30.134564,1099,"266",8,26452
g80sh-exp-off-logi.etl,2026-09-24 04:20:30.134566,1099,"0",0,0
g80sh-exp-off-logi.etl,2026-09-24 04:20:31.529280,1099,"260",8,26453
g80sh-exp-off-logi.etl,2026-09-24 04:20:31.529404,1099,"260",10,26454
g80sh-exp-off-logi.etl,2026-09-24 04:20:31.529459,220,"GPU",,
g80sh-exp-off-logi.etl,2026-09-24 04:20:31.554970,1099,"0",0,0
g80sh-exp-off-logi.etl,2026-09-24 04:20:31.566956,1010,"DISPLAY\SAM7B0C\7&16b8ddb4&0&UID260",,
g80sh-exp-off-logi.etl,2026-09-24 04:20:31.630930,1099,"0",0,0
g80sh-exp-off-logi.etl,2026-09-24 04:20:31.737680,1099,"260",8,26455
g80sh-exp-off-logi.etl,2026-09-24 04:20:31.737742,1099,"0",0,0
g80sh-exp-off-logi.etl,2026-09-24 04:20:31.737848,220,"GPU",,
g80sh-exp-off-logi.etl,2026-09-24 04:20:31.781909,1010,"DISPLAY\Default_Monitor\7&16b8ddb4&0&UID260",,
g80sh-exp-off-logi.etl,2026-09-24 04:20:31.865674,1099,"0",0,0
g80sh-exp-off-logi.etl,2026-09-24 04:20:35.070855,1099,"260",10,26456
g80sh-exp-off-logi.etl,2026-09-24 04:20:35.302332,1099,"0",0,0
g80sh-exp-off-logi.etl,2026-09-24 04:20:35.302384,220,"GPU",,
g80sh-exp-off-logi.etl,2026-09-24 04:20:35.331878,1099,"0",0,0
g80sh-exp-off-logi.etl,2026-09-24 04:21:14.875822,1099,"256",10,26457
g80sh-exp-off-logi.etl,2026-09-24 04:21:14.875837,1099,"257",8,26458
g80sh-exp-off-logi.etl,2026-09-24 04:21:14.875842,1099,"258",8,26459
g80sh-exp-off-logi.etl,2026-09-24 04:21:14.875847,1099,"259",8,26460
g80sh-exp-off-logi.etl,2026-09-24 04:21:14.875854,1099,"260",10,26461
g80sh-exp-off-logi.etl,2026-09-24 04:21:14.875861,1099,"261",8,26462
g80sh-exp-off-logi.etl,2026-09-24 04:21:14.875865,1099,"262",8,26463
g80sh-exp-off-logi.etl,2026-09-24 04:21:14.875870,1099,"263",8,26464
g80sh-exp-off-logi.etl,2026-09-24 04:21:14.875874,1099,"264",8,26465
g80sh-exp-off-logi.etl,2026-09-24 04:21:14.875882,1099,"265",10,26466
g80sh-exp-off-logi.etl,2026-09-24 04:21:14.875889,1099,"266",8,26467
g80sh-exp-off-logi.etl,2026-09-24 04:21:14.875891,1099,"0",0,0
g80sh-exp-off-logi.etl,2026-09-24 04:21:16.268475,1099,"260",8,26468
g80sh-exp-off-logi.etl,2026-09-24 04:21:16.268610,1099,"260",10,26469
g80sh-exp-off-logi.etl,2026-09-24 04:21:16.268659,220,"GPU",,
g80sh-exp-off-logi.etl,2026-09-24 04:21:16.296570,1099,"0",0,0
g80sh-exp-off-logi.etl,2026-09-24 04:21:16.308395,1010,"DISPLAY\SAM7B0C\7&16b8ddb4&0&UID260",,
g80sh-exp-off-logi.etl,2026-09-24 04:21:16.367271,1099,"0",0,0
g80sh-exp-off-logi.etl,2026-09-24 04:21:16.505264,1099,"260",8,26470
g80sh-exp-off-logi.etl,2026-09-24 04:21:16.505324,1099,"0",0,0
g80sh-exp-off-logi.etl,2026-09-24 04:21:16.505377,220,"GPU",,
g80sh-exp-off-logi.etl,2026-09-24 04:21:16.552352,1010,"DISPLAY\Default_Monitor\7&16b8ddb4&0&UID260",,
g80sh-exp-off-logi.etl,2026-09-24 04:21:16.620260,1099,"0",0,0
g80sh-exp-off-logi.etl,2026-09-24 04:21:19.850210,1099,"260",10,26471
g80sh-exp-off-logi.etl,2026-09-24 04:21:20.098872,1099,"0",0,0
g80sh-exp-off-logi.etl,2026-09-24 04:21:20.098934,220,"GPU",,
g80sh-exp-off-logi.etl,2026-09-24 04:21:20.131730,1099,"0",0,0
g80sh-exp-off-logi.etl,2026-09-24 04:21:48.646926,1099,"256",10,26472
g80sh-exp-off-logi.etl,2026-09-24 04:21:48.646942,1099,"257",8,26473
g80sh-exp-off-logi.etl,2026-09-24 04:21:48.646947,1099,"258",8,26474
g80sh-exp-off-logi.etl,2026-09-24 04:21:48.646952,1099,"259",8,26475
g80sh-exp-off-logi.etl,2026-09-24 04:21:48.646958,1099,"260",10,26476
g80sh-exp-off-logi.etl,2026-09-24 04:21:48.646965,1099,"261",8,26477
g80sh-exp-off-logi.etl,2026-09-24 04:21:48.646970,1099,"262",8,26478
g80sh-exp-off-logi.etl,2026-09-24 04:21:48.646974,1099,"263",8,26479
g80sh-exp-off-logi.etl,2026-09-24 04:21:48.646979,1099,"264",8,26480
g80sh-exp-off-logi.etl,2026-09-24 04:21:48.646987,1099,"265",10,26481
g80sh-exp-off-logi.etl,2026-09-24 04:21:48.646994,1099,"266",8,26482
g80sh-exp-off-logi.etl,2026-09-24 04:21:48.646996,1099,"0",0,0
g80sh-exp-off-logi.etl,2026-09-24 04:21:59.558694,1099,"256",10,26483
g80sh-exp-off-logi.etl,2026-09-24 04:21:59.558710,1099,"257",8,26484
g80sh-exp-off-logi.etl,2026-09-24 04:21:59.558715,1099,"258",8,26485
g80sh-exp-off-logi.etl,2026-09-24 04:21:59.558720,1099,"259",8,26486
g80sh-exp-off-logi.etl,2026-09-24 04:21:59.558727,1099,"260",10,26487
g80sh-exp-off-logi.etl,2026-09-24 04:21:59.558734,1099,"261",8,26488
g80sh-exp-off-logi.etl,2026-09-24 04:21:59.558738,1099,"262",8,26489
g80sh-exp-off-logi.etl,2026-09-24 04:21:59.558743,1099,"263",8,26490
g80sh-exp-off-logi.etl,2026-09-24 04:21:59.558747,1099,"264",8,26491
g80sh-exp-off-logi.etl,2026-09-24 04:21:59.558756,1099,"265",10,26492
g80sh-exp-off-logi.etl,2026-09-24 04:21:59.558763,1099,"266",8,26493
g80sh-exp-off-logi.etl,2026-09-24 04:21:59.558765,1099,"0",0,0
g80sh-exp-off-logi.etl,2026-09-24 04:22:00.953011,1099,"260",8,26494
g80sh-exp-off-logi.etl,2026-09-24 04:22:00.953143,1099,"260",10,26495
g80sh-exp-off-logi.etl,2026-09-24 04:22:00.953200,220,"GPU",,
g80sh-exp-off-logi.etl,2026-09-24 04:22:00.979872,1099,"0",0,0
g80sh-exp-off-logi.etl,2026-09-24 04:22:00.992189,1010,"DISPLAY\SAM7B0C\7&16b8ddb4&0&UID260",,
g80sh-exp-off-logi.etl,2026-09-24 04:22:01.056842,1099,"0",0,0
g80sh-exp-off-logi.etl,2026-09-24 04:22:01.181748,1099,"260",8,26496
g80sh-exp-off-logi.etl,2026-09-24 04:22:01.181824,1099,"0",0,0
g80sh-exp-off-logi.etl,2026-09-24 04:22:01.181896,220,"GPU",,
g80sh-exp-off-logi.etl,2026-09-24 04:22:01.207835,1010,"DISPLAY\Default_Monitor\7&16b8ddb4&0&UID260",,
g80sh-exp-off-logi.etl,2026-09-24 04:22:01.291700,1099,"0",0,0
g80sh-exp-off-logi.etl,2026-09-24 04:22:04.079117,1099,"260",10,26497
g80sh-exp-off-logi.etl,2026-09-24 04:22:04.326136,1099,"0",0,0
g80sh-exp-off-logi.etl,2026-09-24 04:22:04.326185,220,"GPU",,
g80sh-exp-off-logi.etl,2026-09-24 04:22:04.355713,1099,"0",0,0
g80sh-exp-off-logi.etl,2026-09-24 04:22:47.823264,1099,"256",10,26498
g80sh-exp-off-logi.etl,2026-09-24 04:22:47.823278,1099,"257",8,26499
g80sh-exp-off-logi.etl,2026-09-24 04:22:47.823281,1099,"258",8,26500
g80sh-exp-off-logi.etl,2026-09-24 04:22:47.823285,1099,"259",8,26501
g80sh-exp-off-logi.etl,2026-09-24 04:22:47.823290,1099,"260",10,26502
g80sh-exp-off-logi.etl,2026-09-24 04:22:47.823295,1099,"261",8,26503
g80sh-exp-off-logi.etl,2026-09-24 04:22:47.823298,1099,"262",8,26504
g80sh-exp-off-logi.etl,2026-09-24 04:22:47.823301,1099,"263",8,26505
g80sh-exp-off-logi.etl,2026-09-24 04:22:47.823304,1099,"264",8,26506
g80sh-exp-off-logi.etl,2026-09-24 04:22:47.823310,1099,"265",10,26507
g80sh-exp-off-logi.etl,2026-09-24 04:22:47.823316,1099,"266",8,26508
g80sh-exp-off-logi.etl,2026-09-24 04:22:47.823317,1099,"0",0,0
g80sh-exp-off-logi.etl,2026-09-24 04:22:49.208712,1099,"260",8,26509
g80sh-exp-off-logi.etl,2026-09-24 04:22:49.208839,1099,"260",10,26510
g80sh-exp-off-logi.etl,2026-09-24 04:22:49.208943,220,"GPU",,
g80sh-exp-off-logi.etl,2026-09-24 04:22:49.237026,1099,"0",0,0
g80sh-exp-off-logi.etl,2026-09-24 04:22:49.252317,1010,"DISPLAY\SAM7B0C\7&16b8ddb4&0&UID260",,
g80sh-exp-off-logi.etl,2026-09-24 04:22:49.311525,1099,"0",0,0
g80sh-exp-off-logi.etl,2026-09-24 04:22:49.439957,1099,"260",8,26511
g80sh-exp-off-logi.etl,2026-09-24 04:22:49.440063,1099,"0",0,0
g80sh-exp-off-logi.etl,2026-09-24 04:22:49.440114,220,"GPU",,
g80sh-exp-off-logi.etl,2026-09-24 04:22:49.495565,1010,"DISPLAY\Default_Monitor\7&16b8ddb4&0&UID260",,
g80sh-exp-off-logi.etl,2026-09-24 04:22:49.579390,1099,"0",0,0
g80sh-exp-off-logi.etl,2026-09-24 04:22:52.767181,1099,"260",10,26512
g80sh-exp-off-logi.etl,2026-09-24 04:22:53.027244,1099,"0",0,0
g80sh-exp-off-logi.etl,2026-09-24 04:22:53.027306,220,"GPU",,
g80sh-exp-off-logi.etl,2026-09-24 04:22:53.058469,1099,"0",0,0
g80sh-exp-off-logi.etl,2026-09-24 04:23:45.196271,1099,"256",10,26513
g80sh-exp-off-logi.etl,2026-09-24 04:23:45.196287,1099,"257",8,26514
g80sh-exp-off-logi.etl,2026-09-24 04:23:45.196292,1099,"258",8,26515
g80sh-exp-off-logi.etl,2026-09-24 04:23:45.196296,1099,"259",8,26516
g80sh-exp-off-logi.etl,2026-09-24 04:23:45.196303,1099,"260",10,26517
g80sh-exp-off-logi.etl,2026-09-24 04:23:45.196310,1099,"261",8,26518
g80sh-exp-off-logi.etl,2026-09-24 04:23:45.196315,1099,"262",8,26519
g80sh-exp-off-logi.etl,2026-09-24 04:23:45.196319,1099,"263",8,26520
g80sh-exp-off-logi.etl,2026-09-24 04:23:45.196324,1099,"264",8,26521
g80sh-exp-off-logi.etl,2026-09-24 04:23:45.196332,1099,"265",10,26522
g80sh-exp-off-logi.etl,2026-09-24 04:23:45.196339,1099,"266",8,26523
g80sh-exp-off-logi.etl,2026-09-24 04:23:45.196341,1099,"0",0,0
g80sh-exp-off-logi.etl,2026-09-24 04:23:46.585450,1099,"260",8,26524
g80sh-exp-off-logi.etl,2026-09-24 04:23:46.585587,1099,"260",10,26525
g80sh-exp-off-logi.etl,2026-09-24 04:23:46.585630,220,"GPU",,
g80sh-exp-off-logi.etl,2026-09-24 04:23:46.613199,1099,"0",0,0
g80sh-exp-off-logi.etl,2026-09-24 04:23:46.625270,1010,"DISPLAY\SAM7B0C\7&16b8ddb4&0&UID260",,
g80sh-exp-off-logi.etl,2026-09-24 04:23:46.685756,1099,"0",0,0
g80sh-exp-off-logi.etl,2026-09-24 04:23:46.953320,1099,"260",8,26526
g80sh-exp-off-logi.etl,2026-09-24 04:23:46.953399,1099,"0",0,0
g80sh-exp-off-logi.etl,2026-09-24 04:23:46.953471,220,"GPU",,
g80sh-exp-off-logi.etl,2026-09-24 04:23:47.002837,1010,"DISPLAY\Default_Monitor\7&16b8ddb4&0&UID260",,
g80sh-exp-off-logi.etl,2026-09-24 04:23:47.037480,1099,"0",0,0
g80sh-exp-off-logi.etl,2026-09-24 04:23:50.267724,1099,"260",10,26527
g80sh-exp-off-logi.etl,2026-09-24 04:23:50.514082,1099,"0",0,0
g80sh-exp-off-logi.etl,2026-09-24 04:23:50.514142,220,"GPU",,
g80sh-exp-off-logi.etl,2026-09-24 04:23:50.541839,1099,"0",0,0
g80sh-exp-off-logi.etl,2026-09-24 04:24:20.283771,1099,"256",10,26528
g80sh-exp-off-logi.etl,2026-09-24 04:24:20.283787,1099,"257",8,26529
g80sh-exp-off-logi.etl,2026-09-24 04:24:20.283792,1099,"258",8,26530
g80sh-exp-off-logi.etl,2026-09-24 04:24:20.283796,1099,"259",8,26531
g80sh-exp-off-logi.etl,2026-09-24 04:24:20.283803,1099,"260",10,26532
g80sh-exp-off-logi.etl,2026-09-24 04:24:20.283811,1099,"261",8,26533
g80sh-exp-off-logi.etl,2026-09-24 04:24:20.283816,1099,"262",8,26534
g80sh-exp-off-logi.etl,2026-09-24 04:24:20.283820,1099,"263",8,26535
g80sh-exp-off-logi.etl,2026-09-24 04:24:20.283825,1099,"264",8,26536
g80sh-exp-off-logi.etl,2026-09-24 04:24:20.283833,1099,"265",10,26537
g80sh-exp-off-logi.etl,2026-09-24 04:24:20.283840,1099,"266",8,26538
g80sh-exp-off-logi.etl,2026-09-24 04:24:20.283842,1099,"0",0,0
g80sh-exp-off-logi.etl,2026-09-24 04:24:41.949214,1099,"256",10,26539
g80sh-exp-off-logi.etl,2026-09-24 04:24:41.949230,1099,"257",8,26540
g80sh-exp-off-logi.etl,2026-09-24 04:24:41.949235,1099,"258",8,26541
g80sh-exp-off-logi.etl,2026-09-24 04:24:41.949240,1099,"259",8,26542
g80sh-exp-off-logi.etl,2026-09-24 04:24:41.949247,1099,"260",10,26543
g80sh-exp-off-logi.etl,2026-09-24 04:24:41.949254,1099,"261",8,26544
g80sh-exp-off-logi.etl,2026-09-24 04:24:41.949258,1099,"262",8,26545
g80sh-exp-off-logi.etl,2026-09-24 04:24:41.949263,1099,"263",8,26546
g80sh-exp-off-logi.etl,2026-09-24 04:24:41.949267,1099,"264",8,26547
g80sh-exp-off-logi.etl,2026-09-24 04:24:41.949275,1099,"265",10,26548
g80sh-exp-off-logi.etl,2026-09-24 04:24:41.949282,1099,"266",8,26549
g80sh-exp-off-logi.etl,2026-09-24 04:24:41.949284,1099,"0",0,0
g80sh-exp-off-logi.etl,2026-09-24 04:24:43.351190,1099,"260",8,26550
g80sh-exp-off-logi.etl,2026-09-24 04:24:43.351322,1099,"260",10,26551
g80sh-exp-off-logi.etl,2026-09-24 04:24:43.351383,220,"GPU",,
g80sh-exp-off-logi.etl,2026-09-24 04:24:43.378632,1099,"0",0,0
g80sh-exp-off-logi.etl,2026-09-24 04:24:43.392000,1010,"DISPLAY\SAM7B0C\7&16b8ddb4&0&UID260",,
g80sh-exp-off-logi.etl,2026-09-24 04:24:43.452839,1099,"0",0,0
g80sh-exp-off-logi.etl,2026-09-24 04:24:43.586362,1099,"260",8,26552
g80sh-exp-off-logi.etl,2026-09-24 04:24:43.586426,1099,"0",0,0
g80sh-exp-off-logi.etl,2026-09-24 04:24:43.586481,220,"GPU",,
g80sh-exp-off-logi.etl,2026-09-24 04:24:43.637063,1010,"DISPLAY\Default_Monitor\7&16b8ddb4&0&UID260",,
g80sh-exp-off-logi.etl,2026-09-24 04:24:43.704679,1099,"0",0,0
g80sh-exp-off-logi.etl,2026-09-24 04:24:46.495043,1099,"260",10,26553
g80sh-exp-off-logi.etl,2026-09-24 04:24:46.756429,1099,"0",0,0
g80sh-exp-off-logi.etl,2026-09-24 04:24:46.756497,220,"GPU",,
g80sh-exp-off-logi.etl,2026-09-24 04:24:46.784722,1099,"0",0,0
g80sh-exp-off-logi.etl,2026-09-24 04:25:15.614133,1099,"256",10,26554
g80sh-exp-off-logi.etl,2026-09-24 04:25:15.614148,1099,"257",8,26555
g80sh-exp-off-logi.etl,2026-09-24 04:25:15.614153,1099,"258",8,26556
g80sh-exp-off-logi.etl,2026-09-24 04:25:15.614157,1099,"259",8,26557
g80sh-exp-off-logi.etl,2026-09-24 04:25:15.614165,1099,"260",10,26558
g80sh-exp-off-logi.etl,2026-09-24 04:25:15.614172,1099,"261",8,26559
g80sh-exp-off-logi.etl,2026-09-24 04:25:15.614176,1099,"262",8,26560
g80sh-exp-off-logi.etl,2026-09-24 04:25:15.614181,1099,"263",8,26561
g80sh-exp-off-logi.etl,2026-09-24 04:25:15.614194,1099,"264",8,26562
g80sh-exp-off-logi.etl,2026-09-24 04:25:15.614203,1099,"265",10,26563
g80sh-exp-off-logi.etl,2026-09-24 04:25:15.614210,1099,"266",8,26564
g80sh-exp-off-logi.etl,2026-09-24 04:25:15.614212,1099,"0",0,0
g80sh-exp-off-logi.etl,2026-09-24 04:25:25.949769,1099,"256",10,26565
g80sh-exp-off-logi.etl,2026-09-24 04:25:25.949785,1099,"257",8,26566
g80sh-exp-off-logi.etl,2026-09-24 04:25:25.949789,1099,"258",8,26567
g80sh-exp-off-logi.etl,2026-09-24 04:25:25.949794,1099,"259",8,26568
g80sh-exp-off-logi.etl,2026-09-24 04:25:25.949801,1099,"260",10,26569
g80sh-exp-off-logi.etl,2026-09-24 04:25:25.949808,1099,"261",8,26570
g80sh-exp-off-logi.etl,2026-09-24 04:25:25.949813,1099,"262",8,26571
g80sh-exp-off-logi.etl,2026-09-24 04:25:25.949817,1099,"263",8,26572
g80sh-exp-off-logi.etl,2026-09-24 04:25:25.949821,1099,"264",8,26573
g80sh-exp-off-logi.etl,2026-09-24 04:25:25.949829,1099,"265",10,26574
g80sh-exp-off-logi.etl,2026-09-24 04:25:25.949836,1099,"266",8,26575
g80sh-exp-off-logi.etl,2026-09-24 04:25:25.949838,1099,"0",0,0
g80sh-exp-off-logi.etl,2026-09-24 04:25:27.326934,1099,"260",8,26576
g80sh-exp-off-logi.etl,2026-09-24 04:25:27.327072,1099,"260",10,26577
g80sh-exp-off-logi.etl,2026-09-24 04:25:27.327111,220,"GPU",,
g80sh-exp-off-logi.etl,2026-09-24 04:25:27.354702,1099,"0",0,0
g80sh-exp-off-logi.etl,2026-09-24 04:25:27.366658,1010,"DISPLAY\SAM7B0C\7&16b8ddb4&0&UID260",,
g80sh-exp-off-logi.etl,2026-09-24 04:25:27.428527,1099,"0",0,0
g80sh-exp-off-logi.etl,2026-09-24 04:25:27.561126,1099,"260",8,26578
g80sh-exp-off-logi.etl,2026-09-24 04:25:27.561195,1099,"0",0,0
g80sh-exp-off-logi.etl,2026-09-24 04:25:27.561246,220,"GPU",,
g80sh-exp-off-logi.etl,2026-09-24 04:25:27.612580,1010,"DISPLAY\Default_Monitor\7&16b8ddb4&0&UID260",,
g80sh-exp-off-logi.etl,2026-09-24 04:25:27.680990,1099,"0",0,0
g80sh-exp-off-logi.etl,2026-09-24 04:25:30.894871,1099,"260",10,26579
g80sh-exp-off-logi.etl,2026-09-24 04:25:31.143489,1099,"0",0,0
g80sh-exp-off-logi.etl,2026-09-24 04:25:31.143557,220,"GPU",,
g80sh-exp-off-logi.etl,2026-09-24 04:25:31.174252,1099,"0",0,0
g80sh-exp-off-logi.etl,2026-09-24 04:26:09.544325,1099,"256",10,26580
g80sh-exp-off-logi.etl,2026-09-24 04:26:09.544341,1099,"257",8,26581
g80sh-exp-off-logi.etl,2026-09-24 04:26:09.544346,1099,"258",8,26582
g80sh-exp-off-logi.etl,2026-09-24 04:26:09.544351,1099,"259",8,26583
g80sh-exp-off-logi.etl,2026-09-24 04:26:09.544358,1099,"260",10,26584
g80sh-exp-off-logi.etl,2026-09-24 04:26:09.544365,1099,"261",8,26585
g80sh-exp-off-logi.etl,2026-09-24 04:26:09.544370,1099,"262",8,26586
g80sh-exp-off-logi.etl,2026-09-24 04:26:09.544374,1099,"263",8,26587
g80sh-exp-off-logi.etl,2026-09-24 04:26:09.544379,1099,"264",8,26588
g80sh-exp-off-logi.etl,2026-09-24 04:26:09.544387,1099,"265",10,26589
g80sh-exp-off-logi.etl,2026-09-24 04:26:09.544394,1099,"266",8,26590
g80sh-exp-off-logi.etl,2026-09-24 04:26:09.544396,1099,"0",0,0
g80sh-exp-off-logi.etl,2026-09-24 04:26:10.945169,1099,"260",8,26591
g80sh-exp-off-logi.etl,2026-09-24 04:26:10.945306,1099,"260",10,26592
g80sh-exp-off-logi.etl,2026-09-24 04:26:10.945360,220,"GPU",,
g80sh-exp-off-logi.etl,2026-09-24 04:26:10.971127,1099,"0",0,0
g80sh-exp-off-logi.etl,2026-09-24 04:26:10.981801,1010,"DISPLAY\SAM7B0C\7&16b8ddb4&0&UID260",,
g80sh-exp-off-logi.etl,2026-09-24 04:26:11.042748,1099,"0",0,0
g80sh-exp-off-logi.etl,2026-09-24 04:26:11.174868,1099,"260",8,26593
g80sh-exp-off-logi.etl,2026-09-24 04:26:11.174924,1099,"0",0,0
g80sh-exp-off-logi.etl,2026-09-24 04:26:11.174992,220,"GPU",,
g80sh-exp-off-logi.etl,2026-09-24 04:26:11.226812,1010,"DISPLAY\Default_Monitor\7&16b8ddb4&0&UID260",,
g80sh-exp-off-logi.etl,2026-09-24 04:26:11.311298,1099,"0",0,0
g80sh-exp-off-logi.etl,2026-09-24 04:26:14.087479,1099,"260",10,26594
g80sh-exp-off-logi.etl,2026-09-24 04:26:14.340828,1099,"0",0,0
g80sh-exp-off-logi.etl,2026-09-24 04:26:14.340879,220,"GPU",,
g80sh-exp-off-logi.etl,2026-09-24 04:26:14.371778,1099,"0",0,0
g80sh-exp-off-logi.etl,2026-09-24 04:27:18.208019,1099,"256",10,26595
g80sh-exp-off-logi.etl,2026-09-24 04:27:18.208035,1099,"257",8,26596
g80sh-exp-off-logi.etl,2026-09-24 04:27:18.208041,1099,"258",8,26597
g80sh-exp-off-logi.etl,2026-09-24 04:27:18.208045,1099,"259",8,26598
g80sh-exp-off-logi.etl,2026-09-24 04:27:18.208053,1099,"260",10,26599
g80sh-exp-off-logi.etl,2026-09-24 04:27:18.208060,1099,"261",8,26600
g80sh-exp-off-logi.etl,2026-09-24 04:27:18.208064,1099,"262",8,26601
g80sh-exp-off-logi.etl,2026-09-24 04:27:18.208069,1099,"263",8,26602
g80sh-exp-off-logi.etl,2026-09-24 04:27:18.208073,1099,"264",8,26603
g80sh-exp-off-logi.etl,2026-09-24 04:27:18.208081,1099,"265",10,26604
g80sh-exp-off-logi.etl,2026-09-24 04:27:18.208088,1099,"266",8,26605
g80sh-exp-off-logi.etl,2026-09-24 04:27:18.208090,1099,"0",0,0
g80sh-exp-off-logi.etl,2026-09-24 04:27:19.599527,1099,"260",8,26606
g80sh-exp-off-logi.etl,2026-09-24 04:27:19.599661,1099,"260",10,26607
g80sh-exp-off-logi.etl,2026-09-24 04:27:19.599748,220,"GPU",,
g80sh-exp-off-logi.etl,2026-09-24 04:27:19.627689,1099,"0",0,0
g80sh-exp-off-logi.etl,2026-09-24 04:27:19.638629,1010,"DISPLAY\SAM7B0C\7&16b8ddb4&0&UID260",,
g80sh-exp-off-logi.etl,2026-09-24 04:27:19.701461,1099,"0",0,0
g80sh-exp-off-logi.etl,2026-09-24 04:27:19.843656,1099,"260",8,26608
g80sh-exp-off-logi.etl,2026-09-24 04:27:19.843728,1099,"0",0,0
g80sh-exp-off-logi.etl,2026-09-24 04:27:19.843779,220,"GPU",,
g80sh-exp-off-logi.etl,2026-09-24 04:27:19.901674,1010,"DISPLAY\Default_Monitor\7&16b8ddb4&0&UID260",,
g80sh-exp-off-logi.etl,2026-09-24 04:27:19.970404,1099,"0",0,0
g80sh-exp-off-logi.etl,2026-09-24 04:27:23.169638,1099,"260",10,26609
g80sh-exp-off-logi.etl,2026-09-24 04:27:23.416119,1099,"0",0,0
g80sh-exp-off-logi.etl,2026-09-24 04:27:23.416172,220,"GPU",,
g80sh-exp-off-logi.etl,2026-09-24 04:27:23.454559,1099,"0",0,0
g80sh-exp-off-logi.etl,2026-09-24 04:27:51.538034,1099,"256",10,26610
g80sh-exp-off-logi.etl,2026-09-24 04:27:51.538051,1099,"257",8,26611
g80sh-exp-off-logi.etl,2026-09-24 04:27:51.538055,1099,"258",8,26612
g80sh-exp-off-logi.etl,2026-09-24 04:27:51.538060,1099,"259",8,26613
g80sh-exp-off-logi.etl,2026-09-24 04:27:51.538067,1099,"260",10,26614
g80sh-exp-off-logi.etl,2026-09-24 04:27:51.538074,1099,"261",8,26615
g80sh-exp-off-logi.etl,2026-09-24 04:27:51.538079,1099,"262",8,26616
g80sh-exp-off-logi.etl,2026-09-24 04:27:51.538084,1099,"263",8,26617
g80sh-exp-off-logi.etl,2026-09-24 04:27:51.538088,1099,"264",8,26618
g80sh-exp-off-logi.etl,2026-09-24 04:27:51.538096,1099,"265",10,26619
g80sh-exp-off-logi.etl,2026-09-24 04:27:51.538103,1099,"266",8,26620
g80sh-exp-off-logi.etl,2026-09-24 04:27:51.538105,1099,"0",0,0
g80sh-exp-off-logi.etl,2026-09-24 04:28:01.909896,1099,"256",10,26621
g80sh-exp-off-logi.etl,2026-09-24 04:28:01.909913,1099,"257",8,26622
g80sh-exp-off-logi.etl,2026-09-24 04:28:01.909918,1099,"258",8,26623
g80sh-exp-off-logi.etl,2026-09-24 04:28:01.909922,1099,"259",8,26624
g80sh-exp-off-logi.etl,2026-09-24 04:28:01.909929,1099,"260",10,26625
g80sh-exp-off-logi.etl,2026-09-24 04:28:01.909936,1099,"261",8,26626
g80sh-exp-off-logi.etl,2026-09-24 04:28:01.909941,1099,"262",8,26627
g80sh-exp-off-logi.etl,2026-09-24 04:28:01.909945,1099,"263",8,26628
g80sh-exp-off-logi.etl,2026-09-24 04:28:01.909949,1099,"264",8,26629
g80sh-exp-off-logi.etl,2026-09-24 04:28:01.909957,1099,"265",10,26630
g80sh-exp-off-logi.etl,2026-09-24 04:28:01.909965,1099,"266",8,26631
g80sh-exp-off-logi.etl,2026-09-24 04:28:01.909966,1099,"0",0,0
g80sh-exp-off-logi.etl,2026-09-24 04:28:03.301193,1099,"260",8,26632
g80sh-exp-off-logi.etl,2026-09-24 04:28:03.301331,1099,"260",10,26633
g80sh-exp-off-logi.etl,2026-09-24 04:28:03.301444,220,"GPU",,
g80sh-exp-off-logi.etl,2026-09-24 04:28:03.327324,1099,"0",0,0
g80sh-exp-off-logi.etl,2026-09-24 04:28:03.338601,1010,"DISPLAY\SAM7B0C\7&16b8ddb4&0&UID260",,
g80sh-exp-off-logi.etl,2026-09-24 04:28:03.398961,1099,"0",0,0
g80sh-exp-off-logi.etl,2026-09-24 04:28:03.545845,1099,"260",8,26634
g80sh-exp-off-logi.etl,2026-09-24 04:28:03.545910,1099,"0",0,0
g80sh-exp-off-logi.etl,2026-09-24 04:28:03.545968,220,"GPU",,
g80sh-exp-off-logi.etl,2026-09-24 04:28:03.599900,1010,"DISPLAY\Default_Monitor\7&16b8ddb4&0&UID260",,
g80sh-exp-off-logi.etl,2026-09-24 04:28:03.666810,1099,"0",0,0
g80sh-exp-off-logi.etl,2026-09-24 04:28:06.875234,1099,"260",10,26635
g80sh-exp-off-logi.etl,2026-09-24 04:28:07.123357,1099,"0",0,0
g80sh-exp-off-logi.etl,2026-09-24 04:28:07.123418,220,"GPU",,
g80sh-exp-off-logi.etl,2026-09-24 04:28:07.152906,1099,"0",0,0
g80sh-exp-off-logi.etl,2026-09-24 04:28:57.106500,1099,"256",10,26636
g80sh-exp-off-logi.etl,2026-09-24 04:28:57.106516,1099,"257",8,26637
g80sh-exp-off-logi.etl,2026-09-24 04:28:57.106521,1099,"258",8,26638
g80sh-exp-off-logi.etl,2026-09-24 04:28:57.106525,1099,"259",8,26639
g80sh-exp-off-logi.etl,2026-09-24 04:28:57.106533,1099,"260",10,26640
g80sh-exp-off-logi.etl,2026-09-24 04:28:57.106540,1099,"261",8,26641
g80sh-exp-off-logi.etl,2026-09-24 04:28:57.106545,1099,"262",8,26642
g80sh-exp-off-logi.etl,2026-09-24 04:28:57.106549,1099,"263",8,26643
g80sh-exp-off-logi.etl,2026-09-24 04:28:57.106554,1099,"264",8,26644
g80sh-exp-off-logi.etl,2026-09-24 04:28:57.106562,1099,"265",10,26645
g80sh-exp-off-logi.etl,2026-09-24 04:28:57.106569,1099,"266",8,26646
g80sh-exp-off-logi.etl,2026-09-24 04:28:57.106570,1099,"0",0,0
g80sh-exp-off-logi.etl,2026-09-24 04:28:58.509564,1099,"260",8,26647
g80sh-exp-off-logi.etl,2026-09-24 04:28:58.509686,1099,"260",10,26648
g80sh-exp-off-logi.etl,2026-09-24 04:28:58.509722,220,"GPU",,
g80sh-exp-off-logi.etl,2026-09-24 04:28:58.536219,1099,"0",0,0
g80sh-exp-off-logi.etl,2026-09-24 04:28:58.548691,1010,"DISPLAY\SAM7B0C\7&16b8ddb4&0&UID260",,
g80sh-exp-off-logi.etl,2026-09-24 04:28:58.612046,1099,"0",0,0
g80sh-exp-off-logi.etl,2026-09-24 04:28:58.752424,1099,"260",8,26649
g80sh-exp-off-logi.etl,2026-09-24 04:28:58.752486,1099,"0",0,0
g80sh-exp-off-logi.etl,2026-09-24 04:28:58.752541,220,"GPU",,
g80sh-exp-off-logi.etl,2026-09-24 04:28:58.797015,1010,"DISPLAY\Default_Monitor\7&16b8ddb4&0&UID260",,
g80sh-exp-off-logi.etl,2026-09-24 04:28:58.863808,1099,"0",0,0
g80sh-exp-off-logi.etl,2026-09-24 04:29:02.060787,1099,"260",10,26650
g80sh-exp-off-logi.etl,2026-09-24 04:29:02.300814,1099,"0",0,0
g80sh-exp-off-logi.etl,2026-09-24 04:29:02.300885,220,"GPU",,
g80sh-exp-off-logi.etl,2026-09-24 04:29:02.332210,1099,"0",0,0
g80sh-exp-off-logi.etl,2026-09-24 04:29:30.754255,1099,"256",10,26651
g80sh-exp-off-logi.etl,2026-09-24 04:29:30.754270,1099,"257",8,26652
g80sh-exp-off-logi.etl,2026-09-24 04:29:30.754275,1099,"258",8,26653
g80sh-exp-off-logi.etl,2026-09-24 04:29:30.754280,1099,"259",8,26654
g80sh-exp-off-logi.etl,2026-09-24 04:29:30.754287,1099,"260",10,26655
g80sh-exp-off-logi.etl,2026-09-24 04:29:30.754294,1099,"261",8,26656
g80sh-exp-off-logi.etl,2026-09-24 04:29:30.754298,1099,"262",8,26657
g80sh-exp-off-logi.etl,2026-09-24 04:29:30.754302,1099,"263",8,26658
g80sh-exp-off-logi.etl,2026-09-24 04:29:30.754307,1099,"264",8,26659
g80sh-exp-off-logi.etl,2026-09-24 04:29:30.754315,1099,"265",10,26660
g80sh-exp-off-logi.etl,2026-09-24 04:29:30.754322,1099,"266",8,26661
g80sh-exp-off-logi.etl,2026-09-24 04:29:30.754324,1099,"0",0,0
g80sh-exp-off-logi.etl,2026-09-24 04:29:41.089601,1099,"256",10,26662
g80sh-exp-off-logi.etl,2026-09-24 04:29:41.089616,1099,"257",8,26663
g80sh-exp-off-logi.etl,2026-09-24 04:29:41.089621,1099,"258",8,26664
g80sh-exp-off-logi.etl,2026-09-24 04:29:41.089626,1099,"259",8,26665
g80sh-exp-off-logi.etl,2026-09-24 04:29:41.089635,1099,"260",10,26666
g80sh-exp-off-logi.etl,2026-09-24 04:29:41.089643,1099,"261",8,26667
g80sh-exp-off-logi.etl,2026-09-24 04:29:41.089647,1099,"262",8,26668
g80sh-exp-off-logi.etl,2026-09-24 04:29:41.089652,1099,"263",8,26669
g80sh-exp-off-logi.etl,2026-09-24 04:29:41.089657,1099,"264",8,26670
g80sh-exp-off-logi.etl,2026-09-24 04:29:41.089665,1099,"265",10,26671
g80sh-exp-off-logi.etl,2026-09-24 04:29:41.089672,1099,"266",8,26672
g80sh-exp-off-logi.etl,2026-09-24 04:29:41.089674,1099,"0",0,0
g80sh-exp-off-logi.etl,2026-09-24 04:29:42.485717,1099,"260",8,26673
g80sh-exp-off-logi.etl,2026-09-24 04:29:42.485844,1099,"260",10,26674
g80sh-exp-off-logi.etl,2026-09-24 04:29:42.485898,220,"GPU",,
g80sh-exp-off-logi.etl,2026-09-24 04:29:42.513505,1099,"0",0,0
g80sh-exp-off-logi.etl,2026-09-24 04:29:42.525675,1010,"DISPLAY\SAM7B0C\7&16b8ddb4&0&UID260",,
g80sh-exp-off-logi.etl,2026-09-24 04:29:42.587796,1099,"0",0,0
g80sh-exp-off-logi.etl,2026-09-24 04:29:42.853886,1099,"260",8,26675
g80sh-exp-off-logi.etl,2026-09-24 04:29:42.853956,1099,"0",0,0
g80sh-exp-off-logi.etl,2026-09-24 04:29:42.854024,220,"GPU",,
g80sh-exp-off-logi.etl,2026-09-24 04:29:42.903720,1010,"DISPLAY\Default_Monitor\7&16b8ddb4&0&UID260",,
g80sh-exp-off-logi.etl,2026-09-24 04:29:42.939413,1099,"0",0,0
g80sh-exp-off-logi.etl,2026-09-24 04:29:46.182800,1099,"260",10,26676
g80sh-exp-off-logi.etl,2026-09-24 04:29:46.438413,1099,"0",0,0
g80sh-exp-off-logi.etl,2026-09-24 04:29:46.438476,220,"GPU",,
g80sh-exp-off-logi.etl,2026-09-24 04:29:46.468645,1099,"0",0,0
g80sh-exp-off-logi.etl,2026-09-24 04:30:24.496325,1099,"256",10,26677
g80sh-exp-off-logi.etl,2026-09-24 04:30:24.496342,1099,"257",8,26678
g80sh-exp-off-logi.etl,2026-09-24 04:30:24.496347,1099,"258",8,26679
g80sh-exp-off-logi.etl,2026-09-24 04:30:24.496351,1099,"259",8,26680
g80sh-exp-off-logi.etl,2026-09-24 04:30:24.496358,1099,"260",10,26681
g80sh-exp-off-logi.etl,2026-09-24 04:30:24.496366,1099,"261",8,26682
g80sh-exp-off-logi.etl,2026-09-24 04:30:24.496372,1099,"262",8,26683
g80sh-exp-off-logi.etl,2026-09-24 04:30:24.496377,1099,"263",8,26684
g80sh-exp-off-logi.etl,2026-09-24 04:30:24.496381,1099,"264",8,26685
g80sh-exp-off-logi.etl,2026-09-24 04:30:24.496389,1099,"265",10,26686
g80sh-exp-off-logi.etl,2026-09-24 04:30:24.496396,1099,"266",8,26687
g80sh-exp-off-logi.etl,2026-09-24 04:30:24.496398,1099,"0",0,0
g80sh-exp-off-logi.etl,2026-09-24 04:30:25.889033,1099,"260",8,26688
g80sh-exp-off-logi.etl,2026-09-24 04:30:25.889171,1099,"260",10,26689
g80sh-exp-off-logi.etl,2026-09-24 04:30:25.889216,220,"GPU",,
g80sh-exp-off-logi.etl,2026-09-24 04:30:25.916935,1099,"0",0,0
g80sh-exp-off-logi.etl,2026-09-24 04:30:25.929090,1010,"DISPLAY\SAM7B0C\7&16b8ddb4&0&UID260",,
g80sh-exp-off-logi.etl,2026-09-24 04:30:25.990945,1099,"0",0,0
g80sh-exp-off-logi.etl,2026-09-24 04:30:26.242653,1099,"260",8,26690
g80sh-exp-off-logi.etl,2026-09-24 04:30:26.242735,1099,"0",0,0
g80sh-exp-off-logi.etl,2026-09-24 04:30:26.242815,220,"GPU",,
g80sh-exp-off-logi.etl,2026-09-24 04:30:26.292173,1010,"DISPLAY\Default_Monitor\7&16b8ddb4&0&UID260",,
g80sh-exp-off-logi.etl,2026-09-24 04:30:26.326778,1099,"0",0,0
g80sh-exp-off-logi.etl,2026-09-24 04:30:29.566197,1099,"260",10,26691
g80sh-exp-off-logi.etl,2026-09-24 04:30:29.830859,1099,"0",0,0
g80sh-exp-off-logi.etl,2026-09-24 04:30:29.830965,220,"GPU",,
g80sh-exp-off-logi.etl,2026-09-24 04:30:29.858723,1099,"0",0,0
g80sh-exp-off-logi.etl,2026-09-24 04:30:59.860992,1099,"256",10,26692
g80sh-exp-off-logi.etl,2026-09-24 04:30:59.861008,1099,"257",8,26693
g80sh-exp-off-logi.etl,2026-09-24 04:30:59.861013,1099,"258",8,26694
g80sh-exp-off-logi.etl,2026-09-24 04:30:59.861018,1099,"259",8,26695
g80sh-exp-off-logi.etl,2026-09-24 04:30:59.861025,1099,"260",10,26696
g80sh-exp-off-logi.etl,2026-09-24 04:30:59.861032,1099,"261",8,26697
g80sh-exp-off-logi.etl,2026-09-24 04:30:59.861036,1099,"262",8,26698
g80sh-exp-off-logi.etl,2026-09-24 04:30:59.861041,1099,"263",8,26699
g80sh-exp-off-logi.etl,2026-09-24 04:30:59.861045,1099,"264",8,26700
g80sh-exp-off-logi.etl,2026-09-24 04:30:59.861053,1099,"265",10,26701
g80sh-exp-off-logi.etl,2026-09-24 04:30:59.861060,1099,"266",8,26702
g80sh-exp-off-logi.etl,2026-09-24 04:30:59.861062,1099,"0",0,0
g80sh-exp-off-logi.etl,2026-09-24 04:31:10.201465,1099,"256",10,26703
g80sh-exp-off-logi.etl,2026-09-24 04:31:10.201479,1099,"257",8,26704
g80sh-exp-off-logi.etl,2026-09-24 04:31:10.201482,1099,"258",8,26705
g80sh-exp-off-logi.etl,2026-09-24 04:31:10.201486,1099,"259",8,26706
g80sh-exp-off-logi.etl,2026-09-24 04:31:10.201491,1099,"260",10,26707
g80sh-exp-off-logi.etl,2026-09-24 04:31:10.201496,1099,"261",8,26708
g80sh-exp-off-logi.etl,2026-09-24 04:31:10.201499,1099,"262",8,26709
g80sh-exp-off-logi.etl,2026-09-24 04:31:10.201502,1099,"263",8,26710
g80sh-exp-off-logi.etl,2026-09-24 04:31:10.201506,1099,"264",8,26711
g80sh-exp-off-logi.etl,2026-09-24 04:31:10.201512,1099,"265",10,26712
g80sh-exp-off-logi.etl,2026-09-24 04:31:10.201518,1099,"266",8,26713
g80sh-exp-off-logi.etl,2026-09-24 04:31:10.201519,1099,"0",0,0
g80sh-exp-off-logi.etl,2026-09-24 04:31:11.596393,1099,"260",8,26714
g80sh-exp-off-logi.etl,2026-09-24 04:31:11.596555,1099,"260",10,26715
g80sh-exp-off-logi.etl,2026-09-24 04:31:11.596595,220,"GPU",,
g80sh-exp-off-logi.etl,2026-09-24 04:31:11.622289,1099,"0",0,0
g80sh-exp-off-logi.etl,2026-09-24 04:31:11.635445,1010,"DISPLAY\SAM7B0C\7&16b8ddb4&0&UID260",,
g80sh-exp-off-logi.etl,2026-09-24 04:31:11.696509,1099,"0",0,0
g80sh-exp-off-logi.etl,2026-09-24 04:31:11.797598,1099,"260",8,26716
g80sh-exp-off-logi.etl,2026-09-24 04:31:11.797657,1099,"0",0,0
g80sh-exp-off-logi.etl,2026-09-24 04:31:11.797721,220,"GPU",,
g80sh-exp-off-logi.etl,2026-09-24 04:31:11.847516,1010,"DISPLAY\Default_Monitor\7&16b8ddb4&0&UID260",,
g80sh-exp-off-logi.etl,2026-09-24 04:31:11.948276,1099,"0",0,0
g80sh-exp-off-logi.etl,2026-09-24 04:31:15.119053,1099,"260",10,26717
g80sh-exp-off-logi.etl,2026-09-24 04:31:15.369082,1099,"0",0,0
g80sh-exp-off-logi.etl,2026-09-24 04:31:15.369126,220,"GPU",,
g80sh-exp-off-logi.etl,2026-09-24 04:31:15.400564,1099,"0",0,0
g80sh-exp-off-logi.etl,2026-09-24 04:31:54.505657,1099,"256",10,26718
g80sh-exp-off-logi.etl,2026-09-24 04:31:54.505671,1099,"257",8,26719
g80sh-exp-off-logi.etl,2026-09-24 04:31:54.505675,1099,"258",8,26720
g80sh-exp-off-logi.etl,2026-09-24 04:31:54.505678,1099,"259",8,26721
g80sh-exp-off-logi.etl,2026-09-24 04:31:54.505684,1099,"260",10,26722
g80sh-exp-off-logi.etl,2026-09-24 04:31:54.505689,1099,"261",8,26723
g80sh-exp-off-logi.etl,2026-09-24 04:31:54.505692,1099,"262",8,26724
g80sh-exp-off-logi.etl,2026-09-24 04:31:54.505695,1099,"263",8,26725
g80sh-exp-off-logi.etl,2026-09-24 04:31:54.505698,1099,"264",8,26726
g80sh-exp-off-logi.etl,2026-09-24 04:31:54.505704,1099,"265",10,26727
g80sh-exp-off-logi.etl,2026-09-24 04:31:54.505710,1099,"266",8,26728
g80sh-exp-off-logi.etl,2026-09-24 04:31:54.505711,1099,"0",0,0
g80sh-exp-off-logi.etl,2026-09-24 04:31:55.905242,1099,"260",8,26729
g80sh-exp-off-logi.etl,2026-09-24 04:31:55.905401,1099,"260",10,26730
g80sh-exp-off-logi.etl,2026-09-24 04:31:55.905505,220,"GPU",,
g80sh-exp-off-logi.etl,2026-09-24 04:31:55.931699,1099,"0",0,0
g80sh-exp-off-logi.etl,2026-09-24 04:31:55.943088,1010,"DISPLAY\SAM7B0C\7&16b8ddb4&0&UID260",,
g80sh-exp-off-logi.etl,2026-09-24 04:31:56.002011,1099,"0",0,0
g80sh-exp-off-logi.etl,2026-09-24 04:31:56.119484,1099,"260",8,26731
g80sh-exp-off-logi.etl,2026-09-24 04:31:56.119556,1099,"0",0,0
g80sh-exp-off-logi.etl,2026-09-24 04:31:56.119626,220,"GPU",,
g80sh-exp-off-logi.etl,2026-09-24 04:31:56.152695,1010,"DISPLAY\Default_Monitor\7&16b8ddb4&0&UID260",,
g80sh-exp-off-logi.etl,2026-09-24 04:31:56.236878,1099,"0",0,0
g80sh-exp-off-logi.etl,2026-09-24 04:31:59.442750,1099,"260",10,26732
g80sh-exp-off-logi.etl,2026-09-24 04:31:59.692606,1099,"0",0,0
g80sh-exp-off-logi.etl,2026-09-24 04:31:59.692666,220,"GPU",,
g80sh-exp-off-logi.etl,2026-09-24 04:31:59.721132,1099,"0",0,0
g80sh-exp-off-logi.etl,2026-09-24 04:32:28.001075,1099,"256",10,26733
g80sh-exp-off-logi.etl,2026-09-24 04:32:28.001090,1099,"257",8,26734
g80sh-exp-off-logi.etl,2026-09-24 04:32:28.001097,1099,"258",8,26735
g80sh-exp-off-logi.etl,2026-09-24 04:32:28.001102,1099,"259",8,26736
g80sh-exp-off-logi.etl,2026-09-24 04:32:28.001109,1099,"260",10,26737
g80sh-exp-off-logi.etl,2026-09-24 04:32:28.001116,1099,"261",8,26738
g80sh-exp-off-logi.etl,2026-09-24 04:32:28.001121,1099,"262",8,26739
g80sh-exp-off-logi.etl,2026-09-24 04:32:28.001125,1099,"263",8,26740
g80sh-exp-off-logi.etl,2026-09-24 04:32:28.001130,1099,"264",8,26741
g80sh-exp-off-logi.etl,2026-09-24 04:32:28.001138,1099,"265",10,26742
g80sh-exp-off-logi.etl,2026-09-24 04:32:28.001145,1099,"266",8,26743
g80sh-exp-off-logi.etl,2026-09-24 04:32:28.001147,1099,"0",0,0
g80sh-exp-off-logi.etl,2026-09-24 04:32:38.337971,1099,"256",10,26744
g80sh-exp-off-logi.etl,2026-09-24 04:32:38.337986,1099,"257",8,26745
g80sh-exp-off-logi.etl,2026-09-24 04:32:38.337991,1099,"258",8,26746
g80sh-exp-off-logi.etl,2026-09-24 04:32:38.337996,1099,"259",8,26747
g80sh-exp-off-logi.etl,2026-09-24 04:32:38.338003,1099,"260",10,26748
g80sh-exp-off-logi.etl,2026-09-24 04:32:38.338011,1099,"261",8,26749
g80sh-exp-off-logi.etl,2026-09-24 04:32:38.338015,1099,"262",8,26750
g80sh-exp-off-logi.etl,2026-09-24 04:32:38.338019,1099,"263",8,26751
g80sh-exp-off-logi.etl,2026-09-24 04:32:38.338024,1099,"264",8,26752
g80sh-exp-off-logi.etl,2026-09-24 04:32:38.338032,1099,"265",10,26753
g80sh-exp-off-logi.etl,2026-09-24 04:32:38.338039,1099,"266",8,26754
g80sh-exp-off-logi.etl,2026-09-24 04:32:38.338041,1099,"0",0,0
g80sh-exp-off-logi.etl,2026-09-24 04:32:39.729477,1099,"260",8,26755
g80sh-exp-off-logi.etl,2026-09-24 04:32:39.729590,1099,"260",10,26756
g80sh-exp-off-logi.etl,2026-09-24 04:32:39.729640,220,"GPU",,
g80sh-exp-off-logi.etl,2026-09-24 04:32:39.755997,1099,"0",0,0
g80sh-exp-off-logi.etl,2026-09-24 04:32:39.767508,1010,"DISPLAY\SAM7B0C\7&16b8ddb4&0&UID260",,
g80sh-exp-off-logi.etl,2026-09-24 04:32:39.829390,1099,"0",0,0
g80sh-exp-off-logi.etl,2026-09-24 04:32:39.945729,1099,"260",8,26757
g80sh-exp-off-logi.etl,2026-09-24 04:32:39.945794,1099,"0",0,0
g80sh-exp-off-logi.etl,2026-09-24 04:32:39.945864,220,"GPU",,
g80sh-exp-off-logi.etl,2026-09-24 04:32:39.981369,1010,"DISPLAY\Default_Monitor\7&16b8ddb4&0&UID260",,
g80sh-exp-off-logi.etl,2026-09-24 04:32:40.065307,1099,"0",0,0
g80sh-exp-off-logi.etl,2026-09-24 04:32:42.830718,1099,"260",10,26758
g80sh-exp-off-logi.etl,2026-09-24 04:32:43.080158,1099,"0",0,0
g80sh-exp-off-logi.etl,2026-09-24 04:32:43.080214,220,"GPU",,
g80sh-exp-off-logi.etl,2026-09-24 04:32:43.108365,1099,"0",0,0
g80sh-exp-off-logi.etl,2026-09-24 04:33:24.985896,1099,"256",10,26759
g80sh-exp-off-logi.etl,2026-09-24 04:33:24.985918,1099,"257",8,26760
g80sh-exp-off-logi.etl,2026-09-24 04:33:24.985924,1099,"258",8,26761
g80sh-exp-off-logi.etl,2026-09-24 04:33:24.985930,1099,"259",8,26762
g80sh-exp-off-logi.etl,2026-09-24 04:33:24.985938,1099,"260",10,26763
g80sh-exp-off-logi.etl,2026-09-24 04:33:24.985947,1099,"261",8,26764
g80sh-exp-off-logi.etl,2026-09-24 04:33:24.985953,1099,"262",8,26765
g80sh-exp-off-logi.etl,2026-09-24 04:33:24.985958,1099,"263",8,26766
g80sh-exp-off-logi.etl,2026-09-24 04:33:24.985964,1099,"264",8,26767
g80sh-exp-off-logi.etl,2026-09-24 04:33:24.985974,1099,"265",10,26768
g80sh-exp-off-logi.etl,2026-09-24 04:33:24.985983,1099,"266",8,26769
g80sh-exp-off-logi.etl,2026-09-24 04:33:24.985985,1099,"0",0,0
g80sh-exp-off-logi.etl,2026-09-24 04:33:26.389163,1099,"260",8,26770
g80sh-exp-off-logi.etl,2026-09-24 04:33:26.389332,1099,"260",10,26771
g80sh-exp-off-logi.etl,2026-09-24 04:33:26.389408,220,"GPU",,
g80sh-exp-off-logi.etl,2026-09-24 04:33:26.416286,1099,"0",0,0
g80sh-exp-off-logi.etl,2026-09-24 04:33:26.428600,1010,"DISPLAY\SAM7B0C\7&16b8ddb4&0&UID260",,
g80sh-exp-off-logi.etl,2026-09-24 04:33:26.488944,1099,"0",0,0
g80sh-exp-off-logi.etl,2026-09-24 04:33:26.642725,1099,"260",8,26772
g80sh-exp-off-logi.etl,2026-09-24 04:33:26.642798,1099,"0",0,0
g80sh-exp-off-logi.etl,2026-09-24 04:33:26.642916,220,"GPU",,
g80sh-exp-off-logi.etl,2026-09-24 04:33:26.690205,1010,"DISPLAY\Default_Monitor\7&16b8ddb4&0&UID260",,
g80sh-exp-off-logi.etl,2026-09-24 04:33:26.741605,1099,"0",0,0
g80sh-exp-off-logi.etl,2026-09-24 04:33:29.555436,1099,"260",10,26773
g80sh-exp-off-logi.etl,2026-09-24 04:33:29.785333,1099,"0",0,0
g80sh-exp-off-logi.etl,2026-09-24 04:33:29.785385,220,"GPU",,
g80sh-exp-off-logi.etl,2026-09-24 04:33:29.813099,1099,"0",0,0
g80sh-exp-off-logi.etl,2026-09-24 04:33:57.905049,1099,"256",10,26774
g80sh-exp-off-logi.etl,2026-09-24 04:33:57.905064,1099,"257",8,26775
g80sh-exp-off-logi.etl,2026-09-24 04:33:57.905067,1099,"258",8,26776
g80sh-exp-off-logi.etl,2026-09-24 04:33:57.905070,1099,"259",8,26777
g80sh-exp-off-logi.etl,2026-09-24 04:33:57.905076,1099,"260",10,26778
g80sh-exp-off-logi.etl,2026-09-24 04:33:57.905081,1099,"261",8,26779
g80sh-exp-off-logi.etl,2026-09-24 04:33:57.905085,1099,"262",8,26780
g80sh-exp-off-logi.etl,2026-09-24 04:33:57.905088,1099,"263",8,26781
g80sh-exp-off-logi.etl,2026-09-24 04:33:57.905091,1099,"264",8,26782
g80sh-exp-off-logi.etl,2026-09-24 04:33:57.905097,1099,"265",10,26783
g80sh-exp-off-logi.etl,2026-09-24 04:33:57.905102,1099,"266",8,26784
g80sh-exp-off-logi.etl,2026-09-24 04:33:57.905104,1099,"0",0,0
g80sh-exp-off-logi.etl,2026-09-24 04:34:08.247276,1099,"256",10,26785
g80sh-exp-off-logi.etl,2026-09-24 04:34:08.247292,1099,"257",8,26786
g80sh-exp-off-logi.etl,2026-09-24 04:34:08.247297,1099,"258",8,26787
g80sh-exp-off-logi.etl,2026-09-24 04:34:08.247301,1099,"259",8,26788
g80sh-exp-off-logi.etl,2026-09-24 04:34:08.247309,1099,"260",10,26789
g80sh-exp-off-logi.etl,2026-09-24 04:34:08.247316,1099,"261",8,26790
g80sh-exp-off-logi.etl,2026-09-24 04:34:08.247320,1099,"262",8,26791
g80sh-exp-off-logi.etl,2026-09-24 04:34:08.247324,1099,"263",8,26792
g80sh-exp-off-logi.etl,2026-09-24 04:34:08.247329,1099,"264",8,26793
g80sh-exp-off-logi.etl,2026-09-24 04:34:08.247337,1099,"265",10,26794
g80sh-exp-off-logi.etl,2026-09-24 04:34:08.247344,1099,"266",8,26795
g80sh-exp-off-logi.etl,2026-09-24 04:34:08.247346,1099,"0",0,0
g80sh-exp-off-logi.etl,2026-09-24 04:34:09.647679,1099,"260",8,26796
g80sh-exp-off-logi.etl,2026-09-24 04:34:09.647823,1099,"260",10,26797
g80sh-exp-off-logi.etl,2026-09-24 04:34:09.647861,220,"GPU",,
g80sh-exp-off-logi.etl,2026-09-24 04:34:09.676067,1099,"0",0,0
g80sh-exp-off-logi.etl,2026-09-24 04:34:09.688360,1010,"DISPLAY\SAM7B0C\7&16b8ddb4&0&UID260",,
g80sh-exp-off-logi.etl,2026-09-24 04:34:09.748288,1099,"0",0,0
g80sh-exp-off-logi.etl,2026-09-24 04:34:09.870331,1099,"260",8,26798
g80sh-exp-off-logi.etl,2026-09-24 04:34:09.870390,1099,"0",0,0
g80sh-exp-off-logi.etl,2026-09-24 04:34:09.870456,220,"GPU",,
g80sh-exp-off-logi.etl,2026-09-24 04:34:09.915535,1010,"DISPLAY\Default_Monitor\7&16b8ddb4&0&UID260",,
g80sh-exp-off-logi.etl,2026-09-24 04:34:10.000146,1099,"0",0,0
g80sh-exp-off-logi.etl,2026-09-24 04:34:13.197351,1099,"260",10,26799
g80sh-exp-off-logi.etl,2026-09-24 04:34:13.427269,1099,"0",0,0
g80sh-exp-off-logi.etl,2026-09-24 04:34:13.427327,220,"GPU",,
g80sh-exp-off-logi.etl,2026-09-24 04:34:13.458237,1099,"0",0,0
g80sh-exp-off-logi.etl,2026-09-24 04:34:54.566352,1099,"256",10,26800
g80sh-exp-off-logi.etl,2026-09-24 04:34:54.566377,1099,"257",8,26801
g80sh-exp-off-logi.etl,2026-09-24 04:34:54.566386,1099,"258",8,26802
g80sh-exp-off-logi.etl,2026-09-24 04:34:54.566394,1099,"259",8,26803
g80sh-exp-off-logi.etl,2026-09-24 04:34:54.566407,1099,"260",10,26804
g80sh-exp-off-logi.etl,2026-09-24 04:34:54.566419,1099,"261",8,26805
g80sh-exp-off-logi.etl,2026-09-24 04:34:54.566428,1099,"262",8,26806
g80sh-exp-off-logi.etl,2026-09-24 04:34:54.566436,1099,"263",8,26807
g80sh-exp-off-logi.etl,2026-09-24 04:34:54.566445,1099,"264",8,26808
g80sh-exp-off-logi.etl,2026-09-24 04:34:54.566459,1099,"265",10,26809
g80sh-exp-off-logi.etl,2026-09-24 04:34:54.566471,1099,"266",8,26810
g80sh-exp-off-logi.etl,2026-09-24 04:34:54.566475,1099,"0",0,0
g80sh-exp-off-logi.etl,2026-09-24 04:34:55.952609,1099,"260",8,26811
g80sh-exp-off-logi.etl,2026-09-24 04:34:55.952731,1099,"260",10,26812
g80sh-exp-off-logi.etl,2026-09-24 04:34:55.952836,220,"GPU",,
g80sh-exp-off-logi.etl,2026-09-24 04:34:55.980358,1099,"0",0,0
g80sh-exp-off-logi.etl,2026-09-24 04:34:55.994820,1010,"DISPLAY\SAM7B0C\7&16b8ddb4&0&UID260",,
g80sh-exp-off-logi.etl,2026-09-24 04:34:56.054832,1099,"0",0,0
g80sh-exp-off-logi.etl,2026-09-24 04:34:56.158440,1099,"260",8,26813
g80sh-exp-off-logi.etl,2026-09-24 04:34:56.158506,1099,"0",0,0
g80sh-exp-off-logi.etl,2026-09-24 04:34:56.158598,220,"GPU",,
g80sh-exp-off-logi.etl,2026-09-24 04:34:56.205975,1010,"DISPLAY\Default_Monitor\7&16b8ddb4&0&UID260",,
g80sh-exp-off-logi.etl,2026-09-24 04:34:56.291481,1099,"0",0,0
g80sh-exp-off-logi.etl,2026-09-24 04:34:59.478439,1099,"260",10,26814
g80sh-exp-off-logi.etl,2026-09-24 04:34:59.724968,1099,"0",0,0
g80sh-exp-off-logi.etl,2026-09-24 04:34:59.725065,220,"GPU",,
g80sh-exp-off-logi.etl,2026-09-24 04:34:59.753943,1099,"0",0,0
g80sh-exp-off-logi.etl,2026-09-24 04:35:28.109152,1099,"256",10,26815
g80sh-exp-off-logi.etl,2026-09-24 04:35:28.109166,1099,"257",8,26816
g80sh-exp-off-logi.etl,2026-09-24 04:35:28.109170,1099,"258",8,26817
g80sh-exp-off-logi.etl,2026-09-24 04:35:28.109173,1099,"259",8,26818
g80sh-exp-off-logi.etl,2026-09-24 04:35:28.109178,1099,"260",10,26819
g80sh-exp-off-logi.etl,2026-09-24 04:35:28.109183,1099,"261",8,26820
g80sh-exp-off-logi.etl,2026-09-24 04:35:28.109186,1099,"262",8,26821
g80sh-exp-off-logi.etl,2026-09-24 04:35:28.109189,1099,"263",8,26822
g80sh-exp-off-logi.etl,2026-09-24 04:35:28.109192,1099,"264",8,26823
g80sh-exp-off-logi.etl,2026-09-24 04:35:28.109198,1099,"265",10,26824
g80sh-exp-off-logi.etl,2026-09-24 04:35:28.109203,1099,"266",8,26825
g80sh-exp-off-logi.etl,2026-09-24 04:35:28.109205,1099,"0",0,0
g80sh-exp-off-logi.etl,2026-09-24 04:35:38.469324,1099,"256",10,26826
g80sh-exp-off-logi.etl,2026-09-24 04:35:38.469340,1099,"257",8,26827
g80sh-exp-off-logi.etl,2026-09-24 04:35:38.469345,1099,"258",8,26828
g80sh-exp-off-logi.etl,2026-09-24 04:35:38.469349,1099,"259",8,26829
g80sh-exp-off-logi.etl,2026-09-24 04:35:38.469357,1099,"260",10,26830
g80sh-exp-off-logi.etl,2026-09-24 04:35:38.469364,1099,"261",8,26831
g80sh-exp-off-logi.etl,2026-09-24 04:35:38.469368,1099,"262",8,26832
g80sh-exp-off-logi.etl,2026-09-24 04:35:38.469373,1099,"263",8,26833
g80sh-exp-off-logi.etl,2026-09-24 04:35:38.469377,1099,"264",8,26834
g80sh-exp-off-logi.etl,2026-09-24 04:35:38.469386,1099,"265",10,26835
g80sh-exp-off-logi.etl,2026-09-24 04:35:38.469392,1099,"266",8,26836
g80sh-exp-off-logi.etl,2026-09-24 04:35:38.469394,1099,"0",0,0
g80sh-exp-off-logi.etl,2026-09-24 04:35:39.869668,1099,"260",8,26837
g80sh-exp-off-logi.etl,2026-09-24 04:35:39.869832,1099,"260",10,26838
g80sh-exp-off-logi.etl,2026-09-24 04:35:39.869931,220,"GPU",,
g80sh-exp-off-logi.etl,2026-09-24 04:35:39.895215,1099,"0",0,0
g80sh-exp-off-logi.etl,2026-09-24 04:35:39.907260,1010,"DISPLAY\SAM7B0C\7&16b8ddb4&0&UID260",,
g80sh-exp-off-logi.etl,2026-09-24 04:35:39.967315,1099,"0",0,0
g80sh-exp-off-logi.etl,2026-09-24 04:35:40.130508,1099,"260",8,26839
g80sh-exp-off-logi.etl,2026-09-24 04:35:40.130566,1099,"0",0,0
g80sh-exp-off-logi.etl,2026-09-24 04:35:40.130674,220,"GPU",,
g80sh-exp-off-logi.etl,2026-09-24 04:35:40.185237,1010,"DISPLAY\Default_Monitor\7&16b8ddb4&0&UID260",,
g80sh-exp-off-logi.etl,2026-09-24 04:35:40.237199,1099,"0",0,0
g80sh-exp-off-logi.etl,2026-09-24 04:35:43.460553,1099,"260",10,26840
g80sh-exp-off-logi.etl,2026-09-24 04:35:43.706971,1099,"0",0,0
g80sh-exp-off-logi.etl,2026-09-24 04:35:43.707079,220,"GPU",,
g80sh-exp-off-logi.etl,2026-09-24 04:35:43.733414,1099,"0",0,0
g80sh-exp-off-logi.etl,2026-09-24 04:36:24.571324,1099,"256",10,26841
g80sh-exp-off-logi.etl,2026-09-24 04:36:24.571339,1099,"257",8,26842
g80sh-exp-off-logi.etl,2026-09-24 04:36:24.571344,1099,"258",8,26843
g80sh-exp-off-logi.etl,2026-09-24 04:36:24.571349,1099,"259",8,26844
g80sh-exp-off-logi.etl,2026-09-24 04:36:24.571356,1099,"260",10,26845
g80sh-exp-off-logi.etl,2026-09-24 04:36:24.571363,1099,"261",8,26846
g80sh-exp-off-logi.etl,2026-09-24 04:36:24.571368,1099,"262",8,26847
g80sh-exp-off-logi.etl,2026-09-24 04:36:24.571372,1099,"263",8,26848
g80sh-exp-off-logi.etl,2026-09-24 04:36:24.571377,1099,"264",8,26849
g80sh-exp-off-logi.etl,2026-09-24 04:36:24.571385,1099,"265",10,26850
g80sh-exp-off-logi.etl,2026-09-24 04:36:24.571392,1099,"266",8,26851
g80sh-exp-off-logi.etl,2026-09-24 04:36:24.571394,1099,"0",0,0
g80sh-exp-off-logi.etl,2026-09-24 04:36:25.956340,1099,"260",8,26852
g80sh-exp-off-logi.etl,2026-09-24 04:36:25.956540,1099,"260",10,26853
g80sh-exp-off-logi.etl,2026-09-24 04:36:25.956609,220,"GPU",,
g80sh-exp-off-logi.etl,2026-09-24 04:36:25.985160,1099,"0",0,0
g80sh-exp-off-logi.etl,2026-09-24 04:36:26.000345,1010,"DISPLAY\SAM7B0C\7&16b8ddb4&0&UID260",,
g80sh-exp-off-logi.etl,2026-09-24 04:36:26.057914,1099,"0",0,0
g80sh-exp-off-logi.etl,2026-09-24 04:36:26.162982,1099,"260",8,26854
g80sh-exp-off-logi.etl,2026-09-24 04:36:26.163053,1099,"0",0,0
g80sh-exp-off-logi.etl,2026-09-24 04:36:26.163118,220,"GPU",,
g80sh-exp-off-logi.etl,2026-09-24 04:36:26.208978,1010,"DISPLAY\Default_Monitor\7&16b8ddb4&0&UID260",,
g80sh-exp-off-logi.etl,2026-09-24 04:36:26.293546,1099,"0",0,0
g80sh-exp-off-logi.etl,2026-09-24 04:36:29.494570,1099,"260",10,26855
g80sh-exp-off-logi.etl,2026-09-24 04:36:29.725222,1099,"0",0,0
g80sh-exp-off-logi.etl,2026-09-24 04:36:29.725273,220,"GPU",,
g80sh-exp-off-logi.etl,2026-09-24 04:36:29.755912,1099,"0",0,0
g80sh-exp-off-logi.etl,2026-09-24 04:37:07.882012,1099,"256",10,26856
g80sh-exp-off-logi.etl,2026-09-24 04:37:07.882027,1099,"257",8,26857
g80sh-exp-off-logi.etl,2026-09-24 04:37:07.882032,1099,"258",8,26858
g80sh-exp-off-logi.etl,2026-09-24 04:37:07.882037,1099,"259",8,26859
g80sh-exp-off-logi.etl,2026-09-24 04:37:07.882044,1099,"260",10,26860
g80sh-exp-off-logi.etl,2026-09-24 04:37:07.882051,1099,"261",8,26861
g80sh-exp-off-logi.etl,2026-09-24 04:37:07.882055,1099,"262",8,26862
g80sh-exp-off-logi.etl,2026-09-24 04:37:07.882060,1099,"263",8,26863
g80sh-exp-off-logi.etl,2026-09-24 04:37:07.882064,1099,"264",8,26864
g80sh-exp-off-logi.etl,2026-09-24 04:37:07.882073,1099,"265",10,26865
g80sh-exp-off-logi.etl,2026-09-24 04:37:07.882080,1099,"266",8,26866
g80sh-exp-off-logi.etl,2026-09-24 04:37:07.882081,1099,"0",0,0
g80sh-exp-off-logi.etl,2026-09-24 04:37:09.275795,1099,"260",8,26867
g80sh-exp-off-logi.etl,2026-09-24 04:37:09.275909,1099,"260",10,26868
g80sh-exp-off-logi.etl,2026-09-24 04:37:09.275983,220,"GPU",,
g80sh-exp-off-logi.etl,2026-09-24 04:37:09.300613,1099,"0",0,0
g80sh-exp-off-logi.etl,2026-09-24 04:37:09.315193,1010,"DISPLAY\SAM7B0C\7&16b8ddb4&0&UID260",,
g80sh-exp-off-logi.etl,2026-09-24 04:37:09.373839,1099,"0",0,0
g80sh-exp-off-logi.etl,2026-09-24 04:37:09.497827,1099,"260",8,26869
g80sh-exp-off-logi.etl,2026-09-24 04:37:09.497889,1099,"0",0,0
g80sh-exp-off-logi.etl,2026-09-24 04:37:09.497942,220,"GPU",,
g80sh-exp-off-logi.etl,2026-09-24 04:37:09.558439,1010,"DISPLAY\Default_Monitor\7&16b8ddb4&0&UID260",,
g80sh-exp-off-logi.etl,2026-09-24 04:37:09.626252,1099,"0",0,0
g80sh-exp-off-logi.etl,2026-09-24 04:37:12.971580,1099,"260",10,26870
g80sh-exp-off-logi.etl,2026-09-24 04:37:13.218282,1099,"0",0,0
g80sh-exp-off-logi.etl,2026-09-24 04:37:13.218334,220,"GPU",,
g80sh-exp-off-logi.etl,2026-09-24 04:37:13.246157,1099,"0",0,0
g80sh-exp-off-logi.etl,2026-09-24 04:37:54.525288,1099,"256",10,26871
g80sh-exp-off-logi.etl,2026-09-24 04:37:54.525304,1099,"257",8,26872
g80sh-exp-off-logi.etl,2026-09-24 04:37:54.525309,1099,"258",8,26873
g80sh-exp-off-logi.etl,2026-09-24 04:37:54.525314,1099,"259",8,26874
g80sh-exp-off-logi.etl,2026-09-24 04:37:54.525321,1099,"260",10,26875
g80sh-exp-off-logi.etl,2026-09-24 04:37:54.525328,1099,"261",8,26876
g80sh-exp-off-logi.etl,2026-09-24 04:37:54.525333,1099,"262",8,26877
g80sh-exp-off-logi.etl,2026-09-24 04:37:54.525337,1099,"263",8,26878
g80sh-exp-off-logi.etl,2026-09-24 04:37:54.525341,1099,"264",8,26879
g80sh-exp-off-logi.etl,2026-09-24 04:37:54.525350,1099,"265",10,26880
g80sh-exp-off-logi.etl,2026-09-24 04:37:54.525357,1099,"266",8,26881
g80sh-exp-off-logi.etl,2026-09-24 04:37:54.525359,1099,"0",0,0
g80sh-exp-off-logi.etl,2026-09-24 04:37:55.931828,1099,"260",8,26882
g80sh-exp-off-logi.etl,2026-09-24 04:37:55.931955,1099,"260",10,26883
g80sh-exp-off-logi.etl,2026-09-24 04:37:55.932054,220,"GPU",,
g80sh-exp-off-logi.etl,2026-09-24 04:37:55.956772,1099,"0",0,0
g80sh-exp-off-logi.etl,2026-09-24 04:37:55.969066,1010,"DISPLAY\SAM7B0C\7&16b8ddb4&0&UID260",,
g80sh-exp-off-logi.etl,2026-09-24 04:37:56.026977,1099,"0",0,0
g80sh-exp-off-logi.etl,2026-09-24 04:37:56.132398,1099,"260",8,26884
g80sh-exp-off-logi.etl,2026-09-24 04:37:56.132460,1099,"0",0,0
g80sh-exp-off-logi.etl,2026-09-24 04:37:56.132511,220,"GPU",,
g80sh-exp-off-logi.etl,2026-09-24 04:37:56.177986,1010,"DISPLAY\Default_Monitor\7&16b8ddb4&0&UID260",,
g80sh-exp-off-logi.etl,2026-09-24 04:37:56.262930,1099,"0",0,0
g80sh-exp-off-logi.etl,2026-09-24 04:37:59.475210,1099,"260",10,26885
g80sh-exp-off-logi.etl,2026-09-24 04:37:59.705014,1099,"0",0,0
g80sh-exp-off-logi.etl,2026-09-24 04:37:59.705073,220,"GPU",,
g80sh-exp-off-logi.etl,2026-09-24 04:37:59.732985,1099,"0",0,0
g80sh-exp-off-logi.etl,2026-09-24 04:38:27.516923,1099,"256",10,26886
g80sh-exp-off-logi.etl,2026-09-24 04:38:27.516937,1099,"257",8,26887
g80sh-exp-off-logi.etl,2026-09-24 04:38:27.516940,1099,"258",8,26888
g80sh-exp-off-logi.etl,2026-09-24 04:38:27.516944,1099,"259",8,26889
g80sh-exp-off-logi.etl,2026-09-24 04:38:27.516949,1099,"260",10,26890
g80sh-exp-off-logi.etl,2026-09-24 04:38:27.516955,1099,"261",8,26891
g80sh-exp-off-logi.etl,2026-09-24 04:38:27.516958,1099,"262",8,26892
g80sh-exp-off-logi.etl,2026-09-24 04:38:27.516960,1099,"263",8,26893
g80sh-exp-off-logi.etl,2026-09-24 04:38:27.516964,1099,"264",8,26894
g80sh-exp-off-logi.etl,2026-09-24 04:38:27.516970,1099,"265",10,26895
g80sh-exp-off-logi.etl,2026-09-24 04:38:27.516975,1099,"266",8,26896
g80sh-exp-off-logi.etl,2026-09-24 04:38:27.516977,1099,"0",0,0
g80sh-exp-off-logi.etl,2026-09-24 04:38:37.874072,1099,"256",10,26897
g80sh-exp-off-logi.etl,2026-09-24 04:38:37.874088,1099,"257",8,26898
g80sh-exp-off-logi.etl,2026-09-24 04:38:37.874092,1099,"258",8,26899
g80sh-exp-off-logi.etl,2026-09-24 04:38:37.874097,1099,"259",8,26900
g80sh-exp-off-logi.etl,2026-09-24 04:38:37.874104,1099,"260",10,26901
g80sh-exp-off-logi.etl,2026-09-24 04:38:37.874111,1099,"261",8,26902
g80sh-exp-off-logi.etl,2026-09-24 04:38:37.874115,1099,"262",8,26903
g80sh-exp-off-logi.etl,2026-09-24 04:38:37.874119,1099,"263",8,26904
g80sh-exp-off-logi.etl,2026-09-24 04:38:37.874124,1099,"264",8,26905
g80sh-exp-off-logi.etl,2026-09-24 04:38:37.874132,1099,"265",10,26906
g80sh-exp-off-logi.etl,2026-09-24 04:38:37.874139,1099,"266",8,26907
g80sh-exp-off-logi.etl,2026-09-24 04:38:37.874141,1099,"0",0,0
g80sh-exp-off-logi.etl,2026-09-24 04:38:39.270263,1099,"260",8,26908
g80sh-exp-off-logi.etl,2026-09-24 04:38:39.270386,1099,"260",10,26909
g80sh-exp-off-logi.etl,2026-09-24 04:38:39.270477,220,"GPU",,
g80sh-exp-off-logi.etl,2026-09-24 04:38:39.296631,1099,"0",0,0
g80sh-exp-off-logi.etl,2026-09-24 04:38:39.310187,1010,"DISPLAY\SAM7B0C\7&16b8ddb4&0&UID260",,
g80sh-exp-off-logi.etl,2026-09-24 04:38:39.369373,1099,"0",0,0
g80sh-exp-off-logi.etl,2026-09-24 04:38:39.493812,1099,"260",8,26910
g80sh-exp-off-logi.etl,2026-09-24 04:38:39.493876,1099,"0",0,0
g80sh-exp-off-logi.etl,2026-09-24 04:38:39.493930,220,"GPU",,
g80sh-exp-off-logi.etl,2026-09-24 04:38:39.536476,1010,"DISPLAY\Default_Monitor\7&16b8ddb4&0&UID260",,
g80sh-exp-off-logi.etl,2026-09-24 04:38:39.605204,1099,"0",0,0
g80sh-exp-off-logi.etl,2026-09-24 04:38:42.825620,1099,"260",10,26911
g80sh-exp-off-logi.etl,2026-09-24 04:38:43.072652,1099,"0",0,0
g80sh-exp-off-logi.etl,2026-09-24 04:38:43.072734,220,"GPU",,
g80sh-exp-off-logi.etl,2026-09-24 04:38:43.102462,1099,"0",0,0
g80sh-exp-off-logi.etl,2026-09-24 04:39:24.459338,1099,"256",10,26912
g80sh-exp-off-logi.etl,2026-09-24 04:39:24.459354,1099,"257",8,26913
g80sh-exp-off-logi.etl,2026-09-24 04:39:24.459359,1099,"258",8,26914
g80sh-exp-off-logi.etl,2026-09-24 04:39:24.459364,1099,"259",8,26915
g80sh-exp-off-logi.etl,2026-09-24 04:39:24.459371,1099,"260",10,26916
g80sh-exp-off-logi.etl,2026-09-24 04:39:24.459378,1099,"261",8,26917
g80sh-exp-off-logi.etl,2026-09-24 04:39:24.459382,1099,"262",8,26918
g80sh-exp-off-logi.etl,2026-09-24 04:39:24.459386,1099,"263",8,26919
g80sh-exp-off-logi.etl,2026-09-24 04:39:24.459391,1099,"264",8,26920
g80sh-exp-off-logi.etl,2026-09-24 04:39:24.459399,1099,"265",10,26921
g80sh-exp-off-logi.etl,2026-09-24 04:39:24.459406,1099,"266",8,26922
g80sh-exp-off-logi.etl,2026-09-24 04:39:24.459408,1099,"0",0,0
g80sh-exp-off-logi.etl,2026-09-24 04:39:25.865293,1099,"260",8,26923
g80sh-exp-off-logi.etl,2026-09-24 04:39:25.865405,1099,"260",10,26924
g80sh-exp-off-logi.etl,2026-09-24 04:39:25.865463,220,"GPU",,
g80sh-exp-off-logi.etl,2026-09-24 04:39:25.891045,1099,"0",0,0
g80sh-exp-off-logi.etl,2026-09-24 04:39:25.902853,1010,"DISPLAY\SAM7B0C\7&16b8ddb4&0&UID260",,
g80sh-exp-off-logi.etl,2026-09-24 04:39:25.962036,1099,"0",0,0
g80sh-exp-off-logi.etl,2026-09-24 04:39:26.115249,1099,"260",8,26925
g80sh-exp-off-logi.etl,2026-09-24 04:39:26.115324,1099,"0",0,0
g80sh-exp-off-logi.etl,2026-09-24 04:39:26.115381,220,"GPU",,
g80sh-exp-off-logi.etl,2026-09-24 04:39:26.163013,1010,"DISPLAY\Default_Monitor\7&16b8ddb4&0&UID260",,
g80sh-exp-off-logi.etl,2026-09-24 04:39:26.213832,1099,"0",0,0
g80sh-exp-off-logi.etl,2026-09-24 04:39:29.433541,1099,"260",10,26926
g80sh-exp-off-logi.etl,2026-09-24 04:39:29.681669,1099,"0",0,0
g80sh-exp-off-logi.etl,2026-09-24 04:39:29.681743,220,"GPU",,
g80sh-exp-off-logi.etl,2026-09-24 04:39:29.710977,1099,"0",0,0
g80sh-exp-off-logi.etl,2026-09-24 04:39:56.568939,1099,"256",10,26927
g80sh-exp-off-logi.etl,2026-09-24 04:39:56.568954,1099,"257",8,26928
g80sh-exp-off-logi.etl,2026-09-24 04:39:56.568958,1099,"258",8,26929
g80sh-exp-off-logi.etl,2026-09-24 04:39:56.568963,1099,"259",8,26930
g80sh-exp-off-logi.etl,2026-09-24 04:39:56.568970,1099,"260",10,26931
g80sh-exp-off-logi.etl,2026-09-24 04:39:56.568977,1099,"261",8,26932
g80sh-exp-off-logi.etl,2026-09-24 04:39:56.568982,1099,"262",8,26933
g80sh-exp-off-logi.etl,2026-09-24 04:39:56.568986,1099,"263",8,26934
g80sh-exp-off-logi.etl,2026-09-24 04:39:56.568990,1099,"264",8,26935
g80sh-exp-off-logi.etl,2026-09-24 04:39:56.568998,1099,"265",10,26936
g80sh-exp-off-logi.etl,2026-09-24 04:39:56.569005,1099,"266",8,26937
g80sh-exp-off-logi.etl,2026-09-24 04:39:56.569007,1099,"0",0,0
g80sh-exp-off-logi.etl,2026-09-24 04:40:06.916837,1099,"256",10,26938
g80sh-exp-off-logi.etl,2026-09-24 04:40:06.916853,1099,"257",8,26939
g80sh-exp-off-logi.etl,2026-09-24 04:40:06.916857,1099,"258",8,26940
g80sh-exp-off-logi.etl,2026-09-24 04:40:06.916862,1099,"259",8,26941
g80sh-exp-off-logi.etl,2026-09-24 04:40:06.916869,1099,"260",10,26942
g80sh-exp-off-logi.etl,2026-09-24 04:40:06.916876,1099,"261",8,26943
g80sh-exp-off-logi.etl,2026-09-24 04:40:06.916881,1099,"262",8,26944
g80sh-exp-off-logi.etl,2026-09-24 04:40:06.916885,1099,"263",8,26945
g80sh-exp-off-logi.etl,2026-09-24 04:40:06.916889,1099,"264",8,26946
g80sh-exp-off-logi.etl,2026-09-24 04:40:06.916897,1099,"265",10,26947
g80sh-exp-off-logi.etl,2026-09-24 04:40:06.916904,1099,"266",8,26948
g80sh-exp-off-logi.etl,2026-09-24 04:40:06.916906,1099,"0",0,0
g80sh-exp-off-logi.etl,2026-09-24 04:40:08.316518,1099,"260",8,26949
g80sh-exp-off-logi.etl,2026-09-24 04:40:08.316641,1099,"260",10,26950
g80sh-exp-off-logi.etl,2026-09-24 04:40:08.316716,220,"GPU",,
g80sh-exp-off-logi.etl,2026-09-24 04:40:08.344661,1099,"0",0,0
g80sh-exp-off-logi.etl,2026-09-24 04:40:08.355556,1010,"DISPLAY\SAM7B0C\7&16b8ddb4&0&UID260",,
g80sh-exp-off-logi.etl,2026-09-24 04:40:08.414572,1099,"0",0,0
g80sh-exp-off-logi.etl,2026-09-24 04:40:08.571645,1099,"260",8,26951
g80sh-exp-off-logi.etl,2026-09-24 04:40:08.571717,1099,"0",0,0
g80sh-exp-off-logi.etl,2026-09-24 04:40:08.571777,220,"GPU",,
g80sh-exp-off-logi.etl,2026-09-24 04:40:08.615649,1010,"DISPLAY\Default_Monitor\7&16b8ddb4&0&UID260",,
g80sh-exp-off-logi.etl,2026-09-24 04:40:08.666914,1099,"0",0,0
g80sh-exp-off-logi.etl,2026-09-24 04:40:11.906138,1099,"260",10,26952
g80sh-exp-off-logi.etl,2026-09-24 04:40:12.151763,1099,"0",0,0
g80sh-exp-off-logi.etl,2026-09-24 04:40:12.151814,220,"GPU",,
g80sh-exp-off-logi.etl,2026-09-24 04:40:12.202858,1099,"0",0,0
g80sh-exp-off-logi.etl,2026-09-24 04:41:05.593208,1099,"256",10,26953
g80sh-exp-off-logi.etl,2026-09-24 04:41:05.593221,1099,"257",8,26954
g80sh-exp-off-logi.etl,2026-09-24 04:41:05.593224,1099,"258",8,26955
g80sh-exp-off-logi.etl,2026-09-24 04:41:05.593228,1099,"259",8,26956
g80sh-exp-off-logi.etl,2026-09-24 04:41:05.593233,1099,"260",10,26957
g80sh-exp-off-logi.etl,2026-09-24 04:41:05.593238,1099,"261",8,26958
g80sh-exp-off-logi.etl,2026-09-24 04:41:05.593241,1099,"262",8,26959
g80sh-exp-off-logi.etl,2026-09-24 04:41:05.593244,1099,"263",8,26960
g80sh-exp-off-logi.etl,2026-09-24 04:41:05.593248,1099,"264",8,26961
g80sh-exp-off-logi.etl,2026-09-24 04:41:05.593254,1099,"265",10,26962
g80sh-exp-off-logi.etl,2026-09-24 04:41:05.593259,1099,"266",8,26963
g80sh-exp-off-logi.etl,2026-09-24 04:41:05.593260,1099,"0",0,0
g80sh-exp-off-logi.etl,2026-09-24 04:41:06.999994,1099,"260",8,26964
g80sh-exp-off-logi.etl,2026-09-24 04:41:07.000109,1099,"260",10,26965
g80sh-exp-off-logi.etl,2026-09-24 04:41:07.000172,220,"GPU",,
g80sh-exp-off-logi.etl,2026-09-24 04:41:07.024710,1099,"0",0,0
g80sh-exp-off-logi.etl,2026-09-24 04:41:07.038455,1010,"DISPLAY\SAM7B0C\7&16b8ddb4&0&UID260",,
g80sh-exp-off-logi.etl,2026-09-24 04:41:07.097624,1099,"0",0,0
g80sh-exp-off-logi.etl,2026-09-24 04:41:07.216276,1099,"260",8,26966
g80sh-exp-off-logi.etl,2026-09-24 04:41:07.216337,1099,"0",0,0
g80sh-exp-off-logi.etl,2026-09-24 04:41:07.216392,220,"GPU",,
g80sh-exp-off-logi.etl,2026-09-24 04:41:07.265419,1010,"DISPLAY\Default_Monitor\7&16b8ddb4&0&UID260",,
g80sh-exp-off-logi.etl,2026-09-24 04:41:07.333803,1099,"0",0,0
g80sh-exp-off-logi.etl,2026-09-24 04:41:10.532277,1099,"260",10,26967
g80sh-exp-off-logi.etl,2026-09-24 04:41:10.778648,1099,"0",0,0
g80sh-exp-off-logi.etl,2026-09-24 04:41:10.778752,220,"GPU",,
g80sh-exp-off-logi.etl,2026-09-24 04:41:10.806621,1099,"0",0,0
g80sh-exp-off-logi.etl,2026-09-24 04:41:49.059711,1099,"256",10,26968
g80sh-exp-off-logi.etl,2026-09-24 04:41:49.059728,1099,"257",8,26969
g80sh-exp-off-logi.etl,2026-09-24 04:41:49.059733,1099,"258",8,26970
g80sh-exp-off-logi.etl,2026-09-24 04:41:49.059738,1099,"259",8,26971
g80sh-exp-off-logi.etl,2026-09-24 04:41:49.059745,1099,"260",10,26972
g80sh-exp-off-logi.etl,2026-09-24 04:41:49.059752,1099,"261",8,26973
g80sh-exp-off-logi.etl,2026-09-24 04:41:49.059757,1099,"262",8,26974
g80sh-exp-off-logi.etl,2026-09-24 04:41:49.059761,1099,"263",8,26975
g80sh-exp-off-logi.etl,2026-09-24 04:41:49.059766,1099,"264",8,26976
g80sh-exp-off-logi.etl,2026-09-24 04:41:49.059774,1099,"265",10,26977
g80sh-exp-off-logi.etl,2026-09-24 04:41:49.059782,1099,"266",8,26978
g80sh-exp-off-logi.etl,2026-09-24 04:41:49.059783,1099,"0",0,0
g80sh-exp-off-logi.etl,2026-09-24 04:41:50.455697,1099,"260",8,26979
g80sh-exp-off-logi.etl,2026-09-24 04:41:50.455812,1099,"260",10,26980
g80sh-exp-off-logi.etl,2026-09-24 04:41:50.455887,220,"GPU",,
g80sh-exp-off-logi.etl,2026-09-24 04:41:50.480552,1099,"0",0,0
g80sh-exp-off-logi.etl,2026-09-24 04:41:50.496172,1010,"DISPLAY\SAM7B0C\7&16b8ddb4&0&UID260",,
g80sh-exp-off-logi.etl,2026-09-24 04:41:50.556166,1099,"0",0,0
g80sh-exp-off-logi.etl,2026-09-24 04:41:50.687453,1099,"260",8,26981
g80sh-exp-off-logi.etl,2026-09-24 04:41:50.687518,1099,"0",0,0
g80sh-exp-off-logi.etl,2026-09-24 04:41:50.687569,220,"GPU",,
g80sh-exp-off-logi.etl,2026-09-24 04:41:50.740087,1010,"DISPLAY\Default_Monitor\7&16b8ddb4&0&UID260",,
g80sh-exp-off-logi.etl,2026-09-24 04:41:50.824652,1099,"0",0,0
g80sh-exp-off-logi.etl,2026-09-24 04:41:54.010512,1099,"260",10,26982
g80sh-exp-off-logi.etl,2026-09-24 04:41:54.247971,1099,"0",0,0
g80sh-exp-off-logi.etl,2026-09-24 04:41:54.248032,220,"GPU",,
g80sh-exp-off-logi.etl,2026-09-24 04:41:54.283123,1099,"0",0,0
g80sh-exp-off-logi.etl,2026-09-24 04:42:23.039585,1099,"256",10,26983
g80sh-exp-off-logi.etl,2026-09-24 04:42:23.039602,1099,"257",8,26984
g80sh-exp-off-logi.etl,2026-09-24 04:42:23.039607,1099,"258",8,26985
g80sh-exp-off-logi.etl,2026-09-24 04:42:23.039611,1099,"259",8,26986
g80sh-exp-off-logi.etl,2026-09-24 04:42:23.039619,1099,"260",10,26987
g80sh-exp-off-logi.etl,2026-09-24 04:42:23.039626,1099,"261",8,26988
g80sh-exp-off-logi.etl,2026-09-24 04:42:23.039630,1099,"262",8,26989
g80sh-exp-off-logi.etl,2026-09-24 04:42:23.039635,1099,"263",8,26990
g80sh-exp-off-logi.etl,2026-09-24 04:42:23.039639,1099,"264",8,26991
g80sh-exp-off-logi.etl,2026-09-24 04:42:23.039647,1099,"265",10,26992
g80sh-exp-off-logi.etl,2026-09-24 04:42:23.039654,1099,"266",8,26993
g80sh-exp-off-logi.etl,2026-09-24 04:42:23.039656,1099,"0",0,0
g80sh-exp-off-logi.etl,2026-09-24 04:42:33.411915,1099,"256",10,26994
g80sh-exp-off-logi.etl,2026-09-24 04:42:33.411929,1099,"257",8,26995
g80sh-exp-off-logi.etl,2026-09-24 04:42:33.411932,1099,"258",8,26996
g80sh-exp-off-logi.etl,2026-09-24 04:42:33.411936,1099,"259",8,26997
g80sh-exp-off-logi.etl,2026-09-24 04:42:33.411941,1099,"260",10,26998
g80sh-exp-off-logi.etl,2026-09-24 04:42:33.411946,1099,"261",8,26999
g80sh-exp-off-logi.etl,2026-09-24 04:42:33.411949,1099,"262",8,27000
g80sh-exp-off-logi.etl,2026-09-24 04:42:33.411952,1099,"263",8,27001
g80sh-exp-off-logi.etl,2026-09-24 04:42:33.411956,1099,"264",8,27002
g80sh-exp-off-logi.etl,2026-09-24 04:42:33.411962,1099,"265",10,27003
g80sh-exp-off-logi.etl,2026-09-24 04:42:33.411967,1099,"266",8,27004
g80sh-exp-off-logi.etl,2026-09-24 04:42:33.411968,1099,"0",0,0
g80sh-exp-off-logi.etl,2026-09-24 04:42:34.821009,1099,"260",8,27005
g80sh-exp-off-logi.etl,2026-09-24 04:42:34.821197,1099,"260",10,27006
g80sh-exp-off-logi.etl,2026-09-24 04:42:34.821259,220,"GPU",,
g80sh-exp-off-logi.etl,2026-09-24 04:42:34.849499,1099,"0",0,0
g80sh-exp-off-logi.etl,2026-09-24 04:42:34.860710,1010,"DISPLAY\SAM7B0C\7&16b8ddb4&0&UID260",,
g80sh-exp-off-logi.etl,2026-09-24 04:42:34.921799,1099,"0",0,0
g80sh-exp-off-logi.etl,2026-09-24 04:42:35.042800,1099,"260",8,27007
g80sh-exp-off-logi.etl,2026-09-24 04:42:35.042864,1099,"0",0,0
g80sh-exp-off-logi.etl,2026-09-24 04:42:35.042926,220,"GPU",,
g80sh-exp-off-logi.etl,2026-09-24 04:42:35.087752,1010,"DISPLAY\Default_Monitor\7&16b8ddb4&0&UID260",,
g80sh-exp-off-logi.etl,2026-09-24 04:42:35.190183,1099,"0",0,0
g80sh-exp-off-logi.etl,2026-09-24 04:42:38.368438,1099,"260",10,27008
g80sh-exp-off-logi.etl,2026-09-24 04:42:38.599697,1099,"0",0,0
g80sh-exp-off-logi.etl,2026-09-24 04:42:38.599800,220,"GPU",,
g80sh-exp-off-logi.etl,2026-09-24 04:42:38.632502,1099,"0",0,0
g80sh-exp-off-logi.etl,2026-09-24 04:43:07.009486,1099,"256",10,27009
g80sh-exp-off-logi.etl,2026-09-24 04:43:07.009502,1099,"257",8,27010
g80sh-exp-off-logi.etl,2026-09-24 04:43:07.009507,1099,"258",8,27011
g80sh-exp-off-logi.etl,2026-09-24 04:43:07.009512,1099,"259",8,27012
g80sh-exp-off-logi.etl,2026-09-24 04:43:07.009519,1099,"260",10,27013
g80sh-exp-off-logi.etl,2026-09-24 04:43:07.009526,1099,"261",8,27014
g80sh-exp-off-logi.etl,2026-09-24 04:43:07.009530,1099,"262",8,27015
g80sh-exp-off-logi.etl,2026-09-24 04:43:07.009535,1099,"263",8,27016
g80sh-exp-off-logi.etl,2026-09-24 04:43:07.009539,1099,"264",8,27017
g80sh-exp-off-logi.etl,2026-09-24 04:43:07.009547,1099,"265",10,27018
g80sh-exp-off-logi.etl,2026-09-24 04:43:07.009554,1099,"266",8,27019
g80sh-exp-off-logi.etl,2026-09-24 04:43:07.009556,1099,"0",0,0
g80sh-exp-off-logi.etl,2026-09-24 04:43:18.781450,1099,"256",10,27020
g80sh-exp-off-logi.etl,2026-09-24 04:43:18.781466,1099,"257",8,27021
g80sh-exp-off-logi.etl,2026-09-24 04:43:18.781471,1099,"258",8,27022
g80sh-exp-off-logi.etl,2026-09-24 04:43:18.781476,1099,"259",8,27023
g80sh-exp-off-logi.etl,2026-09-24 04:43:18.781483,1099,"260",10,27024
g80sh-exp-off-logi.etl,2026-09-24 04:43:18.781490,1099,"261",8,27025
g80sh-exp-off-logi.etl,2026-09-24 04:43:18.781495,1099,"262",8,27026
g80sh-exp-off-logi.etl,2026-09-24 04:43:18.781500,1099,"263",8,27027
g80sh-exp-off-logi.etl,2026-09-24 04:43:18.781504,1099,"264",8,27028
g80sh-exp-off-logi.etl,2026-09-24 04:43:18.781512,1099,"265",10,27029
g80sh-exp-off-logi.etl,2026-09-24 04:43:18.781519,1099,"266",8,27030
g80sh-exp-off-logi.etl,2026-09-24 04:43:18.781521,1099,"0",0,0
g80sh-exp-off-logi.etl,2026-09-24 04:43:20.196619,1099,"260",8,27031
g80sh-exp-off-logi.etl,2026-09-24 04:43:20.196783,1099,"260",10,27032
g80sh-exp-off-logi.etl,2026-09-24 04:43:20.196849,220,"GPU",,
g80sh-exp-off-logi.etl,2026-09-24 04:43:20.223652,1099,"0",0,0
g80sh-exp-off-logi.etl,2026-09-24 04:43:20.234675,1010,"DISPLAY\SAM7B0C\7&16b8ddb4&0&UID260",,
g80sh-exp-off-logi.etl,2026-09-24 04:43:20.294998,1099,"0",0,0
g80sh-exp-off-logi.etl,2026-09-24 04:43:20.432086,1099,"260",8,27033
g80sh-exp-off-logi.etl,2026-09-24 04:43:20.432147,1099,"0",0,0
g80sh-exp-off-logi.etl,2026-09-24 04:43:20.432200,220,"GPU",,
g80sh-exp-off-logi.etl,2026-09-24 04:43:20.479183,1010,"DISPLAY\Default_Monitor\7&16b8ddb4&0&UID260",,
g80sh-exp-off-logi.etl,2026-09-24 04:43:20.547071,1099,"0",0,0
g80sh-exp-off-logi.etl,2026-09-24 04:43:23.758062,1099,"260",10,27034
g80sh-exp-off-logi.etl,2026-09-24 04:43:23.988375,1099,"0",0,0
g80sh-exp-off-logi.etl,2026-09-24 04:43:23.988430,220,"GPU",,
g80sh-exp-off-logi.etl,2026-09-24 04:43:24.014113,1099,"0",0,0
g80sh-exp-off-logi.etl,2026-09-24 04:43:51.998740,1099,"256",10,27035
g80sh-exp-off-logi.etl,2026-09-24 04:43:51.998756,1099,"257",8,27036
g80sh-exp-off-logi.etl,2026-09-24 04:43:51.998761,1099,"258",8,27037
g80sh-exp-off-logi.etl,2026-09-24 04:43:51.998765,1099,"259",8,27038
g80sh-exp-off-logi.etl,2026-09-24 04:43:51.998773,1099,"260",10,27039
g80sh-exp-off-logi.etl,2026-09-24 04:43:51.998780,1099,"261",8,27040
g80sh-exp-off-logi.etl,2026-09-24 04:43:51.998784,1099,"262",8,27041
g80sh-exp-off-logi.etl,2026-09-24 04:43:51.998789,1099,"263",8,27042
g80sh-exp-off-logi.etl,2026-09-24 04:43:51.998793,1099,"264",8,27043
g80sh-exp-off-logi.etl,2026-09-24 04:43:51.998801,1099,"265",10,27044
g80sh-exp-off-logi.etl,2026-09-24 04:43:51.998808,1099,"266",8,27045
g80sh-exp-off-logi.etl,2026-09-24 04:43:51.998810,1099,"0",0,0
g80sh-exp-off-logi.etl,2026-09-24 04:44:02.318078,1099,"256",10,27046
g80sh-exp-off-logi.etl,2026-09-24 04:44:02.318094,1099,"257",8,27047
g80sh-exp-off-logi.etl,2026-09-24 04:44:02.318099,1099,"258",8,27048
g80sh-exp-off-logi.etl,2026-09-24 04:44:02.318104,1099,"259",8,27049
g80sh-exp-off-logi.etl,2026-09-24 04:44:02.318111,1099,"260",10,27050
g80sh-exp-off-logi.etl,2026-09-24 04:44:02.318118,1099,"261",8,27051
g80sh-exp-off-logi.etl,2026-09-24 04:44:02.318122,1099,"262",8,27052
g80sh-exp-off-logi.etl,2026-09-24 04:44:02.318126,1099,"263",8,27053
g80sh-exp-off-logi.etl,2026-09-24 04:44:02.318131,1099,"264",8,27054
g80sh-exp-off-logi.etl,2026-09-24 04:44:02.318139,1099,"265",10,27055
g80sh-exp-off-logi.etl,2026-09-24 04:44:02.318146,1099,"266",8,27056
g80sh-exp-off-logi.etl,2026-09-24 04:44:02.318148,1099,"0",0,0
